date,DLinear,LSTM,y_true_dl,y_gapfilled,persistence,tower,anchor_year
2018-12-17,54.59087135020377,30.51888406029815,18.70909,20.960429166666668,54.91721666666666,2,2018
2018-12-18,45.03955020189335,52.18364803396889,35.14989,32.9244375,54.91721666666666,2,2018
2018-12-19,36.880732961860076,23.49176057570139,20.564512,21.9152625,54.91721666666666,2,2018
2018-12-20,27.77468339910837,-6.726543917329764,21.31586,59.83865,54.91721666666666,2,2018
2018-12-21,45.4104852158157,-25.53347964518889,8.646293,10.355054166666667,54.91721666666666,2,2018
2018-12-22,35.23929662774441,-2.332638875205703,4.6456227,5.962599999999999,54.91721666666666,2,2018
2018-12-23,14.47129805987879,-8.618979369397039,,81.17115416666667,54.91721666666666,2,2018
2018-12-24,52.10032582592248,55.78422965870777,,11.309029166666669,54.91721666666666,2,2018
2018-12-25,53.47273381666287,56.90802268456309,23.430925,21.3093375,54.91721666666666,2,2018
2018-12-26,55.89127152650326,73.82530468532696,20.941294,14.657541666666669,54.91721666666666,2,2018
2018-12-27,55.47043335518629,62.98666786546437,26.192026,21.390625,54.91721666666666,2,2018
2018-12-28,84.58899856182597,45.76392621365335,29.944662,30.324125,54.91721666666666,2,2018
2018-12-29,52.457509880156294,-3.49265568727742,1.0451481,3.606079166666667,54.91721666666666,2,2018
2018-12-30,22.07109511105932,1.506584753136849,,6.131912499999999,54.91721666666666,2,2018
2018-12-31,40.54487836580006,-18.980512857816393,2.3515348,3.102370833333333,54.91721666666666,2,2018
2019-01-01,46.01066965034033,-18.654209018850906,-5.3690305,-2.6617875,54.91721666666666,2,2018
2019-01-02,47.945216191352756,61.616252421594254,1.6130913,6.143154166666666,54.91721666666666,2,2018
2019-01-03,47.07997529740874,61.52635429752945,25.985046,20.74059583333333,54.91721666666666,2,2018
2019-01-04,83.29449080172026,51.95822604193563,-4.3807387,4.5301125,54.91721666666666,2,2018
2019-01-05,57.74491964188974,36.61656922820913,2.79634,5.033554166666667,54.91721666666666,2,2018
2019-01-06,28.262589351532824,1.121830599992336,3.1412098,3.1575166666666665,54.91721666666666,2,2018
2019-01-07,10.706199220496273,-15.074892590650506,4.396572,6.2659125,54.91721666666666,2,2018
2019-01-08,43.56057845233704,5.717535130236001,3.134655,3.106208333333333,54.91721666666666,2,2018
2019-01-09,51.42610523583153,50.57217191753966,16.85115,11.953895833333334,54.91721666666666,2,2018
2019-01-10,36.699544146756125,38.36859148750267,7.177412,6.562220833333334,54.91721666666666,2,2018
2019-01-11,0.7241530162486924,-7.608650723404935,-0.473003,1.5214875,54.91721666666666,2,2018
2019-01-12,-14.087502948747442,-11.506123536302312,5.846134,5.821558333333333,54.91721666666666,2,2018
2019-01-13,-16.58427837791396,-18.955040984053085,6.104765,6.952233333333333,54.91721666666666,2,2018
2019-01-14,20.423621905363007,-20.932605401807905,2.1329865,2.909558333333333,54.91721666666666,2,2018
2019-01-15,18.770590363187694,21.00783017067033,2.2440846,3.629925,54.91721666666666,2,2018
2019-01-16,21.334492804431534,17.148752662135394,7.6184855,7.1197875,54.91721666666666,2,2018
2019-01-17,42.51660320649967,11.238759784592276,7.6029277,8.611983333333333,54.91721666666666,2,2018
2019-01-18,35.798564393528636,62.75476199978311,47.92393,28.46534583333333,54.91721666666666,2,2018
2019-01-19,50.535007253759204,53.208100070351975,24.868502,17.846983333333334,54.91721666666666,2,2018
2019-01-20,39.360655262558,33.9665850122953,17.462715,13.149675,54.91721666666666,2,2018
2019-01-21,21.24006500260134,48.42869430919018,-12.724279,-4.2037125,54.91721666666666,2,2018
2019-01-22,17.057831845066175,2.1271650951462107,4.3370857,6.4629625,54.91721666666666,2,2018
2019-01-23,17.602495980869435,-8.030624083956809,1.5778612,3.477591666666666,54.91721666666666,2,2018
2019-01-24,42.589853592940926,-15.591969582659658,,13.412779166666668,54.91721666666666,2,2018
2019-01-25,-4.477880628987805,-20.335785627267796,4.6800995,5.937991666666666,54.91721666666666,2,2018
2019-01-26,-55.9853024498716,-8.398589026945501,-0.15960024,8.154216666666667,54.91721666666666,2,2018
2019-01-27,17.61427058632694,-10.284469016854473,5.2462254,14.440466666666666,54.91721666666666,2,2018
2019-01-28,8.71351428667117,5.84082588538331,2.2563894,5.128345833333333,54.91721666666666,2,2018
2019-01-29,-7.424429623542892,28.691487622090847,10.049873,9.319275,54.91721666666666,2,2018
2019-01-30,12.595234218323867,39.38527403990679,15.474248,13.059829166666669,54.91721666666666,2,2018
2019-01-31,71.91510846474966,33.13965419829668,0.4904963,6.3016125,54.91721666666666,2,2018
2019-02-01,47.826669027257594,11.56759478874369,8.408468,7.477216666666667,54.91721666666666,2,2018
2019-02-02,29.368746036527,8.643343910661542,2.5245368,4.454875,54.91721666666666,2,2018
2019-02-03,42.06442460806238,36.89894584590246,37.99871,30.64916666666667,54.91721666666666,2,2018
2019-02-04,51.19539932994212,2.0902799674536254,2.751413,42.05817916666667,54.91721666666666,2,2018
2019-02-05,53.49037356650069,38.44955383144139,13.844364,14.795058333333335,54.91721666666666,2,2018
2019-02-06,55.03752229295219,32.28236048124114,4.8027997,9.7471375,54.91721666666666,2,2018
2019-02-07,0.8745672943614409,-2.0159824402485356,8.550349,81.27637916666667,54.91721666666666,2,2018
2019-02-08,-25.320302697395164,-5.678055186366237,10.040721,99.99124166666668,54.91721666666666,2,2018
2019-02-09,-23.361668327152074,-24.30574010236478,4.5580416,42.32086666666667,54.91721666666666,2,2018
2019-02-10,-9.379092535952168,-23.93047313132456,-13.936747,6.174041666666668,54.91721666666666,2,2018
2019-02-11,-0.2947355701903689,0.9945121388959706,3.574883,11.252024999999998,54.91721666666666,2,2018
2019-02-12,28.60683122579576,44.75644235870186,7.3720593,11.42425,54.91721666666666,2,2018
2019-02-13,35.80649282104537,65.7409778470028,17.66862,15.229354166666669,54.91721666666666,2,2018
2019-02-14,24.37754822434829,55.24655222061301,,9.924945833333334,54.91721666666666,2,2018
2019-02-15,43.632732000531064,41.641063794001184,,17.54305,54.91721666666666,2,2018
2019-02-16,54.557434402424406,26.693961089134007,,20.577075,54.91721666666666,2,2018
2019-02-17,29.921920682615337,23.049249835132514,,26.980966666666664,54.91721666666666,2,2018
2019-02-18,8.541314943076031,4.558844410093343,,19.49338333333333,54.91721666666666,2,2018
2019-02-19,25.683766671598733,40.97646844957012,-8.054775,9.620433333333333,54.91721666666666,2,2018
2019-02-20,28.70699207415987,34.805053933994145,,28.917179166666667,54.91721666666666,2,2018
2019-02-21,-7.374529022880779,65.25545434315654,14.482375,24.851904166666667,54.91721666666666,2,2018
2019-02-22,-36.58447525844167,86.80336413577652,,18.7001375,54.91721666666666,2,2018
2019-02-23,-0.7928245620842063,92.5111331076032,,20.1319375,54.91721666666666,2,2018
2019-02-24,-12.302382082610166,85.70696905550949,16.34152,19.9438875,54.91721666666666,2,2018
2019-02-25,-23.00415530666851,68.41970740653824,34.227753,28.408058333333333,54.91721666666666,2,2018
2019-02-26,21.931471948631497,64.57949858393476,,14.693295833333332,54.91721666666666,2,2018
2019-02-27,-4.834814123435535,56.81970462119011,,23.190841666666667,54.91721666666666,2,2018
2019-02-28,-24.785911512821258,7.5876162177150945,,44.40732916666667,54.91721666666666,2,2018
2019-03-01,-50.54033489938956,13.529936421127786,,18.09773333333333,54.91721666666666,2,2018
2019-03-02,-41.73033919489899,-9.729300119407526,,39.84482083333334,54.91721666666666,2,2018
2019-03-03,-35.328124174330696,-11.817472194566562,,66.66335,54.91721666666666,2,2018
2019-03-04,1.3366813553366228,-22.672267563898913,,23.234841666666668,54.91721666666666,2,2018
2019-03-05,-33.797623185502744,9.818835772378407,,39.91052916666667,54.91721666666666,2,2018
2019-03-06,-59.88922163767347,-14.325169985020239,,36.213725,54.91721666666666,2,2018
2019-03-07,-45.211606635789394,-22.537415264336687,,27.88972083333333,54.91721666666666,2,2018
2019-03-08,-41.7470568165445,-13.430432920340536,,26.92539583333333,54.91721666666666,2,2018
2019-03-09,-61.20890469057122,-19.38494021538918,,13.137116666666666,54.91721666666666,2,2018
2019-03-10,-60.90736024924263,-12.243706775970168,,52.637575,54.91721666666666,2,2018
2019-03-11,-23.50080230142612,-25.4444030845043,,13.2311125,54.91721666666666,2,2018
2019-03-12,-23.76252648613945,-14.481914732830319,,89.4043125,54.91721666666666,2,2018
2019-03-13,-61.1835623579218,-21.722703927252496,,17.736741666666667,54.91721666666666,2,2018
2019-03-14,-54.87835999575236,-8.736974279269816,,53.478033333333336,54.91721666666666,2,2018
2019-03-15,-25.053557090030154,-6.506180846691677,,85.62972916666666,54.91721666666666,2,2018
2019-03-16,-29.04719372613272,-31.721583658352756,,40.35592916666666,54.91721666666666,2,2018
2019-03-17,-9.253069485994729,-28.79861796447949,,8.507304166666666,54.91721666666666,2,2018
2019-03-18,-7.625242212913236,-22.581858093331903,,8.097033333333334,54.91721666666666,2,2018
2019-03-19,-0.8383616725941465,-14.860672495992276,,12.7325125,54.91721666666666,2,2018
2019-03-20,-21.360653558806007,-4.301551310143168,13.634844,12.9369625,54.91721666666666,2,2018
2019-03-21,-12.50150041056986,10.256672805917106,,16.528679166666667,54.91721666666666,2,2018
2019-03-22,-25.8825793112228,13.329028380410364,1.7614278,5.266008333333333,54.91721666666666,2,2018
2019-03-23,-17.195115864567924,21.49427921168558,21.583323,16.152620833333334,54.91721666666666,2,2018
2019-03-24,-17.406953084525867,6.746193843843912,13.304293,15.0424,54.91721666666666,2,2018
2019-03-25,-27.992394979331948,6.667160128462683,8.565365,13.5013625,54.91721666666666,2,2018
2019-03-26,-4.644412548850141,32.98978024298793,-0.3992032,4.749524999999999,54.91721666666666,2,2018
2019-03-27,4.346865717603123,21.790151115816343,-19.567667,3.706458333333334,54.91721666666666,2,2018
2019-03-28,-14.146825960956903,19.00699778257672,-26.284096,0.2363583333333333,54.91721666666666,2,2018
2019-03-29,-12.520467956825087,29.615552965404675,-22.02776,0.6702375000000002,54.91721666666666,2,2018
2019-03-30,7.759311032761389,10.016588805177207,,7.1489375,54.91721666666666,2,2018
2019-03-31,42.572691099838494,28.367734549927206,-2.0187473,4.924445833333333,54.91721666666666,2,2018
2019-04-01,25.230030170818054,30.38031256717653,0.55291975,1.9180625,54.91721666666666,2,2018
2019-04-02,-7.359563615249499,4.411926037567355,-3.8272083,6.617925,54.91721666666666,2,2018
2019-04-03,19.70642093727315,1.6905774515612393,,3.7984041666666655,54.91721666666666,2,2018
2019-04-04,15.216880463329517,20.806000001760594,-0.69559747,9.8619125,54.91721666666666,2,2018
2019-04-05,-5.147996811154371,32.46259904409516,,22.8458875,54.91721666666666,2,2018
2019-04-06,-3.793306976715485,12.53426978384232,-27.285988,-2.1833208333333336,54.91721666666666,2,2018
2019-04-07,24.119389829243687,17.143150008959537,5.034526,8.030408333333334,54.91721666666666,2,2018
2019-04-08,18.786029618577686,26.010411834354443,25.848192,15.295083333333332,54.91721666666666,2,2018
2019-04-09,1.6508287834562907,14.726638935756228,-15.60354,5.416708333333333,54.91721666666666,2,2018
2019-04-10,11.341966553621205,11.574630916614069,-5.835709,1.216225,54.91721666666666,2,2018
2019-04-11,22.977421844211563,20.979654978398685,-55.110897,-20.350804166666663,54.91721666666666,2,2018
2019-04-12,24.789662824337597,25.546637601735426,-4.6340547,-1.6518833333333334,54.91721666666666,2,2018
2019-04-13,15.522490109350656,19.136063344222293,-13.61225,-2.1952833333333333,54.91721666666666,2,2018
2019-04-14,22.809678033138994,20.246953393338572,-1.4538512,2.5130625,54.91721666666666,2,2018
2019-04-15,16.773928858063755,29.83728985364536,-4.8090696,1.0223625,54.91721666666666,2,2018
2019-04-16,25.648984882518562,26.61867810034647,-4.989372,4.844654166666667,54.91721666666666,2,2018
2019-04-17,44.58753779106928,29.262909668110467,-18.024601,-0.5310374999999999,54.91721666666666,2,2018
2019-04-18,43.73005402356375,26.315973754702043,1.7191621,2.2203375000000007,54.91721666666666,2,2018
2019-04-19,43.6312652883139,29.421471400491725,,1.0130458333333332,54.91721666666666,2,2018
2019-04-20,34.70740677981047,23.71943760580939,,0.7513708333333332,54.91721666666666,2,2018
2019-04-21,14.883579699725487,38.59265159335172,,4.930691666666666,54.91721666666666,2,2018
2019-04-22,35.272689684949,45.968342091375916,,6.885437499999999,54.91721666666666,2,2018
2019-04-23,52.8245288321159,58.44685521240035,,9.979708333333331,54.91721666666666,2,2018
2019-04-24,38.6288527950976,65.06776290503285,,9.6188125,54.91721666666666,2,2018
2019-04-25,12.132061670089115,47.095917376859234,18.283579,10.098175,54.91721666666666,2,2018
2019-04-26,15.607922473962844,19.846419087135928,7.773194,24.762879166666668,54.91721666666666,2,2018
2019-04-27,-8.088355104056063,4.359615290391503,-2.075666,1.6339125,54.91721666666666,2,2018
2019-04-28,20.228260269706198,9.950427385744888,,8.177708333333333,54.91721666666666,2,2018
2019-04-29,10.896892262587926,56.819167707362794,,11.046304166666667,54.91721666666666,2,2018
2019-04-30,30.492383953943317,50.17446876647091,,8.127679166666667,54.91721666666666,2,2018
2019-05-01,36.91200606169093,16.41149838871729,,6.554654166666666,54.91721666666666,2,2018
2019-05-02,-0.23188767609235583,3.9939445887093825,,10.502058333333332,54.91721666666666,2,2018
2019-05-03,-6.238221643628094,5.983525649266085,13.855149,12.1173875,54.91721666666666,2,2018
2019-05-04,19.176112854519374,10.390229694340405,-93.03085,-13.958904166666663,54.91721666666666,2,2018
2019-05-05,44.96891961403173,16.624119673311952,-11.823987,-0.4078499999999998,54.91721666666666,2,2018
2019-05-06,35.14075802615855,21.60457665221179,,-2.196466666666667,54.91721666666666,2,2018
2019-05-07,17.484838559688114,36.95543088502467,,3.8469625,54.91721666666666,2,2018
2019-05-08,15.665113171258099,77.54776404437871,,27.71636666666667,54.91721666666666,2,2018
2019-05-09,9.934079638069306,1.673174625602769,7.1413045,34.2124625,54.91721666666666,2,2018
2019-05-10,7.681775562631628,39.0230195589815,,1.8526791666666664,54.91721666666666,2,2018
2019-05-11,33.301387557357884,4.876782620282711,-7.749908,-0.5256708333333332,54.91721666666666,2,2018
2019-05-12,50.15234109883204,37.7504485638205,,2.167658333333333,54.91721666666666,2,2018
2019-05-13,48.76426374677567,29.842771488149026,,-0.8236166666666667,54.91721666666666,2,2018
2019-05-14,55.788223274890015,39.3498462497455,,-0.1332249999999998,54.91721666666666,2,2018
2019-05-15,45.03408305554058,41.086774412538034,,-0.2388749999999999,54.91721666666666,2,2018
2019-05-16,44.03551793583176,46.83349094294954,,-2.620016666666667,54.91721666666666,2,2018
2019-05-17,55.20211620957116,36.13028807929544,,3.638925,54.91721666666666,2,2018
2019-05-18,27.385901966136885,37.586215998729756,,3.905875,54.91721666666666,2,2018
2019-05-19,36.900396791602475,11.938990866762197,,2.4685375,54.91721666666666,2,2018
2019-05-20,56.37048671900061,35.39995061956387,,-10.283783333333334,54.91721666666666,2,2018
2019-05-21,63.11197503031872,36.476968224129735,-31.466192,-17.051791666666666,54.91721666666666,2,2018
2019-05-22,39.7631710364567,38.842799745499235,-40.786606,-14.598395833333331,54.91721666666666,2,2018
2019-05-23,40.698999906053814,37.95298609539162,,-11.893641666666667,54.91721666666666,2,2018
2019-05-24,28.18004439016977,43.43985124765413,-6.711382,-0.2923,54.91721666666666,2,2018
2019-05-25,12.839287972409238,51.54770343405653,-35.86927,-11.866166666666668,54.91721666666666,2,2018
2019-05-26,21.485695408401853,32.911214409656225,,7.888233333333333,54.91721666666666,2,2018
2019-05-27,18.45586170454385,36.09196862466416,-1.2137629,3.1802875,54.91721666666666,2,2018
2019-05-28,41.11376668990124,38.671802918428455,-11.993339,-2.7196125,54.91721666666666,2,2018
2019-05-29,7.073271520516073,33.78926368123638,50.683548,23.431254166666665,54.91721666666666,2,2018
2019-05-30,27.902171030672548,29.609328173984466,9.863842,11.151191666666668,54.91721666666666,2,2018
2019-05-31,46.594156917079545,34.653341261887874,-12.856514,1.0662624999999997,54.91721666666666,2,2018
2019-06-01,47.238734750437516,46.19506801698981,,-3.1812125,54.91721666666666,2,2018
2019-06-02,41.731895977676686,23.873409151089163,,10.066208333333334,54.91721666666666,2,2018
2019-06-03,34.48981051987141,22.699754727803565,,11.539275000000002,54.91721666666666,2,2018
2019-06-04,50.9114043005693,40.709559211324404,,12.3789125,54.91721666666666,2,2018
2019-06-05,51.69088215916304,43.42925273915171,,8.131720833333334,54.91721666666666,2,2018
2019-06-06,44.97511713363849,45.48881156853554,,4.445783333333334,54.91721666666666,2,2018
2019-06-07,31.138923653381426,59.66769157744466,,10.101416666666667,54.91721666666666,2,2018
2019-06-08,18.579137971540263,32.410413576812346,,4.717495833333333,54.91721666666666,2,2018
2019-06-09,8.404817812265037,43.01918522965957,,4.612291666666667,54.91721666666666,2,2018
2019-06-10,2.3659877745139966,24.928845376529353,,6.626245833333333,54.91721666666666,2,2018
2019-06-11,10.770182303829188,8.356683061523881,,11.218516666666666,54.91721666666666,2,2018
2019-06-12,15.028479958056096,27.474176138935093,,8.732691666666666,54.91721666666666,2,2018
2019-06-13,29.80498255551379,25.663153015728483,,12.613741666666668,54.91721666666666,2,2018
2019-06-14,20.73123347294029,28.255316725905175,,15.480954166666663,54.91721666666666,2,2018
2019-06-15,7.890503795856148,28.631401851348926,,12.469858333333336,54.91721666666666,2,2018
2019-06-16,31.378290490651978,25.982380671347585,,14.143241666666666,54.91721666666666,2,2018
2019-06-17,44.46139201795131,29.315605629651316,,13.660616666666668,54.91721666666666,2,2018
2019-06-18,52.01820016869124,43.709208131157084,,13.921104166666666,54.91721666666666,2,2018
2019-06-19,48.06319746531881,40.017927272833276,,12.794720833333336,54.91721666666666,2,2018
2019-06-20,35.803137535746714,24.42355492139609,,12.993379166666664,54.91721666666666,2,2018
2019-06-21,15.761000867352095,27.1513298545687,,1.8671583333333333,54.91721666666666,2,2018
2019-06-22,-2.90174026034947,21.21608455613614,,-1.9733875,54.91721666666666,2,2018
2019-06-23,7.601255533417316,38.28281566848983,,0.7511875,54.91721666666666,2,2018
2019-06-24,17.2681520704009,40.344459513236416,,5.4050208333333325,54.91721666666666,2,2018
2019-06-25,13.543245066091913,44.32777376794775,,1.4599624999999998,54.91721666666666,2,2018
2019-06-26,12.639658297947335,40.10398859364318,,-2.103641666666667,54.91721666666666,2,2018
2019-06-27,17.6972263293801,30.678200028770163,,-4.566995833333333,54.91721666666666,2,2018
2019-06-28,23.896742744229073,30.110850857640628,,-5.084816666666667,54.91721666666666,2,2018
2019-06-29,34.22244106977371,33.71671043052646,,-4.8725,54.91721666666666,2,2018
2019-06-30,44.45299570838506,16.70989464008062,,-0.2305166666666666,54.91721666666666,2,2018
2019-07-01,62.64855874025125,28.988425683678713,,-0.8709125000000001,54.91721666666666,2,2018
2019-07-02,67.14595690544547,37.39334291605036,,-1.9165583333333331,54.91721666666666,2,2018
2019-07-03,67.69304652815754,40.11543764182761,,-3.719808333333333,54.91721666666666,2,2018
2019-07-04,53.89935531691981,34.40048638225534,,-8.476245833333333,54.91721666666666,2,2018
2019-07-05,50.81632112297211,34.60496021258149,,-0.035975,54.91721666666666,2,2018
2019-07-06,51.92759638645339,28.824701056113497,,2.0550333333333333,54.91721666666666,2,2018
2019-07-07,49.20458933329178,31.06909119218534,,5.015858333333333,54.91721666666666,2,2018
2019-07-08,31.162408945983657,32.38832085118446,,6.1541125,54.91721666666666,2,2018
2019-07-09,27.11895011568265,34.18810372602837,,4.664124999999999,54.91721666666666,2,2018
2019-07-10,36.93580327565951,31.70810557559929,,3.9650541666666665,54.91721666666666,2,2018
2019-07-11,27.53623442880928,27.46385290529969,,6.6094125,54.91721666666666,2,2018
2019-07-12,33.66554467339347,24.611628164908097,,7.349529166666667,54.91721666666666,2,2018
2019-07-13,40.34788553480121,25.665430212151648,,7.313695833333333,54.91721666666666,2,2018
2019-07-14,55.02260631548279,34.42059593569883,,3.901837500000001,54.91721666666666,2,2018
2019-07-15,41.46483589221282,31.665382575339834,,4.982741666666667,54.91721666666666,2,2018
2019-07-16,49.43525944492603,28.916455367981314,,3.984945833333333,54.91721666666666,2,2018
2019-07-17,54.00419498577912,26.518376631694252,,4.479716666666667,54.91721666666666,2,2018
2019-07-18,46.632848802413264,25.1937505626085,,4.8070208333333335,54.91721666666666,2,2018
2019-07-19,38.20255344313705,26.747522930751927,,5.1438,54.91721666666666,2,2018
2019-07-20,36.859438789019805,28.76004640437435,,2.8929,54.91721666666666,2,2018
2019-07-21,40.659002382651124,31.725008986473938,,3.996841666666666,54.91721666666666,2,2018
2019-07-22,34.639894127246066,30.602139793299273,,4.3937625,54.91721666666666,2,2018
2019-07-23,31.438608497930318,33.42122033178401,,4.0053875,54.91721666666666,2,2018
2019-07-24,25.68107613675295,28.552727783007583,,4.681304166666666,54.91721666666666,2,2018
2019-07-25,18.093422712755682,31.26165064901005,,2.72705,54.91721666666666,2,2018
2019-07-26,15.258631905234779,25.015617468977325,,4.112504166666667,54.91721666666666,2,2018
2019-07-27,14.590741784841157,27.05764265292254,,5.751929166666667,54.91721666666666,2,2018
2019-07-28,9.927457700865716,29.63592160107595,,3.659641666666667,54.91721666666666,2,2018
2019-07-29,25.697381272220014,28.487824275970695,,2.903216666666667,54.91721666666666,2,2018
2019-07-30,23.97212715007288,22.968266185089533,,2.8506541666666667,54.91721666666666,2,2018
2019-07-31,14.983559872325486,25.94200049031241,,3.6849166666666666,54.91721666666666,2,2018
2019-08-01,6.852207905169962,34.1483874432019,,5.04695,54.91721666666666,2,2018
2019-08-02,14.728167861797829,33.74329022171122,,4.4739375,54.91721666666666,2,2018
2019-08-03,14.587102702233778,27.062304428534333,,1.4431375,54.91721666666666,2,2018
2019-08-04,11.536983882633194,29.04722371347924,,6.690908333333334,54.91721666666666,2,2018
2019-08-05,-11.754999287903502,29.272328670681134,,5.634570833333334,54.91721666666666,2,2018
2019-08-06,-12.416715751527136,28.31452724188415,,4.293670833333333,54.91721666666666,2,2018
2019-08-07,-32.05001810774411,29.750021755090245,,5.460404166666667,54.91721666666666,2,2018
2019-08-08,-36.950428905188346,31.588124936809606,,4.3430583333333335,54.91721666666666,2,2018
2019-08-09,-17.301060041872006,27.523758852521667,,5.747604166666666,54.91721666666666,2,2018
2019-08-10,-37.305214744326804,22.175203554420477,,8.301591666666667,54.91721666666666,2,2018
2019-08-11,-38.022872515291965,29.94546861516409,,7.458470833333333,54.91721666666666,2,2018
2019-08-12,-27.866631011602294,29.690356140724305,,7.8191625,54.91721666666666,2,2018
2019-08-13,-4.041402072656638,28.906882961459985,,11.037429166666668,54.91721666666666,2,2018
2019-08-14,-8.982209243775287,26.200954881472114,,4.20815,54.91721666666666,2,2018
2019-08-15,-13.255463783191772,28.265040831888825,,5.6885375,54.91721666666666,2,2018
2019-08-16,-16.78744316119446,26.51413756919095,,8.870291666666667,54.91721666666666,2,2018
2019-08-17,-29.296137657267536,30.894374319310998,,1.8225333333333331,54.91721666666666,2,2018
2019-08-18,-46.79663079765942,27.090544391362926,,3.711225,54.91721666666666,2,2018
2019-08-19,-26.10098562924577,27.51958115159863,,5.5758875,54.91721666666666,2,2018
2019-08-20,-21.699362663915053,39.95497881392316,,1.7308416666666666,54.91721666666666,2,2018
2019-08-21,-23.716904151212475,31.063394792150746,,-0.3601124999999999,54.91721666666666,2,2018
2019-08-22,-20.655963535136834,25.474183637471356,,-4.319154166666666,54.91721666666666,2,2018
2019-08-23,-17.84598496439139,34.07727533738404,,-5.7891875,54.91721666666666,2,2018
2019-08-24,-25.574516906479403,34.96654355122263,,-6.6931,54.91721666666666,2,2018
2019-08-25,-25.265445444638317,36.93065103352768,,-5.204954166666667,54.91721666666666,2,2018
2019-08-26,-19.48640158835724,39.774193962555955,,-5.075591666666667,54.91721666666666,2,2018
2019-08-27,-21.468851069696484,43.924169678243516,,1.1494666666666666,54.91721666666666,2,2018
2019-08-28,10.537794067947516,38.926831020695374,,4.7672875,54.91721666666666,2,2018
2019-08-29,-26.584514881733412,44.874304318484064,,4.2124041666666665,54.91721666666666,2,2018
2019-08-30,-25.229944361478374,45.66125976742842,,3.9421458333333335,54.91721666666666,2,2018
2019-08-31,-28.279778531526063,35.88353441567841,,6.4596625,54.91721666666666,2,2018
2019-09-01,-2.832913021152308,41.92660990776403,,3.763541666666667,54.91721666666666,2,2018
2019-09-02,2.2047227236244,39.39689524141363,,4.578504166666667,54.91721666666666,2,2018
2019-09-03,-6.0847767852455945,39.282190420160475,,3.96295,54.91721666666666,2,2018
2019-09-04,1.1358449031295095,12.489049708163748,,-2.4123625,54.91721666666666,2,2018
2019-09-05,7.799242081118791,13.894272508439144,,-6.056729166666667,54.91721666666666,2,2018
2019-09-06,-4.0186232904716235,12.172505769437066,,-4.445429166666667,54.91721666666666,2,2018
2019-09-07,-12.361585780635778,21.500304577969928,,-4.15815,54.91721666666666,2,2018
2019-09-08,-1.2056720920600128,24.486675533628613,,-0.2180958333333333,54.91721666666666,2,2018
2019-09-09,8.539699088129055,42.81618578174812,,2.6314541666666664,54.91721666666666,2,2018
2019-09-10,20.463670563415917,26.682857199838566,,2.1952541666666665,54.91721666666666,2,2018
2019-09-11,3.478125509095662,14.513105749899296,,4.053533333333333,54.91721666666666,2,2018
2019-09-12,1.92175720520936,17.126434091802366,,2.7376375,54.91721666666666,2,2018
2019-09-13,1.5548456360152159,24.726914642807515,,4.9136125,54.91721666666666,2,2018
2019-09-14,-8.268741105151548,27.50942879291938,,1.0968666666666669,54.91721666666666,2,2018
2019-09-15,-8.96624159699968,23.83704730131717,,3.097504166666667,54.91721666666666,2,2018
2019-09-16,-1.957399175978935,26.83624879296042,,5.239145833333334,54.91721666666666,2,2018
2019-09-17,-6.549982788070793,30.25395075016138,,6.218354166666667,54.91721666666666,2,2018
2019-09-18,-2.1164552099789944,32.00940819264454,,4.224854166666667,54.91721666666666,2,2018
2019-09-19,-21.989296130666844,33.96171528910594,,3.5535416666666664,54.91721666666666,2,2018
2019-09-20,-23.18000395980107,26.1035962119401,,4.323458333333334,54.91721666666666,2,2018
2019-09-21,-19.37928131409808,25.972590516440732,,5.242208333333333,54.91721666666666,2,2018
2019-09-22,-7.896262677036702,32.874469050007576,,7.277695833333333,54.91721666666666,2,2018
2019-09-23,-7.894875223527379,27.111374517252443,,6.030774999999999,54.91721666666666,2,2018
2019-09-24,-5.976903127139849,39.068756094627304,,6.37175,54.91721666666666,2,2018
2019-09-25,-4.913660345099288,29.475516677615275,,3.6670625,54.91721666666666,2,2018
2019-09-26,-25.57278514632526,17.693231008709517,,2.3128333333333333,54.91721666666666,2,2018
2019-09-27,-18.139637624702573,16.348660721549322,,3.0113416666666666,54.91721666666666,2,2018
2019-09-28,-25.8412829677045,30.859296588442675,,3.3091791666666666,54.91721666666666,2,2018
2019-09-29,-20.27578081972206,16.0406307020844,,4.1025833333333335,54.91721666666666,2,2018
2019-09-30,-43.884921544788085,26.38834846025827,,6.375733333333333,54.91721666666666,2,2018
2019-10-01,-45.175028315998134,20.139715509383905,,5.546145833333333,54.91721666666666,2,2018
2019-10-02,-36.26746088093296,23.436981729408217,,5.321583333333334,54.91721666666666,2,2018
2019-10-03,-41.41779739479625,20.703607978158516,,2.8302666666666667,54.91721666666666,2,2018
2019-10-04,-51.241302320522664,12.45321795426571,,-0.1687625,54.91721666666666,2,2018
2019-10-05,-49.81700459122658,27.668401306990745,,3.4666791666666668,54.91721666666666,2,2018
2019-10-06,-43.88842597281655,19.829740668722252,,3.2179083333333334,54.91721666666666,2,2018
2019-10-07,-22.176619399308947,33.105031565815324,,3.0678208333333337,54.91721666666666,2,2018
2019-10-08,-20.863147501924686,17.83425526055339,,5.761454166666667,54.91721666666666,2,2018
2019-10-09,-26.803964346620887,21.01653840160293,,8.21875,54.91721666666666,2,2018
2019-10-10,-22.9263079151724,18.908065870306245,,6.839483333333334,54.91721666666666,2,2018
2019-10-11,-28.72447953961273,39.320542260070226,,8.916466666666667,54.91721666666666,2,2018
2019-10-12,-28.221648661155086,28.32398843054125,,8.511183333333333,54.91721666666666,2,2018
2019-10-13,-32.352571606170386,30.900102252379895,,10.486366666666669,54.91721666666666,2,2018
2019-10-14,-21.277842697261804,28.95763878914704,,5.9949375,54.91721666666666,2,2018
2019-10-15,-49.8913884624144,19.9743954807318,,4.9393375,54.91721666666666,2,2018
2019-10-16,-49.99114875601845,5.30022013631924,,5.375341666666667,54.91721666666666,2,2018
2019-10-17,-43.1072385124171,19.335081107369888,,5.976933333333334,54.91721666666666,2,2018
2019-10-18,-29.878786315743127,20.41663691214285,,8.231220833333333,54.91721666666666,2,2018
2019-10-19,-44.28583083842568,19.58886408090393,,7.970991666666666,54.91721666666666,2,2018
2019-10-20,-65.81452763846937,20.120485471924212,,7.432320833333333,54.91721666666666,2,2018
2019-10-21,-45.28408148003564,19.198791924136458,,6.611291666666666,54.91721666666666,2,2018
2019-10-22,-27.054292322288347,18.47132482277061,,5.43115,54.91721666666666,2,2018
2019-10-23,-9.58674353254537,18.241481387981594,,4.891895833333334,54.91721666666666,2,2018
2019-10-24,-22.168519670713977,19.24848969068603,,6.223612500000001,54.91721666666666,2,2018
2019-10-25,-36.498555410164045,11.01975348667338,,7.143562500000001,54.91721666666666,2,2018
2019-10-26,-26.836942787036605,13.800762573580414,,6.8050291666666665,54.91721666666666,2,2018
2019-10-27,-23.397121684638478,21.552995426045754,,4.593441666666666,54.91721666666666,2,2018
2019-10-28,-16.928049813394864,20.015831592294035,,5.401283333333333,54.91721666666666,2,2018
2019-10-29,-37.47359773852713,21.312096679879005,,7.8813125,54.91721666666666,2,2018
2019-10-30,-38.43265878420789,17.775850967559563,,8.2284,54.91721666666666,2,2018
2019-10-31,-50.167829199461266,2.265828630638225,,7.716266666666667,54.91721666666666,2,2018
2019-11-01,-45.78166253440395,2.2092293907971907,,8.604325000000001,54.91721666666666,2,2018
2019-11-02,-40.7887184739202,20.432534674896488,,9.807754166666667,54.91721666666666,2,2018
2019-11-03,-47.740433263714294,4.966684153324195,,9.8795,54.91721666666666,2,2018
2019-11-04,-44.65221401623421,18.162428923228617,,9.056391666666666,54.91721666666666,2,2018
2019-11-05,-44.841112232103114,4.34053354341745,,9.8269625,54.91721666666666,2,2018
2019-11-06,-28.227573462627333,9.485570803029532,,10.305091666666668,54.91721666666666,2,2018
2019-11-07,-21.4108507404394,15.919583053593442,,9.263741666666666,54.91721666666666,2,2018
2019-11-08,-19.588718614472327,18.535952202696308,,9.133466666666669,54.91721666666666,2,2018
2019-11-09,-17.850597309841305,21.36571988307719,,12.387579166666669,54.91721666666666,2,2018
2019-11-10,-23.64541109225047,7.324363106960163,,12.1869375,54.91721666666666,2,2018
2019-11-11,-9.659450187205948,4.7383014650431505,,13.467020833333336,54.91721666666666,2,2018
2019-11-12,-30.659591970754263,6.685716893027802,,13.188904166666669,54.91721666666666,2,2018
2019-11-13,-33.65375073364157,20.169598598972925,,13.688870833333333,54.91721666666666,2,2018
2019-11-14,-23.002740581345734,20.810902110228426,,12.137625,54.91721666666666,2,2018
2019-11-15,-21.54347016027532,7.817270454298296,,11.539775,54.91721666666666,2,2018
2019-11-16,-34.849592481657965,12.403477575507623,,10.378279166666667,54.91721666666666,2,2018
2019-11-17,-32.53932216673002,10.485969099948761,,7.7506625,54.91721666666666,2,2018
2019-11-18,-18.86046233500474,30.945662373482435,,10.803570833333334,54.91721666666666,2,2018
2019-11-19,-6.529563017749297,10.721935056857546,,12.857383333333331,54.91721666666666,2,2018
2019-11-20,-16.575336632078688,4.317671241303742,,12.504720833333332,54.91721666666666,2,2018
2019-11-21,-3.6489402232355133,28.8909204281494,,12.7075,54.91721666666666,2,2018
2019-11-22,-8.121606262606292,22.627876454476564,,14.076158333333332,54.91721666666666,2,2018
2019-11-23,-22.85642389320401,32.79336864251326,,13.088854166666666,54.91721666666666,2,2018
2019-11-24,6.823001497452196,16.4217611130166,,9.715108333333331,54.91721666666666,2,2018
2019-11-25,-0.19891264465331915,13.88734546782257,,10.175845833333334,54.91721666666666,2,2018
2019-11-26,-7.639000842799305,14.144929450356358,,11.227516666666666,54.91721666666666,2,2018
2019-11-27,-41.039653247436945,15.835515984142148,,11.3680125,54.91721666666666,2,2018
2019-11-28,-12.398614085348981,15.160235202303284,,10.350808333333331,54.91721666666666,2,2018
2019-11-29,-27.966377669299618,15.310121089030417,,9.1251,54.91721666666666,2,2018
2019-11-30,-24.7310747139245,16.616543222637574,,8.2471375,54.91721666666666,2,2018
2019-12-01,-46.492686436747135,47.21846156611332,,10.0044625,54.91721666666666,2,2018
2019-12-02,-16.68809876274554,43.913310383024964,,7.851125,54.91721666666666,2,2018
2019-12-03,-13.352108272109035,24.58507394104845,,7.852870833333333,54.91721666666666,2,2018
2019-12-04,-20.29756418071611,7.172786367799063,,8.6809625,54.91721666666666,2,2018
2019-12-05,-34.58380138776374,2.2243857011226282,,9.317666666666666,54.91721666666666,2,2018
2019-12-06,-33.720512132969816,-9.193095359239123,,9.151508333333334,54.91721666666666,2,2018
2019-12-07,3.7312505501301985,-8.802409586669,,11.65565,54.91721666666666,2,2018
2019-12-08,-13.972535210167734,-17.74624171567075,,17.891920833333334,54.91721666666666,2,2018
2019-12-09,-77.4365882074344,-11.93933288399603,,9.8891,54.91721666666666,2,2018
2019-12-10,-45.216726918764834,-1.4958816859229955,,76.55583750000001,54.91721666666666,2,2018
2019-12-11,13.009382272903622,-14.76700063474118,,21.636733333333336,54.91721666666666,2,2018
2019-12-12,-22.101165109443173,-7.758352525391274,,23.89655,54.91721666666666,2,2018
2019-12-13,-87.92903662734898,-18.46709710676305,,35.23070416666666,54.91721666666666,2,2018
2019-12-14,-40.9331159081903,-15.551474348661486,,47.34299166666667,54.91721666666666,2,2018
2019-12-15,-6.521991680539941,-12.418628187445393,,56.63890833333334,54.91721666666666,2,2018
2019-12-16,25.088013906759898,17.122656945639392,,18.800075,54.91721666666666,2,2018
2018-12-17,52.26368398849445,4.608879665334371,12.59913,12.910041666666666,20.381275,4,2018
2018-12-18,54.34056894186142,14.733455184630657,,24.8342375,20.381275,4,2018
2018-12-19,75.64501302887356,1.545494812978177,,21.72625,20.381275,4,2018
2018-12-20,40.4403591407488,-9.625374056298824,,46.9004875,20.381275,4,2018
2018-12-21,29.031489155484223,-12.36414933110018,,78.84383333333334,20.381275,4,2018
2018-12-22,41.62656200719857,0.7134011037956043,,19.304541666666665,20.381275,4,2018
2018-12-23,58.62046416785324,-13.447460758864054,,23.0039,20.381275,4,2018
2018-12-24,90.9864273791336,15.428761999984317,,30.39325,20.381275,4,2018
2018-12-25,76.36818993308589,14.285302587654087,,30.67190833333333,20.381275,4,2018
2018-12-26,99.18952978299058,17.028933949738075,,28.280579166666666,20.381275,4,2018
2018-12-27,89.61542559127429,7.807058864649207,,40.0120375,20.381275,4,2018
2018-12-28,98.5057708761451,2.9877748942685685,,38.96235833333333,20.381275,4,2018
2018-12-29,82.50870463177762,5.29140793159786,,11.240341666666666,20.381275,4,2018
2018-12-30,61.18083746598768,2.8226542907523253,,16.560225,20.381275,4,2018
2018-12-31,47.474758659949885,-6.486255377988982,,9.8926,20.381275,4,2018
2019-01-01,66.98965532460397,-4.602945756497775,,19.56337083333333,20.381275,4,2018
2019-01-02,75.4419505148935,12.01333383022984,,30.676104166666665,20.381275,4,2018
2019-01-03,63.074162660968796,4.337784203723913,,28.22213333333333,20.381275,4,2018
2019-01-04,54.096060089389084,5.001856270234384,,10.9042,20.381275,4,2018
2019-01-05,62.997314099640334,4.703625354240103,,8.627804166666666,20.381275,4,2018
2019-01-06,38.14386151773573,-6.021550494735948,,8.658729166666667,20.381275,4,2018
2019-01-07,24.35271638595691,0.8255598455898507,25.943954,15.466354166666669,20.381275,4,2018
2019-01-08,43.58327968030255,11.459446708015093,-0.48473015,1.8302125,20.381275,4,2018
2019-01-09,65.15147032744426,11.185647927896298,2.3001773,3.423379166666667,20.381275,4,2018
2019-01-10,33.767803746904974,7.09396571346042,,5.1386416666666666,20.381275,4,2018
2019-01-11,33.254522650430545,2.848934091989122,-0.19009338,1.4796541666666665,20.381275,4,2018
2019-01-12,18.640699829185223,11.332175972592267,3.025656,5.314279166666667,20.381275,4,2018
2019-01-13,-9.551406080266133,7.811804160189695,,12.4072,20.381275,4,2018
2019-01-14,34.472520829326555,1.4012269198219656,9.564195,8.745079166666667,20.381275,4,2018
2019-01-15,40.31931149225784,10.089201712979047,7.4438977,6.621641666666666,20.381275,4,2018
2019-01-16,33.587911727836726,4.782074430120474,0.17734785,12.8812,20.381275,4,2018
2019-01-17,29.114707389741852,6.914295597468026,-4.25374,-1.8993,20.381275,4,2018
2019-01-18,41.42600338659099,26.530590142899484,-2.2452908,5.2380708333333335,20.381275,4,2018
2019-01-19,52.05360409601576,9.078475921203562,16.136522,7.824958333333334,20.381275,4,2018
2019-01-20,42.24578642873291,3.1219522164478803,6.5104547,3.0779666666666667,20.381275,4,2018
2019-01-21,11.462865911626523,9.375745505773693,-2.1869855,12.359845833333331,20.381275,4,2018
2019-01-22,18.99336784156037,2.534265090437202,2.89752,3.6342375,20.381275,4,2018
2019-01-23,0.18062918314535636,-1.5589613904353428,-1.5137476,1.4882291666666667,20.381275,4,2018
2019-01-24,26.798056748832607,-7.758758193616359,2.8428621,8.411791666666668,20.381275,4,2018
2019-01-25,-3.645282391256387,0.5991390233889433,10.939348,12.719529166666668,20.381275,4,2018
2019-01-26,-46.89352073289774,-4.966383578453588,10.326591,14.268283333333336,20.381275,4,2018
2019-01-27,-18.453822551565736,6.708857026741043,-0.34777465,27.5500125,20.381275,4,2018
2019-01-28,-2.3371284974950868,9.188580754547274,0.0669751,0.6262249999999999,20.381275,4,2018
2019-01-29,-2.769489009995141,9.454685474296184,-1.7356018,1.4912916666666665,20.381275,4,2018
2019-01-30,9.094169145356318,7.4364349198490345,2.9678695,4.2711875,20.381275,4,2018
2019-01-31,44.107592225317944,10.049286005016711,9.477182,38.464445833333336,20.381275,4,2018
2019-02-01,31.01385469077269,7.557342800296055,8.079217,8.322166666666666,20.381275,4,2018
2019-02-02,37.378921666321844,10.820761290850896,-1.6432396,0.6792124999999999,20.381275,4,2018
2019-02-03,45.60300632165274,8.953242049347864,-0.5753792,-0.2600791666666667,20.381275,4,2018
2019-02-04,53.72395323973251,4.901342592783749,9.586784,12.0834125,20.381275,4,2018
2019-02-05,33.83152093005674,9.349617403999218,,7.290816666666667,20.381275,4,2018
2019-02-06,40.394932821981,6.245696409924676,2.7212071,3.1767708333333338,20.381275,4,2018
2019-02-07,27.206222901580702,6.345801010173545,,35.86492916666666,20.381275,4,2018
2019-02-08,6.11680129711317,-13.062573655628967,,22.22845,20.381275,4,2018
2019-02-09,-25.414179097247143,-8.923162358677018,,19.51682083333333,20.381275,4,2018
2019-02-10,-13.83391940034926,-9.82075273683904,,33.71959583333334,20.381275,4,2018
2019-02-11,-4.548746436240435,3.6794153552013995,,8.304533333333334,20.381275,4,2018
2019-02-12,23.268169204146034,9.903775539860135,,13.120816666666665,20.381275,4,2018
2019-02-13,24.00732398206401,23.324089205383302,,9.617145833333334,20.381275,4,2018
2019-02-14,31.347720066139573,23.914281077010628,,11.348608333333331,20.381275,4,2018
2019-02-15,42.9594659239109,15.904926158351827,,15.236179166666666,20.381275,4,2018
2019-02-16,41.924131581716665,3.077584384939655,,11.103108333333331,20.381275,4,2018
2019-02-17,37.816568649410556,1.7491198081106631,,12.182308333333332,20.381275,4,2018
2019-02-18,29.27547899125682,-6.1012830503368605,,14.036245833333334,20.381275,4,2018
2019-02-19,12.063208863566842,2.8163783646818956,,19.563570833333333,20.381275,4,2018
2019-02-20,10.313231138037963,-5.71397557365799,,16.9978625,20.381275,4,2018
2019-02-21,19.6347625429421,4.466808857649312,0.91231567,11.099520833333337,20.381275,4,2018
2019-02-22,-11.7311194062504,30.251761761009845,,5.248283333333334,20.381275,4,2018
2019-02-23,-10.043737310545112,29.097348454358155,,14.356966666666668,20.381275,4,2018
2019-02-24,-9.740389520552071,28.615227109239925,,16.967916666666667,20.381275,4,2018
2019-02-25,-5.02686564273472,24.39222131222914,,38.779091666666666,20.381275,4,2018
2019-02-26,10.021749995872824,23.13683922973985,25.364792,25.86589583333333,20.381275,4,2018
2019-02-27,9.55389351367785,20.117956011226624,,33.83728333333333,20.381275,4,2018
2019-02-28,-29.5608037888569,12.63139834744834,,37.945975,20.381275,4,2018
2019-03-01,-43.545782908617184,4.158649297070497,42.95124,35.73625833333333,20.381275,4,2018
2019-03-02,-20.80565511019313,-5.01155592845862,,73.1446875,20.381275,4,2018
2019-03-03,-20.05866309488465,-13.506545142705818,,67.68511666666667,20.381275,4,2018
2019-03-04,-17.199813434434873,-4.6397831585168205,,28.283058333333333,20.381275,4,2018
2019-03-05,-19.80208305598353,-17.22289220656785,36.405743,35.311308333333336,20.381275,4,2018
2019-03-06,-37.113350718745096,-20.25586898692609,,42.67247916666667,20.381275,4,2018
2019-03-07,-45.62093610183001,-2.4227210840113003,14.81817,21.2483875,20.381275,4,2018
2019-03-08,-28.01777821970154,-6.012305349976032,0.43784198,16.1122875,20.381275,4,2018
2019-03-09,-15.79376395731424,-9.588325297725532,52.984814,66.02399166666667,20.381275,4,2018
2019-03-10,-38.0799660567518,3.317293398244601,60.66331,49.30878333333333,20.381275,4,2018
2019-03-11,-43.29895936097819,0.4816452330883294,16.541561,15.3006625,20.381275,4,2018
2019-03-12,-35.85701327054085,-9.344719824073763,12.242318,25.647179166666664,20.381275,4,2018
2019-03-13,-39.205071538629454,12.820293154340561,25.437462,65.46767916666667,20.381275,4,2018
2019-03-14,-32.8959352173697,-7.848915399908947,,45.46265416666666,20.381275,4,2018
2019-03-15,-26.61411843523456,-2.914240977840109,,66.095275,20.381275,4,2018
2019-03-16,-21.165871449185033,-9.924709480737874,16.612318,19.73208333333333,20.381275,4,2018
2019-03-17,-17.5416758429742,1.6841003958666079,-1.6154671,-0.5094208333333333,20.381275,4,2018
2019-03-18,-25.89767425996797,-5.893485467746359,0.12657847,2.6192166666666665,20.381275,4,2018
2019-03-19,-4.102562523297365,-8.02011761782478,4.473149,4.3439000000000005,20.381275,4,2018
2019-03-20,-29.937884335491617,-8.285145100942373,1.592301,1.7977083333333332,20.381275,4,2018
2019-03-21,-26.724255653856744,-4.151031353753297,2.5259857,2.0582541666666665,20.381275,4,2018
2019-03-22,-35.3294604931898,-11.821481151143871,0.7015914,1.3330499999999998,20.381275,4,2018
2019-03-23,-31.605398915097794,-0.4852837307730624,7.6183033,5.589416666666668,20.381275,4,2018
2019-03-24,-36.50016444715766,1.3485514121412052,-33.65986,-24.358279166666662,20.381275,4,2018
2019-03-25,-41.747043180637775,10.168675186352175,4.7587647,6.477429166666667,20.381275,4,2018
2019-03-26,-9.676235988385088,21.01371235993406,-1.4226325,2.446445833333333,20.381275,4,2018
2019-03-27,-13.268100859749666,19.785400109027478,7.515352,9.0621,20.381275,4,2018
2019-03-28,-20.16531633933846,18.361504638979795,13.385282,12.722908333333336,20.381275,4,2018
2019-03-29,-12.766193813972677,18.08772801720943,7.7988477,8.257875,20.381275,4,2018
2019-03-30,-2.8699004181453347,12.501737919371863,10.52891,8.775491666666666,20.381275,4,2018
2019-03-31,17.671839680033827,10.575149634422132,26.592037,24.879625,20.381275,4,2018
2019-04-01,17.005742681374613,13.68068477895531,4.6311145,14.053879166666666,20.381275,4,2018
2019-04-02,1.5952829174098042,12.242785232700498,4.3305187,8.106629166666666,20.381275,4,2018
2019-04-03,6.5483146789079,12.924169787287383,22.026312,15.338991666666669,20.381275,4,2018
2019-04-04,19.560929221488323,12.578831927021383,14.891777,26.782645833333333,20.381275,4,2018
2019-04-05,25.682194281104444,21.98668714393989,,66.89670416666667,20.381275,4,2018
2019-04-06,7.809515032348145,19.9411119369031,,26.65085,20.381275,4,2018
2019-04-07,4.7822823776980385,30.24076610672404,34.73182,28.38921666666667,20.381275,4,2018
2019-04-08,10.538227007986052,34.3867354225668,-39.33484,-16.033641666666668,20.381275,4,2018
2019-04-09,23.281679830978533,28.213373529061585,23.98354,18.42725833333333,20.381275,4,2018
2019-04-10,33.78687697143732,27.5668159324959,8.248278,18.871470833333333,20.381275,4,2018
2019-04-11,33.43794264077246,30.604536303906286,24.631058,21.1517875,20.381275,4,2018
2019-04-12,38.69897544543369,33.0869275559657,8.565199,18.553854166666667,20.381275,4,2018
2019-04-13,21.78711968330242,26.60823981374807,12.483273,24.099666666666668,20.381275,4,2018
2019-04-14,31.509868468111733,18.588597029586936,7.152649,49.335275,20.381275,4,2018
2019-04-15,26.621609394170378,27.145797085414813,9.834741,13.1090125,20.381275,4,2018
2019-04-16,46.59341205567466,23.093065412418355,20.210703,21.9068875,20.381275,4,2018
2019-04-17,50.66522675401143,28.254407381375415,82.53424,43.45132083333333,20.381275,4,2018
2019-04-18,52.239135947411796,28.04835647321204,-18.519743,-13.774458333333335,20.381275,4,2018
2019-04-19,58.74877634565223,33.9995208405025,-22.705688,-12.020833333333334,20.381275,4,2018
2019-04-20,40.84681910066786,39.246397869494274,-0.5264093,-1.0953583333333323,20.381275,4,2018
2019-04-21,23.4757809975074,54.39636877667067,-5.0210505,5.579787499999999,20.381275,4,2018
2019-04-22,40.38927477293407,66.69434931060232,56.87728,41.59005416666667,20.381275,4,2018
2019-04-23,60.17948465559766,76.42380056968932,99.27374,42.66187916666667,20.381275,4,2018
2019-04-24,48.12269433533902,65.12164519045882,-4.214229,19.57415,20.381275,4,2018
2019-04-25,48.1983122560855,28.703148666012652,-3.0113723,5.2416833333333335,20.381275,4,2018
2019-04-26,29.784225296500836,11.231617978444774,-2.7835865,-0.2810958333333333,20.381275,4,2018
2019-04-27,-1.7313601591663428,14.9312644655447,9.985755,50.53338333333334,20.381275,4,2018
2019-04-28,41.81291371748648,22.60145688519583,3.0910094,10.405858333333333,20.381275,4,2018
2019-04-29,29.71971339566022,41.384582615423824,,12.100579166666668,20.381275,4,2018
2019-04-30,18.089193877182424,32.17532628364319,20.519852,20.7944,20.381275,4,2018
2019-05-01,10.542636519323423,15.261183524280796,10.957486,8.830191666666666,20.381275,4,2018
2019-05-02,15.708296383369543,12.820458489709608,12.9213505,9.765441666666666,20.381275,4,2018
2019-05-03,25.759874632743163,12.940272088641905,8.805058,8.644891666666666,20.381275,4,2018
2019-05-04,40.000793756032635,16.944433940248246,2.5269897,7.754233333333333,20.381275,4,2018
2019-05-05,80.33480361103511,19.21001768434826,2.1638143,9.928483333333332,20.381275,4,2018
2019-05-06,79.53192142303533,22.349439761582744,12.223407,10.490816666666667,20.381275,4,2018
2019-05-07,59.45779406521842,33.88236453889334,0.1008343,2.7574416666666663,20.381275,4,2018
2019-05-08,39.01356561439985,48.8460621422455,,7.246233333333333,20.381275,4,2018
2019-05-09,24.42508214294935,5.277015232049052,13.866332,10.9006125,20.381275,4,2018
2019-05-10,18.20639790446512,32.402766815993914,,4.110133333333334,20.381275,4,2018
2019-05-11,52.257716574813685,7.417383853665115,18.888693,10.576154166666669,20.381275,4,2018
2019-05-12,97.53222167956847,39.85053288187055,0.20497426,-4.1261125000000005,20.381275,4,2018
2019-05-13,109.40203303782982,36.02550295406303,-44.744503,-16.889991666666667,20.381275,4,2018
2019-05-14,130.0508115948278,42.51628787615664,-5.5787435,4.013933333333334,20.381275,4,2018
2019-05-15,123.07841113453105,55.95690114557328,7.4705944,3.2335583333333333,20.381275,4,2018
2019-05-16,116.47191659530745,78.1461996738658,1.1851912,1.3359791666666665,20.381275,4,2018
2019-05-17,125.99018174898265,73.62177173256487,-1.2839513,-2.058570833333333,20.381275,4,2018
2019-05-18,94.86183388597237,59.92715220164155,1.2480776,2.419504166666667,20.381275,4,2018
2019-05-19,79.55950345336441,6.255718801367948,11.103486,11.482016666666668,20.381275,4,2018
2019-05-20,75.35136718651574,42.6985368830085,6.705471,6.9779125,20.381275,4,2018
2019-05-21,89.2934818334843,32.41352085905743,10.671867,9.6003625,20.381275,4,2018
2019-05-22,85.89097198086392,31.44175200055264,14.14622,12.47605,20.381275,4,2018
2019-05-23,98.40269705720675,34.49693954235636,1.9526256,5.418220833333333,20.381275,4,2018
2019-05-24,84.50318439182547,41.44967191168985,6.1490803,6.661241666666666,20.381275,4,2018
2019-05-25,83.64859825449912,42.78003699301871,4.520972,6.610041666666667,20.381275,4,2018
2019-05-26,114.65205484781018,32.27553272707041,11.152516,10.040395833333331,20.381275,4,2018
2019-05-27,101.52587876953112,27.857152510740264,8.229656,7.954658333333334,20.381275,4,2018
2019-05-28,132.74744169091719,26.740743328376823,8.856193,7.724679166666667,20.381275,4,2018
2019-05-29,88.5730287016404,16.535791383008927,19.094078,15.0350125,20.381275,4,2018
2019-05-30,121.23447519370984,15.036554119325956,6.0806327,5.971141666666667,20.381275,4,2018
2019-05-31,129.0768328671893,13.028639582176766,-0.7900288,1.0052375,20.381275,4,2018
2019-06-01,140.09600227414467,25.74538264674851,2.5241053,1.5114041666666669,20.381275,4,2018
2019-06-02,121.01797108467508,10.622324758227478,-0.87425774,0.1082958333333335,20.381275,4,2018
2019-06-03,110.21496488908633,8.558557547130476,8.343322,7.566579166666667,20.381275,4,2018
2019-06-04,102.89032850420881,3.2945998404766215,0.20727265,3.8395541666666655,20.381275,4,2018
2019-06-05,101.13874174168632,11.17398752315762,1.171422,1.9100416666666664,20.381275,4,2018
2019-06-06,126.39990665631831,14.660809891550343,0.33908612,4.592054166666666,20.381275,4,2018
2019-06-07,110.13154041173948,42.26970636586202,,11.2418125,20.381275,4,2018
2019-06-08,84.95845663660111,23.753445557182886,9.038073,14.480729166666668,20.381275,4,2018
2019-06-09,77.55385247673166,31.527718722259635,-6.0091467,-3.011875,20.381275,4,2018
2019-06-10,91.34960611886163,25.672457817580323,14.877682,8.246933333333333,20.381275,4,2018
2019-06-11,117.17983151091721,26.842532815350467,13.638953,11.318070833333332,20.381275,4,2018
2019-06-12,115.82847224669604,18.297364742719537,3.0182364,5.2795125,20.381275,4,2018
2019-06-13,147.91861515468554,17.280888007282556,,3.8333208333333335,20.381275,4,2018
2019-06-14,145.47366298902944,-0.4813224998692931,-23.399273,-14.268083333333337,20.381275,4,2018
2019-06-15,101.10591329624458,-2.6533724462738064,2.923301,2.414,20.381275,4,2018
2019-06-16,106.37672986398138,-10.001418274022399,-16.888014,-10.492604166666666,20.381275,4,2018
2019-06-17,112.08358863903413,-9.856424268833052,53.346184,41.3920375,20.381275,4,2018
2019-06-18,130.45943199371868,25.711407080653487,10.874203,8.079275,20.381275,4,2018
2019-06-19,126.86778188788503,7.886740285599899,-8.640862,0.7307791666666669,20.381275,4,2018
2019-06-20,119.17130796250876,-0.5677946023693039,-2.358914,-3.8859125,20.381275,4,2018
2019-06-21,95.53486133422484,1.5060120450543764,6.67835,5.02645,20.381275,4,2018
2019-06-22,92.88293655833513,11.131462243545684,-8.797191,1.6898333333333333,20.381275,4,2018
2019-06-23,114.71171193973441,20.570545391354017,3.125129,7.329725,20.381275,4,2018
2019-06-24,127.14369764252297,7.998336546241717,20.362015,14.891983333333334,20.381275,4,2018
2019-06-25,135.12854372333095,13.394192674163378,-47.7185,-12.122395833333334,20.381275,4,2018
2019-06-26,168.29536419046235,26.938102624368923,,88.00993333333334,20.381275,4,2018
2019-06-27,163.06786208043923,10.851510260516989,205.46785,234.5315958333333,20.381275,4,2018
2019-06-28,166.00864990440277,1.0752571605712546,-7.8332686,64.52829166666668,20.381275,4,2018
2019-06-29,146.40914073402837,18.04862194120892,50.87572,55.54835416666666,20.381275,4,2018
2019-06-30,100.726391922306,12.647096685066117,108.51168,84.68827499999999,20.381275,4,2018
2019-07-01,106.5556261422671,21.97009906340827,148.52823,115.9208875,20.381275,4,2018
2019-07-02,110.60900168573426,33.308612457311995,213.58333,105.048225,20.381275,4,2018
2019-07-03,121.76877774489003,46.390981906869,300.55957,167.23267916666666,20.381275,4,2018
2019-07-04,112.81451414724324,40.122731147437435,-0.25851652,9.385104166666666,20.381275,4,2018
2019-07-05,74.3401487976098,34.287453237942316,35.092052,40.211775,20.381275,4,2018
2019-07-06,77.76490563205289,25.594114419977075,61.254112,65.06448333333334,20.381275,4,2018
2019-07-07,155.56359989626617,28.23192432791751,107.351295,97.93114166666668,20.381275,4,2018
2019-07-08,148.881391984949,42.41015450064674,-18.988798,16.5131125,20.381275,4,2018
2019-07-09,133.62564862766885,36.71534944101728,41.535515,56.169,20.381275,4,2018
2019-07-10,130.23051239161032,24.87788799309601,215.10063,128.7347125,20.381275,4,2018
2019-07-11,85.92146527727891,9.80478908396276,143.63719,127.11420416666664,20.381275,4,2018
2019-07-12,104.5050993966006,4.290370451550871,134.57712,118.4966125,20.381275,4,2018
2019-07-13,95.34969253884537,14.694437742023865,110.88142,111.92084166666666,20.381275,4,2018
2019-07-14,92.38461234705028,14.473965584131975,115.88534,116.67591666666668,20.381275,4,2018
2019-07-15,66.95912452944549,20.67772702719344,222.97249,147.4451625,20.381275,4,2018
2019-07-16,51.51973448487411,20.646003090196473,30.144901,67.24306666666666,20.381275,4,2018
2019-07-17,54.053724007982964,19.801212647364082,30.72759,56.1835375,20.381275,4,2018
2019-07-18,78.0036328600736,17.84343393026802,-2.6342866,59.81442083333334,20.381275,4,2018
2019-07-19,37.48932904634603,21.26642321030181,32.65643,81.10935416666666,20.381275,4,2018
2019-07-20,26.047660870307766,13.800706325465171,18.740307,29.602204166666667,20.381275,4,2018
2019-07-21,47.26281576171482,8.750574976662847,39.327415,45.37007083333333,20.381275,4,2018
2019-07-22,73.19721095871182,16.078720903033854,29.535042,42.072179166666665,20.381275,4,2018
2019-07-23,107.1483449178595,14.569422044675775,56.617725,57.38922083333333,20.381275,4,2018
2019-07-24,78.75993479069894,16.41961686668401,21.977098,53.27169583333333,20.381275,4,2018
2019-07-25,65.06513117503482,11.740424793024886,57.07863,58.87762916666667,20.381275,4,2018
2019-07-26,65.73225086669845,21.329497801349135,50.6203,51.48057916666667,20.381275,4,2018
2019-07-27,52.74531955443558,22.59717521048401,,36.80232083333333,20.381275,4,2018
2019-07-28,38.43670028486423,25.1435908797186,45.796135,45.6533375,20.381275,4,2018
2019-07-29,38.31149751992075,21.67453226269049,-1.2617499,53.4364375,20.381275,4,2018
2019-07-30,18.173556675360828,34.64678153850872,,80.64677083333333,20.381275,4,2018
2019-07-31,-14.789176028053589,25.329267612623596,-38.31848,25.33655,20.381275,4,2018
2019-08-01,-12.826369070352484,21.723086317563457,36.024338,92.5789125,20.381275,4,2018
2019-08-02,5.701957811290413,18.030494707705657,36.293507,49.0496875,20.381275,4,2018
2019-08-03,16.824589660525817,12.653498743273758,,186.9014,20.381275,4,2018
2019-08-04,29.534141914910265,11.977696388002641,62.310215,73.919875,20.381275,4,2018
2019-08-05,-15.228238588709246,8.654523649688144,175.01552,109.27535833333332,20.381275,4,2018
2019-08-06,11.47910627653664,7.953113061586464,80.613205,68.755675,20.381275,4,2018
2019-08-07,12.695006443346301,12.18821944744991,,84.23675,20.381275,4,2018
2019-08-08,4.832733528094195,15.875552710776674,,115.23624166666669,20.381275,4,2018
2019-08-09,12.013016795398471,8.912295125939409,,157.18819583333334,20.381275,4,2018
2019-08-10,-23.541549799698714,9.932726274326797,,93.25835416666666,20.381275,4,2018
2019-08-11,-25.24034855830996,8.512899417948347,,73.74499999999999,20.381275,4,2018
2019-08-12,-11.771508961971449,14.76849094247359,,67.30297916666667,20.381275,4,2018
2019-08-13,-23.388527654424706,14.859583912865219,,64.3783625,20.381275,4,2018
2019-08-14,-34.267884700746436,10.868705138897894,,60.305708333333335,20.381275,4,2018
2019-08-15,-41.01726308859361,15.593173536350832,,48.68387083333334,20.381275,4,2018
2019-08-16,-31.032902189179367,15.478597830089484,-55.303383,27.6894,20.381275,4,2018
2019-08-17,-56.70092847073465,6.5940392831353165,39.037636,32.92910833333333,20.381275,4,2018
2019-08-18,-73.30544708791149,10.902573322227454,36.727512,39.898720833333336,20.381275,4,2018
2019-08-19,-23.208796176852047,12.654086791751297,23.94337,33.876133333333335,20.381275,4,2018
2019-08-20,-38.19036235760177,18.771379541289434,-8.46609,7.907858333333334,20.381275,4,2018
2019-08-21,-14.805174355619329,-0.4204518122464833,-49.138737,1.8936666666666675,20.381275,4,2018
2019-08-22,2.3245618898818066,0.23782158492895178,78.60986,78.96392916666666,20.381275,4,2018
2019-08-23,9.636479382761081,-6.824664493150067,164.72357,119.5206875,20.381275,4,2018
2019-08-24,-8.076444139531304,-0.23046272383953692,112.38752,109.49605833333334,20.381275,4,2018
2019-08-25,10.926630470667988,7.79697340713733,241.01665,197.50925,20.381275,4,2018
2019-08-26,16.098810002617256,7.365690131268593,-1.920231,177.042025,20.381275,4,2018
2019-08-27,5.9345846755397815,6.806471369524161,,111.45020833333332,20.381275,4,2018
2019-08-28,13.041680622471404,4.451712204415799,173.94043,96.07356666666668,20.381275,4,2018
2019-08-29,-25.99915267781944,1.0917463807791137,11.705905,23.1918125,20.381275,4,2018
2019-08-30,-2.000747723459426,-5.296829324086957,38.431866,50.02326666666667,20.381275,4,2018
2019-08-31,-4.078675823690901,7.9066299600474395,246.12535,253.298825,20.381275,4,2018
2019-09-01,-27.97708867403253,12.192898267945111,226.41759,165.84964583333334,20.381275,4,2018
2019-09-02,-9.111971941152206,12.240438152255365,24.130114,28.589575,20.381275,4,2018
2019-09-03,0.17389986317630246,9.60782693375404,17.053495,23.3156375,20.381275,4,2018
2019-09-04,-9.284046857098474,20.261259163982004,90.29537,67.91776666666667,20.381275,4,2018
2019-09-05,-4.6781716449258965,24.578809946396404,45.87104,46.37356666666667,20.381275,4,2018
2019-09-06,-8.277921479354518,22.274019561483783,56.96222,41.04227083333333,20.381275,4,2018
2019-09-07,-13.219107046884801,12.255541623442241,,5.967162500000001,20.381275,4,2018
2019-09-08,-0.6861304099102199,5.112238935177629,-11.699708,4.5404375,20.381275,4,2018
2019-09-09,22.7703128749107,3.8985051730489886,,5.032495833333333,20.381275,4,2018
2019-09-10,7.033285928531768,13.85473178791176,-6.098183,-1.2044875,20.381275,4,2018
2019-09-11,-21.709650955539473,12.588605463166914,,-2.747783333333333,20.381275,4,2018
2019-09-12,-4.599485645166169,12.318437243213793,,18.958525,20.381275,4,2018
2019-09-13,20.37949611119916,18.296030128348775,86.348045,80.48996666666666,20.381275,4,2018
2019-09-14,-20.64396734619504,24.06084321147341,,138.19716666666667,20.381275,4,2018
2019-09-15,-37.91362163060694,24.180805100891348,52.51955,67.94532083333333,20.381275,4,2018
2019-09-16,-30.620852359747005,25.484191966885817,49.55459,89.66689583333334,20.381275,4,2018
2019-09-17,-13.912002011236382,25.49906959336755,15.940833,56.1202125,20.381275,4,2018
2019-09-18,-1.8020486996315412,29.595591702446825,,54.0048,20.381275,4,2018
2019-09-19,-13.814665500052797,28.19731298767141,9.084811,43.9599,20.381275,4,2018
2019-09-20,-30.054403158461355,16.237330361088652,-47.407448,214.633125,20.381275,4,2018
2019-09-21,-10.142638542025452,14.046670810980459,,138.77712499999998,20.381275,4,2018
2019-09-22,11.342708006049406,14.242371639817065,64.456245,95.42015416666668,20.381275,4,2018
2019-09-23,17.883759567676293,5.836288537420387,,56.6405375,20.381275,4,2018
2019-09-24,2.0185789609140556,2.0599162121525296,,75.84025416666667,20.381275,4,2018
2019-09-25,-3.917993707813821,7.8216441713805125,,75.36799166666667,20.381275,4,2018
2019-09-26,7.002673317932931,5.159294744799126,4.3404484,19.419866666666667,20.381275,4,2018
2019-09-27,-18.302494667702376,9.506420104412882,47.065414,45.26790416666666,20.381275,4,2018
2019-09-28,-40.018398831181,2.670627566669282,-0.8922973,42.64768333333334,20.381275,4,2018
2019-09-29,-31.550357577600153,12.449512396613045,71.462585,46.64625,20.381275,4,2018
2019-09-30,-34.74066885873435,4.247037244465446,3.1843565,58.4703625,20.381275,4,2018
2019-10-01,-43.30251151468019,7.9876800851357075,18.159817,20.663666666666668,20.381275,4,2018
2019-10-02,-22.55762708708062,12.086485356347339,19.324198,19.687254166666666,20.381275,4,2018
2019-10-03,-3.858537745513786,7.694054696637977,4.3534884,36.7628875,20.381275,4,2018
2019-10-04,-59.36810500829688,16.78302741682637,-1.4277251,5.530616666666666,20.381275,4,2018
2019-10-05,-47.47049685417551,1.4763096312294692,18.99679,25.28657083333333,20.381275,4,2018
2019-10-06,-12.239663729626045,11.36472147296945,12.91724,20.919975,20.381275,4,2018
2019-10-07,14.379787489843693,6.813127396494565,5.1929216,7.523583333333334,20.381275,4,2018
2019-10-08,-5.522002460822478,6.974871408607896,1.7077451,-2.026412499999998,20.381275,4,2018
2019-10-09,-6.81915899580963,7.133526887847893,9.345536,8.7590375,20.381275,4,2018
2019-10-10,-0.5759352386844512,6.425131306526055,-36.294243,-26.9225,20.381275,4,2018
2019-10-11,-28.035198090543417,2.7270359038161587,,29.956375,20.381275,4,2018
2019-10-12,-20.805392618988662,0.06131840827356427,,8.520304166666667,20.381275,4,2018
2019-10-13,-24.801122366773598,6.096964461804191,18.831358,20.5266875,20.381275,4,2018
2019-10-14,-15.174179036495843,10.08137981598361,,14.911975,20.381275,4,2018
2019-10-15,-30.642628902787692,6.99407928771916,11.760349,20.068316666666664,20.381275,4,2018
2019-10-16,-43.834386874463235,1.8156221252111209,41.713936,29.475641666666665,20.381275,4,2018
2019-10-17,-50.24262214785085,4.515419160637521,22.000391,20.82665833333333,20.381275,4,2018
2019-10-18,-18.05175420585647,9.002184727562508,16.142263,22.387966666666667,20.381275,4,2018
2019-10-19,-39.98505903923706,8.137555744932797,17.126703,16.75110833333333,20.381275,4,2018
2019-10-20,-73.39377367372617,7.266269030844342,61.173546,80.51790833333332,20.381275,4,2018
2019-10-21,-21.8912198715434,7.642432562751765,6.6276107,16.755712499999998,20.381275,4,2018
2019-10-22,14.400987915825226,6.616543642697479,21.853048,60.32886249999999,20.381275,4,2018
2019-10-23,25.755799201120567,7.5435245133180615,,59.62337083333333,20.381275,4,2018
2019-10-24,-31.153573145747032,10.085027421032692,6.2471976,30.09882083333333,20.381275,4,2018
2019-10-25,-11.47311100611978,11.539530388214189,,28.824841666666668,20.381275,4,2018
2019-10-26,6.2968310601454505,9.790495244737713,,40.017925,20.381275,4,2018
2019-10-27,-33.874202437673375,5.949681328773295,33.371548,54.47614166666667,20.381275,4,2018
2019-10-28,-19.999919608711025,8.764752910680727,152.32774,92.26806666666666,20.381275,4,2018
2019-10-29,-22.147223793385365,14.846575257849054,364.15256,111.20174166666668,20.381275,4,2018
2019-10-30,-6.05372782563154,16.675837258545243,,31.12985833333333,20.381275,4,2018
2019-10-31,-22.30831157748753,-0.04454736256684555,312.55377,106.85197916666664,20.381275,4,2018
2019-11-01,-53.31713730907177,-11.19275676384268,45.973232,32.403125,20.381275,4,2018
2019-11-02,-54.46668515375495,3.7640568372235066,,45.01876666666666,20.381275,4,2018
2019-11-03,-30.57744926863961,-9.173094893049438,49.915592,36.95149166666666,20.381275,4,2018
2019-11-04,-13.680484768896804,-4.607704687944988,-4.6173124,4.9343375,20.381275,4,2018
2019-11-05,-30.762215804770676,0.29285269549654913,-3.7088544,-2.662570833333333,20.381275,4,2018
2019-11-06,-27.535735281046982,-11.51067452017196,-4.5635514,-0.0199833333333332,20.381275,4,2018
2019-11-07,-18.96558835790529,-2.778584159781076,7.6507196,3.175025,20.381275,4,2018
2019-11-08,-23.002055377032775,-0.8710435320385841,3.1188765,11.536825,20.381275,4,2018
2019-11-09,-23.940035310915846,3.0486660357514666,13.607731,9.927404166666667,20.381275,4,2018
2019-11-10,-28.256577036232557,-2.1337796294737927,6.854955,3.86995,20.381275,4,2018
2019-11-11,-20.424637195491414,0.9603235117583608,,9.312733333333334,20.381275,4,2018
2019-11-12,-50.79696266396422,4.303300700103364,3.7801316,4.8178625,20.381275,4,2018
2019-11-13,-57.688809005279836,-8.564370971937933,1.8834244,3.3868875000000003,20.381275,4,2018
2019-11-14,-47.38917230646439,-9.893244625968691,-1.8771595,5.2766166666666665,20.381275,4,2018
2019-11-15,-45.8656188121131,-3.787607167704209,-2.0644906,2.099020833333334,20.381275,4,2018
2019-11-16,-75.23650283680217,-4.4444215228600115,3.3029864,26.32428333333333,20.381275,4,2018
2019-11-17,-60.2202605452494,-7.874527041716192,56.182175,41.866800000000005,20.381275,4,2018
2019-11-18,-23.82787997809828,8.011478151348456,-1.84577,-0.2222958333333332,20.381275,4,2018
2019-11-19,4.314627025127265,6.181317885296721,6.3692236,11.679145833333331,20.381275,4,2018
2019-11-20,-30.597344056552174,10.22625962045413,11.995932,12.733541666666667,20.381275,4,2018
2019-11-21,-29.380087117023322,22.00603990456011,,28.3693625,20.381275,4,2018
2019-11-22,2.373685243860564,17.572459487329752,,24.17524583333333,20.381275,4,2018
2019-11-23,-21.003590523244384,2.4133180067583453,5.1730237,9.560858333333334,20.381275,4,2018
2019-11-24,8.649449387897903,2.0933957721404113,0.42747554,4.438949999999999,20.381275,4,2018
2019-11-25,6.15140752389425,-1.4514456748811426,-8.03026,-3.954125,20.381275,4,2018
2019-11-26,-9.162223666412501,4.9192806280811965,10.197137,9.881479166666669,20.381275,4,2018
2019-11-27,-33.41914495842866,-11.953497182107185,6.470717,12.505133333333331,20.381275,4,2018
2019-11-28,-19.55849462721517,-19.421784435361587,7.9119644,10.025045833333332,20.381275,4,2018
2019-11-29,-40.02564631560563,2.0948684500667696,-2.3410506,6.1723791666666665,20.381275,4,2018
2019-11-30,-41.98748512392922,4.950068800979125,-11.048216,-5.9477416666666665,20.381275,4,2018
2019-12-01,-24.446254712194786,20.427978577561817,7.64997,11.2478125,20.381275,4,2018
2019-12-02,0.33834889828631276,23.207160452967628,34.615482,37.13876666666667,20.381275,4,2018
2019-12-03,-21.840603385778195,11.981923519087559,9.665634,21.767970833333333,20.381275,4,2018
2019-12-04,-7.4168276055434035,-4.455129118616242,,18.551145833333333,20.381275,4,2018
2019-12-05,-40.85539805780809,-8.686320294761117,,17.392479166666668,20.381275,4,2018
2019-12-06,-49.57377410500976,-6.235214926195113,37.52065,41.837066666666665,20.381275,4,2018
2019-12-07,-31.34073960146179,-17.314153921305206,-23.019539,-10.466933333333332,20.381275,4,2018
2019-12-08,-17.960492491119112,-16.767350652634377,,-52.17360416666667,20.381275,4,2018
2019-12-09,-45.76324724237111,-9.05049445568011,,-17.112212500000002,20.381275,4,2018
2019-12-10,-66.4662285286031,-14.07361477774748,,-16.618683333333333,20.381275,4,2018
2019-12-11,-36.27457882424369,-12.560158672326452,,-10.194170833333333,20.381275,4,2018
2019-12-12,-7.777507565363976,-13.75244826664084,,-14.103516666666666,20.381275,4,2018
2019-12-13,-59.97925271182885,-17.863149161982165,,-17.171924999999998,20.381275,4,2018
2019-12-14,-52.53814522965513,-18.440629811808776,,-20.272045833333333,20.381275,4,2018
2019-12-15,-22.505756097896665,-14.796249654667463,,-13.9837125,20.381275,4,2018
2019-12-16,-14.091822122202757,-4.91632275588745,,-0.0731958333333334,20.381275,4,2018
2018-12-17,32.410027084081094,-9.365381631739638,,15.690695833333336,17.53322916666667,9,2018
2018-12-18,52.33970075951265,16.00710341642298,,186.5020375,17.53322916666667,9,2018
2018-12-19,12.361103995358008,0.667553776407658,,21.251825,17.53322916666667,9,2018
2018-12-20,-42.058316841415035,-19.990425608653368,,30.572,17.53322916666667,9,2018
2018-12-21,2.893530324935,-27.978895431673664,,21.152429166666668,17.53322916666667,9,2018
2018-12-22,27.029577826270952,-15.247018641246996,,20.50675,17.53322916666667,9,2018
2018-12-23,-18.18949731764451,-23.67701912404027,,22.5539625,17.53322916666667,9,2018
2018-12-24,37.827669981973486,22.27502009613977,,241.72675,17.53322916666667,9,2018
2018-12-25,72.88089883039947,25.30743609983392,,24.95970833333333,17.53322916666667,9,2018
2018-12-26,114.9478790262674,20.41585625648281,,29.126795833333333,17.53322916666667,9,2018
2018-12-27,41.376805887369414,1.4362200654563821,,35.52939583333333,17.53322916666667,9,2018
2018-12-28,81.98922431120809,-9.311117540925352,,32.28371666666667,17.53322916666667,9,2018
2018-12-29,81.41580716158569,-17.102865546592966,,15.271675,17.53322916666667,9,2018
2018-12-30,55.56524551913731,-18.767387044672887,,18.853479166666663,17.53322916666667,9,2018
2018-12-31,16.966658763722535,-32.12091118681019,,12.4639875,17.53322916666667,9,2018
2019-01-01,22.74003690075915,-29.609013537085048,,21.593304166666663,17.53322916666667,9,2018
2019-01-02,1.4574034465545083,-17.636649933317585,,32.05569583333334,17.53322916666667,9,2018
2019-01-03,54.52618431318615,-7.860897952944015,,30.4634125,17.53322916666667,9,2018
2019-01-04,68.34038392813909,-7.353171783971902,,29.82862916666667,17.53322916666667,9,2018
2019-01-05,32.02058899697636,-16.943557248318484,,29.694366666666667,17.53322916666667,9,2018
2019-01-06,19.661838340234,-32.374279969677445,,25.78279583333333,17.53322916666667,9,2018
2019-01-07,9.115151396830242,-23.912395327983177,,13.8311125,17.53322916666667,9,2018
2019-01-08,17.373711033339987,-14.850929640636878,,25.685291666666668,17.53322916666667,9,2018
2019-01-09,36.34177843587605,-16.892504413538063,,35.182770833333336,17.53322916666667,9,2018
2019-01-10,11.143874327642607,-11.518361762588484,,6.835312500000001,17.53322916666667,9,2018
2019-01-11,12.255207543727465,-20.89749294198964,,4.559279166666666,17.53322916666667,9,2018
2019-01-12,-25.01787874008278,-12.239581914185692,,7.062591666666666,17.53322916666667,9,2018
2019-01-13,-45.5635084806554,-12.727706467239841,,11.182204166666668,17.53322916666667,9,2018
2019-01-14,33.80024016002835,-14.272971734074872,,10.167266666666666,17.53322916666667,9,2018
2019-01-15,-5.967944336421169,-1.6012906538880998,,7.815391666666667,17.53322916666667,9,2018
2019-01-16,-14.833093874639872,-7.365150928030289,,7.349329166666667,17.53322916666667,9,2018
2019-01-17,27.94261683450884,-7.8912514813150665,,6.82405,17.53322916666667,9,2018
2019-01-18,45.21086576828384,23.596751944023026,,11.327433333333332,17.53322916666667,9,2018
2019-01-19,7.130659938458848,-2.8737491528186183,,11.5786125,17.53322916666667,9,2018
2019-01-20,-17.886664283130358,-12.101641081750131,,8.362083333333333,17.53322916666667,9,2018
2019-01-21,-50.97405900256217,-6.269976261415195,,5.310695833333333,17.53322916666667,9,2018
2019-01-22,-45.42757894446186,-19.565898924567136,,5.016516666666667,17.53322916666667,9,2018
2019-01-23,-70.25319254442002,-24.6689017972094,,5.429616666666667,17.53322916666667,9,2018
2019-01-24,-44.92999107214018,-27.687250658627818,,62.78659166666666,17.53322916666667,9,2018
2019-01-25,-71.1763366117857,-20.29084849665378,,18.58935,17.53322916666667,9,2018
2019-01-26,-82.62720518976494,-17.688814094496138,,51.397841666666665,17.53322916666667,9,2018
2019-01-27,-16.199762853137145,-11.653834495906722,,119.85297083333334,17.53322916666667,9,2018
2019-01-28,-13.651934589190205,-2.7312062018631877,,7.011170833333334,17.53322916666667,9,2018
2019-01-29,-38.49958381441684,3.449548057575612,,8.262233333333333,17.53322916666667,9,2018
2019-01-30,-13.651055073206408,-7.065968907541901,,8.546975,17.53322916666667,9,2018
2019-01-31,33.30513157252874,-8.527080176020263,,23.200716666666665,17.53322916666667,9,2018
2019-02-01,16.462585313264526,-14.238956964748013,,18.701629166666667,17.53322916666667,9,2018
2019-02-02,11.276289208877643,-10.841911701747904,,9.544954166666669,17.53322916666667,9,2018
2019-02-03,7.4220183574634575,-10.442297819249234,,7.868733333333334,17.53322916666667,9,2018
2019-02-04,8.492430217464971,-17.75350965395546,,14.78265,17.53322916666667,9,2018
2019-02-05,-9.423092197978804,-13.061230518816501,,10.997866666666669,17.53322916666667,9,2018
2019-02-06,20.140597582100213,-8.272402346107356,,11.429283333333332,17.53322916666667,9,2018
2019-02-07,-4.427182327782248,-4.4245540067609,,70.87300833333333,17.53322916666667,9,2018
2019-02-08,-42.94287129274744,-17.9112327780731,,210.25799166666664,17.53322916666667,9,2018
2019-02-09,-61.92440798827374,-22.647235448127503,,31.648733333333336,17.53322916666667,9,2018
2019-02-10,-21.58285065889868,-26.35296354962702,,84.97642083333334,17.53322916666667,9,2018
2019-02-11,-14.015692854954068,-9.463331758725872,,16.8990875,17.53322916666667,9,2018
2019-02-12,26.87528924615981,4.716313565448218,,15.280604166666668,17.53322916666667,9,2018
2019-02-13,56.02873510220343,31.943526096239054,,13.9164125,17.53322916666667,9,2018
2019-02-14,81.9478529702028,36.73876144062086,,17.4900625,17.53322916666667,9,2018
2019-02-15,118.10502778224509,27.085072983789303,,16.032475,17.53322916666667,9,2018
2019-02-16,127.5960961199562,18.25016405158908,,18.236316666666667,17.53322916666667,9,2018
2019-02-17,88.58360334730605,13.531023884689148,,19.844133333333332,17.53322916666667,9,2018
2019-02-18,25.826637736559746,-5.838011190210182,,17.501470833333332,17.53322916666667,9,2018
2019-02-19,16.474119585865992,15.521225379001862,,19.1125375,17.53322916666667,9,2018
2019-02-20,1.57294730219337,7.309581784069678,,23.02154583333333,17.53322916666667,9,2018
2019-02-21,-40.35053542924834,30.45615420201773,,19.97765833333333,17.53322916666667,9,2018
2019-02-22,-75.16935963208562,55.82252269376977,,23.933308333333333,17.53322916666667,9,2018
2019-02-23,-41.68791107112247,63.0151021399638,,19.03045,17.53322916666667,9,2018
2019-02-24,0.18489040399708756,64.55602437050675,,21.3477,17.53322916666667,9,2018
2019-02-25,32.70268602768965,75.97201911703542,,24.5590375,17.53322916666667,9,2018
2019-02-26,68.41793132968724,84.99605424042011,,26.7619,17.53322916666667,9,2018
2019-02-27,79.60744389243473,90.33536055866261,,26.548604166666667,17.53322916666667,9,2018
2019-02-28,49.598191485412826,14.802940356327326,,34.180729166666666,17.53322916666667,9,2018
2019-03-01,66.20355893778333,22.76567922335653,,25.222154166666662,17.53322916666667,9,2018
2019-03-02,64.15019251454123,-15.66746818922229,,28.644391666666667,17.53322916666667,9,2018
2019-03-03,32.407840225539985,-23.05092987571379,,183.99582916666668,17.53322916666667,9,2018
2019-03-04,9.284938889423302,-20.82298293866461,,74.0156625,17.53322916666667,9,2018
2019-03-05,-12.171927362966926,-3.6448801320079838,,41.40040833333334,17.53322916666667,9,2018
2019-03-06,-50.13733931202296,-24.681392287769995,,87.2377375,17.53322916666667,9,2018
2019-03-07,-66.42526626479957,-16.95471823797334,,25.13857916666667,17.53322916666667,9,2018
2019-03-08,-35.72885620118086,-11.543959768489003,,17.827620833333334,17.53322916666667,9,2018
2019-03-09,-45.53487989448513,-11.901455744089162,,20.53250833333333,17.53322916666667,9,2018
2019-03-10,-49.43879226433364,-16.394562007641525,,83.93888749999999,17.53322916666667,9,2018
2019-03-11,-26.301228919510322,-16.03192870418252,,30.474925,17.53322916666667,9,2018
2019-03-12,4.541112617885119,-22.963158953098173,,165.57193333333333,17.53322916666667,9,2018
2019-03-13,-11.054901155824155,-4.5441613626039725,,22.86545,17.53322916666667,9,2018
2019-03-14,6.294659541999408,-31.3807337158878,,109.54319166666666,17.53322916666667,9,2018
2019-03-15,31.074487176149887,-30.011027339167413,,84.2821125,17.53322916666667,9,2018
2019-03-16,18.291768907497044,-27.52496973268717,,14.439316666666665,17.53322916666667,9,2018
2019-03-17,-7.669821400975707,-19.590221973188818,,14.748658333333331,17.53322916666667,9,2018
2019-03-18,-4.3960890514713356,-21.121282034192518,,8.8924,17.53322916666667,9,2018
2019-03-19,12.16535032738284,-16.154106428443356,,8.367779166666667,17.53322916666667,9,2018
2019-03-20,-11.02437036066567,-1.4985543236412013,,8.722095833333332,17.53322916666667,9,2018
2019-03-21,-35.328390074511844,12.450763491055113,,6.9886875,17.53322916666667,9,2018
2019-03-22,-56.827428777427485,2.466695763635471,,6.990983333333333,17.53322916666667,9,2018
2019-03-23,-29.27022943448901,21.254469633568533,,9.2903125,17.53322916666667,9,2018
2019-03-24,-6.779993262717198,15.219844568553981,,10.105375,17.53322916666667,9,2018
2019-03-25,-26.510955982902487,27.413798048442743,,14.019316666666668,17.53322916666667,9,2018
2019-03-26,-21.29545687977452,39.30054775958973,,16.9340375,17.53322916666667,9,2018
2019-03-27,-5.11328661058451,29.687385217546478,,18.5827125,17.53322916666667,9,2018
2019-03-28,8.53092267766283,28.397774026321486,,17.736629166666667,17.53322916666667,9,2018
2019-03-29,22.30613723528745,31.7352529614015,,19.267775,17.53322916666667,9,2018
2019-03-30,18.532742651150784,17.528695044694132,,22.805766666666667,17.53322916666667,9,2018
2019-03-31,40.65054385926044,24.89972419322862,,20.177416666666662,17.53322916666667,9,2018
2019-04-01,24.263915952383513,29.851311826980066,,20.84644583333333,17.53322916666667,9,2018
2019-04-02,-1.4397017502137714,17.70524935599974,,21.8017875,17.53322916666667,9,2018
2019-04-03,4.480869181971684,12.556145187206766,,24.720358333333333,17.53322916666667,9,2018
2019-04-04,12.27053089391029,25.67372680914997,,22.81492916666667,17.53322916666667,9,2018
2019-04-05,-3.7580956565734596,40.32814755981599,,46.995441666666665,17.53322916666667,9,2018
2019-04-06,-38.72210817627092,31.74704631623075,,19.759625,17.53322916666667,9,2018
2019-04-07,-37.525223281390026,38.43174533725784,,19.1277875,17.53322916666667,9,2018
2019-04-08,-30.893734125138508,49.461430158909025,,18.376054166666663,17.53322916666667,9,2018
2019-04-09,-28.634434829550628,39.830435259845444,,16.889520833333332,17.53322916666667,9,2018
2019-04-10,-26.6884068550753,38.83217907864838,,14.915266666666668,17.53322916666667,9,2018
2019-04-11,-19.843669162519745,37.25637278972482,,15.2385875,17.53322916666667,9,2018
2019-04-12,0.11964940826874226,36.892976727733355,,14.321920833333332,17.53322916666667,9,2018
2019-04-13,-10.439567228927444,28.67726878035279,,17.787754166666666,17.53322916666667,9,2018
2019-04-14,-5.176833344902207,32.566883049755404,,70.87789583333333,17.53322916666667,9,2018
2019-04-15,-11.141080086329566,33.03404708356197,,67.5749125,17.53322916666667,9,2018
2019-04-16,21.462373746680328,22.875172145385932,,14.711658333333332,17.53322916666667,9,2018
2019-04-17,33.69037651178485,34.89868360915881,,12.135816666666663,17.53322916666667,9,2018
2019-04-18,16.99155452042669,35.42467337070144,,10.520466666666666,17.53322916666667,9,2018
2019-04-19,-9.580423289778082,36.316215371986516,,13.5295,17.53322916666667,9,2018
2019-04-20,-27.80831023853716,32.725817212839104,,12.756804166666669,17.53322916666667,9,2018
2019-04-21,-55.56017578588944,30.81852032692933,,14.0916625,17.53322916666667,9,2018
2019-04-22,-56.573037301555814,28.401523474548924,,16.86972916666667,17.53322916666667,9,2018
2019-04-23,-41.785366896489904,35.39986369065849,,16.237491666666667,17.53322916666667,9,2018
2019-04-24,-51.057067584753895,38.481017833966405,,18.797791666666665,17.53322916666667,9,2018
2019-04-25,-63.42585767782293,18.12421259014195,,14.5561625,17.53322916666667,9,2018
2019-04-26,-49.90460847398481,14.763324638312952,,15.360795833333333,17.53322916666667,9,2018
2019-04-27,-68.13544759654997,14.327551740154831,,27.902383333333333,17.53322916666667,9,2018
2019-04-28,-26.676966329332572,11.099966707986368,,12.522129166666666,17.53322916666667,9,2018
2019-04-29,-16.688235121812795,24.8739710788891,,12.358624999999998,17.53322916666667,9,2018
2019-04-30,-21.99512207181533,16.193269337481752,,13.893666666666666,17.53322916666667,9,2018
2019-05-01,-15.459667197655108,8.100397899105701,,13.435758333333334,17.53322916666667,9,2018
2019-05-02,-25.3464836383082,2.436482003308356,,16.452670833333332,17.53322916666667,9,2018
2019-05-03,-37.80814789208489,2.010939444171072,,11.442358333333331,17.53322916666667,9,2018
2019-05-04,-38.14556840400837,8.278994187443459,,14.713654166666666,17.53322916666667,9,2018
2019-05-05,-33.58133043302223,7.574524042770236,,10.711475,17.53322916666667,9,2018
2019-05-06,-55.23048683307934,4.951609658439111,,8.977125,17.53322916666667,9,2018
2019-05-07,-64.7364728527482,-3.5555717609090607,,10.830325,17.53322916666667,9,2018
2019-05-08,-80.96749716675913,7.407860877305666,,9.575220833333333,17.53322916666667,9,2018
2019-05-09,-84.10724650575503,8.429258470582226,,7.965016666666667,17.53322916666667,9,2018
2019-05-10,-59.65117961396572,-7.829780813796333,,6.833654166666666,17.53322916666667,9,2018
2019-05-11,-33.9556906162652,7.874617964520894,,7.2557,17.53322916666667,9,2018
2019-05-12,0.753664527379442,8.59647218578084,,5.589554166666667,17.53322916666667,9,2018
2019-05-13,4.2298679334096505,14.637531694281506,,12.333941666666666,17.53322916666667,9,2018
2019-05-14,16.242858016777518,18.12590344257592,,11.520016666666663,17.53322916666667,9,2018
2019-05-15,-1.659509157652792,21.857570447644093,,35.42616666666667,17.53322916666667,9,2018
2019-05-16,-7.1042380797671285,19.651023361712305,,10.98375,17.53322916666667,9,2018
2019-05-17,17.556583882924542,14.9254044346294,,9.641166666666669,17.53322916666667,9,2018
2019-05-18,-12.12186994937747,16.399248231012734,,6.961204166666668,17.53322916666667,9,2018
2019-05-19,-37.157306064074874,9.734187472402937,,10.091495833333331,17.53322916666667,9,2018
2019-05-20,-63.55313523119912,12.254488249647693,,10.445766666666666,17.53322916666667,9,2018
2019-05-21,-49.1823622204065,16.902092745377104,,8.2064,17.53322916666667,9,2018
2019-05-22,-77.43592004800485,19.856867600664373,,9.680691666666666,17.53322916666667,9,2018
2019-05-23,-56.664016071228616,14.1961800057843,,12.106616666666667,17.53322916666667,9,2018
2019-05-24,-77.13756640885003,10.366651507123606,,12.392825,17.53322916666667,9,2018
2019-05-25,-95.11567763616404,8.22499258783364,,14.416216666666664,17.53322916666667,9,2018
2019-05-26,-70.7840179393852,6.866840937574807,,20.93505833333333,17.53322916666667,9,2018
2019-05-27,-83.51439818904873,9.010734441079421,,18.56289583333333,17.53322916666667,9,2018
2019-05-28,-66.65970840913178,12.745263282071619,,16.1104125,17.53322916666667,9,2018
2019-05-29,-79.64792320111519,6.406463750218791,,15.316420833333334,17.53322916666667,9,2018
2019-05-30,-24.84381298175458,19.568197159773035,,1.4413166666666666,17.53322916666667,9,2018
2019-05-31,-18.303899166095107,2.6525259004911277,,0.8544416666666667,17.53322916666667,9,2018
2019-06-01,-16.828136115840152,8.702160689833818,,3.3805791666666667,17.53322916666667,9,2018
2019-06-02,-39.468524074520246,0.6244915829684032,,8.097608333333334,17.53322916666667,9,2018
2019-06-03,-58.10197016111033,4.905114625481701,,9.506241666666666,17.53322916666667,9,2018
2019-06-04,-52.748492726803306,0.9893304943402654,,9.6554875,17.53322916666667,9,2018
2019-06-05,-62.79444701689681,18.679568981306375,,8.558412500000001,17.53322916666667,9,2018
2019-06-06,-35.39188567417932,13.569858947043485,,8.430279166666667,17.53322916666667,9,2018
2019-06-07,-52.054343259032976,22.6965434717697,,50.82515833333333,17.53322916666667,9,2018
2019-06-08,-86.48078060993612,20.510463881832948,,11.524308333333332,17.53322916666667,9,2018
2019-06-09,-86.28841887375893,25.89350950150805,,14.555437499999998,17.53322916666667,9,2018
2019-06-10,-100.02225868140158,20.06367146655225,,10.786716666666663,17.53322916666667,9,2018
2019-06-11,-69.5588930816757,19.8391630802696,,8.946995833333334,17.53322916666667,9,2018
2019-06-12,-56.39662275829414,37.7481321641655,,10.774533333333332,17.53322916666667,9,2018
2019-06-13,-17.870215970642676,18.177926131222193,,8.89395,17.53322916666667,9,2018
2019-06-14,-10.919847726637727,10.153810343532996,,6.465108333333333,17.53322916666667,9,2018
2019-06-15,-46.2941067271031,8.398802672910733,,9.003179166666667,17.53322916666667,9,2018
2019-06-16,-53.95902716431647,3.145954821261512,,10.343475,17.53322916666667,9,2018
2019-06-17,-57.6183659111357,4.71796862362703,,15.948216666666667,17.53322916666667,9,2018
2019-06-18,-36.98790037687013,34.14312057422916,,90.46179583333333,17.53322916666667,9,2018
2019-06-19,-52.92912758319653,20.27412464197755,,18.343333333333334,17.53322916666667,9,2018
2019-06-20,-68.25695716138125,10.569846971194238,,17.210354166666665,17.53322916666667,9,2018
2019-06-21,-106.79629078860853,13.076412981389694,,17.295308333333335,17.53322916666667,9,2018
2019-06-22,-106.16272565441977,15.647487057326998,,24.44465,17.53322916666667,9,2018
2019-06-23,-67.06813108737515,33.161688119076814,,47.257470833333336,17.53322916666667,9,2018
2019-06-24,-57.79421456426826,23.760040222573025,,35.956833333333336,17.53322916666667,9,2018
2019-06-25,-23.167557785937333,29.622180868317457,,20.3631,17.53322916666667,9,2018
2019-06-26,17.48807538304709,41.68030793355729,,38.3493375,17.53322916666667,9,2018
2019-06-27,30.46748478826248,29.173904695936187,,49.31621666666667,17.53322916666667,9,2018
2019-06-28,16.76601662318626,17.596226872752368,,80.43085,17.53322916666667,9,2018
2019-06-29,5.133940480731326,25.21088152267663,,77.82784166666667,17.53322916666667,9,2018
2019-06-30,0.8162806110631209,5.20331315619751,,93.9117,17.53322916666667,9,2018
2019-07-01,8.848855774387175,17.781540549640795,,103.12892083333332,17.53322916666667,9,2018
2019-07-02,13.96581840653971,15.576145697827315,,81.2271375,17.53322916666667,9,2018
2019-07-03,11.457501886818363,9.45054015865162,,68.82622083333332,17.53322916666667,9,2018
2019-07-04,10.189604598687538,2.018538053193879,,95.56574166666668,17.53322916666667,9,2018
2019-07-05,-8.610211481372517,7.670360604214011,,63.4315,17.53322916666667,9,2018
2019-07-06,-14.818053469521601,12.244866412964484,,38.50717083333333,17.53322916666667,9,2018
2019-07-07,28.40583114270794,18.91600367250885,,36.4399875,17.53322916666667,9,2018
2019-07-08,14.365599328895769,24.338841850863673,,36.08974583333333,17.53322916666667,9,2018
2019-07-09,28.39734619974797,32.14882660341044,,65.69773333333333,17.53322916666667,9,2018
2019-07-10,40.68351377723445,26.945264032132343,,80.13340416666666,17.53322916666667,9,2018
2019-07-11,22.594608251042928,28.244534132661954,,70.53793333333333,17.53322916666667,9,2018
2019-07-12,42.49220175141431,29.482296066929337,,76.29509583333333,17.53322916666667,9,2018
2019-07-13,44.97878263581515,33.40772419310241,,37.3119,17.53322916666667,9,2018
2019-07-14,53.9633707855312,27.7811059111761,,85.3537,17.53322916666667,9,2018
2019-07-15,40.369246182686766,25.69470053818219,,45.571625,17.53322916666667,9,2018
2019-07-16,43.92205952167774,23.253225954863183,,52.73877083333333,17.53322916666667,9,2018
2019-07-17,21.49391018995982,19.642558872612426,,48.66694583333333,17.53322916666667,9,2018
2019-07-18,34.15748216686575,16.924102803320466,,59.88839166666667,17.53322916666667,9,2018
2019-07-19,6.635315172793526,25.62827705366749,,84.56320416666667,17.53322916666667,9,2018
2019-07-20,1.693744390898246,9.121918215542792,,95.0803625,17.53322916666667,9,2018
2019-07-21,-0.2541994284720204,2.397473083143268,,66.08024166666667,17.53322916666667,9,2018
2019-07-22,18.2602512135893,5.461703361716445,,55.63773750000001,17.53322916666667,9,2018
2019-07-23,64.81938486402714,6.59522901599712,,88.80742500000001,17.53322916666667,9,2018
2019-07-24,48.032393952025814,6.489267793809631,,85.15568333333333,17.53322916666667,9,2018
2019-07-25,37.25442115057473,-0.4775998973332207,,108.46440416666668,17.53322916666667,9,2018
2019-07-26,40.71907877870717,9.735198233988967,,63.68227916666667,17.53322916666667,9,2018
2019-07-27,35.88621216686164,14.136753019786056,,139.6709708333333,17.53322916666667,9,2018
2019-07-28,24.474711729965293,17.94097668454083,,159.84205,17.53322916666667,9,2018
2019-07-29,44.20734314423612,12.64673533353789,,107.72602083333334,17.53322916666667,9,2018
2019-07-30,28.246889309426706,31.110232427264634,,122.87869166666668,17.53322916666667,9,2018
2019-07-31,-12.133535467581169,19.267750408935854,,128.62752916666668,17.53322916666667,9,2018
2019-08-01,-0.5172292512543208,19.945954388279006,,183.6669,17.53322916666667,9,2018
2019-08-02,14.016204786378921,13.04814574674765,,122.52665833333332,17.53322916666667,9,2018
2019-08-03,7.25944766850489,5.429358990963465,,135.68335,17.53322916666667,9,2018
2019-08-04,19.49818444893492,7.602794686388961,,129.54675833333332,17.53322916666667,9,2018
2019-08-05,-24.04733626093912,4.908020778102582,,133.30797916666668,17.53322916666667,9,2018
2019-08-06,-6.367919570448066,2.8136920910569643,,205.03702083333332,17.53322916666667,9,2018
2019-08-07,12.674709396185335,7.414235663699856,,150.1647625,17.53322916666667,9,2018
2019-08-08,18.568485771655105,18.45758664674463,,155.78909166666668,17.53322916666667,9,2018
2019-08-09,12.896909905254688,9.429162465882655,,251.10529166666663,17.53322916666667,9,2018
2019-08-10,-5.291238602329486,4.459822159940813,,143.28164166666667,17.53322916666667,9,2018
2019-08-11,-0.8421422277338024,2.9373152214307083,,98.32542916666668,17.53322916666667,9,2018
2019-08-12,26.19691907920344,11.03742562178968,,151.043225,17.53322916666667,9,2018
2019-08-13,2.9891487118711666,12.97486808849294,,140.7517,17.53322916666667,9,2018
2019-08-14,-1.3383528734761967,5.779783044438091,,151.4413125,17.53322916666667,9,2018
2019-08-15,-1.1854534513627186,9.776946266917548,,162.061575,17.53322916666667,9,2018
2019-08-16,6.981791631271108,9.683129524157494,,169.81742916666667,17.53322916666667,9,2018
2019-08-17,-13.09881448672877,-2.3459372932397855,,147.95053333333334,17.53322916666667,9,2018
2019-08-18,-21.411229136851034,1.6285613477734842,,152.0068125,17.53322916666667,9,2018
2019-08-19,-4.3960447347744775,3.936641395183642,,163.2361625,17.53322916666667,9,2018
2019-08-20,-19.812753152996265,6.45470588372541,,133.70670416666667,17.53322916666667,9,2018
2019-08-21,13.3056359824227,1.6598421178018725,,146.35516666666666,17.53322916666667,9,2018
2019-08-22,21.932036134272266,2.6724922769139994,,170.15909166666663,17.53322916666667,9,2018
2019-08-23,14.630101829604428,0.30703744746779194,,165.77664166666668,17.53322916666667,9,2018
2019-08-24,4.4854678915148725,1.6310158109840813,,173.353775,17.53322916666667,9,2018
2019-08-25,18.894678818878447,8.710255304963766,,163.78977916666668,17.53322916666667,9,2018
2019-08-26,25.12155525445013,15.090816505651901,,172.981,17.53322916666667,9,2018
2019-08-27,33.607244354188424,18.827034494589725,,150.8981,17.53322916666667,9,2018
2019-08-28,45.65584972143506,20.513465485800907,,159.69878333333335,17.53322916666667,9,2018
2019-08-29,5.98521309272337,5.62510584098527,,111.23287083333332,17.53322916666667,9,2018
2019-08-30,34.82483537343205,-1.5293101112606564,,129.64750416666666,17.53322916666667,9,2018
2019-08-31,23.339215687162778,7.3739245144424785,,218.44965,17.53322916666667,9,2018
2019-09-01,15.128896479671312,7.302837123705558,,160.35994583333334,17.53322916666667,9,2018
2019-09-02,5.118231916183504,7.747596084395809,,75.205125,17.53322916666667,9,2018
2019-09-03,1.8338840132933,5.5844162953162595,,73.76602083333333,17.53322916666667,9,2018
2019-09-04,15.480638102633293,16.644288883847366,,84.93666666666667,17.53322916666667,9,2018
2019-09-05,6.799532397489202,18.423428700397153,,84.48194583333334,17.53322916666667,9,2018
2019-09-06,-17.905764779476158,18.162295973138043,,74.30253333333333,17.53322916666667,9,2018
2019-09-07,-26.922617188993172,13.570305522988747,,82.37563333333334,17.53322916666667,9,2018
2019-09-08,-10.811957023648574,2.4195632520386425,,1.9367541666666668,17.53322916666667,9,2018
2019-09-09,1.0765252998967298,11.303576362723788,,10.132054166666666,17.53322916666667,9,2018
2019-09-10,-8.814064877942656,12.01818139507077,,3.815720833333333,17.53322916666667,9,2018
2019-09-11,-42.482175366071715,14.48749240360371,,8.061245833333333,17.53322916666667,9,2018
2019-09-12,-35.979068271641154,10.051552974509832,,-1.0610875,17.53322916666667,9,2018
2019-09-13,-13.604154372023913,24.656846536098328,,24.25735833333333,17.53322916666667,9,2018
2019-09-14,-47.38952684003925,22.879799831230912,,23.47117916666667,17.53322916666667,9,2018
2019-09-15,-48.98590971221165,19.27712168583298,,6.138091666666667,17.53322916666667,9,2018
2019-09-16,-56.00437908338063,20.74288109401641,,10.12225,17.53322916666667,9,2018
2019-09-17,-27.00433036004597,24.720766553362637,,4.868908333333333,17.53322916666667,9,2018
2019-09-18,-10.005222691998824,19.55819351770151,,2.5211208333333333,17.53322916666667,9,2018
2019-09-19,-34.92886482540689,12.40541387426265,,3.5419125,17.53322916666667,9,2018
2019-09-20,-38.001873218934634,9.29694700978348,,21.261545833333333,17.53322916666667,9,2018
2019-09-21,-23.233156724217224,18.71224402279745,,18.5623875,17.53322916666667,9,2018
2019-09-22,-8.7883271039982,33.48459320829096,,12.860929166666669,17.53322916666667,9,2018
2019-09-23,13.3158271182117,27.620831168012444,,17.651754166666667,17.53322916666667,9,2018
2019-09-24,1.6168685577563338,29.913758314073846,,14.061975,17.53322916666667,9,2018
2019-09-25,-13.712979134623765,22.76000157269368,,151.03272083333334,17.53322916666667,9,2018
2019-09-26,-6.317057638361803,8.230293546573193,,58.65232083333333,17.53322916666667,9,2018
2019-09-27,-13.92883553808906,9.488287757444596,,66.40462083333334,17.53322916666667,9,2018
2019-09-28,-23.978014720123156,10.021755109337846,,62.355733333333326,17.53322916666667,9,2018
2019-09-29,-15.592163894330497,8.046406526425926,,47.981545833333335,17.53322916666667,9,2018
2019-09-30,-19.676267953603656,11.211508425001284,,42.83938333333333,17.53322916666667,9,2018
2019-10-01,-25.838467152965677,7.933162025558659,,17.29005,17.53322916666667,9,2018
2019-10-02,-11.10800619456677,15.687130047154824,,40.8408375,17.53322916666667,9,2018
2019-10-03,-0.5086284030871866,11.415245916364256,,22.43777083333333,17.53322916666667,9,2018
2019-10-04,-35.72043602877784,12.47694443196815,,132.1518625,17.53322916666667,9,2018
2019-10-05,-25.04168021527221,14.48985482444391,,118.58219583333332,17.53322916666667,9,2018
2019-10-06,6.221719372436155,7.615385741761656,,26.674945833333336,17.53322916666667,9,2018
2019-10-07,35.75856729624803,18.760506610164157,,49.51145,17.53322916666667,9,2018
2019-10-08,13.33465489642299,3.1519375753373424,,36.33675833333333,17.53322916666667,9,2018
2019-10-09,15.466126088900637,3.8440143852853907,,28.89495,17.53322916666667,9,2018
2019-10-10,32.74450053566352,1.9681397419362838,,30.574841666666668,17.53322916666667,9,2018
2019-10-11,2.7117159626100147,11.697118857752912,,44.00215416666666,17.53322916666667,9,2018
2019-10-12,7.021345987705217,21.357551974948592,,37.98258333333333,17.53322916666667,9,2018
2019-10-13,8.933795541868903,20.22548706717589,,39.2443125,17.53322916666667,9,2018
2019-10-14,25.816300867017617,28.5409382632771,,71.99200416666666,17.53322916666667,9,2018
2019-10-15,-6.003039751356027,11.889790810808108,,36.16065416666667,17.53322916666667,9,2018
2019-10-16,-31.236745358819462,-8.191180067696678,,83.13257916666667,17.53322916666667,9,2018
2019-10-17,-18.677362788470873,8.788603816032037,,39.4981625,17.53322916666667,9,2018
2019-10-18,21.17370415803316,6.846312079999507,,39.45684166666667,17.53322916666667,9,2018
2019-10-19,-21.39480468720012,2.2810531204972904,,38.81505416666666,17.53322916666667,9,2018
2019-10-20,-67.32595881174166,2.688146297834919,,78.61630833333334,17.53322916666667,9,2018
2019-10-21,1.7474255467000148,4.386472913175794,,42.074958333333335,17.53322916666667,9,2018
2019-10-22,30.07444895239263,5.172032386169121,,35.83810416666667,17.53322916666667,9,2018
2019-10-23,28.588354998304737,6.629734677966098,,41.168425,17.53322916666667,9,2018
2019-10-24,-16.07375343908643,4.7966324650383285,,22.02372916666667,17.53322916666667,9,2018
2019-10-25,5.202365460680085,7.993523071167601,,44.159625,17.53322916666667,9,2018
2019-10-26,15.962227647389227,4.072685132096012,,53.61133333333333,17.53322916666667,9,2018
2019-10-27,-28.58110479834704,8.002031876964338,,34.25787916666666,17.53322916666667,9,2018
2019-10-28,8.803236848436882,8.661348421004277,,48.6742375,17.53322916666667,9,2018
2019-10-29,2.2779543606939114,13.05282286275451,,43.52924583333333,17.53322916666667,9,2018
2019-10-30,8.033275148249231,24.180424999991374,,72.889875,17.53322916666667,9,2018
2019-10-31,4.803593595421717,11.104681322736724,,17.3784625,17.53322916666667,9,2018
2019-11-01,-38.63067942167618,-9.48464468093789,,44.60476666666667,17.53322916666667,9,2018
2019-11-02,-45.55924725980367,5.847558614329046,,84.578875,17.53322916666667,9,2018
2019-11-03,-16.28730537431511,-21.903349010575766,,24.50328333333333,17.53322916666667,9,2018
2019-11-04,-10.279178285044964,-8.122223287385623,,2.5965458333333333,17.53322916666667,9,2018
2019-11-05,-28.0353480855174,-10.601486803339867,,2.3351125,17.53322916666667,9,2018
2019-11-06,-18.16301297780683,-8.839073130877296,,3.489525,17.53322916666667,9,2018
2019-11-07,-16.824556690324698,-3.862478522557467,,3.854575,17.53322916666667,9,2018
2019-11-08,-36.36786206215311,-5.500877032327935,,4.274425,17.53322916666667,9,2018
2019-11-09,-22.618743221024488,1.0947258263986441,,6.107458333333334,17.53322916666667,9,2018
2019-11-10,-15.114106049416478,-5.752950404056264,,5.250383333333333,17.53322916666667,9,2018
2019-11-11,-19.101023592480033,-4.899356278944197,,10.4491125,17.53322916666667,9,2018
2019-11-12,-48.23916655220091,-3.016489824421569,,9.466970833333331,17.53322916666667,9,2018
2019-11-13,-42.7332124088889,-3.2501069963968803,,7.8383875,17.53322916666667,9,2018
2019-11-14,-26.5753788242273,-7.336160990331791,,9.029404166666668,17.53322916666667,9,2018
2019-11-15,-26.993912527307657,-9.234449655361004,,7.7854125,17.53322916666667,9,2018
2019-11-16,-53.577474040275774,-5.464550976811097,,6.770620833333333,17.53322916666667,9,2018
2019-11-17,-42.93866461552261,-12.034709233587819,,5.386304166666666,17.53322916666667,9,2018
2019-11-18,-6.820866893127004,4.701235661586452,,6.1350875,17.53322916666667,9,2018
2019-11-19,25.910245446403223,13.309629598604943,,8.049995833333334,17.53322916666667,9,2018
2019-11-20,-1.9282149266095985,12.576259854115278,,9.4156375,17.53322916666667,9,2018
2019-11-21,10.567114676384108,60.10398945801171,,9.04735,17.53322916666667,9,2018
2019-11-22,31.28216544455654,64.50502267037655,,17.626329166666668,17.53322916666667,9,2018
2019-11-23,15.781040536773617,28.09922479712958,,14.79695,17.53322916666667,9,2018
2019-11-24,39.67737561582794,40.70196230678994,,17.829245833333335,17.53322916666667,9,2018
2019-11-25,36.31438432538653,23.878145924187947,,19.91565,17.53322916666667,9,2018
2019-11-26,24.27239663412263,25.582641508955874,,39.41180416666667,17.53322916666667,9,2018
2019-11-27,-19.72253117614673,4.739404268999579,,18.63509583333333,17.53322916666667,9,2018
2019-11-28,4.082629117075612,-14.66679717416855,,15.681870833333331,17.53322916666667,9,2018
2019-11-29,-9.828743378180206,27.020510374420553,,17.085966666666668,17.53322916666667,9,2018
2019-11-30,-21.08928537906104,19.908805064893613,,8.360637500000001,17.53322916666667,9,2018
2019-12-01,-10.885802276520735,16.459358716835595,,21.592454166666663,17.53322916666667,9,2018
2019-12-02,12.310538644243024,34.90961193615516,,27.47814166666667,17.53322916666667,9,2018
2019-12-03,0.46054025845387514,20.230322700598435,,30.072954166666666,17.53322916666667,9,2018
2019-12-04,10.854363573999308,2.4206336707165974,,24.71483333333333,17.53322916666667,9,2018
2019-12-05,-31.480364468377957,-15.140467666093627,,35.01582916666666,17.53322916666667,9,2018
2019-12-06,-37.86018933010291,-4.259228864643774,,52.85185416666667,17.53322916666667,9,2018
2019-12-07,-7.970060204235324,-24.040995564311743,,11.825133333333332,17.53322916666667,9,2018
2019-12-08,-5.102868777846197,-18.604761812087418,,23.737716666666667,17.53322916666667,9,2018
2019-12-09,-32.32086130508014,-15.447302839231725,,9.377133333333331,17.53322916666667,9,2018
2019-12-10,-43.77306620191848,-17.023623883634173,,12.732195833333334,17.53322916666667,9,2018
2019-12-11,-16.240104683184654,-12.878652545714885,,10.224170833333334,17.53322916666667,9,2018
2019-12-12,10.040557320224025,-10.533225454271815,,14.438320833333334,17.53322916666667,9,2018
2019-12-13,-46.11056060462397,-18.201531005329798,,14.831008333333337,17.53322916666667,9,2018
2019-12-14,-36.04700235894779,-16.472051456586087,,11.998379166666666,17.53322916666667,9,2018
2019-12-15,-6.155380101293758,-16.4887690782316,,8.733745833333334,17.53322916666667,9,2018
2019-12-16,-14.956471558692556,-3.088466958072331,,9.369879166666664,17.53322916666667,9,2018
2019-12-17,17.24780441258099,40.74578724029607,,34.668816666666665,18.800075,2,2019
2019-12-18,-6.256246889874092,41.182100232909306,,98.74777083333332,18.800075,2,2019
2019-12-19,11.437012506924475,35.56207871791639,,92.95863333333334,18.800075,2,2019
2019-12-20,-4.371346134736086,30.09335911698315,,29.576941666666663,18.800075,2,2019
2019-12-21,-2.3701447108724096,23.99622285752082,,21.39916666666667,18.800075,2,2019
2019-12-22,9.858289857359523,-3.712218184547055,,27.107829166666665,18.800075,2,2019
2019-12-23,-1.663338936150467,2.02046160116015,,11.221041666666666,18.800075,2,2019
2019-12-24,31.835234195453722,-0.5817880212762248,,12.794670833333331,18.800075,2,2019
2019-12-25,2.3230908718974206,25.835282580994203,,20.4442,18.800075,2,2019
2019-12-26,5.298706808740462,10.59621934037068,,36.0653,18.800075,2,2019
2019-12-27,6.492497422227643,16.593971809838877,,15.763541666666669,18.800075,2,2019
2019-12-28,-7.241273436717165,34.684615352365654,,8.362554166666667,18.800075,2,2019
2019-12-29,8.772815854947112,37.390621612160885,,12.524916666666668,18.800075,2,2019
2019-12-30,5.715284537139723,32.74104104773812,,36.75321666666667,18.800075,2,2019
2019-12-31,2.2678262228450876,37.37202059626861,,26.597625,18.800075,2,2019
2020-01-01,-0.7904503174486308,35.44923167939169,,36.14471666666667,18.800075,2,2019
2020-01-02,-18.201162055619534,14.431986172360666,,20.362054166666667,18.800075,2,2019
2020-01-03,-18.93675574215922,-10.017411041729247,,19.7837,18.800075,2,2019
2020-01-04,-26.74549898242185,-7.924980597281319,,23.944033333333334,18.800075,2,2019
2020-01-05,-46.03621664433376,4.908349749937315,,11.908958333333333,18.800075,2,2019
2020-01-06,-54.24129349642317,1.9992982674239101,,11.314208333333331,18.800075,2,2019
2020-01-07,-37.77651202936977,2.078542994235704,,7.4138875,18.800075,2,2019
2020-01-08,-57.576016391420126,-6.202508797897281,,10.497245833333332,18.800075,2,2019
2020-01-09,-25.830339505861048,-8.534920580454127,,49.4990625,18.800075,2,2019
2020-01-10,-11.100216031448326,-7.7874427291544634,,-4.392925,18.800075,2,2019
2020-01-11,-0.559628321792843,1.2844083060385856,,-0.0349208333333335,18.800075,2,2019
2020-01-12,29.222517808294697,-2.203195176423833,,29.9203,18.800075,2,2019
2020-01-13,12.78726701335654,0.6721604312010641,,46.44777916666667,18.800075,2,2019
2020-01-14,21.745083824643302,5.5903169637272185,,79.97217916666666,18.800075,2,2019
2020-01-15,-6.694444277673028,6.172795334132843,,-6.4949,18.800075,2,2019
2020-01-16,5.442863040446355,18.508440990654208,,36.13772083333333,18.800075,2,2019
2020-01-17,-0.5863775412581163,-1.86470987046323,,9.326175,18.800075,2,2019
2020-01-18,8.348597133874136,19.875238943845034,,20.70103333333333,18.800075,2,2019
2020-01-19,-4.051504522607502,30.521350732075575,,18.37625833333333,18.800075,2,2019
2020-01-20,-24.314264788924447,20.0295664776138,,17.703004166666666,18.800075,2,2019
2020-01-21,-26.019517681080288,24.463266428939846,,21.49148333333333,18.800075,2,2019
2020-01-22,-15.040082565774355,18.559272879080254,,18.655904166666662,18.800075,2,2019
2020-01-23,18.629041461809265,20.56216172302311,,23.285616666666662,18.800075,2,2019
2020-01-24,17.72763577206115,16.59450692554492,,23.81589583333333,18.800075,2,2019
2020-01-25,8.16354887005491,25.065124687638104,,25.246104166666665,18.800075,2,2019
2020-01-26,-13.925282252919715,7.066154590779661,,10.657091666666666,18.800075,2,2019
2020-01-27,-25.023700181318418,-4.584699721362085,,11.158379166666668,18.800075,2,2019
2020-01-28,-4.337922742078263,-10.36717317253806,,12.7007125,18.800075,2,2019
2020-01-29,16.861770957365934,-4.2904911364285,,11.659383333333333,18.800075,2,2019
2020-01-30,37.41401650970806,5.603332093890458,,12.064066666666667,18.800075,2,2019
2020-01-31,-10.048519976885473,1.9669500305558358,,9.810720833333331,18.800075,2,2019
2020-02-01,-42.932269784134405,-1.3514124403855021,,15.052291666666669,18.800075,2,2019
2020-02-02,-79.65812738034401,2.1897420077025345,,22.874329166666666,18.800075,2,2019
2020-02-03,-90.7081091300497,-1.1203967525416374,,13.7422125,18.800075,2,2019
2020-02-04,-61.48139586751313,0.7836811706752087,,17.12709166666667,18.800075,2,2019
2020-02-05,-27.338742042398735,33.309393020087896,,11.651058333333332,18.800075,2,2019
2020-02-06,-13.654336428066017,44.75870199287465,,15.698879166666666,18.800075,2,2019
2020-02-07,-27.427981614407145,37.227357153663434,,21.56972083333333,18.800075,2,2019
2020-02-08,-61.413826840140246,2.588788951621609,,32.613995833333334,18.800075,2,2019
2020-02-09,-48.211951144246996,14.770675019264672,,194.07235416666663,18.800075,2,2019
2020-02-10,-44.964691762381335,6.40408022128895,,49.3166625,18.800075,2,2019
2020-02-11,4.8307448408872915,3.074175009105602,,50.8533125,18.800075,2,2019
2020-02-12,2.9279866508841224,10.606721396466583,,13.519,18.800075,2,2019
2020-02-13,44.148602788157405,10.978344481180557,,42.2392,18.800075,2,2019
2020-02-14,-11.614570561264372,16.263482051743722,,12.364083333333332,18.800075,2,2019
2020-02-15,-18.07182491776075,21.302477067011978,,130.97249583333334,18.800075,2,2019
2020-02-16,-53.768507279919504,5.791443320616054,,21.805975,18.800075,2,2019
2020-02-17,-62.498089445647565,3.774766219216872,,50.38093750000001,18.800075,2,2019
2020-02-18,-4.803161529083809,4.734025139208825,,74.059725,18.800075,2,2019
2020-02-19,-2.766051543301728,4.291162724303831,,12.108679166666668,18.800075,2,2019
2020-02-20,0.6912341873489822,2.9618762179607074,,26.8038625,18.800075,2,2019
2020-02-21,-3.871830396277801,2.6072816312052964,,15.862066666666664,18.800075,2,2019
2020-02-22,-4.5160900088430935,4.7723088926200035,,32.282495833333336,18.800075,2,2019
2020-02-23,-17.02190492207501,9.34958687164135,,86.23708333333333,18.800075,2,2019
2020-02-24,-2.6166393591702217,7.338257644384157,,29.721241666666668,18.800075,2,2019
2020-02-25,57.0700975515947,3.917633905434286,,29.053016666666668,18.800075,2,2019
2020-02-26,87.65618526799517,4.9228963615537396,,75.02151666666667,18.800075,2,2019
2020-02-27,113.73684495839552,20.476024508942373,,18.5227875,18.800075,2,2019
2020-02-28,70.19400721740931,13.642977761310703,,56.38238333333334,18.800075,2,2019
2020-02-29,38.72293004492985,8.449904714075274,,63.9717625,18.800075,2,2019
2020-03-01,17.822797728938895,12.040033739480805,,70.2430125,18.800075,2,2019
2020-03-02,-10.015680943710322,6.867940182548864,,10.405416666666666,18.800075,2,2019
2020-03-03,11.208619870915754,9.95833843833816,,8.677249999999999,18.800075,2,2019
2020-03-04,29.37828654325949,56.316891007613776,,22.66469166666667,18.800075,2,2019
2020-03-05,35.968622206097734,41.61745953771515,,24.64927916666667,18.800075,2,2019
2020-03-06,22.604354897647795,1.6062032546401497,,9.792908333333331,18.800075,2,2019
2020-03-07,6.140069561643941,-1.0485829116232708,,10.491375,18.800075,2,2019
2020-03-08,13.447379839078167,-5.470273536923742,,31.77432083333333,18.800075,2,2019
2020-03-09,-8.829293311309812,-0.6613922276574158,,20.93005,18.800075,2,2019
2020-03-10,17.694946111675108,6.153419549488262,,46.81635416666666,18.800075,2,2019
2020-03-11,22.147294270846032,1.992766901183586,,24.497379166666665,18.800075,2,2019
2020-03-12,7.141866897347882,2.038284565381673,,18.55644583333333,18.800075,2,2019
2020-03-13,11.143872511943755,19.0015607832579,,11.930833333333334,18.800075,2,2019
2020-03-14,-16.132076444212544,7.544856626315777,,11.106208333333331,18.800075,2,2019
2020-03-15,-8.231644574783786,5.170651650533273,,33.71112083333333,18.800075,2,2019
2020-03-16,-33.39702003772254,7.090671425704386,,10.361366666666669,18.800075,2,2019
2020-03-17,-29.918938660201093,2.330339555817318,,12.10145,18.800075,2,2019
2020-03-18,-12.645646605093134,0.37754804729911484,,16.076704166666666,18.800075,2,2019
2020-03-19,-4.699506662196654,44.37196763457223,,33.50235416666667,18.800075,2,2019
2020-03-20,-2.705153406202953,52.34407710380401,,31.641841666666664,18.800075,2,2019
2020-03-21,-41.24481030993411,33.5385899711149,,11.0907125,18.800075,2,2019
2020-03-22,-60.130481494474225,27.910794505251374,,18.263545833333332,18.800075,2,2019
2020-03-23,-50.62912459805739,19.269007017052445,,14.567920833333334,18.800075,2,2019
2020-03-24,-16.74149772627152,13.25151764191105,,15.472954166666668,18.800075,2,2019
2020-03-25,-5.701322053952026,8.79409080791038,,17.072020833333333,18.800075,2,2019
2020-03-26,-3.180237665616005,18.649825618465457,,29.53195833333333,18.800075,2,2019
2020-03-27,2.9226732473857737,27.739175840048688,,19.9709,18.800075,2,2019
2020-03-28,-23.06079728399891,26.101945838740335,,11.6400875,18.800075,2,2019
2020-03-29,2.0621563068325486,27.007974698384373,,14.900520833333331,18.800075,2,2019
2020-03-30,12.89159159560586,44.48037452590415,,12.5879125,18.800075,2,2019
2020-03-31,15.357975996861569,46.53405340106292,,14.3764875,18.800075,2,2019
2020-04-01,7.909982815433068,32.795727903144666,,8.504429166666666,18.800075,2,2019
2020-04-02,4.5750629453295915,-10.441856284174719,,9.498341666666668,18.800075,2,2019
2020-04-03,-14.072764081007335,-2.2330664513274314,,9.1964125,18.800075,2,2019
2020-04-04,-39.23282778190696,19.56905919681276,,7.194133333333333,18.800075,2,2019
2020-04-05,-19.8116338094369,7.6180443686021135,,6.48245,18.800075,2,2019
2020-04-06,-32.14286640284263,-5.026445943996805,,32.648075,18.800075,2,2019
2020-04-07,-24.04146411515103,28.436123831418968,,12.78745,18.800075,2,2019
2020-04-08,0.36988407419630676,29.995828534449515,,16.79596666666667,18.800075,2,2019
2020-04-09,-1.0480904738569734,34.13087770182517,,15.792575,18.800075,2,2019
2020-04-10,-6.8581437228640425,44.85844526243818,,16.085104166666667,18.800075,2,2019
2020-04-11,-13.852138830032345,45.18539275153444,,18.277616666666667,18.800075,2,2019
2020-04-12,1.2385163891381126,49.32391852954015,,16.065141666666666,18.800075,2,2019
2020-04-13,29.855537528844252,44.68787631040732,,20.41225833333333,18.800075,2,2019
2020-04-14,12.039828557078181,65.68995473423638,,16.473858333333336,18.800075,2,2019
2020-04-15,14.410750614418703,58.57649094204589,,17.215875,18.800075,2,2019
2020-04-16,21.473405498612237,65.41349032348171,,16.7667875,18.800075,2,2019
2020-04-17,15.939531867184996,83.48621569715215,,29.4826375,18.800075,2,2019
2020-04-18,18.2504438168653,64.33979871535757,,20.98572916666667,18.800075,2,2019
2020-04-19,21.614128618357427,42.47642529930454,,9.358595833333334,18.800075,2,2019
2020-04-20,28.64781585094852,38.263651396355726,,4.221658333333333,18.800075,2,2019
2020-04-21,51.692854421223274,61.607333774379185,,5.866725,18.800075,2,2019
2020-04-22,49.273103876435925,57.956429721316454,,3.5812708333333334,18.800075,2,2019
2020-04-23,39.89555240030313,44.187219757790444,,2.491979166666667,18.800075,2,2019
2020-04-24,23.709191963395824,40.39402745361531,,4.966433333333334,18.800075,2,2019
2020-04-25,29.11680373081481,36.22862113940664,,3.983570833333333,18.800075,2,2019
2020-04-26,33.85583151183744,29.574284571177145,,6.535791666666667,18.800075,2,2019
2020-04-27,31.10790484572692,3.6332937733373,,8.9159125,18.800075,2,2019
2020-04-28,23.739473192739865,-9.376083075332645,,11.126620833333334,18.800075,2,2019
2020-04-29,26.497734486105742,-4.89920987394089,,25.04357083333333,18.800075,2,2019
2020-04-30,3.7160315253713634,-2.450799451155035,,8.606349999999999,18.800075,2,2019
2020-05-01,-5.776832461036065,0.5606035796240576,,4.000220833333334,18.800075,2,2019
2020-05-02,-31.431654951571545,-1.1685506002486363,,6.374183333333334,18.800075,2,2019
2020-05-03,-31.169001778702295,4.085240023571259,,11.170866666666669,18.800075,2,2019
2020-05-04,-20.8276051455141,12.647521382577452,,9.670116666666669,18.800075,2,2019
2020-05-05,-16.489566565033783,22.898510135156698,,10.479679166666664,18.800075,2,2019
2020-05-06,17.946388118064988,24.143617688269728,,3.951079166666666,18.800075,2,2019
2020-05-07,24.708986718850156,33.20461129144553,,6.459733333333333,18.800075,2,2019
2020-05-08,-1.005829464753333,32.632164699068994,,4.653641666666666,18.800075,2,2019
2020-05-09,12.120332283112475,27.706764407000605,,0.2463875000000002,18.800075,2,2019
2020-05-10,14.453989933218054,18.812888177478726,,5.552416666666667,18.800075,2,2019
2020-05-11,30.72358753612741,15.807181010196473,,3.971179166666667,18.800075,2,2019
2020-05-12,21.157159502907234,23.831745360659056,,3.590991666666667,18.800075,2,2019
2020-05-13,38.113766471968574,26.13273961372613,,5.269395833333333,18.800075,2,2019
2020-05-14,17.450522984914187,13.556891432465818,,5.4684375,18.800075,2,2019
2020-05-15,-10.505420151048384,1.6175030599174534,,4.083333333333333,18.800075,2,2019
2020-05-16,-23.858060593471237,6.117847486710161,,5.852141666666667,18.800075,2,2019
2020-05-17,-41.97175350637917,8.21011542669521,,6.937354166666666,18.800075,2,2019
2020-05-18,-3.8743680922334534,12.739968365903678,,4.512433333333333,18.800075,2,2019
2020-05-19,9.67822998811289,11.392504340147298,,6.919404166666666,18.800075,2,2019
2020-05-20,7.1447049803409755,22.20776111453449,,5.618591666666667,18.800075,2,2019
2020-05-21,-9.226421389399547,23.14349956534886,,4.467554166666667,18.800075,2,2019
2020-05-22,-14.185575007429179,24.72317918563965,,3.481879166666667,18.800075,2,2019
2020-05-23,1.0124217960387796,30.16189906748525,,9.059491666666666,18.800075,2,2019
2020-05-24,6.911461832334226,23.02142711563738,,4.559025,18.800075,2,2019
2020-05-25,36.54105320461167,25.40102961970331,,1.9010541666666665,18.800075,2,2019
2020-05-26,36.512726542835026,22.784254724620382,,4.945004166666666,18.800075,2,2019
2020-05-27,33.331540818991925,38.682129934532895,,8.334091666666668,18.800075,2,2019
2020-05-28,36.53498555060128,34.4419256065421,,31.19536666666667,18.800075,2,2019
2020-05-29,36.99629386350216,29.032114694131792,,2.5065416666666667,18.800075,2,2019
2020-05-30,43.721976046407235,40.296153806104485,,6.592245833333333,18.800075,2,2019
2020-05-31,47.151624528154116,39.057009674341316,,7.036866666666668,18.800075,2,2019
2020-06-01,38.9178639969075,31.22249757613315,,3.711045833333333,18.800075,2,2019
2020-06-02,36.93306485430958,27.150063512201427,,5.402487499999999,18.800075,2,2019
2020-06-03,21.732018219609017,9.022192905636985,,17.781908333333334,18.800075,2,2019
2020-06-04,7.4461655321129,10.788086225793904,,12.707929166666666,18.800075,2,2019
2020-06-05,-3.5418314344897226,20.50365683346854,,12.509625,18.800075,2,2019
2020-06-06,23.35727459662985,16.699190987363636,,13.244066666666669,18.800075,2,2019
2020-06-07,21.157283843443224,9.091966412743659,,12.860183333333334,18.800075,2,2019
2020-06-08,13.004456690181996,12.51519022309958,,12.611258333333334,18.800075,2,2019
2020-06-09,15.147109220955372,3.7832968827883633,,11.914445833333334,18.800075,2,2019
2020-06-10,4.808401297971159,-3.9921624888502265,,16.404770833333334,18.800075,2,2019
2020-06-11,29.68645286631397,5.584734360916627,,25.0131125,18.800075,2,2019
2020-06-12,16.93782058380407,4.119812437683777,,22.34844166666667,18.800075,2,2019
2020-06-13,22.261865251917584,-2.0307336219111676,,21.324966666666665,18.800075,2,2019
2020-06-14,4.9439283785523,-4.550659140037169,,18.258841666666665,18.800075,2,2019
2020-06-15,-5.335007448358738,-6.232173248939034,,13.013004166666668,18.800075,2,2019
2020-06-16,-5.322827820938983,-3.146131425922249,,21.20124583333333,18.800075,2,2019
2020-06-17,-15.244010893553423,-4.286837248202573,,24.3148375,18.800075,2,2019
2020-06-18,-5.987152631021672,-2.597644393064911,,27.3817375,18.800075,2,2019
2020-06-19,-32.91760232596607,-4.460060439793779,,25.1415125,18.800075,2,2019
2020-06-20,-37.29980600824638,-8.126627296743209,,22.368629166666665,18.800075,2,2019
2020-06-21,-17.843891890333907,-6.4355434805829645,,29.16098333333333,18.800075,2,2019
2020-06-22,-4.991476296752808,-4.266368251716813,,27.7026625,18.800075,2,2019
2020-06-23,10.754277090219148,16.090582227619052,,44.1994625,18.800075,2,2019
2020-06-24,23.356386567191294,33.86994641967874,,71.51374583333333,18.800075,2,2019
2020-06-25,29.19356246763641,61.18884374598747,,46.73486666666667,18.800075,2,2019
2020-06-26,2.8191677532877293,46.54911050649707,,63.1063375,18.800075,2,2019
2020-06-27,-12.01440048123186,0.1625316624822517,,67.21654166666667,18.800075,2,2019
2020-06-28,-15.54360346473186,4.330467465350466,,83.31405416666666,18.800075,2,2019
2020-06-29,-22.738634648531843,5.484505219423681,,83.50300833333334,18.800075,2,2019
2020-06-30,-26.973287561437246,3.3672033848592946,,76.17408333333333,18.800075,2,2019
2020-07-01,-15.492271751973021,-2.766100787078358,,63.65387916666666,18.800075,2,2019
2020-07-02,-25.50057363128235,7.264756383386612,,44.121941666666665,18.800075,2,2019
2020-07-03,-13.40519903042241,3.7930011897028635,,50.9054875,18.800075,2,2019
2020-07-04,-20.847913278996202,6.713702108307643,,63.64986666666667,18.800075,2,2019
2020-07-05,-5.391270104617433,15.48040259139998,,60.81447916666667,18.800075,2,2019
2020-07-06,-8.916323479206767,10.999023584446604,,70.9758625,18.800075,2,2019
2020-07-07,-6.6213632302360566,10.11365330982835,,23.19972083333333,18.800075,2,2019
2020-07-08,-13.418022109856793,8.951654478533328,,21.188345833333333,18.800075,2,2019
2020-07-09,6.560747655177238,7.271798243444664,,13.943358333333334,18.800075,2,2019
2020-07-10,9.665520169364754,13.340670216580747,,15.568958333333333,18.800075,2,2019
2020-07-11,6.1586147679227,25.42459440827986,,3.1389125000000004,18.800075,2,2019
2020-07-12,10.484363743215454,27.79829709754074,,0.3478208333333333,18.800075,2,2019
2020-07-13,9.248484473842836,12.803799790630364,,4.2235000000000005,18.800075,2,2019
2020-07-14,14.554635184623521,10.611473420911352,,9.2598,18.800075,2,2019
2020-07-15,27.07957350814479,12.66797068155256,,7.1560500000000005,18.800075,2,2019
2020-07-16,16.198310375563096,16.869269143087422,,3.0467125,18.800075,2,2019
2020-07-17,4.199871328269182,18.08386853511911,,3.725508333333333,18.800075,2,2019
2020-07-18,0.8956730089457778,11.1298396770635,,3.125475,18.800075,2,2019
2020-07-19,10.059128958884685,26.41890997285452,,4.098645833333333,18.800075,2,2019
2020-07-20,5.019607855936101,15.342966493744825,,0.7914166666666667,18.800075,2,2019
2020-07-21,8.024257923480036,29.94314261783336,,1.7670208333333333,18.800075,2,2019
2020-07-22,6.275296255187641,21.161990727759417,,1.1753416666666665,18.800075,2,2019
2020-07-23,16.86739213446822,13.109262219983066,,3.733204166666667,18.800075,2,2019
2020-07-24,-5.878448635570749,6.081318453206222,,1.724220833333333,18.800075,2,2019
2020-07-25,-8.015434849113262,3.994313031483671,,2.6622916666666665,18.800075,2,2019
2020-07-26,-14.392461244724473,1.5663781710204603,,4.699891666666667,18.800075,2,2019
2020-07-27,-10.415720970458096,2.9247693908109795,,16.906079166666668,18.800075,2,2019
2020-07-28,-8.114057002028858,6.742036977380394,,14.259295833333333,18.800075,2,2019
2020-07-29,18.837826867423246,19.212005704144303,,5.725670833333333,18.800075,2,2019
2020-07-30,14.553413118233493,28.98758272619591,,-0.7315625,18.800075,2,2019
2020-07-31,-7.480082772942296,29.347851016748677,,1.9470375,18.800075,2,2019
2020-08-01,16.511733061407995,14.709098959507628,,3.955491666666666,18.800075,2,2019
2020-08-02,18.285229620676546,12.53726292524425,,3.3886875,18.800075,2,2019
2020-08-03,18.066146520639677,16.072554080994905,,0.2313999999999999,18.800075,2,2019
2020-08-04,20.40588823934786,17.557347509557076,,6.509462500000001,18.800075,2,2019
2020-08-05,19.3405385269848,9.853967895230653,,-1.3818125,18.800075,2,2019
2020-08-06,19.130356239573757,27.077135941201618,,-0.2534583333333332,18.800075,2,2019
2020-08-07,34.3299468999453,36.90095627048777,,0.9473916666666669,18.800075,2,2019
2020-08-08,36.90290960696075,30.749738443706633,,-0.4401916666666666,18.800075,2,2019
2020-08-09,42.52536376451917,43.1696184527068,,-0.0776166666666668,18.800075,2,2019
2020-08-10,46.69270864206783,23.649210991636778,,3.645495833333333,18.800075,2,2019
2020-08-11,31.947137805291163,22.587982162648018,,4.842733333333333,18.800075,2,2019
2020-08-12,12.640317018056521,53.07886155094775,,43.80744166666667,18.800075,2,2019
2020-08-13,3.38357365767024,64.27388427887945,,6.425529166666667,18.800075,2,2019
2020-08-14,-43.94965934097854,25.204795632022638,,12.772904166666669,18.800075,2,2019
2020-08-15,-9.187522088780497,41.21450263793167,,13.6406125,18.800075,2,2019
2020-08-16,-7.039777751503607,52.512361144599254,,10.754108333333331,18.800075,2,2019
2020-08-17,-10.868225316827193,33.82288496308331,,8.304720833333333,18.800075,2,2019
2020-08-18,-12.30273920799118,17.707010836949394,,-1.544145833333333,18.800075,2,2019
2020-08-19,-10.832713988040268,37.34087226609108,,11.754550000000002,18.800075,2,2019
2020-08-20,-12.395658931573053,33.31741811421932,,-3.5456375,18.800075,2,2019
2020-08-21,14.258923843773118,10.411427144189929,,76.21732083333333,18.800075,2,2019
2020-08-22,15.18570649307776,4.5192418416013425,,10.233095833333334,18.800075,2,2019
2020-08-23,40.37181030305919,3.7759037504570188,,12.205404166666668,18.800075,2,2019
2020-08-24,36.60368472264781,8.03552489957292,,12.088808333333333,18.800075,2,2019
2020-08-25,44.09529475849649,11.231792350738488,,11.723908333333332,18.800075,2,2019
2020-08-26,17.929032148991837,13.651751360846902,,36.300245833333335,18.800075,2,2019
2020-08-27,26.482941245241364,59.07563242780179,,15.9214125,18.800075,2,2019
2020-08-28,0.1926885512903027,21.982145827527688,,20.152891666666665,18.800075,2,2019
2020-08-29,-3.3393771370911054,27.50024872912445,,12.7486,18.800075,2,2019
2020-08-30,-2.9161794036535866,44.08144576704899,,4.735158333333334,18.800075,2,2019
2020-08-31,-13.456146641723535,78.97857826704058,,4.437104166666667,18.800075,2,2019
2020-09-01,-6.203250737465169,88.13298977667182,,7.333091666666667,18.800075,2,2019
2020-09-02,-6.5116054179652565,48.65168845184917,,5.993483333333334,18.800075,2,2019
2020-09-03,-19.90681874674374,10.888271047887883,,6.852479166666666,18.800075,2,2019
2020-09-04,-11.830360073374322,15.287444135594797,,12.935954166666669,18.800075,2,2019
2020-09-05,-4.543909459720453,13.103778104725734,,21.642166666666668,18.800075,2,2019
2020-09-06,12.457724377231898,25.436531099734907,,21.744325,18.800075,2,2019
2020-09-07,7.238493035850752,25.6141714580898,,18.449541666666665,18.800075,2,2019
2020-09-08,-4.8083222768746054,19.851311392780644,,18.75804583333333,18.800075,2,2019
2020-09-09,-22.368242658233612,30.876900648097603,,19.011320833333333,18.800075,2,2019
2020-09-10,-43.19696493227457,52.852698016561135,,15.548820833333332,18.800075,2,2019
2020-09-11,-70.8727946936342,38.88295426292507,,6.716704166666666,18.800075,2,2019
2020-09-12,-53.674018321322364,32.12797449511413,,2.76605,18.800075,2,2019
2020-09-13,-42.388579095120804,50.52469847639031,,1.0124875,18.800075,2,2019
2020-09-14,-29.786545125272823,58.86758732029648,,-0.9442458333333332,18.800075,2,2019
2020-09-15,-36.70205878416709,29.81892847420329,,5.732029166666667,18.800075,2,2019
2020-09-16,-50.060542821416675,39.659832290331906,,3.1372166666666668,18.800075,2,2019
2020-09-17,-63.17911774476306,71.32477236264731,,-1.645625,18.800075,2,2019
2020-09-18,-47.12932343212378,93.11725443786418,,-0.0957791666666665,18.800075,2,2019
2020-09-19,-31.06345595079256,117.42056178128587,,1.4175458333333333,18.800075,2,2019
2020-09-20,8.084466647705995,116.93827479881111,,0.1674083333333332,18.800075,2,2019
2020-09-21,10.505712561843666,92.54412253626288,,5.060545833333333,18.800075,2,2019
2020-09-22,23.670952529383612,74.2207791687315,,5.632804166666666,18.800075,2,2019
2020-09-23,1.146463356024924,50.13569562144448,,2.804066666666667,18.800075,2,2019
2020-09-24,1.5925249749516297,45.259875605146135,,-10.578758333333331,18.800075,2,2019
2020-09-25,-3.491720967391302,40.50195011447704,,-12.519808333333332,18.800075,2,2019
2020-09-26,-1.4489118351939396,68.14571232849539,,-10.001545833333331,18.800075,2,2019
2020-09-27,-12.852772495434692,63.25204636754643,,-12.187075,18.800075,2,2019
2020-09-28,-3.2200725979910203,62.4821133541036,,-4.177074999999999,18.800075,2,2019
2020-09-29,-14.210042598577274,47.28572846359066,,-1.6545875,18.800075,2,2019
2020-09-30,1.2439742410479084,44.3116440082008,,13.7542125,18.800075,2,2019
2020-10-01,4.704038962159757,44.28236037569832,,27.239275000000003,18.800075,2,2019
2020-10-02,15.497985902575238,89.15980130944445,,12.2817375,18.800075,2,2019
2020-10-03,18.596089167947866,70.29403117649963,,48.54131666666667,18.800075,2,2019
2020-10-04,34.10200730668157,64.12378924771201,,76.77978333333333,18.800075,2,2019
2020-10-05,6.026904080030363,34.39842365426739,,59.36773333333333,18.800075,2,2019
2020-10-06,22.936020350909985,21.425359987213824,,61.51319999999999,18.800075,2,2019
2020-10-07,10.81271960432332,26.463712781561867,,15.086954166666668,18.800075,2,2019
2020-10-08,4.140299490220968,20.23991044875811,,51.55829583333334,18.800075,2,2019
2020-10-09,12.15216674324438,15.913518021450727,,16.072599999999998,18.800075,2,2019
2020-10-10,8.42139913324354,5.673537304772253,,8.118379166666667,18.800075,2,2019
2020-10-11,-8.356615431114733,20.81068070090521,,8.752454166666666,18.800075,2,2019
2020-10-12,17.44220078666376,35.1572045937628,,9.0012125,18.800075,2,2019
2020-10-13,24.02324250739275,21.72297583112538,,9.275408333333331,18.800075,2,2019
2020-10-14,20.49744719323553,45.276234387742534,,10.472070833333332,18.800075,2,2019
2020-10-15,4.411104149581661,41.12098542319336,,9.442725,18.800075,2,2019
2020-10-16,18.218927799822268,43.05070458090131,,8.852433333333332,18.800075,2,2019
2020-10-17,22.427540603645866,40.79363741804718,,6.738333333333333,18.800075,2,2019
2020-10-18,22.27534696686439,43.91599488486918,,10.321054166666666,18.800075,2,2019
2020-10-19,19.975543592462145,41.29831718721471,,7.973216666666667,18.800075,2,2019
2020-10-20,5.30994752148581,8.810577624326015,,24.13982916666667,18.800075,2,2019
2020-10-21,-8.903487268098615,10.397885105616751,,26.058533333333333,18.800075,2,2019
2020-10-22,5.248588134345937,-14.911782830143238,,39.15674166666667,18.800075,2,2019
2020-10-23,-28.58977033892188,-6.776448297435309,,40.62130416666667,18.800075,2,2019
2020-10-24,-37.38376993031852,-0.9096924810983182,,101.209,18.800075,2,2019
2020-10-25,-61.15823194192126,-4.08973739078283,,42.464620833333335,18.800075,2,2019
2020-10-26,-43.10645487082911,-10.704584964168134,,54.304575,18.800075,2,2019
2020-10-27,-53.163813400416984,-1.9036781123695619,,48.429275,18.800075,2,2019
2020-10-28,-35.38413117563323,-3.56252695234798,,52.51942916666667,18.800075,2,2019
2020-10-29,-44.65291299794626,-0.32468954641080927,,47.2275875,18.800075,2,2019
2020-10-30,-62.8539446730847,3.882628146087427,,43.144650000000006,18.800075,2,2019
2020-10-31,-39.07604872879165,2.1243643283896745,,78.17982916666666,18.800075,2,2019
2020-11-01,-32.19433599817603,1.8143862447200263,,47.45001666666667,18.800075,2,2019
2020-11-02,-17.126620171618924,6.164112014853799,,108.11441666666668,18.800075,2,2019
2020-11-03,-4.253568152711523,2.9832463755587924,,56.313875,18.800075,2,2019
2020-11-04,-6.317558674696556,30.619815304905956,,42.33535416666667,18.800075,2,2019
2020-11-05,-11.898651342804442,49.187074998663775,,42.053133333333335,18.800075,2,2019
2020-11-06,7.323999929590627,90.76256805367848,,5.534370833333334,18.800075,2,2019
2020-11-07,12.739613810711944,93.72519840662426,,6.054741666666668,18.800075,2,2019
2020-11-08,-19.20399515209192,71.8881605623128,,5.722533333333334,18.800075,2,2019
2020-11-09,-7.512724831010928,69.39821793831743,,6.795425000000001,18.800075,2,2019
2020-11-10,-14.768027114487268,-5.47542115304077,,44.14788333333333,18.800075,2,2019
2020-11-11,-20.781151849560047,11.758618687715625,,53.8067,18.800075,2,2019
2020-11-12,-33.39109108701632,-2.9442549221694208,,45.85762916666667,18.800075,2,2019
2020-11-13,-43.39344760102722,8.782836963491263,,41.6620125,18.800075,2,2019
2020-11-14,-36.58906729723094,9.285875273437796,,52.191558333333326,18.800075,2,2019
2020-11-15,-34.50807125771644,-1.5418972171446512,,46.5167625,18.800075,2,2019
2020-11-16,1.4635226947739284,-0.690022559389945,,47.696216666666665,18.800075,2,2019
2020-11-17,16.985842294043778,7.663452055032394,,26.14893333333333,18.800075,2,2019
2020-11-18,-0.6713394705366227,2.1732584742053405,,37.143058333333336,18.800075,2,2019
2020-11-19,-34.540211029263446,-0.9291995824805781,,46.94543333333333,18.800075,2,2019
2020-11-20,4.4993719777312435,9.884508885496416,,4.9647,18.800075,2,2019
2020-11-21,-2.332197456601534,-0.3173620724483044,,5.136316666666667,18.800075,2,2019
2020-11-22,-10.78247548712261,12.64089317024309,,6.357304166666666,18.800075,2,2019
2020-11-23,18.321443494010055,10.156114576956952,,16.846520833333333,18.800075,2,2019
2020-11-24,10.885441172190895,21.968333768912657,,16.759129166666668,18.800075,2,2019
2020-11-25,-19.17532870825653,-7.200801618164405,,76.55326666666666,18.800075,2,2019
2020-11-26,-16.15676070797781,37.15642313488752,,6.256966666666667,18.800075,2,2019
2020-11-27,-9.36469791417585,46.84133128431404,,5.603516666666667,18.800075,2,2019
2020-11-28,1.8452226976455677,53.493756783645495,,19.001275,18.800075,2,2019
2020-11-29,26.95667458371554,32.88836693719975,,5.088045833333333,18.800075,2,2019
2020-11-30,27.365024087404777,-6.588140095603194,,35.08947916666667,18.800075,2,2019
2020-12-01,32.40051007322336,2.1873471186991083,,12.564441666666667,18.800075,2,2019
2020-12-02,4.880659974338414,-0.30053054959626024,,9.361708333333334,18.800075,2,2019
2020-12-03,-6.263206676971095,-4.756757476906387,,31.97581666666667,18.800075,2,2019
2020-12-04,-13.886097338396212,-8.71628869269989,,77.13603333333333,18.800075,2,2019
2020-12-05,-31.333718928610324,12.834375251539768,,32.6557375,18.800075,2,2019
2020-12-06,-27.210787013204026,28.837902163481772,,34.36783333333333,18.800075,2,2019
2020-12-07,-14.08542301451962,39.711014630301634,,43.26474166666667,18.800075,2,2019
2020-12-08,-27.015098810714335,5.956103019451348,,26.83785,18.800075,2,2019
2020-12-09,-20.35873873363016,20.57900309463048,,10.375204166666666,18.800075,2,2019
2020-12-10,-29.848546322968105,28.695242942585423,,21.9631,18.800075,2,2019
2020-12-11,-26.402023640429434,-1.2174726508710592,,12.0248875,18.800075,2,2019
2020-12-12,-61.57342263727878,-10.593179126839459,,19.801783333333333,18.800075,2,2019
2020-12-13,-30.124633198101947,9.619945054093932,,36.29302499999999,18.800075,2,2019
2020-12-14,-5.234353168927555,4.00075411746684,,20.2371875,18.800075,2,2019
2020-12-15,-0.6657355287561586,21.977403651838245,,4.4354125,18.800075,2,2019
2019-12-17,38.73975992632268,8.342797858446374,,0.26325,-0.0731958333333334,4,2019
2019-12-18,48.81685700304297,13.245214438502444,,-0.8368833333333333,-0.0731958333333334,4,2019
2019-12-19,43.33946844559887,2.8001760701008607,,-4.884420833333333,-0.0731958333333334,4,2019
2019-12-20,34.20054902809534,-1.6402468878295622,,1.7036666666666669,-0.0731958333333334,4,2019
2019-12-21,21.188516708770635,4.515914603760393,,-1.5042875,-0.0731958333333334,4,2019
2019-12-22,15.243016400319448,5.5676566191814345,,-2.7822374999999995,-0.0731958333333334,4,2019
2019-12-23,13.858739368613897,9.905906947901258,,-2.216733333333333,-0.0731958333333334,4,2019
2019-12-24,2.5134000125199236,10.833925615999306,,-2.487020833333333,-0.0731958333333334,4,2019
2019-12-25,12.02374882254935,9.540065082563615,,2.80155,-0.0731958333333334,4,2019
2019-12-26,10.781784663844519,11.171555721705772,,0.388325,-0.0731958333333334,4,2019
2019-12-27,-6.632449645814631,8.469712202494975,,0.833675,-0.0731958333333334,4,2019
2019-12-28,-3.569834728799833,9.189298378711555,,-2.4112291666666668,-0.0731958333333334,4,2019
2019-12-29,-3.5905269637396486,8.243397653860029,,-0.4462291666666666,-0.0731958333333334,4,2019
2019-12-30,-1.3732307163509176,7.782213271130331,,6.352429166666667,-0.0731958333333334,4,2019
2019-12-31,11.544035648133104,9.13722472638483,,8.1942125,-0.0731958333333334,4,2019
2020-01-01,19.073720972071897,8.311994234705253,,5.395824999999999,-0.0731958333333334,4,2019
2020-01-02,20.618674701813006,9.88466318266319,,0.6759958333333334,-0.0731958333333334,4,2019
2020-01-03,8.747750772642576,9.741948152153327,,-4.043679166666666,-0.0731958333333334,4,2019
2020-01-04,3.340344187626215,9.974537999390122,,-1.5319291666666668,-0.0731958333333334,4,2019
2020-01-05,-19.989482633112857,10.154064394389934,,-0.7019291666666666,-0.0731958333333334,4,2019
2020-01-06,-25.72389744121665,9.356651712128496,,10.815391666666663,-0.0731958333333334,4,2019
2020-01-07,-24.506240010656256,8.460703874290175,2.4291348,9.557766666666668,-0.0731958333333334,4,2019
2020-01-08,-33.83209208716471,3.8119091584694615,5.6878,5.667966666666666,-0.0731958333333334,4,2019
2020-01-09,-10.109881005484567,4.209068424284396,-16.757795,-9.705466666666666,-0.0731958333333334,4,2019
2020-01-10,-9.87473868915913,1.9291340930226397,-15.4844475,-17.174570833333334,-0.0731958333333334,4,2019
2020-01-11,2.2738717171559983,9.100160577174847,-52.411606,-53.6136,-0.0731958333333334,4,2019
2020-01-12,18.06884918324704,11.560162984979343,-52.565235,-42.20889583333334,-0.0731958333333334,4,2019
2020-01-13,9.210642272962104,6.640836092028621,-68.54842,-59.37007916666667,-0.0731958333333334,4,2019
2020-01-14,31.4789653202929,5.424611655368153,,-85.87115416666667,-0.0731958333333334,4,2019
2020-01-15,1.6237061343135792,4.509611400351787,-92.33962,-86.06290416666667,-0.0731958333333334,4,2019
2020-01-16,17.24959524459109,10.377105873338223,-15.503353,-5.394333333333333,-0.0731958333333334,4,2019
2020-01-17,4.637387510491408,9.472689747378809,-22.561441,-22.5545375,-0.0731958333333334,4,2019
2020-01-18,9.968034537956555,0.7171035846718041,9.502788,5.903379166666666,-0.0731958333333334,4,2019
2020-01-19,3.7770265085641768,8.307406356182582,-6.9914575,-1.7030291666666668,-0.0731958333333334,4,2019
2020-01-20,-18.695914279418503,9.935791354478624,33.800713,28.995941666666667,-0.0731958333333334,4,2019
2020-01-21,-24.158421367565097,8.733934610379492,47.83193,38.039975000000005,-0.0731958333333334,4,2019
2020-01-22,-18.938101738720434,5.37833891992841,,33.4820125,-0.0731958333333334,4,2019
2020-01-23,7.421684809291037,6.115204737364365,21.596407,24.81979583333333,-0.0731958333333334,4,2019
2020-01-24,12.872311015596097,7.83848085176669,14.651906,14.104933333333332,-0.0731958333333334,4,2019
2020-01-25,4.05654239201067,11.111734381855968,28.432373,22.795258333333337,-0.0731958333333334,4,2019
2020-01-26,-26.92111542155726,13.007690364847349,3.419237,8.111879166666666,-0.0731958333333334,4,2019
2020-01-27,-46.1499106758165,12.088327111221588,9.601612,8.050075,-0.0731958333333334,4,2019
2020-01-28,-18.267870958360618,9.076448057268408,-16.066336,-6.510533333333334,-0.0731958333333334,4,2019
2020-01-29,-6.9236970383135485,10.641298734956763,4.2759566,4.3253875,-0.0731958333333334,4,2019
2020-01-30,16.916208310970887,12.213135463089657,,1.9706,-0.0731958333333334,4,2019
2020-01-31,-23.86545044288414,13.104181903694098,-31.180643,-19.398429166666663,-0.0731958333333334,4,2019
2020-02-01,-41.0572768768543,13.213018857341922,26.671312,22.9361375,-0.0731958333333334,4,2019
2020-02-02,-72.7507816225334,13.476896558790031,9.068811,10.545120833333334,-0.0731958333333334,4,2019
2020-02-03,-88.45072188264749,10.211633652188539,5.278871,10.111370833333334,-0.0731958333333334,4,2019
2020-02-04,-76.17936972162352,16.78267724480247,11.450156,11.1494625,-0.0731958333333334,4,2019
2020-02-05,-36.639020184244146,1.09907935269257,,12.756995833333336,-0.0731958333333334,4,2019
2020-02-06,-34.78696831103662,12.02770638073116,11.01794,11.048879166666666,-0.0731958333333334,4,2019
2020-02-07,-38.109104496727014,20.172853556662176,10.830959,11.005054166666667,-0.0731958333333334,4,2019
2020-02-08,-56.90522423200673,14.931825278285487,-3.2936246,15.600112500000002,-0.0731958333333334,4,2019
2020-02-09,-64.24382072219305,21.462049473356615,,138.07789166666666,-0.0731958333333334,4,2019
2020-02-10,-53.22668785441783,19.802049560099476,25.842026,27.50354583333333,-0.0731958333333334,4,2019
2020-02-11,10.808420622623544,16.444134487769134,-26.098963,5.644479166666666,-0.0731958333333334,4,2019
2020-02-12,19.484184264872965,8.49755791671987,,20.855195833333333,-0.0731958333333334,4,2019
2020-02-13,54.328632489707616,7.273882896655323,,50.080975,-0.0731958333333334,4,2019
2020-02-14,7.80951894527152,3.4760830164468643,,24.373495833333333,-0.0731958333333334,4,2019
2020-02-15,-18.363545050515313,1.183378132445796,,52.06310833333333,-0.0731958333333334,4,2019
2020-02-16,-49.39910697956293,2.55772433586435,9.749332,46.82380416666666,-0.0731958333333334,4,2019
2020-02-17,-56.77281099956781,12.432170140079506,76.554184,51.51779166666666,-0.0731958333333334,4,2019
2020-02-18,-22.09550107699215,11.681095851626651,36.792694,41.49742916666667,-0.0731958333333334,4,2019
2020-02-19,-16.667008306822936,12.26959181153643,29.156986,28.650075,-0.0731958333333334,4,2019
2020-02-20,-10.99278252543445,11.630727675430535,36.573128,40.4547375,-0.0731958333333334,4,2019
2020-02-21,-10.854886819197418,14.273176634188985,30.99028,27.255358333333334,-0.0731958333333334,4,2019
2020-02-22,-1.8959107273358313,16.64812683245782,,44.37647916666666,-0.0731958333333334,4,2019
2020-02-23,-11.681167844778429,19.889826591941983,,80.6667125,-0.0731958333333334,4,2019
2020-02-24,-10.837713872827408,13.326276260671875,,55.97296666666667,-0.0731958333333334,4,2019
2020-02-25,45.24752854888584,15.821588097779113,,40.41728333333334,-0.0731958333333334,4,2019
2020-02-26,70.780103363938,16.46504503678534,29.822472,29.238529166666662,-0.0731958333333334,4,2019
2020-02-27,93.81953635097307,13.912682642993332,,28.566291666666668,-0.0731958333333334,4,2019
2020-02-28,53.63058554138888,10.04721524785873,,66.08891666666666,-0.0731958333333334,4,2019
2020-02-29,14.868545383857054,9.930295749006746,,33.95290833333333,-0.0731958333333334,4,2019
2020-03-01,-8.358700084325392,15.787363673021446,,39.73897916666667,-0.0731958333333334,4,2019
2020-03-02,-29.76900120911887,11.773766073406932,,20.13660833333333,-0.0731958333333334,4,2019
2020-03-03,-7.810347651124175,12.439491048205127,,22.08021666666667,-0.0731958333333334,4,2019
2020-03-04,17.39190565540298,14.606478211929698,,36.612633333333335,-0.0731958333333334,4,2019
2020-03-05,21.579833610853257,8.732046932275352,,35.772595833333334,-0.0731958333333334,4,2019
2020-03-06,12.032666870496996,6.889448222721512,,24.06545,-0.0731958333333334,4,2019
2020-03-07,1.311687716832239,10.101383402151441,,20.153891666666667,-0.0731958333333334,4,2019
2020-03-08,5.95186805466119,11.182210433509226,,19.587566666666667,-0.0731958333333334,4,2019
2020-03-09,-2.9648913474957226,11.477479401099572,,33.1434875,-0.0731958333333334,4,2019
2020-03-10,19.603152304832747,17.66540477007493,,48.00150416666667,-0.0731958333333334,4,2019
2020-03-11,34.17812505367738,14.700371320829618,30.610376,40.5643625,-0.0731958333333334,4,2019
2020-03-12,24.892137455809916,19.339547085615322,23.726522,28.4654125,-0.0731958333333334,4,2019
2020-03-13,31.34030879770694,9.632531763400493,,24.5271625,-0.0731958333333334,4,2019
2020-03-14,6.988969895290211,7.904547943952366,,19.6335875,-0.0731958333333334,4,2019
2020-03-15,7.794207413658114,4.288882737445874,,32.9270125,-0.0731958333333334,4,2019
2020-03-16,-20.19434987556633,-0.9040425784596664,3.892248,17.900129166666666,-0.0731958333333334,4,2019
2020-03-17,-10.442063108036564,8.003066684937039,2.6277862,14.664683333333334,-0.0731958333333334,4,2019
2020-03-18,-0.36017132893175585,9.407289087636855,4.9149513,8.540433333333333,-0.0731958333333334,4,2019
2020-03-19,-5.762348224870038,3.9497408477968747,,17.77559583333333,-0.0731958333333334,4,2019
2020-03-20,-11.138662289322383,13.721247461345229,,41.01625,-0.0731958333333334,4,2019
2020-03-21,-37.18826557126158,10.266932771884512,,12.012108333333332,-0.0731958333333334,4,2019
2020-03-22,-55.47582184485691,2.542729605880595,,25.232579166666667,-0.0731958333333334,4,2019
2020-03-23,-43.09569346417629,1.2336248406595587,,20.0829,-0.0731958333333334,4,2019
2020-03-24,0.5981092813644864,-0.024092402189126005,,22.70657083333333,-0.0731958333333334,4,2019
2020-03-25,14.829621461349689,-2.5758917754683353,,29.368354166666663,-0.0731958333333334,4,2019
2020-03-26,17.83923201865946,-2.3336091115315867,,58.68697916666667,-0.0731958333333334,4,2019
2020-03-27,10.383960607045083,2.461277116416568,7.8679776,21.157654166666667,-0.0731958333333334,4,2019
2020-03-28,-30.16723234780511,11.82466772384987,27.296274,24.184700000000003,-0.0731958333333334,4,2019
2020-03-29,-13.427801923895458,20.02515013157972,8.295167,11.801904166666668,-0.0731958333333334,4,2019
2020-03-30,-11.914481575531681,20.51776681693218,10.597542,16.0219125,-0.0731958333333334,4,2019
2020-03-31,-4.061799754841559,13.164684449120614,27.130205,23.41242083333333,-0.0731958333333334,4,2019
2020-04-01,-18.49322032897362,4.120180124549279,0.75654256,7.208495833333333,-0.0731958333333334,4,2019
2020-04-02,-14.640236231214658,7.013404657253886,5.812601,5.656083333333334,-0.0731958333333334,4,2019
2020-04-03,-22.26658052284074,-4.1452055807785655,-22.371265,-9.570275,-0.0731958333333334,4,2019
2020-04-04,-37.81337920347323,-0.2198955068242867,0.8720277,4.357383333333334,-0.0731958333333334,4,2019
2020-04-05,-8.987658014032604,3.0703602578760183,-25.40142,-11.35845,-0.0731958333333334,4,2019
2020-04-06,-0.5760987236162691,-0.687379810044149,-5.1129117,-0.8898041666666666,-0.0731958333333334,4,2019
2020-04-07,13.448691364995739,-12.869338101892936,18.94312,22.169370833333332,-0.0731958333333334,4,2019
2020-04-08,44.03703280490663,-13.562148795296707,25.332205,22.42340833333333,-0.0731958333333334,4,2019
2020-04-09,56.374982249444656,-7.6576230022847085,20.73883,22.191066666666668,-0.0731958333333334,4,2019
2020-04-10,57.17114249832048,-1.5886558245138076,43.613743,37.39790833333333,-0.0731958333333334,4,2019
2020-04-11,62.15200605600694,11.527842652918025,75.96968,136.6470625,-0.0731958333333334,4,2019
2020-04-12,75.18568470844366,21.065083079000146,33.432266,80.81063333333334,-0.0731958333333334,4,2019
2020-04-13,88.75176737629045,44.807450048819646,62.542892,87.625275,-0.0731958333333334,4,2019
2020-04-14,93.54073121936926,62.508530998806236,48.83875,62.287929166666665,-0.0731958333333334,4,2019
2020-04-15,101.65596772537538,60.96652779201486,385.20413,228.3841,-0.0731958333333334,4,2019
2020-04-16,87.9160610918625,59.0141072532806,39.564888,67.34700416666666,-0.0731958333333334,4,2019
2020-04-17,95.49126407999938,113.05781267369275,,122.28049583333332,-0.0731958333333334,4,2019
2020-04-18,81.28862024333375,66.81593010146753,36.904152,36.69166666666667,-0.0731958333333334,4,2019
2020-04-19,80.60913819880443,47.943674563140576,9.08718,29.311691666666665,-0.0731958333333334,4,2019
2020-04-20,101.75616896206157,45.969606460199884,63.463146,58.4156125,-0.0731958333333334,4,2019
2020-04-21,120.86438918778367,66.18016996474853,155.48962,114.94125,-0.0731958333333334,4,2019
2020-04-22,135.00814731635546,69.37500113909573,25.500029,56.6735875,-0.0731958333333334,4,2019
2020-04-23,120.24077913221845,48.50360256676822,,90.409025,-0.0731958333333334,4,2019
2020-04-24,98.44912106953052,50.3971964899406,,72.06334583333333,-0.0731958333333334,4,2019
2020-04-25,88.06201964579304,44.636984508719706,,61.13270416666666,-0.0731958333333334,4,2019
2020-04-26,85.73517240999536,42.546185674737444,,95.19221666666664,-0.0731958333333334,4,2019
2020-04-27,100.26572398940152,48.9502797329028,,105.24277916666666,-0.0731958333333334,4,2019
2020-04-28,111.88867349478642,66.69469520632356,,71.8033875,-0.0731958333333334,4,2019
2020-04-29,101.61363120914757,26.167111769813687,,71.6120125,-0.0731958333333334,4,2019
2020-04-30,65.8978356958196,-2.31614398542024,58.809013,60.950941666666665,-0.0731958333333334,4,2019
2020-05-01,53.551518092172955,2.3162213650575723,107.10102,86.2431625,-0.0731958333333334,4,2019
2020-05-02,43.1060595102108,3.7948396240303737,19.386509,56.589400000000005,-0.0731958333333334,4,2019
2020-05-03,46.28423643930182,15.155009564186003,65.981674,85.81407916666666,-0.0731958333333334,4,2019
2020-05-04,54.12993549246585,32.25676789960596,13.179566,51.46094583333333,-0.0731958333333334,4,2019
2020-05-05,69.00082722675234,55.89218969752983,320.75638,217.03885,-0.0731958333333334,4,2019
2020-05-06,91.40897469490483,44.075309992480925,32.642532,49.61388333333333,-0.0731958333333334,4,2019
2020-05-07,108.63822968203203,52.17645457107483,128.43239,116.59778333333333,-0.0731958333333334,4,2019
2020-05-08,78.40943182842784,54.95848993906793,85.49931,104.01994166666668,-0.0731958333333334,4,2019
2020-05-09,89.17811999435071,49.92371265326801,269.25433,153.50691666666668,-0.0731958333333334,4,2019
2020-05-10,73.96916316766419,67.2368724699354,184.71951,112.7607625,-0.0731958333333334,4,2019
2020-05-11,88.60961044191572,71.40763978995983,145.82494,141.25797083333333,-0.0731958333333334,4,2019
2020-05-12,97.57674458610563,62.413510207421496,52.73563,50.857425000000006,-0.0731958333333334,4,2019
2020-05-13,95.44114704706408,63.92619695252597,177.53687,149.41605,-0.0731958333333334,4,2019
2020-05-14,71.61243809112602,48.86724815966818,92.81704,103.37480416666666,-0.0731958333333334,4,2019
2020-05-15,55.455351437965874,18.088512223255293,7.353285,52.02237083333333,-0.0731958333333334,4,2019
2020-05-16,43.58773751131457,13.266113497304104,37.518192,45.1735625,-0.0731958333333334,4,2019
2020-05-17,28.85913895251815,11.515029422238968,59.932556,53.66506666666667,-0.0731958333333334,4,2019
2020-05-18,69.59979897941048,8.950439798709795,62.613922,49.9334375,-0.0731958333333334,4,2019
2020-05-19,76.64495508757864,3.9601312846657493,139.05873,80.8510625,-0.0731958333333334,4,2019
2020-05-20,84.59877049379247,-3.6075915738010735,,82.50565,-0.0731958333333334,4,2019
2020-05-21,63.70879881037945,-0.33789672730290476,,52.69244166666667,-0.0731958333333334,4,2019
2020-05-22,48.06040693564137,8.714765649596757,66.48259,68.85349583333333,-0.0731958333333334,4,2019
2020-05-23,65.32941806510098,20.01983180370371,60.924587,58.88559583333333,-0.0731958333333334,4,2019
2020-05-24,71.03168325290244,9.26572800295935,91.187515,60.2293625,-0.0731958333333334,4,2019
2020-05-25,99.89977050483685,-4.759337850801785,,67.46700416666667,-0.0731958333333334,4,2019
2020-05-26,114.18009804059511,2.3851035598072485,150.09726,82.1812375,-0.0731958333333334,4,2019
2020-05-27,118.19414211711774,-5.465690582778734,18.345379,42.54166666666666,-0.0731958333333334,4,2019
2020-05-28,111.19988437647407,8.11994678876772,80.73877,79.64724583333334,-0.0731958333333334,4,2019
2020-05-29,115.98392384188992,7.095871568516486,160.7818,136.49436666666665,-0.0731958333333334,4,2019
2020-05-30,115.96626174067205,10.818623933141225,55.482243,84.80811250000001,-0.0731958333333334,4,2019
2020-05-31,133.49487949468676,15.350710898349462,57.687813,58.57983333333333,-0.0731958333333334,4,2019
2020-06-01,137.5262376830724,18.57008024659126,,70.36195,-0.0731958333333334,4,2019
2020-06-02,115.87021667873341,15.132677511484417,,96.2817,-0.0731958333333334,4,2019
2020-06-03,97.72476481281774,-4.803026929427688,,161.24295833333335,-0.0731958333333334,4,2019
2020-06-04,72.30081684463312,19.74669791370843,,110.50439166666666,-0.0731958333333334,4,2019
2020-06-05,30.052742850018944,25.690911728495166,21.884333,75.3631125,-0.0731958333333334,4,2019
2020-06-06,68.0978243971822,24.992327612646363,,82.317625,-0.0731958333333334,4,2019
2020-06-07,95.57453858919871,18.42576315188171,,99.5422375,-0.0731958333333334,4,2019
2020-06-08,121.1685318839227,8.764651236781901,379.43127,215.72423333333333,-0.0731958333333334,4,2019
2020-06-09,124.94164257598823,19.31675542433186,133.16208,106.30680416666668,-0.0731958333333334,4,2019
2020-06-10,119.32039324949801,1.9708123841028282,,68.88167916666667,-0.0731958333333334,4,2019
2020-06-11,117.57357860986667,42.52652755910685,175.34932,136.57459166666666,-0.0731958333333334,4,2019
2020-06-12,119.25552278108444,56.04997004076995,,95.91653333333332,-0.0731958333333334,4,2019
2020-06-13,110.77569848458552,47.18779572354788,,91.8823625,-0.0731958333333334,4,2019
2020-06-14,108.73076858707464,76.04420399312494,35.736656,65.53108333333334,-0.0731958333333334,4,2019
2020-06-15,111.3013002929838,94.16212858790459,98.94001,97.716575,-0.0731958333333334,4,2019
2020-06-16,100.05002968192639,95.91617221394517,,80.40559583333334,-0.0731958333333334,4,2019
2020-06-17,72.79155734209598,91.88439381199896,,109.14599166666666,-0.0731958333333334,4,2019
2020-06-18,70.67246631698072,69.10958703181677,,89.52510416666667,-0.0731958333333334,4,2019
2020-06-19,39.98135968108045,6.083453991652732,49.524715,60.75566666666666,-0.0731958333333334,4,2019
2020-06-20,46.04092622189273,20.998471432717906,54.490383,71.02617500000001,-0.0731958333333334,4,2019
2020-06-21,60.59358497408721,44.01698238052222,87.06331,73.86739583333333,-0.0731958333333334,4,2019
2020-06-22,85.72376755132791,56.544797771693084,69.58424,62.09249583333333,-0.0731958333333334,4,2019
2020-06-23,102.80870544374557,80.74077994540949,39.011997,117.52577916666668,-0.0731958333333334,4,2019
2020-06-24,110.81986686930395,90.1546240849184,68.095085,100.09022916666667,-0.0731958333333334,4,2019
2020-06-25,98.4195222768576,75.17288789235681,83.97033,168.79127499999998,-0.0731958333333334,4,2019
2020-06-26,79.45412870087239,39.96182303343221,57.668655,79.77698333333333,-0.0731958333333334,4,2019
2020-06-27,55.72513182677267,-2.35883505683978,5.9368534,49.73295,-0.0731958333333334,4,2019
2020-06-28,59.427531738516336,-2.51464564901471,14.62949,48.38800416666667,-0.0731958333333334,4,2019
2020-06-29,49.12572546027923,0.5009398198594681,50.51592,53.02098333333333,-0.0731958333333334,4,2019
2020-06-30,54.104908163723394,-12.51269825694817,72.291725,54.815041666666666,-0.0731958333333334,4,2019
2020-07-01,49.938474296042386,0.1963440809754502,120.96172,103.67887083333332,-0.0731958333333334,4,2019
2020-07-02,45.165104315562985,2.505105719076255,104.63287,78.99764583333334,-0.0731958333333334,4,2019
2020-07-03,43.84113449563665,-10.82561303545026,,49.95921666666666,-0.0731958333333334,4,2019
2020-07-04,37.79663655047307,-6.456114247540427,,98.3929125,-0.0731958333333334,4,2019
2020-07-05,53.59922382151262,14.598792899857017,144.52502,208.14316666666664,-0.0731958333333334,4,2019
2020-07-06,54.635019060601735,11.855912900121439,34.53556,66.16308333333333,-0.0731958333333334,4,2019
2020-07-07,70.35789050603307,-1.631090828294873,,46.39195833333333,-0.0731958333333334,4,2019
2020-07-08,62.433529444080705,-4.618431708353455,,32.15179166666667,-0.0731958333333334,4,2019
2020-07-09,66.38834967190996,2.9696944882302887,,35.0481375,-0.0731958333333334,4,2019
2020-07-10,60.7799365565279,19.74004179656731,33.752796,30.500958333333333,-0.0731958333333334,4,2019
2020-07-11,82.41218266551004,5.202740536844431,4.042284,9.031754166666667,-0.0731958333333334,4,2019
2020-07-12,75.33114425877102,8.203469158309417,6.372806,22.972104166666668,-0.0731958333333334,4,2019
2020-07-13,56.4941193597042,0.9780988837278528,-19.59573,10.280258333333334,-0.0731958333333334,4,2019
2020-07-14,55.65414528130168,11.04680646236966,,14.759341666666666,-0.0731958333333334,4,2019
2020-07-15,35.51812372289669,14.499940942650483,,13.399316666666666,-0.0731958333333334,4,2019
2020-07-16,4.487098787135892,14.357349021582195,-13.758752,0.4712958333333332,-0.0731958333333334,4,2019
2020-07-17,-5.308711271638458,11.545954513962442,5.669362,11.901583333333331,-0.0731958333333334,4,2019
2020-07-18,-10.279837693226,4.822650805468584,14.712336,17.982195833333332,-0.0731958333333334,4,2019
2020-07-19,6.386293369170289,-6.674070485822085,19.0258,23.935829166666668,-0.0731958333333334,4,2019
2020-07-20,5.950829010974303,9.180534627930683,0.011468846,2.2919416666666668,-0.0731958333333334,4,2019
2020-07-21,5.57380880834171,2.887938328810378,-3.3199,4.9429375,-0.0731958333333334,4,2019
2020-07-22,7.734141496384382,11.489755874613365,-0.40292352,52.79662916666667,-0.0731958333333334,4,2019
2020-07-23,16.46008947139717,7.99359546523192,2.3879838,28.187808333333333,-0.0731958333333334,4,2019
2020-07-24,-4.105324687545362,1.554451328320738,10.449884,13.535625,-0.0731958333333334,4,2019
2020-07-25,-7.4326413185372076,-6.642075162686524,18.68109,17.020954166666666,-0.0731958333333334,4,2019
2020-07-26,-19.75728837754832,0.018726703049651405,5.8175573,13.748554166666668,-0.0731958333333334,4,2019
2020-07-27,-19.3590900680465,-2.7050844649156716,7.02064,11.137625,-0.0731958333333334,4,2019
2020-07-28,-31.880154137441423,10.588507764950464,20.261368,19.319666666666667,-0.0731958333333334,4,2019
2020-07-29,-4.947353872892563,-1.8441358205873257,3.0606575,6.401441666666667,-0.0731958333333334,4,2019
2020-07-30,-2.279634649426953,-9.209346930582797,-10.174775,5.213716666666667,-0.0731958333333334,4,2019
2020-07-31,-32.04764863635137,-3.5109293231953416,32.672886,20.363312500000003,-0.0731958333333334,4,2019
2020-08-01,-12.95406366104362,14.979416105479686,27.088425,22.4288625,-0.0731958333333334,4,2019
2020-08-02,-26.290726139409344,11.988483712645575,,14.25535,-0.0731958333333334,4,2019
2020-08-03,-36.5491207456289,12.2701055882726,10.824774,10.181783333333334,-0.0731958333333334,4,2019
2020-08-04,-10.842759718472735,2.945499379312878,-32.848812,13.052920833333332,-0.0731958333333334,4,2019
2020-08-05,-19.78789174326448,8.856270924660748,-40.065575,-15.135554166666669,-0.0731958333333334,4,2019
2020-08-06,-13.410418870745161,-0.11492747256033908,36.908985,23.4184875,-0.0731958333333334,4,2019
2020-08-07,-1.0089318226810065,7.076100192199647,24.597574,20.95228333333333,-0.0731958333333334,4,2019
2020-08-08,-4.077735040958942,21.65246284663965,25.095165,20.682033333333333,-0.0731958333333334,4,2019
2020-08-09,23.301793274960346,14.165605245600545,,21.396825000000003,-0.0731958333333334,4,2019
2020-08-10,36.745672586722776,-1.1492864348310832,,14.083441666666667,-0.0731958333333334,4,2019
2020-08-11,49.38828835289132,7.187094023263853,16.529587,34.66257916666667,-0.0731958333333334,4,2019
2020-08-12,27.25309175203097,4.748235251684946,-1.1541066,10.743683333333337,-0.0731958333333334,4,2019
2020-08-13,11.746847783641897,-18.865385095230522,,35.66537916666667,-0.0731958333333334,4,2019
2020-08-14,-26.65152215910166,-17.815553738342714,,30.8219375,-0.0731958333333334,4,2019
2020-08-15,-1.0485106874175472,-2.083079756468578,,28.1197375,-0.0731958333333334,4,2019
2020-08-16,-5.163481525602037,1.925130573982642,,14.6391,-0.0731958333333334,4,2019
2020-08-17,-10.762613830548617,16.241250128054617,,26.91690416666667,-0.0731958333333334,4,2019
2020-08-18,-6.0240066734513675,0.39245906286259924,,14.3084125,-0.0731958333333334,4,2019
2020-08-19,-23.54826471177512,6.925174582666386,,19.756083333333333,-0.0731958333333334,4,2019
2020-08-20,-42.2527187983178,-3.7295749743498163,,11.458629166666666,-0.0731958333333334,4,2019
2020-08-21,-31.497812324014376,-4.875221588885324,,30.770679166666667,-0.0731958333333334,4,2019
2020-08-22,-32.647516625744174,5.454742280828668,,6.713183333333333,-0.0731958333333334,4,2019
2020-08-23,-11.447624309734238,6.888373066931763,,11.9260875,-0.0731958333333334,4,2019
2020-08-24,-18.06914277339365,-24.46370323640349,,17.414675,-0.0731958333333334,4,2019
2020-08-25,-38.980844093974156,1.6035933344787736,,7.782254166666667,-0.0731958333333334,4,2019
2020-08-26,-62.68381727358428,2.551957889621008,,17.169900000000002,-0.0731958333333334,4,2019
2020-08-27,-35.99365094524546,-30.48348901299505,,22.1382375,-0.0731958333333334,4,2019
2020-08-28,-60.25016356919514,-9.141948614968896,,20.33595,-0.0731958333333334,4,2019
2020-08-29,-89.63806156139617,3.2107690381803877,-3.7060645,8.531716666666666,-0.0731958333333334,4,2019
2020-08-30,-80.18011797845611,-8.084211990472795,-10.613627,2.182833333333333,-0.0731958333333334,4,2019
2020-08-31,-96.99969100737144,2.872385502691486,7.9000964,24.2102625,-0.0731958333333334,4,2019
2020-09-01,-105.03460763077601,4.5183045683861565,5.4915066,40.593958333333326,-0.0731958333333334,4,2019
2020-09-02,-91.93135080487991,-10.991318343809326,-3.5447474,11.836558333333334,-0.0731958333333334,4,2019
2020-09-03,-104.77725308827212,-1.3152478108286232,1.7176551,2.1719958333333333,-0.0731958333333334,4,2019
2020-09-04,-109.39721228995768,-0.8072982548928849,-1.507072,-0.1894791666666666,-0.0731958333333334,4,2019
2020-09-05,-114.27624628341073,0.4492026666730453,3.5736475,2.1236083333333333,-0.0731958333333334,4,2019
2020-09-06,-101.79759752028622,-4.568285129152173,-5.1563935,-3.3943666666666665,-0.0731958333333334,4,2019
2020-09-07,-96.8134838733422,-8.767590859192751,-6.460768,-3.1034,-0.0731958333333334,4,2019
2020-09-08,-101.52586379500644,-5.678850477216656,9.62305,7.612579166666666,-0.0731958333333334,4,2019
2020-09-09,-104.24088987322102,-4.6404666569360415,6.3955817,4.8764666666666665,-0.0731958333333334,4,2019
2020-09-10,-109.746436022142,-8.545675421270062,10.806099,17.342933333333335,-0.0731958333333334,4,2019
2020-09-11,-123.14877984977647,-7.453491133562238,-1.0713063,-1.4971250000000005,-0.0731958333333334,4,2019
2020-09-12,-98.94135342237132,-3.6372199127399654,-5.204195,-2.152283333333333,-0.0731958333333334,4,2019
2020-09-13,-73.19983233870153,-13.1341350205048,,53.597075,-0.0731958333333334,4,2019
2020-09-14,-45.05660691291996,-5.331530837728678,27.49453,30.83040833333333,-0.0731958333333334,4,2019
2020-09-15,-37.61979206878641,-3.089419009837002,,53.90896666666666,-0.0731958333333334,4,2019
2020-09-16,-39.546884891740774,-2.0296075808855676,,29.800129166666665,-0.0731958333333334,4,2019
2020-09-17,-37.030856197805406,0.7020251402677786,,20.267658333333333,-0.0731958333333334,4,2019
2020-09-18,-32.00598183548573,-3.834014458744605,,28.52433333333333,-0.0731958333333334,4,2019
2020-09-19,-18.18797128931965,18.338816698405026,,23.853229166666665,-0.0731958333333334,4,2019
2020-09-20,-6.61467920828818,23.928654240512742,,23.8265625,-0.0731958333333334,4,2019
2020-09-21,-18.281229153501044,9.982375967170356,,39.48826666666667,-0.0731958333333334,4,2019
2020-09-22,-14.223620749253314,3.9597570319633633,-1.1022013,29.905145833333336,-0.0731958333333334,4,2019
2020-09-23,-29.52832389230025,3.8000742374861147,0.71289164,0.8622833333333334,-0.0731958333333334,4,2019
2020-09-24,-27.308851069984485,-6.353844772235789,-1.7528719,-2.336491666666667,-0.0731958333333334,4,2019
2020-09-25,-35.64675151931806,7.2205650182390855,-27.753695,-15.971195833333333,-0.0731958333333334,4,2019
2020-09-26,-23.93238586699772,2.712113424353902,0.13239631,-2.235675,-0.0731958333333334,4,2019
2020-09-27,-22.01205585603384,10.874559939014944,-13.583601,-7.865945833333334,-0.0731958333333334,4,2019
2020-09-28,-9.34404835717578,-5.203677579005671,21.816975,9.518241666666666,-0.0731958333333334,4,2019
2020-09-29,-12.383154295227541,-9.902577837547142,1.4516668,2.563079166666667,-0.0731958333333334,4,2019
2020-09-30,17.073990295670228,-19.49220256211356,-12.767653,-0.310420833333334,-0.0731958333333334,4,2019
2020-10-01,11.020433137065993,-19.095632580158963,39.79916,36.771704166666666,-0.0731958333333334,4,2019
2020-10-02,25.937183959068534,-3.6510738285651314,,20.283583333333333,-0.0731958333333334,4,2019
2020-10-03,7.613522148448283,7.755120986687871,2.7512267,19.1808625,-0.0731958333333334,4,2019
2020-10-04,17.27247882759093,0.14290473457685948,23.10072,52.88719583333333,-0.0731958333333334,4,2019
2020-10-05,-14.282128921726326,-3.0381562383654455,,47.60187083333333,-0.0731958333333334,4,2019
2020-10-06,4.923744995970992,2.2017312258526545,,15.588108333333333,-0.0731958333333334,4,2019
2020-10-07,-8.194216021626744,-7.715520551927511,6.0546,4.1075125,-0.0731958333333334,4,2019
2020-10-08,-8.741186346163886,-5.196015247362084,4.584666,34.49713333333333,-0.0731958333333334,4,2019
2020-10-09,11.75736789578923,-3.9640968190897183,44.515823,37.98942916666667,-0.0731958333333334,4,2019
2020-10-10,5.192548716541296,0.2469207224926322,46.53983,43.68784583333333,-0.0731958333333334,4,2019
2020-10-11,-9.644162912386491,0.982740930404816,68.69774,49.33093333333333,-0.0731958333333334,4,2019
2020-10-12,9.99796490539211,2.622328887884123,220.86104,143.37663333333333,-0.0731958333333334,4,2019
2020-10-13,22.262612115863135,1.1603812887597087,,43.17514166666667,-0.0731958333333334,4,2019
2020-10-14,38.858720579715964,11.079722644128196,73.101494,66.5202375,-0.0731958333333334,4,2019
2020-10-15,26.678564610091826,17.09393402520527,,38.854079166666665,-0.0731958333333334,4,2019
2020-10-16,46.436857676210366,22.381032729172716,367.73483,142.29285,-0.0731958333333334,4,2019
2020-10-17,49.444363882798825,22.461651767717285,,34.9885375,-0.0731958333333334,4,2019
2020-10-18,53.190697450592324,28.084139164824933,,83.0149625,-0.0731958333333334,4,2019
2020-10-19,51.00356958222619,35.994340589172225,,33.5272375,-0.0731958333333334,4,2019
2020-10-20,37.50176317455498,3.4865670164913354,,26.664370833333333,-0.0731958333333334,4,2019
2020-10-21,27.38394580339235,9.299939296043249,,51.054766666666666,-0.0731958333333334,4,2019
2020-10-22,30.25049662375585,-5.28851147446494,28.845667,46.67324583333333,-0.0731958333333334,4,2019
2020-10-23,4.684766589446099,-11.285878201016203,5.460455,16.382983333333332,-0.0731958333333334,4,2019
2020-10-24,4.558329910030807,-3.9176369572987824,,10.992504166666668,-0.0731958333333334,4,2019
2020-10-25,-13.70211602307063,-11.146662761565494,-23.979557,4.229337500000001,-0.0731958333333334,4,2019
2020-10-26,7.327212265286107,-10.145201925001857,,14.774370833333334,-0.0731958333333334,4,2019
2020-10-27,-7.111808265039144,-7.435126487797788,-3.5104444,9.342970833333334,-0.0731958333333334,4,2019
2020-10-28,19.924920169357165,-5.956710128309169,1.9424028,15.450275,-0.0731958333333334,4,2019
2020-10-29,17.11049224509702,-4.334515072735485,,27.01719583333333,-0.0731958333333334,4,2019
2020-10-30,19.816591247338238,-6.906960720096322,,23.3442375,-0.0731958333333334,4,2019
2020-10-31,28.646720176918507,-8.385137426538677,20.79887,37.849245833333335,-0.0731958333333334,4,2019
2020-11-01,16.00673731134043,-4.666024177006875,,37.0315875,-0.0731958333333334,4,2019
2020-11-02,15.669240163830864,0.2589805233892548,59.386967,61.85845833333334,-0.0731958333333334,4,2019
2020-11-03,-2.985622977456842,-8.231660989375996,,28.452179166666667,-0.0731958333333334,4,2019
2020-11-04,5.243064624067301,-0.39811858320263127,,9.891516666666666,-0.0731958333333334,4,2019
2020-11-05,-8.449781373579754,8.831772145787454,32.729343,22.655525,-0.0731958333333334,4,2019
2020-11-06,-3.5477932143803628,20.627179512401767,8.004663,16.116933333333332,-0.0731958333333334,4,2019
2020-11-07,-0.0666521568709868,18.55799089942866,29.290539,26.3648625,-0.0731958333333334,4,2019
2020-11-08,-32.134810120986,6.7711909346044195,3.4127607,8.780366666666668,-0.0731958333333334,4,2019
2020-11-09,-14.071769356719415,9.261447077311004,13.12666,12.661429166666666,-0.0731958333333334,4,2019
2020-11-10,-27.720460101321805,-4.732864396485638,13.244176,13.0263375,-0.0731958333333334,4,2019
2020-11-11,-12.224671407440837,1.918026338474192,6.3208647,12.292454166666667,-0.0731958333333334,4,2019
2020-11-12,-27.73787270073808,-0.8753465883582976,0.6251126,5.881799999999999,-0.0731958333333334,4,2019
2020-11-13,-14.234454380111856,-0.3305856679326098,12.822096,11.548266666666668,-0.0731958333333334,4,2019
2020-11-14,-17.505212892185227,3.17290057395212,18.884523,18.1144,-0.0731958333333334,4,2019
2020-11-15,-30.426070769444777,4.7413969325702965,16.956581,18.69775,-0.0731958333333334,4,2019
2020-11-16,-17.316379423402395,7.392873917044199,17.050095,18.690125,-0.0731958333333334,4,2019
2020-11-17,-9.009564928795953,1.5294322068743895,20.884033,21.85065,-0.0731958333333334,4,2019
2020-11-18,-27.491141682312445,2.6616434776860842,37.45994,26.747266666666665,-0.0731958333333334,4,2019
2020-11-19,-35.50116065225302,7.44631490490201,27.827772,27.18404583333333,-0.0731958333333334,4,2019
2020-11-20,-46.36953135374824,5.654399531714716,23.520836,23.72005833333333,-0.0731958333333334,4,2019
2020-11-21,-47.965128204104985,6.370253029662763,24.16816,25.041279166666666,-0.0731958333333334,4,2019
2020-11-22,-37.433158155359706,0.1365900409537062,10.994054,16.157179166666666,-0.0731958333333334,4,2019
2020-11-23,-29.342188982476728,0.15412903272999756,16.843458,16.1789875,-0.0731958333333334,4,2019
2020-11-24,-13.49048268570823,3.649626292586163,,21.777116666666668,-0.0731958333333334,4,2019
2020-11-25,-23.724435964127224,-3.5800478880728406,,31.69504166666667,-0.0731958333333334,4,2019
2020-11-26,-18.454009151102582,-2.2251546178822537,22.669838,19.415491666666664,-0.0731958333333334,4,2019
2020-11-27,1.8548482145174603,8.967632442590457,16.86724,17.497975,-0.0731958333333334,4,2019
2020-11-28,9.583739388056529,18.14013775721469,,23.08044166666667,-0.0731958333333334,4,2019
2020-11-29,21.961515557673465,3.8250227761859605,-5.1316233,4.165616666666666,-0.0731958333333334,4,2019
2020-11-30,22.83253660614662,6.687112110386806,6.7542195,8.644183333333334,-0.0731958333333334,4,2019
2020-12-01,14.175174952858924,1.5109083395655034,8.797041,9.707741666666664,-0.0731958333333334,4,2019
2020-12-02,-5.70740530182502,3.487015134858666,11.876757,11.661883333333334,-0.0731958333333334,4,2019
2020-12-03,-30.25062504206835,1.1300110102529288,19.194263,15.3886875,-0.0731958333333334,4,2019
2020-12-04,-42.938861884365906,3.921760533915858,19.76377,18.40712083333333,-0.0731958333333334,4,2019
2020-12-05,-57.6771237135963,3.3451454558476144,6.869573,8.030658333333333,-0.0731958333333334,4,2019
2020-12-06,-55.15257912922243,5.538079165478393,7.2203026,7.093420833333333,-0.0731958333333334,4,2019
2020-12-07,-18.86892408131098,6.888038209250681,7.821439,8.235775,-0.0731958333333334,4,2019
2020-12-08,-16.4492884386691,6.146673152089988,23.805033,25.5597375,-0.0731958333333334,4,2019
2020-12-09,-15.460818110380387,10.083328992179759,20.502317,21.96795416666667,-0.0731958333333334,4,2019
2020-12-10,-29.225605982765046,8.92670101545582,22.32789,23.495104166666664,-0.0731958333333334,4,2019
2020-12-11,-16.372372942491893,2.645348711999304,10.383163,15.497608333333332,-0.0731958333333334,4,2019
2020-12-12,-40.69982615105437,1.6344560507518509,25.015589,24.4184375,-0.0731958333333334,4,2019
2020-12-13,-22.041602122011682,4.640883818632119,,23.7275625,-0.0731958333333334,4,2019
2020-12-14,-12.73002745780741,9.243729166479625,5.4693084,7.074141666666667,-0.0731958333333334,4,2019
2020-12-15,-2.6476038459150004,6.031510014604464,11.746322,11.9224375,-0.0731958333333334,4,2019
2019-12-17,56.832259959228395,-1.1889637871208834,,43.95835833333334,9.369879166666664,9,2019
2019-12-18,60.77152571947954,11.547819211637488,,22.7317,9.369879166666664,9,2019
2019-12-19,48.31659111772069,5.898422142425716,,11.574095833333333,9.369879166666664,9,2019
2019-12-20,50.44288979027533,-6.295310336415241,,9.879075,9.369879166666664,9,2019
2019-12-21,33.001472095186955,-2.730704360436903,,9.062258333333334,9.369879166666664,9,2019
2019-12-22,35.61116245227208,-1.0829091068526395,,10.419483333333334,9.369879166666664,9,2019
2019-12-23,32.95279174943482,-0.8552715420855748,,11.42145,9.369879166666664,9,2019
2019-12-24,19.993161374281044,1.1173602840367494,,13.208408333333333,9.369879166666664,9,2019
2019-12-25,28.15514910108982,-2.361674781292095,,11.710020833333331,9.369879166666664,9,2019
2019-12-26,23.002993528585648,4.715750773701529,,15.089691666666669,9.369879166666664,9,2019
2019-12-27,13.250165079512954,-1.620424626276872,,16.512420833333334,9.369879166666664,9,2019
2019-12-28,22.76549735973731,-0.9014753362380361,,14.7958875,9.369879166666664,9,2019
2019-12-29,18.499901299057,-2.2758034836051593,,12.635054166666668,9.369879166666664,9,2019
2019-12-30,20.498089003790938,-2.326764226580053,,19.444975,9.369879166666664,9,2019
2019-12-31,21.021290998808126,0.5589916666690442,,18.741104166666663,9.369879166666664,9,2019
2020-01-01,27.054202704060344,0.20995177791746755,,19.093654166666667,9.369879166666664,9,2019
2020-01-02,29.62895911563953,2.2435408336705223,,17.874379166666667,9.369879166666664,9,2019
2020-01-03,16.21187949821342,1.048668498556708,,14.535283333333334,9.369879166666664,9,2019
2020-01-04,11.07335378235075,0.7875435242222011,,12.426433333333334,9.369879166666664,9,2019
2020-01-05,-20.78150640475178,1.6916559802257325,,10.044220833333332,9.369879166666664,9,2019
2020-01-06,-23.292738754843413,0.3064827117855202,,33.51025,9.369879166666664,9,2019
2020-01-07,-22.05762932984544,1.0762417305509189,,13.596591666666669,9.369879166666664,9,2019
2020-01-08,-23.063659988880318,-4.314778167062286,,33.3738875,9.369879166666664,9,2019
2020-01-09,23.20487823963458,-4.834391932222388,,20.84444583333333,9.369879166666664,9,2019
2020-01-10,24.997404235652084,-10.967996491197482,,12.505754166666668,9.369879166666664,9,2019
2020-01-11,24.042437731523023,-1.6781875762635536,,21.157229166666667,9.369879166666664,9,2019
2020-01-12,25.251777888210654,-2.065516142803972,,48.914925,9.369879166666664,9,2019
2020-01-13,23.19449970334506,-2.775844489014162,,39.81966666666667,9.369879166666664,9,2019
2020-01-14,39.96349403891918,-1.6567107238161043,,28.66150833333333,9.369879166666664,9,2019
2020-01-15,36.90359573691512,-9.579548511611392,,14.998354166666669,9.369879166666664,9,2019
2020-01-16,51.45230021384623,-4.1154098129991326,,10.40235,9.369879166666664,9,2019
2020-01-17,30.077041370867278,-10.278865949367173,,9.485308333333334,9.369879166666664,9,2019
2020-01-18,26.391697451524124,-11.608664590987246,,14.968558333333334,9.369879166666664,9,2019
2020-01-19,17.62869189313824,-5.407865257341655,,16.542270833333333,9.369879166666664,9,2019
2020-01-20,2.3769028295391763,-0.05058719547514556,,16.787054166666667,9.369879166666664,9,2019
2020-01-21,-0.26102390906544315,0.01696870022396979,,17.01642083333333,9.369879166666664,9,2019
2020-01-22,14.312599560299532,0.5342548762087063,,17.071145833333333,9.369879166666664,9,2019
2020-01-23,20.6429153612238,-1.4806248273434903,,14.303616666666665,9.369879166666664,9,2019
2020-01-24,18.146956378818686,-3.908559687806701,,13.966904166666666,9.369879166666664,9,2019
2020-01-25,6.594944175128148,-3.698390532069425,,12.466808333333333,9.369879166666664,9,2019
2020-01-26,-2.7661204845890097,-2.064399950533698,,8.001645833333333,9.369879166666664,9,2019
2020-01-27,-18.201746415102207,-3.6645337941772596,,11.669345833333333,9.369879166666664,9,2019
2020-01-28,12.645835603957494,-3.2850218564472016,,14.296795833333334,9.369879166666664,9,2019
2020-01-29,38.95495358873541,-1.6186551332366435,,9.764504166666669,9.369879166666664,9,2019
2020-01-30,63.860577978707624,-1.08580792383691,,7.769537499999999,9.369879166666664,9,2019
2020-01-31,12.300832063430335,-3.7616228241804492,,7.5683625,9.369879166666664,9,2019
2020-02-01,-15.429371034624637,-4.870609088474339,,15.595295833333331,9.369879166666664,9,2019
2020-02-02,-45.77498825806833,-2.1440238544255408,,20.503916666666665,9.369879166666664,9,2019
2020-02-03,-63.7936735112653,-7.2181649738040505,,24.478854166666665,9.369879166666664,9,2019
2020-02-04,-43.98017735081521,-2.3429621461727947,,47.853254166666666,9.369879166666664,9,2019
2020-02-05,-6.573393225961809,-11.72569735052548,,18.59069583333333,9.369879166666664,9,2019
2020-02-06,-2.3594817917728506,0.12868969772307537,,16.992208333333334,9.369879166666664,9,2019
2020-02-07,-9.128134094165034,6.185864632450375,,17.824041666666666,9.369879166666664,9,2019
2020-02-08,-30.059729900503953,-2.9081264047154036,,31.52299583333333,9.369879166666664,9,2019
2020-02-09,-34.62530427527963,12.942442360812947,,198.5957375,9.369879166666664,9,2019
2020-02-10,-25.635852851521122,4.690853120237534,,41.6752375,9.369879166666664,9,2019
2020-02-11,36.69762379240592,1.3730044260323666,,41.92335416666666,9.369879166666664,9,2019
2020-02-12,37.23474864453556,-4.187420629024018,,20.444129166666663,9.369879166666664,9,2019
2020-02-13,62.93658416861945,2.7409669945404858,6.6126914,19.610725,9.369879166666664,9,2019
2020-02-14,14.626412092709415,-4.32501758968283,10.537897,12.5336375,9.369879166666664,9,2019
2020-02-15,-10.232852564484347,2.7689407425846184,,91.99374166666666,9.369879166666664,9,2019
2020-02-16,-33.37862256277367,0.2646731039676524,36.92079,67.2208875,9.369879166666664,9,2019
2020-02-17,-44.553913309409836,-1.709020746270653,50.55223,48.8359125,9.369879166666664,9,2019
2020-02-18,-9.25136500372173,-1.601318040944534,,60.905458333333335,9.369879166666664,9,2019
2020-02-19,-4.8959827651124215,0.4575265063826919,38.750156,33.2717875,9.369879166666664,9,2019
2020-02-20,-4.1322840137909225,1.159946302066146,24.928236,29.79778333333333,9.369879166666664,9,2019
2020-02-21,-3.0415080980947096,2.6554141399424225,,28.629629166666664,9.369879166666664,9,2019
2020-02-22,-0.22346732208916364,8.345420910281518,,19.895625,9.369879166666664,9,2019
2020-02-23,-6.1756807883894,10.207244390231608,,62.58510416666667,9.369879166666664,9,2019
2020-02-24,5.706139967819581,8.383167906527433,,53.22069583333334,9.369879166666664,9,2019
2020-02-25,54.141374821776935,1.2644350302375642,,34.081154166666664,9.369879166666664,9,2019
2020-02-26,69.15029193757891,3.4271560414467785,,22.519454166666662,9.369879166666664,9,2019
2020-02-27,96.45726283155273,6.438765896087716,,29.186954166666663,9.369879166666664,9,2019
2020-02-28,48.439470755004095,5.515189016641671,,49.73179166666667,9.369879166666664,9,2019
2020-02-29,26.30721749570938,1.571865569196234,,35.929116666666665,9.369879166666664,9,2019
2020-03-01,-2.055197930140821,2.256849785034319,,23.586704166666667,9.369879166666664,9,2019
2020-03-02,-28.774894109865272,-3.361779772539194,,14.649004166666666,9.369879166666664,9,2019
2020-03-03,-2.5220913080411265,-2.3266723048636777,-5.120957,9.600516666666666,9.369879166666664,9,2019
2020-03-04,8.125819929860427,12.991216680105481,,16.534495833333335,9.369879166666664,9,2019
2020-03-05,15.787186395425579,8.847672961261196,68.13009,41.54785416666667,9.369879166666664,9,2019
2020-03-06,11.029001554199567,-6.136755224422814,13.998485,17.211729166666668,9.369879166666664,9,2019
2020-03-07,5.0368054241944265,0.15526163959248152,24.69992,19.89184583333333,9.369879166666664,9,2019
2020-03-08,11.133114388209378,-1.2202664144651862,5.5813484,12.533054166666666,9.369879166666664,9,2019
2020-03-09,-0.6963224798801093,-0.11788538207656529,13.243692,19.946829166666667,9.369879166666664,9,2019
2020-03-10,24.861752404170147,6.0661234651975064,,56.59504166666667,9.369879166666664,9,2019
2020-03-11,19.521671910561963,1.701693503362094,-15.224873,2.5872833333333336,9.369879166666664,9,2019
2020-03-12,3.2806590888917526,2.7850204771134486,11.0995245,17.928741666666667,9.369879166666664,9,2019
2020-03-13,14.841654998898775,2.3056421603782837,21.332724,16.914254166666666,9.369879166666664,9,2019
2020-03-14,3.108107254121933,-2.062459745734486,17.15582,13.0489875,9.369879166666664,9,2019
2020-03-15,7.019231837488405,-5.874518982195696,,12.44165,9.369879166666664,9,2019
2020-03-16,-17.17365782705565,-11.994332000796021,-6.927086,2.422166666666667,9.369879166666664,9,2019
2020-03-17,-2.4104786468506063,-4.409253993985658,11.840308,10.401779166666666,9.369879166666664,9,2019
2020-03-18,1.6815445914244265,-4.698502089153408,-11.63117,-4.0119,9.369879166666664,9,2019
2020-03-19,3.8711412144589303,2.38013814566375,12.51871,34.76161666666666,9.369879166666664,9,2019
2020-03-20,3.0628128283779006,4.2566674587747,-3.9321005,4.8029125,9.369879166666664,9,2019
2020-03-21,-29.24896066456131,0.07880903491559366,,6.7825375,9.369879166666664,9,2019
2020-03-22,-33.81589416757197,-6.871731722295408,,8.339441666666666,9.369879166666664,9,2019
2020-03-23,-24.775363815774654,-6.6007727657679425,,8.387287500000001,9.369879166666664,9,2019
2020-03-24,9.624767661285205,-6.98558333386336,,8.35115,9.369879166666664,9,2019
2020-03-25,13.55790585426439,-9.298123611090887,,9.138429166666668,9.369879166666664,9,2019
2020-03-26,21.004228850935533,-5.899501991539182,,7.648741666666666,9.369879166666664,9,2019
2020-03-27,20.148802896156212,-2.2737024158022905,-5.9247284,2.787104166666667,9.369879166666664,9,2019
2020-03-28,-17.27490631472483,5.870451677300025,46.93282,38.5979,9.369879166666664,9,2019
2020-03-29,3.773961904198586,8.36960124606594,68.19851,53.77510833333333,9.369879166666664,9,2019
2020-03-30,4.009444002582768,10.499862401180053,25.775236,24.595529166666665,9.369879166666664,9,2019
2020-03-31,8.416384475323412,11.685567186544631,3.8925824,3.8428416666666663,9.369879166666664,9,2019
2020-04-01,-3.576183893066627,-1.7843702903510348,-12.3222475,2.4244958333333333,9.369879166666664,9,2019
2020-04-02,-5.2927300246628874,-3.194449419551347,8.468451,8.452775,9.369879166666664,9,2019
2020-04-03,-5.977070788486344,-12.566433066006539,7.0931582,8.985149999999999,9.369879166666664,9,2019
2020-04-04,-19.442666605742488,-2.952091248490433,4.7903366,11.681725,9.369879166666664,9,2019
2020-04-05,2.2766162369734957,-1.3075559329190583,22.231596,17.4451125,9.369879166666664,9,2019
2020-04-06,1.2974119459872782,-15.0784106385845,-20.68573,-5.590470833333334,9.369879166666664,9,2019
2020-04-07,6.122482967550241,-7.9859870706886795,11.620906,12.849641666666669,9.369879166666664,9,2019
2020-04-08,35.220770102095685,-7.2251083463088435,8.696095,11.5833375,9.369879166666664,9,2019
2020-04-09,29.560280872198064,-0.7561700830774498,-7.1905756,-0.5220791666666669,9.369879166666664,9,2019
2020-04-10,29.567133964445702,12.615764071028934,-4.143439,1.171858333333333,9.369879166666664,9,2019
2020-04-11,33.93412624412508,13.52610914769457,7.849322,7.718629166666667,9.369879166666664,9,2019
2020-04-12,57.765268663358256,13.252566534353264,-2.272432,4.209345833333333,9.369879166666664,9,2019
2020-04-13,71.2342196232621,17.850357829259337,-1.2138999,5.149233333333334,9.369879166666664,9,2019
2020-04-14,65.18909299921688,38.42818962720867,-9.15625,-3.3255875000000006,9.369879166666664,9,2019
2020-04-15,83.28995626685355,44.81392724690568,36.722126,59.15817916666666,9.369879166666664,9,2019
2020-04-16,79.20082856264435,57.005522545840904,58.532448,56.82318750000001,9.369879166666664,9,2019
2020-04-17,81.71764187408735,111.15977367894993,52.11506,65.80139583333333,9.369879166666664,9,2019
2020-04-18,85.03849115574849,63.6244278064205,47.745853,45.47745833333334,9.369879166666664,9,2019
2020-04-19,90.52881112893556,27.656368325997732,97.428406,79.32514166666667,9.369879166666664,9,2019
2020-04-20,104.10597036360559,26.121800929477445,59.43406,56.35809166666667,9.369879166666664,9,2019
2020-04-21,123.54539109926554,67.41647108914094,70.13173,70.824125,9.369879166666664,9,2019
2020-04-22,129.44607587770042,75.94411437566578,51.2363,57.2430625,9.369879166666664,9,2019
2020-04-23,118.70283032970292,57.97355014099139,43.97561,49.73225416666667,9.369879166666664,9,2019
2020-04-24,106.04847320572662,35.59108494381053,-4.2278924,16.965108333333333,9.369879166666664,9,2019
2020-04-25,105.40313679591236,45.96794530346824,15.43795,36.7728,9.369879166666664,9,2019
2020-04-26,107.25851754842006,47.11873953412078,38.639343,38.9488375,9.369879166666664,9,2019
2020-04-27,111.52532664746468,16.690791640529824,33.1666,70.32944583333334,9.369879166666664,9,2019
2020-04-28,105.86508938155748,19.84774121897499,,55.92087916666667,9.369879166666664,9,2019
2020-04-29,96.48726214027556,-1.545889245970102,12.08656,33.65504166666667,9.369879166666664,9,2019
2020-04-30,72.61494289575421,-8.384185380190502,17.098078,75.27935833333333,9.369879166666664,9,2019
2020-05-01,71.24726594115054,-2.663575244135245,276.23114,212.7676291666667,9.369879166666664,9,2019
2020-05-02,62.983923852552834,7.636062666470934,153.42603,148.16567916666665,9.369879166666664,9,2019
2020-05-03,58.76892577235958,26.804587231418623,302.59003,200.88572916666664,9.369879166666664,9,2019
2020-05-04,59.266169731256014,35.32858606810805,180.25105,126.54676666666668,9.369879166666664,9,2019
2020-05-05,66.34355096685067,54.157405312529136,105.62351,112.6439625,9.369879166666664,9,2019
2020-05-06,92.1808741764944,42.57497686947363,68.78809,71.30975416666666,9.369879166666664,9,2019
2020-05-07,95.6929994182592,70.95604152908072,48.816715,55.99555,9.369879166666664,9,2019
2020-05-08,86.20488581483733,73.73249757718168,171.47433,129.87235416666667,9.369879166666664,9,2019
2020-05-09,102.0947823018414,48.848062784293234,-7.9653764,27.1676375,9.369879166666664,9,2019
2020-05-10,81.32462400988697,60.278303335674536,74.94801,91.54784583333333,9.369879166666664,9,2019
2020-05-11,100.02043745509036,46.80482358977997,63.464317,93.51821666666666,9.369879166666664,9,2019
2020-05-12,92.87227649788656,45.32408292403443,121.945946,96.69182916666666,9.369879166666664,9,2019
2020-05-13,98.49788554006773,77.59087222702237,157.26146,131.10302083333332,9.369879166666664,9,2019
2020-05-14,83.55671965361216,50.4722505713612,126.237755,124.46254583333332,9.369879166666664,9,2019
2020-05-15,68.81835933682851,23.208807893009634,48.413555,62.32953750000001,9.369879166666664,9,2019
2020-05-16,56.45972094026911,22.77432266523897,304.4133,241.72139583333333,9.369879166666664,9,2019
2020-05-17,31.955144433006353,22.792913832375916,15.474805,43.304375,9.369879166666664,9,2019
2020-05-18,62.772126369268335,26.941230093905233,125.83922,101.11062916666668,9.369879166666664,9,2019
2020-05-19,76.82281376000992,39.341637061801976,46.278866,46.825941666666665,9.369879166666664,9,2019
2020-05-20,91.35049278577935,60.97598916296465,93.57877,65.648775,9.369879166666664,9,2019
2020-05-21,84.12282610974762,65.60603020718554,161.30319,99.87162916666666,9.369879166666664,9,2019
2020-05-22,77.43586594986573,20.070574232602212,124.08521,107.89517083333332,9.369879166666664,9,2019
2020-05-23,72.37196425310776,17.622822034963974,111.42833,93.81079583333332,9.369879166666664,9,2019
2020-05-24,64.58402486701198,25.140521013306284,20.194155,37.1275375,9.369879166666664,9,2019
2020-05-25,99.19962248871525,45.57020003671141,134.01083,91.9771875,9.369879166666664,9,2019
2020-05-26,79.79825734363476,29.833547310025438,-54.77864,-42.53190416666666,9.369879166666664,9,2019
2020-05-27,80.54165781022948,45.40613947049178,-24.881176,-21.844458333333336,9.369879166666664,9,2019
2020-05-28,67.57967481364722,36.85148268956709,0.071626715,-6.41515,9.369879166666664,9,2019
2020-05-29,77.65506969715534,18.660473764432027,-11.542922,-11.712745833333337,9.369879166666664,9,2019
2020-05-30,103.62927747415597,42.264074644262564,62.309372,66.49144166666666,9.369879166666664,9,2019
2020-05-31,114.83223665742116,39.57288583685522,34.726772,39.089175,9.369879166666664,9,2019
2020-06-01,120.83435048403953,47.809293221095686,11.539954,40.0066125,9.369879166666664,9,2019
2020-06-02,112.52659707475868,32.79010098093511,41.726753,54.64506666666667,9.369879166666664,9,2019
2020-06-03,92.22486528361696,40.615194386133226,,111.0660125,9.369879166666664,9,2019
2020-06-04,73.26490822057167,17.522402484201393,66.72221,74.96965,9.369879166666664,9,2019
2020-06-05,42.175665650619976,22.308252068773186,25.825909,42.52138333333333,9.369879166666664,9,2019
2020-06-06,73.6915628671286,21.128102802142052,27.440832,59.12582916666667,9.369879166666664,9,2019
2020-06-07,93.51134909931352,17.51148513892258,76.89046,65.70597083333332,9.369879166666664,9,2019
2020-06-08,114.10818899504193,24.567363669087058,88.18735,82.30089583333334,9.369879166666664,9,2019
2020-06-09,101.93147024102655,11.014000258378928,50.767918,60.86586666666667,9.369879166666664,9,2019
2020-06-10,85.03733556845691,17.136436328814398,60.011803,97.36683333333332,9.369879166666664,9,2019
2020-06-11,82.71543240783285,35.64223609605506,182.38606,151.92489166666667,9.369879166666664,9,2019
2020-06-12,86.09625404359213,56.75292823507789,177.93906,166.89952083333333,9.369879166666664,9,2019
2020-06-13,91.71489016700252,36.85096070553482,,95.7009625,9.369879166666664,9,2019
2020-06-14,103.97394451554283,32.70147449394574,354.26724,220.3978875,9.369879166666664,9,2019
2020-06-15,121.37090410836026,28.838391318329627,47.17354,61.39834583333334,9.369879166666664,9,2019
2020-06-16,116.74959891011349,47.79261927832886,,84.64285416666667,9.369879166666664,9,2019
2020-06-17,83.99320335798438,56.285145186279806,,196.9905625,9.369879166666664,9,2019
2020-06-18,66.85358517599707,44.646488557609246,,133.35063333333332,9.369879166666664,9,2019
2020-06-19,57.56620890362865,-8.962294186149848,36.136868,106.2505625,9.369879166666664,9,2019
2020-06-20,55.159862514839915,3.2574061775671908,127.297844,100.35457083333334,9.369879166666664,9,2019
2020-06-21,88.40069864394172,7.2306665582850655,4.9192343,42.648675,9.369879166666664,9,2019
2020-06-22,108.47521964971384,20.84158035001076,35.258022,63.74742916666667,9.369879166666664,9,2019
2020-06-23,94.31605150197538,53.76867493981399,,121.82254583333334,9.369879166666664,9,2019
2020-06-24,78.26920853301544,52.27258334743374,,147.35934583333332,9.369879166666664,9,2019
2020-06-25,63.13844097486162,34.37608503572892,,185.8984375,9.369879166666664,9,2019
2020-06-26,59.03664120546637,28.414343309015635,,151.2834125,9.369879166666664,9,2019
2020-06-27,46.320141718301784,10.046532400822798,,155.45046666666667,9.369879166666664,9,2019
2020-06-28,44.26458173087576,-6.873609551644222,,153.6198875,9.369879166666664,9,2019
2020-06-29,25.98291255077652,-0.8148489673094446,,151.627325,9.369879166666664,9,2019
2020-06-30,32.75683680982172,7.784270019534233,,162.6488875,9.369879166666664,9,2019
2020-07-01,30.74107851522149,-1.3068238421064962,,171.9163625,9.369879166666664,9,2019
2020-07-02,26.134131160780726,1.4165490562468221,,184.12686666666664,9.369879166666664,9,2019
2020-07-03,34.58874264364522,-5.522872456201185,-88.40555,30.488029166666667,9.369879166666664,9,2019
2020-07-04,15.286242587445031,-3.238328907446885,,61.07823333333334,9.369879166666664,9,2019
2020-07-05,18.341466013587706,10.762600929928794,69.68344,120.08461666666666,9.369879166666664,9,2019
2020-07-06,21.251737510667112,10.308346788030121,21.830303,52.0359,9.369879166666664,9,2019
2020-07-07,14.61848712759047,-1.8699723887257278,,43.74945,9.369879166666664,9,2019
2020-07-08,-2.7661992746316173,-3.3365538272310005,,59.007450000000006,9.369879166666664,9,2019
2020-07-09,12.907375867474912,-14.576879188202838,17.654358,11.4157625,9.369879166666664,9,2019
2020-07-10,25.346148661743882,6.224760650150984,14.250805,13.661720833333334,9.369879166666664,9,2019
2020-07-11,29.873327663881355,-8.595835132145112,11.398252,10.5333625,9.369879166666664,9,2019
2020-07-12,25.801463186299316,2.9558930991001944,-3.721442,-0.2960458333333337,9.369879166666664,9,2019
2020-07-13,0.5651734020952972,-9.562858154252353,-5.5644836,-7.165325,9.369879166666664,9,2019
2020-07-14,7.529796237963183,10.989342257961198,-41.304092,-12.086191666666666,9.369879166666664,9,2019
2020-07-15,10.948670181383477,12.246117303217034,20.530485,5.257608333333334,9.369879166666664,9,2019
2020-07-16,-0.5738006807068814,14.279488044893696,-63.59472,-29.45518333333333,9.369879166666664,9,2019
2020-07-17,-6.638677342099072,8.057489265409004,-41.988754,-23.151554166666667,9.369879166666664,9,2019
2020-07-18,-7.074369863126776,-4.570819542189383,-8.655927,-8.755291666666666,9.369879166666664,9,2019
2020-07-19,7.166815436047727,-0.7529134279830032,15.523753,2.428925,9.369879166666664,9,2019
2020-07-20,17.050671725976827,-4.021262277919959,-34.60375,-28.51877083333333,9.369879166666664,9,2019
2020-07-21,13.846728811493904,2.333675000954372,8.005145,4.718079166666667,9.369879166666664,9,2019
2020-07-22,2.1586478456792975,0.6529389437232567,-14.529891,-9.8002125,9.369879166666664,9,2019
2020-07-23,10.38188580258975,1.9655465829218883,,-18.01517083333333,9.369879166666664,9,2019
2020-07-24,-13.121407145705234,-5.816345667403766,22.52697,12.378741666666668,9.369879166666664,9,2019
2020-07-25,-8.576653039688608,-7.02612081078496,,8.288012499999999,9.369879166666664,9,2019
2020-07-26,-17.808150757256044,-11.554873972315363,-18.326887,-20.2687375,9.369879166666664,9,2019
2020-07-27,-26.868943281677275,-8.339330865517695,-86.70533,-39.84533333333333,9.369879166666664,9,2019
2020-07-28,-30.23638374186703,6.408057476981412,-54.447643,-34.8254375,9.369879166666664,9,2019
2020-07-29,-1.353309967244968,-6.928680508508478,-66.77545,-36.166562500000005,9.369879166666664,9,2019
2020-07-30,-10.837086835404989,-9.323336424725312,-18.398546,-12.082970833333333,9.369879166666664,9,2019
2020-07-31,-14.311294369164898,-3.013501520866157,-21.203888,-25.30925833333333,9.369879166666664,9,2019
2020-08-01,9.221889551544336,19.390941173824558,2.8402238,10.367870833333331,9.369879166666664,9,2019
2020-08-02,-4.09078135884738,17.237727494423325,13.5169115,22.06743333333333,9.369879166666664,9,2019
2020-08-03,-0.48099257635203685,14.36828770583088,94.609146,63.396875,9.369879166666664,9,2019
2020-08-04,8.272917656490336,3.340493560415325,164.73386,100.50615416666666,9.369879166666664,9,2019
2020-08-05,6.301969967528748,4.347420456184864,,17.849795833333335,9.369879166666664,9,2019
2020-08-06,14.606407629183195,7.50226896682716,,30.74414583333333,9.369879166666664,9,2019
2020-08-07,39.2651073085417,15.080799192804989,2.7303786,14.416491666666666,9.369879166666664,9,2019
2020-08-08,41.66024581376951,32.63599750635001,,19.243483333333334,9.369879166666664,9,2019
2020-08-09,62.19148643319022,25.790295928854107,24.62156,25.61018333333333,9.369879166666664,9,2019
2020-08-10,64.92902348316147,16.499428683087444,,36.85994166666666,9.369879166666664,9,2019
2020-08-11,63.97009285501372,21.83115702181442,16.622368,28.98776666666667,9.369879166666664,9,2019
2020-08-12,39.34512023826892,21.419608724468276,-7.915164,5.260283333333334,9.369879166666664,9,2019
2020-08-13,14.162718739560432,9.525288666656252,,-4.214470833333333,9.369879166666664,9,2019
2020-08-14,-12.1963923479816,-1.819162659999165,,-1.9106666666666667,9.369879166666664,9,2019
2020-08-15,9.562814065907332,16.7173455263478,,-3.016966666666667,9.369879166666664,9,2019
2020-08-16,-2.5456954916389805,6.470094786779555,,-2.768854166666667,9.369879166666664,9,2019
2020-08-17,-4.404680888595976,1.02620020473978,,-7.8387875,9.369879166666664,9,2019
2020-08-18,-7.044659451226835,-15.298005053168708,,-6.7179625,9.369879166666664,9,2019
2020-08-19,-27.512418276734934,-1.6433919236969814,,-4.410941666666667,9.369879166666664,9,2019
2020-08-20,-25.01550601688723,-4.530991175651252,,-9.2418625,9.369879166666664,9,2019
2020-08-21,-20.989453024703835,-19.826882965599907,,13.2589,9.369879166666664,9,2019
2020-08-22,-30.160482667488395,-14.26286147339033,,-4.566883333333333,9.369879166666664,9,2019
2020-08-23,3.9979652782503763,-12.324170099580442,,-2.588870833333333,9.369879166666664,9,2019
2020-08-24,10.511262335469837,-22.772701493204295,,5.8961875,9.369879166666664,9,2019
2020-08-25,12.389937035782623,-13.774451848021272,,64.31991666666667,9.369879166666664,9,2019
2020-08-26,-38.15364056831095,-6.578639329632097,,8.520008333333333,9.369879166666664,9,2019
2020-08-27,-43.68185855199226,7.44750660429645,,17.862770833333332,9.369879166666664,9,2019
2020-08-28,-67.55122316991583,-15.911904235982547,,10.827866666666669,9.369879166666664,9,2019
2020-08-29,-64.91226231200199,-4.807987419193523,,5.4787875,9.369879166666664,9,2019
2020-08-30,-59.78289922151089,-8.704283059957561,-6.39627,-1.8916208333333333,9.369879166666664,9,2019
2020-08-31,-90.66992222273257,5.427208443855761,,-0.1549041666666668,9.369879166666664,9,2019
2020-09-01,-95.61499540356454,14.995500764386179,,-2.7319041666666664,9.369879166666664,9,2019
2020-09-02,-107.94568959834578,12.606171383341461,3.013335,-0.0940999999999998,9.369879166666664,9,2019
2020-09-03,-101.35545406452002,14.852917050613996,19.566078,17.8591125,9.369879166666664,9,2019
2020-09-04,-85.28320458973758,-9.133662528821333,-32.78018,7.855245833333332,9.369879166666664,9,2019
2020-09-05,-89.91655809866643,-14.492055141498895,11.374582,11.219920833333331,9.369879166666664,9,2019
2020-09-06,-79.82836639907146,-13.385816679940945,35.14302,29.72960833333333,9.369879166666664,9,2019
2020-09-07,-78.93985765442267,-19.552470378871476,21.05567,19.380770833333333,9.369879166666664,9,2019
2020-09-08,-81.11261783022746,-17.92661158631654,41.73875,35.42540833333333,9.369879166666664,9,2019
2020-09-09,-93.32934879421373,-14.290707187615226,-7.726433,3.324620833333333,9.369879166666664,9,2019
2020-09-10,-105.87637418264785,-15.143461667512383,18.779642,15.201808333333334,9.369879166666664,9,2019
2020-09-11,-112.89924584043183,-9.33048662109195,-26.057825,-15.3412125,9.369879166666664,9,2019
2020-09-12,-73.61072897673694,-13.180345380494146,7.6438274,9.909675,9.369879166666664,9,2019
2020-09-13,-56.12370579938215,-12.728816060902318,11.632036,17.9272625,9.369879166666664,9,2019
2020-09-14,-40.23563461503181,-12.504563185048937,14.483369,45.308616666666666,9.369879166666664,9,2019
2020-09-15,-39.799157476496475,-21.45318495214451,,27.29447083333333,9.369879166666664,9,2019
2020-09-16,-45.66715095308609,-9.193004562578608,,36.35438333333334,9.369879166666664,9,2019
2020-09-17,-46.033984259793215,3.350627929645725,,39.2036,9.369879166666664,9,2019
2020-09-18,-40.801366818464885,-1.1348087645019405,,1.9804583333333337,9.369879166666664,9,2019
2020-09-19,-36.926630103109346,14.276720544647105,,2.259370833333333,9.369879166666664,9,2019
2020-09-20,-15.682976484267783,11.755631231933421,,0.5378208333333333,9.369879166666664,9,2019
2020-09-21,-13.010720267515353,4.346872208805053,,26.91292083333333,9.369879166666664,9,2019
2020-09-22,0.6357643558940254,2.6074851721486993,6.784923,7.039808333333333,9.369879166666664,9,2019
2020-09-23,-29.249696038292313,-10.151859683602197,5.641705,4.938558333333334,9.369879166666664,9,2019
2020-09-24,-25.004373640450467,-14.607482553918999,-3.3426106,22.10065833333333,9.369879166666664,9,2019
2020-09-25,-26.702463204565902,-11.228716025104404,2.0567758,2.4602875,9.369879166666664,9,2019
2020-09-26,-25.15896298696498,-9.373026678263159,12.549939,8.051279166666667,9.369879166666664,9,2019
2020-09-27,-20.408474948026196,-3.6581879128289074,0.0338662,1.09135,9.369879166666664,9,2019
2020-09-28,-15.279456563971507,-11.09990743711478,,28.697725,9.369879166666664,9,2019
2020-09-29,-25.185909181536772,-15.670179668180936,32.46194,22.6366,9.369879166666664,9,2019
2020-09-30,-2.604745345654919,-18.06630961477822,29.908426,27.77188333333333,9.369879166666664,9,2019
2020-10-01,11.171490063336933,-26.4912599295194,15.749455,19.3130375,9.369879166666664,9,2019
2020-10-02,47.95025189023909,1.5565573205012697,64.55868,70.06363333333333,9.369879166666664,9,2019
2020-10-03,49.69472088464363,-4.775873910994051,19.733627,22.971341666666664,9.369879166666664,9,2019
2020-10-04,58.2216632680811,-14.128524450744408,,11.275604166666668,9.369879166666664,9,2019
2020-10-05,20.73585601341074,-23.486194572792556,,29.1073375,9.369879166666664,9,2019
2020-10-06,54.65296020988717,-11.380951519096016,,41.28527916666667,9.369879166666664,9,2019
2020-10-07,30.10471493705637,-22.28761089838008,0.45983863,15.40725,9.369879166666664,9,2019
2020-10-08,27.513666016796833,-16.385291226561094,405.51572,199.30275833333332,9.369879166666664,9,2019
2020-10-09,37.62821626856248,-24.425030457156936,,120.87586666666668,9.369879166666664,9,2019
2020-10-10,32.90568556307562,-23.10027766118219,387.90665,216.79933333333332,9.369879166666664,9,2019
2020-10-11,11.201555030428608,-21.91528198620108,148.70164,131.95271666666667,9.369879166666664,9,2019
2020-10-12,24.399506407689273,-17.428438561501025,270.42667,149.09385833333332,9.369879166666664,9,2019
2020-10-13,27.554154249941803,-17.703842589598935,,177.262525,9.369879166666664,9,2019
2020-10-14,43.55799098731177,-13.49846346044069,280.95657,194.69225,9.369879166666664,9,2019
2020-10-15,50.25056986210711,-1.3896059135395262,,220.3580916666667,9.369879166666664,9,2019
2020-10-16,62.89202183368798,11.11658981823166,,251.73737916666667,9.369879166666664,9,2019
2020-10-17,65.82176390968198,8.280340335087658,,112.71462916666668,9.369879166666664,9,2019
2020-10-18,79.7400118046371,12.258751614841003,,119.11709166666668,9.369879166666664,9,2019
2020-10-19,73.48123284838766,15.393027717066616,,143.91745,9.369879166666664,9,2019
2020-10-20,62.58971100603958,-11.271321740644453,,106.11386666666668,9.369879166666664,9,2019
2020-10-21,51.76727161646613,-5.133078417910838,,114.25952916666668,9.369879166666664,9,2019
2020-10-22,61.90852512683887,-27.443975993056483,523.0407,307.7072375,9.369879166666664,9,2019
2020-10-23,12.22035952512124,-30.12243364274582,117.0286,91.52901666666666,9.369879166666664,9,2019
2020-10-24,26.201269715472904,-18.248291632772634,127.41974,126.48540833333334,9.369879166666664,9,2019
2020-10-25,-11.09139482959472,-25.167416501953085,102.0773,97.52924583333332,9.369879166666664,9,2019
2020-10-26,8.550808495308047,-23.903236834151357,79.55299,86.63460833333333,9.369879166666664,9,2019
2020-10-27,-4.103538779912924,-21.3607937784318,53.707397,57.97182916666667,9.369879166666664,9,2019
2020-10-28,24.05268207852123,-19.83778225482729,-14.011292,28.8585625,9.369879166666664,9,2019
2020-10-29,41.103159176053396,-15.165342318928197,127.63428,93.66006666666668,9.369879166666664,9,2019
2020-10-30,37.04252638319099,-14.72933135481162,65.82683,78.08015833333333,9.369879166666664,9,2019
2020-10-31,54.143924007947135,-20.136117468242446,55.19756,89.37195833333334,9.369879166666664,9,2019
2020-11-01,28.28179834947423,-17.777718103298866,109.419464,98.37896666666668,9.369879166666664,9,2019
2020-11-02,-1.6307756681244427,-13.186963744073182,75.932625,95.3908125,9.369879166666664,9,2019
2020-11-03,-17.55315663311194,-19.402572322810556,137.40567,82.1841625,9.369879166666664,9,2019
2020-11-04,-17.626089949219022,-22.22173585692326,-18.900951,-7.684674999999999,9.369879166666664,9,2019
2020-11-05,-7.642876132643323,-9.011104617545243,-9.720092,-11.001820833333332,9.369879166666664,9,2019
2020-11-06,-9.698472232172207,4.723565761052669,-2.5151558,2.0899208333333337,9.369879166666664,9,2019
2020-11-07,7.945420278555048,4.010955786525301,,12.058154166666668,9.369879166666664,9,2019
2020-11-08,-11.793450221331113,3.01293380702964,,20.6240875,9.369879166666664,9,2019
2020-11-09,13.349149994916388,10.579545397603852,,23.93709583333333,9.369879166666664,9,2019
2020-11-10,-11.182968556615378,-18.53274994993353,,22.30003333333333,9.369879166666664,9,2019
2020-11-11,14.413690467883498,-12.94270476323436,,71.14729583333333,9.369879166666664,9,2019
2020-11-12,6.590307052828848,-19.827703695210403,,31.6214875,9.369879166666664,9,2019
2020-11-13,3.6708782651203364,-19.230219104606476,,9.8652,9.369879166666664,9,2019
2020-11-14,5.421315605252403,-17.49624067608329,,24.047945833333333,9.369879166666664,9,2019
2020-11-15,-0.36058497665544564,-10.34049617727851,,20.416641666666667,9.369879166666664,9,2019
2020-11-16,17.747737081681407,-6.40899123622421,,35.6255875,9.369879166666664,9,2019
2020-11-17,37.090326496435864,-13.948843758577823,,16.9075,9.369879166666664,9,2019
2020-11-18,22.734697429279436,-14.682635122892862,,12.373720833333335,9.369879166666664,9,2019
2020-11-19,24.696655051270056,-7.796838441735417,,27.68794583333333,9.369879166666664,9,2019
2020-11-20,18.28942765263423,-11.993957748093635,,22.526341666666667,9.369879166666664,9,2019
2020-11-21,2.1657323836770956,-9.510718843556788,,22.8145875,9.369879166666664,9,2019
2020-11-22,6.35806027056924,-16.38125980271434,,4.385504166666666,9.369879166666664,9,2019
2020-11-23,8.406686734245795,-15.127831692810105,,3.1289583333333333,9.369879166666664,9,2019
2020-11-24,7.068224470857331,-12.07313845799581,,9.927325,9.369879166666664,9,2019
2020-11-25,-6.601550817438692,-22.11153156774435,,6.741208333333333,9.369879166666664,9,2019
2020-11-26,-14.146157005696296,-14.995388914105206,,0.9846125,9.369879166666664,9,2019
2020-11-27,16.0303817106892,-1.9284444490958776,,29.5115875,9.369879166666664,9,2019
2020-11-28,39.61474632990894,18.59323138744412,,20.874754166666666,9.369879166666664,9,2019
2020-11-29,57.62767498561789,-1.4802768379886402,,20.660391666666666,9.369879166666664,9,2019
2020-11-30,59.92245467407429,-11.180253583063859,,21.52400833333333,9.369879166666664,9,2019
2020-12-01,68.84891345876804,-15.602085373857335,1.890705,14.758354166666669,9.369879166666664,9,2019
2020-12-02,47.80968388839028,-10.482482399894252,80.027725,51.30121666666667,9.369879166666664,9,2019
2020-12-03,30.34838319775804,-9.34088690671615,61.060226,65.32842083333334,9.369879166666664,9,2019
2020-12-04,12.198380386152166,-13.387287427402953,74.0286,57.98294583333333,9.369879166666664,9,2019
2020-12-05,-2.288409890422372,-12.26814381344957,47.682293,46.046625,9.369879166666664,9,2019
2020-12-06,-17.992181316358256,-7.02799207429689,32.21992,31.208483333333334,9.369879166666664,9,2019
2020-12-07,-0.27580032497280627,-3.7078486201007763,,32.008116666666666,9.369879166666664,9,2019
2020-12-08,-30.872698691802725,-4.434026896548858,16.784325,13.477345833333333,9.369879166666664,9,2019
2020-12-09,-41.190720945684006,0.28733508997265744,1.9072006,8.723170833333333,9.369879166666664,9,2019
2020-12-10,-50.213887941841676,-0.21314254358912876,0.9571006,0.1410666666666666,9.369879166666664,9,2019
2020-12-11,-33.386908648921235,-8.229776594190298,-2.8407574,-4.063858333333333,9.369879166666664,9,2019
2020-12-12,-47.91791983690928,-7.600519918904865,-5.406344,-2.1396333333333333,9.369879166666664,9,2019
2020-12-13,-32.1415663671396,-0.8902969989430858,,54.6827875,9.369879166666664,9,2019
2020-12-14,-35.75837731218235,2.6886011624724233,9.242059,8.747370833333333,9.369879166666664,9,2019
2020-12-15,-22.229496676120107,2.234189440488535,6.704652,6.723983333333334,9.369879166666664,9,2019
2020-12-17,-0.425889963516056,10.932950690492817,,4.9791083333333335,22.553070833333333,2,2020
2020-12-18,42.66023666113347,38.677378579952006,,78.18345000000001,22.553070833333333,2,2020
2020-12-19,35.3400034682935,4.280913452315417,,2.350095833333333,22.553070833333333,2,2020
2020-12-20,30.62979013712811,12.84436913270929,,3.191041666666667,22.553070833333333,2,2020
2020-12-21,29.726098585563022,28.05324438584057,,22.39238333333333,22.553070833333333,2,2020
2020-12-22,17.21627008343353,19.704324034093247,,22.628766666666664,22.553070833333333,2,2020
2020-12-23,76.67492759379547,52.17995241651329,,20.441329166666662,22.553070833333333,2,2020
2020-12-24,80.03494706569973,13.642287466119342,,11.028704166666666,22.553070833333333,2,2020
2020-12-25,44.481985551165394,11.621670125235596,,18.652241666666665,22.553070833333333,2,2020
2020-12-26,18.08403001152078,16.589319544705518,,39.308600000000006,22.553070833333333,2,2020
2020-12-27,41.86643767608166,19.74575306798704,,42.9703125,22.553070833333333,2,2020
2020-12-28,46.91260046566731,12.333725733343272,,59.60755833333334,22.553070833333333,2,2020
2020-12-29,25.310814646196945,11.326160203928794,,15.913129166666666,22.553070833333333,2,2020
2020-12-30,19.976156512292732,23.756412577451215,,17.742320833333334,22.553070833333333,2,2020
2020-12-31,51.3541742309244,28.22842611995077,,38.77090416666667,22.553070833333333,2,2020
2021-01-01,71.71932740737793,28.498657968869225,,60.309133333333335,22.553070833333333,2,2020
2021-01-02,49.80396384488449,16.254626663733575,,26.337475,22.553070833333333,2,2020
2021-01-03,41.362193084386035,9.51488217439055,,23.09808333333333,22.553070833333333,2,2020
2021-01-04,68.0237136572473,11.32528477285041,,17.849608333333332,22.553070833333333,2,2020
2021-01-05,49.57965688777085,7.327484084713433,,17.5477375,22.553070833333333,2,2020
2021-01-06,64.35046049415268,4.060783340092712,,30.809170833333337,22.553070833333333,2,2020
2021-01-07,62.507416557666375,4.968716651988871,,27.51125,22.553070833333333,2,2020
2021-01-08,84.25686552881052,1.1160743068999182,,25.5779625,22.553070833333333,2,2020
2021-01-09,65.0754583862963,-2.381736532960531,,32.44991666666667,22.553070833333333,2,2020
2021-01-10,49.838832709870985,1.4922648466595092,,20.348441666666663,22.553070833333333,2,2020
2021-01-11,30.082403671282577,13.842316048622706,,10.909574999999998,22.553070833333333,2,2020
2021-01-12,68.4166412522004,19.316532177818203,,43.92912916666666,22.553070833333333,2,2020
2021-01-13,10.828919060860244,14.387461077056741,,25.074729166666668,22.553070833333333,2,2020
2021-01-14,39.6957080167042,10.042229243866586,,26.31175,22.553070833333333,2,2020
2021-01-15,28.382520073333296,10.753784075721796,,5.7183625000000005,22.553070833333333,2,2020
2021-01-16,48.07190305430572,19.06810449787747,,20.941975,22.553070833333333,2,2020
2021-01-17,11.696547303340367,-0.02586618359282511,,4.809341666666667,22.553070833333333,2,2020
2021-01-18,4.634563496533474,8.73736954590504,,9.461854166666669,22.553070833333333,2,2020
2021-01-19,-25.763717941869345,16.355241886488216,,76.78891666666667,22.553070833333333,2,2020
2021-01-20,12.079835882796942,18.70281047842616,,58.79160833333333,22.553070833333333,2,2020
2021-01-21,23.747116686423965,1.4400728327914294,,14.741595833333331,22.553070833333333,2,2020
2021-01-22,34.636863532206576,3.183323190522515,,20.252079166666665,22.553070833333333,2,2020
2021-01-23,1.5271670967294995,5.366169780482778,,31.27185833333333,22.553070833333333,2,2020
2021-01-24,13.637656213147466,12.845489387733323,,51.20019583333333,22.553070833333333,2,2020
2021-01-25,15.22232742426445,3.8587331053108755,,26.544316666666663,22.553070833333333,2,2020
2021-01-26,40.534432195782756,13.206181829842535,,15.083154166666668,22.553070833333333,2,2020
2021-01-27,31.075906661637077,11.420550963337973,,17.255129166666666,22.553070833333333,2,2020
2021-01-28,44.9862357070416,24.612916168219158,,30.3436625,22.553070833333333,2,2020
2021-01-29,16.359537433898254,14.15990834793638,,31.18671666666667,22.553070833333333,2,2020
2021-01-30,43.0752178858271,56.632645269301975,,61.12350833333333,22.553070833333333,2,2020
2021-01-31,45.60090424449618,59.11461478849424,,39.62515416666667,22.553070833333333,2,2020
2021-02-01,21.352357351598585,53.00353831495249,,34.01179166666667,22.553070833333333,2,2020
2021-02-02,13.41699750376938,32.26842184417512,,39.950495833333335,22.553070833333333,2,2020
2021-02-03,14.372678903974702,8.822412481934862,,19.1554125,22.553070833333333,2,2020
2021-02-04,29.139648326253166,21.138573187330735,,16.163349999999998,22.553070833333333,2,2020
2021-02-05,25.66132324679421,11.545893404603248,,16.209929166666665,22.553070833333333,2,2020
2021-02-06,-4.136274758367563,12.876841690591391,,30.209233333333334,22.553070833333333,2,2020
2021-02-07,10.291882898262429,12.810249577374634,,18.386079166666665,22.553070833333333,2,2020
2021-02-08,24.936151474007374,16.472215800156732,,18.76095833333333,22.553070833333333,2,2020
2021-02-09,42.717062710063715,20.858514995502787,,64.8658875,22.553070833333333,2,2020
2021-02-10,-9.439743805377475,15.945632878147421,,21.292879166666665,22.553070833333333,2,2020
2021-02-11,-27.66335886851857,29.233939394093568,,39.60872916666667,22.553070833333333,2,2020
2021-02-12,15.67279050117213,36.809452091580454,,27.9368125,22.553070833333333,2,2020
2021-02-13,8.090626289480042,39.66989021879931,,15.2385,22.553070833333333,2,2020
2021-02-14,11.205380390741539,39.704385356323314,,17.59102916666667,22.553070833333333,2,2020
2021-02-15,8.365691556598222,19.2395554489068,,8.812970833333333,22.553070833333333,2,2020
2021-02-16,-9.637583810184879,14.512911092479953,,17.471820833333332,22.553070833333333,2,2020
2021-02-17,11.75892733185583,19.96172859204114,,44.20023750000001,22.553070833333333,2,2020
2021-02-18,4.131255541902647,5.469522580084231,,13.175395833333331,22.553070833333333,2,2020
2021-02-19,43.532358906797754,23.43263661878302,,35.62502083333333,22.553070833333333,2,2020
2021-02-20,50.07350017123008,45.78835406942835,,54.9982625,22.553070833333333,2,2020
2021-02-21,35.72258261472575,59.5579909540661,,15.873404166666669,22.553070833333333,2,2020
2021-02-22,34.4340853171318,16.304706143706994,,12.772591666666663,22.553070833333333,2,2020
2021-02-23,36.74799061654289,14.524488297546213,,14.8908875,22.553070833333333,2,2020
2021-02-24,42.12845493973282,14.103609968798082,,25.21578333333333,22.553070833333333,2,2020
2021-02-25,35.5372258490562,-3.119958627622964,,10.435729166666668,22.553070833333333,2,2020
2021-02-26,63.5404122470718,6.551477494439041,,16.937529166666668,22.553070833333333,2,2020
2021-02-27,60.53046505127077,12.560388193570361,,18.634879166666668,22.553070833333333,2,2020
2021-02-28,71.9709099777092,17.2177047146605,,16.236120833333334,22.553070833333333,2,2020
2021-03-01,48.396643470941626,14.05593977901708,,16.716391666666667,22.553070833333333,2,2020
2021-03-02,56.26535370902138,13.442403552311134,,12.135479166666668,22.553070833333333,2,2020
2021-03-03,57.47748819229491,6.274088254564049,,8.013208333333333,22.553070833333333,2,2020
2021-03-04,68.38333035777714,-12.558155428008831,,12.272958333333332,22.553070833333333,2,2020
2021-03-05,48.10355767764213,-7.323919625265717,,10.260470833333336,22.553070833333333,2,2020
2021-03-06,38.96217003472918,-3.917817609773465,,17.395795833333334,22.553070833333333,2,2020
2021-03-07,27.855437766116665,-6.787892434080277,,21.643941666666667,22.553070833333333,2,2020
2021-03-08,39.697030436956084,-6.109399963248961,,12.2445625,22.553070833333333,2,2020
2021-03-09,37.79679692507477,0.5033986734574682,,10.9480875,22.553070833333333,2,2020
2021-03-10,39.01535340010446,15.883806485599962,,28.1095,22.553070833333333,2,2020
2021-03-11,29.784334574668904,10.11169989317159,,21.074354166666662,22.553070833333333,2,2020
2021-03-12,31.193359558517443,10.096891753913496,,21.1106125,22.553070833333333,2,2020
2021-03-13,30.878845642111287,5.609417208300783,,32.84412083333333,22.553070833333333,2,2020
2021-03-14,59.96694709855183,13.53637143399601,,13.942420833333337,22.553070833333333,2,2020
2021-03-15,50.640555088072915,12.123392288400282,,5.932166666666667,22.553070833333333,2,2020
2021-03-16,43.933629990534996,8.707923902260063,,7.439204166666666,22.553070833333333,2,2020
2021-03-17,50.48348383439679,0.4602614361247106,,10.449625,22.553070833333333,2,2020
2021-03-18,26.00027782641098,3.1908385437632205,,6.758670833333333,22.553070833333333,2,2020
2021-03-19,54.97250893166529,1.950597529638344,,4.644891666666667,22.553070833333333,2,2020
2021-03-20,-6.465696702697642,-1.0640606723895871,,6.378795833333334,22.553070833333333,2,2020
2021-03-21,5.024313944373716,-4.575882118957907,,7.361966666666666,22.553070833333333,2,2020
2021-03-22,13.967550915730044,-3.50711431258469,,11.633608333333331,22.553070833333333,2,2020
2021-03-23,8.503076739371863,2.6731175066956894,,19.145275,22.553070833333333,2,2020
2021-03-24,5.209363752747777,-1.9489656955797727,,3.7025791666666663,22.553070833333333,2,2020
2021-03-25,-4.05769740017513,5.2078985185276,,3.4684000000000004,22.553070833333333,2,2020
2021-03-26,-5.9401561371842035,3.6774706491869438,,13.422641666666664,22.553070833333333,2,2020
2021-03-27,-19.159766352289807,2.7510420010330563,,6.704975,22.553070833333333,2,2020
2021-03-28,2.0840006138414537,11.264323610383599,,7.945025,22.553070833333333,2,2020
2021-03-29,-1.3029123975470611,8.1308590245485,,9.643154166666667,22.553070833333333,2,2020
2021-03-30,-22.464377713949034,29.71740084394844,,18.332066666666663,22.553070833333333,2,2020
2021-03-31,-22.41214118663629,20.404989764547622,,21.255120833333333,22.553070833333333,2,2020
2021-04-01,-17.638133597723936,23.6373706433327,,21.575579166666667,22.553070833333333,2,2020
2021-04-02,-3.68019000434424,17.724723977740155,,13.773895833333334,22.553070833333333,2,2020
2021-04-03,-18.667722153885734,11.611999579382427,,19.286258333333333,22.553070833333333,2,2020
2021-04-04,-25.526246133496443,-5.7855720722286605,,27.353325,22.553070833333333,2,2020
2021-04-05,-40.42725898442677,-6.3289514006910395,,15.328958333333333,22.553070833333333,2,2020
2021-04-06,-37.13140935245883,-10.940744578341764,,16.000783333333334,22.553070833333333,2,2020
2021-04-07,-31.19018505539225,-7.30693774612655,,14.8461,22.553070833333333,2,2020
2021-04-08,-24.75570727800823,-2.899368543138735,,9.4357875,22.553070833333333,2,2020
2021-04-09,-40.55645183865545,-8.733189317139477,,10.033291666666669,22.553070833333333,2,2020
2021-04-10,-29.14748162704791,-17.969042835899472,,11.089279166666666,22.553070833333333,2,2020
2021-04-11,-42.41950271379119,-10.633301344411393,,12.85245,22.553070833333333,2,2020
2021-04-12,-34.841986447612726,-6.694651605324907,,10.044420833333334,22.553070833333333,2,2020
2021-04-13,-32.37640900441784,-7.520561476520925,,9.931770833333331,22.553070833333333,2,2020
2021-04-14,-28.457245025732846,-9.194923569181356,,16.979079166666665,22.553070833333333,2,2020
2021-04-15,-22.37169330325196,-8.072346427117282,,8.909516666666667,22.553070833333333,2,2020
2021-04-16,-27.788304398235596,-7.114654502994654,,15.233416666666669,22.553070833333333,2,2020
2021-04-17,-34.03483899334242,-4.289326818935933,,8.139991666666667,22.553070833333333,2,2020
2021-04-18,-28.338891195279757,-3.651990737149845,,13.403037500000002,22.553070833333333,2,2020
2021-04-19,-33.35816786428859,0.1942824758984898,,8.364483333333334,22.553070833333333,2,2020
2021-04-20,-22.562915642619373,-2.8265742232988487,,38.095983333333336,22.553070833333333,2,2020
2021-04-21,-12.235625845791219,1.0281379969669615,,32.805575,22.553070833333333,2,2020
2021-04-22,0.2286134700952971,-4.1265522801622865,,12.9960375,22.553070833333333,2,2020
2021-04-23,7.392095349642659,1.6809425007736536,,14.042504166666667,22.553070833333333,2,2020
2021-04-24,3.332432101784434,1.372742538284001,,15.025875,22.553070833333333,2,2020
2021-04-25,-16.928032871727737,0.14526575441641398,,17.271583333333332,22.553070833333333,2,2020
2021-04-26,7.581611340297968,-5.36854044699021,,18.1078,22.553070833333333,2,2020
2021-04-27,-22.17567093076832,-5.286279601251863,,16.569445833333333,22.553070833333333,2,2020
2021-04-28,-2.38616562070456,-24.528373406657465,,16.198620833333333,22.553070833333333,2,2020
2021-04-29,-5.921957557224232,-4.781556490026105,,17.823329166666667,22.553070833333333,2,2020
2021-04-30,8.872805410747787,-16.70620382970037,,22.631454166666668,22.553070833333333,2,2020
2021-05-01,0.5169864024410344,-6.625288530177841,,14.546916666666666,22.553070833333333,2,2020
2021-05-02,-12.643784457726724,-9.894975385044745,,11.920441666666669,22.553070833333333,2,2020
2021-05-03,-9.871746785837786,-5.523888659412478,,25.165025,22.553070833333333,2,2020
2021-05-04,-9.907424311735667,-0.4025612090586037,,21.151645833333333,22.553070833333333,2,2020
2021-05-05,-5.251436702441424,-5.7425906319522255,,12.504779166666667,22.553070833333333,2,2020
2021-05-06,-9.761305220173654,-10.73528535558944,,9.411433333333331,22.553070833333333,2,2020
2021-05-07,-72.09393062652362,-2.4077694791812974,,7.904050000000001,22.553070833333333,2,2020
2021-05-08,-24.342325755232196,-4.5318991261765404,,18.8148875,22.553070833333333,2,2020
2021-05-09,2.096670253028833,-1.2528607384765564,,20.189008333333334,22.553070833333333,2,2020
2021-05-10,-0.036534572497203044,0.25630454212978293,,9.129820833333332,22.553070833333333,2,2020
2021-05-11,32.00619035957152,3.1391139210641086,,10.721875,22.553070833333333,2,2020
2021-05-12,9.2878042553466,11.748581665425263,,12.062816666666668,22.553070833333333,2,2020
2021-05-13,49.08371034405127,22.98828301215542,,164.719425,22.553070833333333,2,2020
2021-05-14,39.6994610565074,14.496875124039889,,13.452966666666669,22.553070833333333,2,2020
2021-05-15,19.67629076495291,10.72003917521306,,7.6128,22.553070833333333,2,2020
2021-05-16,43.69291055542851,23.88839308615195,,10.0692625,22.553070833333333,2,2020
2021-05-17,15.358779679427016,14.417960205558757,,7.702720833333333,22.553070833333333,2,2020
2021-05-18,-7.4533313372639896,-1.9466287397349333,,4.011370833333333,22.553070833333333,2,2020
2021-05-19,-5.977948051703606,-2.1181798460147547,,10.983020833333333,22.553070833333333,2,2020
2021-05-20,-24.534675768531088,4.616029211011664,,29.695412500000003,22.553070833333333,2,2020
2021-05-21,11.876383474508202,16.304707998433855,,72.99584583333333,22.553070833333333,2,2020
2021-05-22,-2.1955256655714948,6.4510588727316645,,28.697670833333333,22.553070833333333,2,2020
2021-05-23,9.095993967564254,21.662594731545028,,17.7047875,22.553070833333333,2,2020
2021-05-24,26.717505340370508,10.813617564257129,,28.337516666666662,22.553070833333333,2,2020
2021-05-25,28.12870209345283,23.047383883580665,,8.430633333333335,22.553070833333333,2,2020
2021-05-26,-3.701300505475956,7.861374630555019,,8.444954166666667,22.553070833333333,2,2020
2021-05-27,18.615583601517528,24.61949859384879,,16.144829166666668,22.553070833333333,2,2020
2021-05-28,57.38048412273861,64.13435884867204,,12.707604166666668,22.553070833333333,2,2020
2021-05-29,38.025454607722565,34.91992638154932,,8.6013,22.553070833333333,2,2020
2021-05-30,17.022621761331948,21.394570007591142,,7.612583333333333,22.553070833333333,2,2020
2021-05-31,19.921276071839657,14.124397747455987,,11.492020833333331,22.553070833333333,2,2020
2021-06-01,14.57944756389088,9.621985231704912,,16.8966625,22.553070833333333,2,2020
2021-06-02,39.220117100283915,25.960067348064854,,7.898958333333333,22.553070833333333,2,2020
2021-06-03,8.227557064172743,3.4123300255018876,,7.103666666666666,22.553070833333333,2,2020
2021-06-04,20.966757782473223,-0.7377103528383486,,11.989566666666668,22.553070833333333,2,2020
2021-06-05,14.285937038140219,10.971391759413564,,9.257470833333334,22.553070833333333,2,2020
2021-06-06,9.242350464164474,-3.855194612039213,,5.762920833333333,22.553070833333333,2,2020
2021-06-07,11.327441820189733,-6.5101174110182,,10.441816666666666,22.553070833333333,2,2020
2021-06-08,10.35961566849869,-8.62841579676251,,21.378612500000003,22.553070833333333,2,2020
2021-06-09,7.342001031854352,6.187862002796919,,22.958129166666662,22.553070833333333,2,2020
2021-06-10,-0.6281924411509863,8.030069457468926,,13.143691666666667,22.553070833333333,2,2020
2021-06-11,-1.527716421459445,-1.3410752574386606,,4.769770833333333,22.553070833333333,2,2020
2021-06-12,-5.234098715744949,-12.787918991547485,,9.9451,22.553070833333333,2,2020
2021-06-13,19.654917819970365,4.714429889894291,,12.6893625,22.553070833333333,2,2020
2021-06-14,16.22015007347818,-8.455058186520091,,8.911583333333335,22.553070833333333,2,2020
2021-06-15,14.079500374332156,3.244440150045648,,8.180629166666668,22.553070833333333,2,2020
2021-06-16,0.6936788115795025,-6.98444896789988,,18.50520833333333,22.553070833333333,2,2020
2021-06-17,-5.70098539900664,-7.577342084643078,,8.492308333333334,22.553070833333333,2,2020
2021-06-18,-13.623925995774698,0.4974709664097645,,7.429179166666667,22.553070833333333,2,2020
2021-06-19,7.615037227786615,7.937700350338218,,21.811291666666666,22.553070833333333,2,2020
2021-06-20,39.67985195676965,1.4084534492653802,,12.778966666666667,22.553070833333333,2,2020
2021-06-21,48.25964778080879,-14.167865451749094,,11.835058333333334,22.553070833333333,2,2020
2021-06-22,41.96018577263351,-12.872769035983765,,14.961354166666666,22.553070833333333,2,2020
2021-06-23,19.28803708168948,-9.5012984804398,,16.495820833333333,22.553070833333333,2,2020
2021-06-24,25.405651931097907,-4.390984398186447,,16.3603625,22.553070833333333,2,2020
2021-06-25,44.72708399639066,-5.673238685166325,,21.3569875,22.553070833333333,2,2020
2021-06-26,69.03508879563424,2.319435932120996,,41.331316666666666,22.553070833333333,2,2020
2021-06-27,76.64251809662665,-9.858530002226416,,54.81077916666666,22.553070833333333,2,2020
2021-06-28,74.52581106652906,-10.63099406419633,,44.7285875,22.553070833333333,2,2020
2021-06-29,44.31001713134185,1.8509467648514146,,43.28555833333333,22.553070833333333,2,2020
2021-06-30,19.524548141548394,-5.24514917838269,,38.260895833333336,22.553070833333333,2,2020
2021-07-01,1.4863297207043615,1.356639799676941,,43.04185833333333,22.553070833333333,2,2020
2021-07-02,49.00164795408705,11.125271028161933,,40.7223,22.553070833333333,2,2020
2021-07-03,48.881061032493335,8.66419315233179,,38.45192083333333,22.553070833333333,2,2020
2021-07-04,42.949553649451445,7.098974316532804,,44.769312500000005,22.553070833333333,2,2020
2021-07-05,8.525140570110125,14.240700250000828,,43.83465416666667,22.553070833333333,2,2020
2021-07-06,-26.406150813069416,3.4438603821386096,,41.44211666666667,22.553070833333333,2,2020
2021-07-07,-16.64575086239347,7.14407014543076,,43.9282,22.553070833333333,2,2020
2021-07-08,-2.929288996860123,12.30183926914924,,16.407470833333335,22.553070833333333,2,2020
2021-07-09,15.842650096554735,24.917905598512448,,17.6160375,22.553070833333333,2,2020
2021-07-10,47.652336017448306,36.71232329164275,,18.597525,22.553070833333333,2,2020
2021-07-11,38.382628169294776,49.82666570166293,,20.38994583333333,22.553070833333333,2,2020
2021-07-12,37.620691536987806,22.166562968938365,,9.501666666666669,22.553070833333333,2,2020
2021-07-13,-2.4826039985682655,-11.822607849479937,,6.884037500000001,22.553070833333333,2,2020
2021-07-14,7.580986297345817,-9.672463803532537,,7.561274999999999,22.553070833333333,2,2020
2021-07-15,23.549511304564476,-11.03959781057847,,16.159929166666668,22.553070833333333,2,2020
2021-07-16,16.153959508626826,10.71645584291764,,4.641925,22.553070833333333,2,2020
2021-07-17,32.195966011987366,19.292268641022815,,53.179575,22.553070833333333,2,2020
2021-07-18,36.683601918836985,23.51731417362123,,6.879116666666666,22.553070833333333,2,2020
2021-07-19,23.20830833231048,21.049368244224866,,56.16794166666667,22.553070833333333,2,2020
2021-07-20,11.22953820810585,17.602668112472543,,18.4514375,22.553070833333333,2,2020
2021-07-21,26.74390737723661,18.622968196514535,,22.233929166666663,22.553070833333333,2,2020
2021-07-22,34.95443728425164,22.26388605151476,,30.45615833333333,22.553070833333333,2,2020
2021-07-23,28.695353143521686,18.867146697216754,,7.6838375,22.553070833333333,2,2020
2021-07-24,68.60024066416918,10.271262045022013,,11.009066666666667,22.553070833333333,2,2020
2021-07-25,63.49846574438379,9.427064566976696,,5.981016666666666,22.553070833333333,2,2020
2021-07-26,54.51341581067345,6.67518777606665,,1.9160666666666664,22.553070833333333,2,2020
2021-07-27,29.97121465069347,7.6246669696488425,,7.422474999999999,22.553070833333333,2,2020
2021-07-28,31.37841075793665,-0.3445268055784254,,4.7065375,22.553070833333333,2,2020
2021-07-29,7.450062982955842,2.8063907600185303,,8.640966666666667,22.553070833333333,2,2020
2021-07-30,22.28896195867526,-4.621675325155593,,20.707941666666667,22.553070833333333,2,2020
2021-07-31,16.5735070708522,4.118443088746972,,6.778404166666667,22.553070833333333,2,2020
2021-08-01,7.882563030214897,0.725383512541157,,4.307520833333333,22.553070833333333,2,2020
2021-08-02,3.3246478131488857,-0.26522239445648665,,9.362404166666666,22.553070833333333,2,2020
2021-08-03,3.298761390350137,12.37447037302536,,13.013091666666666,22.553070833333333,2,2020
2021-08-04,5.241934611153511,10.090696966197811,,8.094108333333333,22.553070833333333,2,2020
2021-08-05,33.418696549817696,-12.370008225776928,,5.889545833333333,22.553070833333333,2,2020
2021-08-06,25.127166083966358,-3.4816822978668824,,5.8754333333333335,22.553070833333333,2,2020
2021-08-07,62.59904191932583,-20.467753119738973,,8.837695833333333,22.553070833333333,2,2020
2021-08-08,35.04625994248093,-9.622582779333243,,4.683283333333334,22.553070833333333,2,2020
2021-08-09,40.48502412693301,2.742669763982576,,6.4432875,22.553070833333333,2,2020
2021-08-10,8.238058527659632,7.33963996456032,,4.222625,22.553070833333333,2,2020
2021-08-11,25.030634042396173,12.874697626340094,,4.787504166666666,22.553070833333333,2,2020
2021-08-12,20.49140427109114,25.8010486311847,,6.130441666666667,22.553070833333333,2,2020
2021-08-13,15.886603413706325,16.871697999836556,,7.821379166666666,22.553070833333333,2,2020
2021-08-14,25.169264674256965,13.452311503202509,,18.229,22.553070833333333,2,2020
2021-08-15,-1.836213140246855,9.322747309407532,,3.28755,22.553070833333333,2,2020
2021-08-16,-0.4837129281340822,1.6025098112763771,,5.2881375,22.553070833333333,2,2020
2021-08-17,7.455883115845609,-5.305680044217752,,3.825008333333333,22.553070833333333,2,2020
2021-08-18,4.144346204087469,-5.836410135488222,,5.297833333333333,22.553070833333333,2,2020
2021-08-19,31.55503083272754,0.6778728292701999,,5.922204166666667,22.553070833333333,2,2020
2021-08-20,29.429566709755818,-1.40648405491811,,7.237120833333333,22.553070833333333,2,2020
2021-08-21,38.843398890732374,13.937641590369822,,5.671245833333334,22.553070833333333,2,2020
2021-08-22,16.84568267352097,0.27385767714213216,,3.848075,22.553070833333333,2,2020
2021-08-23,12.86247312159935,16.400272799946038,,11.345070833333333,22.553070833333333,2,2020
2021-08-24,0.7505354635029562,13.235861169071995,,10.6392625,22.553070833333333,2,2020
2021-08-25,14.491338764359853,21.815676467743174,,40.866025,22.553070833333333,2,2020
2021-08-26,12.585326850943147,31.301394152397734,,21.9414125,22.553070833333333,2,2020
2021-08-27,29.413490864688242,22.91687602800755,,12.575520833333334,22.553070833333333,2,2020
2021-08-28,18.707418547312272,32.02885419444931,,10.306220833333333,22.553070833333333,2,2020
2021-08-29,-5.314096794712896,32.57555255662942,,12.776266666666666,22.553070833333333,2,2020
2021-08-30,15.381346141144604,35.48639149525036,,12.487191666666668,22.553070833333333,2,2020
2021-08-31,21.86325855799828,34.07920373427805,,7.162845833333333,22.553070833333333,2,2020
2021-09-01,25.06017798656478,40.17974999606656,,9.345570833333332,22.553070833333333,2,2020
2021-09-02,51.33860194419958,45.421618927206055,,6.299095833333333,22.553070833333333,2,2020
2021-09-03,31.694672754409282,43.1080947741649,,16.559995833333335,22.553070833333333,2,2020
2021-09-04,17.21308922686694,31.34684516148957,,12.272741666666668,22.553070833333333,2,2020
2021-09-05,22.74147729085462,36.147283071852655,,2.2511791666666667,22.553070833333333,2,2020
2021-09-06,39.150971955543014,34.67778112516845,,17.515783333333335,22.553070833333333,2,2020
2021-09-07,43.248056172548445,30.235314772609513,,5.8339791666666665,22.553070833333333,2,2020
2021-09-08,38.45150391495912,41.39048045110633,,6.4840125,22.553070833333333,2,2020
2021-09-09,56.92876354101918,47.17846814228187,,5.270683333333333,22.553070833333333,2,2020
2021-09-10,28.49266302797281,14.308512773492112,,-0.9349708333333332,22.553070833333333,2,2020
2021-09-11,24.831916751783524,13.213741696527904,,11.341770833333332,22.553070833333333,2,2020
2021-09-12,45.59279537865996,28.005774506560556,,22.756820833333336,22.553070833333333,2,2020
2021-09-13,48.264084287460264,44.69527821281508,,8.078379166666666,22.553070833333333,2,2020
2021-09-14,48.22954556385503,43.25552793970792,,7.79785,22.553070833333333,2,2020
2021-09-15,27.21337398556193,22.293107273209557,,4.921604166666667,22.553070833333333,2,2020
2021-09-16,29.013164300604956,14.042982657166249,,13.5035125,22.553070833333333,2,2020
2021-09-17,10.439161194112557,13.989555395208754,,6.9617,22.553070833333333,2,2020
2021-09-18,15.406290362697973,39.38384960548126,,4.566612500000001,22.553070833333333,2,2020
2021-09-19,50.01997460874895,10.174241282923958,,5.852579166666668,22.553070833333333,2,2020
2021-09-20,10.362920791764964,11.810778075981489,,7.053237499999999,22.553070833333333,2,2020
2021-09-21,10.133882426428954,24.055120047866353,,15.3197,22.553070833333333,2,2020
2021-09-22,-13.2580180617324,19.00127683434937,,4.5749208333333335,22.553070833333333,2,2020
2021-09-23,5.014535824362611,5.202419655380254,,4.407745833333333,22.553070833333333,2,2020
2021-09-24,-2.6141560653641136,12.937409650963673,,2.0895166666666665,22.553070833333333,2,2020
2021-09-25,38.29301333155263,12.129661265190407,,16.675866666666668,22.553070833333333,2,2020
2021-09-26,10.083988419141633,14.236478891665229,,27.4901,22.553070833333333,2,2020
2021-09-27,1.6091868279759183,15.93160279680751,,31.1896625,22.553070833333333,2,2020
2021-09-28,-7.655481727296319,61.41027699450069,,26.588975,22.553070833333333,2,2020
2021-09-29,-3.7063231058154997,17.993156741603457,,-4.317933333333333,22.553070833333333,2,2020
2021-09-30,-2.3604776536799363,6.334173985952475,,43.42125833333333,22.553070833333333,2,2020
2021-10-01,4.562149395700089,21.544929004757364,,-3.0703541666666667,22.553070833333333,2,2020
2021-10-02,38.86475885262689,58.49851532926641,,2.6540375,22.553070833333333,2,2020
2021-10-03,28.41566636074765,7.297545083723435,,-1.5979208333333332,22.553070833333333,2,2020
2021-10-04,24.00001704018996,14.69307184084846,,10.094870833333331,22.553070833333333,2,2020
2021-10-05,3.904850888709234,10.1246533055687,,-1.616775,22.553070833333333,2,2020
2021-10-06,7.401795571125604,18.85807337341282,,-0.8278541666666669,22.553070833333333,2,2020
2021-10-07,58.20908149315619,31.159585446060646,,133.24047083333332,22.553070833333333,2,2020
2021-10-08,77.21499438008414,25.00491269028805,,2.965195833333333,22.553070833333333,2,2020
2021-10-09,57.12172932363592,28.86499805427013,,22.864841666666667,22.553070833333333,2,2020
2021-10-10,45.31556657265844,20.867619849663356,,7.018987500000001,22.553070833333333,2,2020
2021-10-11,29.879952351817053,21.557587515583577,,13.6763875,22.553070833333333,2,2020
2021-10-12,72.38790079895671,15.198770538403096,,3.964208333333333,22.553070833333333,2,2020
2021-10-13,60.792684480149774,23.35042399594306,,3.2402083333333334,22.553070833333333,2,2020
2021-10-14,34.9292658586578,23.676952369272954,,1.2616333333333332,22.553070833333333,2,2020
2021-10-15,38.86070720179907,10.920846742998037,,9.110266666666666,22.553070833333333,2,2020
2021-10-16,85.55572704010365,15.060229860795062,,9.826129166666666,22.553070833333333,2,2020
2021-10-17,95.15865326137464,22.381039873688792,,10.7785,22.553070833333333,2,2020
2021-10-18,101.39911177128488,19.506445080021763,,6.5326958333333325,22.553070833333333,2,2020
2021-10-19,74.0633534710114,29.468648586807035,,7.1475875,22.553070833333333,2,2020
2021-10-20,95.8264142825883,50.80076824905154,,28.22495,22.553070833333333,2,2020
2021-10-21,94.51900989937349,-3.2658588614153814,,9.1122375,22.553070833333333,2,2020
2021-10-22,69.68567875556892,23.669474110569467,,7.155670833333333,22.553070833333333,2,2020
2021-10-23,64.55761864670967,35.49144377121968,,5.334270833333334,22.553070833333333,2,2020
2021-10-24,59.418226156729816,18.085681645790487,,3.8625375,22.553070833333333,2,2020
2021-10-25,40.742520493860525,6.766180675866508,,4.155758333333334,22.553070833333333,2,2020
2021-10-26,87.94445573054054,0.7837591857637562,,0.3517416666666667,22.553070833333333,2,2020
2021-10-27,74.39500830938505,-8.759010824498091,,-0.8410500000000001,22.553070833333333,2,2020
2021-10-28,80.61303575263855,43.28619121153713,,46.822720833333335,22.553070833333333,2,2020
2021-10-29,66.5277095184465,23.5112213958829,,45.1945625,22.553070833333333,2,2020
2021-10-30,47.494966152747566,56.23730652942959,,7.3715875,22.553070833333333,2,2020
2021-10-31,104.08750126174345,64.51123192791647,,74.70457916666668,22.553070833333333,2,2020
2021-11-01,78.39240466706633,17.50037250718185,,8.79905,22.553070833333333,2,2020
2021-11-02,92.93450190422027,61.091642338691145,,12.7688125,22.553070833333333,2,2020
2021-11-03,68.16690228036896,46.61079003721375,,10.568283333333332,22.553070833333333,2,2020
2021-11-04,64.9325331343889,22.45057358370707,,13.077220833333334,22.553070833333333,2,2020
2021-11-05,71.80704856899501,20.11231015643068,,7.711458333333334,22.553070833333333,2,2020
2021-11-06,58.150128999879826,9.331616613256756,,2.021,22.553070833333333,2,2020
2021-11-07,59.530244240225784,5.684956523894925,,-0.0679374999999999,22.553070833333333,2,2020
2021-11-08,79.78711475308137,9.903547607017117,,2.3590166666666668,22.553070833333333,2,2020
2021-11-09,63.9064388836332,-0.19416780841220316,,3.2251583333333333,22.553070833333333,2,2020
2021-11-10,69.36958878501264,3.3150421827358514,,24.258291666666665,22.553070833333333,2,2020
2021-11-11,50.41433776229246,-4.690849218162839,,9.694020833333331,22.553070833333333,2,2020
2021-11-12,60.917323979934736,-1.4750421786075094,,5.801945833333334,22.553070833333333,2,2020
2021-11-13,61.02094015075045,-3.6161611236493627,,12.0197625,22.553070833333333,2,2020
2021-11-14,81.84264176294255,8.072116115407425,,10.187841666666666,22.553070833333333,2,2020
2021-11-15,87.0578517775457,8.611166511376268,,49.56771666666666,22.553070833333333,2,2020
2021-11-16,92.38852595815251,0.31690217813184063,,9.465675,22.553070833333333,2,2020
2021-11-17,53.83392920624465,-4.706017174431963,,10.122875,22.553070833333333,2,2020
2021-11-18,49.72445912326157,-3.8114898282869945,,5.630816666666667,22.553070833333333,2,2020
2021-11-19,52.18715803036821,-6.769304361479499,,10.043466666666667,22.553070833333333,2,2020
2021-11-20,30.862345064592546,-7.305172046154894,,11.600808333333331,22.553070833333333,2,2020
2021-11-21,20.49602254097499,-17.911026979687904,,12.882604166666669,22.553070833333333,2,2020
2021-11-22,28.709046128254613,-4.104213949848599,,20.8952125,22.553070833333333,2,2020
2021-11-23,54.62515939459399,-0.04106010603800314,,10.325020833333332,22.553070833333333,2,2020
2021-11-24,19.948841022447596,-2.3355389963071502,,8.3320125,22.553070833333333,2,2020
2021-11-25,5.460067182546936,-12.49873739829036,,9.767379166666666,22.553070833333333,2,2020
2021-11-26,2.0165256506388687,-9.841685372874963,,28.54135833333333,22.553070833333333,2,2020
2021-11-27,38.037381892483836,-13.850406692769411,,36.73737083333334,22.553070833333333,2,2020
2021-11-28,25.64612097807816,-12.354239338004845,,10.2599125,22.553070833333333,2,2020
2021-11-29,17.756266390101473,-4.360874762325238,,9.996233333333333,22.553070833333333,2,2020
2021-11-30,18.67123004416419,4.005742465766161,,19.086604166666667,22.553070833333333,2,2020
2021-12-01,39.284001312283635,-9.674912042989035,,51.261,22.553070833333333,2,2020
2021-12-02,10.492818442200814,-1.835293195723807,,13.429454166666666,22.553070833333333,2,2020
2021-12-03,29.572783153780392,8.212648769664156,,8.207783333333333,22.553070833333333,2,2020
2021-12-04,23.54701020539244,-5.83665124998015,,31.328554166666667,22.553070833333333,2,2020
2021-12-05,44.974909817465004,-6.496310824265038,,13.3695,22.553070833333333,2,2020
2021-12-06,32.74595929643601,-2.500461308785816,,8.006775,22.553070833333333,2,2020
2021-12-07,47.49882769407213,5.219553622122021,,15.92195,22.553070833333333,2,2020
2021-12-08,30.7588373952982,-9.17699948879681,,14.564516666666668,22.553070833333333,2,2020
2021-12-09,32.695751840309185,-6.5961470617380655,,31.151391666666665,22.553070833333333,2,2020
2021-12-10,42.943554535419594,-8.901427881245581,,12.2762,22.553070833333333,2,2020
2021-12-11,43.823942371339854,-0.2567425832480694,,7.014083333333333,22.553070833333333,2,2020
2021-12-12,38.56210776922359,-4.918038420818448,,7.8071875,22.553070833333333,2,2020
2021-12-13,57.47001178831829,-13.632914002143025,,10.8510875,22.553070833333333,2,2020
2021-12-14,6.72304343853375,-9.514619128755385,,9.90855,22.553070833333333,2,2020
2021-12-15,29.25141810819062,-11.16768153814428,,12.855845833333332,22.553070833333333,2,2020
2021-12-16,20.062160196836544,-3.446909878677161,,9.767054166666666,22.553070833333333,2,2020
2020-12-17,-5.643689176817134,-10.14374618945476,5.3834023,10.6220125,16.72460416666667,4,2020
2020-12-18,32.48724993814142,24.024559713377926,,62.2647625,16.72460416666667,4,2020
2020-12-19,23.614673423371414,-6.607238328366748,12.262332,12.839470833333332,16.72460416666667,4,2020
2020-12-20,4.411873861242611,2.072382604784252,11.02414,10.985091666666667,16.72460416666667,4,2020
2020-12-21,26.165949448541483,14.450952086961934,,24.697770833333333,16.72460416666667,4,2020
2020-12-22,21.498867790528266,10.279482194469892,-6.7901545,17.109070833333334,16.72460416666667,4,2020
2020-12-23,65.45491324533123,40.79036502796646,,11.041866666666666,16.72460416666667,4,2020
2020-12-24,65.93360341033622,5.979746811179666,6.3858185,7.3703416666666675,16.72460416666667,4,2020
2020-12-25,52.12750445033839,7.513416743073321,7.593224,8.140716666666666,16.72460416666667,4,2020
2020-12-26,16.810099738692998,11.282529609251014,9.762994,13.654908333333331,16.72460416666667,4,2020
2020-12-27,33.99134439550983,24.23850245679239,1.53295,13.074854166666668,16.72460416666667,4,2020
2020-12-28,41.75324369575583,9.925566924310715,23.294025,16.440420833333334,16.72460416666667,4,2020
2020-12-29,28.48818247155839,11.646282350680849,9.194152,9.699716666666664,16.72460416666667,4,2020
2020-12-30,24.9609301611884,18.402571003623848,14.723248,12.063016666666668,16.72460416666667,4,2020
2020-12-31,46.514473143959435,21.24200388546035,-12.785287,1.5154291666666666,16.72460416666667,4,2020
2021-01-01,64.25551702613893,25.376633338312672,64.55988,125.44841666666667,16.72460416666667,4,2020
2021-01-02,48.017381503500246,17.134293938268343,1.6290325,5.1494333333333335,16.72460416666667,4,2020
2021-01-03,42.75725927795838,12.206573078661677,15.563456,12.231970833333332,16.72460416666667,4,2020
2021-01-04,57.6204616671007,14.81529092207984,-0.24756537,2.9658583333333333,16.72460416666667,4,2020
2021-01-05,46.84275516153639,12.284675626777698,5.1208277,5.936595833333333,16.72460416666667,4,2020
2021-01-06,43.72285141114537,10.22109910233985,12.944847,11.7102,16.72460416666667,4,2020
2021-01-07,60.46455547753885,6.8675118231894885,-6.7525415,4.891895833333333,16.72460416666667,4,2020
2021-01-08,75.76614110754326,6.854339553022783,-3.3765059,2.6361875,16.72460416666667,4,2020
2021-01-09,68.35112488056302,2.5848696026500875,13.155946,9.02415,16.72460416666667,4,2020
2021-01-10,40.83232729583278,9.21937596253747,5.579348,8.982483333333333,16.72460416666667,4,2020
2021-01-11,21.48669800022992,16.511953323153307,3.2135167,7.971775,16.72460416666667,4,2020
2021-01-12,39.192711192504305,12.019535003092642,,18.6316875,16.72460416666667,4,2020
2021-01-13,-0.7790188294861764,8.011629763017027,,14.978570833333334,16.72460416666667,4,2020
2021-01-14,11.154590550380362,7.621246853317189,9.855206,13.239645833333334,16.72460416666667,4,2020
2021-01-15,24.616268587020386,4.938710880831877,13.666399,12.976008333333333,16.72460416666667,4,2020
2021-01-16,31.774708391596164,14.58171033066128,4.6290755,9.599604166666667,16.72460416666667,4,2020
2021-01-17,10.147497976315435,2.8865743116725753,15.785242,13.906441666666666,16.72460416666667,4,2020
2021-01-18,0.967974367050374,-0.5635181155084865,12.143702,10.7773625,16.72460416666667,4,2020
2021-01-19,-24.46789447317451,0.7130236127395619,,61.00933333333333,16.72460416666667,4,2020
2021-01-20,-5.327814354576731,6.465162215782584,,82.60927500000001,16.72460416666667,4,2020
2021-01-21,1.8105025909208052,-0.05519312471869853,13.687858,13.393229166666666,16.72460416666667,4,2020
2021-01-22,10.077969830477741,2.2833021434153125,-0.44474995,5.3115875,16.72460416666667,4,2020
2021-01-23,-13.445427082673632,7.016220113449435,-0.25834814,1.6312125,16.72460416666667,4,2020
2021-01-24,-5.053500251837249,14.38148143765693,17.562222,14.124916666666666,16.72460416666667,4,2020
2021-01-25,-7.640784871649885,6.686816913485018,3.2620773,3.729212500000001,16.72460416666667,4,2020
2021-01-26,14.172095758139903,13.800710815677121,13.939591,10.24255,16.72460416666667,4,2020
2021-01-27,-2.4377084801712954,9.575542871105881,,16.3346375,16.72460416666667,4,2020
2021-01-28,25.770268511563245,8.76312799255038,,15.497991666666666,16.72460416666667,4,2020
2021-01-29,5.488257176107027,7.225125418709467,22.985527,21.52672916666667,16.72460416666667,4,2020
2021-01-30,37.40140347075999,48.620892931522576,,43.86685416666666,16.72460416666667,4,2020
2021-01-31,32.514867748464894,47.63837177891196,,36.011900000000004,16.72460416666667,4,2020
2021-02-01,12.978606843999842,46.17968381719072,,16.842725,16.72460416666667,4,2020
2021-02-02,3.7554489306032792,22.141561250852305,,-0.0156291666666665,16.72460416666667,4,2020
2021-02-03,-1.8379565834961795,7.792905533754947,-4.8596497,-2.806016666666667,16.72460416666667,4,2020
2021-02-04,30.692531837381466,16.564610873463494,2.5925727,6.951229166666667,16.72460416666667,4,2020
2021-02-05,33.63291842962474,8.125480316651647,-15.5541,-9.038916666666667,16.72460416666667,4,2020
2021-02-06,15.143180664925694,8.54773856218435,-5.105296,2.831933333333333,16.72460416666667,4,2020
2021-02-07,20.90835614307457,15.239381637751194,44.37719,35.40550416666667,16.72460416666667,4,2020
2021-02-08,26.53585617369606,16.93832535286367,51.99632,51.990141666666666,16.72460416666667,4,2020
2021-02-09,33.67518023587911,21.59322794694424,228.35106,202.2675125,16.72460416666667,4,2020
2021-02-10,-1.3652905713356631,15.763482935220509,114.28358,115.24025,16.72460416666667,4,2020
2021-02-11,-19.736949932520474,32.38757135245157,46.950417,56.821925,16.72460416666667,4,2020
2021-02-12,25.9554184751878,37.90727233950412,13.49182,21.43692083333333,16.72460416666667,4,2020
2021-02-13,14.0048791485342,42.54006056153946,55.17817,44.79417916666667,16.72460416666667,4,2020
2021-02-14,12.489528353846481,56.28205366967768,,37.07010833333333,16.72460416666667,4,2020
2021-02-15,15.550656737376357,9.5021921332077,-21.052523,-9.303320833333332,16.72460416666667,4,2020
2021-02-16,-3.1180445495024287,6.881978692705161,-7.6941385,15.524708333333333,16.72460416666667,4,2020
2021-02-17,20.40285775602092,11.07303450084919,-15.670388,19.828558333333334,16.72460416666667,4,2020
2021-02-18,15.908685791713197,3.729592183434306,-2.0265148,1.7006499999999998,16.72460416666667,4,2020
2021-02-19,55.41141520550218,21.61131153383883,,50.38560416666667,16.72460416666667,4,2020
2021-02-20,63.391314464171046,59.61934902808116,,45.34073333333333,16.72460416666667,4,2020
2021-02-21,31.124609006916216,73.38750213123012,1.7114369,10.197975,16.72460416666667,4,2020
2021-02-22,24.91457172697983,23.083925712195764,,22.012025,16.72460416666667,4,2020
2021-02-23,30.69482938028051,18.751287474391688,23.873886,24.99604583333333,16.72460416666667,4,2020
2021-02-24,37.191044059640944,12.885788892968776,,36.961304166666665,16.72460416666667,4,2020
2021-02-25,35.13107219685742,7.765255265711403,,13.323520833333331,16.72460416666667,4,2020
2021-02-26,50.200009235690914,12.4005663799594,,8.313666666666666,16.72460416666667,4,2020
2021-02-27,72.95452356444093,21.19659831717661,,-0.7164041666666668,16.72460416666667,4,2020
2021-02-28,70.85049915661875,24.547494387651682,,37.84140833333333,16.72460416666667,4,2020
2021-03-01,66.80541035243414,22.814333744044347,,34.56234166666666,16.72460416666667,4,2020
2021-03-02,65.06011608570225,23.03198594118078,31.830784,30.670741666666668,16.72460416666667,4,2020
2021-03-03,64.3301994579233,17.896746184642666,40.49496,33.46600416666667,16.72460416666667,4,2020
2021-03-04,66.48722454052495,-0.42031836402566114,34.85376,34.73305,16.72460416666667,4,2020
2021-03-05,70.96740630012027,-3.6864738189492527,53.51813,43.251695833333336,16.72460416666667,4,2020
2021-03-06,62.99740757343534,-3.1684411877690764,62.454567,44.716225,16.72460416666667,4,2020
2021-03-07,40.64029536819055,0.22704437117090492,8.314043,15.58295,16.72460416666667,4,2020
2021-03-08,36.92876064268523,1.0847665174865142,27.132624,19.392316666666662,16.72460416666667,4,2020
2021-03-09,30.601660885872718,8.692129048311926,-8.224103,-1.0889333333333333,16.72460416666667,4,2020
2021-03-10,39.15544416568656,20.692772893751567,-27.2028,17.63094166666667,16.72460416666667,4,2020
2021-03-11,29.04881122350963,25.101516138842385,19.608755,17.6313375,16.72460416666667,4,2020
2021-03-12,34.56592301186424,15.355650755212537,,27.51565833333333,16.72460416666667,4,2020
2021-03-13,14.215924808591808,23.266058035217497,,24.192266666666665,16.72460416666667,4,2020
2021-03-14,54.645698639852526,23.375562963816833,,14.744429166666668,16.72460416666667,4,2020
2021-03-15,38.939903111399644,22.75241925197099,,11.1605,16.72460416666667,4,2020
2021-03-16,27.79052881752625,19.561469261806565,,11.93635,16.72460416666667,4,2020
2021-03-17,31.370958465409217,8.789324154734913,,15.3372,16.72460416666667,4,2020
2021-03-18,18.93666278732985,10.112137608710782,,13.502083333333331,16.72460416666667,4,2020
2021-03-19,46.418308338307725,16.393870282821922,,18.61692083333333,16.72460416666667,4,2020
2021-03-20,4.9096398920128195,9.02303457703374,,13.261691666666666,16.72460416666667,4,2020
2021-03-21,5.567185077676186,4.610847104162076,,21.05877083333333,16.72460416666667,4,2020
2021-03-22,2.9241881724133236,0.8357508891308498,13.402057,27.207654166666668,16.72460416666667,4,2020
2021-03-23,-19.558862768782546,0.9534926597198137,,21.793679166666667,16.72460416666667,4,2020
2021-03-24,-14.520790297764506,3.5458481027703783,8.349991,13.967770833333333,16.72460416666667,4,2020
2021-03-25,-22.345248607668054,0.7290187771886849,,13.0397375,16.72460416666667,4,2020
2021-03-26,-10.200007474055838,12.370289818680703,,34.42240833333334,16.72460416666667,4,2020
2021-03-27,-24.158722633809703,9.30530174855312,,20.10953333333333,16.72460416666667,4,2020
2021-03-28,-8.843719909692936,15.963113678812192,,22.44152083333333,16.72460416666667,4,2020
2021-03-29,-2.3675849670112257,20.3184778848439,,23.395841666666666,16.72460416666667,4,2020
2021-03-30,-0.46899381576531596,58.04692643315411,54.72225,38.15349583333333,16.72460416666667,4,2020
2021-03-31,5.68717106776694,64.82423934242979,,31.761825,16.72460416666667,4,2020
2021-04-01,16.24139689703418,76.597017937273,,23.111704166666662,16.72460416666667,4,2020
2021-04-02,13.366964391967485,66.8993411395818,,35.90634583333333,16.72460416666667,4,2020
2021-04-03,12.559071337499063,72.36175285967056,,62.95305,16.72460416666667,4,2020
2021-04-04,-6.962403684430228,8.969195565713107,,30.8186625,16.72460416666667,4,2020
2021-04-05,-25.70467456697679,13.85139308188036,15.770389,19.28614583333333,16.72460416666667,4,2020
2021-04-06,-31.304354622046958,7.515074868887041,6.536958,16.689320833333333,16.72460416666667,4,2020
2021-04-07,-22.61118305444961,11.011609656667133,4.2239356,17.43509583333333,16.72460416666667,4,2020
2021-04-08,-13.274480617350491,11.543834657787556,63.523483,45.68675416666667,16.72460416666667,4,2020
2021-04-09,-24.05732842577345,8.993177184025626,26.504848,25.86842083333333,16.72460416666667,4,2020
2021-04-10,-17.678863399591137,7.028056980276233,34.23342,27.294908333333336,16.72460416666667,4,2020
2021-04-11,-23.1293529354175,5.114538987253127,37.537914,23.61562916666667,16.72460416666667,4,2020
2021-04-12,-28.73867386071106,8.826641259177904,,29.3439625,16.72460416666667,4,2020
2021-04-13,-12.801436240910334,7.029796714071836,,17.35139583333333,16.72460416666667,4,2020
2021-04-14,-8.475233905313871,2.172092720830733,,22.350691666666663,16.72460416666667,4,2020
2021-04-15,-1.2918396781869887,-0.4630661087176122,,40.2988625,16.72460416666667,4,2020
2021-04-16,3.0891976570544557,2.3601694434419187,,19.88362083333333,16.72460416666667,4,2020
2021-04-17,-10.136275349658717,4.533486446790448,7.9166765,15.6541375,16.72460416666667,4,2020
2021-04-18,-15.848789568043685,5.805083473227114,1.2256322,8.115220833333334,16.72460416666667,4,2020
2021-04-19,-15.549733408978682,3.6329312383472825,,15.578833333333334,16.72460416666667,4,2020
2021-04-20,-19.710954080836927,8.109882063750774,,18.3597875,16.72460416666667,4,2020
2021-04-21,6.290580485811915,7.805614122206407,,45.7456,16.72460416666667,4,2020
2021-04-22,10.350855793534265,1.9073341708790394,14.969255,22.4054,16.72460416666667,4,2020
2021-04-23,25.979750636877043,7.509833410777901,5.84167,15.669483333333334,16.72460416666667,4,2020
2021-04-24,14.033627414879447,12.252837385482053,17.451466,21.52531666666667,16.72460416666667,4,2020
2021-04-25,-12.905226756050979,17.35586146380831,62.69273,33.445729166666666,16.72460416666667,4,2020
2021-04-26,18.01132008175307,11.329331786861076,,20.991329166666667,16.72460416666667,4,2020
2021-04-27,3.6370338941637783,10.639069219369958,26.351114,19.72265,16.72460416666667,4,2020
2021-04-28,9.491471811951214,12.784817562656826,,15.1840375,16.72460416666667,4,2020
2021-04-29,10.137274721857693,12.632084515108545,,17.2526,16.72460416666667,4,2020
2021-04-30,17.21218412015878,6.873495172043022,,17.349766666666667,16.72460416666667,4,2020
2021-05-01,-6.883592630653311,12.165194122393132,,22.1082,16.72460416666667,4,2020
2021-05-02,-36.01507151155511,9.15092912245973,17.739332,16.781670833333333,16.72460416666667,4,2020
2021-05-03,-14.80053875020667,10.131760618899989,,29.292466666666662,16.72460416666667,4,2020
2021-05-04,-14.689882036226663,24.3372889188621,,25.400854166666665,16.72460416666667,4,2020
2021-05-05,-27.330906497594697,16.01553011463045,5.5396986,9.559425,16.72460416666667,4,2020
2021-05-06,-12.87862255395703,12.016856777505382,-5.447409,-1.3218375,16.72460416666667,4,2020
2021-05-07,-49.66437742690596,12.929263690590233,-1.7404813,0.0331583333333333,16.72460416666667,4,2020
2021-05-08,1.4484599076567974,19.47870578508889,,38.04488333333333,16.72460416666667,4,2020
2021-05-09,27.107157487687118,25.2618201814372,-0.28821573,6.445679166666667,16.72460416666667,4,2020
2021-05-10,14.15640291416912,23.94946924168414,-3.8847358,-1.1422416666666668,16.72460416666667,4,2020
2021-05-11,50.47135392072596,52.770977823307476,3.5462713,3.5656041666666667,16.72460416666667,4,2020
2021-05-12,53.464523257342535,112.9926458528289,,10.523433333333331,16.72460416666667,4,2020
2021-05-13,53.22897665545133,70.36991346076184,,21.528716666666668,16.72460416666667,4,2020
2021-05-14,48.37402507687193,44.678163720705356,2.553448,3.4416583333333333,16.72460416666667,4,2020
2021-05-15,20.445892056012894,55.2986515218081,-2.9074664,0.8601249999999999,16.72460416666667,4,2020
2021-05-16,41.736176499181056,114.83933061814332,-7.0895953,1.2163333333333333,16.72460416666667,4,2020
2021-05-17,8.090318404821119,57.4453346474329,-17.33483,-6.3424708333333335,16.72460416666667,4,2020
2021-05-18,-17.784189628572676,53.96554433375377,5.324239,5.0611875,16.72460416666667,4,2020
2021-05-19,-23.517714192838866,45.15722297635568,24.6544,18.4984,16.72460416666667,4,2020
2021-05-20,-59.723169544430675,94.73074551782338,59.470913,75.23247500000001,16.72460416666667,4,2020
2021-05-21,-32.971754070071256,125.56786460516923,,78.533825,16.72460416666667,4,2020
2021-05-22,-38.06796480927369,77.17985472497594,30.463907,25.3486,16.72460416666667,4,2020
2021-05-23,10.109559538374015,112.83952702209353,7.5821023,25.839025000000003,16.72460416666667,4,2020
2021-05-24,26.51835868048954,80.58590109866236,29.025549,27.84618333333333,16.72460416666667,4,2020
2021-05-25,41.801980353481895,101.53291176703624,,23.506779166666664,16.72460416666667,4,2020
2021-05-26,28.529682216913756,45.57760052885135,18.793585,14.047904166666669,16.72460416666667,4,2020
2021-05-27,69.63107559678156,88.09636898881627,-0.38349834,6.18955,16.72460416666667,4,2020
2021-05-28,103.6078540576782,133.80326732675348,,6.158591666666666,16.72460416666667,4,2020
2021-05-29,64.9535212235478,24.417396426714845,,15.643266666666667,16.72460416666667,4,2020
2021-05-30,28.242105657913953,-8.330261034951945,,9.7789875,16.72460416666667,4,2020
2021-05-31,20.160017440748902,-8.970887402189419,,9.918441666666666,16.72460416666667,4,2020
2021-06-01,36.68857722364157,5.209074415357463,,10.350425,16.72460416666667,4,2020
2021-06-02,32.44871335078733,14.107274909075386,,6.863462500000001,16.72460416666667,4,2020
2021-06-03,-5.641719456890769,2.7337893317721864,20.366852,17.8421625,16.72460416666667,4,2020
2021-06-04,-2.391047261802669,11.229376846868945,45.29307,30.902995833333332,16.72460416666667,4,2020
2021-06-05,11.850855013993623,1.554220142723807,,46.100995833333336,16.72460416666667,4,2020
2021-06-06,19.02784301454267,29.213273100045058,,31.88553333333333,16.72460416666667,4,2020
2021-06-07,26.642268345254706,59.485445167625585,,48.896525,16.72460416666667,4,2020
2021-06-08,31.53577088532137,79.89932201871716,,118.5833625,16.72460416666667,4,2020
2021-06-09,26.24127176109289,76.6791526615848,,55.14687083333333,16.72460416666667,4,2020
2021-06-10,20.798456157653845,75.73087533100852,38.27702,41.5278125,16.72460416666667,4,2020
2021-06-11,26.98787907589383,78.39585074957404,65.71702,44.24030416666667,16.72460416666667,4,2020
2021-06-12,21.566047852159954,82.81129883226731,28.441626,24.39572083333333,16.72460416666667,4,2020
2021-06-13,30.95267119008588,110.94107312063534,38.952168,70.73705,16.72460416666667,4,2020
2021-06-14,29.682016364894594,112.12613230119223,,98.13563333333332,16.72460416666667,4,2020
2021-06-15,62.603582290681516,140.76256603562888,96.734276,80.18305416666666,16.72460416666667,4,2020
2021-06-16,50.78258636163332,148.66253027604307,,105.6161125,16.72460416666667,4,2020
2021-06-17,48.255281753778036,100.28084501444573,-8.248421,16.555425,16.72460416666667,4,2020
2021-06-18,38.23341168387492,144.7727006573914,47.269943,39.61994583333333,16.72460416666667,4,2020
2021-06-19,49.68765392343221,215.38971954063163,-2.1831813,31.664016666666665,16.72460416666667,4,2020
2021-06-20,86.42875810192982,204.33413785675475,,67.38310416666667,16.72460416666667,4,2020
2021-06-21,87.67695218483459,120.07116640432832,32.436935,21.4237625,16.72460416666667,4,2020
2021-06-22,108.12798663385911,49.89315951435606,-2.5733678,2.3528124999999998,16.72460416666667,4,2020
2021-06-23,91.13672999568371,-8.725529295203614,1.96368,4.613712500000001,16.72460416666667,4,2020
2021-06-24,90.98906406191963,12.71926409648222,48.800507,25.194975,16.72460416666667,4,2020
2021-06-25,108.67205221126005,21.957642825863445,28.021332,22.755591666666664,16.72460416666667,4,2020
2021-06-26,120.89944290699896,54.34501032114986,14.131139,18.211129166666662,16.72460416666667,4,2020
2021-06-27,135.5495445987217,222.86996651131267,,7.671154166666667,16.72460416666667,4,2020
2021-06-28,146.04020615637273,149.3537053691498,,14.606075,16.72460416666667,4,2020
2021-06-29,117.14528284877451,43.20869701383151,15.71852,13.859445833333332,16.72460416666667,4,2020
2021-06-30,89.7701078932514,6.82056497688427,9.305565,5.709354166666667,16.72460416666667,4,2020
2021-07-01,79.66537790083385,85.1304901032322,334.9586,154.1883,16.72460416666667,4,2020
2021-07-02,138.31611453582445,148.086526302096,37.248405,74.33962916666667,16.72460416666667,4,2020
2021-07-03,125.63745395699334,156.14791854958276,121.44619,97.29006666666668,16.72460416666667,4,2020
2021-07-04,137.76994198870943,255.18094058928546,,57.923300000000005,16.72460416666667,4,2020
2021-07-05,119.68087252151781,88.97409992850817,23.773401,39.42487916666666,16.72460416666667,4,2020
2021-07-06,89.72450386919354,80.17320582482489,-21.834288,15.834520833333334,16.72460416666667,4,2020
2021-07-07,90.80920748875633,88.63532664844206,104.63754,65.00709166666667,16.72460416666667,4,2020
2021-07-08,101.22409974468246,98.61712534451362,,59.71507916666667,16.72460416666667,4,2020
2021-07-09,114.30504316075348,144.19570996875427,,60.5069875,16.72460416666667,4,2020
2021-07-10,144.142946699013,200.2050855675734,92.27775,128.78244166666667,16.72460416666667,4,2020
2021-07-11,143.15232224474676,205.75205428525442,,75.63416666666667,16.72460416666667,4,2020
2021-07-12,153.2096157429678,145.36530072729056,,67.041475,16.72460416666667,4,2020
2021-07-13,102.08523458842228,39.41750547910067,12.73755,31.792708333333337,16.72460416666667,4,2020
2021-07-14,86.9472136108343,45.39640669762127,21.993872,32.94949583333334,16.72460416666667,4,2020
2021-07-15,98.70959460689483,45.85257027753619,57.216675,50.37841666666667,16.72460416666667,4,2020
2021-07-16,92.29632006698557,74.99049062482618,43.81706,66.97984583333333,16.72460416666667,4,2020
2021-07-17,113.36742680017414,120.86458146091991,175.0525,220.37012916666663,16.72460416666667,4,2020
2021-07-18,118.25064070666122,82.48912164815329,,76.65144583333334,16.72460416666667,4,2020
2021-07-19,104.64015793396447,84.03581176261105,89.5366,84.1439625,16.72460416666667,4,2020
2021-07-20,86.94563338354874,71.52163207126569,18.05223,49.0747375,16.72460416666667,4,2020
2021-07-21,81.58694911788734,61.235098042480786,37.968716,71.90200833333334,16.72460416666667,4,2020
2021-07-22,112.3933687662302,129.5702390497454,188.97247,132.74805416666666,16.72460416666667,4,2020
2021-07-23,93.11748183741747,186.6486792112355,163.72015,148.01487083333333,16.72460416666667,4,2020
2021-07-24,121.82332686989957,263.2129465443868,386.89087,282.447975,16.72460416666667,4,2020
2021-07-25,112.64267373197617,71.38334363651074,58.192066,51.54975,16.72460416666667,4,2020
2021-07-26,87.71603869870296,67.21026384110337,-30.400324,-7.058333333333334,16.72460416666667,4,2020
2021-07-27,81.39638706128244,188.60700369576625,22.91554,64.4403375,16.72460416666667,4,2020
2021-07-28,79.55842693112209,69.63922897606244,22.118128,23.683520833333333,16.72460416666667,4,2020
2021-07-29,73.16183751405424,141.79014406787337,53.264374,44.09964166666666,16.72460416666667,4,2020
2021-07-30,96.5185983471074,119.22582641453664,68.67197,82.992025,16.72460416666667,4,2020
2021-07-31,73.64764241129797,62.59772135380081,49.23451,39.44315,16.72460416666667,4,2020
2021-08-01,72.48701369295395,68.5985380249108,89.50303,63.54731666666667,16.72460416666667,4,2020
2021-08-02,70.98758572836778,49.39649148188755,72.28418,49.34912916666667,16.72460416666667,4,2020
2021-08-03,66.13622490099124,64.57003789777082,23.151264,99.19907083333334,16.72460416666667,4,2020
2021-08-04,66.27689109558196,53.78223796862903,59.711895,52.47739166666667,16.72460416666667,4,2020
2021-08-05,72.34774967187013,46.61696627766082,7.386759,16.468758333333334,16.72460416666667,4,2020
2021-08-06,81.33765898995625,49.10015806185447,26.69192,35.48557916666667,16.72460416666667,4,2020
2021-08-07,111.69667400598519,45.234780234774576,65.552376,48.79645,16.72460416666667,4,2020
2021-08-08,72.58909414992877,39.85592210504626,8.123106,13.0073625,16.72460416666667,4,2020
2021-08-09,72.2817696185175,43.22554720736355,30.955637,18.676895833333333,16.72460416666667,4,2020
2021-08-10,33.326049929180414,8.76572831960948,-1.138321,1.8181583333333329,16.72460416666667,4,2020
2021-08-11,51.59920776070953,17.511282010578157,18.066212,18.89282916666667,16.72460416666667,4,2020
2021-08-12,49.36028350410743,33.58353910904134,-4.849967,29.414316666666664,16.72460416666667,4,2020
2021-08-13,42.150298985338054,22.10851558237016,13.170289,14.0990125,16.72460416666667,4,2020
2021-08-14,46.66564265676391,29.54709982357292,-48.368042,-25.057404166666668,16.72460416666667,4,2020
2021-08-15,12.672524979585432,27.81841278115428,-41.396393,-29.6800375,16.72460416666667,4,2020
2021-08-16,7.215573575375402,24.449299583450625,-42.38643,-37.1407875,16.72460416666667,4,2020
2021-08-17,-2.3434698083647163,23.02095588053851,28.579397,12.054929166666666,16.72460416666667,4,2020
2021-08-18,-11.270403730612998,22.60423028523212,31.786564,24.129483333333337,16.72460416666667,4,2020
2021-08-19,-1.9877628720578286,17.791603573620364,12.27432,8.985125,16.72460416666667,4,2020
2021-08-20,4.476490690352421,21.063204506607804,12.268371,11.527479166666666,16.72460416666667,4,2020
2021-08-21,10.582409168493768,25.533465332223727,7.3069024,13.382929166666663,16.72460416666667,4,2020
2021-08-22,-8.999490999839509,17.564942968120135,5.5208316,2.7131791666666665,16.72460416666667,4,2020
2021-08-23,-2.5367212189180464,15.938564514080213,75.629745,39.92444583333333,16.72460416666667,4,2020
2021-08-24,-19.398269388797416,8.850856573074907,98.32599,43.94118333333333,16.72460416666667,4,2020
2021-08-25,-5.668063997224181,8.117913031058833,61.715176,41.742466666666665,16.72460416666667,4,2020
2021-08-26,-8.74778972698914,17.801088646787434,27.808374,27.923066666666667,16.72460416666667,4,2020
2021-08-27,8.29217018382883,5.576525482148099,38.43618,49.66300833333333,16.72460416666667,4,2020
2021-08-28,2.0021663552811333,11.251666954284246,22.03554,24.722608333333337,16.72460416666667,4,2020
2021-08-29,-18.4327950307661,9.927466164616362,28.418304,23.0312375,16.72460416666667,4,2020
2021-08-30,7.418185792396116,8.98766122634106,33.23855,32.789683333333336,16.72460416666667,4,2020
2021-08-31,33.057913226092296,21.25969241553355,89.687996,140.1521875,16.72460416666667,4,2020
2021-09-01,38.12012496720604,26.587548338675106,446.45078,351.8616625,16.72460416666667,4,2020
2021-09-02,89.20679396048718,26.614058877062575,52.74584,60.2643125,16.72460416666667,4,2020
2021-09-03,79.49697612076397,30.15813124165311,114.415955,91.28739583333332,16.72460416666667,4,2020
2021-09-04,78.43665103106196,34.44390145904356,26.81805,66.815725,16.72460416666667,4,2020
2021-09-05,86.11207832823175,40.25834961098133,,111.29925,16.72460416666667,4,2020
2021-09-06,100.03829867338118,36.045697363268005,14.138182,73.66665833333333,16.72460416666667,4,2020
2021-09-07,116.70529712390453,34.90795782911539,-12.19126,58.82707083333333,16.72460416666667,4,2020
2021-09-08,113.92512832945704,38.13945214846092,57.52128,97.12052916666666,16.72460416666667,4,2020
2021-09-09,134.99824558656292,27.233563614807167,148.93071,259.6593666666667,16.72460416666667,4,2020
2021-09-10,106.12782693025201,25.42165497813619,133.13527,97.78450416666668,16.72460416666667,4,2020
2021-09-11,107.5413068521002,27.063778208499002,90.32901,72.8158125,16.72460416666667,4,2020
2021-09-12,119.49335221696492,35.5312313718415,47.597828,116.10734166666668,16.72460416666667,4,2020
2021-09-13,136.6802157688071,43.909359034832164,,179.33028750000005,16.72460416666667,4,2020
2021-09-14,127.22040398158333,57.04403481542931,177.54472,215.9745625,16.72460416666667,4,2020
2021-09-15,124.12266885399822,48.082358149621086,115.21879,100.7395625,16.72460416666667,4,2020
2021-09-16,119.0124957309863,41.565720609112645,233.8346,178.6971625,16.72460416666667,4,2020
2021-09-17,107.9946688670916,42.44195292950087,118.02774,125.35849166666668,16.72460416666667,4,2020
2021-09-18,108.15850801908346,61.13873385369152,784.44727,512.0508083333333,16.72460416666667,4,2020
2021-09-19,120.58059310287354,45.04394553332111,121.65627,104.86998333333334,16.72460416666667,4,2020
2021-09-20,113.15386613049304,43.84120709632532,60.246983,71.95812083333333,16.72460416666667,4,2020
2021-09-21,97.59109044501747,48.32750110829102,28.633173,102.39472083333334,16.72460416666667,4,2020
2021-09-22,87.19099149053454,51.081288267867876,110.75513,105.431375,16.72460416666667,4,2020
2021-09-23,71.50925362419548,41.071042698565975,204.5903,152.02439583333333,16.72460416666667,4,2020
2021-09-24,77.22984703278689,43.03858332086895,221.29175,181.5005125,16.72460416666667,4,2020
2021-09-25,96.12838607227877,40.578098957634325,36.10068,117.3375125,16.72460416666667,4,2020
2021-09-26,85.49072999198734,41.732838918194716,-9.700001,82.02655,16.72460416666667,4,2020
2021-09-27,75.70244607768336,38.08987808155712,45.093555,33.8839625,16.72460416666667,4,2020
2021-09-28,67.14286306697522,55.52839653807814,-8.365847,9.703804166666666,16.72460416666667,4,2020
2021-09-29,48.89042925786816,32.39810712838539,-4.7071176,0.7774875,16.72460416666667,4,2020
2021-09-30,64.98977371477258,32.272349228303256,1.1408478,9.143133333333331,16.72460416666667,4,2020
2021-10-01,55.01801465519952,37.49822670444735,24.451784,20.159925,16.72460416666667,4,2020
2021-10-02,90.34004320090935,54.305146676726736,26.516275,33.733333333333334,16.72460416666667,4,2020
2021-10-03,65.43697803658551,22.791177479184967,10.620693,21.191,16.72460416666667,4,2020
2021-10-04,37.442223226879946,29.10297249362236,-54.551147,-26.913804166666665,16.72460416666667,4,2020
2021-10-05,5.937789180130494,36.21485772662402,5.725481,4.5265125,16.72460416666667,4,2020
2021-10-06,7.0903646744441176,28.565902945941048,5.8955812,5.712587500000001,16.72460416666667,4,2020
2021-10-07,27.215327012946545,27.11703854503901,-16.155352,-1.540704166666668,16.72460416666667,4,2020
2021-10-08,31.389918410745622,33.0545404052956,31.69582,25.110987500000004,16.72460416666667,4,2020
2021-10-09,19.531900278825333,37.55171980920841,21.09278,16.050370833333332,16.72460416666667,4,2020
2021-10-10,11.975490804324863,39.33720786174467,4.5552635,5.5029916666666665,16.72460416666667,4,2020
2021-10-11,-2.4376417100043,31.399540733700405,,22.248704166666663,16.72460416666667,4,2020
2021-10-12,13.101621603054582,34.057379626986574,,6.8926875,16.72460416666667,4,2020
2021-10-13,14.41129060776666,30.830683949712125,-3.344213,11.026279166666669,16.72460416666667,4,2020
2021-10-14,8.739541431059251,32.35946945841738,4.5833054,18.362041666666663,16.72460416666667,4,2020
2021-10-15,16.992196821904372,36.974245964224,,14.081620833333332,16.72460416666667,4,2020
2021-10-16,54.344533656346584,38.131581615026334,-16.044474,8.685045833333334,16.72460416666667,4,2020
2021-10-17,59.14147679762186,92.2147974025379,12.501768,12.350620833333332,16.72460416666667,4,2020
2021-10-18,60.28898703287814,131.2269181765132,14.80066,7.6787625,16.72460416666667,4,2020
2021-10-19,42.56454852028503,131.94854046576984,,-3.530375,16.72460416666667,4,2020
2021-10-20,50.67606383382645,119.26642267606985,26.393375,13.528120833333332,16.72460416666667,4,2020
2021-10-21,47.60813045744362,17.873341386383913,6.7582316,0.3008249999999998,16.72460416666667,4,2020
2021-10-22,33.321717519074014,39.74276336453079,-59.92239,-36.227975,16.72460416666667,4,2020
2021-10-23,37.944904747513476,86.10738586927346,-43.42398,-27.215429166666667,16.72460416666667,4,2020
2021-10-24,30.351166576527135,62.11807044028183,-7.4436045,-11.499120833333334,16.72460416666667,4,2020
2021-10-25,25.178543872742466,32.9692276065075,27.70721,23.55698333333333,16.72460416666667,4,2020
2021-10-26,73.98929793690604,40.189976032614595,-63.884666,-42.021704166666666,16.72460416666667,4,2020
2021-10-27,80.90739574329154,59.29121075183593,-26.247272,-25.6460625,16.72460416666667,4,2020
2021-10-28,121.64668268365949,170.36828744652303,17.481106,-2.823770833333333,16.72460416666667,4,2020
2021-10-29,123.68007167370797,73.2550931806245,17.852564,14.196025,16.72460416666667,4,2020
2021-10-30,102.45161733254099,67.27941547738828,9.441993,5.688891666666668,16.72460416666667,4,2020
2021-10-31,134.29258878612563,120.71818416032875,-40.344833,-17.33525,16.72460416666667,4,2020
2021-11-01,104.70035494896456,33.78367248361235,32.453876,26.395916666666665,16.72460416666667,4,2020
2021-11-02,125.83996045458298,33.30843396529565,35.686615,25.98792083333333,16.72460416666667,4,2020
2021-11-03,119.64537304939859,21.41396674110331,,24.55654583333333,16.72460416666667,4,2020
2021-11-04,115.17041420064379,12.912864195685415,21.94968,26.4766375,16.72460416666667,4,2020
2021-11-05,119.03339479325587,11.833965871197506,31.15153,25.2237125,16.72460416666667,4,2020
2021-11-06,100.83775272063212,21.840507550958023,-6.081594,0.0098750000000003,16.72460416666667,4,2020
2021-11-07,99.8439084605352,12.814882685073371,33.355213,22.6486,16.72460416666667,4,2020
2021-11-08,109.56772948805883,13.667789960457867,,15.009708333333334,16.72460416666667,4,2020
2021-11-09,98.18923243877725,20.542280356251354,,10.892441666666665,16.72460416666667,4,2020
2021-11-10,100.17830829466311,18.277614345545658,-1.1417397,0.1812000000000001,16.72460416666667,4,2020
2021-11-11,72.87054895108304,15.905484533151139,7.3372416,14.791179166666666,16.72460416666667,4,2020
2021-11-12,65.10540109674002,23.524868476126017,12.499959,8.849858333333334,16.72460416666667,4,2020
2021-11-13,54.478201966490815,12.324466936853241,7.7551327,7.311883333333333,16.72460416666667,4,2020
2021-11-14,57.905666725967876,12.395792313019228,14.257536,14.419866666666666,16.72460416666667,4,2020
2021-11-15,74.23017502379571,13.036956551046387,14.777507,12.260470833333336,16.72460416666667,4,2020
2021-11-16,68.2989254477875,20.943734130584403,-1.2369112,1.7797208333333332,16.72460416666667,4,2020
2021-11-17,33.91368930024902,16.95795392723346,8.753809,11.340866666666663,16.72460416666667,4,2020
2021-11-18,19.251089067891826,17.76020119313705,16.487175,10.5998625,16.72460416666667,4,2020
2021-11-19,8.194552199681539,18.090047672821242,2.4443069,4.281391666666667,16.72460416666667,4,2020
2021-11-20,0.0885222408314803,14.358942796842257,3.5709848,5.155804166666667,16.72460416666667,4,2020
2021-11-21,-22.201065850948908,7.131747340166385,12.802317,11.232070833333331,16.72460416666667,4,2020
2021-11-22,-13.100236447668522,12.777699120964371,25.509205,21.79505,16.72460416666667,4,2020
2021-11-23,-2.6000898168504136,13.985063246751452,7.457537,17.371083333333335,16.72460416666667,4,2020
2021-11-24,-23.71504229303264,13.160533292340006,7.822951,7.248420833333333,16.72460416666667,4,2020
2021-11-25,-38.466337882290645,7.373206811290402,6.1133966,7.547404166666666,16.72460416666667,4,2020
2021-11-26,-39.29224033457922,21.162330383693075,28.228294,20.7534875,16.72460416666667,4,2020
2021-11-27,-25.025161996371935,13.783981179391048,16.700321,16.032629166666666,16.72460416666667,4,2020
2021-11-28,-21.58865729817444,4.359442587609465,9.18226,10.193295833333332,16.72460416666667,4,2020
2021-11-29,-26.918741675639467,9.90802120820581,1.7804937,6.348729166666666,16.72460416666667,4,2020
2021-11-30,-16.704631021322257,25.4430937659223,-5.1651993,5.306391666666666,16.72460416666667,4,2020
2021-12-01,-19.757429826519456,25.86721230249657,,16.573362499999998,16.72460416666667,4,2020
2021-12-02,-25.11807268374605,19.17646506000358,4.3880687,7.669824999999999,16.72460416666667,4,2020
2021-12-03,-5.6703490207169125,37.48428101317961,,14.853683333333334,16.72460416666667,4,2020
2021-12-04,-15.926613907130559,22.34890673082225,15.784589,15.9292875,16.72460416666667,4,2020
2021-12-05,6.583349120818184,14.627384834339864,15.70502,15.439595833333334,16.72460416666667,4,2020
2021-12-06,-4.259087352194456,19.11205781502906,12.385794,12.540420833333334,16.72460416666667,4,2020
2021-12-07,14.538632444588075,44.499577635441824,19.980116,21.5509,16.72460416666667,4,2020
2021-12-08,-4.915605019176837,13.505497650668076,25.027306,20.24117083333333,16.72460416666667,4,2020
2021-12-09,-6.788233703822698,13.750725926773612,,18.28923333333333,16.72460416666667,4,2020
2021-12-10,-11.75967325763304,11.215162220206366,46.01123,30.94592916666667,16.72460416666667,4,2020
2021-12-11,-8.870223956536393,8.869084828664654,,11.785354166666666,16.72460416666667,4,2020
2021-12-12,1.7117903179255336,4.446833607845292,28.61234,22.98873333333333,16.72460416666667,4,2020
2021-12-13,13.741235289425958,-2.858835342318798,30.548157,20.947291666666665,16.72460416666667,4,2020
2021-12-14,-2.197662310915348,-3.9089000830258556,,17.070625,16.72460416666667,4,2020
2021-12-15,8.981781742191743,-4.110579372435495,,16.028629166666665,16.72460416666667,4,2020
2021-12-16,21.564104098409643,-3.4087247620632297,,10.200595833333333,16.72460416666667,4,2020
2020-12-17,25.93945113164159,20.973812236088975,1.029721,13.423445833333332,25.833304166666668,9,2020
2020-12-18,34.37812913509936,70.45626212450179,,81.50647916666667,25.833304166666668,9,2020
2020-12-19,38.61406376909861,41.072851984618865,6.771174,12.3312875,25.833304166666668,9,2020
2020-12-20,2.803148697465531,45.69079729126747,1.5766623,1.659070833333333,25.833304166666668,9,2020
2020-12-21,43.222504527948104,59.044469018611835,,147.9320708333333,25.833304166666668,9,2020
2020-12-22,27.250414735702634,77.27002412604952,-3.721054,5.725308333333333,25.833304166666668,9,2020
2020-12-23,80.11330185666884,117.9283633672967,,9.872425,25.833304166666668,9,2020
2020-12-24,71.61334831454133,50.89548729511512,-4.395969,-2.9253625,25.833304166666668,9,2020
2020-12-25,40.877468565538834,55.11469600228202,6.3792634,6.963433333333334,25.833304166666668,9,2020
2020-12-26,12.839832470807323,67.3534821398548,,130.47466666666665,25.833304166666668,9,2020
2020-12-27,47.35186470178837,127.87122021819505,54.70355,125.93865,25.833304166666668,9,2020
2020-12-28,56.13701402914876,117.10264638769422,20.00487,50.40403333333333,25.833304166666668,9,2020
2020-12-29,42.92110677622111,115.06071823517777,53.678894,36.20645833333334,25.833304166666668,9,2020
2020-12-30,39.12400329962088,162.79522994371837,4.764089,7.921329166666666,25.833304166666668,9,2020
2020-12-31,72.49753741316317,158.72546956282895,177.78632,123.29679583333332,25.833304166666668,9,2020
2021-01-01,120.59376166358652,162.63848326724292,678.30176,310.63834583333335,25.833304166666668,9,2020
2021-01-02,109.17205689735147,139.6425558355404,-2.1902237,0.4316541666666666,25.833304166666668,9,2020
2021-01-03,93.88964172418218,162.72409745914592,17.409971,15.546441666666666,25.833304166666668,9,2020
2021-01-04,99.47975138864967,164.4684458151787,50.941746,49.29927083333333,25.833304166666668,9,2020
2021-01-05,76.54353132405595,155.5006930641739,34.39425,32.14315833333333,25.833304166666668,9,2020
2021-01-06,71.8042776070647,145.68605719062907,25.23184,21.8336625,25.833304166666668,9,2020
2021-01-07,73.04284565756097,121.64908640967133,-34.369194,-9.403320833333334,25.833304166666668,9,2020
2021-01-08,93.00411351276671,77.85023462051731,17.15553,12.415695833333332,25.833304166666668,9,2020
2021-01-09,83.01708819640089,69.74150603408452,7.362051,8.154908333333333,25.833304166666668,9,2020
2021-01-10,36.35570846653741,33.71035698552453,-2.4795275,3.132320833333333,25.833304166666668,9,2020
2021-01-11,12.69905128315122,44.222796745977234,,94.20667083333332,25.833304166666668,9,2020
2021-01-12,27.151197977001175,71.74271551309494,,81.35218333333334,25.833304166666668,9,2020
2021-01-13,1.5473595080650284,62.655700115475156,,144.31350416666666,25.833304166666668,9,2020
2021-01-14,33.667860092640524,74.11888399322925,34.368996,44.69008333333333,25.833304166666668,9,2020
2021-01-15,52.5455506111698,105.12643764128461,-12.312212,-8.517475,25.833304166666668,9,2020
2021-01-16,80.86179913814112,82.42200279250801,23.066936,15.048395833333332,25.833304166666668,9,2020
2021-01-17,27.14174443419074,43.03163922350143,-3.184893,-3.638491666666667,25.833304166666668,9,2020
2021-01-18,9.631670615372968,48.736531441851184,,-9.9713625,25.833304166666668,9,2020
2021-01-19,-4.714322641315448,51.75864935531399,,42.0282875,25.833304166666668,9,2020
2021-01-20,16.765609478115152,76.51032058488317,,31.59855,25.833304166666668,9,2020
2021-01-21,19.74782850734448,58.43337361245494,1.7152559,3.0028916666666667,25.833304166666668,9,2020
2021-01-22,17.012693408445102,51.042726641701165,-9.435953,-4.2644416666666665,25.833304166666668,9,2020
2021-01-23,-15.293005826335047,38.11617347162871,3.7247546,2.794875,25.833304166666668,9,2020
2021-01-24,-10.018040221724732,54.67131612725643,20.7844,70.955125,25.833304166666668,9,2020
2021-01-25,-17.888577365762558,31.80481060854993,2.4051342,3.2908416666666667,25.833304166666668,9,2020
2021-01-26,-18.043354322311643,48.035029229582506,-7.305129,-0.7042124999999994,25.833304166666668,9,2020
2021-01-27,-38.25993645829294,51.969591150667384,,93.40853333333332,25.833304166666668,9,2020
2021-01-28,25.143958780965704,69.27026816160696,,188.94189166666663,25.833304166666668,9,2020
2021-01-29,6.659109148908783,73.75117326467807,39.02604,53.5451625,25.833304166666668,9,2020
2021-01-30,30.320321541465546,166.33701635745274,,42.729733333333336,25.833304166666668,9,2020
2021-01-31,27.338979798041464,172.26791353535737,,33.90743333333334,25.833304166666668,9,2020
2021-02-01,-1.7040564324943261,163.78951191935448,,38.59120416666666,25.833304166666668,9,2020
2021-02-02,15.391051926808132,85.21818158921951,,113.05170416666664,25.833304166666668,9,2020
2021-02-03,18.363741369425725,63.79335618691903,,19.568575,25.833304166666668,9,2020
2021-02-04,34.55673469499493,92.91481583331779,25.901138,20.403025,25.833304166666668,9,2020
2021-02-05,47.02878797514677,54.447713966349966,,9.432833333333331,25.833304166666668,9,2020
2021-02-06,5.778529348758411,60.222513622180486,,9.534345833333331,25.833304166666668,9,2020
2021-02-07,20.762927009904843,39.65273585006207,,18.307391666666664,25.833304166666668,9,2020
2021-02-08,39.83646694763797,41.88022757029307,15.241612,18.6957875,25.833304166666668,9,2020
2021-02-09,45.743845261581896,52.0060847563841,,73.20518333333332,25.833304166666668,9,2020
2021-02-10,0.4104694388147436,39.453211753264895,,28.6243,25.833304166666668,9,2020
2021-02-11,-19.41283270410986,59.8028927982441,,31.6950875,25.833304166666668,9,2020
2021-02-12,36.59387301539289,72.44299731508909,,43.02698333333333,25.833304166666668,9,2020
2021-02-13,9.960304103690078,78.97275241132184,,35.170575,25.833304166666668,9,2020
2021-02-14,7.517504561074929,80.20807468981138,,106.54159166666666,25.833304166666668,9,2020
2021-02-15,15.301097674050425,46.713793220801904,,18.5251375,25.833304166666668,9,2020
2021-02-16,-1.0025468013182035,29.827532670226788,,64.6473875,25.833304166666668,9,2020
2021-02-17,19.863651562995756,60.73543833558551,,146.47669166666665,25.833304166666668,9,2020
2021-02-18,-13.04692788823013,49.81154225883847,-4.775261,41.733495833333336,25.833304166666668,9,2020
2021-02-19,33.67049890528199,74.4898330748797,,168.51946666666666,25.833304166666668,9,2020
2021-02-20,51.03881502275135,107.11992774709961,,177.09707916666665,25.833304166666668,9,2020
2021-02-21,25.212849364444935,163.95226791085952,,18.092583333333334,25.833304166666668,9,2020
2021-02-22,28.664460581084285,77.82518838898659,-5.9678106,9.271833333333332,25.833304166666668,9,2020
2021-02-23,26.019950914225433,49.63757258873193,,23.403504166666668,25.833304166666668,9,2020
2021-02-24,35.921212733175935,52.30455482176103,,68.76757083333334,25.833304166666668,9,2020
2021-02-25,38.004289855830166,33.175021607458234,,13.6557875,25.833304166666668,9,2020
2021-02-26,67.07749507348672,39.52858321607812,,28.22587916666667,25.833304166666668,9,2020
2021-02-27,81.59039149094133,48.731516260419085,,22.787466666666663,25.833304166666668,9,2020
2021-02-28,77.50275896201947,52.41835158831668,,19.790945833333332,25.833304166666668,9,2020
2021-03-01,59.33306822763461,50.316254241703064,,14.015625,25.833304166666668,9,2020
2021-03-02,46.85128319564319,47.532014321795714,-3.4805267,2.578629166666667,25.833304166666668,9,2020
2021-03-03,49.71479043213526,26.91773794282858,9.362374,9.6279375,25.833304166666668,9,2020
2021-03-04,48.72927018619043,-17.045841412483696,2.4839158,2.375716666666667,25.833304166666668,9,2020
2021-03-05,36.30363979200558,-11.535681604085767,-11.474406,-7.647695833333334,25.833304166666668,9,2020
2021-03-06,25.125995751317078,-5.014428575783768,8.27034,8.435979166666668,25.833304166666668,9,2020
2021-03-07,21.967010123874843,-9.024088387469874,-17.016401,-3.136241666666667,25.833304166666668,9,2020
2021-03-08,31.246792848337236,-13.543671964499936,,13.9647375,25.833304166666668,9,2020
2021-03-09,9.089658220607134,-4.293922832097451,17.318352,14.597879166666669,25.833304166666668,9,2020
2021-03-10,20.088858062636973,17.989519622229068,13.265801,86.91078750000001,25.833304166666668,9,2020
2021-03-11,3.337790407685816,25.338262749012642,9.120468,70.77950833333334,25.833304166666668,9,2020
2021-03-12,33.58647375061713,49.40557964350637,1.5300783,110.73924166666666,25.833304166666668,9,2020
2021-03-13,19.76866729099106,33.50625264074415,35.93219,26.27485833333333,25.833304166666668,9,2020
2021-03-14,33.20820267100123,61.46199048883864,,15.596675,25.833304166666668,9,2020
2021-03-15,27.077610761428218,62.056523184126945,,12.176925,25.833304166666668,9,2020
2021-03-16,14.047278204576287,52.976952660127154,,11.578258333333332,25.833304166666668,9,2020
2021-03-17,8.510521612991852,37.451778779667734,,11.842433333333334,25.833304166666668,9,2020
2021-03-18,18.180440568481572,24.016239408679553,,10.594854166666666,25.833304166666668,9,2020
2021-03-19,12.343976808703928,21.283929986152884,,11.660475,25.833304166666668,9,2020
2021-03-20,25.1298498737342,14.869007521427648,,14.700275,25.833304166666668,9,2020
2021-03-21,36.56123260472987,6.3679263053686554,,15.610391666666668,25.833304166666668,9,2020
2021-03-22,39.80411031018468,-2.8753349924741087,,15.835345833333331,25.833304166666668,9,2020
2021-03-23,3.5330430685221472,-1.9766308014382048,,12.9270375,25.833304166666668,9,2020
2021-03-24,17.306490489495786,-8.914648374310673,,9.351170833333333,25.833304166666668,9,2020
2021-03-25,24.350174633728784,-7.641174364290691,,9.606370833333331,25.833304166666668,9,2020
2021-03-26,16.38274470374631,0.7100300835859343,,12.271683333333334,25.833304166666668,9,2020
2021-03-27,-11.232815836048303,-7.2557695414857335,,12.693970833333331,25.833304166666668,9,2020
2021-03-28,-31.257704532039497,-2.017642521788275,,17.613341666666667,25.833304166666668,9,2020
2021-03-29,-10.853609510412753,37.70595054869693,,16.091654166666668,25.833304166666668,9,2020
2021-03-30,1.4510453969010086,40.35865045753303,,22.77220416666667,25.833304166666668,9,2020
2021-03-31,-6.62104491511991,9.816034174808465,,17.61445,25.833304166666668,9,2020
2021-04-01,12.904892579636908,35.97337878086796,,17.9078375,25.833304166666668,9,2020
2021-04-02,8.712479111430639,24.663898900173876,,21.562541666666664,25.833304166666668,9,2020
2021-04-03,11.069790583569329,28.877545281484686,,20.076270833333336,25.833304166666668,9,2020
2021-04-04,17.307113677721077,16.489987792938678,,25.212079166666665,25.833304166666668,9,2020
2021-04-05,2.216199980311785,3.0834313112436575,,23.516341666666666,25.833304166666668,9,2020
2021-04-06,-14.920183470555003,0.8562456209447191,,24.143933333333333,25.833304166666668,9,2020
2021-04-07,-2.044665892152807,-14.291393970144327,50.26191,30.90465,25.833304166666668,9,2020
2021-04-08,-3.7927682153522255,0.7123967150605495,8.514729,10.198783333333331,25.833304166666668,9,2020
2021-04-09,-12.323743918956552,-12.993819639292724,41.182644,30.372666666666664,25.833304166666668,9,2020
2021-04-10,-8.914399840911301,-16.97697169468165,13.18725,16.48602083333333,25.833304166666668,9,2020
2021-04-11,-27.975750513714047,-17.199394249304532,35.168743,24.13477083333333,25.833304166666668,9,2020
2021-04-12,-20.197278301601727,-9.635476840470801,39.41811,33.16034166666667,25.833304166666668,9,2020
2021-04-13,-6.825150187263716,-2.828555071586379,14.269584,8.5633875,25.833304166666668,9,2020
2021-04-14,-5.792275055104255,-2.289270980033052,3.6466534,4.212775,25.833304166666668,9,2020
2021-04-15,-0.14409760207308864,-3.7310540337798557,2.7322996,10.1564625,25.833304166666668,9,2020
2021-04-16,-8.586380267185177,-0.6652906878243812,12.928284,8.699633333333333,25.833304166666668,9,2020
2021-04-17,-14.103205963921482,-2.071329445506308,3.417164,5.8182375,25.833304166666668,9,2020
2021-04-18,-0.37335297045183324,-1.1131701302147121,-1.594628,3.5045125,25.833304166666668,9,2020
2021-04-19,-4.79442458498761,7.536489545223958,3.3539276,5.721041666666667,25.833304166666668,9,2020
2021-04-20,-12.729769595001926,18.067759420132802,22.735868,17.930191666666666,25.833304166666668,9,2020
2021-04-21,13.098169956366291,25.02348221562022,-13.011656,-0.5182749999999992,25.833304166666668,9,2020
2021-04-22,20.32871226766281,19.58955539066244,-21.454739,-8.828366666666666,25.833304166666668,9,2020
2021-04-23,29.452182321735222,36.33638406737282,36.177048,29.730950000000004,25.833304166666668,9,2020
2021-04-24,20.07995444634082,45.48696095451851,12.838979,13.999645833333332,25.833304166666668,9,2020
2021-04-25,4.056903251499534,58.31727883931853,19.671087,19.969366666666662,25.833304166666668,9,2020
2021-04-26,28.05259986825638,43.78385152287626,54.658566,29.547083333333333,25.833304166666668,9,2020
2021-04-27,6.069322699657732,18.103232926075975,18.08012,17.397295833333335,25.833304166666668,9,2020
2021-04-28,16.442357479785187,-0.6134659098747761,20.699139,19.578345833333334,25.833304166666668,9,2020
2021-04-29,12.409725021198938,23.920153428919434,-1.757095,6.1231375,25.833304166666668,9,2020
2021-04-30,19.361338669325846,19.405763087100127,13.573032,15.263895833333336,25.833304166666668,9,2020
2021-05-01,-8.754963810487425,16.953395008609164,17.521652,15.997941666666668,25.833304166666668,9,2020
2021-05-02,-34.756379674617165,12.747277890990517,12.618552,15.249820833333333,25.833304166666668,9,2020
2021-05-03,-2.3744214902208114,26.16765950670731,24.710348,75.94829166666666,25.833304166666668,9,2020
2021-05-04,-12.672495629534751,26.434836620485726,19.3242,15.892833333333334,25.833304166666668,9,2020
2021-05-05,-37.65894560407469,21.559199273225772,11.63558,9.5761125,25.833304166666668,9,2020
2021-05-06,-27.577804027875118,24.790828987632153,14.97189,13.633333333333333,25.833304166666668,9,2020
2021-05-07,-58.8190495509607,34.41488611203033,3.1363113,21.234391666666667,25.833304166666668,9,2020
2021-05-08,-10.661556253411618,52.227822916795276,,96.27573333333332,25.833304166666668,9,2020
2021-05-09,3.319304345062392,70.78619948580217,0.83688134,16.774112499999998,25.833304166666668,9,2020
2021-05-10,-1.4963121862492699,46.12100304139949,10.980482,10.564433333333332,25.833304166666668,9,2020
2021-05-11,36.57707197212267,94.23904258916173,-2.0094502,3.8365458333333335,25.833304166666668,9,2020
2021-05-12,34.1701354280915,123.37083677362989,1.7165612,10.215341666666667,25.833304166666668,9,2020
2021-05-13,29.56610613708085,80.47712136826567,,24.994225,25.833304166666668,9,2020
2021-05-14,31.959646916358565,110.66966722961388,23.638529,19.543454166666667,25.833304166666668,9,2020
2021-05-15,-5.299500094316954,100.32462398727239,11.650234,29.174591666666668,25.833304166666668,9,2020
2021-05-16,22.704453233255663,189.5326162641013,27.663097,23.112345833333336,25.833304166666668,9,2020
2021-05-17,4.610179402492122,130.0509249008528,25.77981,23.3473375,25.833304166666668,9,2020
2021-05-18,-18.34588994896785,101.29604830907374,20.95733,20.59134166666667,25.833304166666668,9,2020
2021-05-19,-20.482386914672134,82.14746241309149,7.239819,11.188825,25.833304166666668,9,2020
2021-05-20,-49.22683252258503,143.12683829767684,,35.45730416666667,25.833304166666668,9,2020
2021-05-21,-21.54200720816698,201.3098350750497,,69.21749583333333,25.833304166666668,9,2020
2021-05-22,-22.336650093940534,136.01453946058518,17.428505,26.964566666666663,25.833304166666668,9,2020
2021-05-23,3.020073841672456,183.5685417321074,41.253277,36.1963625,25.833304166666668,9,2020
2021-05-24,15.821782564641808,133.6339010887159,15.877934,18.257304166666668,25.833304166666668,9,2020
2021-05-25,7.13215352534894,170.61655376522685,11.973394,20.446679166666662,25.833304166666668,9,2020
2021-05-26,-23.34594422878945,50.85501530028159,60.680992,50.350637500000005,25.833304166666668,9,2020
2021-05-27,1.8008691396048562,116.9827494244928,0.0461315,5.454729166666667,25.833304166666668,9,2020
2021-05-28,34.50098253291719,209.43063051444005,14.808812,16.6944875,25.833304166666668,9,2020
2021-05-29,9.839448246701522,81.21637840051653,,13.458770833333332,25.833304166666668,9,2020
2021-05-30,-5.3500636580010905,57.34238246883342,-63.994213,-19.85483333333333,25.833304166666668,9,2020
2021-05-31,-5.0160644448751555,37.3772706922083,,-10.680266666666666,25.833304166666668,9,2020
2021-06-01,1.7807286606214348,56.798843633861,9.030853,4.655562499999999,25.833304166666668,9,2020
2021-06-02,11.810414549516736,92.46537471091051,0.46624184,0.6839916666666667,25.833304166666668,9,2020
2021-06-03,-18.832299487168257,29.974701537192118,,7.319741666666666,25.833304166666668,9,2020
2021-06-04,-9.31481682292906,60.017722101098116,,6.037908333333334,25.833304166666668,9,2020
2021-06-05,-10.827072078485799,67.25108637931362,,20.450491666666668,25.833304166666668,9,2020
2021-06-06,2.5038848089920975,108.89186701991639,-38.4667,-5.567916666666666,25.833304166666668,9,2020
2021-06-07,11.7001157978209,75.3952736338747,-13.69239,15.600404166666666,25.833304166666668,9,2020
2021-06-08,10.407936867407898,59.96905777771963,,-3.509283333333333,25.833304166666668,9,2020
2021-06-09,1.010722111742325,54.34416456570125,24.264713,18.436725,25.833304166666668,9,2020
2021-06-10,-4.127535285398608,49.21294214754403,23.602322,24.71077916666667,25.833304166666668,9,2020
2021-06-11,15.028391619499416,56.29265714314192,12.226376,13.9053125,25.833304166666668,9,2020
2021-06-12,20.937302865193942,48.58567908733994,,9.022325,25.833304166666668,9,2020
2021-06-13,13.22608490378775,44.68165988083831,,-3.4862124999999997,25.833304166666668,9,2020
2021-06-14,10.285298617905937,38.77736505030077,-10.199496,7.708349999999999,25.833304166666668,9,2020
2021-06-15,27.503736112466072,35.30277539073984,3.5011325,10.801675,25.833304166666668,9,2020
2021-06-16,21.670155525593827,55.769136375180096,34.771088,26.487204166666668,25.833304166666668,9,2020
2021-06-17,25.199336288217523,45.453919922853515,30.229828,28.68263333333333,25.833304166666668,9,2020
2021-06-18,29.249392978299284,78.15765559772535,23.431015,22.0382625,25.833304166666668,9,2020
2021-06-19,33.585133246778355,127.38761873646217,-11.835164,20.633558333333333,25.833304166666668,9,2020
2021-06-20,70.87528572638894,197.2691716491554,,58.582704166666666,25.833304166666668,9,2020
2021-06-21,75.83391653649733,173.20404611444792,69.93149,60.8656875,25.833304166666668,9,2020
2021-06-22,103.96436965489647,70.0839219977056,37.266193,30.57103333333333,25.833304166666668,9,2020
2021-06-23,99.53640216589156,16.401112991214063,,18.692325,25.833304166666668,9,2020
2021-06-24,103.88962416239883,42.61180603333946,-13.891048,16.678741666666667,25.833304166666668,9,2020
2021-06-25,131.62807333982164,71.31817966297695,40.913254,40.7386125,25.833304166666668,9,2020
2021-06-26,139.28560252278294,98.06920193524184,15.991567,21.26387083333333,25.833304166666668,9,2020
2021-06-27,146.8804122622132,299.03977053566996,,33.0927125,25.833304166666668,9,2020
2021-06-28,149.1428303439634,251.98012716167432,,20.445,25.833304166666668,9,2020
2021-06-29,142.8229821054956,116.19985437865671,,21.69654583333333,25.833304166666668,9,2020
2021-06-30,107.00785773125153,18.51254146866529,,9.759045833333332,25.833304166666668,9,2020
2021-07-01,81.39329708633204,134.72731450561787,,293.65859166666667,25.833304166666668,9,2020
2021-07-02,137.65169202296056,178.95831394392735,,147.55367916666668,25.833304166666668,9,2020
2021-07-03,122.48217036436563,166.8622898422982,,67.600375,25.833304166666668,9,2020
2021-07-04,105.57830103697233,298.03032431321844,,231.3108875,25.833304166666668,9,2020
2021-07-05,90.76923070599469,137.9625739204912,1.1161667,85.59801666666668,25.833304166666668,9,2020
2021-07-06,57.776731678772876,120.51919422486753,388.54944,233.46624166666663,25.833304166666668,9,2020
2021-07-07,86.9834178791607,150.77948583954003,,325.81432083333334,25.833304166666668,9,2020
2021-07-08,93.08954965089106,157.91476103298555,,109.32202083333334,25.833304166666668,9,2020
2021-07-09,104.23482592576511,160.57062603320992,,98.47462916666666,25.833304166666668,9,2020
2021-07-10,126.90676225048355,219.81895566280946,,122.94519583333332,25.833304166666668,9,2020
2021-07-11,140.4977926478623,241.63723540249157,,121.14375416666668,25.833304166666668,9,2020
2021-07-12,163.00718812939158,230.0822425451188,,139.15465,25.833304166666668,9,2020
2021-07-13,103.45013550432759,78.26933612093262,,155.98844166666666,25.833304166666668,9,2020
2021-07-14,94.47780528742987,71.55650835515962,363.64142,376.0651083333333,25.833304166666668,9,2020
2021-07-15,101.63474369061169,39.0649042829225,-54.364124,-22.950154166666664,25.833304166666668,9,2020
2021-07-16,94.6339732891247,59.237171430014314,93.13533,56.95517083333333,25.833304166666668,9,2020
2021-07-17,97.8859623402841,90.78122707933153,299.95883,195.54271666666668,25.833304166666668,9,2020
2021-07-18,97.46755079826107,65.77874484580525,,91.4369125,25.833304166666668,9,2020
2021-07-19,83.21755820389717,77.18536697320678,257.46548,250.2075458333333,25.833304166666668,9,2020
2021-07-20,70.57228270856376,61.386373274716334,104.024765,88.05907083333334,25.833304166666668,9,2020
2021-07-21,80.0832552815209,51.67185926658112,1.1739988,73.86320833333333,25.833304166666668,9,2020
2021-07-22,99.21537862188507,96.76806652881714,106.372604,101.640625,25.833304166666668,9,2020
2021-07-23,82.18821447168102,135.44600632643414,122.8282,124.60621666666668,25.833304166666668,9,2020
2021-07-24,109.49228661826146,170.3194116842824,242.29971,163.90998333333334,25.833304166666668,9,2020
2021-07-25,112.64412041892774,84.28731272496043,33.108673,70.81637916666666,25.833304166666668,9,2020
2021-07-26,90.75762382529865,19.109292417279335,352.12466,155.77260416666667,25.833304166666668,9,2020
2021-07-27,90.31904398338929,53.51062063874542,,58.35798333333333,25.833304166666668,9,2020
2021-07-28,81.83806429704964,47.60872767949286,127.44907,97.89080833333333,25.833304166666668,9,2020
2021-07-29,83.85569181823348,97.4867880252632,,127.55694583333332,25.833304166666668,9,2020
2021-07-30,91.0325054744576,96.25033065393472,,81.03666666666668,25.833304166666668,9,2020
2021-07-31,70.28477036948152,58.573268240671496,136.73332,104.2607125,25.833304166666668,9,2020
2021-08-01,70.00274802190779,30.948055702292322,,92.37705,25.833304166666668,9,2020
2021-08-02,62.601864813608245,14.242046781701902,,72.47171666666667,25.833304166666668,9,2020
2021-08-03,66.47411533107152,30.628663390560064,,83.04431666666666,25.833304166666668,9,2020
2021-08-04,69.46932115778145,15.293599013351468,24.834953,59.1107375,25.833304166666668,9,2020
2021-08-05,65.74957741118942,6.151008580069174,-8.722155,36.45349166666667,25.833304166666668,9,2020
2021-08-06,60.335284724782014,15.23837637579254,100.16588,91.5200625,25.833304166666668,9,2020
2021-08-07,64.01490701991725,4.5649722899825065,7.7526293,30.540970833333333,25.833304166666668,9,2020
2021-08-08,63.820071672624636,8.318357072379058,54.852856,60.177725,25.833304166666668,9,2020
2021-08-09,54.77631406958358,-3.322364969962109,76.599525,68.35005833333334,25.833304166666668,9,2020
2021-08-10,49.86021956530499,0.8685498789404846,-14.135166,-5.4751916666666665,25.833304166666668,9,2020
2021-08-11,64.06976984046514,-7.0558225669642525,42.53586,36.39275,25.833304166666668,9,2020
2021-08-12,53.06312141536159,8.102452027945674,24.43619,26.1971375,25.833304166666668,9,2020
2021-08-13,48.80388028362722,4.596702957120215,11.037872,15.500870833333332,25.833304166666668,9,2020
2021-08-14,51.853952640338775,9.284328497209117,43.78904,69.6065,25.833304166666668,9,2020
2021-08-15,27.118996209240777,9.847182457711824,-5.015852,22.642758333333333,25.833304166666668,9,2020
2021-08-16,39.65290648493328,17.242721270561447,59.726192,52.11410416666666,25.833304166666668,9,2020
2021-08-17,34.91207068592962,9.771172041494992,18.035988,27.431358333333336,25.833304166666668,9,2020
2021-08-18,25.51813091421883,11.311982671803435,57.97778,38.86015,25.833304166666668,9,2020
2021-08-19,18.63494880467306,3.973132658096347,2.5233057,11.169641666666664,25.833304166666668,9,2020
2021-08-20,23.457438953731526,0.8172963568640625,-21.01767,-1.0929666666666675,25.833304166666668,9,2020
2021-08-21,16.90602621194307,12.187502777077043,-6.614507,11.919966666666667,25.833304166666668,9,2020
2021-08-22,8.010329599487477,19.39867803049117,1.8235663,9.3737625,25.833304166666668,9,2020
2021-08-23,8.80134649424781,19.01419686166298,5.397654,5.095916666666667,25.833304166666668,9,2020
2021-08-24,1.2956637993952427,3.9069263280666746,7.1339064,6.406045833333334,25.833304166666668,9,2020
2021-08-25,6.638838839045093,8.094576857693937,6.146808,6.1854458333333335,25.833304166666668,9,2020
2021-08-26,-1.4545288995250303,16.674217812040183,14.348011,8.183349999999999,25.833304166666668,9,2020
2021-08-27,18.72021523528963,6.036175021198233,-14.267365,-6.1710875,25.833304166666668,9,2020
2021-08-28,9.435045456659509,13.073928676293235,-20.833282,-14.069154166666666,25.833304166666668,9,2020
2021-08-29,-4.62225399993622,10.696057556900541,-40.158424,-20.94768333333333,25.833304166666668,9,2020
2021-08-30,19.23109325760356,12.91717087145662,14.743201,11.996829166666666,25.833304166666668,9,2020
2021-08-31,45.42797878561237,40.19422242976282,116.47719,120.64176666666668,25.833304166666668,9,2020
2021-09-01,49.14364769729082,53.880364147936234,176.9298,153.19892083333335,25.833304166666668,9,2020
2021-09-02,70.58293625965325,65.47575295634124,122.56643,100.29932083333334,25.833304166666668,9,2020
2021-09-03,55.10344151968957,65.63146840468198,36.533974,45.40412083333334,25.833304166666668,9,2020
2021-09-04,41.795628841346456,51.52819583338305,-0.55032134,33.36579166666667,25.833304166666668,9,2020
2021-09-05,53.27321930999324,45.51894479187274,,42.890175,25.833304166666668,9,2020
2021-09-06,64.94174370798055,37.73779064471944,30.310968,36.885325,25.833304166666668,9,2020
2021-09-07,70.54946956817366,25.63889171645576,1.2318122,33.84925,25.833304166666668,9,2020
2021-09-08,75.88966591648477,41.12033577435034,39.5965,106.56995416666666,25.833304166666668,9,2020
2021-09-09,86.48275291030677,30.17233010313737,116.683975,70.0049375,25.833304166666668,9,2020
2021-09-10,66.85001282398707,24.411950948650997,-1.6521778,25.2899625,25.833304166666668,9,2020
2021-09-11,72.25061020725298,36.78609319781151,21.321089,31.798925,25.833304166666668,9,2020
2021-09-12,82.40932758914005,58.566402041832134,,111.06625416666668,25.833304166666668,9,2020
2021-09-13,104.33297065234092,72.88667765586615,87.94635,98.75915,25.833304166666668,9,2020
2021-09-14,102.0635565408711,99.39735700257734,160.95181,98.8482375,25.833304166666668,9,2020
2021-09-15,102.7076660851535,80.63659820268049,342.51797,179.22860833333334,25.833304166666668,9,2020
2021-09-16,97.37103081241548,58.898583622634305,97.04334,72.29767083333333,25.833304166666668,9,2020
2021-09-17,88.07963564307647,115.23250303704208,44.757053,37.6801,25.833304166666668,9,2020
2021-09-18,93.64020321810222,147.51868312633724,43.410305,44.73857083333333,25.833304166666668,9,2020
2021-09-19,113.83992217746345,32.539080280271605,68.9536,53.92227083333333,25.833304166666668,9,2020
2021-09-20,105.99105937152308,31.577118774914993,,69.05282916666667,25.833304166666668,9,2020
2021-09-21,74.62745009851096,36.926329095770484,52.84324,40.4710625,25.833304166666668,9,2020
2021-09-22,68.845398460654,31.933337615835512,,41.70057916666666,25.833304166666668,9,2020
2021-09-23,61.00820374139607,17.931652144166378,76.34582,44.450525,25.833304166666668,9,2020
2021-09-24,53.32384964384437,31.111458066108412,-16.180027,14.492383333333336,25.833304166666668,9,2020
2021-09-25,59.290611675059836,41.99214828062884,4.830455,16.699708333333334,25.833304166666668,9,2020
2021-09-26,41.229882434304045,38.78384732067991,40.120388,32.1046,25.833304166666668,9,2020
2021-09-27,27.0563055139761,36.61887751556924,85.75259,68.80975833333333,25.833304166666668,9,2020
2021-09-28,24.97455359366404,46.05302451985415,35.490463,36.60438333333334,25.833304166666668,9,2020
2021-09-29,29.862188241624267,37.524339403923136,35.92459,41.67102916666666,25.833304166666668,9,2020
2021-09-30,41.30162512401375,20.068284504931512,-1.4278463,20.053700000000003,25.833304166666668,9,2020
2021-10-01,42.287946611962525,15.474816956030736,18.809053,30.654254166666664,25.833304166666668,9,2020
2021-10-02,59.762830698046855,26.876790210555214,-14.509738,9.6186125,25.833304166666668,9,2020
2021-10-03,54.3543303236263,2.7043065935899904,25.284002,20.538666666666668,25.833304166666668,9,2020
2021-10-04,37.213367552139744,3.262252946818535,,19.0536625,25.833304166666668,9,2020
2021-10-05,29.869259387781767,19.984116999980074,-70.66991,-34.79866666666667,25.833304166666668,9,2020
2021-10-06,32.3412949899066,14.09811997728957,100.344925,74.21783333333333,25.833304166666668,9,2020
2021-10-07,61.25668149896205,20.504816728386345,54.457794,99.886225,25.833304166666668,9,2020
2021-10-08,70.99997530379915,42.90972153538496,55.032547,45.3149125,25.833304166666668,9,2020
2021-10-09,65.53212552455398,53.69081477219743,141.23177,96.11186666666669,25.833304166666668,9,2020
2021-10-10,60.69726991151333,38.69227713714457,-33.411755,28.886545833333333,25.833304166666668,9,2020
2021-10-11,44.96164202886496,30.22829741353098,,92.1489375,25.833304166666668,9,2020
2021-10-12,71.67693577024329,40.45162142353013,,37.175275,25.833304166666668,9,2020
2021-10-13,63.985094140353795,43.7617329776956,,33.146225,25.833304166666668,9,2020
2021-10-14,52.30273904416413,43.06061840334087,10.215387,23.612166666666667,25.833304166666668,9,2020
2021-10-15,65.17127357593472,40.74205866687214,34.97297,32.502408333333335,25.833304166666668,9,2020
2021-10-16,76.09586702998149,59.66245658978414,23.485163,32.4953,25.833304166666668,9,2020
2021-10-17,79.07301894542661,117.17391241260066,40.46259,36.8205875,25.833304166666668,9,2020
2021-10-18,76.75994085419552,152.79038812112594,7.9070706,23.87035416666667,25.833304166666668,9,2020
2021-10-19,64.6559859405088,119.63213029961116,4.8935924,18.44909583333333,25.833304166666668,9,2020
2021-10-20,79.20664459685304,99.27371349111672,23.21952,27.483604166666662,25.833304166666668,9,2020
2021-10-21,88.36209941564312,74.53282193406358,82.34508,61.34241666666667,25.833304166666668,9,2020
2021-10-22,91.96345594669856,68.51465614789595,20.160007,22.47417083333333,25.833304166666668,9,2020
2021-10-23,83.75962067628825,112.39860651488561,5.238968,6.7712916666666665,25.833304166666668,9,2020
2021-10-24,67.08878665061638,80.86053792387565,-2.9388368,2.141625000000001,25.833304166666668,9,2020
2021-10-25,34.20313194631183,14.319856282973888,5.549181,3.546645833333334,25.833304166666668,9,2020
2021-10-26,45.06658061993255,19.934530877351676,-15.820459,-11.200291666666669,25.833304166666668,9,2020
2021-10-27,64.84838046725235,34.7302397560228,0.26557082,0.6366916666666667,25.833304166666668,9,2020
2021-10-28,48.99246891085204,56.70027602956088,15.171722,10.232666666666669,25.833304166666668,9,2020
2021-10-29,48.35026231632901,61.07076553314391,51.199505,50.94795,25.833304166666668,9,2020
2021-10-30,52.39884913537344,30.349774604017966,5.187646,4.0250208333333335,25.833304166666668,9,2020
2021-10-31,55.75139962220851,48.25258127146844,7.4265747,16.635833333333334,25.833304166666668,9,2020
2021-11-01,60.131005108313275,17.70427746882467,3.607807,3.2553749999999995,25.833304166666668,9,2020
2021-11-02,67.68803777103903,12.232301849677242,10.703484,6.989004166666667,25.833304166666668,9,2020
2021-11-03,51.639731687895164,-5.221401255654655,3.215175,2.000525,25.833304166666668,9,2020
2021-11-04,46.27756331782541,-8.586888462345087,-10.934441,-4.285950000000001,25.833304166666668,9,2020
2021-11-05,43.4917218412736,-3.4542397592317684,0.07639665,1.5757916666666665,25.833304166666668,9,2020
2021-11-06,34.38123557075065,-3.8816059225396202,9.106094,4.817541666666666,25.833304166666668,9,2020
2021-11-07,33.81590207227566,-0.7070109138353473,-7.3149023,-2.6565041666666667,25.833304166666668,9,2020
2021-11-08,40.30542350607652,14.92704934381527,8.646872,4.6616875,25.833304166666668,9,2020
2021-11-09,30.327224834842127,20.756156329498822,-2.0649443,-2.9050291666666666,25.833304166666668,9,2020
2021-11-10,36.08453441637357,27.88832763754249,-0.8466202,-1.8906458333333327,25.833304166666668,9,2020
2021-11-11,36.729099296100344,27.717014863664303,-0.80976355,-1.6803791666666668,25.833304166666668,9,2020
2021-11-12,28.150246600670016,17.058875179920165,-24.08107,-14.382508333333334,25.833304166666668,9,2020
2021-11-13,28.304516289422622,16.162763897035916,-1.0417869,-2.848433333333333,25.833304166666668,9,2020
2021-11-14,38.56508692424404,40.138844922511,-9.700141,-7.263220833333334,25.833304166666668,9,2020
2021-11-15,55.70128490242473,60.196695824275594,4.195053,-1.6237624999999998,25.833304166666668,9,2020
2021-11-16,63.339723381805925,37.132886780506226,-10.767586,-7.487695833333333,25.833304166666668,9,2020
2021-11-17,24.15398023532879,15.899675528622538,2.010639,0.3594291666666668,25.833304166666668,9,2020
2021-11-18,15.41173398603496,23.907904812729498,6.3813524,6.264679166666667,25.833304166666668,9,2020
2021-11-19,21.056911418368486,39.58343398090142,8.141529,5.4829875,25.833304166666668,9,2020
2021-11-20,10.772926711654009,36.926493702779396,90.60411,37.93015,25.833304166666668,9,2020
2021-11-21,-9.018420342182708,11.987752403602826,-11.856365,-4.275383333333333,25.833304166666668,9,2020
2021-11-22,6.163824742678571,29.74166994492441,42.368473,21.704529166666664,25.833304166666668,9,2020
2021-11-23,20.232632779446703,52.510030737055104,-8.746584,-1.1871999999999998,25.833304166666668,9,2020
2021-11-24,6.846499622581405,35.65090298572932,10.348221,7.8378,25.833304166666668,9,2020
2021-11-25,0.37962904057030755,3.6527916535746954,1.2222365,2.4272000000000005,25.833304166666668,9,2020
2021-11-26,-5.428748590351461,12.095074318686784,6.005075,9.119895833333333,25.833304166666668,9,2020
2021-11-27,12.698684047232746,20.730047339476755,-112.41942,-62.32823333333334,25.833304166666668,9,2020
2021-11-28,8.051391397462794,12.352736683668354,6.6819267,7.688029166666666,25.833304166666668,9,2020
2021-11-29,11.52421350232521,27.251986616717318,4.9134946,3.912475,25.833304166666668,9,2020
2021-11-30,22.560891810034946,29.34017814869071,-2.1034856,3.5901,25.833304166666668,9,2020
2021-12-01,18.012729674167417,37.80761369212803,,19.38818333333333,25.833304166666668,9,2020
2021-12-02,8.716446372186283,47.14092476116184,-3.80687,0.0211333333333332,25.833304166666668,9,2020
2021-12-03,37.305462159695026,88.8315011085283,,29.48494583333333,25.833304166666668,9,2020
2021-12-04,26.206585586702204,56.040204705912856,-22.297094,-0.461587500000002,25.833304166666668,9,2020
2021-12-05,45.78476702767921,58.469503691706905,64.563255,52.084575,25.833304166666668,9,2020
2021-12-06,38.69330419214384,105.38292410943632,-3.7963078,13.645720833333334,25.833304166666668,9,2020
2021-12-07,43.41111541189525,108.2203520315361,-56.11897,-13.4296625,25.833304166666668,9,2020
2021-12-08,46.10686074908449,82.14345991252549,34.56838,26.3705125,25.833304166666668,9,2020
2021-12-09,37.200858810507555,102.7189799190055,15.9284315,17.863945833333332,25.833304166666668,9,2020
2021-12-10,40.4652610848658,69.7459610880046,24.489275,21.611975,25.833304166666668,9,2020
2021-12-11,40.32979832648357,92.82588538978735,16.93453,15.945083333333336,25.833304166666668,9,2020
2021-12-12,50.395636551353164,78.1373315007827,23.87432,16.437304166666667,25.833304166666668,9,2020
2021-12-13,66.4770680562342,56.385016976638326,39.585457,28.450716666666665,25.833304166666668,9,2020
2021-12-14,55.03703858861263,22.701877945009187,-18.902592,-2.458016666666666,25.833304166666668,9,2020
2021-12-15,60.34189497131456,1.6164573572709742,20.402775,19.26664166666667,25.833304166666668,9,2020
2021-12-16,72.85120414992298,14.542553337172194,,29.227079166666663,25.833304166666668,9,2020
2021-12-17,34.90698203584179,21.21431642861944,,7.915641666666667,9.767054166666666,2,2021
2021-12-18,23.09242695517014,24.538483925655896,,7.511141666666667,9.767054166666666,2,2021
2021-12-19,47.38000615475676,31.086828717950652,,9.4536,9.767054166666666,2,2021
2021-12-20,15.615490590250829,30.599403651524085,,8.070612500000001,9.767054166666666,2,2021
2021-12-21,-2.6028431687072953,33.53034929259309,,15.327129166666666,9.767054166666666,2,2021
2021-12-22,21.11037579024878,21.427295804264304,,12.203404166666669,9.767054166666666,2,2021
2021-12-23,7.602752291377328,16.772646930384326,,9.798145833333333,9.767054166666666,2,2021
2021-12-24,-0.3483938133740594,26.252102088201468,,16.678820833333333,9.767054166666666,2,2021
2021-12-25,7.604622774424115,39.45309027952601,,16.090841666666666,9.767054166666666,2,2021
2021-12-26,-6.4776304247807275,-8.899223470246397,,14.676816666666667,9.767054166666666,2,2021
2021-12-27,6.922272132443595,9.603343070598385,,17.7266375,9.767054166666666,2,2021
2021-12-28,18.87731406125704,10.370789873482408,,37.08269166666667,9.767054166666666,2,2021
2021-12-29,33.13202737086294,22.469237469408654,,25.336775,9.767054166666666,2,2021
2021-12-30,-28.484195869423274,12.61062939908743,,18.903054166666667,9.767054166666666,2,2021
2021-12-31,5.999264472931372,9.074434977947021,,58.73559166666666,9.767054166666666,2,2021
2022-01-01,-33.95088811043843,4.785018079258407,,18.1311875,9.767054166666666,2,2021
2022-01-02,-13.26232677993903,11.006187653956204,,41.605175,9.767054166666666,2,2021
2022-01-03,-22.064642980794815,2.9850980711535158,,20.293916666666668,9.767054166666666,2,2021
2022-01-04,-29.708494880185754,-3.5286791716698644,,24.834725,9.767054166666666,2,2021
2022-01-05,-35.354371923018334,2.1912501179676838,,14.678420833333334,9.767054166666666,2,2021
2022-01-06,-11.401323994230552,21.894257668147475,,30.278325,9.767054166666666,2,2021
2022-01-07,-46.85956169564997,-1.5770395828467372,,13.703954166666668,9.767054166666666,2,2021
2022-01-08,-9.66782481944847,10.458045645726997,,40.4031375,9.767054166666666,2,2021
2022-01-09,-40.413023499553674,6.50535503264291,,8.358441666666666,9.767054166666666,2,2021
2022-01-10,-22.630311670864103,13.41244313181005,,12.116266666666666,9.767054166666666,2,2021
2022-01-11,-12.427182652147167,12.212796733569576,,13.289508333333332,9.767054166666666,2,2021
2022-01-12,-31.764460611771938,7.536825139699886,,10.575875,9.767054166666666,2,2021
2022-01-13,-26.313829742533926,-1.2409269572954145,,17.427479166666668,9.767054166666666,2,2021
2022-01-14,-30.36462335604665,-0.045497505061575794,,13.748075,9.767054166666666,2,2021
2022-01-15,-13.797796314697734,2.6864973832134638,,14.392433333333337,9.767054166666666,2,2021
2022-01-16,-34.83080975352277,5.159437253515534,,8.1168125,9.767054166666666,2,2021
2022-01-17,-11.336594659772345,3.0213354840389,,17.632416666666668,9.767054166666666,2,2021
2022-01-18,4.750944211432397,-1.394003670823622,,11.336687500000002,9.767054166666666,2,2021
2022-01-19,20.18553305115438,0.613215423715701,,9.723770833333331,9.767054166666666,2,2021
2022-01-20,-8.862809040037973,-0.15235302868495637,,10.7882875,9.767054166666666,2,2021
2022-01-21,-25.17143074656451,1.3850030847324888,,10.801233333333334,9.767054166666666,2,2021
2022-01-22,-55.102841455473026,-3.3294756774757843,,8.333216666666667,9.767054166666666,2,2021
2022-01-23,-53.36946422595793,6.766561794520385,,12.168533333333334,9.767054166666666,2,2021
2022-01-24,6.651882105218647,2.1914940085016497,,11.9275125,9.767054166666666,2,2021
2022-01-25,23.006437840214858,-3.7056335552169912,,13.578129166666663,9.767054166666666,2,2021
2022-01-26,-7.892887856201924,0.1552991450398622,,8.6922625,9.767054166666666,2,2021
2022-01-27,-24.9323157466024,9.197285000136617,,12.173508333333332,9.767054166666666,2,2021
2022-01-28,-18.087582982905587,9.040538127444051,,17.457058333333332,9.767054166666666,2,2021
2022-01-29,-9.09908389539487,11.264029119836778,,36.55660833333334,9.767054166666666,2,2021
2022-01-30,-17.468435392686843,13.368808361680749,,31.25487916666667,9.767054166666666,2,2021
2022-01-31,-3.5140339384770414,-1.3041929485498258,,10.367804166666668,9.767054166666666,2,2021
2022-02-01,26.117972620530736,9.555294668547958,,11.311770833333334,9.767054166666666,2,2021
2022-02-02,35.7187136558025,10.719043920535114,,8.481779166666668,9.767054166666666,2,2021
2022-02-03,14.324680270644876,15.23799918200939,,12.622066666666669,9.767054166666666,2,2021
2022-02-04,27.653781799230728,5.550456718955502,,17.872766666666667,9.767054166666666,2,2021
2022-02-05,15.055319271491499,10.336501618009606,,19.53452916666667,9.767054166666666,2,2021
2022-02-06,46.85140980927986,8.361550814601287,,50.062804166666666,9.767054166666666,2,2021
2022-02-07,6.736614397180347,5.368034466985591,,11.570870833333332,9.767054166666666,2,2021
2022-02-08,35.51135458016415,12.625608998334883,,14.727845833333332,9.767054166666666,2,2021
2022-02-09,18.518970026791067,4.657459396275954,,11.594458333333334,9.767054166666666,2,2021
2022-02-10,35.233670209943,3.2105394663403786,,16.93657083333333,9.767054166666666,2,2021
2022-02-11,13.225103731977924,16.839764031844425,,11.402979166666666,9.767054166666666,2,2021
2022-02-12,-23.021814983653712,12.389656707877748,,18.623366666666666,9.767054166666666,2,2021
2022-02-13,-37.57924365053077,2.193700824462212,,37.80518333333333,9.767054166666666,2,2021
2022-02-14,20.88655705385645,0.7873493312490609,,32.7622625,9.767054166666666,2,2021
2022-02-15,19.93697122671938,15.846665379845035,,45.62210416666667,9.767054166666666,2,2021
2022-02-16,9.567412487739603,21.688787760717787,,82.84893749999999,9.767054166666666,2,2021
2022-02-17,-9.079490044593513,7.360368371516415,,30.521275,9.767054166666666,2,2021
2022-02-18,16.94586133126745,20.456050924223746,,43.11265,9.767054166666666,2,2021
2022-02-19,50.638649214525685,33.37825797549647,,42.157075,9.767054166666666,2,2021
2022-02-20,70.85560492670083,42.91401054261769,,83.41421666666666,9.767054166666666,2,2021
2022-02-21,30.64009157493956,22.905079687901434,,38.42126666666667,9.767054166666666,2,2021
2022-02-22,27.63504549901654,41.581526411449886,,35.60292916666666,9.767054166666666,2,2021
2022-02-23,-26.120471753718448,23.99580388527204,,16.764370833333334,9.767054166666666,2,2021
2022-02-24,8.000647896387818,24.72131430089837,,36.9496375,9.767054166666666,2,2021
2022-02-25,-6.435677319220304,17.893390807168544,,15.303854166666667,9.767054166666666,2,2021
2022-02-26,3.826878381700226,38.079607952912625,,15.400679166666668,9.767054166666666,2,2021
2022-02-27,1.800391934977597,34.51996857076517,,14.6327875,9.767054166666666,2,2021
2022-02-28,-17.96062615882147,28.75385939526484,,14.733391666666668,9.767054166666666,2,2021
2022-03-01,40.402507448491406,59.31755090461729,,26.905083333333334,9.767054166666666,2,2021
2022-03-02,37.74756918436515,35.122776478637775,,19.9594,9.767054166666666,2,2021
2022-03-03,31.22811398797657,18.679949580363427,,12.904275,9.767054166666666,2,2021
2022-03-04,11.16033040514094,7.514518990137731,,14.974316666666668,9.767054166666666,2,2021
2022-03-05,11.432030360556382,11.91401312772905,,20.3231125,9.767054166666666,2,2021
2022-03-06,44.05665441255064,27.388293676709623,,18.2246625,9.767054166666666,2,2021
2022-03-07,57.87836466483941,42.0046056809515,,21.3497125,9.767054166666666,2,2021
2022-03-08,38.351938286684,17.8318674531165,,13.470645833333334,9.767054166666666,2,2021
2022-03-09,7.002262327006974,5.941409311184543,,11.229133333333335,9.767054166666666,2,2021
2022-03-10,-15.072702611258137,2.4648716947676803,,7.976458333333333,9.767054166666666,2,2021
2022-03-11,-29.452024315129165,-11.927958397710427,,22.14957083333333,9.767054166666666,2,2021
2022-03-12,-52.888260335006635,-8.989061728548222,,23.11939166666667,9.767054166666666,2,2021
2022-03-13,-50.15567145526984,2.842469313402944,,11.61195,9.767054166666666,2,2021
2022-03-14,-24.09949644631979,1.1555571643266376,,19.985458333333334,9.767054166666666,2,2021
2022-03-15,-25.16605728738068,4.989901862662919,,11.507408333333332,9.767054166666666,2,2021
2022-03-16,-26.03031879795344,5.771748041346655,,13.247791666666666,9.767054166666666,2,2021
2022-03-17,-64.65321712862169,8.13694926826929,,12.351070833333331,9.767054166666666,2,2021
2022-03-18,-67.74918716909451,14.268797868620368,,14.165095833333332,9.767054166666666,2,2021
2022-03-19,-35.9269718247142,9.180370011490595,,18.96676666666667,9.767054166666666,2,2021
2022-03-20,-17.935088459684266,13.48135204195114,,16.017645833333333,9.767054166666666,2,2021
2022-03-21,17.14088131606036,11.010632755623647,,12.034808333333332,9.767054166666666,2,2021
2022-03-22,-9.520935844790074,15.441220969436472,,17.350745833333335,9.767054166666666,2,2021
2022-03-23,-7.954249927804085,18.14611647241327,,23.211670833333333,9.767054166666666,2,2021
2022-03-24,-29.378829618911368,13.654836885966688,,19.111083333333333,9.767054166666666,2,2021
2022-03-25,-24.078183560625803,14.304580937043283,,14.0834,9.767054166666666,2,2021
2022-03-26,-23.361774785692432,8.096353295518838,,20.578320833333333,9.767054166666666,2,2021
2022-03-27,5.931285887165814,16.635299189437774,,22.21033333333333,9.767054166666666,2,2021
2022-03-28,10.96871898724612,18.574006679383274,,15.626570833333332,9.767054166666666,2,2021
2022-03-29,25.728494189230787,6.391513225336894,,18.1914,9.767054166666666,2,2021
2022-03-30,-15.734212413739442,7.342749247296524,,13.6989625,9.767054166666666,2,2021
2022-03-31,-0.5130513935473573,-6.151812339993739,,16.180633333333333,9.767054166666666,2,2021
2022-04-01,-24.452354910630675,0.5103565578747293,,15.9046875,9.767054166666666,2,2021
2022-04-02,-16.251925144138113,9.993345669860446,,14.282958333333331,9.767054166666666,2,2021
2022-04-03,6.769881852756953,1.4070515757466637,,17.612933333333334,9.767054166666666,2,2021
2022-04-04,14.476972207374274,3.827413367387635,,10.874225,9.767054166666666,2,2021
2022-04-05,4.219113366091733,1.3247935925892307,,11.0362625,9.767054166666666,2,2021
2022-04-06,-16.612277341791014,11.783571029240193,,10.436108333333332,9.767054166666666,2,2021
2022-04-07,-24.156621903323867,-1.668242841395113,,10.4105,9.767054166666666,2,2021
2022-04-08,-17.640295611048714,-1.2829469360667645,,23.673758333333332,9.767054166666666,2,2021
2022-04-09,-34.56109829270281,4.829642179537586,,10.7297375,9.767054166666666,2,2021
2022-04-10,-17.887262312717212,14.4310381789046,,12.025541666666667,9.767054166666666,2,2021
2022-04-11,-14.380682889721356,14.369107685009567,,9.680825,9.767054166666666,2,2021
2022-04-12,-9.485473374407775,20.216247523560924,,11.770895833333334,9.767054166666666,2,2021
2022-04-13,-27.526512483186707,6.8456098635533635,,12.6686125,9.767054166666666,2,2021
2022-04-14,-43.53139999940504,-10.592555447571613,,24.9423875,9.767054166666666,2,2021
2022-04-15,-45.25697273183323,-22.650826011745266,,28.4409375,9.767054166666666,2,2021
2022-04-16,-39.017340250342386,0.43435712051632436,,28.8371875,9.767054166666666,2,2021
2022-04-17,-23.502999206013556,1.0305396633593773,,15.458795833333332,9.767054166666666,2,2021
2022-04-18,-43.10546485042505,1.1222582390037132,,13.303033333333332,9.767054166666666,2,2021
2022-04-19,-58.288791368106104,-10.6240605973544,,14.896820833333331,9.767054166666666,2,2021
2022-04-20,-52.22807226187069,-4.451564885915104,,31.926058333333334,9.767054166666666,2,2021
2022-04-21,-49.17258018259963,14.991223265677945,,27.163391666666666,9.767054166666666,2,2021
2022-04-22,-1.6461274771700118,8.286623315476845,,23.6029625,9.767054166666666,2,2021
2022-04-23,-20.324562695313944,22.194105344785385,,21.63905,9.767054166666666,2,2021
2022-04-24,-16.293921520599724,11.693282360194189,,47.158191666666674,9.767054166666666,2,2021
2022-04-25,-30.961628046012265,15.680990933493831,,18.082766666666668,9.767054166666666,2,2021
2022-04-26,-14.207780236012695,18.391110414359446,,16.126708333333333,9.767054166666666,2,2021
2022-04-27,5.793546741249429,12.93086947133952,,16.888895833333333,9.767054166666666,2,2021
2022-04-28,-3.270131603356276,23.391161389532044,,17.48165,9.767054166666666,2,2021
2022-04-29,-7.365258221994736,12.46249540259032,,26.935104166666665,9.767054166666666,2,2021
2022-04-30,4.9449256945968045,20.43039914725614,,33.3212125,9.767054166666666,2,2021
2022-05-01,5.004340575645529,32.25538202339919,,44.15317916666667,9.767054166666666,2,2021
2022-05-02,6.539550845735903,-3.1542993345956347,,16.618441666666666,9.767054166666666,2,2021
2022-05-03,-0.04600888843924622,-4.694298906703807,,24.5187875,9.767054166666666,2,2021
2022-05-04,-2.3813394255284948,-4.345260082852292,,15.954816666666666,9.767054166666666,2,2021
2022-05-05,3.0508088683250207,-11.120472243213953,,34.26819583333333,9.767054166666666,2,2021
2022-05-06,7.575212329630631,10.78584632453203,,16.233395833333333,9.767054166666666,2,2021
2022-05-07,-0.07679416777500592,-6.585158614231659,,20.57797083333333,9.767054166666666,2,2021
2022-05-08,-13.246403088302031,38.162505165292146,,18.97160833333333,9.767054166666666,2,2021
2022-05-09,-4.374460073717273,27.67510697779437,,10.619854166666666,9.767054166666666,2,2021
2022-05-10,-1.540813971116222,5.554154414147888,,11.529404166666666,9.767054166666666,2,2021
2022-05-11,-2.2338092547888664,3.8274212348242145,,8.414620833333334,9.767054166666666,2,2021
2022-05-12,-7.601478005295576,-11.525562618976437,,7.485495833333334,9.767054166666666,2,2021
2022-05-13,-9.524224433280324,-14.871103482625585,,8.615425,9.767054166666666,2,2021
2022-05-14,-0.8791350187484568,-1.740037133901751,,15.478741666666666,9.767054166666666,2,2021
2022-05-15,0.34933373340118123,28.991762809993702,,30.113266666666664,9.767054166666666,2,2021
2022-05-16,-34.05042298432454,16.245357562809204,,20.819075,9.767054166666666,2,2021
2022-05-17,-21.947748608095935,10.91115688751188,,23.670304166666668,9.767054166666666,2,2021
2022-05-18,-49.10883034399558,15.077373663083108,,35.54980833333333,9.767054166666666,2,2021
2022-05-19,-39.399516717066945,-10.536527497970383,,48.190625,9.767054166666666,2,2021
2022-05-20,-33.7083940464654,4.891023919731197,,52.1678125,9.767054166666666,2,2021
2022-05-21,-29.99251720814391,-8.497000775117158,,51.7625875,9.767054166666666,2,2021
2022-05-22,-36.50545656897157,-11.484502467467792,,77.26997916666666,9.767054166666666,2,2021
2022-05-23,-13.222344467241783,-2.786366861798342,,16.326041666666665,9.767054166666666,2,2021
2022-05-24,-19.445459265633872,-9.931808786438523,,28.39925,9.767054166666666,2,2021
2022-05-25,-32.526756210555504,11.165963489731894,,28.906658333333336,9.767054166666666,2,2021
2022-05-26,-31.31190992484335,8.425041027798216,,36.21583333333333,9.767054166666666,2,2021
2022-05-27,-19.897097329919234,-13.464012450373957,,51.3494375,9.767054166666666,2,2021
2022-05-28,-23.65942744752465,-0.0061327861358222435,,68.6021375,9.767054166666666,2,2021
2022-05-29,19.766664827081968,64.19413229696966,,29.597458333333336,9.767054166666666,2,2021
2022-05-30,0.07567675313657674,15.08356533567121,,18.39615833333333,9.767054166666666,2,2021
2022-05-31,-14.545950196229569,3.9713127161458033,,9.014383333333331,9.767054166666666,2,2021
2022-06-01,-32.18720551521892,7.913024321483135,,13.454025,9.767054166666666,2,2021
2022-06-02,-25.889357936757733,27.256607539811625,,14.172016666666666,9.767054166666666,2,2021
2022-06-03,-19.515467650036953,37.0926203322764,,20.88018333333333,9.767054166666666,2,2021
2022-06-04,23.38108910385108,75.63042299375593,,37.02615,9.767054166666666,2,2021
2022-06-05,-2.0860941992896187,43.44226563803295,,26.8501625,9.767054166666666,2,2021
2022-06-06,-23.465125366319626,-10.371972194472619,,24.165604166666668,9.767054166666666,2,2021
2022-06-07,-22.656038188479215,32.59936110210049,,20.2296,9.767054166666666,2,2021
2022-06-08,-20.430190898830915,-9.670161448112594,,9.552358333333332,9.767054166666666,2,2021
2022-06-09,-9.165776155279673,14.130500134706836,,26.823287500000003,9.767054166666666,2,2021
2022-06-10,6.420300175781449,13.58942701824435,,23.166908333333332,9.767054166666666,2,2021
2022-06-11,-21.232063637327883,10.026508881902373,,23.4058375,9.767054166666666,2,2021
2022-06-12,-0.5128783099426073,-5.345604643941442,,8.603620833333332,9.767054166666666,2,2021
2022-06-13,5.756795978127229,-5.977969527613823,,22.003891666666664,9.767054166666666,2,2021
2022-06-14,1.400128231556664,8.184867857616155,,8.335433333333333,9.767054166666666,2,2021
2022-06-15,-4.085811693050346,0.27198896438767406,,11.076583333333334,9.767054166666666,2,2021
2022-06-16,17.467341580358152,32.48115434263718,,25.8327875,9.767054166666666,2,2021
2022-06-17,21.88937690717944,13.66103642599137,,31.556425,9.767054166666666,2,2021
2022-06-18,37.786148634777305,42.83314312887569,,18.7468625,9.767054166666666,2,2021
2022-06-19,19.819483845988316,13.687197619477502,,25.82132083333333,9.767054166666666,2,2021
2022-06-20,7.164764229557477,17.12013586922967,,40.579770833333335,9.767054166666666,2,2021
2022-06-21,-22.510970525388984,29.160990387390143,,15.418970833333333,9.767054166666666,2,2021
2022-06-22,13.653530891494484,35.243753067491866,,22.137304166666667,9.767054166666666,2,2021
2022-06-23,-17.186501869140557,51.62841207341535,,19.93200416666667,9.767054166666666,2,2021
2022-06-24,23.35136592845356,58.350263345176245,,48.70947916666666,9.767054166666666,2,2021
2022-06-25,0.7401211094620521,10.161606535987175,,26.2950625,9.767054166666666,2,2021
2022-06-26,7.154902397805017,3.6384690104932815,,37.83319166666667,9.767054166666666,2,2021
2022-06-27,0.8947477079964301,18.67763655400904,,33.85839583333333,9.767054166666666,2,2021
2022-06-28,16.526406983169863,-4.221489570582889,,48.0397,9.767054166666666,2,2021
2022-06-29,27.458527266484793,-7.854510500566903,,41.94915833333334,9.767054166666666,2,2021
2022-06-30,34.147566410561126,-13.802638721912444,,42.11911666666666,9.767054166666666,2,2021
2022-07-01,38.82536374143206,7.482899762524539,,47.91625,9.767054166666666,2,2021
2022-07-02,30.473261598840736,6.954194256365099,,39.554125,9.767054166666666,2,2021
2022-07-03,38.93098997808988,4.216800339737347,,38.57859583333333,9.767054166666666,2,2021
2022-07-04,42.48435999671301,-3.1082394271406883,,45.877525,9.767054166666666,2,2021
2022-07-05,58.640266891794,17.162549219829998,,31.330625,9.767054166666666,2,2021
2022-07-06,62.087578948177,27.25937491062848,,15.8576375,9.767054166666666,2,2021
2022-07-07,74.11924970927521,23.800031576856213,,6.298866666666666,9.767054166666666,2,2021
2022-07-08,53.73401739610017,14.527603095481936,,5.4605125,9.767054166666666,2,2021
2022-07-09,55.82271953129384,14.033276320315963,,6.172675000000001,9.767054166666666,2,2021
2022-07-10,57.543325944381195,-7.723175448026268,,3.803775,9.767054166666666,2,2021
2022-07-11,74.70872132871591,-13.640809485189493,,5.088029166666667,9.767054166666666,2,2021
2022-07-12,103.21071322036005,5.780937207271563,,30.632575,9.767054166666666,2,2021
2022-07-13,86.79907136554266,22.342707453758976,,2.7763875,9.767054166666666,2,2021
2022-07-14,78.54054057991016,38.95279703714402,,3.5921791666666665,9.767054166666666,2,2021
2022-07-15,65.80176822135218,54.79777152916131,,7.591770833333334,9.767054166666666,2,2021
2022-07-16,54.355953992586365,34.96660687910423,,6.640325,9.767054166666666,2,2021
2022-07-17,51.86256665461406,21.87766327754207,,2.7378750000000003,9.767054166666666,2,2021
2022-07-18,61.919445927894685,36.53822666225517,,3.4157,9.767054166666666,2,2021
2022-07-19,51.9901686084977,40.75744389948886,,2.3242875,9.767054166666666,2,2021
2022-07-20,67.576138729165,40.235948898954575,,1.5863333333333334,9.767054166666666,2,2021
2022-07-21,82.73851819695301,84.75594529045429,,3.9959166666666666,9.767054166666666,2,2021
2022-07-22,55.20803671133399,87.09446607307655,,6.121020833333334,9.767054166666666,2,2021
2022-07-23,63.77301988661293,44.49955077136656,,7.3989,9.767054166666666,2,2021
2022-07-24,30.402205861943003,27.479818516728187,,3.0217375000000004,9.767054166666666,2,2021
2022-07-25,40.93431469152233,35.16142624426436,,5.561179166666666,9.767054166666666,2,2021
2022-07-26,29.922658066391705,61.20897116700144,,8.406533333333334,9.767054166666666,2,2021
2022-07-27,6.630429572525372,60.32706692989905,,12.4029,9.767054166666666,2,2021
2022-07-28,-8.163169706173903,42.336159127004976,,24.337845833333333,9.767054166666666,2,2021
2022-07-29,-10.160971479127511,50.66878346348449,,50.935975000000006,9.767054166666666,2,2021
2022-07-30,-19.311531892740277,40.664010222670186,,44.36782916666667,9.767054166666666,2,2021
2022-07-31,-4.294652797054368,26.2626857572601,,44.6847,9.767054166666666,2,2021
2022-08-01,-3.9209338246528205,30.073555008272592,,52.3053875,9.767054166666666,2,2021
2022-08-02,-8.728480427878822,39.65734565143373,,44.221425,9.767054166666666,2,2021
2022-08-03,-2.71170095494017,22.084519820668902,,48.36453333333333,9.767054166666666,2,2021
2022-08-04,-9.743537095371721,3.8705347872801212,,47.705175,9.767054166666666,2,2021
2022-08-05,4.402733435280879,11.54652909881679,,45.24445416666666,9.767054166666666,2,2021
2022-08-06,5.454460224671038,21.617874621108058,,51.2598625,9.767054166666666,2,2021
2022-08-07,1.6644662331927975,18.814293927395738,,50.623491666666666,9.767054166666666,2,2021
2022-08-08,-19.487616924545364,21.269654010660815,,49.42653333333333,9.767054166666666,2,2021
2022-08-09,-15.03633538566919,27.435973292670383,,63.167008333333335,9.767054166666666,2,2021
2022-08-10,-0.24525565353451384,23.782764520423257,,60.5100125,9.767054166666666,2,2021
2022-08-11,4.1305515993749395,25.070627501600597,,48.60935,9.767054166666666,2,2021
2022-08-12,9.123864115117158,30.807944809508513,,48.81017916666667,9.767054166666666,2,2021
2022-08-13,-1.0937016497232435,31.84460840813756,,62.585141666666665,9.767054166666666,2,2021
2022-08-14,30.07715878594081,34.68824910548335,,62.814820833333336,9.767054166666666,2,2021
2022-08-15,47.825661033523374,35.8054624701025,,39.528529166666665,9.767054166666666,2,2021
2022-08-16,74.8681116600992,18.186102718828806,,18.386775,9.767054166666666,2,2021
2022-08-17,88.83392876478592,79.20704227090118,,50.686145833333335,9.767054166666666,2,2021
2022-08-18,57.4998799927298,47.62441397267776,,15.002254166666669,9.767054166666666,2,2021
2022-08-19,63.38854219468885,45.51133065152408,,12.829666666666666,9.767054166666666,2,2021
2022-08-20,63.50736015563143,51.666840567388135,,14.269641666666669,9.767054166666666,2,2021
2022-08-21,81.79811563516341,43.86330330774217,,19.607433333333333,9.767054166666666,2,2021
2022-08-22,73.35429491692776,32.42979719179027,,18.0846125,9.767054166666666,2,2021
2022-08-23,78.11506960968836,57.50802672330792,,17.378416666666666,9.767054166666666,2,2021
2022-08-24,89.07034130028296,74.54903596846088,,17.7023875,9.767054166666666,2,2021
2022-08-25,83.99798858294434,56.810240170758334,,13.794229166666668,9.767054166666666,2,2021
2022-08-26,87.07428609825001,69.33282717326529,,41.97057083333333,9.767054166666666,2,2021
2022-08-27,93.70825810341739,58.098855475558594,,20.52488333333333,9.767054166666666,2,2021
2022-08-28,88.47353722995013,51.941256755282666,,30.71215,9.767054166666666,2,2021
2022-08-29,93.4961756155426,39.85535329526772,,28.153220833333336,9.767054166666666,2,2021
2022-08-30,117.80724698075574,52.03538670023863,,15.916704166666667,9.767054166666666,2,2021
2022-08-31,109.97811694991651,84.74631554808093,,14.275295833333333,9.767054166666666,2,2021
2022-09-01,117.25468544002797,86.82273661477393,,16.932558333333333,9.767054166666666,2,2021
2022-09-02,78.59430270777648,103.90407827355193,,19.0055,9.767054166666666,2,2021
2022-09-03,71.06921763099035,56.13867971804666,,15.514475,9.767054166666666,2,2021
2022-09-04,64.72503871851222,16.48685246233663,,14.221708333333334,9.767054166666666,2,2021
2022-09-05,78.23625960275967,14.443645746023321,,12.5598375,9.767054166666666,2,2021
2022-09-06,66.2650776278033,6.724791606860435,,12.082008333333333,9.767054166666666,2,2021
2022-09-07,78.54141386537049,4.562117866086737,,12.666358333333331,9.767054166666666,2,2021
2022-09-08,70.064797737753,16.273772776875376,,14.6774125,9.767054166666666,2,2021
2022-09-09,72.0615256056135,3.920634623418664,,13.737695833333332,9.767054166666666,2,2021
2022-09-10,62.784826581320885,47.76629139023498,,16.6680625,9.767054166666666,2,2021
2022-09-11,60.44206525038226,21.883691700821146,,60.86135416666667,9.767054166666666,2,2021
2022-09-12,79.76101208277669,43.56068039285083,,18.812816666666667,9.767054166666666,2,2021
2022-09-13,112.49245527150015,69.79261590184706,,17.286779166666665,9.767054166666666,2,2021
2022-09-14,119.53230832980626,54.77649404693193,,15.887075,9.767054166666666,2,2021
2022-09-15,99.86672224171707,41.346207449637404,,18.17169583333333,9.767054166666666,2,2021
2022-09-16,72.75794322419824,28.926545694467563,,16.843645833333333,9.767054166666666,2,2021
2022-09-17,47.37042066671415,23.55649704439554,,18.219579166666666,9.767054166666666,2,2021
2022-09-18,73.40719162677033,24.918865633410746,,42.0457875,9.767054166666666,2,2021
2022-09-19,67.66388424933666,42.476246702740355,,26.06194166666667,9.767054166666666,2,2021
2022-09-20,50.73251953407453,48.49068954701488,,9.249516666666668,9.767054166666666,2,2021
2022-09-21,46.540813247415144,44.932352225621344,,8.325966666666668,9.767054166666666,2,2021
2022-09-22,48.902888151726984,47.90132610482715,,36.2089125,9.767054166666666,2,2021
2022-09-23,51.314007672246134,41.936802145649835,,7.386245833333334,9.767054166666666,2,2021
2022-09-24,55.36931129377808,42.166086783605806,,8.6756375,9.767054166666666,2,2021
2022-09-25,29.963815577428022,39.88617840350116,,10.7234,9.767054166666666,2,2021
2022-09-26,32.04254573675712,20.752464464794684,,13.348808333333332,9.767054166666666,2,2021
2022-09-27,46.04364337735524,22.948706590594156,,3.708583333333333,9.767054166666666,2,2021
2022-09-28,37.37713781702428,28.421979450593312,,2.8209875,9.767054166666666,2,2021
2022-09-29,52.45289582464193,22.896413706509065,,4.508624999999999,9.767054166666666,2,2021
2022-09-30,43.463875519457815,29.880773309186566,,11.074370833333331,9.767054166666666,2,2021
2022-10-01,42.23203950445213,6.041184141886333,,-1.2224333333333333,9.767054166666666,2,2021
2022-10-02,44.717338134191095,28.819103063389434,,0.6399125,9.767054166666666,2,2021
2022-10-03,44.736860194633664,28.077438833606152,,0.4427166666666668,9.767054166666666,2,2021
2022-10-04,28.851469205762896,17.762396021259974,,-3.2961125,9.767054166666666,2,2021
2022-10-05,39.56033376611572,7.345376971114092,,2.758845833333333,9.767054166666666,2,2021
2022-10-06,41.60130318015172,13.49881775115773,,6.161154166666667,9.767054166666666,2,2021
2022-10-07,40.275565375850874,13.472143207434783,,7.322358333333334,9.767054166666666,2,2021
2022-10-08,53.83523786827345,32.54020978017718,,8.213654166666666,9.767054166666666,2,2021
2022-10-09,36.07062212714641,26.4632660528556,,9.3123125,9.767054166666666,2,2021
2022-10-10,28.94531838157593,25.64089864206892,,4.757241666666666,9.767054166666666,2,2021
2022-10-11,55.80742523458321,26.97968557336651,,9.521166666666668,9.767054166666666,2,2021
2022-10-12,64.17918810118681,45.2030667846052,,12.62435,9.767054166666666,2,2021
2022-10-13,63.60281379679191,37.20109015554294,,8.755833333333333,9.767054166666666,2,2021
2022-10-14,66.20216960491325,28.478728254071143,,9.993495833333332,9.767054166666666,2,2021
2022-10-15,46.50530062212465,4.9484719416350345,,11.866075,9.767054166666666,2,2021
2022-10-16,49.46219995304,12.432669950517266,,13.677041666666668,9.767054166666666,2,2021
2022-10-17,63.207300058205874,20.898877459540017,,7.065641666666667,9.767054166666666,2,2021
2022-10-18,60.59325377913137,23.92293372081315,,10.1537,9.767054166666666,2,2021
2022-10-19,55.514170469798955,27.172528245086028,,3.2923,9.767054166666666,2,2021
2022-10-20,52.3719044987738,28.08609203041408,,1.112025,9.767054166666666,2,2021
2022-10-21,34.27539701182036,12.02181864431941,,4.525141666666666,9.767054166666666,2,2021
2022-10-22,52.45869805911934,27.291115100079082,,2.314554166666667,9.767054166666666,2,2021
2022-10-23,55.55564366172803,32.21375295788289,,2.891045833333333,9.767054166666666,2,2021
2022-10-24,40.70072558232778,14.277810017222237,,5.488866666666667,9.767054166666666,2,2021
2022-10-25,50.11303757780115,21.573175780181373,,6.6217958333333335,9.767054166666666,2,2021
2022-10-26,43.31741040294514,17.310771724988626,,3.276691666666667,9.767054166666666,2,2021
2022-10-27,42.63265035851214,19.135712148275616,,1.3352458333333337,9.767054166666666,2,2021
2022-10-28,42.945789085821616,19.021545809210693,,2.5571375,9.767054166666666,2,2021
2022-10-29,48.285884437976165,18.345589426310198,,0.5001125000000001,9.767054166666666,2,2021
2022-10-30,44.340176174856424,16.37269595756743,,4.6496125,9.767054166666666,2,2021
2022-10-31,44.246008859576705,14.018190510674685,,4.9433541666666665,9.767054166666666,2,2021
2022-11-01,36.13895376412847,7.596064970284715,,4.189379166666667,9.767054166666666,2,2021
2022-11-02,26.856724423635228,9.49518941993938,,9.70775,9.767054166666666,2,2021
2022-11-03,46.166514051565855,21.452715491852814,,6.869929166666666,9.767054166666666,2,2021
2022-11-04,48.65873012491738,26.369648474706878,,1.0788291666666667,9.767054166666666,2,2021
2022-11-05,50.98437191385892,25.342039312151314,,4.228908333333334,9.767054166666666,2,2021
2022-11-06,44.438115925976035,15.538293335673188,,4.560375,9.767054166666666,2,2021
2022-11-07,31.163502296280967,10.728278324220355,,8.1367875,9.767054166666666,2,2021
2022-11-08,25.133732702119914,8.814947250962177,,16.163625,9.767054166666666,2,2021
2022-11-09,25.329562049450942,9.046552782709114,,14.3550375,9.767054166666666,2,2021
2022-11-10,24.287444350413125,14.332022555832737,,8.737895833333333,9.767054166666666,2,2021
2022-11-11,26.84233881584953,16.59620393021487,,7.665025,9.767054166666666,2,2021
2022-11-12,22.166314608497714,18.10885825963169,,7.3561875,9.767054166666666,2,2021
2022-11-13,18.128588807143615,13.630321953584826,,7.958745833333334,9.767054166666666,2,2021
2022-11-14,26.287031048040717,20.508044845718814,,7.155454166666666,9.767054166666666,2,2021
2022-11-15,18.164744595374486,20.21615311432197,,16.856725,9.767054166666666,2,2021
2022-11-16,34.190053518379386,24.376381295511806,,12.838266666666668,9.767054166666666,2,2021
2022-11-17,34.56042563408852,17.846520553745904,,14.302933333333334,9.767054166666666,2,2021
2022-11-18,51.514389315068,19.605801318199156,,15.868220833333332,9.767054166666666,2,2021
2022-11-19,46.603277743568015,30.2182558521323,,2.94565,9.767054166666666,2,2021
2022-11-20,44.08868373029554,18.371974841738847,,5.091641666666667,9.767054166666666,2,2021
2022-11-21,36.44107316307873,16.372162938739166,,21.71722083333333,9.767054166666666,2,2021
2022-11-22,32.8083346003107,15.353095845449843,,21.384208333333333,9.767054166666666,2,2021
2022-11-23,22.6515977653155,9.264189680809068,,9.438154166666664,9.767054166666666,2,2021
2022-11-24,27.495538146728904,6.86936165458701,,4.397758333333333,9.767054166666666,2,2021
2022-11-25,32.45287766921203,11.510209077847321,,1.1980166666666667,9.767054166666666,2,2021
2022-11-26,11.183712426655347,24.717153410377364,,2.700904166666667,9.767054166666666,2,2021
2022-11-27,23.333978893612766,21.310069032369938,,-1.4374916666666666,9.767054166666666,2,2021
2022-11-28,19.41065742128012,23.356487629666844,,1.2687625,9.767054166666666,2,2021
2022-11-29,38.53392635449768,27.32860146852147,,-4.840479166666667,9.767054166666666,2,2021
2022-11-30,32.51715573242518,35.535735274409376,,-6.875333333333334,9.767054166666666,2,2021
2022-12-01,33.68442222027818,30.771507760419922,,-6.3652750000000005,9.767054166666666,2,2021
2022-12-02,27.25434516008022,33.512832936763516,,-1.8093708333333332,9.767054166666666,2,2021
2022-12-03,40.24426576284873,33.087959891721766,,-1.0619249999999998,9.767054166666666,2,2021
2022-12-04,36.552317241169135,34.31006044567505,,-1.5789583333333337,9.767054166666666,2,2021
2022-12-05,34.224270475208186,36.97070210960669,,-4.0016791666666665,9.767054166666666,2,2021
2022-12-06,24.631002521257415,36.28973466131981,,-2.3355083333333333,9.767054166666666,2,2021
2022-12-07,19.26063032285606,33.67381347376545,,-3.072604166666667,9.767054166666666,2,2021
2022-12-08,32.94214150308167,35.84995479081897,,-0.031925,9.767054166666666,2,2021
2022-12-09,49.66058720068895,26.41708715042239,,4.8464625,9.767054166666666,2,2021
2022-12-10,40.12830761510281,46.5532054434575,,0.6546416666666667,9.767054166666666,2,2021
2022-12-11,25.53288217983527,29.679356115024916,,3.060620833333333,9.767054166666666,2,2021
2022-12-12,30.438817961495488,30.200029951866213,,11.4204375,9.767054166666666,2,2021
2022-12-13,33.454066381660425,26.83228029818258,,5.467504166666667,9.767054166666666,2,2021
2022-12-14,29.171514558959643,24.115744922786348,,8.4050125,9.767054166666666,2,2021
2022-12-15,44.54960241945605,16.91359008984773,,9.867383333333333,9.767054166666666,2,2021
2022-12-16,43.08348299397767,16.613767982378704,,-4.744441666666666,9.767054166666666,2,2021
2021-12-17,26.028677707067686,3.893834200710444,,10.565391666666669,10.200595833333333,4,2021
2021-12-18,21.51843907360876,8.424555213589429,,10.489670833333332,10.200595833333333,4,2021
2021-12-19,23.80181600981541,13.752611420918129,,13.6321,10.200595833333333,4,2021
2021-12-20,0.6604652809533036,14.295671065116949,,12.296825,10.200595833333333,4,2021
2021-12-21,-0.11793299364944687,18.665912106646374,8.671577,9.860616666666669,10.200595833333333,4,2021
2021-12-22,43.969705470332656,19.259860297500836,5.9756374,7.490925000000001,10.200595833333333,4,2021
2021-12-23,32.23126046284631,15.161317244527709,11.89314,12.177470833333333,10.200595833333333,4,2021
2021-12-24,9.09995890907021,17.113926494909265,6.698134,6.877666666666666,10.200595833333333,4,2021
2021-12-25,-4.769668949135848,29.886524405326213,,11.6384375,10.200595833333333,4,2021
2021-12-26,-60.097680253911676,4.792972057640327,3.1120024,6.0317,10.200595833333333,4,2021
2021-12-27,-26.873468042464992,10.273408710359945,,22.56540833333333,10.200595833333333,4,2021
2021-12-28,-24.649449931821437,16.944542552210805,50.81897,33.8627125,10.200595833333333,4,2021
2021-12-29,-4.327849445701759,7.566739100434461,,20.89150833333333,10.200595833333333,4,2021
2021-12-30,-35.41028579478916,0.7363801433684785,12.518671,10.541008333333332,10.200595833333333,4,2021
2021-12-31,-24.507666923503166,-3.1142344138143017,-25.164667,20.43592083333333,10.200595833333333,4,2021
2022-01-01,-44.554119550126416,-7.01278526207625,17.893316,14.8086125,10.200595833333333,4,2021
2022-01-02,-47.355265272217366,-0.8166793734617386,9.990129,14.461654166666667,10.200595833333333,4,2021
2022-01-03,-44.251168169757875,-18.619897675595894,6.0425463,6.4486625,10.200595833333333,4,2021
2022-01-04,-42.0418897015461,-16.25197628247588,20.13568,17.9512875,10.200595833333333,4,2021
2022-01-05,-22.158359885330356,-22.9509333137903,4.480103,6.0019375,10.200595833333333,4,2021
2022-01-06,-20.341705839620772,-11.168325926209036,-17.609568,-5.582829166666667,10.200595833333333,4,2021
2022-01-07,-27.403233685703526,3.0919850645232145,-4.0945597,3.371204166666667,10.200595833333333,4,2021
2022-01-08,-18.386927143602406,1.4291079341974182,40.973732,32.45062083333333,10.200595833333333,4,2021
2022-01-09,-24.084906285183024,-28.76562587702847,3.9472969,6.243099999999999,10.200595833333333,4,2021
2022-01-10,-5.44369190949692,-20.170262595397617,,7.729070833333334,10.200595833333333,4,2021
2022-01-11,-8.966525456466115,-10.651954593747178,3.463858,7.868529166666668,10.200595833333333,4,2021
2022-01-12,-1.9505972727984044,-0.7104571784830114,8.506978,9.209708333333332,10.200595833333333,4,2021
2022-01-13,1.7643079371055137,19.142521414635212,26.509586,21.45424583333333,10.200595833333333,4,2021
2022-01-14,14.20659594816334,42.45938678615039,21.837656,19.990441666666666,10.200595833333333,4,2021
2022-01-15,21.117781014929278,25.70073443097465,0.8421891,5.178458333333333,10.200595833333333,4,2021
2022-01-16,2.6847862157574127,-3.754195307504233,3.6882195,5.166341666666667,10.200595833333333,4,2021
2022-01-17,26.102171857590292,-10.827697392061054,41.675274,24.879470833333333,10.200595833333333,4,2021
2022-01-18,38.9674545632065,10.053539427130545,19.155287,17.7322625,10.200595833333333,4,2021
2022-01-19,30.381461398541887,0.6081881317413718,-4.976576,5.7488,10.200595833333333,4,2021
2022-01-20,15.631667023287946,-1.7377005052376262,12.884102,13.995879166666668,10.200595833333333,4,2021
2022-01-21,-6.667617217021871,15.806838449020233,3.3485112,4.925583333333333,10.200595833333333,4,2021
2022-01-22,9.615645774549648,7.030476921440368,12.541372,12.584004166666666,10.200595833333333,4,2021
2022-01-23,20.991317872490526,19.416817624121904,37.636055,28.78524583333333,10.200595833333333,4,2021
2022-01-24,30.038906571718883,27.14111947140134,5.44478,11.689475,10.200595833333333,4,2021
2022-01-25,36.91801880398134,16.90799437558053,22.079025,18.5179625,10.200595833333333,4,2021
2022-01-26,-2.5931229508132674,15.771834256818693,13.351862,15.442220833333332,10.200595833333333,4,2021
2022-01-27,26.986324214695287,15.654686159290122,15.1689205,10.9477,10.200595833333333,4,2021
2022-01-28,16.09695115632053,6.746427057454184,0.99091184,7.320616666666667,10.200595833333333,4,2021
2022-01-29,22.07088948679484,17.392624535162213,17.064316,16.3502875,10.200595833333333,4,2021
2022-01-30,-7.086577883474092,2.228616508002233,37.305122,25.09615833333333,10.200595833333333,4,2021
2022-01-31,-18.226993959095125,13.25059422649565,7.0781198,7.406641666666666,10.200595833333333,4,2021
2022-02-01,11.014314715942874,24.995848500341594,,12.33085,10.200595833333333,4,2021
2022-02-02,17.552107308925315,8.999084604106429,11.70006,11.050975,10.200595833333333,4,2021
2022-02-03,9.130653712885305,6.971970729316581,9.286114,11.8586375,10.200595833333333,4,2021
2022-02-04,9.119133818873706,8.979482885868492,3.3241656,10.505166666666666,10.200595833333333,4,2021
2022-02-05,-6.911551021888954,8.807020808608286,-0.016776206,2.361825,10.200595833333333,4,2021
2022-02-06,16.787784861792943,32.302118038685194,25.417486,32.81733333333333,10.200595833333333,4,2021
2022-02-07,-10.275513488289107,-4.5052522731339195,25.336634,14.747858333333332,10.200595833333333,4,2021
2022-02-08,10.29475306580025,4.703220341140877,24.708092,16.5446375,10.200595833333333,4,2021
2022-02-09,-45.007165885559516,0.02286658509638073,,8.2458125,10.200595833333333,4,2021
2022-02-10,-45.344033785022475,-8.133965781590632,5.6026525,6.6696375,10.200595833333333,4,2021
2022-02-11,-38.670826873632905,-6.598021873039215,2.5936499,5.092745833333333,10.200595833333333,4,2021
2022-02-12,-48.58799817499312,0.3891665648034177,-3.8349798,0.995775,10.200595833333333,4,2021
2022-02-13,-70.60871713804227,1.1010318951121008,6.697094,25.50815,10.200595833333333,4,2021
2022-02-14,-66.26749710319564,9.785275574641219,11.566345,17.338079166666667,10.200595833333333,4,2021
2022-02-15,-70.6544741491889,12.503752240013455,5.38571,8.575545833333333,10.200595833333333,4,2021
2022-02-16,-54.589986867162224,36.41378938473565,31.324316,21.490825,10.200595833333333,4,2021
2022-02-17,-68.10821763740205,10.798168697074743,17.672104,14.770033333333332,10.200595833333333,4,2021
2022-02-18,-58.07785752597192,32.281950356728316,,15.442475,10.200595833333333,4,2021
2022-02-19,-55.987872998615785,20.853466615602883,,13.9012375,10.200595833333333,4,2021
2022-02-20,-45.34137459145859,39.929663200620666,,45.69099583333334,10.200595833333333,4,2021
2022-02-21,-33.565843963080624,25.078563778250214,,5.764879166666667,10.200595833333333,4,2021
2022-02-22,-39.610151596611104,14.124865083256736,,39.47347916666667,10.200595833333333,4,2021
2022-02-23,-70.90106321390158,-10.88119202708367,,12.24395,10.200595833333333,4,2021
2022-02-24,-53.45471576873388,16.86940853287615,9.406989,13.982145833333334,10.200595833333333,4,2021
2022-02-25,-73.30446281227705,2.181179799145866,10.500708,10.680595833333332,10.200595833333333,4,2021
2022-02-26,-32.793198751476666,9.309557253845014,7.670876,17.331408333333332,10.200595833333333,4,2021
2022-02-27,-10.13729836245966,13.082414001593861,,17.5668875,10.200595833333333,4,2021
2022-02-28,-25.44741255433837,5.299296673590106,8.03028,10.628904166666668,10.200595833333333,4,2021
2022-03-01,9.215869852196647,18.88220957366866,67.505455,53.7973375,10.200595833333333,4,2021
2022-03-02,4.936808466905859,19.959623543491034,,19.386845833333336,10.200595833333333,4,2021
2022-03-03,1.5258498680977937,23.446542242474607,9.091903,11.8292,10.200595833333333,4,2021
2022-03-04,-12.641247734040007,19.969259186441832,4.778118,6.4578750000000005,10.200595833333333,4,2021
2022-03-05,-14.831447668546389,16.720330443989496,8.9544115,12.741366666666666,10.200595833333333,4,2021
2022-03-06,2.753069664690429,30.28558635780962,-22.93219,-0.5178208333333328,10.200595833333333,4,2021
2022-03-07,9.693263936984295,37.27155042583456,89.98025,48.98677083333333,10.200595833333333,4,2021
2022-03-08,-12.732982044557502,6.552307894149635,3.8846495,5.039670833333333,10.200595833333333,4,2021
2022-03-09,-37.00682469987623,1.957890147863509,2.0626664,4.3834625,10.200595833333333,4,2021
2022-03-10,-29.804627087751214,-3.8460436958521313,7.244334,7.338383333333333,10.200595833333333,4,2021
2022-03-11,-7.446937948563573,-6.3041377133286005,4.1531672,17.623679166666665,10.200595833333333,4,2021
2022-03-12,-16.09840392044316,-1.839969313335132,-2.2961855,8.036054166666666,10.200595833333333,4,2021
2022-03-13,-0.6509478881953328,0.6797503348689133,8.640196,14.275916666666667,10.200595833333333,4,2021
2022-03-14,2.2483362377888625,0.35269312882064696,30.324234,28.118929166666664,10.200595833333333,4,2021
2022-03-15,19.11949539462603,2.1212063300999944,80.83635,63.41106249999999,10.200595833333333,4,2021
2022-03-16,24.774375735194326,21.102974499286574,46.035263,42.9059375,10.200595833333333,4,2021
2022-03-17,0.4219698416218307,12.167120363647882,6.508916,8.841866666666666,10.200595833333333,4,2021
2022-03-18,1.65353049634723,0.09810288110656984,24.427929,25.434975,10.200595833333333,4,2021
2022-03-19,3.8769152783461323,9.529102005315508,34.230316,31.9789,10.200595833333333,4,2021
2022-03-20,5.566687240619103,18.10986529151387,21.801258,21.74110416666667,10.200595833333333,4,2021
2022-03-21,35.20940531452993,12.57543638840798,28.976812,25.802954166666662,10.200595833333333,4,2021
2022-03-22,21.22742259453139,5.426690140404389,24.88934,24.458683333333337,10.200595833333333,4,2021
2022-03-23,55.03945131344835,8.466185754250091,16.314903,26.3159125,10.200595833333333,4,2021
2022-03-24,49.74147821674069,18.757156669236792,43.36113,34.275933333333334,10.200595833333333,4,2021
2022-03-25,58.55738934800593,21.500645882354547,61.758003,44.0360125,10.200595833333333,4,2021
2022-03-26,55.6549444793759,22.128742681682525,40.15357,34.04533333333333,10.200595833333333,4,2021
2022-03-27,52.54326710177202,13.562756408239693,54.93366,34.59739583333333,10.200595833333333,4,2021
2022-03-28,65.12700178823434,14.074287300345986,49.178448,40.416925,10.200595833333333,4,2021
2022-03-29,60.33045386134654,18.824842192989763,17.156622,23.3170625,10.200595833333333,4,2021
2022-03-30,32.259330001417766,16.9033132508157,2.6961617,28.865375,10.200595833333333,4,2021
2022-03-31,45.652766509203275,16.596990673872824,1.3179673,5.986225,10.200595833333333,4,2021
2022-04-01,25.415631805631165,23.400769496454814,3.6311991,6.0177958333333335,10.200595833333333,4,2021
2022-04-02,35.04918988573536,19.89570848871881,2.0327475,6.600408333333333,10.200595833333333,4,2021
2022-04-03,49.37379356819565,14.584205367953473,3.8840833,11.7011,10.200595833333333,4,2021
2022-04-04,38.368319764786975,19.425170874910236,18.749228,22.47180833333333,10.200595833333333,4,2021
2022-04-05,29.778597435183656,12.364655961287099,17.705297,18.25055833333333,10.200595833333333,4,2021
2022-04-06,23.694482539419823,8.485763870178289,42.079254,29.614425,10.200595833333333,4,2021
2022-04-07,25.27586777822512,20.195603369976197,4.5215826,7.734999999999999,10.200595833333333,4,2021
2022-04-08,32.148722693975515,10.703342483981487,35.640293,30.27715,10.200595833333333,4,2021
2022-04-09,33.406689416150584,16.986428784560303,0.452108,4.487333333333333,10.200595833333333,4,2021
2022-04-10,53.91719885570001,4.534621175241227,13.130965,12.148270833333331,10.200595833333333,4,2021
2022-04-11,36.67355984772257,9.667734105283671,10.726297,14.640425,10.200595833333333,4,2021
2022-04-12,80.44768194743938,46.72419237635904,20.77396,39.595191666666665,10.200595833333333,4,2021
2022-04-13,83.7904652745674,56.13816046723241,13.791765,77.98419583333333,10.200595833333333,4,2021
2022-04-14,88.82028662975699,34.79792067968742,36.810402,88.68494166666666,10.200595833333333,4,2021
2022-04-15,83.26306379602102,62.3777378766672,29.678696,58.304204166666665,10.200595833333333,4,2021
2022-04-16,79.94286394559458,65.65789640862204,-3.143633,5.549008333333333,10.200595833333333,4,2021
2022-04-17,96.0956081311706,103.10199311426732,-53.011757,-13.593241666666666,10.200595833333333,4,2021
2022-04-18,91.60364801145988,97.8389061982125,30.54689,22.867154166666666,10.200595833333333,4,2021
2022-04-19,85.01388313243297,109.12719861178266,41.324028,63.068925,10.200595833333333,4,2021
2022-04-20,85.65347425660366,106.90021054383033,4.0637345,26.34145,10.200595833333333,4,2021
2022-04-21,97.48570156669211,154.2604479166439,39.584156,39.47795,10.200595833333333,4,2021
2022-04-22,146.53486121862807,267.2598415834691,268.856,195.98214166666665,10.200595833333333,4,2021
2022-04-23,145.17902653569217,158.31453798608345,199.34917,141.95790833333334,10.200595833333333,4,2021
2022-04-24,141.1644782025014,5.759435503099667,36.665993,51.8337875,10.200595833333333,4,2021
2022-04-25,118.67579624426435,32.54399795089023,42.272522,87.36098750000001,10.200595833333333,4,2021
2022-04-26,145.80024719544963,37.62040141463774,492.11908,327.72143750000004,10.200595833333333,4,2021
2022-04-27,161.11507791555778,118.33364142741993,422.4832,356.84057916666666,10.200595833333333,4,2021
2022-04-28,162.10779106316477,37.290256239732,309.72998,223.93139166666663,10.200595833333333,4,2021
2022-04-29,155.34840425148286,25.871139173569304,500.69476,356.5640333333333,10.200595833333333,4,2021
2022-04-30,171.0226666791641,56.87876160964788,154.53477,200.55301666666665,10.200595833333333,4,2021
2022-05-01,163.54478622185525,77.12224238425097,208.70409,148.13794583333333,10.200595833333333,4,2021
2022-05-02,168.16024149355508,34.14201200033597,44.93091,82.27299583333334,10.200595833333333,4,2021
2022-05-03,149.37692547836923,14.752824202444572,14.252437,37.75417916666667,10.200595833333333,4,2021
2022-05-04,143.5688376281396,23.420054550370423,108.14505,110.97288333333334,10.200595833333333,4,2021
2022-05-05,148.05404748726505,30.23031958269746,31.092258,31.426641666666665,10.200595833333333,4,2021
2022-05-06,156.26326124669868,59.71400480187458,52.137695,41.02882916666667,10.200595833333333,4,2021
2022-05-07,132.8072543586968,56.70954091625845,28.195932,43.5016625,10.200595833333333,4,2021
2022-05-08,121.04490168658958,106.79687963179458,77.89144,64.2813125,10.200595833333333,4,2021
2022-05-09,107.99309976140466,158.66853329498008,36.357132,33.811995833333334,10.200595833333333,4,2021
2022-05-10,104.71673726759946,96.83749166574853,26.209621,28.35899583333333,10.200595833333333,4,2021
2022-05-11,105.64474861677627,129.31048562911565,42.404625,42.386275000000005,10.200595833333333,4,2021
2022-05-12,91.81328766027673,105.18075867706102,26.347235,30.350391666666667,10.200595833333333,4,2021
2022-05-13,85.35809135022464,66.19071461725343,58.600403,48.422133333333335,10.200595833333333,4,2021
2022-05-14,92.8978924671328,160.44503981182424,61.388477,133.3970625,10.200595833333333,4,2021
2022-05-15,122.17155794196333,188.25279336481617,101.241234,91.37514583333332,10.200595833333333,4,2021
2022-05-16,87.63578504693214,173.12415339879954,-0.86016375,31.525475,10.200595833333333,4,2021
2022-05-17,95.0081631797093,92.65930458542152,24.1895,45.28024166666666,10.200595833333333,4,2021
2022-05-18,76.22734507563746,124.58463448733164,43.468185,65.6737375,10.200595833333333,4,2021
2022-05-19,66.54693641070207,67.36800569445313,80.156425,69.98400416666667,10.200595833333333,4,2021
2022-05-20,88.31405248932788,81.06269519973557,59.739803,60.14535416666666,10.200595833333333,4,2021
2022-05-21,96.29691223093141,43.624432198314025,33.08269,39.7297,10.200595833333333,4,2021
2022-05-22,89.59776638113908,110.78522940117546,49.091927,116.3969125,10.200595833333333,4,2021
2022-05-23,85.21440442225412,74.61478020223785,37.909008,43.79980416666667,10.200595833333333,4,2021
2022-05-24,83.73355617206926,-9.885638734871463,8.568664,31.983491666666666,10.200595833333333,4,2021
2022-05-25,81.47977554884528,98.40935042228557,41.52783,41.923475,10.200595833333333,4,2021
2022-05-26,89.26746779122004,80.25319498147473,37.116726,42.2496625,10.200595833333333,4,2021
2022-05-27,76.62280570902658,40.55249914345086,80.57007,68.25088333333333,10.200595833333333,4,2021
2022-05-28,100.05253535885277,107.98671927033865,63.88996,95.5195125,10.200595833333333,4,2021
2022-05-29,123.66370383107642,219.1574059786144,51.279495,58.85245416666667,10.200595833333333,4,2021
2022-05-30,129.09001645384706,121.82958407616024,132.11963,103.72307083333334,10.200595833333333,4,2021
2022-05-31,100.5838784231255,29.584068673462184,75.98544,65.16584166666667,10.200595833333333,4,2021
2022-06-01,83.48136942623023,90.17341098079123,178.39673,143.1138125,10.200595833333333,4,2021
2022-06-02,103.53603172292424,98.35834583094038,238.41917,165.65413750000002,10.200595833333333,4,2021
2022-06-03,109.26347834821354,196.35472675905112,148.88118,185.21433750000003,10.200595833333333,4,2021
2022-06-04,160.73770845258332,293.15189006421497,292.46332,193.0958375,10.200595833333333,4,2021
2022-06-05,130.76612661249965,208.97525941325512,81.119286,65.35762916666667,10.200595833333333,4,2021
2022-06-06,103.26175714888814,-23.79239892687383,177.97533,112.36464583333334,10.200595833333333,4,2021
2022-06-07,112.24998874355515,227.55134714893575,21.819614,47.7280875,10.200595833333333,4,2021
2022-06-08,93.29577627098843,28.357876560772752,37.169357,32.7072,10.200595833333333,4,2021
2022-06-09,107.36855117597406,93.69672444139178,41.2467,37.72457916666667,10.200595833333333,4,2021
2022-06-10,109.84105833726426,94.770389577684,27.360342,46.481625,10.200595833333333,4,2021
2022-06-11,105.05364450424531,43.09803775164983,52.282585,49.4096125,10.200595833333333,4,2021
2022-06-12,125.24896083210842,47.14603252459938,58.346752,58.58493333333333,10.200595833333333,4,2021
2022-06-13,132.4531725079978,40.59280008732958,139.43422,96.81169166666666,10.200595833333333,4,2021
2022-06-14,138.50279066121948,70.06584410681808,56.40256,65.78584166666667,10.200595833333333,4,2021
2022-06-15,92.91265571187432,26.943835631732668,32.59265,64.5299375,10.200595833333333,4,2021
2022-06-16,113.10875091595881,87.5014918382376,208.14412,136.3376875,10.200595833333333,4,2021
2022-06-17,117.5101411057658,55.60283451319128,51.584812,58.022075,10.200595833333333,4,2021
2022-06-18,143.33266504945823,144.032843302728,,100.83074166666668,10.200595833333333,4,2021
2022-06-19,127.66361873222922,79.8795114125378,27.274601,87.69662916666668,10.200595833333333,4,2021
2022-06-20,122.45372355488871,93.98189541509055,71.58097,89.47747500000001,10.200595833333333,4,2021
2022-06-21,81.64513333087416,105.66570746782418,71.45932,101.063775,10.200595833333333,4,2021
2022-06-22,95.908371008014,114.61952689489226,88.09965,94.94177083333334,10.200595833333333,4,2021
2022-06-23,73.12053370755802,116.01246440873729,42.05872,52.15828333333334,10.200595833333333,4,2021
2022-06-24,67.7633325814204,43.79309627056546,35.5949,26.448170833333336,10.200595833333333,4,2021
2022-06-25,24.15848034657165,0.24164426150036888,14.030526,14.847612500000002,10.200595833333333,4,2021
2022-06-26,19.964589862831872,13.011074053549692,29.775173,29.54855,10.200595833333333,4,2021
2022-06-27,20.93616517520877,16.228660895528265,9.072315,9.812233333333332,10.200595833333333,4,2021
2022-06-28,37.99553701733839,33.27444321611108,10.182131,9.025125,10.200595833333333,4,2021
2022-06-29,36.54804276453251,35.337932183926455,38.663506,21.2186875,10.200595833333333,4,2021
2022-06-30,14.521592373935164,-13.961608145438731,-22.9663,-16.246179166666668,10.200595833333333,4,2021
2022-07-01,-2.9396402612410384,-28.508699000650267,-9.956416,-7.962375000000001,10.200595833333333,4,2021
2022-07-02,9.324351968332849,-31.462740485228096,1.5142264,1.208025,10.200595833333333,4,2021
2022-07-03,13.364398663477914,-19.063294600064182,-34.033913,-27.08309583333333,10.200595833333333,4,2021
2022-07-04,1.8558022908073326,-4.662223367769002,-64.5726,-53.16143333333333,10.200595833333333,4,2021
2022-07-05,-14.187250160258372,1.311957869809703,-9.818267,-7.8832625,10.200595833333333,4,2021
2022-07-06,-24.02167569739322,-0.7007684303353017,9.949985,5.0108958333333335,10.200595833333333,4,2021
2022-07-07,-23.935782958536038,8.497173620077774,20.47217,14.59115,10.200595833333333,4,2021
2022-07-08,-39.96173946991439,-5.964083502050926,4.9382167,4.703054166666667,10.200595833333333,4,2021
2022-07-09,-49.02874770705239,-3.2008706254282515,1.1808618,2.8689875000000007,10.200595833333333,4,2021
2022-07-10,-49.135674037604986,-19.567652356869075,15.155018,11.898745833333336,10.200595833333333,4,2021
2022-07-11,-18.471163787059595,-13.718944931579244,39.53034,67.92572916666667,10.200595833333333,4,2021
2022-07-12,-9.84176597478563,9.312354127549042,9.356791,22.258733333333332,10.200595833333333,4,2021
2022-07-13,-38.40569426090224,6.259432733180347,-43.837643,-30.27187083333333,10.200595833333333,4,2021
2022-07-14,-39.30823871787106,2.0316827692613515,-86.60213,-72.45281666666666,10.200595833333333,4,2021
2022-07-15,-31.592974096647595,-12.156114058517232,-19.298782,-16.98530416666667,10.200595833333333,4,2021
2022-07-16,-14.999087007183334,-23.512503069401646,7.3789053,9.091904166666668,10.200595833333333,4,2021
2022-07-17,-14.489347923758032,-17.191218397369994,7.130924,7.295779166666667,10.200595833333333,4,2021
2022-07-18,-8.635900367929025,-9.302114897484898,8.057658,35.32125,10.200595833333333,4,2021
2022-07-19,-23.191779149799913,-4.357198917861751,5.695864,5.4474375,10.200595833333333,4,2021
2022-07-20,-6.782564399167313,9.160209705255511,2.5272293,1.8443041666666664,10.200595833333333,4,2021
2022-07-21,2.395364859446545,-2.8154606422694997,-3.5041225,-1.7051791666666665,10.200595833333333,4,2021
2022-07-22,-12.37904574143522,-4.658950514151911,-9.74959,-7.4492,10.200595833333333,4,2021
2022-07-23,15.784672929886938,-9.729828087131864,0.3586877,9.671233333333332,10.200595833333333,4,2021
2022-07-24,13.060963435759732,-13.28946943613846,-7.333646,-7.238470833333333,10.200595833333333,4,2021
2022-07-25,55.37690337007734,32.68794401255309,-33.712234,-26.26623333333333,10.200595833333333,4,2021
2022-07-26,64.01439284087337,56.32324978020279,-0.35740653,25.81374583333333,10.200595833333333,4,2021
2022-07-27,62.687128753876095,31.737706663324275,-25.266596,-2.394416666666666,10.200595833333333,4,2021
2022-07-28,66.06658613661966,54.604777409287635,12.041295,47.3430875,10.200595833333333,4,2021
2022-07-29,78.48075986306048,43.72375465141249,0.9994318,38.18064583333333,10.200595833333333,4,2021
2022-07-30,80.95815663618487,31.165374254472113,15.655828,13.714433333333332,10.200595833333333,4,2021
2022-07-31,93.00764320741746,25.22059067710245,7.2984223,14.221620833333333,10.200595833333333,4,2021
2022-08-01,91.48760332191159,13.239904347043193,2.712018,15.0429,10.200595833333333,4,2021
2022-08-02,90.41946899353479,2.7160199389782065,-1.2897583,1.0509958333333334,10.200595833333333,4,2021
2022-08-03,102.07693693488181,11.103592419388406,2.144548,3.2164749999999995,10.200595833333333,4,2021
2022-08-04,89.3587929950354,22.88373139874284,3.4665043,7.433158333333334,10.200595833333333,4,2021
2022-08-05,103.70920973691318,38.25708847128101,165.17029,125.01682083333333,10.200595833333333,4,2021
2022-08-06,118.83473419804432,39.65599638606034,145.68886,139.55484583333333,10.200595833333333,4,2021
2022-08-07,125.1894672766939,44.446008931724464,300.8729,218.56930416666668,10.200595833333333,4,2021
2022-08-08,138.00317696867205,44.30003848028673,273.25537,219.05747916666667,10.200595833333333,4,2021
2022-08-09,141.52228921813912,44.66829941856122,271.43103,222.9846458333333,10.200595833333333,4,2021
2022-08-10,149.6123663854487,61.094946441794946,317.39056,246.07434583333333,10.200595833333333,4,2021
2022-08-11,151.34376888838233,76.26885367103114,116.140884,163.84632083333332,10.200595833333333,4,2021
2022-08-12,150.80058533205738,66.96972851876853,225.42438,221.309325,10.200595833333333,4,2021
2022-08-13,145.77288425102597,73.44150151769372,210.14925,188.51380000000003,10.200595833333333,4,2021
2022-08-14,149.2207411273921,74.61155848695853,367.2939,299.89259583333336,10.200595833333333,4,2021
2022-08-15,157.49748896242454,108.12748344561987,405.45938,317.24059166666666,10.200595833333333,4,2021
2022-08-16,162.26871161096278,131.75548823212375,266.15762,262.8022833333333,10.200595833333333,4,2021
2022-08-17,171.7692234710703,115.19373962108693,146.0663,202.52715,10.200595833333333,4,2021
2022-08-18,126.19214846644718,45.66546160155394,208.86357,222.46203333333332,10.200595833333333,4,2021
2022-08-19,114.66408018824222,26.17361359059521,163.02567,169.09907916666666,10.200595833333333,4,2021
2022-08-20,103.27638271348951,16.40972404782906,185.53261,166.69114166666665,10.200595833333333,4,2021
2022-08-21,130.0179727309678,72.67524073087407,162.7179,134.5130375,10.200595833333333,4,2021
2022-08-22,103.33387794001283,90.45199691007292,161.3254,145.6444375,10.200595833333333,4,2021
2022-08-23,113.68128787816204,77.98437181951067,-4.1849575,20.187166666666663,10.200595833333333,4,2021
2022-08-24,109.65936775689624,105.14120907337565,2.4188867,65.60767916666667,10.200595833333333,4,2021
2022-08-25,120.99246522178692,33.46559635582514,-47.387608,-18.808420833333333,10.200595833333333,4,2021
2022-08-26,114.41026881674952,61.6505703822113,7.694965,17.101845833333332,10.200595833333333,4,2021
2022-08-27,106.74163449213302,54.49956617990938,52.777367,45.842420833333335,10.200595833333333,4,2021
2022-08-28,108.33817339722009,138.87183637629278,42.44974,39.378145833333335,10.200595833333333,4,2021
2022-08-29,116.32798008532336,134.76637981342537,101.14998,67.12328333333333,10.200595833333333,4,2021
2022-08-30,138.95743408627823,84.7036740418198,178.07376,110.76281666666668,10.200595833333333,4,2021
2022-08-31,116.73714972695234,70.81424974632046,30.819952,36.41702083333333,10.200595833333333,4,2021
2022-09-01,105.47559086287947,81.31040930787913,167.4685,107.874675,10.200595833333333,4,2021
2022-09-02,88.75710718030496,116.50424213445149,57.684025,56.767095833333336,10.200595833333333,4,2021
2022-09-03,87.34221165096642,52.27030048906727,,33.123312500000004,10.200595833333333,4,2021
2022-09-04,103.09773683107778,20.71189996179055,-2.8702512,40.03315,10.200595833333333,4,2021
2022-09-05,87.60867386047903,5.243166447313342,36.003593,29.8867125,10.200595833333333,4,2021
2022-09-06,66.53410855535913,14.748847213253612,14.336512,29.404804166666665,10.200595833333333,4,2021
2022-09-07,66.51215053986562,12.452370011712446,28.832285,29.25967916666667,10.200595833333333,4,2021
2022-09-08,54.16090253804714,33.863263805174824,18.506618,23.0189625,10.200595833333333,4,2021
2022-09-09,42.43343211287447,21.166675166412006,-25.308304,-3.1366875000000007,10.200595833333333,4,2021
2022-09-10,36.06028136519217,38.33552484711993,27.724388,23.828725,10.200595833333333,4,2021
2022-09-11,13.091992605629457,49.46183805095734,16.0369,31.1776625,10.200595833333333,4,2021
2022-09-12,42.05271603906499,179.25378338203518,43.910355,51.0127125,10.200595833333333,4,2021
2022-09-13,52.35769197459285,140.0590797607656,145.19524,151.52225416666667,10.200595833333333,4,2021
2022-09-14,73.7762098058156,37.89814552820542,6.65134,39.57922083333333,10.200595833333333,4,2021
2022-09-15,60.701796867901066,58.02167198899497,70.53155,53.55919166666667,10.200595833333333,4,2021
2022-09-16,47.945731883741246,51.27184017903892,7.208932,47.5606875,10.200595833333333,4,2021
2022-09-17,34.54540964794688,68.7430408563614,39.367325,58.30079583333333,10.200595833333333,4,2021
2022-09-18,70.9901184236196,106.13833585290377,-6.441732,29.41365416666667,10.200595833333333,4,2021
2022-09-19,45.53311951713113,142.890979292446,88.92226,79.09620833333334,10.200595833333333,4,2021
2022-09-20,21.970859947833787,123.78715964588264,63.416004,52.62635,10.200595833333333,4,2021
2022-09-21,38.05180738232923,72.02143708252243,-1.995555,93.24155416666667,10.200595833333333,4,2021
2022-09-22,37.280492259222,48.305789052522414,7.894098,14.475154166666664,10.200595833333333,4,2021
2022-09-23,30.534816914353883,47.72047143959571,-2.4384415,-3.5495083333333333,10.200595833333333,4,2021
2022-09-24,30.603938736997407,41.522575709159355,-6.1090055,0.9541083333333332,10.200595833333333,4,2021
2022-09-25,18.018719071880696,54.6050999741874,-87.688805,-65.98635833333334,10.200595833333333,4,2021
2022-09-26,9.406185109914986,65.19627850103552,-11.194093,-17.501616666666667,10.200595833333333,4,2021
2022-09-27,29.437684198174452,49.83533673513466,-0.20391677,-7.560737499999999,10.200595833333333,4,2021
2022-09-28,-0.8193188984341759,49.55952801096555,-29.360317,-19.14217083333333,10.200595833333333,4,2021
2022-09-29,8.804967407661024,37.903692070994,7.9083757,-0.5446666666666662,10.200595833333333,4,2021
2022-09-30,13.291445890934938,40.20256539868842,52.735508,23.33455,10.200595833333333,4,2021
2022-10-01,1.5719766487636662,32.97492400495037,-1.767131,-5.306087499999999,10.200595833333333,4,2021
2022-10-02,-3.7865580078741914,29.51955766036906,-1.4898129,-0.43305,10.200595833333333,4,2021
2022-10-03,-5.666603923823459,16.58100404274319,5.3573866,7.067545833333334,10.200595833333333,4,2021
2022-10-04,-9.332211776119948,37.02463191221511,-70.26191,-51.90520416666666,10.200595833333333,4,2021
2022-10-05,3.464413777325717,9.2204073962439,-0.56099147,-6.811029166666667,10.200595833333333,4,2021
2022-10-06,10.313373321324889,6.705231192664542,-20.117796,-17.65820833333333,10.200595833333333,4,2021
2022-10-07,1.946250275444072,2.2564082277194757,0.6928416,-7.0150625,10.200595833333333,4,2021
2022-10-08,-21.676054553257927,13.537309184623155,10.697302,10.329629166666669,10.200595833333333,4,2021
2022-10-09,-4.219589584648929,-3.4303244132706823,6.347369,18.529120833333334,10.200595833333333,4,2021
2022-10-10,-4.32989891293073,31.39506799913022,35.76769,27.41013333333333,10.200595833333333,4,2021
2022-10-11,68.7158509955425,19.44595860921254,10.675146,19.041875,10.200595833333333,4,2021
2022-10-12,37.88806242479916,37.96006618780473,-18.834288,-8.954875,10.200595833333333,4,2021
2022-10-13,52.83351060520545,34.11187086737016,41.710648,25.5518375,10.200595833333333,4,2021
2022-10-14,39.07648149932584,33.18893008106886,7.2900147,5.251145833333333,10.200595833333333,4,2021
2022-10-15,26.654020903592823,-2.8183558589307722,17.52555,14.591729166666669,10.200595833333333,4,2021
2022-10-16,28.347732484733,2.119794125233966,9.167697,5.943433333333334,10.200595833333333,4,2021
2022-10-17,62.509013923433486,9.656062763117916,-32.917103,-24.563570833333333,10.200595833333333,4,2021
2022-10-18,65.82792744797916,27.73985303055531,16.21126,11.974708333333334,10.200595833333333,4,2021
2022-10-19,78.37374305698722,67.97299976626527,,-3.7044541666666655,10.200595833333333,4,2021
2022-10-20,105.15282927720364,86.6158190990136,,58.26935833333334,10.200595833333333,4,2021
2022-10-21,111.24509680412302,66.90075076855737,,48.7892,10.200595833333333,4,2021
2022-10-22,115.69893132616926,6.343069484598345,45.626286,45.45104583333333,10.200595833333333,4,2021
2022-10-23,129.3736611448494,61.890118091185286,35.657482,54.37689583333333,10.200595833333333,4,2021
2022-10-24,77.40805062031268,14.393038460225398,38.63234,34.909866666666666,10.200595833333333,4,2021
2022-10-25,95.2145496435005,45.22665139261153,79.11992,175.44119583333335,10.200595833333333,4,2021
2022-10-26,97.14098589924106,57.326749183360334,19.128954,24.229108333333333,10.200595833333333,4,2021
2022-10-27,101.95194696994258,39.98725529495687,33.29416,26.90529583333333,10.200595833333333,4,2021
2022-10-28,117.76844478354542,35.182882710675926,19.40681,33.0473125,10.200595833333333,4,2021
2022-10-29,124.92737149448294,37.26753508289028,20.562807,18.12847083333333,10.200595833333333,4,2021
2022-10-30,105.38217292093395,14.226829028186785,-5.8273935,4.968208333333333,10.200595833333333,4,2021
2022-10-31,120.88106231982056,13.445094960474307,6.7997828,48.5614625,10.200595833333333,4,2021
2022-11-01,81.77609861389556,-10.849344643809673,35.131794,30.071375,10.200595833333333,4,2021
2022-11-02,75.08706242010794,-6.610940203902828,-29.840187,7.3448,10.200595833333333,4,2021
2022-11-03,95.49744692802778,-0.35182008200445125,7.3565793,20.359175,10.200595833333333,4,2021
2022-11-04,105.27345281484122,-8.032790547177683,20.310528,17.721316666666667,10.200595833333333,4,2021
2022-11-05,111.57596971691237,-10.273837724297664,141.03008,85.26739583333334,10.200595833333333,4,2021
2022-11-06,96.34865636131508,-7.304604219684734,68.870476,47.800870833333335,10.200595833333333,4,2021
2022-11-07,84.92209374985941,-3.129965353255102,31.16459,67.67332499999999,10.200595833333333,4,2021
2022-11-08,53.19180940191109,10.607479736118876,2.8127687,29.4901625,10.200595833333333,4,2021
2022-11-09,67.84768723642628,13.919554491417784,34.554115,29.602645833333337,10.200595833333333,4,2021
2022-11-10,55.13294399604138,-6.9340558242247425,41.66252,32.451175,10.200595833333333,4,2021
2022-11-11,89.21226198874137,1.465372883110831,14.084782,16.536616666666667,10.200595833333333,4,2021
2022-11-12,103.75890833378617,25.859893656408417,17.396399,17.766983333333332,10.200595833333333,4,2021
2022-11-13,106.09996636470532,41.55073523153669,34.670845,30.0915875,10.200595833333333,4,2021
2022-11-14,91.19421874442378,19.26906323143976,,32.722375,10.200595833333333,4,2021
2022-11-15,71.39295871252034,7.783050335470762,14.383357,29.88309166666667,10.200595833333333,4,2021
2022-11-16,74.31467290019282,13.13239189246542,4.8002343,16.156741666666665,10.200595833333333,4,2021
2022-11-17,62.692252421948524,-0.08968496261059045,17.276176,19.843866666666667,10.200595833333333,4,2021
2022-11-18,83.58839409974007,19.57561789776173,12.592054,21.7589,10.200595833333333,4,2021
2022-11-19,62.832365566852786,13.773788593331119,-3.0051181,14.178916666666666,10.200595833333333,4,2021
2022-11-20,35.67463535893603,28.399917191565123,18.965097,17.8905,10.200595833333333,4,2021
2022-11-21,34.27807144854262,34.449873644559716,3.3365955,41.3398,10.200595833333333,4,2021
2022-11-22,25.95379642913315,10.90897170700191,-1.7223775,9.691529166666667,10.200595833333333,4,2021
2022-11-23,1.2479208697704962,-9.068212074256735,5.10921,12.265933333333336,10.200595833333333,4,2021
2022-11-24,10.065519566182047,-6.819486279035118,-0.716055,3.9067625000000006,10.200595833333333,4,2021
2022-11-25,-0.48632177776835306,-6.224271430891349,3.2072926,2.9734125,10.200595833333333,4,2021
2022-11-26,1.879089903082786,-3.605150655223042,-10.066307,23.855704166666666,10.200595833333333,4,2021
2022-11-27,-3.282892585488298,-4.282359927398829,0.12701967,0.6523416666666667,10.200595833333333,4,2021
2022-11-28,-1.7267647683920586,-10.975219695364103,-10.226579,-5.544137500000001,10.200595833333333,4,2021
2022-11-29,23.10082347685966,-4.807723739871108,5.8091187,5.547691666666666,10.200595833333333,4,2021
2022-11-30,30.131095964271026,12.189241628450418,6.7680697,4.602875,10.200595833333333,4,2021
2022-12-01,20.702112870685596,3.92381700151509,18.656893,8.8821625,10.200595833333333,4,2021
2022-12-02,9.02638854275574,16.12769218132553,-24.518677,-8.690154166666668,10.200595833333333,4,2021
2022-12-03,31.38272841656999,48.36776478417778,3.26253,-0.5193583333333335,10.200595833333333,4,2021
2022-12-04,24.247023428126568,75.33293554809188,-1.5381523,-2.9880791666666666,10.200595833333333,4,2021
2022-12-05,38.14796466734879,77.13269820746518,-12.741456,-10.504666666666669,10.200595833333333,4,2021
2022-12-06,16.500166131888363,49.83281325485177,14.197774,4.695241666666667,10.200595833333333,4,2021
2022-12-07,-2.4380321735206962,18.674932122684822,1.3882967,3.141916666666667,10.200595833333333,4,2021
2022-12-08,-0.6612620975511163,12.5089467150151,1.5606076,8.1560375,10.200595833333333,4,2021
2022-12-09,12.08607003200541,12.399675888361799,8.740353,9.456975,10.200595833333333,4,2021
2022-12-10,-13.413558579589335,16.69147071975658,-3.3886282,3.1241625,10.200595833333333,4,2021
2022-12-11,-15.752110831957907,-3.3042094049005755,8.641309,9.9296875,10.200595833333333,4,2021
2022-12-12,6.373831161624366,3.8455596098583555,34.29157,19.733741666666667,10.200595833333333,4,2021
2022-12-13,9.34888656930616,11.140793593254784,19.955257,14.362708333333332,10.200595833333333,4,2021
2022-12-14,7.981451351133728,13.092623967414966,0.67950666,6.061895833333334,10.200595833333333,4,2021
2022-12-15,17.12042204723525,10.157971780287426,9.596059,13.366925,10.200595833333333,4,2021
2022-12-16,11.607305046393776,13.14771175834494,-12.86563,-3.760783333333333,10.200595833333333,4,2021
2021-12-17,58.475992849153954,1.6560323411795252,,26.445395833333333,29.227079166666663,9,2021
2021-12-18,64.16054227649329,19.758097188646843,,29.16069583333333,29.227079166666663,9,2021
2021-12-19,48.798097830205734,39.73800457810637,,32.00080416666667,29.227079166666663,9,2021
2021-12-20,29.405296912065182,27.3675138098439,,7.779858333333333,29.227079166666663,9,2021
2021-12-21,4.402115841509385,42.78178745317314,11.558022,10.219525,29.227079166666663,9,2021
2021-12-22,37.86648057111711,21.777339693138856,,17.848512500000002,29.227079166666663,9,2021
2021-12-23,33.096839277331355,6.185730587303169,,6.980275,29.227079166666663,9,2021
2021-12-24,24.48643247353084,6.8187740373805354,,10.2130125,29.227079166666663,9,2021
2021-12-25,14.932429912119005,0.21060722419406375,,13.044766666666668,29.227079166666663,9,2021
2021-12-26,-32.849942637806635,5.968398552370672,,14.455241666666666,29.227079166666663,9,2021
2021-12-27,-31.996923694106044,0.301767211841252,,23.688904166666664,29.227079166666663,9,2021
2021-12-28,-38.19207762289443,-1.1379815496520678,,26.632608333333334,29.227079166666663,9,2021
2021-12-29,-27.923884903664657,-1.1620795078952142,,21.69012083333333,29.227079166666663,9,2021
2021-12-30,-63.49641285627513,-2.153616473733564,,29.6174375,29.227079166666663,9,2021
2021-12-31,-44.533396722175894,-8.757971513897246,,34.70538333333333,29.227079166666663,9,2021
2022-01-01,-42.59515144412944,-13.502039705081188,21.060371,26.3836125,29.227079166666663,9,2021
2022-01-02,-35.13227418837778,-15.463045477152264,,35.26840833333333,29.227079166666663,9,2021
2022-01-03,-44.107288489591156,-23.673883862239563,,31.55207916666667,29.227079166666663,9,2021
2022-01-04,-44.75599797275754,-19.46226017644949,59.616665,46.64930416666667,29.227079166666663,9,2021
2022-01-05,-57.418110029284435,-23.848997265627077,22.910498,19.65234583333333,29.227079166666663,9,2021
2022-01-06,-34.1050544639329,-9.82379674963795,-3.6674356,6.9556875,29.227079166666663,9,2021
2022-01-07,-50.65733854876453,-10.049694456146426,2.1883724,6.270966666666666,29.227079166666663,9,2021
2022-01-08,-48.3171538033057,-3.67712589877101,-4.562679,2.2403291666666667,29.227079166666663,9,2021
2022-01-09,-40.526589946579406,-22.13771573174563,3.8523633,4.781616666666667,29.227079166666663,9,2021
2022-01-10,-45.12470538805792,-10.4006726031148,,12.5556625,29.227079166666663,9,2021
2022-01-11,-38.56451420313351,-10.163646407564556,8.249281,6.998808333333333,29.227079166666663,9,2021
2022-01-12,-39.842893972943784,0.989562119934817,-13.4704075,-6.207725,29.227079166666663,9,2021
2022-01-13,-45.87568367932181,5.122216411057707,-5.2713056,-2.147320833333333,29.227079166666663,9,2021
2022-01-14,-29.06734206985402,7.464432922013202,11.362383,7.150091666666666,29.227079166666663,9,2021
2022-01-15,-14.335157967953819,-0.8499310941651856,8.612128,5.922175,29.227079166666663,9,2021
2022-01-16,-24.53545864322041,-9.034122471557566,9.185775,7.300133333333332,29.227079166666663,9,2021
2022-01-17,-9.466933760108077,-9.427561173745744,-6.0138745,-2.4353083333333334,29.227079166666663,9,2021
2022-01-18,0.3654069063331917,-8.638111117607878,-2.569282,-1.2654541666666668,29.227079166666663,9,2021
2022-01-19,18.257901928483307,-8.966875557393905,6.94275,5.426595833333333,29.227079166666663,9,2021
2022-01-20,12.78249355116759,-13.245632079517236,-3.392974,-1.528666666666667,29.227079166666663,9,2021
2022-01-21,-9.676168235941077,2.314328295818086,-2.2705202,0.6567291666666664,29.227079166666663,9,2021
2022-01-22,-10.212751012975787,-8.596956556860277,12.723389,9.692845833333331,29.227079166666663,9,2021
2022-01-23,-17.815637170097034,3.2137887176477307,-5.4250207,-0.3937500000000001,29.227079166666663,9,2021
2022-01-24,14.622732204883505,1.279638440340932,7.823922,7.693154166666666,29.227079166666663,9,2021
2022-01-25,15.245487014773971,-12.444841113549955,3.2530115,4.750233333333333,29.227079166666663,9,2021
2022-01-26,-14.050710798420369,-8.376845349956056,17.051008,9.381025,29.227079166666663,9,2021
2022-01-27,-7.340943909245652,-1.0485838677986976,,8.912829166666667,29.227079166666663,9,2021
2022-01-28,-23.655029550476684,-1.7417128978931942,,9.1628,29.227079166666663,9,2021
2022-01-29,-16.210015309478877,1.2812945357409262,,9.979725,29.227079166666663,9,2021
2022-01-30,-26.88904556689249,1.6503795879971221,,9.729329166666668,29.227079166666663,9,2021
2022-01-31,-17.726337831200908,-9.42193202287308,,8.514883333333334,29.227079166666663,9,2021
2022-02-01,6.267475220223787,6.604553573615249,,6.479429166666667,29.227079166666663,9,2021
2022-02-02,-6.540585652290247,1.3128586912980609,-1.2187304,0.4195083333333333,29.227079166666663,9,2021
2022-02-03,-18.600697196623514,9.65305740234453,0.03536154,2.190783333333333,29.227079166666663,9,2021
2022-02-04,-19.525663847844044,-3.2057366349527,0.69689536,6.060483333333334,29.227079166666663,9,2021
2022-02-05,-18.053249489672453,8.775165557897708,-0.41233382,3.3269625,29.227079166666663,9,2021
2022-02-06,-8.680166499843835,10.200320224535972,,4.370491666666667,29.227079166666663,9,2021
2022-02-07,-32.383037812838666,2.491227607309156,17.828728,13.421354166666667,29.227079166666663,9,2021
2022-02-08,-5.7609226872573345,6.174287400798221,13.493136,12.552575,29.227079166666663,9,2021
2022-02-09,-20.932743078940803,-7.094677409432734,-0.25876766,2.7720125,29.227079166666663,9,2021
2022-02-10,-10.036520433593978,-3.703426739256429,-0.528738,0.4471333333333332,29.227079166666663,9,2021
2022-02-11,-45.736548063412556,10.95567281053809,1.981045,1.9972666666666663,29.227079166666663,9,2021
2022-02-12,-48.40600863203508,8.487886111195621,-0.0142218955,5.116695833333333,29.227079166666663,9,2021
2022-02-13,-73.16591725411126,2.454935122367715,,10.674195833333334,29.227079166666663,9,2021
2022-02-14,-35.122660180877574,-2.301563618611908,4.6854744,6.6970375,29.227079166666663,9,2021
2022-02-15,-58.662817170534254,7.821592907273953,,12.159979166666666,29.227079166666663,9,2021
2022-02-16,-67.59773901493827,24.62112052919872,,32.709829166666665,29.227079166666663,9,2021
2022-02-17,-88.51178501152572,2.0993466575637285,7.76014,11.862408333333336,29.227079166666663,9,2021
2022-02-18,-73.64077999117944,5.83529726031793,,40.29128333333333,29.227079166666663,9,2021
2022-02-19,-60.7765298866143,4.815551600623621,,20.255216666666666,29.227079166666663,9,2021
2022-02-20,-48.56998174522596,15.751146832332779,,23.8909875,29.227079166666663,9,2021
2022-02-21,-37.0160689378572,-9.875285188332782,,25.38359583333333,29.227079166666663,9,2021
2022-02-22,-26.680660774210082,-19.878345294831888,,13.403733333333332,29.227079166666663,9,2021
2022-02-23,-50.63217848658314,-14.405811482156423,,13.9416625,29.227079166666663,9,2021
2022-02-24,-40.8386754208168,-21.090902156499396,,15.628591666666669,29.227079166666663,9,2021
2022-02-25,-56.335629430304834,-30.0309063649338,,9.356329166666669,29.227079166666663,9,2021
2022-02-26,-44.60447901167208,9.281230548440362,,11.194766666666666,29.227079166666663,9,2021
2022-02-27,-26.8921571380597,24.04010640408103,,10.851,29.227079166666663,9,2021
2022-02-28,-33.751739688300404,11.550262197473785,,11.242304166666663,29.227079166666663,9,2021
2022-03-01,10.266235575058545,19.091833487612348,,15.57415,29.227079166666663,9,2021
2022-03-02,7.698078086693386,39.07533039501129,,11.499904166666669,29.227079166666663,9,2021
2022-03-03,-5.4662124467058675,-1.9892381875588399,-2.4960043,3.4158250000000003,29.227079166666663,9,2021
2022-03-04,-25.594124511673726,-3.2089662176686033,15.44666,11.180116666666668,29.227079166666663,9,2021
2022-03-05,-24.08686921060962,2.125706503823494,31.141861,23.708175,29.227079166666663,9,2021
2022-03-06,7.90991471717507,24.897611753491105,45.37056,29.19503333333333,29.227079166666663,9,2021
2022-03-07,25.11686639323773,43.056375741242846,33.12693,32.01722916666667,29.227079166666663,9,2021
2022-03-08,7.551051431894848,12.441601457894194,,18.688145833333333,29.227079166666663,9,2021
2022-03-09,-27.35161543430513,5.943698735229191,,7.835529166666666,29.227079166666663,9,2021
2022-03-10,-27.324732403512826,1.1869797060253404,2.3421707,3.3103875,29.227079166666663,9,2021
2022-03-11,-23.218544169043525,3.813350324501698,12.7518835,10.500208333333331,29.227079166666663,9,2021
2022-03-12,-31.155182720742232,0.010451770173858677,0.7833919,7.298558333333333,29.227079166666663,9,2021
2022-03-13,-19.417872099267697,-0.2505032337330704,5.4417496,6.6205125,29.227079166666663,9,2021
2022-03-14,-7.920250800625581,-3.1700184728815657,70.65689,31.64590833333333,29.227079166666663,9,2021
2022-03-15,6.515214897536225,-5.339774873435999,5.4893255,11.842125,29.227079166666663,9,2021
2022-03-16,3.5350987612746394,6.302760673283046,6.570697,11.525262500000002,29.227079166666663,9,2021
2022-03-17,-38.99690065010873,6.0032237603900285,2.4199975,3.162041666666666,29.227079166666663,9,2021
2022-03-18,-34.508402202493016,1.181869805966926,13.103175,12.112049999999998,29.227079166666663,9,2021
2022-03-19,-3.8246993404118257,-3.758447656975477,7.0653505,8.640779166666666,29.227079166666663,9,2021
2022-03-20,20.7525637911815,8.406243754950538,15.665018,15.296870833333337,29.227079166666663,9,2021
2022-03-21,56.453294573144376,6.772751500249342,,15.745491666666666,29.227079166666663,9,2021
2022-03-22,35.26708493409808,-1.5342328604174327,13.370661,10.699845833333333,29.227079166666663,9,2021
2022-03-23,33.762589628129035,-2.481212599187529,7.1525655,8.36495,29.227079166666663,9,2021
2022-03-24,28.30431751111314,-4.99858775129087,-12.804378,-3.6226625,29.227079166666663,9,2021
2022-03-25,28.43145872824209,-4.941139729387032,-12.126773,-8.9171875,29.227079166666663,9,2021
2022-03-26,36.26756766704216,-8.75065479787827,11.669272,8.8995125,29.227079166666663,9,2021
2022-03-27,37.45262882129373,1.1179980220958896,8.756301,8.461695833333334,29.227079166666663,9,2021
2022-03-28,44.09232241971358,10.504113420618523,0.65905744,1.5895583333333343,29.227079166666663,9,2021
2022-03-29,60.99904829046773,5.9725997635041495,-42.943676,-15.849133333333334,29.227079166666663,9,2021
2022-03-30,30.653729776250202,12.042449029890122,11.816606,8.635279166666669,29.227079166666663,9,2021
2022-03-31,43.366942800220386,0.43049420915576775,-3.0849712,7.413658333333333,29.227079166666663,9,2021
2022-04-01,-10.350930735340626,9.318038350477764,-6.188375,1.3718374999999996,29.227079166666663,9,2021
2022-04-02,15.517061091204141,20.158331389180603,-2.4084103,0.9546083333333334,29.227079166666663,9,2021
2022-04-03,25.907082049297742,10.348898731199824,5.272329,51.1569375,29.227079166666663,9,2021
2022-04-04,36.99281550697265,16.395399412676852,14.446503,16.474883333333334,29.227079166666663,9,2021
2022-04-05,35.2669270936517,6.969018473740107,12.516194,13.801975,29.227079166666663,9,2021
2022-04-06,23.263668596330945,9.871846879903387,0.90448093,25.9690875,29.227079166666663,9,2021
2022-04-07,6.076227671270772,7.861358865465263,0.24714802,3.851945833333333,29.227079166666663,9,2021
2022-04-08,35.38770552144695,0.07020888471379294,12.321713,12.696325,29.227079166666663,9,2021
2022-04-09,14.1389949993536,2.253253385651078,27.84058,18.63275416666667,29.227079166666663,9,2021
2022-04-10,33.18471854392487,-10.21874206593111,4.218923,6.216670833333333,29.227079166666663,9,2021
2022-04-11,28.126324625937514,-11.663073609232015,25.378332,22.210954166666667,29.227079166666663,9,2021
2022-04-12,42.93425444036643,-4.359972189256041,55.4529,27.761445833333337,29.227079166666663,9,2021
2022-04-13,64.10472281396142,6.139833929157248,,101.05301666666666,29.227079166666663,9,2021
2022-04-14,64.24925155764595,0.8808656161518229,92.83111,74.1649875,29.227079166666663,9,2021
2022-04-15,65.05910974427115,24.171561435029503,88.357056,101.24275833333331,29.227079166666663,9,2021
2022-04-16,54.553410915859786,34.43568914812158,184.23633,153.30375833333332,29.227079166666663,9,2021
2022-04-17,79.0177242107693,44.507624728156316,53.396084,56.02194166666666,29.227079166666663,9,2021
2022-04-18,84.97947883227062,41.409074168485404,,119.30024583333334,29.227079166666663,9,2021
2022-04-19,88.07847783582656,35.034784117643426,177.55603,179.82906666666668,29.227079166666663,9,2021
2022-04-20,79.26835713788387,65.8056429338676,138.07774,112.30744583333336,29.227079166666663,9,2021
2022-04-21,74.69434752208508,103.32823698798529,145.33185,128.83895,29.227079166666663,9,2021
2022-04-22,141.43107415843588,159.3482719480162,134.61504,115.43885833333331,29.227079166666663,9,2021
2022-04-23,135.3327251030405,179.8820611324045,146.24866,111.01304583333332,29.227079166666663,9,2021
2022-04-24,141.23785778347883,95.24192045536074,98.25593,92.15176666666667,29.227079166666663,9,2021
2022-04-25,104.06367709200458,72.59692433344298,187.43289,123.59430416666667,29.227079166666663,9,2021
2022-04-26,127.08335594730488,41.30283820549266,51.033096,62.08445,29.227079166666663,9,2021
2022-04-27,154.95991023318493,85.03292626267375,120.15761,90.33925416666666,29.227079166666663,9,2021
2022-04-28,162.577713050061,68.84245771869882,160.08281,145.0952,29.227079166666663,9,2021
2022-04-29,132.89154607421005,26.48261896341171,104.391884,84.94453750000001,29.227079166666663,9,2021
2022-04-30,142.6249340570721,32.73376150461843,77.265526,75.68914583333334,29.227079166666663,9,2021
2022-05-01,132.34042427437635,32.89172389626253,,156.4239458333333,29.227079166666663,9,2021
2022-05-02,158.1735220528317,3.8552955626255425,144.55025,139.2652875,29.227079166666663,9,2021
2022-05-03,146.51010239571224,8.762129215485402,395.64,221.72385833333337,29.227079166666663,9,2021
2022-05-04,129.84658062508242,10.13748890915258,465.5181,291.4197375,29.227079166666663,9,2021
2022-05-05,127.50080213221554,20.747287691525344,145.21727,124.13702916666666,29.227079166666663,9,2021
2022-05-06,136.88836120535052,56.6273085022699,80.97019,70.69415,29.227079166666663,9,2021
2022-05-07,132.10292996634962,58.71190973614648,74.7491,100.90641666666666,29.227079166666663,9,2021
2022-05-08,111.27909199758324,138.3805070944636,68.7837,62.80936666666667,29.227079166666663,9,2021
2022-05-09,114.58825383448857,178.14453776381197,34.967983,45.48758333333333,29.227079166666663,9,2021
2022-05-10,115.67797247512135,124.25559468726533,56.805046,54.12829166666666,29.227079166666663,9,2021
2022-05-11,123.1036996953444,90.18864627172752,76.35746,95.61880833333332,29.227079166666663,9,2021
2022-05-12,112.51432674519128,67.99697184552315,201.46411,177.32753749999998,29.227079166666663,9,2021
2022-05-13,79.82706314658026,30.340630877838407,163.82094,170.55283749999998,29.227079166666663,9,2021
2022-05-14,99.72013616336699,88.47734506925462,265.1135,184.33439583333333,29.227079166666663,9,2021
2022-05-15,111.20469751728706,133.54953126510372,189.75758,117.08467083333332,29.227079166666663,9,2021
2022-05-16,97.56699972258684,95.94194529361721,91.23314,70.82656666666666,29.227079166666663,9,2021
2022-05-17,96.24864157379761,80.1183982568391,43.70149,70.71237500000001,29.227079166666663,9,2021
2022-05-18,57.35212166632937,80.8055637700063,498.75134,283.1028333333333,29.227079166666663,9,2021
2022-05-19,47.79688686766326,38.73560464921081,15.83814,183.6040875,29.227079166666663,9,2021
2022-05-20,65.07162290215092,15.809031496966782,19.181807,43.42921666666667,29.227079166666663,9,2021
2022-05-21,71.92281483127954,36.556636463851305,104.644615,83.16062916666667,29.227079166666663,9,2021
2022-05-22,56.42051686549485,62.41621160840032,,185.3368833333333,29.227079166666663,9,2021
2022-05-23,51.771727265007485,53.854556358794525,27.882519,53.614725,29.227079166666663,9,2021
2022-05-24,28.682350789048996,36.40071370514045,82.83978,85.19227916666667,29.227079166666663,9,2021
2022-05-25,44.6455566262689,54.362708186889904,2.181335,35.60684583333333,29.227079166666663,9,2021
2022-05-26,68.0939930734221,97.25869455162592,37.660034,45.05479166666667,29.227079166666663,9,2021
2022-05-27,61.230634153623214,50.501773519773906,174.05846,120.96884166666666,29.227079166666663,9,2021
2022-05-28,61.82697207833871,52.37262436922083,271.8369,179.62707916666668,29.227079166666663,9,2021
2022-05-29,86.13665287413642,76.78503618501509,30.35549,56.45532083333333,29.227079166666663,9,2021
2022-05-30,95.11049886101773,46.97968147870233,170.25847,109.5882375,29.227079166666663,9,2021
2022-05-31,77.96937255167177,19.095165347003785,110.70219,137.75336666666666,29.227079166666663,9,2021
2022-06-01,63.40611018057098,27.96042251564029,201.90459,164.2962375,29.227079166666663,9,2021
2022-06-02,57.45777740587437,4.422246644857296,344.0156,256.172525,29.227079166666663,9,2021
2022-06-03,75.3953911933786,47.958182102128376,102.343666,119.92925,29.227079166666663,9,2021
2022-06-04,120.29729065818174,105.44502587176794,-6.1043334,30.7257875,29.227079166666663,9,2021
2022-06-05,103.78177110448632,101.99087504613817,119.06495,75.14707083333333,29.227079166666663,9,2021
2022-06-06,75.7850889294732,60.89949768170845,89.35171,78.990925,29.227079166666663,9,2021
2022-06-07,75.46725235909616,125.63575548410518,41.536663,77.78215,29.227079166666663,9,2021
2022-06-08,60.79129682642997,68.14041094924141,39.550205,53.04006666666667,29.227079166666663,9,2021
2022-06-09,95.47354958941742,122.23644069143484,49.066246,58.378712500000006,29.227079166666663,9,2021
2022-06-10,97.33068946376534,81.67288177969021,161.84848,130.65332916666668,29.227079166666663,9,2021
2022-06-11,84.1508568094032,56.88882012731483,76.77521,80.14577083333333,29.227079166666663,9,2021
2022-06-12,104.95440465923093,70.62757907859759,94.87046,82.86323750000001,29.227079166666663,9,2021
2022-06-13,100.34054647715675,70.10510261535,38.76048,50.33905416666667,29.227079166666663,9,2021
2022-06-14,113.98010098688974,64.56377200350471,123.93942,113.87955416666668,29.227079166666663,9,2021
2022-06-15,87.89631127554549,56.905825591481516,180.58076,155.38382083333337,29.227079166666663,9,2021
2022-06-16,95.21989163293802,50.8924743540324,32.716736,48.48659166666667,29.227079166666663,9,2021
2022-06-17,92.78580116446574,72.66199983511069,118.78745,119.1923,29.227079166666663,9,2021
2022-06-18,126.93160096312204,113.87128647155805,,96.77504583333332,29.227079166666663,9,2021
2022-06-19,128.73960082859412,69.59576870490855,288.11264,167.508,29.227079166666663,9,2021
2022-06-20,124.73569713709549,54.03891990074044,130.39844,97.88639166666668,29.227079166666663,9,2021
2022-06-21,84.16144637903926,58.49007162691305,-0.062683925,23.71452083333333,29.227079166666663,9,2021
2022-06-22,92.34491788598461,67.20715988730262,-1.6678572,46.8951625,29.227079166666663,9,2021
2022-06-23,79.68745548447623,67.27369086473755,24.97211,30.717191666666665,29.227079166666663,9,2021
2022-06-24,80.41074039898012,21.67058251247272,4.4111776,6.194029166666667,29.227079166666663,9,2021
2022-06-25,46.49592853829927,1.5211097375586178,2.1654484,5.267920833333333,29.227079166666663,9,2021
2022-06-26,39.770596909281494,31.650852130345243,1.4219964,2.920041666666666,29.227079166666663,9,2021
2022-06-27,33.54117931075962,70.34360002154062,-4.71986,-0.8162291666666667,29.227079166666663,9,2021
2022-06-28,54.490414384308224,40.36320271876957,-14.425702,-2.137258333333333,29.227079166666663,9,2021
2022-06-29,47.530120778412766,100.57446896897636,28.13844,29.51630833333333,29.227079166666663,9,2021
2022-06-30,39.87992575827957,58.06219125423877,76.54015,65.16830416666666,29.227079166666663,9,2021
2022-07-01,31.54100747253642,25.201026329188267,121.50483,102.49331666666669,29.227079166666663,9,2021
2022-07-02,36.57649731578158,31.815669026109276,37.64394,39.4269,29.227079166666663,9,2021
2022-07-03,51.74988136048523,31.05945741437563,45.310837,43.1208375,29.227079166666663,9,2021
2022-07-04,63.142775277098735,24.53079645668811,53.965687,44.01402916666667,29.227079166666663,9,2021
2022-07-05,61.00436274387721,37.912131863584705,12.761835,21.409358333333333,29.227079166666663,9,2021
2022-07-06,50.02159042871881,37.157147571957466,49.46134,46.80050833333333,29.227079166666663,9,2021
2022-07-07,57.88466451468048,39.788023281305186,19.597752,26.927,29.227079166666663,9,2021
2022-07-08,39.131722213554326,21.575685492450248,39.53966,41.00739166666667,29.227079166666663,9,2021
2022-07-09,24.9868801143557,12.93811931414757,81.526726,67.65105416666667,29.227079166666663,9,2021
2022-07-10,36.167957069078966,-3.2788605242412814,23.44848,35.527975,29.227079166666663,9,2021
2022-07-11,44.0684506502721,-5.443204128428988,10.720996,19.7565375,29.227079166666663,9,2021
2022-07-12,70.63396350338189,2.296713105316485,114.745964,65.23587083333334,29.227079166666663,9,2021
2022-07-13,56.02264682965324,2.7587007824222383,121.115524,103.14962083333334,29.227079166666663,9,2021
2022-07-14,45.55883816730966,8.005598480855497,203.8182,179.58401666666666,29.227079166666663,9,2021
2022-07-15,34.080634931432826,19.331062565404864,163.22566,132.03320416666665,29.227079166666663,9,2021
2022-07-16,34.44904903886322,10.824463636982728,57.680927,56.494733333333336,29.227079166666663,9,2021
2022-07-17,38.24128820005535,8.149863665414614,51.32007,50.068579166666666,29.227079166666663,9,2021
2022-07-18,50.69412644356635,18.197361020574135,37.18408,45.707483333333336,29.227079166666663,9,2021
2022-07-19,37.0580463905128,15.590285290309112,42.569622,60.464754166666665,29.227079166666663,9,2021
2022-07-20,24.79358998218072,6.628330933817779,88.11934,84.99380416666666,29.227079166666663,9,2021
2022-07-21,18.796884273674777,37.79791782818552,170.03285,149.7231375,29.227079166666663,9,2021
2022-07-22,-4.80077285965308,39.336200332260205,119.82464,95.45790833333332,29.227079166666663,9,2021
2022-07-23,3.3394552821328034,-0.7554903854643271,46.881763,45.66654583333334,29.227079166666663,9,2021
2022-07-24,-0.1077092598143281,-5.12171313376075,54.151928,52.50268333333333,29.227079166666663,9,2021
2022-07-25,3.697077479292602,14.614817563684483,53.144463,57.0559625,29.227079166666663,9,2021
2022-07-26,11.728422265676727,34.57234160436042,117.30183,102.3534125,29.227079166666663,9,2021
2022-07-27,-4.410296247337101,17.774472536409576,39.14636,43.487225,29.227079166666663,9,2021
2022-07-28,2.9881427691097997,9.899420278255548,20.820333,28.164175,29.227079166666663,9,2021
2022-07-29,-7.24985866224597,20.009101852139793,26.404877,27.528116666666666,29.227079166666663,9,2021
2022-07-30,-2.4502030979092524,6.283471685649147,27.3055,28.5679375,29.227079166666663,9,2021
2022-07-31,13.186171722064046,1.751023770440952,35.61903,40.3387625,29.227079166666663,9,2021
2022-08-01,11.224188420997962,22.796489394512264,36.52057,35.22570416666667,29.227079166666663,9,2021
2022-08-02,19.212199366701952,-5.043912053425629,,36.605025,29.227079166666663,9,2021
2022-08-03,20.731008981812693,7.702509420346814,,40.980404166666666,29.227079166666663,9,2021
2022-08-04,17.00272617943483,12.82105972528052,,39.3181625,29.227079166666663,9,2021
2022-08-05,13.945155130047624,20.113490934395486,,50.84236666666666,29.227079166666663,9,2021
2022-08-06,6.1636938974438635,21.40758197505511,,59.09238333333334,29.227079166666663,9,2021
2022-08-07,0.248610876591556,11.332043109066944,,57.31294583333334,29.227079166666663,9,2021
2022-08-08,5.54564184776882,6.804581181791036,,59.22202083333334,29.227079166666663,9,2021
2022-08-09,22.158208198532066,6.89106201153254,,63.40660833333333,29.227079166666663,9,2021
2022-08-10,47.49746993317808,5.714060062627141,,67.75318333333333,29.227079166666663,9,2021
2022-08-11,45.10944428930861,6.1819719194772915,,68.378,29.227079166666663,9,2021
2022-08-12,38.31126708157126,6.090644748802788,,68.58361666666667,29.227079166666663,9,2021
2022-08-13,19.841526436425056,7.647545541542968,,67.53542083333333,29.227079166666663,9,2021
2022-08-14,23.20044095882986,13.613741330993435,,68.38322083333334,29.227079166666663,9,2021
2022-08-15,55.264843537156594,34.7651355963161,,53.36730833333333,29.227079166666663,9,2021
2022-08-16,65.34705005564592,52.1549009293185,,50.23037083333333,29.227079166666663,9,2021
2022-08-17,61.74873238841428,40.55366549092378,,49.891025000000006,29.227079166666663,9,2021
2022-08-18,42.71610419202966,24.4278746513545,,46.79297916666667,29.227079166666663,9,2021
2022-08-19,37.19012934124328,21.865938830179402,,47.80624583333333,29.227079166666663,9,2021
2022-08-20,39.95332599127801,28.401185815713575,,47.94483333333333,29.227079166666663,9,2021
2022-08-21,64.90146991752681,87.63506517648511,,50.867129166666665,29.227079166666663,9,2021
2022-08-22,56.32401882212844,67.64669390041036,,48.59877083333333,29.227079166666663,9,2021
2022-08-23,47.1469274455103,61.56993309098925,,37.6483875,29.227079166666663,9,2021
2022-08-24,37.04696412266094,70.80052893692573,,30.740225,29.227079166666663,9,2021
2022-08-25,28.28402935903364,22.485515195691733,,34.6009625,29.227079166666663,9,2021
2022-08-26,34.15058504763374,48.56452543931391,,34.302533333333336,29.227079166666663,9,2021
2022-08-27,42.16528627193384,34.21310510755745,,44.887570833333335,29.227079166666663,9,2021
2022-08-28,45.6125639082818,47.037381258576715,,36.856525,29.227079166666663,9,2021
2022-08-29,44.6528939943089,33.079560911458316,,43.02935416666667,29.227079166666663,9,2021
2022-08-30,52.918020642083775,30.40545068781728,,24.181404166666667,29.227079166666663,9,2021
2022-08-31,47.769427547141504,36.60104519305412,,30.576416666666663,29.227079166666663,9,2021
2022-09-01,49.84946075065409,51.86670885997319,,32.71250833333333,29.227079166666663,9,2021
2022-09-02,53.953392997684205,48.23102873642529,,32.85155,29.227079166666663,9,2021
2022-09-03,54.02752785257326,35.10082338029213,,21.01140833333333,29.227079166666663,9,2021
2022-09-04,32.84727337130289,12.584558681121962,,14.676270833333334,29.227079166666663,9,2021
2022-09-05,28.96236269121073,26.244638841176197,,13.9841,29.227079166666663,9,2021
2022-09-06,17.366433838788907,28.763925780368368,,16.698133333333335,29.227079166666663,9,2021
2022-09-07,10.486171731498871,20.69789199096067,,17.66187916666667,29.227079166666663,9,2021
2022-09-08,6.991222346626728,45.16243344153099,,17.941,29.227079166666663,9,2021
2022-09-09,-8.954315194894662,32.42207923650574,,16.6961125,29.227079166666663,9,2021
2022-09-10,-16.58626366274075,56.79781748839923,,21.92235833333333,29.227079166666663,9,2021
2022-09-11,-28.85675832864763,33.033217776286506,,23.199104166666668,29.227079166666663,9,2021
2022-09-12,-29.75577817402882,54.56284790603695,,14.385695833333337,29.227079166666663,9,2021
2022-09-13,-21.631650741202975,60.11149916761951,,15.875679166666666,29.227079166666663,9,2021
2022-09-14,-17.815471953928864,34.54616123399762,,25.227725000000003,29.227079166666663,9,2021
2022-09-15,-31.15367610663725,55.623803198534915,,26.564420833333333,29.227079166666663,9,2021
2022-09-16,-39.31619269625298,41.62298780222409,,30.7237,29.227079166666663,9,2021
2022-09-17,-57.7452065725156,53.05426694190919,,31.363679166666667,29.227079166666663,9,2021
2022-09-18,-41.87294436843695,60.068566566204936,,32.869025,29.227079166666663,9,2021
2022-09-19,-36.90828505671743,74.42418761738008,,33.25342916666667,29.227079166666663,9,2021
2022-09-20,-42.630547041300815,66.01088861935477,,31.917325,29.227079166666663,9,2021
2022-09-21,-42.636754448762076,40.40160367671433,,32.35209166666667,29.227079166666663,9,2021
2022-09-22,-41.3356063174906,43.417974927593605,,30.793166666666668,29.227079166666663,9,2021
2022-09-23,-34.710044602026755,34.203046589890505,,32.12081666666666,29.227079166666663,9,2021
2022-09-24,-26.168962699076474,34.06757326570903,,31.297966666666667,29.227079166666663,9,2021
2022-09-25,-34.78739723847684,31.927709190438577,,15.9022125,29.227079166666663,9,2021
2022-09-26,-51.66456711686078,7.880492471226717,,-25.407125,29.227079166666663,9,2021
2022-09-27,-27.38086656350788,15.45230618757705,,-24.96132083333333,29.227079166666663,9,2021
2022-09-28,-19.101683756854072,40.226167708427056,,-23.57095,29.227079166666663,9,2021
2022-09-29,-0.3000916864939427,41.243144030445364,,-20.766595833333334,29.227079166666663,9,2021
2022-09-30,-6.487653538983068,27.637064971643554,,-0.1866958333333333,29.227079166666663,9,2021
2022-10-01,-1.6936861312933615,6.033690408544317,,2.8238041666666667,29.227079166666663,9,2021
2022-10-02,5.860591068921167,43.98352167239591,,2.8988541666666667,29.227079166666663,9,2021
2022-10-03,9.194173428969407,35.20161704403097,,2.537220833333333,29.227079166666663,9,2021
2022-10-04,-2.267898857488035,13.948060181004621,,-2.7125583333333334,29.227079166666663,9,2021
2022-10-05,9.596038155734277,-2.693731729792489,,1.2618250000000002,29.227079166666663,9,2021
2022-10-06,12.397541846189597,4.063345989253321,,1.4944791666666666,29.227079166666663,9,2021
2022-10-07,16.16131170468907,-2.1833357154127953,,1.615525,29.227079166666663,9,2021
2022-10-08,31.438302513423537,24.430215213736915,,6.998575,29.227079166666663,9,2021
2022-10-09,14.637326299738561,12.305189941900608,,8.3243,29.227079166666663,9,2021
2022-10-10,9.76700935376266,11.984009710977261,,9.843383333333334,29.227079166666663,9,2021
2022-10-11,36.15991704060946,17.176439179111185,,10.628429166666669,29.227079166666663,9,2021
2022-10-12,48.18506520506844,31.772138499514654,,8.399625,29.227079166666663,9,2021
2022-10-13,49.70290024147289,30.07394051266499,,7.276979166666667,29.227079166666663,9,2021
2022-10-14,51.19999278133537,21.068943902361752,,5.8074666666666666,29.227079166666663,9,2021
2022-10-15,33.180794659930825,-15.816478264333455,,8.892270833333333,29.227079166666663,9,2021
2022-10-16,34.51929639665241,-5.982111732972953,,8.237870833333334,29.227079166666663,9,2021
2022-10-17,48.74124773348194,4.641893673003324,,6.3823083333333335,29.227079166666663,9,2021
2022-10-18,47.74614386858434,6.916286980065706,,7.085887499999999,29.227079166666663,9,2021
2022-10-19,42.122053724499665,5.460901688370541,,7.339991666666666,29.227079166666663,9,2021
2022-10-20,39.9967040862889,6.51141295880916,,5.191475,29.227079166666663,9,2021
2022-10-21,23.932212870543935,-15.243134889880821,,10.662975,29.227079166666663,9,2021
2022-10-22,42.03800098237252,2.8395858978965407,,6.716441666666667,29.227079166666663,9,2021
2022-10-23,43.684860011822366,7.33278907258682,,5.953583333333333,29.227079166666663,9,2021
2022-10-24,25.720347458652668,-12.064584301350806,,9.813041666666669,29.227079166666663,9,2021
2022-10-25,36.08763595046446,-3.5758326528093676,,9.320325,29.227079166666663,9,2021
2022-10-26,30.6274604055111,-9.91302134788657,,7.954183333333333,29.227079166666663,9,2021
2022-10-27,30.573672708475897,-7.068077606357292,,7.009645833333334,29.227079166666663,9,2021
2022-10-28,29.82049841897674,-3.2551205343625043,,8.406658333333334,29.227079166666663,9,2021
2022-10-29,30.097057499909624,-6.958067240665514,,8.317791666666666,29.227079166666663,9,2021
2022-10-30,23.013961076444048,-6.751173327214929,,9.7467375,29.227079166666663,9,2021
2022-10-31,21.985930022601906,-9.27389440247407,,9.784645833333334,29.227079166666663,9,2021
2022-11-01,11.701645445278245,-14.305529201795252,,10.8601875,29.227079166666663,9,2021
2022-11-02,4.651177248167187,-12.067762745728942,,11.054679166666666,29.227079166666663,9,2021
2022-11-03,26.702939149100075,6.502760745430805,,7.289941666666666,29.227079166666663,9,2021
2022-11-04,34.43808822456356,10.391703486769984,,7.361195833333333,29.227079166666663,9,2021
2022-11-05,35.2167972629112,4.329536772203937,,9.165220833333333,29.227079166666663,9,2021
2022-11-06,24.161879079174014,-4.341412906364894,,9.145575,29.227079166666663,9,2021
2022-11-07,13.54586108818512,-12.810763456301174,,13.306616666666663,29.227079166666663,9,2021
2022-11-08,8.137700608462637,-8.13088961388803,,11.585483333333334,29.227079166666663,9,2021
2022-11-09,16.735192031688257,-3.248747910733073,,11.503637500000002,29.227079166666663,9,2021
2022-11-10,19.954458571376563,-2.272151206959279,,11.107012500000002,29.227079166666663,9,2021
2022-11-11,21.348979406833223,-1.371353320911112,,10.293758333333331,29.227079166666663,9,2021
2022-11-12,9.343670458853921,0.06381265877462283,,8.9157875,29.227079166666663,9,2021
2022-11-13,7.510970776240356,-8.932986574327515,,11.2988125,29.227079166666663,9,2021
2022-11-14,20.776387372573936,15.037055017472085,,25.214816666666668,29.227079166666663,9,2021
2022-11-15,13.633402055005718,11.385156173415453,,24.8901125,29.227079166666663,9,2021
2022-11-16,29.473408752537807,24.86387028486058,,27.058554166666667,29.227079166666663,9,2021
2022-11-17,30.013346499558907,13.904934827393845,,24.425175,29.227079166666663,9,2021
2022-11-18,45.12143721294456,25.827601762967674,,25.98147916666667,29.227079166666663,9,2021
2022-11-19,43.22356368570604,52.31486951729039,,30.538633333333333,29.227079166666663,9,2021
2022-11-20,42.555653723567275,19.3157407326662,,24.556829166666663,29.227079166666663,9,2021
2022-11-21,34.92167029407841,14.923783599318085,,21.334845833333333,29.227079166666663,9,2021
2022-11-22,29.847011680249807,21.777493108152157,,24.21110833333333,29.227079166666663,9,2021
2022-11-23,20.111221178942287,14.323419513933004,,21.362629166666665,29.227079166666663,9,2021
2022-11-24,24.89519694217597,13.369103390552482,,14.402133333333332,29.227079166666663,9,2021
2022-11-25,27.338069436730166,33.55145172435857,,23.7956375,29.227079166666663,9,2021
2022-11-26,3.0068889036197106,18.955121042169594,,21.95422083333333,29.227079166666663,9,2021
2022-11-27,20.360220629537025,34.69453518731041,,24.41143333333333,29.227079166666663,9,2021
2022-11-28,15.839722367063587,22.64809577260803,,23.706933333333332,29.227079166666663,9,2021
2022-11-29,33.77647049068668,50.99914892661445,,27.211979166666666,29.227079166666663,9,2021
2022-11-30,21.640890806821517,60.23340509741956,,30.694391666666665,29.227079166666663,9,2021
2022-12-01,20.807529636844492,53.9667224021091,,30.8302625,29.227079166666663,9,2021
2022-12-02,38.009539579305624,58.642926085357885,,33.97584166666667,29.227079166666663,9,2021
2022-12-03,70.20808342645796,63.92394878995492,,30.2932,29.227079166666663,9,2021
2022-12-04,62.29697667331902,78.13633135704458,,33.199754166666665,29.227079166666663,9,2021
2022-12-05,65.36584536163446,86.10941187497974,,32.477245833333335,29.227079166666663,9,2021
2022-12-06,59.40527282247922,74.3469883959433,,0.0292833333333332,29.227079166666663,9,2021
2022-12-07,71.9461771842025,68.64889517653228,,-0.5717249999999999,29.227079166666663,9,2021
2022-12-08,74.11948966609089,75.71811344187154,,7.366333333333333,29.227079166666663,9,2021
2022-12-09,80.20095520258656,66.90692670627232,,12.036183333333334,29.227079166666663,9,2021
2022-12-10,33.295156701480664,93.68888060712197,,6.656504166666667,29.227079166666663,9,2021
2022-12-11,32.67747933847272,86.7738995022064,,6.903933333333334,29.227079166666663,9,2021
2022-12-12,58.90675270361635,90.87804613688331,,14.325933333333332,29.227079166666663,9,2021
2022-12-13,35.49305492268013,88.77450601630062,,5.060291666666667,29.227079166666663,9,2021
2022-12-14,27.543262017020425,89.30422838863797,,5.575516666666666,29.227079166666663,9,2021
2022-12-15,44.34089997902174,63.83785149774667,,14.749479166666667,29.227079166666663,9,2021
2022-12-16,40.32260772944869,67.87694623306561,,-1.318820833333333,29.227079166666663,9,2021
2022-12-17,27.64110754329704,2.4798406356860596,,-7.1261625,-4.744441666666666,2,2022
2022-12-18,-0.003551784046976536,-11.107202776260692,,-7.243837500000001,-4.744441666666666,2,2022
2022-12-19,-8.029882699759582,-4.868019187837035,,-11.978279166666669,-4.744441666666666,2,2022
2022-12-20,12.172734648577034,-4.025132328959899,,-7.643108333333333,-4.744441666666666,2,2022
2022-12-21,19.036854341111393,-11.931643263163096,,-15.508895833333334,-4.744441666666666,2,2022
2022-12-22,-0.047711154040371184,-10.70881209151321,,-20.107941666666665,-4.744441666666666,2,2022
2022-12-23,-4.196278077181887,-5.9351190461661645,,-20.12224583333333,-4.744441666666666,2,2022
2022-12-24,15.745440250735555,-15.538462333620373,,-20.80428333333333,-4.744441666666666,2,2022
2022-12-25,3.1566078293549253,-3.342608213451058,,-20.978341666666665,-4.744441666666666,2,2022
2022-12-26,4.7783642421509285,-9.558592889418378,,-9.376375,-4.744441666666666,2,2022
2022-12-27,7.785070671259064,-10.911463257479681,,-20.89595,-4.744441666666666,2,2022
2022-12-28,6.815454271797989,-16.510682607413855,,-33.91780833333333,-4.744441666666666,2,2022
2022-12-29,-7.54962971402756,-13.722574247461125,,-30.521095833333334,-4.744441666666666,2,2022
2022-12-30,-15.558199158151183,-15.883105042973966,,4.9897625,-4.744441666666666,2,2022
2022-12-31,-15.219875072478317,-6.52653888170471,,12.890991666666666,-4.744441666666666,2,2022
2023-01-01,-13.127855196649762,-13.276917083653188,,12.880579166666664,-4.744441666666666,2,2022
2023-01-02,-16.66673966604003,-1.7984418266723878,,7.974512499999999,-4.744441666666666,2,2022
2023-01-03,-13.93970437463122,-8.175570199496633,,9.638441666666669,-4.744441666666666,2,2022
2023-01-04,-7.8077745161272105,-23.413497083632137,,13.1184375,-4.744441666666666,2,2022
2023-01-05,-4.162383860531008,-15.092170384089059,,8.893291666666666,-4.744441666666666,2,2022
2023-01-06,-16.154346476840146,-13.474205980745865,,10.562666666666669,-4.744441666666666,2,2022
2023-01-07,-25.73509222778648,-8.224849617495693,,15.5986,-4.744441666666666,2,2022
2023-01-08,-7.152007454103114,-12.72840375154874,,17.175250000000002,-4.744441666666666,2,2022
2023-01-09,-5.262642920462895,-13.670183544173142,,17.47565833333333,-4.744441666666666,2,2022
2023-01-10,1.6609900217490576,-19.439517115528815,,14.681320833333332,-4.744441666666666,2,2022
2023-01-11,-1.6948673482152117,-13.65406332777684,,16.234583333333333,-4.744441666666666,2,2022
2023-01-12,17.8125489631434,-8.460225657991032,,18.7105625,-4.744441666666666,2,2022
2023-01-13,0.23785889704231522,-18.665855310274765,,12.733608333333336,-4.744441666666666,2,2022
2023-01-14,13.173553689697428,-9.42520436307177,,17.528808333333334,-4.744441666666666,2,2022
2023-01-15,17.280427301856434,-12.634275886948672,,15.6903875,-4.744441666666666,2,2022
2023-01-16,23.17385104157779,-12.989371679628675,,8.956795833333333,-4.744441666666666,2,2022
2023-01-17,23.44428020029136,7.307379797640806,,8.2545375,-4.744441666666666,2,2022
2023-01-18,32.33610595194364,-2.949421101146527,,7.486216666666666,-4.744441666666666,2,2022
2023-01-19,34.387657193851396,9.069847741822514,,8.277954166666666,-4.744441666666666,2,2022
2023-01-20,32.29954208546599,14.197131051867473,,9.4163625,-4.744441666666666,2,2022
2023-01-21,36.12155351614831,11.618399663193713,,8.249154166666667,-4.744441666666666,2,2022
2023-01-22,34.09178753559581,7.112515197340372,,7.909658333333334,-4.744441666666666,2,2022
2023-01-23,43.091291947742434,16.87586833741534,,7.94985,-4.744441666666666,2,2022
2023-01-24,43.175465265501145,17.518697464103752,,8.173525,-4.744441666666666,2,2022
2023-01-25,47.67687334354366,6.679633096215412,,8.879483333333333,-4.744441666666666,2,2022
2023-01-26,50.24484782875038,13.188767665949172,,10.391958333333331,-4.744441666666666,2,2022
2023-01-27,61.356565193495044,14.657108480448187,,10.772591666666663,-4.744441666666666,2,2022
2023-01-28,61.28817538424482,16.805716162538374,,10.2970125,-4.744441666666666,2,2022
2023-01-29,60.598601806229,-5.3349040873813465,,7.068858333333334,-4.744441666666666,2,2022
2023-01-30,56.31447889759329,-5.724996619284411,,6.827829166666668,-4.744441666666666,2,2022
2023-01-31,43.41178461011009,-16.587525089717474,,6.477329166666667,-4.744441666666666,2,2022
2023-02-01,42.34385002943583,-17.750289662292744,,7.483066666666667,-4.744441666666666,2,2022
2023-02-02,39.678047025029514,-19.295913550502064,,8.267629166666667,-4.744441666666666,2,2022
2023-02-03,37.38015977037122,-12.650320931351416,,10.8865875,-4.744441666666666,2,2022
2023-02-04,37.56562787147692,-1.9179318866545145,,13.541620833333331,-4.744441666666666,2,2022
2023-02-05,49.715987796739455,5.8018455512180935,,13.76695,-4.744441666666666,2,2022
2023-02-06,58.38209502095765,5.326457863958012,,11.5548625,-4.744441666666666,2,2022
2023-02-07,58.87835128887377,11.016416074449353,,14.1732375,-4.744441666666666,2,2022
2023-02-08,48.36733019248379,8.75599214005274,,12.5238,-4.744441666666666,2,2022
2023-02-09,54.870999131852614,2.7972606428170366,,12.6421375,-4.744441666666666,2,2022
2023-02-10,57.56414438283241,1.2286925916851033,,14.0754875,-4.744441666666666,2,2022
2023-02-11,61.663479914526306,8.909952735303023,,15.3217,-4.744441666666666,2,2022
2023-02-12,54.96229551802867,-1.7597992457617693,,12.721304166666668,-4.744441666666666,2,2022
2023-02-13,40.82111549123715,-15.47517586748836,,14.489345833333331,-4.744441666666666,2,2022
2023-02-14,37.61581561773147,-7.091443884626642,,15.656095833333334,-4.744441666666666,2,2022
2023-02-15,25.86503451233682,-6.512769878218023,,27.137183333333336,-4.744441666666666,2,2022
2023-02-16,20.31067300550285,-15.567708415336256,,25.11231666666667,-4.744441666666666,2,2022
2023-02-17,3.9177221760176053,-13.558415318418156,,27.59777916666667,-4.744441666666666,2,2022
2023-02-18,21.95089875949384,-7.2369893928203055,,31.81598333333333,-4.744441666666666,2,2022
2023-02-19,21.10961974603447,-15.225826188634983,,20.82540833333333,-4.744441666666666,2,2022
2023-02-20,24.476464755723782,-14.75417204372161,,20.506966666666667,-4.744441666666666,2,2022
2023-02-21,24.37338724766846,-4.340261678398292,,18.727975,-4.744441666666666,2,2022
2023-02-22,22.41324619398256,-8.925799223869944,,20.93405,-4.744441666666666,2,2022
2023-02-23,30.956935826691733,8.37982104373441,,19.69449583333333,-4.744441666666666,2,2022
2023-02-24,44.8380134473847,-2.9252616576613946,,15.891445833333334,-4.744441666666666,2,2022
2023-02-25,65.34835048351692,15.4251845889587,,17.350925,-4.744441666666666,2,2022
2023-02-26,89.19131361143764,13.91119766948259,,12.284166666666666,-4.744441666666666,2,2022
2023-02-27,88.62942384070175,9.997211216571259,,12.5121625,-4.744441666666666,2,2022
2023-02-28,60.60421882463652,5.057770189761868,,13.590116666666669,-4.744441666666666,2,2022
2023-03-01,65.91326175077165,23.5901618943451,,12.721791666666666,-4.744441666666666,2,2022
2023-03-02,64.95125233943645,20.197121533011796,,8.433529166666666,-4.744441666666666,2,2022
2023-03-03,77.85616628884054,18.106285616081777,,9.92025,-4.744441666666666,2,2022
2023-03-04,51.03581067713287,22.419953206296668,,11.906295833333331,-4.744441666666666,2,2022
2023-03-05,69.18567611977574,7.026098726412783,,10.928479166666667,-4.744441666666666,2,2022
2023-03-06,47.7595761091784,-4.234494683462344,,14.7466625,-4.744441666666666,2,2022
2023-03-07,22.768673996300777,7.132822076155662,,13.389679166666667,-4.744441666666666,2,2022
2023-03-08,65.46416129203658,10.577037860214432,,57.81650833333333,-4.744441666666666,2,2022
2023-03-09,55.811899829774575,12.97697683843262,,85.95645833333333,-4.744441666666666,2,2022
2023-03-10,77.13975213290269,30.426497704843825,,32.37036666666667,-4.744441666666666,2,2022
2023-03-11,77.86261855162093,19.39473149755304,,14.4144,-4.744441666666666,2,2022
2023-03-12,65.79981468382721,11.043807913657474,,20.677645833333333,-4.744441666666666,2,2022
2023-03-13,71.96092798071913,13.988938039487039,,136.855825,-4.744441666666666,2,2022
2023-03-14,46.722816502693604,18.789484191421707,,19.03885,-4.744441666666666,2,2022
2023-03-15,33.69958914381766,19.73599355530746,,14.502783333333332,-4.744441666666666,2,2022
2023-03-16,7.926571508577126,13.951251813383351,,12.563620833333331,-4.744441666666666,2,2022
2023-03-17,5.7600436584671115,12.112820481600465,,11.792779166666667,-4.744441666666666,2,2022
2023-03-18,19.076828092741266,13.446847736609925,,16.076379166666666,-4.744441666666666,2,2022
2023-03-19,32.5070032149647,-0.7212772736502302,,10.737391666666667,-4.744441666666666,2,2022
2023-03-20,22.69273148980892,6.415292868980032,,10.745495833333337,-4.744441666666666,2,2022
2023-03-21,17.39095936593958,-1.506636676346261,,13.5358375,-4.744441666666666,2,2022
2023-03-22,2.455637341871352,-7.077299021172166,,39.26701666666666,-4.744441666666666,2,2022
2023-03-23,-6.66515186160359,2.642867808603796,,18.161191666666667,-4.744441666666666,2,2022
2023-03-24,-6.180421966033009,6.328120501895,,15.687391666666665,-4.744441666666666,2,2022
2023-03-25,-10.22329289001027,8.44192772718975,,12.933579166666666,-4.744441666666666,2,2022
2023-03-26,16.713943687069786,25.00383700869554,,11.231391666666669,-4.744441666666666,2,2022
2023-03-27,10.892417782964685,28.89990590372571,,12.042054166666668,-4.744441666666666,2,2022
2023-03-28,4.673887699771058,18.730522203030205,,15.5223,-4.744441666666666,2,2022
2023-03-29,-12.85379481302516,5.004844930075251,,19.589558333333333,-4.744441666666666,2,2022
2023-03-30,-7.59860009160866,-4.965817951455847,,23.313558333333333,-4.744441666666666,2,2022
2023-03-31,24.29550906234249,-10.328642262759786,,56.54428333333333,-4.744441666666666,2,2022
2023-04-01,12.863193585628096,26.390065992953623,,17.862041666666666,-4.744441666666666,2,2022
2023-04-02,14.776888787849884,30.05142808704221,,13.210479166666666,-4.744441666666666,2,2022
2023-04-03,-15.16291558247076,49.530922701043664,,12.103429166666666,-4.744441666666666,2,2022
2023-04-04,-13.264505352272408,45.1441941974233,,19.318995833333336,-4.744441666666666,2,2022
2023-04-05,-21.82836196036442,26.36888628376869,,15.203375,-4.744441666666666,2,2022
2023-04-06,-19.673978563435867,-1.1020568307958456,,12.823225,-4.744441666666666,2,2022
2023-04-07,-17.83707990507719,21.229792618291413,,10.106166666666669,-4.744441666666666,2,2022
2023-04-08,-24.600496271686097,17.28957113962838,,10.8017,-4.744441666666666,2,2022
2023-04-09,-14.352022759296233,9.65523711298897,,9.569579166666664,-4.744441666666666,2,2022
2023-04-10,-23.209396768678744,-8.343512785548683,,11.274283333333337,-4.744441666666666,2,2022
2023-04-11,-32.66671010620303,-0.030346423528499145,,14.803120833333333,-4.744441666666666,2,2022
2023-04-12,-20.528421028211596,3.3609482770655177,,78.05844583333334,-4.744441666666666,2,2022
2023-04-13,-13.460904714107983,9.07059737364716,,9.072945833333334,-4.744441666666666,2,2022
2023-04-14,10.668315453392097,30.46510687597953,,13.353008333333332,-4.744441666666666,2,2022
2023-04-15,-2.8736017931996685,11.070932474666279,,14.886554166666668,-4.744441666666666,2,2022
2023-04-16,4.218293216036955,32.023658258969874,,13.058325000000002,-4.744441666666666,2,2022
2023-04-17,17.806936120957744,41.609494824368824,,9.3439625,-4.744441666666666,2,2022
2023-04-18,21.294145065054295,34.279258135085456,,11.873133333333334,-4.744441666666666,2,2022
2023-04-19,13.45544240120671,38.88804522970355,,14.0833375,-4.744441666666666,2,2022
2023-04-20,16.06885313624184,29.55012328891985,,13.607045833333332,-4.744441666666666,2,2022
2023-04-21,55.490547909758334,28.753777812581973,,12.642679166666667,-4.744441666666666,2,2022
2023-04-22,41.22114638712185,26.77486777378232,,12.25155,-4.744441666666666,2,2022
2023-04-23,28.89400020398182,-1.9121352907068285,,9.140320833333334,-4.744441666666666,2,2022
2023-04-24,35.499663965887635,-2.173662832516584,,10.734379166666663,-4.744441666666666,2,2022
2023-04-25,8.582039970737924,14.644665427403424,,11.7367625,-4.744441666666666,2,2022
2023-04-26,22.47639484479305,17.276691671398794,,12.506183333333333,-4.744441666666666,2,2022
2023-04-27,31.106260815672613,10.788053998575151,,13.5244625,-4.744441666666666,2,2022
2023-04-28,43.50712775527268,5.125850958594128,,10.994570833333334,-4.744441666666666,2,2022
2023-04-29,49.12158613878978,21.810538030744738,,11.256308333333337,-4.744441666666666,2,2022
2023-04-30,26.68662472781682,9.467622433845008,,12.184070833333337,-4.744441666666666,2,2022
2023-05-01,19.739685335435524,-14.08861591764753,,12.151733333333333,-4.744441666666666,2,2022
2023-05-02,13.595702900631068,5.545874472598825,,12.001545833333331,-4.744441666666666,2,2022
2023-05-03,28.57885258357277,-3.9233828594574334,,13.926275,-4.744441666666666,2,2022
2023-05-04,34.564859507832125,2.4524634132544634,,13.9534375,-4.744441666666666,2,2022
2023-05-05,29.28538318844096,1.2298034667010143,,11.173625,-4.744441666666666,2,2022
2023-05-06,33.14866717575296,-7.875575478094561,,13.790758333333336,-4.744441666666666,2,2022
2023-05-07,14.212871232074122,-14.191188102857268,,13.0050875,-4.744441666666666,2,2022
2023-05-08,20.75820216076147,0.9163905444488591,,13.103904166666666,-4.744441666666666,2,2022
2023-05-09,20.683106383252607,-11.922021247987686,,12.688916666666666,-4.744441666666666,2,2022
2023-05-10,10.810254794005914,-2.8262601421456566,,11.505525,-4.744441666666666,2,2022
2023-05-11,21.877262571526558,-2.030192906589491,,11.474708333333334,-4.744441666666666,2,2022
2023-05-12,22.51858617023288,13.392410684608421,,7.8356875,-4.744441666666666,2,2022
2023-05-13,34.14135511290351,16.72440929906179,,9.650695833333334,-4.744441666666666,2,2022
2023-05-14,24.055852394436215,0.3477791446223364,,13.241575,-4.744441666666666,2,2022
2023-05-15,26.319721711870898,-19.02488928017283,,11.609133333333332,-4.744441666666666,2,2022
2023-05-16,20.917267143185427,-16.05633054968439,,9.757991666666667,-4.744441666666666,2,2022
2023-05-17,24.35615824436718,-7.3553727540083855,,6.880029166666667,-4.744441666666666,2,2022
2023-05-18,38.289456387307155,-23.914130032062076,,9.886629166666667,-4.744441666666666,2,2022
2023-05-19,23.840175592474907,-20.33412230597378,,8.897120833333334,-4.744441666666666,2,2022
2023-05-20,16.098871819002625,-5.317723110631505,,5.6569666666666665,-4.744441666666666,2,2022
2023-05-21,16.18222711930366,-4.218428757950278,,3.4890833333333333,-4.744441666666666,2,2022
2023-05-22,5.019056613079556,-16.887962490637165,,4.742304166666666,-4.744441666666666,2,2022
2023-05-23,0.12708461209103916,9.605776029338813,,3.446683333333333,-4.744441666666666,2,2022
2023-05-24,2.7945043363865807,-20.736021017087296,,3.4703250000000003,-4.744441666666666,2,2022
2023-05-25,7.023217133326398,-5.002969621160901,,2.5631375,-4.744441666666666,2,2022
2023-05-26,20.54599788728035,0.9092095309531487,,16.804720833333334,-4.744441666666666,2,2022
2023-05-27,14.86087052143057,10.950974677835347,,5.574645833333334,-4.744441666666666,2,2022
2023-05-28,24.675411612896596,-3.7651040507994367,,4.1894,-4.744441666666666,2,2022
2023-05-29,28.711864727923853,-5.829026305924799,,8.8497,-4.744441666666666,2,2022
2023-05-30,34.377545516662394,4.271489930144753,,8.1188,-4.744441666666666,2,2022
2023-05-31,36.67518794031389,10.627071086260003,,10.824416666666666,-4.744441666666666,2,2022
2023-06-01,37.22523081367615,17.374644955226586,,8.325779166666667,-4.744441666666666,2,2022
2023-06-02,46.85751009837281,20.324703022856056,,11.798229166666667,-4.744441666666666,2,2022
2023-06-03,48.79960778549389,14.167097752330164,,6.942575000000001,-4.744441666666666,2,2022
2023-06-04,58.16950444695408,22.072067660665425,,19.906133333333333,-4.744441666666666,2,2022
2023-06-05,74.87403483729304,9.74434724701905,,8.358370833333334,-4.744441666666666,2,2022
2023-06-06,61.6498591669158,18.324445181941428,,10.957641666666667,-4.744441666666666,2,2022
2023-06-07,46.69843571944966,23.190497461929,,9.623875,-4.744441666666666,2,2022
2023-06-08,41.00872912632565,16.209506200521446,,7.643491666666666,-4.744441666666666,2,2022
2023-06-09,61.73688119001372,22.475870728949076,,10.242454166666668,-4.744441666666666,2,2022
2023-06-10,72.66222421350813,27.567411322140458,,13.180616666666667,-4.744441666666666,2,2022
2023-06-11,78.21126208152054,0.6423635705991728,,12.712220833333332,-4.744441666666666,2,2022
2023-06-12,82.63849993722488,-14.38732436271539,,11.258925,-4.744441666666666,2,2022
2023-06-13,75.8881802023825,5.032391289492352,,9.711058333333334,-4.744441666666666,2,2022
2023-06-14,75.24145048447281,13.793720548439069,,26.642954166666662,-4.744441666666666,2,2022
2023-06-15,70.0302397317314,19.564737137206066,,33.09138333333333,-4.744441666666666,2,2022
2023-06-16,58.88764547063283,28.060402828614144,,9.805441666666669,-4.744441666666666,2,2022
2023-06-17,84.55607067333676,37.750750390223345,,12.7017125,-4.744441666666666,2,2022
2023-06-18,70.0845139110802,28.247716819783875,,11.244470833333333,-4.744441666666666,2,2022
2023-06-19,63.13440789847027,35.26891674530117,,18.150716666666668,-4.744441666666666,2,2022
2023-06-20,82.48245123104243,31.279994777395018,,13.439275,-4.744441666666666,2,2022
2023-06-21,65.23101117779493,40.356921644656666,,7.980316666666667,-4.744441666666666,2,2022
2023-06-22,65.64241705798258,25.821258310699477,,10.6514125,-4.744441666666666,2,2022
2023-06-23,38.984718501529926,30.988717397106996,,13.143545833333333,-4.744441666666666,2,2022
2023-06-24,48.80053595080324,36.25865209359364,,13.515633333333334,-4.744441666666666,2,2022
2023-06-25,56.546106778965395,17.6006641706349,,17.5213875,-4.744441666666666,2,2022
2023-06-26,68.16651928844908,11.70845362336513,,40.130766666666666,-4.744441666666666,2,2022
2023-06-27,53.26097163816257,23.708643396746993,,39.85754583333333,-4.744441666666666,2,2022
2023-06-28,67.4732476659724,24.719025985936696,,38.97201666666667,-4.744441666666666,2,2022
2023-06-29,68.44827644896964,16.811479348711146,,38.2870375,-4.744441666666666,2,2022
2023-06-30,54.9782424212176,27.729481096195798,,42.27121666666667,-4.744441666666666,2,2022
2023-07-01,53.576226274256896,20.31253768856527,,42.76443333333333,-4.744441666666666,2,2022
2023-07-02,74.30843240531976,14.833745960421766,,46.986354166666665,-4.744441666666666,2,2022
2023-07-03,69.3440823032006,16.742151977652384,,46.0592,-4.744441666666666,2,2022
2023-07-04,70.93443352757686,39.5663842488766,,61.338120833333335,-4.744441666666666,2,2022
2023-07-05,62.74804055647019,42.60320906804253,,50.225775,-4.744441666666666,2,2022
2023-07-06,56.97452658702832,58.24084058072958,,42.73356666666667,-4.744441666666666,2,2022
2023-07-07,32.98372885930456,53.346310643849165,,37.14480833333334,-4.744441666666666,2,2022
2023-07-08,38.737894392849,53.260579073307326,,18.0615125,-4.744441666666666,2,2022
2023-07-09,35.368983719420044,60.96639540148749,,16.412679166666667,-4.744441666666666,2,2022
2023-07-10,61.45060326932503,56.35194378393817,,16.020508333333336,-4.744441666666666,2,2022
2023-07-11,40.94071047879362,51.64842588268834,,19.086762500000003,-4.744441666666666,2,2022
2023-07-12,51.20664216465957,40.392832976468014,,16.051920833333334,-4.744441666666666,2,2022
2023-07-13,21.28988009847535,44.79601631626156,,12.77375,-4.744441666666666,2,2022
2023-07-14,36.61203720139247,50.652167275843794,,18.3072125,-4.744441666666666,2,2022
2023-07-15,31.069400437442596,56.649984033507735,,13.816,-4.744441666666666,2,2022
2023-07-16,36.014061741582395,43.45199692841396,,16.177341666666667,-4.744441666666666,2,2022
2023-07-17,37.14842278520291,28.552997071982986,,12.214687499999998,-4.744441666666666,2,2022
2023-07-18,52.15678066534542,42.306823646386704,,24.347241666666665,-4.744441666666666,2,2022
2023-07-19,62.832197691369174,1.9338727108079183,,10.989725,-4.744441666666666,2,2022
2023-07-20,63.616437866605565,0.432884281884526,,15.211670833333336,-4.744441666666666,2,2022
2023-07-21,55.44854347024693,13.38689807174751,,15.186895833333333,-4.744441666666666,2,2022
2023-07-22,64.14551715026437,53.214820210339894,,22.625633333333337,-4.744441666666666,2,2022
2023-07-23,54.19440733950205,44.35488826506548,,10.638229166666669,-4.744441666666666,2,2022
2023-07-24,72.8016807902236,43.61703077593751,,21.3476625,-4.744441666666666,2,2022
2023-07-25,59.304912678207074,27.161703896686674,,38.59811666666667,-4.744441666666666,2,2022
2023-07-26,50.995350395655805,38.88680071558798,,43.95239166666667,-4.744441666666666,2,2022
2023-07-27,45.258100648772825,22.80687598580471,,29.303366666666665,-4.744441666666666,2,2022
2023-07-28,26.829577846288203,22.761277907379053,,37.333416666666665,-4.744441666666666,2,2022
2023-07-29,33.380780542916796,1.3480657174550288,,38.5578,-4.744441666666666,2,2022
2023-07-30,22.692658405926295,36.630707523264675,,33.08435,-4.744441666666666,2,2022
2023-07-31,43.06463094736057,57.859645489508466,,33.42189166666667,-4.744441666666666,2,2022
2023-08-01,49.83454029491304,55.96225425744501,,50.88329166666667,-4.744441666666666,2,2022
2023-08-02,62.05005606761961,106.21345611511333,,67.22480416666666,-4.744441666666666,2,2022
2023-08-03,61.55880500160788,93.50961054358913,,49.12930416666666,-4.744441666666666,2,2022
2023-08-04,49.92919227535708,66.73027691519928,,42.86838333333333,-4.744441666666666,2,2022
2023-08-05,71.19595689316475,130.9491096357542,,49.82715833333333,-4.744441666666666,2,2022
2023-08-06,68.30985766338745,63.672397151476616,,46.40745,-4.744441666666666,2,2022
2023-08-07,48.66813301281661,36.00392552908994,,46.6717,-4.744441666666666,2,2022
2023-08-08,36.96185894788556,70.1500012461347,,46.01819583333333,-4.744441666666666,2,2022
2023-08-09,50.68022939866114,44.36618703331942,,46.349783333333335,-4.744441666666666,2,2022
2023-08-10,31.91656322548107,46.64421165476324,,47.1601,-4.744441666666666,2,2022
2023-08-11,18.328013763524496,35.87459837850639,,35.1675,-4.744441666666666,2,2022
2023-08-12,12.258908898636491,54.178015668684566,,35.23667916666667,-4.744441666666666,2,2022
2023-08-13,26.846877845361178,48.105970743604075,,18.19855833333333,-4.744441666666666,2,2022
2023-08-14,23.61717056519717,45.783415068420936,,17.35611666666667,-4.744441666666666,2,2022
2023-08-15,38.37124351629814,30.57670909691541,,13.314683333333331,-4.744441666666666,2,2022
2023-08-16,20.185070000766814,28.64576087811662,,14.578141666666667,-4.744441666666666,2,2022
2023-08-17,7.609339431430044,42.03712532649939,,20.8527125,-4.744441666666666,2,2022
2023-08-18,15.108908866618549,54.143492930643106,,25.67815416666667,-4.744441666666666,2,2022
2023-08-19,27.18067803869951,27.271078103257935,,36.5661625,-4.744441666666666,2,2022
2023-08-20,9.777884396700529,19.654018496332583,,15.641070833333336,-4.744441666666666,2,2022
2023-08-21,9.438219743809213,17.91943727364992,,6.610245833333334,-4.744441666666666,2,2022
2023-08-22,10.281409378771514,2.2727188242138254,,1.7274083333333332,-4.744441666666666,2,2022
2023-08-23,25.240707092562843,37.360885462411886,,9.4090875,-4.744441666666666,2,2022
2023-08-24,29.737748408618472,17.097863763057376,,17.59519166666667,-4.744441666666666,2,2022
2023-08-25,18.473291993518842,9.22497976730574,,6.6613625,-4.744441666666666,2,2022
2023-08-26,27.927788469395637,11.959574020288983,,5.3356208333333335,-4.744441666666666,2,2022
2023-08-27,18.817634014898204,14.983219205278829,,4.531229166666667,-4.744441666666666,2,2022
2023-08-28,31.972938566455355,16.858213359483898,,5.932441666666667,-4.744441666666666,2,2022
2023-08-29,30.56708760376773,23.927487862992393,,7.2592541666666675,-4.744441666666666,2,2022
2023-08-30,44.08402686738896,12.811723739261197,,7.352154166666666,-4.744441666666666,2,2022
2023-08-31,30.645695583864494,38.24720711678896,,7.1669833333333335,-4.744441666666666,2,2022
2023-09-01,39.8307516215541,12.919942176431505,,9.246379166666664,-4.744441666666666,2,2022
2023-09-02,54.29603569857045,24.942503970340567,,27.043604166666668,-4.744441666666666,2,2022
2023-09-03,44.73306185976776,36.18002636455395,,16.1188875,-4.744441666666666,2,2022
2023-09-04,48.99700004407771,33.52201619014647,,13.9281625,-4.744441666666666,2,2022
2023-09-05,64.59383665551081,41.839463701605325,,7.344433333333334,-4.744441666666666,2,2022
2023-09-06,31.760942582039718,52.42569385552224,,26.848308333333332,-4.744441666666666,2,2022
2023-09-07,52.78820870634422,50.97124733116584,,33.710745833333334,-4.744441666666666,2,2022
2023-09-08,47.749720225578585,36.6520198274938,,21.26642083333333,-4.744441666666666,2,2022
2023-09-09,53.465368464868334,42.96938228921766,,41.410579166666665,-4.744441666666666,2,2022
2023-09-10,28.10568351417811,45.603282090746916,,15.882529166666666,-4.744441666666666,2,2022
2023-09-11,35.596042814072575,50.889205452641136,,6.04765,-4.744441666666666,2,2022
2023-09-12,52.20676168861769,35.05628023285709,,5.125945833333334,-4.744441666666666,2,2022
2023-09-13,41.95203689412466,35.3942890137792,,14.645516666666667,-4.744441666666666,2,2022
2023-09-14,35.44236306974267,64.84411971995087,,11.704120833333333,-4.744441666666666,2,2022
2023-09-15,35.43032719832968,69.17632347091057,,7.830116666666666,-4.744441666666666,2,2022
2023-09-16,41.960976619052985,124.14725532310604,,11.1134125,-4.744441666666666,2,2022
2023-09-17,32.41452339191784,97.73448539263563,,12.023316666666666,-4.744441666666666,2,2022
2023-09-18,6.867162162811155,30.957403041512805,,-3.1280125,-4.744441666666666,2,2022
2023-09-19,13.494621626626895,22.853188198169164,,2.092470833333333,-4.744441666666666,2,2022
2023-09-20,22.581520789672823,33.26410995472082,,21.1599875,-4.744441666666666,2,2022
2023-09-21,-8.141354413762201,30.783285911434348,,4.263491666666666,-4.744441666666666,2,2022
2023-09-22,-0.5391188283720112,5.612084294035867,,-0.1002416666666668,-4.744441666666666,2,2022
2023-09-23,-21.928983849963515,8.995918174269264,,1.8254625,-4.744441666666666,2,2022
2023-09-24,-17.20913483311324,12.454531483205301,,6.363104166666667,-4.744441666666666,2,2022
2023-09-25,-24.26807736372939,23.1583676990158,,-0.6928833333333334,-4.744441666666666,2,2022
2023-09-26,-50.18702993985244,29.473816929098064,,2.1708166666666666,-4.744441666666666,2,2022
2023-09-27,-36.303380810546514,20.010596847774423,,3.4400374999999994,-4.744441666666666,2,2022
2023-09-28,-58.776490964194636,42.135576624784505,,1.2043625,-4.744441666666666,2,2022
2023-09-29,-61.59969211647331,14.853079779542668,,20.185875,-4.744441666666666,2,2022
2023-09-30,-37.39860334691002,22.897679577800773,,0.0819541666666666,-4.744441666666666,2,2022
2023-10-01,-3.395303780935137,30.907726882436634,,3.7603041666666654,-4.744441666666666,2,2022
2023-10-02,2.5248707479381665,10.073640252910309,,-1.8561375,-4.744441666666666,2,2022
2023-10-03,-6.526359304164544,-7.65730941857737,,-15.209525,-4.744441666666666,2,2022
2023-10-04,-2.5300616064182577,-11.358577922718268,,-19.392675,-4.744441666666666,2,2022
2023-10-05,12.45168329989383,-14.680035753186075,,-14.638120833333334,-4.744441666666666,2,2022
2023-10-06,8.948685104983724,-11.04471814472663,,-12.961270833333332,-4.744441666666666,2,2022
2023-10-07,14.448274418011579,3.330372068685847,,-1.3115541666666666,-4.744441666666666,2,2022
2023-10-08,1.719114677656762,6.8691709255278965,,6.982758333333333,-4.744441666666666,2,2022
2023-10-09,-12.344805244644704,3.1298215423171314,,22.905525,-4.744441666666666,2,2022
2023-10-10,-8.769658640806483,-3.2074907312526193,,8.389370833333333,-4.744441666666666,2,2022
2023-10-11,-11.277525808775408,-5.008202427156903,,5.132175,-4.744441666666666,2,2022
2023-10-12,-0.3374281934343344,-0.46678248946000167,,17.935208333333332,-4.744441666666666,2,2022
2023-10-13,14.722531084063803,17.45059581416217,,71.75894583333333,-4.744441666666666,2,2022
2023-10-14,6.000431165199643,25.513186776211796,,1.3142958333333334,-4.744441666666666,2,2022
2023-10-15,35.17824835848796,23.375932153259782,,5.972512500000001,-4.744441666666666,2,2022
2023-10-16,47.03116366782433,34.30591861343959,,-1.697775,-4.744441666666666,2,2022
2023-10-17,60.881325762111146,38.60016677198536,,7.8093,-4.744441666666666,2,2022
2023-10-18,68.12361904934778,48.26147027661136,,34.694250000000004,-4.744441666666666,2,2022
2023-10-19,54.42167942146966,15.076511825506032,,3.5565625,-4.744441666666666,2,2022
2023-10-20,65.55130651367949,15.387212291657306,,2.070691666666667,-4.744441666666666,2,2022
2023-10-21,60.596377968086244,9.389493675207177,,2.096154166666667,-4.744441666666666,2,2022
2023-10-22,52.03759546955939,1.8214446419983688,,2.754775,-4.744441666666666,2,2022
2023-10-23,52.22678145217981,3.9252456397061906,,2.439995833333333,-4.744441666666666,2,2022
2023-10-24,52.72859418328642,12.917016733015544,,13.837975,-4.744441666666666,2,2022
2023-10-25,59.455344365982,16.52063055319195,,6.9756375,-4.744441666666666,2,2022
2023-10-26,25.644181283374678,1.2843261312507366,,5.236108333333333,-4.744441666666666,2,2022
2023-10-27,26.404227561295556,-0.544848604769868,,4.223270833333333,-4.744441666666666,2,2022
2023-10-28,27.159325016307207,-2.8424388256480597,,3.2185,-4.744441666666666,2,2022
2023-10-29,13.553671315677548,-4.672396603268226,,4.574579166666667,-4.744441666666666,2,2022
2023-10-30,22.81416349295796,9.173887869017562,,5.1594291666666665,-4.744441666666666,2,2022
2023-10-31,13.396119169623944,10.149904328485718,,4.9236375,-4.744441666666666,2,2022
2023-11-01,22.885915160808963,-2.086087460021645,,39.678337500000005,-4.744441666666666,2,2022
2023-11-02,30.183718789066234,23.086812313592418,,37.002633333333335,-4.744441666666666,2,2022
2023-11-03,24.09133566350647,20.01335524231581,,9.866225,-4.744441666666666,2,2022
2023-11-04,20.59288433015115,15.197872832883377,,8.290941666666667,-4.744441666666666,2,2022
2023-11-05,12.09411100764828,13.154606171098976,,21.40985,-4.744441666666666,2,2022
2023-11-06,28.548136993788376,20.78453637178245,,16.848604166666664,-4.744441666666666,2,2022
2023-11-07,31.701118725860965,12.391838040578023,,4.097579166666667,-4.744441666666666,2,2022
2023-11-08,34.25880613256038,19.703928523833156,,19.000229166666667,-4.744441666666666,2,2022
2023-11-09,24.700827055107425,10.68739869920114,,5.867141666666666,-4.744441666666666,2,2022
2023-11-10,3.10472662513439,14.181720793188106,,6.580970833333333,-4.744441666666666,2,2022
2023-11-11,20.464837191569018,17.874893691245006,,6.8157958333333335,-4.744441666666666,2,2022
2023-11-12,0.3288483309113417,11.530663506156998,,4.978766666666666,-4.744441666666666,2,2022
2023-11-13,11.559855296988644,7.671577665874111,,58.19325,-4.744441666666666,2,2022
2023-11-14,6.5324442447181355,12.146616557037532,,5.265241666666667,-4.744441666666666,2,2022
2023-11-15,5.662656252701936,8.608204000717933,,5.445262499999999,-4.744441666666666,2,2022
2023-11-16,37.31936807477541,23.494029443250156,,5.336454166666666,-4.744441666666666,2,2022
2023-11-17,9.808063864003088,10.032395885778215,,4.505925,-4.744441666666666,2,2022
2023-11-18,-9.9854737597243,5.805209497929809,,11.035566666666666,-4.744441666666666,2,2022
2023-11-19,-10.676822232032464,10.397245244622354,,15.145975,-4.744441666666666,2,2022
2023-11-20,21.917996395535738,23.619969677901736,,45.185475,-4.744441666666666,2,2022
2023-11-21,23.128332311367558,22.90504016883665,,12.5467625,-4.744441666666666,2,2022
2023-11-22,35.254071842656685,11.184483947157332,,5.125804166666667,-4.744441666666666,2,2022
2023-11-23,24.90713554737158,14.21559204061873,,7.6304375,-4.744441666666666,2,2022
2023-11-24,14.13594940155508,7.725106389620123,,5.376141666666666,-4.744441666666666,2,2022
2023-11-25,35.98946692696791,12.73416921112971,,5.680533333333333,-4.744441666666666,2,2022
2023-11-26,22.355795997905943,16.9953604855084,,3.5847916666666664,-4.744441666666666,2,2022
2023-11-27,33.192352544564756,16.379676800938114,,6.3347541666666665,-4.744441666666666,2,2022
2023-11-28,27.99468371324616,9.910907503634007,,3.2418,-4.744441666666666,2,2022
2023-11-29,42.21584830726647,10.730349052964812,,4.5779375,-4.744441666666666,2,2022
2023-11-30,26.811560059082296,27.004942100620895,,4.05695,-4.744441666666666,2,2022
2023-12-01,7.34353752654215,-2.1804408406023867,,6.676995833333333,-4.744441666666666,2,2022
2023-12-02,4.132668139152656,-4.39501194703962,,7.821879166666666,-4.744441666666666,2,2022
2023-12-03,-10.068730918811525,-5.376975346442578,,8.353654166666667,-4.744441666666666,2,2022
2023-12-04,32.758263515321005,33.17888214094137,,90.50910833333334,-4.744441666666666,2,2022
2023-12-05,39.4973011867969,13.420144974009418,,29.7842625,-4.744441666666666,2,2022
2023-12-06,37.74427254808404,2.3762891264491373,,18.651516666666662,-4.744441666666666,2,2022
2023-12-07,46.46775375232983,15.428304226691353,,28.803625,-4.744441666666666,2,2022
2023-12-08,33.64187480170813,2.8367217632130632,,4.856679166666667,-4.744441666666666,2,2022
2023-12-09,42.40453262123543,12.265265108313997,,38.9513375,-4.744441666666666,2,2022
2023-12-10,37.498395919738584,-0.8145239554369255,,10.216491666666666,-4.744441666666666,2,2022
2023-12-11,45.61887192696645,-8.426281326677781,,5.478229166666666,-4.744441666666666,2,2022
2023-12-12,45.01865696818163,-6.721551737881327,,6.259516666666666,-4.744441666666666,2,2022
2023-12-13,53.7978562804858,-15.205847143236042,,6.4345791666666665,-4.744441666666666,2,2022
2023-12-14,47.85029408862624,-11.327523536935132,,6.203875,-4.744441666666666,2,2022
2023-12-15,22.70959820586347,-5.985250413425547,,-0.7077958333333333,-4.744441666666666,2,2022
2023-12-16,19.63606491853784,-5.663647920097446,,-2.0837791666666665,-4.744441666666666,2,2022
2022-12-17,1.0050809681815736,11.996437530685398,,3.6547,-3.760783333333333,4,2022
2022-12-18,-23.103863642167198,-2.611422760779078,,4.113058333333334,-3.760783333333333,4,2022
2022-12-19,-36.94321140993634,-3.395337190710052,,3.3117666666666667,-3.760783333333333,4,2022
2022-12-20,-19.67491821335534,-9.970560471446788,,-1.9374,-3.760783333333333,4,2022
2022-12-21,-17.441207482113896,-8.647909244795756,,-3.9638166666666654,-3.760783333333333,4,2022
2022-12-22,-35.73793707500408,-9.581424294350654,,-4.116641666666667,-3.760783333333333,4,2022
2022-12-23,-39.5523978965557,-5.646258132254388,,-2.03745,-3.760783333333333,4,2022
2022-12-24,-23.745995339804267,-10.150313412931155,,-3.2348041666666667,-3.760783333333333,4,2022
2022-12-25,-42.01027151258677,-2.0081090453709294,,-2.3600166666666667,-3.760783333333333,4,2022
2022-12-26,-42.165576851277365,-5.543188976642796,,2.1397708333333334,-3.760783333333333,4,2022
2022-12-27,-29.950829503393834,-4.053902321383248,,4.2041625,-3.760783333333333,4,2022
2022-12-28,-25.166169699431066,-8.84210773770883,,2.4065333333333334,-3.760783333333333,4,2022
2022-12-29,-41.586902844868746,-8.96843427288286,,4.622745833333333,-3.760783333333333,4,2022
2022-12-30,-48.678870937987995,-9.184478582368229,,2.2995666666666668,-3.760783333333333,4,2022
2022-12-31,-51.888038514967775,-7.398688527185186,,3.2525791666666666,-3.760783333333333,4,2022
2023-01-01,-49.6126657944078,-10.075959958858675,,2.0863083333333337,-3.760783333333333,4,2022
2023-01-02,-51.00597034255952,-2.3568026899329197,,0.1937624999999999,-3.760783333333333,4,2022
2023-01-03,-42.34933061330776,-5.776664836189866,,3.752825,-3.760783333333333,4,2022
2023-01-04,-31.43773988841258,-11.24418285341062,,2.564554166666667,-3.760783333333333,4,2022
2023-01-05,-22.726608816275075,-9.37025781200282,,-2.003366666666667,-3.760783333333333,4,2022
2023-01-06,-35.803654102261135,-12.88740922281113,,0.8017291666666666,-3.760783333333333,4,2022
2023-01-07,-45.929204700296395,-8.131502706384254,,1.5997291666666669,-3.760783333333333,4,2022
2023-01-08,-24.307413197469486,-12.307106489875423,,2.4190625,-3.760783333333333,4,2022
2023-01-09,-18.63638371257821,-11.544077345487949,,2.2241916666666666,-3.760783333333333,4,2022
2023-01-10,-7.753245587244692,-14.807468987154152,,0.2546291666666667,-3.760783333333333,4,2022
2023-01-11,-4.0091708089944404,-7.992718501388936,,1.122575,-3.760783333333333,4,2022
2023-01-12,16.26022850317463,-6.07096736719086,,2.0371,-3.760783333333333,4,2022
2023-01-13,-2.364106901973628,-15.514507525006593,,-0.8786208333333335,-3.760783333333333,4,2022
2023-01-14,10.9497510448291,-8.102432025986673,,1.1017791666666663,-3.760783333333333,4,2022
2023-01-15,12.963149367839833,-13.904219017450032,,2.4454541666666665,-3.760783333333333,4,2022
2023-01-16,17.727015763140116,-10.147122779426809,,3.4429625,-3.760783333333333,4,2022
2023-01-17,19.13539020788926,8.44079805917545,,5.436370833333334,-3.760783333333333,4,2022
2023-01-18,26.547173371378676,5.369880130792353,,5.0583833333333335,-3.760783333333333,4,2022
2023-01-19,28.18130914983601,11.829935741176541,,2.7142083333333336,-3.760783333333333,4,2022
2023-01-20,25.836843970697146,15.857559279127145,,0.5508541666666666,-3.760783333333333,4,2022
2023-01-21,28.02050424897783,15.715628290957056,,2.842608333333333,-3.760783333333333,4,2022
2023-01-22,24.995170304271596,10.596160780131186,,0.7814333333333333,-3.760783333333333,4,2022
2023-01-23,33.63296796452698,15.990674262941639,,0.3188625,-3.760783333333333,4,2022
2023-01-24,33.595669605028945,20.29748867307717,,3.498745833333333,-3.760783333333333,4,2022
2023-01-25,38.77534727255602,10.767615568771134,,1.7492208333333332,-3.760783333333333,4,2022
2023-01-26,42.824402659086616,12.990288545625162,,1.2604749999999998,-3.760783333333333,4,2022
2023-01-27,54.70360363086479,13.624518831494925,,0.1730958333333333,-3.760783333333333,4,2022
2023-01-28,54.57014619685742,14.378318525562236,,0.1994416666666666,-3.760783333333333,4,2022
2023-01-29,52.20449086797896,1.781791415396583,,6.709654166666667,-3.760783333333333,4,2022
2023-01-30,45.51252339313589,0.24592735768419516,,3.8186875,-3.760783333333333,4,2022
2023-01-31,33.80224955171428,-5.557262844325578,,4.115625,-3.760783333333333,4,2022
2023-02-01,24.617529177857023,-6.797801196680211,,4.228908333333334,-3.760783333333333,4,2022
2023-02-02,18.625158213504164,-7.866554838867614,,2.5709,-3.760783333333333,4,2022
2023-02-03,16.87746991850031,-6.3299390612196476,,0.3967666666666667,-3.760783333333333,4,2022
2023-02-04,20.226096160306497,-3.4789994433181164,,0.0434541666666666,-3.760783333333333,4,2022
2023-02-05,25.861406419592186,3.617430942863166,,-1.8575541666666664,-3.760783333333333,4,2022
2023-02-06,20.89925092206272,6.059317981597587,,0.8499708333333333,-3.760783333333333,4,2022
2023-02-07,17.161212872517353,10.665742900723671,,0.789275,-3.760783333333333,4,2022
2023-02-08,14.501450251010056,11.03464528288714,,2.0251875,-3.760783333333333,4,2022
2023-02-09,18.23480675584551,6.312509784566146,,2.7290791666666667,-3.760783333333333,4,2022
2023-02-10,26.03349077367818,4.409384599882969,,1.495375,-3.760783333333333,4,2022
2023-02-11,32.61948453060302,6.224418648670962,,-1.0702625,-3.760783333333333,4,2022
2023-02-12,36.42484014443494,1.9202519631974155,,4.127070833333334,-3.760783333333333,4,2022
2023-02-13,22.525920659882104,-0.657640004881614,,2.1719708333333334,-3.760783333333333,4,2022
2023-02-14,30.597321361954528,-0.0726264936829466,,4.814675,-3.760783333333333,4,2022
2023-02-15,20.08456191321352,0.8355472415992153,,5.097204166666667,-3.760783333333333,4,2022
2023-02-16,22.122260627197306,-7.06511280577206,,3.455929166666667,-3.760783333333333,4,2022
2023-02-17,9.703098703665091,-7.189192533583082,,2.5914208333333333,-3.760783333333333,4,2022
2023-02-18,14.118945914234473,-7.866304265555755,,2.823375,-3.760783333333333,4,2022
2023-02-19,24.232289415760306,-5.508568097387524,,4.0826625000000005,-3.760783333333333,4,2022
2023-02-20,29.585632659376756,-4.1977773408311805,,3.1152083333333334,-3.760783333333333,4,2022
2023-02-21,30.779504864563933,3.2832037308392046,,3.647229166666667,-3.760783333333333,4,2022
2023-02-22,20.398534449195495,-0.27319790116098375,,5.05175,-3.760783333333333,4,2022
2023-02-23,14.572080603290487,4.762206439757847,,8.104862500000001,-3.760783333333333,4,2022
2023-02-24,8.090312815433663,6.744771716744253,,7.400229166666667,-3.760783333333333,4,2022
2023-02-25,17.49922791777226,9.155775594791976,,9.166316666666669,-3.760783333333333,4,2022
2023-02-26,62.13155712541288,14.203946645950055,,10.718845833333331,-3.760783333333333,4,2022
2023-02-27,47.874493206219086,13.9280779582582,,11.377825,-3.760783333333333,4,2022
2023-02-28,15.182988778158915,13.847439290279908,,11.669216666666664,-3.760783333333333,4,2022
2023-03-01,-15.868154168699675,16.971188513357674,,8.331920833333333,-3.760783333333333,4,2022
2023-03-02,2.777298302305553,23.46837386828213,,12.056325,-3.760783333333333,4,2022
2023-03-03,-3.8058723286389977,23.364787905214826,,13.9570625,-3.760783333333333,4,2022
2023-03-04,0.39918425955033854,25.401220179918255,,13.448070833333333,-3.760783333333333,4,2022
2023-03-05,51.15489251142776,22.971212404276912,,11.156754166666666,-3.760783333333333,4,2022
2023-03-06,36.19628178613311,13.068243991055624,,5.720925,-3.760783333333333,4,2022
2023-03-07,13.099837109459258,12.5791290625275,,8.612516666666666,-3.760783333333333,4,2022
2023-03-08,31.60367807326702,-7.897939146178032,,12.658504166666669,-3.760783333333333,4,2022
2023-03-09,31.120462058122257,2.4271053940942693,,5.741841666666667,-3.760783333333333,4,2022
2023-03-10,51.48925962688418,4.122582563350306,,8.942645833333334,-3.760783333333333,4,2022
2023-03-11,52.93031091961075,10.139672584918117,,4.833608333333333,-3.760783333333333,4,2022
2023-03-12,67.62588231078075,8.150275008961671,,4.268808333333333,-3.760783333333333,4,2022
2023-03-13,27.467050968435615,6.698764368575894,,6.3489875,-3.760783333333333,4,2022
2023-03-14,24.869121487851544,1.9281137008570113,,5.574637500000001,-3.760783333333333,4,2022
2023-03-15,-4.270915514341141,5.446355105571911,,6.5027125,-3.760783333333333,4,2022
2023-03-16,-36.511598880258134,-2.100708412768654,-3.6513915,1.5261333333333331,-3.760783333333333,4,2022
2023-03-17,-21.94903389113415,-3.2973630257729383,3.1103888,1.6831208333333336,-3.760783333333333,4,2022
2023-03-18,-15.67728412461247,10.02528795616513,25.08103,16.320116666666667,-3.760783333333333,4,2022
2023-03-19,16.11240904217584,-1.1575588193727526,0.70094293,1.7747958333333334,-3.760783333333333,4,2022
2023-03-20,18.51133528659193,-10.367092737464645,1.4148774,2.6741458333333337,-3.760783333333333,4,2022
2023-03-21,5.364158706838225,-14.082643920381543,9.560411,6.619916666666666,-3.760783333333333,4,2022
2023-03-22,-18.68514527906609,-30.813449010579916,6.877242,14.445870833333332,-3.760783333333333,4,2022
2023-03-23,-46.39456110263836,-20.84439815068845,34.199177,25.485758333333333,-3.760783333333333,4,2022
2023-03-24,-24.513438750702335,-16.44555025121781,8.607926,12.2332875,-3.760783333333333,4,2022
2023-03-25,-27.90611369262251,-7.130069760649803,8.3473,9.18635,-3.760783333333333,4,2022
2023-03-26,3.084338309992745,1.9605378874116468,-30.525862,-2.7478416666666674,-3.760783333333333,4,2022
2023-03-27,1.5907417937692117,3.1817591255328352,-3.2152998,1.9715,-3.760783333333333,4,2022
2023-03-28,3.457594403449775,-7.225989224429668,1.387145,6.558675,-3.760783333333333,4,2022
2023-03-29,-15.483703712535316,-26.600509803621662,-7.147508,3.6214791666666666,-3.760783333333333,4,2022
2023-03-30,-11.643316905649954,-35.28453301963782,,7.597283333333333,-3.760783333333333,4,2022
2023-03-31,19.02415027420011,-41.73035606590838,,48.925891666666665,-3.760783333333333,4,2022
2023-04-01,10.14598703237698,5.17919592857811,24.502441,21.126566666666665,-3.760783333333333,4,2022
2023-04-02,23.191482006233514,13.610889731440693,9.813618,14.827558333333334,-3.760783333333333,4,2022
2023-04-03,17.712749789251575,23.248004037000783,14.610202,20.6483625,-3.760783333333333,4,2022
2023-04-04,-4.5857274709178455,28.555173405602034,47.326164,43.784841666666665,-3.760783333333333,4,2022
2023-04-05,-18.874779161481456,11.986656819079144,-0.124639094,4.038258333333334,-3.760783333333333,4,2022
2023-04-06,-21.77707795587048,-0.42586804385518917,5.6372805,5.668291666666666,-3.760783333333333,4,2022
2023-04-07,-20.28328098099746,7.002239970901883,19.551434,18.772570833333333,-3.760783333333333,4,2022
2023-04-08,2.242787842112193,6.901108582235338,60.57558,44.54999583333333,-3.760783333333333,4,2022
2023-04-09,-8.852690283913034,-5.759504740549346,0.66259855,5.4631625,-3.760783333333333,4,2022
2023-04-10,-1.1979512372445242,-16.229384831298376,3.556264,10.975179166666669,-3.760783333333333,4,2022
2023-04-11,-15.534244349537403,-18.314501412385198,7.722862,12.764804166666666,-3.760783333333333,4,2022
2023-04-12,-15.566860642297797,-19.799340391359237,-2.223061,13.679991666666666,-3.760783333333333,4,2022
2023-04-13,-0.9068351635260115,2.590019809021669,9.049114,9.743458333333333,-3.760783333333333,4,2022
2023-04-14,6.351162806031425,26.272175425945534,-4.660211,7.8626125,-3.760783333333333,4,2022
2023-04-15,8.300944741382864,13.948313841301797,68.292984,55.95600833333333,-3.760783333333333,4,2022
2023-04-16,7.75157737190716,8.860723431966335,21.8321,14.424379166666668,-3.760783333333333,4,2022
2023-04-17,38.998038039138464,19.663949551925953,,31.010166666666667,-3.760783333333333,4,2022
2023-04-18,47.473749220451054,33.06813447940448,,13.522658333333332,-3.760783333333333,4,2022
2023-04-19,15.96548538076695,45.53322596897283,51.594025,32.02365,-3.760783333333333,4,2022
2023-04-20,32.6898455165732,53.008466823690696,71.788506,46.37882916666666,-3.760783333333333,4,2022
2023-04-21,35.88952784964363,51.980316498579214,-2.478527,13.6858375,-3.760783333333333,4,2022
2023-04-22,46.1870698808284,43.4525252204798,65.755264,37.5089125,-3.760783333333333,4,2022
2023-04-23,20.872971001925976,23.27300916541344,5.4706626,6.942529166666667,-3.760783333333333,4,2022
2023-04-24,39.21582800936312,9.537703612950281,6.6438723,10.151679166666666,-3.760783333333333,4,2022
2023-04-25,35.1136213251375,19.17976882953053,-11.817037,3.203349999999999,-3.760783333333333,4,2022
2023-04-26,34.80508414191195,24.938862304874874,29.014664,18.94055833333333,-3.760783333333333,4,2022
2023-04-27,35.171990812052,10.147106259836619,0.14802417,12.900516666666666,-3.760783333333333,4,2022
2023-04-28,36.20148849074246,6.157826702933335,-0.15276632,2.759608333333333,-3.760783333333333,4,2022
2023-04-29,48.76972900616556,3.713039278114138,7.5531526,10.147545833333332,-3.760783333333333,4,2022
2023-04-30,42.55250399230454,5.411462771895458,43.921246,29.44864583333333,-3.760783333333333,4,2022
2023-05-01,26.52816320945226,4.240395870253906,-0.84134644,4.101408333333333,-3.760783333333333,4,2022
2023-05-02,26.83477567642609,2.1101990622526046,14.065812,15.551766666666666,-3.760783333333333,4,2022
2023-05-03,32.71047814069391,12.847589132632038,41.022095,34.73021666666667,-3.760783333333333,4,2022
2023-05-04,27.74997225080085,12.081344297409032,35.88352,21.0234875,-3.760783333333333,4,2022
2023-05-05,32.8584114037385,-6.168929003462381,-21.80427,-12.487970833333334,-3.760783333333333,4,2022
2023-05-06,38.920934542968325,6.893129910363541,7.84136,8.413820833333334,-3.760783333333333,4,2022
2023-05-07,8.914801328887506,2.2464274194669542,-5.8236046,-3.260825,-3.760783333333333,4,2022
2023-05-08,30.048589822257668,-20.47437654106534,-9.151764,19.887016666666668,-3.760783333333333,4,2022
2023-05-09,18.659085839929958,-18.690620305930224,-16.70888,-6.442225,-3.760783333333333,4,2022
2023-05-10,0.8897608657309775,-3.3834182535092623,1.8630167,3.3194583333333334,-3.760783333333333,4,2022
2023-05-11,-2.533231358813282,3.8545985825383013,0.54184145,3.324591666666667,-3.760783333333333,4,2022
2023-05-12,-4.700222769550237,21.277426604875927,4.5257034,13.273858333333337,-3.760783333333333,4,2022
2023-05-13,1.3058629074050714,34.1307219300092,13.990738,14.34395,-3.760783333333333,4,2022
2023-05-14,-13.271404470792277,27.24911222030704,9.462073,12.01995,-3.760783333333333,4,2022
2023-05-15,-0.8811388703948069,30.13629100343627,-9.635118,-3.472583333333333,-3.760783333333333,4,2022
2023-05-16,-4.974730008914321,20.00671504955153,-13.87299,-1.8824958333333333,-3.760783333333333,4,2022
2023-05-17,2.1518714921257924,28.131153247273176,-12.69101,-7.213929166666666,-3.760783333333333,4,2022
2023-05-18,10.908391831595736,37.92471717631469,2.7455087,1.9821083333333336,-3.760783333333333,4,2022
2023-05-19,6.399598627213891,32.10997972085005,-6.1492405,-0.7503708333333335,-3.760783333333333,4,2022
2023-05-20,16.081701282807444,41.7211555124108,-32.698048,-12.666404166666666,-3.760783333333333,4,2022
2023-05-21,24.724760982611883,46.06579657411021,-26.741014,-8.132166666666667,-3.760783333333333,4,2022
2023-05-22,18.88731218859357,45.99315954722397,72.58242,154.5215875,-3.760783333333333,4,2022
2023-05-23,36.44887638937507,18.632621121975717,206.75717,167.1512,-3.760783333333333,4,2022
2023-05-24,24.442165445552064,28.178693268865743,,153.80823333333333,-3.760783333333333,4,2022
2023-05-25,38.149916286154394,68.81733543945302,,187.63326666666669,-3.760783333333333,4,2022
2023-05-26,41.50020048804072,89.66714397821534,,159.57127083333333,-3.760783333333333,4,2022
2023-05-27,42.02970992255155,113.58500555716182,,148.11769583333333,-3.760783333333333,4,2022
2023-05-28,39.218631820317285,76.60182134700244,,6.389720833333334,-3.760783333333333,4,2022
2023-05-29,39.654046277975226,80.76642496210297,,-3.4350666666666663,-3.760783333333333,4,2022
2023-05-30,33.75347232439441,69.60792764814505,,-3.680095833333333,-3.760783333333333,4,2022
2023-05-31,43.04301899921268,81.37798671569317,,15.540225,-3.760783333333333,4,2022
2023-06-01,53.71320217518496,39.98660352328119,,14.583170833333334,-3.760783333333333,4,2022
2023-06-02,62.73738910260522,40.23429524205443,,17.0167875,-3.760783333333333,4,2022
2023-06-03,64.23374401337014,42.78608999970328,9.495375,7.778108333333335,-3.760783333333333,4,2022
2023-06-04,64.63483462555291,36.49286818846616,17.017239,11.302725,-3.760783333333333,4,2022
2023-06-05,67.12732912083925,37.496239945201125,-7.7901387,0.2212875000000001,-3.760783333333333,4,2022
2023-06-06,61.020003473448924,34.60876778248593,-21.584833,-8.490929166666666,-3.760783333333333,4,2022
2023-06-07,62.41451494971943,25.85449059618486,-60.240063,-31.33996666666667,-3.760783333333333,4,2022
2023-06-08,61.47701996072783,19.00464314187184,46.979446,34.00427916666667,-3.760783333333333,4,2022
2023-06-09,78.53505709132742,29.9515485208795,19.863617,16.6693125,-3.760783333333333,4,2022
2023-06-10,87.18799251178552,41.39345677921625,-0.41787642,6.2076875,-3.760783333333333,4,2022
2023-06-11,71.52110499885566,15.547000804519257,-2.3382196,6.0722,-3.760783333333333,4,2022
2023-06-12,80.701751990312,4.561037832553211,0.8844177,3.1220166666666667,-3.760783333333333,4,2022
2023-06-13,83.43825060046538,10.301050150199444,,-9.321491666666669,-3.760783333333333,4,2022
2023-06-14,71.67838151426622,21.99665553435034,-12.617044,-6.91745,-3.760783333333333,4,2022
2023-06-15,70.54733117052865,17.669814052264428,,-0.7562208333333332,-3.760783333333333,4,2022
2023-06-16,73.77291965187896,24.27431682449196,11.809287,5.72485,-3.760783333333333,4,2022
2023-06-17,85.62708782777463,46.834068965048345,6.693348,6.625979166666667,-3.760783333333333,4,2022
2023-06-18,72.42796740047243,36.39470609354515,18.430563,11.569341666666666,-3.760783333333333,4,2022
2023-06-19,53.54030032566902,12.809984342854705,-30.30795,-24.636866666666663,-3.760783333333333,4,2022
2023-06-20,60.464396828507915,21.172004148243786,4.6449885,7.095704166666667,-3.760783333333333,4,2022
2023-06-21,27.936842518397498,9.088573920662157,-16.984844,-10.761970833333336,-3.760783333333333,4,2022
2023-06-22,34.58488083747744,7.818737283818336,8.745854,5.244041666666667,-3.760783333333333,4,2022
2023-06-23,32.68346163942584,4.516807466788123,-13.490517,-7.178745833333334,-3.760783333333333,4,2022
2023-06-24,34.412936908851634,12.076708691139629,-1.089981,12.8513125,-3.760783333333333,4,2022
2023-06-25,26.425137904170242,8.447780702132604,7.5286164,2.7735125000000003,-3.760783333333333,4,2022
2023-06-26,22.288192362421682,-5.147086861476964,-99.61939,-70.30538750000001,-3.760783333333333,4,2022
2023-06-27,1.4587669185236791,2.461141602288535,-12.778242,-14.827229166666667,-3.760783333333333,4,2022
2023-06-28,26.462153846664705,-2.747847400421051,-19.849873,-18.922495833333333,-3.760783333333333,4,2022
2023-06-29,13.443863826087863,-25.220777976529007,40.602577,25.340325000000004,-3.760783333333333,4,2022
2023-06-30,12.032770660905044,-23.75107362559129,-5.480227,0.4998874999999998,-3.760783333333333,4,2022
2023-07-01,2.8428127828021843,-46.79406683862362,-3.1843898,-0.4904500000000003,-3.760783333333333,4,2022
2023-07-02,13.778485691078004,-35.16821688827258,-41.99348,-36.357675,-3.760783333333333,4,2022
2023-07-03,7.791362149497672,-42.36164211536379,-89.61933,-60.5542625,-3.760783333333333,4,2022
2023-07-04,32.461707912624206,-11.16810044348631,-14.16074,-6.891020833333333,-3.760783333333333,4,2022
2023-07-05,40.831862998205,-29.31406842707429,30.914127,32.535225000000004,-3.760783333333333,4,2022
2023-07-06,49.00596952458682,-22.878510534146244,17.060104,22.9243875,-3.760783333333333,4,2022
2023-07-07,41.46769904138159,-13.862364921925746,53.486694,65.47785833333333,-3.760783333333333,4,2022
2023-07-08,39.07325805924779,2.4632672992174776,17.500858,32.5081875,-3.760783333333333,4,2022
2023-07-09,39.566242257333215,-14.455020919136132,86.81338,76.544875,-3.760783333333333,4,2022
2023-07-10,75.14711798500139,8.129358401754189,-4.1567335,60.582995833333335,-3.760783333333333,4,2022
2023-07-11,72.74020262815884,-2.7469954511607284,19.459202,40.8154375,-3.760783333333333,4,2022
2023-07-12,94.1066473975352,4.278687648527921,143.36713,118.32007083333332,-3.760783333333333,4,2022
2023-07-13,56.890620025441194,31.554211247311798,18.120544,20.7344,-3.760783333333333,4,2022
2023-07-14,86.89463798314773,98.39467089739219,,118.3062875,-3.760783333333333,4,2022
2023-07-15,66.45718123882534,118.2902795597056,3.1407697,49.13752083333333,-3.760783333333333,4,2022
2023-07-16,88.66353522088957,181.4965789368107,77.71693,74.80648333333333,-3.760783333333333,4,2022
2023-07-17,81.92804942610928,196.37261531529293,33.428112,33.8295625,-3.760783333333333,4,2022
2023-07-18,105.20215475711348,233.93377192658772,27.85875,26.167041666666663,-3.760783333333333,4,2022
2023-07-19,123.24779736285473,187.67795526218833,21.670822,50.70851666666667,-3.760783333333333,4,2022
2023-07-20,118.20023186386697,155.69557121857997,27.750637,28.090241666666667,-3.760783333333333,4,2022
2023-07-21,118.0117589711299,197.4806505003362,33.150993,31.26504583333333,-3.760783333333333,4,2022
2023-07-22,117.93296201699377,243.0277957241342,-0.4661049,51.441766666666666,-3.760783333333333,4,2022
2023-07-23,110.34632044404498,196.93040821237992,31.383139,49.235283333333335,-3.760783333333333,4,2022
2023-07-24,141.8697961718699,250.71007277777608,369.1454,273.9850833333333,-3.760783333333333,4,2022
2023-07-25,119.19939294490723,64.02313714475213,-5.1016607,15.541691666666669,-3.760783333333333,4,2022
2023-07-26,125.11975540376443,173.80391144317036,-3.5249865,42.228345833333336,-3.760783333333333,4,2022
2023-07-27,119.83258335153278,126.77089153737597,60.461956,78.3196875,-3.760783333333333,4,2022
2023-07-28,103.0189637817648,92.39093852145743,-8.583066,44.23047916666667,-3.760783333333333,4,2022
2023-07-29,109.64747147726848,43.939817228164145,56.51896,58.7713125,-3.760783333333333,4,2022
2023-07-30,90.5058253816751,74.28556759061257,117.924324,112.48997916666669,-3.760783333333333,4,2022
2023-07-31,106.93177462822132,93.62542970455252,62.235683,95.64038333333332,-3.760783333333333,4,2022
2023-08-01,105.82569391501056,98.61536751803442,55.86226,52.194320833333336,-3.760783333333333,4,2022
2023-08-02,107.4387011430008,99.64567486173883,,100.1044,-3.760783333333333,4,2022
2023-08-03,97.15323048111486,101.72245152776259,94.79726,69.30251666666668,-3.760783333333333,4,2022
2023-08-04,86.15807773293636,73.8817436412196,19.510397,24.49809583333333,-3.760783333333333,4,2022
2023-08-05,109.91391443221255,135.2308228643742,57.433,85.557925,-3.760783333333333,4,2022
2023-08-06,95.31688308404227,123.1985847644055,,67.79198749999999,-3.760783333333333,4,2022
2023-08-07,71.02237223137399,125.2638601154149,,55.906420833333335,-3.760783333333333,4,2022
2023-08-08,59.54444405945742,185.3716116802825,,87.7658875,-3.760783333333333,4,2022
2023-08-09,65.60864395176577,171.51333727502424,114.21066,101.91904166666669,-3.760783333333333,4,2022
2023-08-10,58.805089916818815,189.87748779369213,35.535202,71.54849583333333,-3.760783333333333,4,2022
2023-08-11,16.474238992612072,81.54056285664956,1.0547334,6.154633333333333,-3.760783333333333,4,2022
2023-08-12,4.637694472983867,86.81577420946178,-2.7511437,-2.131720833333333,-3.760783333333333,4,2022
2023-08-13,16.968225483944934,62.593520347490085,-22.410896,-14.419870833333334,-3.760783333333333,4,2022
2023-08-14,-0.5906367012903502,50.86030390922906,-7.9839745,-1.2382499999999994,-3.760783333333333,4,2022
2023-08-15,8.762003811426439,24.864396092812058,-4.7678947,-3.5227416666666667,-3.760783333333333,4,2022
2023-08-16,-3.0004002414443676,17.110158560225955,10.821911,13.789858333333331,-3.760783333333333,4,2022
2023-08-17,-5.776385029324956,35.95200778292809,22.50807,14.237620833333333,-3.760783333333333,4,2022
2023-08-18,4.8240855191215815,44.94298173988909,2.8691187,13.708825,-3.760783333333333,4,2022
2023-08-19,10.797043316138115,9.638914349832248,66.48118,45.4765,-3.760783333333333,4,2022
2023-08-20,-4.235555443815883,14.239945678420554,-17.11545,-12.699279166666669,-3.760783333333333,4,2022
2023-08-21,-9.594470811454812,7.4506931152479865,-102.85686,-73.014025,-3.760783333333333,4,2022
2023-08-22,-14.779079030920457,-8.29940353021766,-18.662981,-15.387970833333334,-3.760783333333333,4,2022
2023-08-23,0.7164560108051319,7.047890252100842,1.5642697,7.0091875,-3.760783333333333,4,2022
2023-08-24,-1.8952967641498617,-0.9547573094191648,,-1.32275,-3.760783333333333,4,2022
2023-08-25,-18.38675422685992,-1.4533898475760907,-8.571699,-0.9722333333333332,-3.760783333333333,4,2022
2023-08-26,-20.8691172079034,0.31812796938561405,1.0017575,-2.666229166666667,-3.760783333333333,4,2022
2023-08-27,-31.40765856232383,7.189059079780691,16.259863,14.026491666666663,-3.760783333333333,4,2022
2023-08-28,-16.084837440130286,8.33299306796971,12.583766,12.063004166666666,-3.760783333333333,4,2022
2023-08-29,-13.182321482204316,25.127771612796778,-41.075886,-6.463737500000001,-3.760783333333333,4,2022
2023-08-30,-6.380425407337498,17.035232963758062,,7.546020833333333,-3.760783333333333,4,2022
2023-08-31,-4.696380645435056,29.289167889505507,11.519614,15.953283333333331,-3.760783333333333,4,2022
2023-09-01,-8.287605703450936,25.263843361691215,,18.039270833333333,-3.760783333333333,4,2022
2023-09-02,35.60358820292595,30.24032956454812,,27.997354166666668,-3.760783333333333,4,2022
2023-09-03,28.12615691984024,29.178435888800607,,27.32878333333333,-3.760783333333333,4,2022
2023-09-04,28.994606432748924,21.80363055978114,,22.99076666666667,-3.760783333333333,4,2022
2023-09-05,48.71489103686508,32.01172470499256,,19.8527,-3.760783333333333,4,2022
2023-09-06,12.961723188073165,38.046663898808504,,27.4849375,-3.760783333333333,4,2022
2023-09-07,39.99411289222098,48.36109822540675,,14.172333333333334,-3.760783333333333,4,2022
2023-09-08,27.597636205855792,27.4429787035819,,24.42632083333333,-3.760783333333333,4,2022
2023-09-09,33.93849095962196,19.67190107835563,4.1516695,7.243683333333333,-3.760783333333333,4,2022
2023-09-10,15.557710725490324,16.87218073350914,3.2198746,9.484283333333334,-3.760783333333333,4,2022
2023-09-11,14.07569487249657,17.1209060671938,2.7285395,1.917125,-3.760783333333333,4,2022
2023-09-12,38.38822403439849,0.27792974583053365,-3.5182655,-1.9309416666666663,-3.760783333333333,4,2022
2023-09-13,32.74654294865877,-3.1754591095532305,3.3143969,4.880870833333334,-3.760783333333333,4,2022
2023-09-14,27.25321170409461,5.154270148380874,3.952099,5.319191666666667,-3.760783333333333,4,2022
2023-09-15,32.93926097092094,-12.976053708103336,17.563332,11.722304166666667,-3.760783333333333,4,2022
2023-09-16,41.48400509965086,32.75343736892904,-12.533642,8.1639625,-3.760783333333333,4,2022
2023-09-17,35.68901282116076,27.476576408480412,,6.16405,-3.760783333333333,4,2022
2023-09-18,5.9354595935453744,-10.921582243056946,-13.763542,-9.6751625,-3.760783333333333,4,2022
2023-09-19,19.853516614791488,-0.6564497816502808,4.0728545,0.7861541666666665,-3.760783333333333,4,2022
2023-09-20,26.486300761484245,19.03691072010656,-11.007202,-9.0324,-3.760783333333333,4,2022
2023-09-21,4.43495143013638,21.36317070408336,-0.13130729,2.7713250000000005,-3.760783333333333,4,2022
2023-09-22,21.333641683336168,0.480610145350056,-1.406693,-0.6444416666666667,-3.760783333333333,4,2022
2023-09-23,2.307366848911215,-7.25412443112964,,0.2978,-3.760783333333333,4,2022
2023-09-24,-4.3460499219022495,0.025364376141624234,56.866394,27.3393,-3.760783333333333,4,2022
2023-09-25,2.029781734033122,7.248048213614311,-30.3265,-18.366504166666665,-3.760783333333333,4,2022
2023-09-26,-4.560862245937642,9.018722433759422,-12.210423,-8.1820875,-3.760783333333333,4,2022
2023-09-27,13.608302561995743,-12.112515432107102,-61.238876,-35.77132916666667,-3.760783333333333,4,2022
2023-09-28,7.004806259237512,6.39948169300169,,-0.2090916666666665,-3.760783333333333,4,2022
2023-09-29,-2.147440335430474,-19.213976077523967,2.5254195,4.1023958333333335,-3.760783333333333,4,2022
2023-09-30,22.602042743914126,-14.420633908305263,-1.9702747,0.2829583333333333,-3.760783333333333,4,2022
2023-10-01,41.416993443615866,-12.824402563544027,-2.0897806,0.7079291666666667,-3.760783333333333,4,2022
2023-10-02,46.50117187968817,-13.410372429549625,37.8456,29.444254166666667,-3.760783333333333,4,2022
2023-10-03,43.54982127139169,-36.61987996075641,-3.1590166,-3.640179166666666,-3.760783333333333,4,2022
2023-10-04,66.48095646989896,-26.85038151020808,38.240406,23.2967625,-3.760783333333333,4,2022
2023-10-05,84.17801401284669,-7.8418650152057126,28.172626,24.7087375,-3.760783333333333,4,2022
2023-10-06,79.19008913830339,-4.049037022911307,10.521631,13.9313,-3.760783333333333,4,2022
2023-10-07,86.05885905388368,19.752262027579945,13.953438,73.58350833333334,-3.760783333333333,4,2022
2023-10-08,83.76711554361555,29.982595598274372,62.44335,78.3133,-3.760783333333333,4,2022
2023-10-09,79.79966301028617,30.260798793988386,136.78995,89.56316249999999,-3.760783333333333,4,2022
2023-10-10,83.12700931358268,19.228954282537643,119.58484,69.3072875,-3.760783333333333,4,2022
2023-10-11,79.6424700193129,21.17659172796175,-44.092415,17.201116666666667,-3.760783333333333,4,2022
2023-10-12,83.67092044919264,30.125370183261055,,19.116529166666663,-3.760783333333333,4,2022
2023-10-13,82.08381832542682,20.08871098963573,60.52021,27.136604166666668,-3.760783333333333,4,2022
2023-10-14,69.13924697319908,16.954331193802318,12.908288,12.96635,-3.760783333333333,4,2022
2023-10-15,96.47646537555693,4.760339668584493,21.894909,31.31855833333333,-3.760783333333333,4,2022
2023-10-16,110.4102500483441,57.119877900905294,65.66882,38.60447083333333,-3.760783333333333,4,2022
2023-10-17,122.1502946093533,128.90961827853516,-17.789795,-4.519941666666667,-3.760783333333333,4,2022
2023-10-18,125.3484787228299,136.21260251001513,44.872543,38.375616666666666,-3.760783333333333,4,2022
2023-10-19,103.45708286510762,53.34544616592325,38.204002,33.5842125,-3.760783333333333,4,2022
2023-10-20,103.75405400187992,48.23004629519323,,20.33158333333333,-3.760783333333333,4,2022
2023-10-21,89.61043088529777,54.90472003529612,59.14822,43.97672083333333,-3.760783333333333,4,2022
2023-10-22,88.89796325902171,34.74591908473229,2.1050794,13.5642375,-3.760783333333333,4,2022
2023-10-23,92.4890463254942,54.47526034798898,96.54192,53.62730833333333,-3.760783333333333,4,2022
2023-10-24,84.68858636931373,59.91496681570425,-12.070247,26.86059583333333,-3.760783333333333,4,2022
2023-10-25,85.11889591777026,63.72947148758544,10.710096,25.106929166666664,-3.760783333333333,4,2022
2023-10-26,54.651895739851625,24.22312469687904,-19.473875,-1.7292666666666665,-3.760783333333333,4,2022
2023-10-27,50.55905840937862,9.425492707677677,-1.1218947,-1.6786875,-3.760783333333333,4,2022
2023-10-28,50.68014483016839,1.709333966050508,-15.288148,-12.732858333333333,-3.760783333333333,4,2022
2023-10-29,34.261461165610626,-4.219831968496692,-0.8345026,-4.269441666666666,-3.760783333333333,4,2022
2023-10-30,37.33132459797298,4.3287459319046775,-8.954934,-6.588329166666667,-3.760783333333333,4,2022
2023-10-31,8.232632192237133,-2.160294746328873,-15.571758,-9.703241666666669,-3.760783333333333,4,2022
2023-11-01,13.35263634757257,-20.375400082880788,-0.5173623,-0.6008999999999999,-3.760783333333333,4,2022
2023-11-02,25.609782787933682,6.0935379435538835,90.22249,61.43602916666666,-3.760783333333333,4,2022
2023-11-03,3.3040389017203324,7.012849662548206,6.2291427,5.54925,-3.760783333333333,4,2022
2023-11-04,15.49215448277505,9.978326341300772,-2.3669627,3.9640916666666666,-3.760783333333333,4,2022
2023-11-05,0.2677355882597112,5.460742189894518,-7.7115974,-0.1669958333333335,-3.760783333333333,4,2022
2023-11-06,-10.894420096051363,10.461513122892484,12.016709,7.503283333333333,-3.760783333333333,4,2022
2023-11-07,-23.686012265166937,6.374434802370388,-4.38567,2.558533333333333,-3.760783333333333,4,2022
2023-11-08,-37.22011162442868,6.327045124764936,2.0728102,1.2429291666666666,-3.760783333333333,4,2022
2023-11-09,-36.4103255000482,8.758909231024973,-9.062924,-3.646825,-3.760783333333333,4,2022
2023-11-10,-32.6235613819008,12.249606364433703,-5.401194,-0.8079124999999999,-3.760783333333333,4,2022
2023-11-11,-10.089064943068934,29.223831420465842,,3.739891666666667,-3.760783333333333,4,2022
2023-11-12,-20.620185151236456,13.460002835482555,,3.287245833333333,-3.760783333333333,4,2022
2023-11-13,-15.77180873028965,8.087243292363382,,3.729316666666667,-3.760783333333333,4,2022
2023-11-14,-16.71006379166056,14.075248016757087,,4.3026125,-3.760783333333333,4,2022
2023-11-15,-11.887408721176143,3.2300487789500494,5.8836045,5.3677375,-3.760783333333333,4,2022
2023-11-16,29.950416242726533,28.27246197838548,,6.878275,-3.760783333333333,4,2022
2023-11-17,25.169266553240732,13.63002518002304,,5.660683333333334,-3.760783333333333,4,2022
2023-11-18,-9.76223799618856,-2.001823831465117,,2.5024291666666665,-3.760783333333333,4,2022
2023-11-19,-15.440337824696144,-1.5195996690131324,,3.691925,-3.760783333333333,4,2022
2023-11-20,-5.559442832138757,-0.3097440186957101,,2.1477,-3.760783333333333,4,2022
2023-11-21,-9.894348598644683,5.278886520701462,,4.743433333333333,-3.760783333333333,4,2022
2023-11-22,-6.937149191627213,11.709656375262057,,-0.1243708333333333,-3.760783333333333,4,2022
2023-11-23,-18.98481843138461,6.735462918208668,,-11.176366666666668,-3.760783333333333,4,2022
2023-11-24,-12.279280323593412,8.472341062916712,14.497555,7.5578166666666675,-3.760783333333333,4,2022
2023-11-25,14.86115032829548,9.391922148221283,,11.229579166666667,-3.760783333333333,4,2022
2023-11-26,5.025072460675119,17.532788036673992,,3.0232749999999995,-3.760783333333333,4,2022
2023-11-27,17.275566179606358,19.82587837849337,-31.112806,-3.5653,-3.760783333333333,4,2022
2023-11-28,26.829531907847695,6.188336091763176,0.51170725,3.0666,-3.760783333333333,4,2022
2023-11-29,38.48937526011889,9.611990247472932,5.45782,4.057283333333333,-3.760783333333333,4,2022
2023-11-30,44.1853399217066,25.65475652119062,11.240563,8.426941666666666,-3.760783333333333,4,2022
2023-12-01,31.94349385318705,5.035373111903482,9.367311,7.804354166666666,-3.760783333333333,4,2022
2023-12-02,25.06042585901264,-0.252517250488836,5.1937,6.190404166666666,-3.760783333333333,4,2022
2023-12-03,18.22476711848367,-6.696076784508932,23.946695,15.6012125,-3.760783333333333,4,2022
2023-12-04,38.990632553717546,12.84318948289797,,16.57388333333333,-3.760783333333333,4,2022
2023-12-05,44.303599040294216,2.6779083981564327,-5.48107,39.39613333333333,-3.760783333333333,4,2022
2023-12-06,46.35354974517247,3.023246448450436,24.739273,15.648679166666668,-3.760783333333333,4,2022
2023-12-07,51.905587184538945,16.829234555967332,3.746264,9.734483333333332,-3.760783333333333,4,2022
2023-12-08,42.402280593595094,3.1693870682597662,1.0970778,3.1441458333333334,-3.760783333333333,4,2022
2023-12-09,51.355509857346306,4.818714897804057,1.6925,8.934791666666667,-3.760783333333333,4,2022
2023-12-10,51.23802333980359,2.8041555851150406,9.746864,11.349841666666668,-3.760783333333333,4,2022
2023-12-11,40.96498633446322,-1.1048047847825728,,9.526583333333331,-3.760783333333333,4,2022
2023-12-12,30.44072974692972,4.673058719730989,25.78806,16.515804166666666,-3.760783333333333,4,2022
2023-12-13,39.581862893189,1.1470745996796268,1.8431454,3.7848958333333336,-3.760783333333333,4,2022
2023-12-14,29.23721464545781,2.4772200564661944,7.24685,6.1983041666666665,-3.760783333333333,4,2022
2023-12-15,12.03656058224692,4.450079793839905,0.2266222,3.686325,-3.760783333333333,4,2022
2023-12-16,18.606847568740022,4.975298160385137,2.9328525,6.628175,-3.760783333333333,4,2022
2022-12-17,19.8121427847816,13.29203519209932,,-0.8185333333333333,-1.318820833333333,9,2022
2022-12-18,-8.066917435252435,-19.41807639247736,,-0.2695666666666667,-1.318820833333333,9,2022
2022-12-19,-17.991817277594237,-37.14658506228534,,1.3934125,-1.318820833333333,9,2022
2022-12-20,-7.660959436486792,-25.181241684139422,,-1.3072666666666668,-1.318820833333333,9,2022
2022-12-21,-3.245803390635956,-24.85245608920468,,-2.1221666666666668,-1.318820833333333,9,2022
2022-12-22,-17.27085521604613,-30.32297263372402,,-5.394954166666667,-1.318820833333333,9,2022
2022-12-23,-17.734403314320843,-38.25257389861508,,-2.5985375,-1.318820833333333,9,2022
2022-12-24,0.05576727131392545,-34.26397297776475,,-4.096154166666667,-1.318820833333333,9,2022
2022-12-25,-9.227188803374702,-33.51629144872868,,-5.002816666666667,-1.318820833333333,9,2022
2022-12-26,-5.927188400845807,-30.006026627774645,,3.9478625,-1.318820833333333,9,2022
2022-12-27,-5.275906601103998,-38.5614138579258,,3.4303000000000003,-1.318820833333333,9,2022
2022-12-28,-17.139475452416264,-44.4804065160115,,4.677029166666666,-1.318820833333333,9,2022
2022-12-29,-28.735966563061083,-39.22585910898397,,8.441033333333333,-1.318820833333333,9,2022
2022-12-30,-21.689978672668076,-41.13802581400341,,5.470416666666666,-1.318820833333333,9,2022
2022-12-31,-26.028371584430715,-41.27954962054173,,4.060275,-1.318820833333333,9,2022
2023-01-01,-20.045436793380304,-39.463026748659104,,5.758420833333333,-1.318820833333333,9,2022
2023-01-02,-19.571882467518662,-20.600840891560892,,3.591383333333333,-1.318820833333333,9,2022
2023-01-03,-25.211394005999864,-41.438638616241406,,5.8267,-1.318820833333333,9,2022
2023-01-04,-31.056592823742903,-45.03373920814738,,7.457145833333333,-1.318820833333333,9,2022
2023-01-05,-26.55424979403051,-38.1054623072223,,1.2143208333333335,-1.318820833333333,9,2022
2023-01-06,-21.738543956728336,-38.24235050749121,,2.1666541666666665,-1.318820833333333,9,2022
2023-01-07,-17.63652520248661,-43.14219468669398,,1.785195833333333,-1.318820833333333,9,2022
2023-01-08,-2.402219102707477,-37.71394985988536,,4.284108333333333,-1.318820833333333,9,2022
2023-01-09,-10.50216845744444,-35.32293755590217,,4.038775,-1.318820833333333,9,2022
2023-01-10,-2.780046070995013,-40.00207676201899,,1.3655916666666668,-1.318820833333333,9,2022
2023-01-11,-17.575995042785053,-41.31386145937904,,1.0471916666666667,-1.318820833333333,9,2022
2023-01-12,-9.272463224605872,-41.91369220575234,,0.5788833333333333,-1.318820833333333,9,2022
2023-01-13,-15.630681664828444,-35.82111906209775,,2.359829166666666,-1.318820833333333,9,2022
2023-01-14,-3.0784245945355906,-39.226251673839215,,1.6433875,-1.318820833333333,9,2022
2023-01-15,-2.094490018412671,-29.123323669643014,,2.0013666666666663,-1.318820833333333,9,2022
2023-01-16,6.198288028465868,-23.59660353127356,,2.8611791666666666,-1.318820833333333,9,2022
2023-01-17,5.435559572052625,-4.938446993357047,,3.842925,-1.318820833333333,9,2022
2023-01-18,11.67785862198707,-17.165555957958986,,7.170079166666667,-1.318820833333333,9,2022
2023-01-19,17.012610369919003,-2.911910276361141,,1.551225,-1.318820833333333,9,2022
2023-01-20,18.906789043313324,1.7134893068055135,,0.275125,-1.318820833333333,9,2022
2023-01-21,25.63413016140271,1.5981044729160203,,3.587054166666667,-1.318820833333333,9,2022
2023-01-22,26.129490629728934,-3.9519356883438377,,2.9113375,-1.318820833333333,9,2022
2023-01-23,33.021745528963265,5.06964318852215,,1.6941625000000002,-1.318820833333333,9,2022
2023-01-24,28.709712407580525,9.394179396138952,,4.889225,-1.318820833333333,9,2022
2023-01-25,33.56928997759519,-3.4182521200796145,,4.036833333333333,-1.318820833333333,9,2022
2023-01-26,36.44378975114432,2.731309747135583,,2.5439625,-1.318820833333333,9,2022
2023-01-27,49.444940557189966,4.294943592134814,,0.9394375,-1.318820833333333,9,2022
2023-01-28,50.77052975592255,6.138927210886322,,1.3680958333333333,-1.318820833333333,9,2022
2023-01-29,49.47379198593967,-15.374992481185018,,11.894891666666666,-1.318820833333333,9,2022
2023-01-30,45.83986297125011,-17.665366190681652,,9.835604166666666,-1.318820833333333,9,2022
2023-01-31,33.85706663990544,-28.00486463482639,,11.669408333333337,-1.318820833333333,9,2022
2023-02-01,24.023687133637168,-30.10311543367652,,10.533420833333333,-1.318820833333333,9,2022
2023-02-02,20.26849734089501,-32.43647917104454,,9.1262,-1.318820833333333,9,2022
2023-02-03,19.373623828195264,-28.635064866597077,,6.122941666666667,-1.318820833333333,9,2022
2023-02-04,21.959522657643674,-18.04334767917817,,0.9818208333333334,-1.318820833333333,9,2022
2023-02-05,26.151987936912064,-8.069953548547801,,-3.019408333333333,-1.318820833333333,9,2022
2023-02-06,18.6853688922331,-5.719763813288409,,1.1129125,-1.318820833333333,9,2022
2023-02-07,10.711647931456355,0.4089399138254066,,0.1095375,-1.318820833333333,9,2022
2023-02-08,9.726360259449393,-0.1508178956487427,,1.9942791666666664,-1.318820833333333,9,2022
2023-02-09,15.918047676610058,-7.072362726928532,,3.6071166666666663,-1.318820833333333,9,2022
2023-02-10,20.938064728069776,-8.767023444810093,,1.6639,-1.318820833333333,9,2022
2023-02-11,25.6990641470602,-3.214790767071463,,-1.7562583333333333,-1.318820833333333,9,2022
2023-02-12,30.531156434902528,-11.377450269323163,,4.178954166666666,-1.318820833333333,9,2022
2023-02-13,22.79412284828652,-20.171871910322807,,4.972020833333333,-1.318820833333333,9,2022
2023-02-14,27.86518481553844,-20.601058055097837,,7.651629166666666,-1.318820833333333,9,2022
2023-02-15,22.076845258478215,-21.76803225931235,,8.424020833333334,-1.318820833333333,9,2022
2023-02-16,27.24223659303516,-27.675085099087937,,11.90225,-1.318820833333333,9,2022
2023-02-17,16.039128877122494,-28.911313590478585,,8.616195833333334,-1.318820833333333,9,2022
2023-02-18,6.643698795183809,-30.382170578650857,,7.731983333333333,-1.318820833333333,9,2022
2023-02-19,19.79749259848154,-25.729750840022007,,7.801212499999999,-1.318820833333333,9,2022
2023-02-20,24.35773581217643,-22.62388628707822,,8.793120833333333,-1.318820833333333,9,2022
2023-02-21,33.92962066438213,-9.199433632864384,,7.2408375,-1.318820833333333,9,2022
2023-02-22,23.847114385102486,-19.222846372763797,,11.056604166666666,-1.318820833333333,9,2022
2023-02-23,33.0787488693004,-7.5433403238998835,,13.493491666666666,-1.318820833333333,9,2022
2023-02-24,58.99816918227225,-0.2008114475866023,,10.653475,-1.318820833333333,9,2022
2023-02-25,49.675085879800235,2.1689167416650434,,13.809120833333331,-1.318820833333333,9,2022
2023-02-26,43.90839429080148,10.31418227985182,,15.459625,-1.318820833333333,9,2022
2023-02-27,51.57333741356774,5.7507995913704235,,16.111816666666666,-1.318820833333333,9,2022
2023-02-28,47.13125100102479,4.395440195077981,,15.521166666666666,-1.318820833333333,9,2022
2023-03-01,68.14756759362876,-5.592305521989147,12.255193,11.344079166666669,-1.318820833333333,9,2022
2023-03-02,62.32237287861585,4.817708428334754,8.907771,11.2238125,-1.318820833333333,9,2022
2023-03-03,67.30345501363445,1.7918561100896113,17.129093,15.863225,-1.318820833333333,9,2022
2023-03-04,48.80155390488267,0.5757590961959522,1.9790807,6.616370833333334,-1.318820833333333,9,2022
2023-03-05,46.48596521182469,-2.9042970239024726,-4.4846177,-0.0779166666666668,-1.318820833333333,9,2022
2023-03-06,20.23264238807883,-0.2568814023370578,8.54444,7.993604166666667,-1.318820833333333,9,2022
2023-03-07,-0.1557792472235633,-5.294064813770092,13.061852,9.166025,-1.318820833333333,9,2022
2023-03-08,33.604831713771546,28.40422699848233,,-12.319983333333331,-1.318820833333333,9,2022
2023-03-09,40.70751808030559,13.358090493327381,-8.784282,19.584154166666664,-1.318820833333333,9,2022
2023-03-10,48.88981208965242,-2.4028371835433973,29.560867,17.553916666666666,-1.318820833333333,9,2022
2023-03-11,43.27349789754436,-2.2121300121089007,-31.001284,-7.824725,-1.318820833333333,9,2022
2023-03-12,16.053282093020698,-2.420210266498998,0.8892533,7.544250000000001,-1.318820833333333,9,2022
2023-03-13,5.445394574543116,-16.170078304603066,,18.901508333333336,-1.318820833333333,9,2022
2023-03-14,-1.6751597572374521,-9.650302721559001,22.380827,14.736658333333333,-1.318820833333333,9,2022
2023-03-15,2.1784573205140987,-4.956743021344664,-13.3237705,-7.560879166666666,-1.318820833333333,9,2022
2023-03-16,-6.405946299150401,-1.597365096348767,-1.0153766,-0.2953083333333336,-1.318820833333333,9,2022
2023-03-17,13.781814139903872,6.884455897551334,-3.9555626,-1.25475,-1.318820833333333,9,2022
2023-03-18,11.401647484102341,7.105108667863988,1.8617793,2.8625291666666666,-1.318820833333333,9,2022
2023-03-19,1.507474194127326,-3.7990901443313305,3.1783483,3.4658541666666665,-1.318820833333333,9,2022
2023-03-20,-21.226338697512347,-6.817922233622539,-4.4772635,-3.4204000000000003,-1.318820833333333,9,2022
2023-03-21,-21.556790604970956,-18.174940430123115,-0.6783866,2.8898666666666664,-1.318820833333333,9,2022
2023-03-22,-24.58820147451752,-29.98490329758488,-1.038141,7.764812500000001,-1.318820833333333,9,2022
2023-03-23,-28.367197819997273,-30.532247287567316,4.0871286,2.7271749999999995,-1.318820833333333,9,2022
2023-03-24,-0.8808381824205753,-30.61183772385766,-1.1876516,0.3991916666666664,-1.318820833333333,9,2022
2023-03-25,-26.04255403388197,-22.291834886645574,1.2335907,2.159870833333333,-1.318820833333333,9,2022
2023-03-26,-0.2354532079511955,-3.7791486849291687,12.052049,9.259283333333334,-1.318820833333333,9,2022
2023-03-27,-2.37628894115187,16.186576654375358,11.290705,15.549333333333331,-1.318820833333333,9,2022
2023-03-28,-0.7933045721442795,0.5433432620850454,17.990406,18.594754166666664,-1.318820833333333,9,2022
2023-03-29,-4.051939497107014,-21.191534064495045,31.831217,41.647575,-1.318820833333333,9,2022
2023-03-30,6.169135911741932,-32.44851504245753,,33.29820833333333,-1.318820833333333,9,2022
2023-03-31,28.66638880398773,-46.344404678047795,,73.96352083333333,-1.318820833333333,9,2022
2023-04-01,22.09387589124094,-0.9762314422455347,53.446564,32.400283333333334,-1.318820833333333,9,2022
2023-04-02,17.988252013474835,13.03891020868059,39.184788,29.8522375,-1.318820833333333,9,2022
2023-04-03,5.476672388195993,34.755737382335326,26.710585,21.6255625,-1.318820833333333,9,2022
2023-04-04,-3.5082497012558633,42.59385433106644,-0.1859481,6.966208333333333,-1.318820833333333,9,2022
2023-04-05,-10.082796434050579,25.773317371807934,7.6246467,5.229345833333333,-1.318820833333333,9,2022
2023-04-06,1.9280385288634534,-3.102087067618868,-4.5908403,-1.1780541666666664,-1.318820833333333,9,2022
2023-04-07,3.21662431376717,16.21492484839041,-10.324425,-4.880354166666666,-1.318820833333333,9,2022
2023-04-08,6.661857007849903,8.953665249556934,-1.1983359,-0.1047500000000001,-1.318820833333333,9,2022
2023-04-09,7.056251048273225,-0.9243042995844917,5.670197,3.749225000000001,-1.318820833333333,9,2022
2023-04-10,-7.386243386029491,-24.241620998218878,-6.45553,-2.6646541666666663,-1.318820833333333,9,2022
2023-04-11,-25.130876448455638,-32.564751825607345,0.5494563,2.943058333333333,-1.318820833333333,9,2022
2023-04-12,-17.066901068857987,-29.68456612598993,-0.40001866,5.5697,-1.318820833333333,9,2022
2023-04-13,-1.0528400561247508,5.281456985258956,3.3728242,3.76135,-1.318820833333333,9,2022
2023-04-14,47.17231579061672,21.871780236274162,11.73975,11.014591666666668,-1.318820833333333,9,2022
2023-04-15,24.370445099365043,8.945028822741506,26.980972,19.153641666666665,-1.318820833333333,9,2022
2023-04-16,30.381347004185386,17.767875917860692,3.612332,7.9899625,-1.318820833333333,9,2022
2023-04-17,26.04602779171489,34.95612764619,10.289881,10.413704166666667,-1.318820833333333,9,2022
2023-04-18,47.912432093745565,53.36170837386294,14.513811,15.4626875,-1.318820833333333,9,2022
2023-04-19,50.401917621178654,74.34794364037816,18.224262,17.134875,-1.318820833333333,9,2022
2023-04-20,52.816684275126136,91.3125294543197,15.520496,16.00695,-1.318820833333333,9,2022
2023-04-21,89.87262662260582,102.93105848774258,21.70978,21.67585833333333,-1.318820833333333,9,2022
2023-04-22,84.93212274733196,119.27117384631129,17.119768,19.60758333333333,-1.318820833333333,9,2022
2023-04-23,60.09602065029935,85.28369380875847,12.612753,15.3193125,-1.318820833333333,9,2022
2023-04-24,46.789642316855634,63.856186411392855,5.902181,7.7974875,-1.318820833333333,9,2022
2023-04-25,29.150044366483712,81.28064733647943,6.105796,11.16755,-1.318820833333333,9,2022
2023-04-26,54.5269849438896,107.52657720346997,12.459133,12.962675,-1.318820833333333,9,2022
2023-04-27,56.354265763294734,119.98525767044885,-4.545891,3.145325,-1.318820833333333,9,2022
2023-04-28,62.10198112216972,88.95105139136103,3.5501354,6.065579166666667,-1.318820833333333,9,2022
2023-04-29,70.33116575060922,131.22291944606695,17.813198,21.07814583333333,-1.318820833333333,9,2022
2023-04-30,54.31804438779545,99.82241674725901,8.476531,8.540695833333332,-1.318820833333333,9,2022
2023-05-01,54.77067166589495,38.57982752745062,9.909447,10.6379625,-1.318820833333333,9,2022
2023-05-02,45.74620493160978,44.450448573765016,4.0821714,6.185204166666666,-1.318820833333333,9,2022
2023-05-03,47.242676776586904,44.6158290477033,6.958756,7.052491666666668,-1.318820833333333,9,2022
2023-05-04,52.83812291006666,50.010634866044256,16.531195,11.735375,-1.318820833333333,9,2022
2023-05-05,41.24579027234324,46.30514420159852,0.5370248,2.2041791666666666,-1.318820833333333,9,2022
2023-05-06,49.755900993152295,47.03755119916582,3.1550646,5.2708208333333335,-1.318820833333333,9,2022
2023-05-07,24.41144306940714,25.94678718749742,10.238279,9.005479166666666,-1.318820833333333,9,2022
2023-05-08,17.35222908436981,44.37342233769937,-18.8803,-7.3265875,-1.318820833333333,9,2022
2023-05-09,12.861483422774654,37.63093040871394,-8.788153,-4.129545833333333,-1.318820833333333,9,2022
2023-05-10,15.189967244894206,22.420569199021656,-18.165813,-14.583179166666667,-1.318820833333333,9,2022
2023-05-11,25.223876918449605,28.96396079468076,-22.828321,-8.997666666666666,-1.318820833333333,9,2022
2023-05-12,19.394620827673634,27.080794818342667,-13.204065,-7.419029166666667,-1.318820833333333,9,2022
2023-05-13,26.82415606625284,19.723049355638977,16.90977,11.328404166666669,-1.318820833333333,9,2022
2023-05-14,13.438708280196352,12.472280426128691,33.18536,25.658891666666666,-1.318820833333333,9,2022
2023-05-15,12.961610430082828,-21.789084593730422,28.15508,25.471520833333333,-1.318820833333333,9,2022
2023-05-16,4.018070523084589,-10.563546390184456,39.674553,27.933879166666667,-1.318820833333333,9,2022
2023-05-17,8.746115375343607,-0.9485556199506391,-49.7606,-14.2142375,-1.318820833333333,9,2022
2023-05-18,16.050362913937533,0.7158233131926863,19.42352,12.509312499999998,-1.318820833333333,9,2022
2023-05-19,13.006141483822148,22.301768215647144,9.445021,7.1566,-1.318820833333333,9,2022
2023-05-20,5.239389902419589,-0.7427555826984644,-38.76473,-11.330079166666666,-1.318820833333333,9,2022
2023-05-21,-18.384006272873194,-0.4312678987257641,5.8753123,11.5693625,-1.318820833333333,9,2022
2023-05-22,-49.40595951701107,-5.161361187809234,20.006714,13.563583333333334,-1.318820833333333,9,2022
2023-05-23,-23.72133057347355,26.936938591893124,-17.266052,4.9339458333333335,-1.318820833333333,9,2022
2023-05-24,-21.904857816253298,-19.012870113647296,-7.983496,4.896929166666667,-1.318820833333333,9,2022
2023-05-25,3.3625039197099795,-18.50136228348265,9.33491,15.659120833333333,-1.318820833333333,9,2022
2023-05-26,14.630543533169202,-12.930374193351327,31.590204,25.4876375,-1.318820833333333,9,2022
2023-05-27,4.683680940042905,1.4506149334445126,,32.14442916666666,-1.318820833333333,9,2022
2023-05-28,5.08993962678278,1.4414919767818901,,26.7676,-1.318820833333333,9,2022
2023-05-29,8.514207687106591,5.652629144005687,,23.661033333333336,-1.318820833333333,9,2022
2023-05-30,2.038677086604139,30.81427974200045,,12.473808333333332,-1.318820833333333,9,2022
2023-05-31,9.427689400378313,20.87518126734767,-7.1023955,-2.462916666666666,-1.318820833333333,9,2022
2023-06-01,24.75886087818958,13.591102792247511,-32.71731,-19.78105,-1.318820833333333,9,2022
2023-06-02,45.812590154365125,18.84218393512765,10.984374,6.071241666666666,-1.318820833333333,9,2022
2023-06-03,39.171954710567434,15.070853044879868,30.35404,12.38615,-1.318820833333333,9,2022
2023-06-04,36.41019413435674,9.287203384973282,-12.293305,-0.7707208333333337,-1.318820833333333,9,2022
2023-06-05,39.1561832086968,13.72221527767806,19.666601,12.310170833333336,-1.318820833333333,9,2022
2023-06-06,33.204540848075794,17.434550769759426,6.3035254,3.9024875,-1.318820833333333,9,2022
2023-06-07,25.516141453180808,6.491456715230697,-43.11344,-12.852425000000002,-1.318820833333333,9,2022
2023-06-08,38.484946898859505,-2.5178169239120507,25.550987,4.606112500000001,-1.318820833333333,9,2022
2023-06-09,55.94607975016447,5.620380358769353,-26.174105,-16.781683333333334,-1.318820833333333,9,2022
2023-06-10,53.33535014956624,22.657312952177563,13.587651,9.637508333333336,-1.318820833333333,9,2022
2023-06-11,51.43717691995869,1.0220071953976912,57.839367,32.5169625,-1.318820833333333,9,2022
2023-06-12,69.65427118217349,-7.0053552471154035,10.342674,7.371300000000001,-1.318820833333333,9,2022
2023-06-13,66.53727073362847,-5.493349944913916,-10.298215,2.6146541666666665,-1.318820833333333,9,2022
2023-06-14,44.97183734486066,-2.880183518857848,11.81639,6.81935,-1.318820833333333,9,2022
2023-06-15,42.57518922947156,-6.080267813282717,-9.17997,-5.38205,-1.318820833333333,9,2022
2023-06-16,43.14801078296506,-5.816180247470129,-2.4160745,17.684725,-1.318820833333333,9,2022
2023-06-17,49.99406361768661,19.03621537916615,3.2600958,4.0968125,-1.318820833333333,9,2022
2023-06-18,43.79223424572842,18.418222243904893,-7.307863,-5.049854166666667,-1.318820833333333,9,2022
2023-06-19,34.90485878050032,-4.808913119791214,-4.5629067,-2.1611666666666665,-1.318820833333333,9,2022
2023-06-20,47.69189208142325,9.051263554526258,1.5539702,3.737208333333333,-1.318820833333333,9,2022
2023-06-21,32.97599293032863,8.108767539852124,-3.5580075,-1.5394166666666669,-1.318820833333333,9,2022
2023-06-22,46.16610315895855,-13.418077558889308,-3.0358837,-1.174825,-1.318820833333333,9,2022
2023-06-23,20.356070625279017,-11.799962811558999,-29.378216,-23.302479166666668,-1.318820833333333,9,2022
2023-06-24,17.024232795367425,-11.389126985655821,41.60473,26.30456666666667,-1.318820833333333,9,2022
2023-06-25,24.402221971530707,-11.202583507420059,18.507761,11.876154166666666,-1.318820833333333,9,2022
2023-06-26,34.196039606050476,-17.370537455725753,-26.764912,-20.224308333333333,-1.318820833333333,9,2022
2023-06-27,14.697423638215469,3.2771523853577946,-81.62119,-65.38177083333333,-1.318820833333333,9,2022
2023-06-28,26.431852224872614,-2.0342104320229737,-11.638014,-14.830891666666666,-1.318820833333333,9,2022
2023-06-29,43.45482266453291,-39.1773648206954,22.246706,6.395995833333334,-1.318820833333333,9,2022
2023-06-30,22.89303039881031,-19.990552885639318,-31.440952,-12.65285,-1.318820833333333,9,2022
2023-07-01,13.428952625921283,-58.301905111532506,11.465797,11.991324999999998,-1.318820833333333,9,2022
2023-07-02,26.59483659151624,-39.82807865426366,34.9289,14.213658333333331,-1.318820833333333,9,2022
2023-07-03,22.159416473124224,-48.02656178766756,-24.11259,-12.115770833333334,-1.318820833333333,9,2022
2023-07-04,37.70224827151878,-4.362282896288889,,6.896575,-1.318820833333333,9,2022
2023-07-05,31.425979832939902,-35.939698705713454,3.0495167,4.454125,-1.318820833333333,9,2022
2023-07-06,44.83494079214802,-24.92676360483665,17.967241,11.237025,-1.318820833333333,9,2022
2023-07-07,34.777029327482865,-2.719081584219566,46.13086,39.56304166666667,-1.318820833333333,9,2022
2023-07-08,42.8820246022874,26.888920914924825,4.09846,11.606366666666666,-1.318820833333333,9,2022
2023-07-09,41.15882567229596,4.903389884214221,96.52768,84.25182916666667,-1.318820833333333,9,2022
2023-07-10,77.26566522211215,4.834751589763073,96.01628,77.89262916666667,-1.318820833333333,9,2022
2023-07-11,69.19994835799707,1.7866984760871674,,26.366416666666662,-1.318820833333333,9,2022
2023-07-12,71.88657452664665,-3.4256064467826945,-0.28562084,3.830795833333338,-1.318820833333333,9,2022
2023-07-13,27.000957462934593,22.50134359421054,1.42678,9.588016666666668,-1.318820833333333,9,2022
2023-07-14,50.606396928266236,80.98513787735965,69.613525,61.62785,-1.318820833333333,9,2022
2023-07-15,32.836826601032726,95.9568890847504,35.177532,62.343575,-1.318820833333333,9,2022
2023-07-16,53.968001823571285,130.59369645021252,43.746357,51.473375,-1.318820833333333,9,2022
2023-07-17,41.77677130303351,143.4069214485853,121.29459,85.9650625,-1.318820833333333,9,2022
2023-07-18,80.92079482709596,211.39532060565034,31.307306,152.8835375,-1.318820833333333,9,2022
2023-07-19,95.62657081639145,155.45277403183172,37.568382,62.38038333333333,-1.318820833333333,9,2022
2023-07-20,107.30836961105888,183.0252765978039,100.73077,89.21000833333333,-1.318820833333333,9,2022
2023-07-21,98.71384282959525,225.7589512662671,16.762426,44.29487083333333,-1.318820833333333,9,2022
2023-07-22,108.11063853608357,252.296402300497,42.0044,61.4897875,-1.318820833333333,9,2022
2023-07-23,101.82865702599429,236.63777535441477,24.732645,51.49033333333333,-1.318820833333333,9,2022
2023-07-24,135.79516407734445,260.80837770436847,79.45494,100.1744125,-1.318820833333333,9,2022
2023-07-25,111.57227542964938,109.04982907115209,95.1699,64.92093333333334,-1.318820833333333,9,2022
2023-07-26,114.45602344651707,130.03663856817366,21.16308,54.36145,-1.318820833333333,9,2022
2023-07-27,107.26249799010111,151.89090781352206,152.31618,135.19895416666665,-1.318820833333333,9,2022
2023-07-28,94.85244545051046,113.7946101325324,51.681995,50.79060833333333,-1.318820833333333,9,2022
2023-07-29,92.29722410282193,67.0230425965542,87.84974,86.15370416666667,-1.318820833333333,9,2022
2023-07-30,78.4958047820246,85.65795428357387,40.357487,73.95695,-1.318820833333333,9,2022
2023-07-31,105.64195685786763,129.6146564061146,155.47891,116.90309166666668,-1.318820833333333,9,2022
2023-08-01,109.09975162731826,157.36912531115922,109.39513,80.18364166666667,-1.318820833333333,9,2022
2023-08-02,136.32882676449935,202.97589027829235,,87.807475,-1.318820833333333,9,2022
2023-08-03,127.31210483366158,164.75243499397766,205.29279,150.55388333333337,-1.318820833333333,9,2022
2023-08-04,115.48111051289106,124.44603894016745,14.096987,215.24594583333337,-1.318820833333333,9,2022
2023-08-05,140.52061758393666,208.02629560814785,,155.24306249999998,-1.318820833333333,9,2022
2023-08-06,140.32140344856452,121.53319936179287,110.96422,87.49884166666668,-1.318820833333333,9,2022
2023-08-07,118.98586272098419,127.15905465477772,87.08921,74.66362083333333,-1.318820833333333,9,2022
2023-08-08,109.36511711702133,163.63143681626752,0.34578833,68.35785,-1.318820833333333,9,2022
2023-08-09,110.25588853579484,126.3327306918145,45.606724,68.4314,-1.318820833333333,9,2022
2023-08-10,104.66175582409141,122.2232281479919,26.529993,36.99114166666667,-1.318820833333333,9,2022
2023-08-11,86.81567398013703,104.87225828716282,70.700874,63.041158333333335,-1.318820833333333,9,2022
2023-08-12,75.83117477393444,103.74398513096503,27.398531,28.809616666666667,-1.318820833333333,9,2022
2023-08-13,97.55989843759744,75.65336377561698,108.590454,84.65306249999999,-1.318820833333333,9,2022
2023-08-14,83.3385516558983,80.51067731135345,15.693508,35.019016666666666,-1.318820833333333,9,2022
2023-08-15,89.29836270648593,63.859805107638294,39.245575,41.2892875,-1.318820833333333,9,2022
2023-08-16,82.712895153516,58.18375789217703,1.6643118,24.647458333333333,-1.318820833333333,9,2022
2023-08-17,73.63746807193138,73.1753440653124,51.613575,58.2286,-1.318820833333333,9,2022
2023-08-18,100.6455834864928,122.90660838898293,41.433693,107.56862916666668,-1.318820833333333,9,2022
2023-08-19,118.66005894846057,76.44799439085182,32.738125,32.34005416666667,-1.318820833333333,9,2022
2023-08-20,96.85331510792821,67.83945638503337,22.220222,28.435320833333336,-1.318820833333333,9,2022
2023-08-21,89.64849714759112,33.41652325977037,-33.860313,-29.92543333333333,-1.318820833333333,9,2022
2023-08-22,70.95353556638429,5.262121078027121,-22.458595,-14.332470833333334,-1.318820833333333,9,2022
2023-08-23,81.79001694104954,40.68264711302032,-10.675915,24.89188333333333,-1.318820833333333,9,2022
2023-08-24,73.64799632725135,34.83187408314387,13.140365,32.92037916666667,-1.318820833333333,9,2022
2023-08-25,59.28791545521926,11.920401059201595,3.2093089,4.431225,-1.318820833333333,9,2022
2023-08-26,66.22450094954343,56.62414366072221,-0.3350312,0.2377041666666669,-1.318820833333333,9,2022
2023-08-27,42.92057635037247,75.65220696216056,-13.638143,-3.0097291666666663,-1.318820833333333,9,2022
2023-08-28,44.76083999949833,73.15353583473689,-1.5946008,-0.066329166666667,-1.318820833333333,9,2022
2023-08-29,28.80203875447387,64.48709033654768,-25.210018,-14.235625,-1.318820833333333,9,2022
2023-08-30,43.73682622214346,65.09031008696388,-4.0288925,-1.6017541666666666,-1.318820833333333,9,2022
2023-08-31,55.2150049673719,176.50276976566056,-2.3012214,74.50096666666666,-1.318820833333333,9,2022
2023-09-01,27.2896434975558,9.301690698620632,-2.4492452,0.4969874999999999,-1.318820833333333,9,2022
2023-09-02,42.06099086837082,24.933669172986583,-11.881772,-5.9059,-1.318820833333333,9,2022
2023-09-03,30.238423119267054,61.21182987234306,27.786173,24.01235833333333,-1.318820833333333,9,2022
2023-09-04,26.38585636131438,59.674917582942726,-16.50878,-5.486958333333334,-1.318820833333333,9,2022
2023-09-05,48.11087153996186,51.52720060252159,-13.77948,-14.007445833333334,-1.318820833333333,9,2022
2023-09-06,3.777768628900276,50.72148838256976,-3.442267,-2.9431208333333334,-1.318820833333333,9,2022
2023-09-07,44.29253100829828,54.26079673847926,,35.369479166666665,-1.318820833333333,9,2022
2023-09-08,33.538949725750854,24.61051103701402,,8.544316666666667,-1.318820833333333,9,2022
2023-09-09,37.02773832576759,4.0436018554521524,12.286411,9.300879166666666,-1.318820833333333,9,2022
2023-09-10,29.99478233570221,-7.010358360908867,-0.7905435,2.009983333333333,-1.318820833333333,9,2022
2023-09-11,19.364355747822856,-26.773154815492944,-9.34606,-5.423433333333334,-1.318820833333333,9,2022
2023-09-12,46.763872939841804,-30.663263719894985,53.28961,25.1636125,-1.318820833333333,9,2022
2023-09-13,38.03938631018218,-28.274143244416337,-8.944514,20.207675,-1.318820833333333,9,2022
2023-09-14,25.211774227486785,-9.252296249223036,-2.1903472,4.5445375,-1.318820833333333,9,2022
2023-09-15,37.34018445265815,12.058801051785395,12.928804,11.6428375,-1.318820833333333,9,2022
2023-09-16,41.81297444834763,71.54210721861136,,10.404229166666664,-1.318820833333333,9,2022
2023-09-17,52.62501030833005,87.26953741990837,-8.583548,77.14594166666667,-1.318820833333333,9,2022
2023-09-18,15.110341310718013,18.276754816361745,-11.969733,-4.827429166666666,-1.318820833333333,9,2022
2023-09-19,37.89790844208437,32.9461741841896,20.57709,55.890237500000005,-1.318820833333333,9,2022
2023-09-20,57.02004322912762,81.52198702179703,112.28808,83.35881666666667,-1.318820833333333,9,2022
2023-09-21,33.869180293450654,83.0294402421664,73.965004,45.40938333333333,-1.318820833333333,9,2022
2023-09-22,55.17343067871252,67.45333544012328,138.02399,84.61179583333333,-1.318820833333333,9,2022
2023-09-23,31.55303929505112,45.60280391334345,-4.9889746,0.2823458333333329,-1.318820833333333,9,2022
2023-09-24,35.97278500873085,39.54000879766471,26.412855,32.756462500000005,-1.318820833333333,9,2022
2023-09-25,47.94742256863583,55.14064733707755,110.39561,93.85517916666667,-1.318820833333333,9,2022
2023-09-26,38.53516492272257,46.91360302234352,17.495007,18.73464166666667,-1.318820833333333,9,2022
2023-09-27,62.0555415350384,22.98936644072114,107.9906,125.15653333333334,-1.318820833333333,9,2022
2023-09-28,49.02634948728473,47.57433978838617,74.50455,87.8660875,-1.318820833333333,9,2022
2023-09-29,52.50431645239553,22.8347982051896,-6.5165014,4.644395833333335,-1.318820833333333,9,2022
2023-09-30,70.67938748210054,17.397497241268184,-4.653274,-5.889204166666669,-1.318820833333333,9,2022
2023-10-01,81.8627458448168,14.627641058973495,-12.063755,0.2912208333333315,-1.318820833333333,9,2022
2023-10-02,95.71064651496408,41.48088493989047,10.86388,33.46682083333334,-1.318820833333333,9,2022
2023-10-03,87.89726532833538,0.6937624211943785,-13.955659,-6.626104166666667,-1.318820833333333,9,2022
2023-10-04,93.22903943007805,-7.213189104415505,-57.69717,-45.33997083333333,-1.318820833333333,9,2022
2023-10-05,100.0133118486774,4.327726933769782,-44.17784,-35.3040875,-1.318820833333333,9,2022
2023-10-06,109.35413365351815,5.487094149858422,0.3513746,1.2865541666666662,-1.318820833333333,9,2022
2023-10-07,108.95790207547452,39.02422869253286,49.535984,40.068354166666666,-1.318820833333333,9,2022
2023-10-08,103.53585476191256,36.79205063471562,51.343292,101.50775,-1.318820833333333,9,2022
2023-10-09,85.49936643449792,27.148034078469266,2.833845,23.874012500000003,-1.318820833333333,9,2022
2023-10-10,82.92566530505974,18.37187244554366,318.5359,140.8276375,-1.318820833333333,9,2022
2023-10-11,87.38078779415218,9.8662344583513,55.891434,48.319516666666665,-1.318820833333333,9,2022
2023-10-12,73.88928589790657,22.8465166837409,57.19969,75.35471666666666,-1.318820833333333,9,2022
2023-10-13,95.30527318725944,32.44136710200627,70.938866,58.515075,-1.318820833333333,9,2022
2023-10-14,64.24693669823955,33.980396735891816,38.779472,33.2784625,-1.318820833333333,9,2022
2023-10-15,87.48820439672454,43.148531766642634,36.700474,36.795825,-1.318820833333333,9,2022
2023-10-16,96.32100134043549,111.65035407362484,52.48365,45.8804625,-1.318820833333333,9,2022
2023-10-17,96.97915302514411,143.58419371428226,-10.989857,2.306095833333333,-1.318820833333333,9,2022
2023-10-18,129.31502083979285,245.4871059604866,,81.66513333333333,-1.318820833333333,9,2022
2023-10-19,95.98058496760859,100.63787418093125,,35.00633333333334,-1.318820833333333,9,2022
2023-10-20,107.16271969731861,52.815178747144046,71.6616,32.3969,-1.318820833333333,9,2022
2023-10-21,97.3540942241234,48.832957005191474,23.2353,22.56856666666667,-1.318820833333333,9,2022
2023-10-22,83.53875137963041,21.041584915642716,11.878509,13.583725,-1.318820833333333,9,2022
2023-10-23,93.27907892045641,56.87843798626295,63.694534,43.83208333333334,-1.318820833333333,9,2022
2023-10-24,71.28067155368262,56.89371251773173,13.5890045,13.863954166666666,-1.318820833333333,9,2022
2023-10-25,80.10937579996653,93.38516748447591,26.427753,27.806183333333333,-1.318820833333333,9,2022
2023-10-26,47.5754162095717,11.582072797306864,-8.362995,-3.2857125000000007,-1.318820833333333,9,2022
2023-10-27,31.66182778650591,3.2058266921369523,-0.053701423,2.705341666666667,-1.318820833333333,9,2022
2023-10-28,42.79555801669744,-8.442075797768666,9.385131,9.127245833333337,-1.318820833333333,9,2022
2023-10-29,14.08728597628101,-8.840048860329716,11.253038,9.445879166666666,-1.318820833333333,9,2022
2023-10-30,30.420596181321798,10.284508135394844,1.1776545,2.463883333333333,-1.318820833333333,9,2022
2023-10-31,19.353123799118748,0.2741001503809457,12.490627,10.1145625,-1.318820833333333,9,2022
2023-11-01,23.408012845566077,-12.16519011848186,-1.8983995,14.832170833333334,-1.318820833333333,9,2022
2023-11-02,43.60889601777353,55.491330951357895,3.1008468,63.334316666666666,-1.318820833333333,9,2022
2023-11-03,25.483852993836763,29.714563590910927,-3.760342,0.0450416666666666,-1.318820833333333,9,2022
2023-11-04,23.857292881841317,42.11032301117092,-4.730614,12.107741666666668,-1.318820833333333,9,2022
2023-11-05,16.89817145028178,27.063190999129063,4.0090747,4.934341666666667,-1.318820833333333,9,2022
2023-11-06,16.7298049777105,29.157591321420284,1.5567117,5.033533333333334,-1.318820833333333,9,2022
2023-11-07,27.46260538026104,17.46015936223148,10.280501,9.204704166666668,-1.318820833333333,9,2022
2023-11-08,20.691921343552735,38.68413597690045,-6.924095,7.948033333333334,-1.318820833333333,9,2022
2023-11-09,16.734933378159894,32.70118030474072,11.059863,12.991216666666666,-1.318820833333333,9,2022
2023-11-10,-1.4854966412690374,65.0957454397203,12.381903,13.000783333333333,-1.318820833333333,9,2022
2023-11-11,9.654130414194924,50.22956912105974,2.0860913,2.5759541666666665,-1.318820833333333,9,2022
2023-11-12,1.6997850347577241,87.3811260681232,19.319489,36.80054166666667,-1.318820833333333,9,2022
2023-11-13,-3.2982817945830902,59.42994876082503,46.33098,31.06900416666667,-1.318820833333333,9,2022
2023-11-14,3.0841670848963076,63.706986709067905,44.482098,32.20704583333333,-1.318820833333333,9,2022
2023-11-15,-4.591457247315702,45.649945105747975,8.630119,7.775166666666666,-1.318820833333333,9,2022
2023-11-16,26.514085165547613,90.06654113243212,,6.554470833333333,-1.318820833333333,9,2022
2023-11-17,5.447071327621643,41.2972167904083,-22.354414,-11.844779166666669,-1.318820833333333,9,2022
2023-11-18,-11.704540318180989,45.199140748492255,13.401429,16.43645833333333,-1.318820833333333,9,2022
2023-11-19,-1.167318649869685,77.92338257974689,73.91904,54.907604166666665,-1.318820833333333,9,2022
2023-11-20,10.636780802094563,92.89690868142998,2.0267265,3.6312958333333327,-1.318820833333333,9,2022
2023-11-21,15.20643617581618,81.56285135273947,-4.624895,-1.8204666666666671,-1.318820833333333,9,2022
2023-11-22,30.16177900750199,35.83853670270793,-28.767853,-7.846458333333333,-1.318820833333333,9,2022
2023-11-23,12.432057145242425,43.97666507772857,,9.401025,-1.318820833333333,9,2022
2023-11-24,22.469190862077085,67.38292016326886,6.579005,5.702933333333333,-1.318820833333333,9,2022
2023-11-25,40.680470779401276,50.501173886228116,-2.3248293,1.264425,-1.318820833333333,9,2022
2023-11-26,31.474225113999807,55.52006962211726,-38.49116,-16.16785833333333,-1.318820833333333,9,2022
2023-11-27,49.36239962015247,62.86363002523103,17.889893,13.167616666666667,-1.318820833333333,9,2022
2023-11-28,47.87139653770669,24.233728124192567,4.2689548,3.313895833333333,-1.318820833333333,9,2022
2023-11-29,71.40792103388867,20.04816822777684,5.555296,5.151116666666666,-1.318820833333333,9,2022
2023-11-30,64.44644734536405,49.19578507265328,5.231634,8.5719125,-1.318820833333333,9,2022
2023-12-01,39.919516173224906,-15.736837048397774,2.0310369,13.4971,-1.318820833333333,9,2022
2023-12-02,31.646213414982924,-37.032423861402094,110.99087,58.38010416666668,-1.318820833333333,9,2022
2023-12-03,16.10756462481322,-29.3411219923114,,8.208470833333333,-1.318820833333333,9,2022
2023-12-04,73.60653479658231,87.68282886426778,48.742573,104.963825,-1.318820833333333,9,2022
2023-12-05,59.405008363851266,23.646599356619618,19.348417,21.314329166666667,-1.318820833333333,9,2022
2023-12-06,53.38050763658521,-7.269618214246293,5.587843,5.907941666666667,-1.318820833333333,9,2022
2023-12-07,61.41502185904096,71.49449411313617,30.341068,42.43100833333333,-1.318820833333333,9,2022
2023-12-08,46.42643838942604,30.56122157813155,-1.7145953,-0.3080791666666667,-1.318820833333333,9,2022
2023-12-09,49.72695142318878,59.306370179637725,0.6915954,8.026774999999999,-1.318820833333333,9,2022
2023-12-10,45.684758091209005,57.91667806339865,0.19348644,3.437645833333333,-1.318820833333333,9,2022
2023-12-11,53.39876190235418,18.667429931214883,7.021981,6.026504166666666,-1.318820833333333,9,2022
2023-12-12,56.76552338760621,2.667737209805864,4.077843,5.266108333333333,-1.318820833333333,9,2022
2023-12-13,70.29043714687737,2.998769612103615,8.448666,7.489483333333333,-1.318820833333333,9,2022
2023-12-14,63.047095627952785,-9.511159361483351,8.267274,7.391283333333334,-1.318820833333333,9,2022
2023-12-15,36.934769623748736,-8.127748282928223,-45.859272,-44.40708333333333,-1.318820833333333,9,2022
2023-12-16,25.704540217979797,-7.697898118876765,-63.13362,-58.08659166666666,-1.318820833333333,9,2022
