date,TabICLv2,y_true,y_gapfilled,persistence,tower,anchor_year
2018-12-17,26.54997,18.70908835605556,20.960429166666668,54.91721666666666,2,2018
2018-12-18,38.48059,35.149889121928574,32.9244375,54.91721666666666,2,2018
2018-12-19,25.660036,20.564511855705884,21.9152625,54.91721666666666,2,2018
2018-12-20,19.17531,21.31585997685,59.83865,54.91721666666666,2,2018
2018-12-21,1.9406016,8.646292532607143,10.355054166666667,54.91721666666666,2,2018
2018-12-22,0.95631266,4.645622667038461,5.962599999999999,54.91721666666666,2,2018
2018-12-23,3.0063784,,81.17115416666667,54.91721666666666,2,2018
2018-12-24,4.1150436,,11.309029166666669,54.91721666666666,2,2018
2018-12-25,4.826992,23.430924851857142,21.3093375,54.91721666666666,2,2018
2018-12-26,5.6054163,20.941292970611112,14.657541666666669,54.91721666666666,2,2018
2018-12-27,2.954913,26.19202691092857,21.390625,54.91721666666666,2,2018
2018-12-28,3.0192454,29.94466230940909,30.324125,54.91721666666666,2,2018
2018-12-29,-9.870529e-05,1.0451481868888888,3.606079166666667,54.91721666666666,2,2018
2018-12-30,0.5402951,,6.131912499999999,54.91721666666666,2,2018
2018-12-31,0.12427759,2.3515349025416667,3.102370833333333,54.91721666666666,2,2018
2019-01-01,0.42449665,-5.369030695966667,-2.6617875,54.91721666666666,2,2018
2019-01-02,1.959902,1.6130913782857144,6.143154166666666,54.91721666666666,2,2018
2019-01-03,1.5996387,25.9850464875,20.74059583333333,54.91721666666666,2,2018
2019-01-04,1.7325938,-4.380738653249999,4.5301125,54.91721666666666,2,2018
2019-01-05,1.7240155,2.7963399130416664,5.033554166666667,54.91721666666666,2,2018
2019-01-06,1.7797706,3.1412098474545456,3.1575166666666665,54.91721666666666,2,2018
2019-01-07,0.7290034,4.396572144333333,6.2659125,54.91721666666666,2,2018
2019-01-08,0.9777565,3.1346549570769238,3.106208333333333,54.91721666666666,2,2018
2019-01-09,3.8469918,16.851149742666667,11.953895833333334,54.91721666666666,2,2018
2019-01-10,2.6075165,7.1774120194375,6.562220833333334,54.91721666666666,2,2018
2019-01-11,2.1314552,-0.4730029913333335,1.5214875,54.91721666666666,2,2018
2019-01-12,1.4666848,5.846134107666667,5.821558333333333,54.91721666666666,2,2018
2019-01-13,1.393774,6.104765118727273,6.952233333333333,54.91721666666666,2,2018
2019-01-14,1.6897042,2.1329866241785718,2.909558333333333,54.91721666666666,2,2018
2019-01-15,3.4524186,2.2440845584,3.629925,54.91721666666666,2,2018
2019-01-16,3.5038836,7.618485403499999,7.1197875,54.91721666666666,2,2018
2019-01-17,1.52244,7.6029276680625,8.611983333333333,54.91721666666666,2,2018
2019-01-18,3.1436217,47.92393224357142,28.46534583333333,54.91721666666666,2,2018
2019-01-19,4.4238405,24.86850198355556,17.846983333333334,54.91721666666666,2,2018
2019-01-20,2.5774944,17.4627153565625,13.149675,54.91721666666666,2,2018
2019-01-21,2.6675603,-12.724279198928574,-4.2037125,54.91721666666666,2,2018
2019-01-22,3.2915866,4.337085952833333,6.4629625,54.91721666666666,2,2018
2019-01-23,3.2336872,1.5778612148928572,3.477591666666666,54.91721666666666,2,2018
2019-01-24,3.293731,,13.412779166666668,54.91721666666666,2,2018
2019-01-25,1.81408,4.680099354454547,5.937991666666666,54.91721666666666,2,2018
2019-01-26,1.9599016,-0.1596002495,8.154216666666667,54.91721666666666,2,2018
2019-01-27,0.26152086,5.2462252687,14.440466666666666,54.91721666666666,2,2018
2019-01-28,1.646816,2.2563893023,5.128345833333333,54.91721666666666,2,2018
2019-01-29,3.6604264,10.0498731726875,9.319275,54.91721666666666,2,2018
2019-01-30,4.3294864,15.474247531375,13.059829166666669,54.91721666666666,2,2018
2019-01-31,3.1436222,0.4904963130500012,6.3016125,54.91721666666666,2,2018
2019-02-01,2.5860727,8.4084680965,7.477216666666667,54.91721666666666,2,2018
2019-02-02,1.724015,2.5245367430714287,4.454875,54.91721666666666,2,2018
2019-02-03,6.045022,37.99870940657692,30.64916666666667,54.91721666666666,2,2018
2019-02-04,2.5903623,2.751413063416667,42.05817916666667,54.91721666666666,2,2018
2019-02-05,9.551151,13.844363808277778,14.795058333333335,54.91721666666666,2,2018
2019-02-06,9.525417,4.802799604607143,9.7471375,54.91721666666666,2,2018
2019-02-07,0.26580906,8.550348829666666,81.27637916666667,54.91721666666666,2,2018
2019-02-08,1.132155,10.0407205624375,99.99124166666668,54.91721666666666,2,2018
2019-02-09,0.7032709,4.558041702222223,42.32086666666667,54.91721666666666,2,2018
2019-02-10,0.40305185,-13.936746767458336,6.174041666666668,54.91721666666666,2,2018
2019-02-11,1.3508863,3.574882973166667,11.252024999999998,54.91721666666666,2,2018
2019-02-12,9.88568,7.3720592872,11.42425,54.91721666666666,2,2018
2019-02-13,10.880692,17.668619972,15.229354166666669,54.91721666666666,2,2018
2019-02-14,7.604016,,9.924945833333334,54.91721666666666,2,2018
2019-02-15,10.653381,,17.54305,54.91721666666666,2,2018
2019-02-16,10.115132,,20.577075,54.91721666666666,2,2018
2019-02-17,7.3809967,,26.980966666666664,54.91721666666666,2,2018
2019-02-18,3.7719371,,19.49338333333333,54.91721666666666,2,2018
2019-02-19,7.299508,-8.054775097375,9.620433333333333,54.91721666666666,2,2018
2019-02-20,8.470362,,28.917179166666667,54.91721666666666,2,2018
2019-02-21,6.82988,14.482375459785716,24.851904166666667,54.91721666666666,2,2018
2019-02-22,4.2608647,,18.7001375,54.91721666666666,2,2018
2019-02-23,4.8870363,,20.1319375,54.91721666666666,2,2018
2019-02-24,4.696182,16.341520738,19.9438875,54.91721666666666,2,2018
2019-02-25,3.7848036,34.227751317312496,28.408058333333333,54.91721666666666,2,2018
2019-02-26,4.3788075,,14.693295833333332,54.91721666666666,2,2018
2019-02-27,5.0971885,,23.190841666666667,54.91721666666666,2,2018
2019-02-28,1.3894858,,44.40732916666667,54.91721666666666,2,2018
2019-03-01,3.0106676,,18.09773333333333,54.91721666666666,2,2018
2019-03-02,1.7797706,,39.84482083333334,54.91721666666666,2,2018
2019-03-03,1.749749,,66.66335,54.91721666666666,2,2018
2019-03-04,1.6811271,,23.234841666666668,54.91721666666666,2,2018
2019-03-05,2.7447598,,39.91052916666667,54.91721666666666,2,2018
2019-03-06,2.5474722,,36.213725,54.91721666666666,2,2018
2019-03-07,1.7454593,,27.88972083333333,54.91721666666666,2,2018
2019-03-08,2.5474722,,26.92539583333333,54.91721666666666,2,2018
2019-03-09,2.6761377,,13.137116666666666,54.91721666666666,2,2018
2019-03-10,2.0199454,,52.637575,54.91721666666666,2,2018
2019-03-11,2.5474727,,13.2311125,54.91721666666666,2,2018
2019-03-12,3.1393325,,89.4043125,54.91721666666666,2,2018
2019-03-13,2.8005145,,17.736741666666667,54.91721666666666,2,2018
2019-03-14,2.984935,,53.478033333333336,54.91721666666666,2,2018
2019-03-15,3.3151758,,85.62972916666666,54.91721666666666,2,2018
2019-03-16,3.4266846,,40.35592916666666,54.91721666666666,2,2018
2019-03-17,2.646116,,8.507304166666666,54.91721666666666,2,2018
2019-03-18,2.7833598,,8.097033333333334,54.91721666666666,2,2018
2019-03-19,3.786948,,12.7325125,54.91721666666666,2,2018
2019-03-20,4.3380632,13.634843732,12.9369625,54.91721666666666,2,2018
2019-03-21,4.2244096,,16.528679166666667,54.91721666666666,2,2018
2019-03-22,3.9113247,1.7614277388846156,5.266008333333333,54.91721666666666,2,2018
2019-03-23,4.683316,21.583323005291664,16.152620833333334,54.91721666666666,2,2018
2019-03-24,3.3366196,13.3042925518,15.0424,54.91721666666666,2,2018
2019-03-25,3.062134,8.5653645699375,13.5013625,54.91721666666666,2,2018
2019-03-26,4.5439277,-0.3992032035833331,4.749524999999999,54.91721666666666,2,2018
2019-03-27,4.558939,-19.56766726491667,3.706458333333334,54.91721666666666,2,2018
2019-03-28,4.820559,-26.284096359214285,0.2363583333333333,54.91721666666666,2,2018
2019-03-29,5.0971885,-22.02776036808333,0.6702375000000002,54.91721666666666,2,2018
2019-03-30,4.513906,,7.1489375,54.91721666666666,2,2018
2019-03-31,4.3316307,-2.0187472686428576,4.924445833333333,54.91721666666666,2,2018
2019-04-01,6.1179323,0.5529197632142859,1.9180625,54.91721666666666,2,2018
2019-04-02,3.7526376,-3.8272083945,6.617925,54.91721666666666,2,2018
2019-04-03,3.8855913,,3.7984041666666655,54.91721666666666,2,2018
2019-04-04,4.6468596,-0.6955974816666683,9.8619125,54.91721666666666,2,2018
2019-04-05,5.4209957,,22.8458875,54.91721666666666,2,2018
2019-04-06,5.8069906,-27.285987418777776,-2.1833208333333336,54.91721666666666,2,2018
2019-04-07,6.186554,5.034525940500002,8.030408333333334,54.91721666666666,2,2018
2019-04-08,8.356708,25.84819127435714,15.295083333333332,54.91721666666666,2,2018
2019-04-09,7.777714,-15.603540653857142,5.416708333333333,54.91721666666666,2,2018
2019-04-10,7.8913684,-5.8357091317666665,1.216225,54.91721666666666,2,2018
2019-04-11,8.210888,-55.11089681636364,-20.350804166666663,54.91721666666666,2,2018
2019-04-12,9.0901,-4.63405446325,-1.6518833333333334,54.91721666666666,2,2018
2019-04-13,7.449617,-13.61224998938889,-2.1952833333333333,54.91721666666666,2,2018
2019-04-14,6.962834,-1.4538512122727274,2.5130625,54.91721666666666,2,2018
2019-04-15,8.704103,-4.80906959021875,1.0223625,54.91721666666666,2,2018
2019-04-16,12.799948,-4.9893718866875005,4.844654166666667,54.91721666666666,2,2018
2019-04-17,11.929312,-18.024601816,-0.5310374999999999,54.91721666666666,2,2018
2019-04-18,10.305987,1.7191621452500008,2.2203375000000007,54.91721666666666,2,2018
2019-04-19,15.757102,,1.0130458333333332,54.91721666666666,2,2018
2019-04-20,16.451897,,0.7513708333333332,54.91721666666666,2,2018
2019-04-21,14.952946,,4.930691666666666,54.91721666666666,2,2018
2019-04-22,11.491852,,6.885437499999999,54.91721666666666,2,2018
2019-04-23,13.492595,,9.979708333333331,54.91721666666666,2,2018
2019-04-24,9.540428,,9.6188125,54.91721666666666,2,2018
2019-04-25,7.6104493,18.28357819981818,10.098175,54.91721666666666,2,2018
2019-04-26,5.918501,7.773193739833334,24.762879166666668,54.91721666666666,2,2018
2019-04-27,5.0950446,-2.075666022214285,1.6339125,54.91721666666666,2,2018
2019-04-28,6.1436653,,8.177708333333333,54.91721666666666,2,2018
2019-04-29,8.007167,,11.046304166666667,54.91721666666666,2,2018
2019-04-30,8.052199,,8.127679166666667,54.91721666666666,2,2018
2019-05-01,8.118677,,6.554654166666666,54.91721666666666,2,2018
2019-05-02,6.574693,,10.502058333333332,54.91721666666666,2,2018
2019-05-03,7.1558313,13.855148937142856,12.1173875,54.91721666666666,2,2018
2019-05-04,7.222309,-93.03084991666668,-13.958904166666663,54.91721666666666,2,2018
2019-05-05,7.812024,-11.8239870715625,-0.4078499999999998,54.91721666666666,2,2018
2019-05-06,8.315964,,-2.196466666666667,54.91721666666666,2,2018
2019-05-07,7.728392,,3.8469625,54.91721666666666,2,2018
2019-05-08,8.0136,,27.71636666666667,54.91721666666666,2,2018
2019-05-09,7.4882164,7.141304566214286,34.2124625,54.91721666666666,2,2018
2019-05-10,9.0236225,,1.8526791666666664,54.91721666666666,2,2018
2019-05-11,8.948568,-7.749907995285715,-0.5256708333333332,54.91721666666666,2,2018
2019-05-12,8.521828,,2.167658333333333,54.91721666666666,2,2018
2019-05-13,8.2173195,,-0.8236166666666667,54.91721666666666,2,2018
2019-05-14,8.708393,,-0.1332249999999998,54.91721666666666,2,2018
2019-05-15,9.006467,,-0.2388749999999999,54.91721666666666,2,2018
2019-05-16,9.087955,,-2.620016666666667,54.91721666666666,2,2018
2019-05-17,10.003624,,3.638925,54.91721666666666,2,2018
2019-05-18,9.872812,,3.905875,54.91721666666666,2,2018
2019-05-19,8.566861,,2.4685375,54.91721666666666,2,2018
2019-05-20,9.227343,,-10.283783333333334,54.91721666666666,2,2018
2019-05-21,10.093688,-31.466192480115385,-17.051791666666666,54.91721666666666,2,2018
2019-05-22,10.616928,-40.78660688308333,-14.598395833333331,54.91721666666666,2,2018
2019-05-23,9.705548,,-11.893641666666667,54.91721666666666,2,2018
2019-05-24,9.536139,-6.7113817912857145,-0.2923,54.91721666666666,2,2018
2019-05-25,9.664804,-35.86926997444445,-11.866166666666668,54.91721666666666,2,2018
2019-05-26,8.315963,,7.888233333333333,54.91721666666666,2,2018
2019-05-27,8.356709,-1.2137628685714288,3.1802875,54.91721666666666,2,2018
2019-05-28,8.56686,-11.99333832103846,-2.7196125,54.91721666666666,2,2018
2019-05-29,9.085812,50.683548236,23.431254166666665,54.91721666666666,2,2018
2019-05-30,9.064367,9.863841947555557,11.151191666666668,54.91721666666666,2,2018
2019-05-31,11.243098,-12.85651442042857,1.0662624999999997,54.91721666666666,2,2018
2019-06-01,9.248787,,-3.1812125,54.91721666666666,2,2018
2019-06-02,8.6526375,,10.066208333333334,54.91721666666666,2,2018
2019-06-03,9.186598,,11.539275000000002,54.91721666666666,2,2018
2019-06-04,8.609749,,12.3789125,54.91721666666666,2,2018
2019-06-05,9.283098,,8.131720833333334,54.91721666666666,2,2018
2019-06-06,9.649793,,4.445783333333334,54.91721666666666,2,2018
2019-06-07,10.029355,,10.101416666666667,54.91721666666666,2,2018
2019-06-08,9.980034,,4.717495833333333,54.91721666666666,2,2018
2019-06-09,10.010056,,4.612291666666667,54.91721666666666,2,2018
2019-06-10,10.767036,,6.626245833333333,54.91721666666666,2,2018
2019-06-11,11.26883,,11.218516666666666,54.91721666666666,2,2018
2019-06-12,11.987213,,8.732691666666666,54.91721666666666,2,2018
2019-06-13,11.421084,,12.613741666666668,54.91721666666666,2,2018
2019-06-14,11.429663,,15.480954166666663,54.91721666666666,2,2018
2019-06-15,11.912157,,12.469858333333336,54.91721666666666,2,2018
2019-06-16,11.290276,,14.143241666666666,54.91721666666666,2,2018
2019-06-17,11.052245,,13.660616666666668,54.91721666666666,2,2018
2019-06-18,11.148743,,13.921104166666666,54.91721666666666,2,2018
2019-06-19,10.951456,,12.794720833333336,54.91721666666666,2,2018
2019-06-20,9.950013,,12.993379166666664,54.91721666666666,2,2018
2019-06-21,9.117977,,1.8671583333333333,54.91721666666666,2,2018
2019-06-22,9.379597,,-1.9733875,54.91721666666666,2,2018
2019-06-23,8.9978895,,0.7511875,54.91721666666666,2,2018
2019-06-24,9.418196,,5.4050208333333325,54.91721666666666,2,2018
2019-06-25,9.696972,,1.4599624999999998,54.91721666666666,2,2018
2019-06-26,9.518984,,-2.103641666666667,54.91721666666666,2,2018
2019-06-27,8.174432,,-4.566995833333333,54.91721666666666,2,2018
2019-06-28,8.27093,,-5.084816666666667,54.91721666666666,2,2018
2019-06-29,8.195876,,-4.8725,54.91721666666666,2,2018
2019-06-30,7.9685674,,-0.2305166666666666,54.91721666666666,2,2018
2019-07-01,8.506817,,-0.8709125000000001,54.91721666666666,2,2018
2019-07-02,8.916401,,-1.9165583333333331,54.91721666666666,2,2018
2019-07-03,8.963578,,-3.719808333333333,54.91721666666666,2,2018
2019-07-04,8.712681,,-8.476245833333333,54.91721666666666,2,2018
2019-07-05,9.105111,,-0.035975,54.91721666666666,2,2018
2019-07-06,9.180164,,2.0550333333333333,54.91721666666666,2,2018
2019-07-07,9.325987,,5.015858333333333,54.91721666666666,2,2018
2019-07-08,9.71627,,6.1541125,54.91721666666666,2,2018
2019-07-09,10.0872555,,4.664124999999999,54.91721666666666,2,2018
2019-07-10,10.492551,,3.9650541666666665,54.91721666666666,2,2018
2019-07-11,10.145155,,6.6094125,54.91721666666666,2,2018
2019-07-12,10.674827,,7.349529166666667,54.91721666666666,2,2018
2019-07-13,10.925723,,7.313695833333333,54.91721666666666,2,2018
2019-07-14,10.874258,,3.901837500000001,54.91721666666666,2,2018
2019-07-15,10.884979,,4.982741666666667,54.91721666666666,2,2018
2019-07-16,11.807081,,3.984945833333333,54.91721666666666,2,2018
2019-07-17,11.742748,,4.479716666666667,54.91721666666666,2,2018
2019-07-18,11.170189,,4.8070208333333335,54.91721666666666,2,2018
2019-07-19,10.546161,,5.1438,54.91721666666666,2,2018
2019-07-20,10.338152,,2.8929,54.91721666666666,2,2018
2019-07-21,9.853514,,3.996841666666666,54.91721666666666,2,2018
2019-07-22,9.651938,,4.3937625,54.91721666666666,2,2018
2019-07-23,10.14301,,4.0053875,54.91721666666666,2,2018
2019-07-24,10.145154,,4.681304166666666,54.91721666666666,2,2018
2019-07-25,9.437496,,2.72705,54.91721666666666,2,2018
2019-07-26,9.038633,,4.112504166666667,54.91721666666666,2,2018
2019-07-27,8.961435,,5.751929166666667,54.91721666666666,2,2018
2019-07-28,9.096534,,3.659641666666667,54.91721666666666,2,2018
2019-07-29,8.832769,,2.903216666666667,54.91721666666666,2,2018
2019-07-30,9.120122,,2.8506541666666667,54.91721666666666,2,2018
2019-07-31,9.223053,,3.6849166666666666,54.91721666666666,2,2018
2019-08-01,9.147999,,5.04695,54.91721666666666,2,2018
2019-08-02,9.72056,,4.4739375,54.91721666666666,2,2018
2019-08-03,9.336708,,1.4431375,54.91721666666666,2,2018
2019-08-04,8.742704,,6.690908333333334,54.91721666666666,2,2018
2019-08-05,9.287386,,5.634570833333334,54.91721666666666,2,2018
2019-08-06,9.557584,,4.293670833333333,54.91721666666666,2,2018
2019-08-07,10.067956,,5.460404166666667,54.91721666666666,2,2018
2019-08-08,9.132988,,4.3430583333333335,54.91721666666666,2,2018
2019-08-09,9.729137,,5.747604166666666,54.91721666666666,2,2018
2019-08-10,9.553294,,8.301591666666667,54.91721666666666,2,2018
2019-08-11,10.147299,,7.458470833333333,54.91721666666666,2,2018
2019-08-12,10.2159195,,7.8191625,54.91721666666666,2,2018
2019-08-13,11.564762,,11.037429166666668,54.91721666666666,2,2018
2019-08-14,11.343886,,4.20815,54.91721666666666,2,2018
2019-08-15,11.020077,,5.6885375,54.91721666666666,2,2018
2019-08-16,10.177321,,8.870291666666667,54.91721666666666,2,2018
2019-08-17,10.383185,,1.8225333333333331,54.91721666666666,2,2018
2019-08-18,9.465373,,3.711225,54.91721666666666,2,2018
2019-08-19,9.090099,,5.5758875,54.91721666666666,2,2018
2019-08-20,9.62406,,1.7308416666666666,54.91721666666666,2,2018
2019-08-21,9.6390705,,-0.3601124999999999,54.91721666666666,2,2018
2019-08-22,8.343842,,-4.319154166666666,54.91721666666666,2,2018
2019-08-23,8.800603,,-5.7891875,54.91721666666666,2,2018
2019-08-24,8.303097,,-6.6931,54.91721666666666,2,2018
2019-08-25,8.330975,,-5.204954166666667,54.91721666666666,2,2018
2019-08-26,7.8227463,,-5.075591666666667,54.91721666666666,2,2018
2019-08-27,7.9771447,,1.1494666666666666,54.91721666666666,2,2018
2019-08-28,5.8305798,,4.7672875,54.91721666666666,2,2018
2019-08-29,5.140077,,4.2124041666666665,54.91721666666666,2,2018
2019-08-30,5.6225715,,3.9421458333333335,54.91721666666666,2,2018
2019-08-31,5.0049787,,6.4596625,54.91721666666666,2,2018
2019-09-01,6.203709,,3.763541666666667,54.91721666666666,2,2018
2019-09-02,6.355963,,4.578504166666667,54.91721666666666,2,2018
2019-09-03,7.8935127,,3.96295,54.91721666666666,2,2018
2019-09-04,7.6018715,,-2.4123625,54.91721666666666,2,2018
2019-09-05,6.5746937,,-6.056729166666667,54.91721666666666,2,2018
2019-09-06,6.2294426,,-4.445429166666667,54.91721666666666,2,2018
2019-09-07,7.271631,,-4.15815,54.91721666666666,2,2018
2019-09-08,7.9342566,,-0.2180958333333333,54.91721666666666,2,2018
2019-09-09,6.621871,,2.6314541666666664,54.91721666666666,2,2018
2019-09-10,8.030756,,2.1952541666666665,54.91721666666666,2,2018
2019-09-11,7.44104,,4.053533333333333,54.91721666666666,2,2018
2019-09-12,7.7283926,,2.7376375,54.91721666666666,2,2018
2019-09-13,8.373863,,4.9136125,54.91721666666666,2,2018
2019-09-14,8.978589,,1.0968666666666669,54.91721666666666,2,2018
2019-09-15,8.324542,,3.097504166666667,54.91721666666666,2,2018
2019-09-16,8.689093,,5.239145833333334,54.91721666666666,2,2018
2019-09-17,10.23522,,6.218354166666667,54.91721666666666,2,2018
2019-09-18,10.027212,,4.224854166666667,54.91721666666666,2,2018
2019-09-19,8.764148,,3.5535416666666664,54.91721666666666,2,2018
2019-09-20,7.8077364,,4.323458333333334,54.91721666666666,2,2018
2019-09-21,7.353119,,5.242208333333333,54.91721666666666,2,2018
2019-09-22,6.5682607,,7.277695833333333,54.91721666666666,2,2018
2019-09-23,5.7362256,,6.030774999999999,54.91721666666666,2,2018
2019-09-24,6.6218715,,6.37175,54.91721666666666,2,2018
2019-09-25,5.6590266,,3.6670625,54.91721666666666,2,2018
2019-09-26,5.5539503,,2.3128333333333333,54.91721666666666,2,2018
2019-09-27,4.9856787,,3.0113416666666666,54.91721666666666,2,2018
2019-09-28,5.062878,,3.3091791666666666,54.91721666666666,2,2018
2019-09-29,4.4538627,,4.1025833333333335,54.91721666666666,2,2018
2019-09-30,4.8334255,,6.375733333333333,54.91721666666666,2,2018
2019-10-01,3.6604269,,5.546145833333333,54.91721666666666,2,2018
2019-10-02,4.7369256,,5.321583333333334,54.91721666666666,2,2018
2019-10-03,2.684716,,2.8302666666666667,54.91721666666666,2,2018
2019-10-04,3.1457665,,-0.1687625,54.91721666666666,2,2018
2019-10-05,3.6625712,,3.4666791666666668,54.91721666666666,2,2018
2019-10-06,3.851281,,3.2179083333333334,54.91721666666666,2,2018
2019-10-07,3.2508428,,3.0678208333333337,54.91721666666666,2,2018
2019-10-08,4.7262044,,5.761454166666667,54.91721666666666,2,2018
2019-10-09,3.6732929,,8.21875,54.91721666666666,2,2018
2019-10-10,3.61325,,6.839483333333334,54.91721666666666,2,2018
2019-10-11,3.6668603,,8.916466666666667,54.91721666666666,2,2018
2019-10-12,4.329487,,8.511183333333333,54.91721666666666,2,2018
2019-10-13,4.3251967,,10.486366666666669,54.91721666666666,2,2018
2019-10-14,5.285897,,5.9949375,54.91721666666666,2,2018
2019-10-15,5.9764004,,4.9393375,54.91721666666666,2,2018
2019-10-16,6.0728993,,5.375341666666667,54.91721666666666,2,2018
2019-10-17,4.743359,,5.976933333333334,54.91721666666666,2,2018
2019-10-18,3.696882,,8.231220833333333,54.91721666666666,2,2018
2019-10-19,3.92848,,7.970991666666666,54.91721666666666,2,2018
2019-10-20,4.0678673,,7.432320833333333,54.91721666666666,2,2018
2019-10-21,4.0957446,,6.611291666666666,54.91721666666666,2,2018
2019-10-22,5.290186,,5.43115,54.91721666666666,2,2018
2019-10-23,4.8698792,,4.891895833333334,54.91721666666666,2,2018
2019-10-24,2.9206016,,6.223612500000001,54.91721666666666,2,2018
2019-10-25,2.2558315,,7.143562500000001,54.91721666666666,2,2018
2019-10-26,2.3115866,,6.8050291666666665,54.91721666666666,2,2018
2019-10-27,2.8391135,,4.593441666666666,54.91721666666666,2,2018
2019-10-28,2.877714,,5.401283333333333,54.91721666666666,2,2018
2019-10-29,2.088567,,7.8813125,54.91721666666666,2,2018
2019-10-30,2.2644098,,8.2284,54.91721666666666,2,2018
2019-10-31,2.0971453,,7.716266666666667,54.91721666666666,2,2018
2019-11-01,2.088567,,8.604325000000001,54.91721666666666,2,2018
2019-11-02,2.2472537,,9.807754166666667,54.91721666666666,2,2018
2019-11-03,1.7068608,,9.8795,54.91721666666666,2,2018
2019-11-04,1.9213016,,9.056391666666666,54.91721666666666,2,2018
2019-11-05,2.4702733,,9.8269625,54.91721666666666,2,2018
2019-11-06,2.6118052,,10.305091666666668,54.91721666666666,2,2018
2019-11-07,1.9684794,,9.263741666666666,54.91721666666666,2,2018
2019-11-08,2.3501866,,9.133466666666669,54.91721666666666,2,2018
2019-11-09,2.0757,,12.387579166666669,54.91721666666666,2,2018
2019-11-10,2.230098,,12.1869375,54.91721666666666,2,2018
2019-11-11,1.9856346,,13.467020833333336,54.91721666666666,2,2018
2019-11-12,2.0027897,,13.188904166666669,54.91721666666666,2,2018
2019-11-13,2.7490485,,13.688870833333333,54.91721666666666,2,2018
2019-11-14,2.5774953,,12.137625,54.91721666666666,2,2018
2019-11-15,2.5817835,,11.539775,54.91721666666666,2,2018
2019-11-16,3.0921562,,10.378279166666667,54.91721666666666,2,2018
2019-11-17,3.806248,,7.7506625,54.91721666666666,2,2018
2019-11-18,2.954913,,10.803570833333334,54.91721666666666,2,2018
2019-11-19,3.1822212,,12.857383333333331,54.91721666666666,2,2018
2019-11-20,2.0714114,,12.504720833333332,54.91721666666666,2,2018
2019-11-21,2.875569,,12.7075,54.91721666666666,2,2018
2019-11-22,2.543184,,14.076158333333332,54.91721666666666,2,2018
2019-11-23,3.2422655,,13.088854166666666,54.91721666666666,2,2018
2019-11-24,2.530317,,9.715108333333331,54.91721666666666,2,2018
2019-11-25,2.4745624,,10.175845833333334,54.91721666666666,2,2018
2019-11-26,2.5002959,,11.227516666666666,54.91721666666666,2,2018
2019-11-27,2.5903604,,11.3680125,54.91721666666666,2,2018
2019-11-28,2.3244536,,10.350808333333331,54.91721666666666,2,2018
2019-11-29,2.3930738,,9.1251,54.91721666666666,2,2018
2019-11-30,2.3544748,,8.2471375,54.91721666666666,2,2018
2019-12-01,2.3030088,,10.0044625,54.91721666666666,2,2018
2019-12-02,2.5732052,,7.851125,54.91721666666666,2,2018
2019-12-03,3.7419145,,7.852870833333333,54.91721666666666,2,2018
2019-12-04,3.7140377,,8.6809625,54.91721666666666,2,2018
2019-12-05,2.89058,,9.317666666666666,54.91721666666666,2,2018
2019-12-06,0.9777565,,9.151508333333334,54.91721666666666,2,2018
2019-12-07,1.711149,,11.65565,54.91721666666666,2,2018
2019-12-08,0.50169516,,17.891920833333334,54.91721666666666,2,2018
2019-12-09,1.7926366,,9.8891,54.91721666666666,2,2018
2019-12-10,2.5088737,,76.55583750000001,54.91721666666666,2,2018
2019-12-11,2.2987206,,21.636733333333336,54.91721666666666,2,2018
2019-12-12,2.0156572,,23.89655,54.91721666666666,2,2018
2019-12-13,1.4666853,,35.23070416666666,54.91721666666666,2,2018
2019-12-14,1.5353067,,47.34299166666667,54.91721666666666,2,2018
2019-12-15,2.007079,,56.63890833333334,54.91721666666666,2,2018
2019-12-16,7.1644096,,18.800075,54.91721666666666,2,2018
2018-12-17,12.964926,12.59912940725,12.910041666666666,20.381275,4,2018
2018-12-18,10.537599,,24.8342375,20.381275,4,2018
2018-12-19,10.714647,,21.72625,20.381275,4,2018
2018-12-20,8.593,,46.9004875,20.381275,4,2018
2018-12-21,8.368999,,78.84383333333334,20.381275,4,2018
2018-12-22,9.221962,,19.304541666666665,20.381275,4,2018
2018-12-23,6.1945295,,23.0039,20.381275,4,2018
2018-12-24,6.9340253,,30.39325,20.381275,4,2018
2018-12-25,6.42929,,30.67190833333333,20.381275,4,2018
2018-12-26,6.785343,,28.280579166666666,20.381275,4,2018
2018-12-27,7.1355276,,40.0120375,20.381275,4,2018
2018-12-28,4.192217,,38.96235833333333,20.381275,4,2018
2018-12-29,5.623278,,11.240341666666666,20.381275,4,2018
2018-12-30,4.406436,,16.560225,20.381275,4,2018
2018-12-31,4.039623,,9.8926,20.381275,4,2018
2019-01-01,4.5111,,19.56337083333333,20.381275,4,2018
2019-01-02,8.366553,,30.676104166666665,20.381275,4,2018
2019-01-03,11.27294,,28.22213333333333,20.381275,4,2018
2019-01-04,3.4517434,,10.9042,20.381275,4,2018
2019-01-05,2.2476172,,8.627804166666666,20.381275,4,2018
2019-01-06,1.9394939,,8.658729166666667,20.381275,4,2018
2019-01-07,2.223163,25.94395420833333,15.466354166666669,20.381275,4,2018
2019-01-08,2.4344475,-0.484730150125,1.8302125,20.381275,4,2018
2019-01-09,3.0712357,2.300177352090909,3.423379166666667,20.381275,4,2018
2019-01-10,2.530308,,5.1386416666666666,20.381275,4,2018
2019-01-11,2.3229363,-0.1900933796818184,1.4796541666666665,20.381275,4,2018
2019-01-12,2.9567897,3.0256560023750003,5.314279166666667,20.381275,4,2018
2019-01-13,3.7804077,,12.4072,20.381275,4,2018
2019-01-14,3.258066,9.56419494975,8.745079166666667,20.381275,4,2018
2019-01-15,3.7236743,7.44389757,6.621641666666666,20.381275,4,2018
2019-01-16,3.5221715,0.177347849857143,12.8812,20.381275,4,2018
2019-01-17,3.9965832,-4.253739759416667,-1.8993,20.381275,4,2018
2019-01-18,4.979644,-2.2452907405714284,5.2380708333333335,20.381275,4,2018
2019-01-19,3.9750636,16.136522844777776,7.824958333333334,20.381275,4,2018
2019-01-20,4.263623,6.510454730333333,3.0779666666666667,20.381275,4,2018
2019-01-21,3.3871841,-2.1869854895,12.359845833333331,20.381275,4,2018
2019-01-22,2.6427975,2.8975201068846155,3.6342375,20.381275,4,2018
2019-01-23,2.7122476,-1.513747622875,1.4882291666666667,20.381275,4,2018
2019-01-24,2.6202996,2.842862045,8.411791666666668,20.381275,4,2018
2019-01-25,2.2720711,10.93934846955,12.719529166666668,20.381275,4,2018
2019-01-26,2.0157914,10.326590336,14.268283333333336,20.381275,4,2018
2019-01-27,1.0787053,-0.3477746532666667,27.5500125,20.381275,4,2018
2019-01-28,1.9316688,0.0669751045384615,0.6262249999999999,20.381275,4,2018
2019-01-29,1.6832137,-1.7356017236666663,1.4912916666666665,20.381275,4,2018
2019-01-30,1.2430377,2.967869613166666,4.2711875,20.381275,4,2018
2019-01-31,1.7477727,9.477182058583336,38.464445833333336,20.381275,4,2018
2019-02-01,2.2035995,8.079217333277777,8.322166666666666,20.381275,4,2018
2019-02-02,1.9473193,-1.6432396145,0.6792124999999999,20.381275,4,2018
2019-02-03,1.8631971,-0.5753792056818181,-0.2600791666666667,20.381275,4,2018
2019-02-04,1.5619209,9.5867845201875,12.0834125,20.381275,4,2018
2019-02-05,1.732122,,7.290816666666667,20.381275,4,2018
2019-02-06,2.0607872,2.72120719215,3.1767708333333338,20.381275,4,2018
2019-02-07,1.5364883,,35.86492916666666,20.381275,4,2018
2019-02-08,1.6401744,,22.22845,20.381275,4,2018
2019-02-09,2.2192502,,19.51682083333333,20.381275,4,2018
2019-02-10,2.0646996,,33.71959583333334,20.381275,4,2018
2019-02-11,4.9522543,,8.304533333333334,20.381275,4,2018
2019-02-12,4.855416,,13.120816666666665,20.381275,4,2018
2019-02-13,9.147132,,9.617145833333334,20.381275,4,2018
2019-02-14,13.443861,,11.348608333333331,20.381275,4,2018
2019-02-15,11.325813,,15.236179166666666,20.381275,4,2018
2019-02-16,7.708735,,11.103108333333331,20.381275,4,2018
2019-02-17,7.608473,,12.182308333333332,20.381275,4,2018
2019-02-18,6.2894115,,14.036245833333334,20.381275,4,2018
2019-02-19,6.211158,,19.563570833333333,20.381275,4,2018
2019-02-20,6.1886597,,16.9978625,20.381275,4,2018
2019-02-21,4.226453,0.912315670285714,11.099520833333337,20.381275,4,2018
2019-02-22,5.7788067,,5.248283333333334,20.381275,4,2018
2019-02-23,6.1436644,,14.356966666666668,20.381275,4,2018
2019-02-24,7.7488403,,16.967916666666667,20.381275,4,2018
2019-02-25,7.498428,,38.779091666666666,20.381275,4,2018
2019-02-26,7.703844,25.364791906000004,25.86589583333333,20.381275,4,2018
2019-02-27,9.389719,,33.83728333333333,20.381275,4,2018
2019-02-28,2.9763532,,37.945975,20.381275,4,2018
2019-03-01,2.8198462,42.951241716666665,35.73625833333333,20.381275,4,2018
2019-03-02,2.215338,,73.1446875,20.381275,4,2018
2019-03-03,1.8847165,,67.68511666666667,20.381275,4,2018
2019-03-04,2.201643,,28.283058333333333,20.381275,4,2018
2019-03-05,1.9531884,36.40574291666667,35.311308333333336,20.381275,4,2018
2019-03-06,2.311198,,42.67247916666667,20.381275,4,2018
2019-03-07,2.3972774,14.81816956095,21.2483875,20.381275,4,2018
2019-03-08,2.4579237,0.4378419755714287,16.1122875,20.381275,4,2018
2019-03-09,1.6538687,52.98481187486364,66.02399166666667,20.381275,4,2018
2019-03-10,2.7357235,60.6633111084,49.30878333333333,20.381275,4,2018
2019-03-11,2.6613827,16.54156112247222,15.3006625,20.381275,4,2018
2019-03-12,1.7164714,12.242318335,25.647179166666664,20.381275,4,2018
2019-03-13,4.0719023,25.437462346,65.46767916666667,20.381275,4,2018
2019-03-14,2.6242123,,45.46265416666666,20.381275,4,2018
2019-03-15,3.15438,,66.095275,20.381275,4,2018
2019-03-16,2.604649,16.612317314833334,19.73208333333333,20.381275,4,2018
2019-03-17,2.8628855,-1.6154670274999998,-0.5094208333333333,20.381275,4,2018
2019-03-18,1.9629698,0.1265784687777776,2.6192166666666665,20.381275,4,2018
2019-03-19,3.0976458,4.473148977861111,4.3439000000000005,20.381275,4,2018
2019-03-20,7.2949696,1.5923010444642856,1.7977083333333332,20.381275,4,2018
2019-03-21,10.421869,2.5259857272,2.0582541666666665,20.381275,4,2018
2019-03-22,4.9845343,0.7015913713333334,1.3330499999999998,20.381275,4,2018
2019-03-23,6.7129583,7.618303166678571,5.589416666666668,20.381275,4,2018
2019-03-24,7.292035,-33.659857109,-24.358279166666662,20.381275,4,2018
2019-03-25,6.742304,4.758764875214285,6.477429166666667,20.381275,4,2018
2019-03-26,7.9777317,-1.4226325105499995,2.446445833333333,20.381275,4,2018
2019-03-27,7.834918,7.5153516475,9.0621,20.381275,4,2018
2019-03-28,11.169986,13.3852812571,12.722908333333336,20.381275,4,2018
2019-03-29,14.021409,7.798847667363637,8.257875,20.381275,4,2018
2019-03-30,8.277051,10.528909560807692,8.775491666666666,20.381275,4,2018
2019-03-31,13.6689625,26.592037895,24.879625,20.381275,4,2018
2019-04-01,17.70701,4.631114405888889,14.053879166666666,20.381275,4,2018
2019-04-02,15.242073,4.330518542181818,8.106629166666666,20.381275,4,2018
2019-04-03,15.992405,22.02631246725,15.338991666666669,20.381275,4,2018
2019-04-04,22.532394,14.891776915181817,26.782645833333333,20.381275,4,2018
2019-04-05,23.259907,,66.89670416666667,20.381275,4,2018
2019-04-06,26.690596,,26.65085,20.381275,4,2018
2019-04-07,27.28465,34.731818688733334,28.38921666666667,20.381275,4,2018
2019-04-08,27.416088,-39.3348389423,-16.033641666666668,20.381275,4,2018
2019-04-09,25.086578,23.983539879214284,18.42725833333333,20.381275,4,2018
2019-04-10,29.358547,8.248277295214288,18.871470833333333,20.381275,4,2018
2019-04-11,42.809353,24.63105795383333,21.1517875,20.381275,4,2018
2019-04-12,38.207558,8.565198824833335,18.553854166666667,20.381275,4,2018
2019-04-13,33.253128,12.4832729428,24.099666666666668,20.381275,4,2018
2019-04-14,33.078526,7.1526487198125,49.335275,20.381275,4,2018
2019-04-15,30.57441,9.834740997625,13.1090125,20.381275,4,2018
2019-04-16,33.991066,20.21070363690909,21.9068875,20.381275,4,2018
2019-04-17,32.38641,82.5342418204375,43.45132083333333,20.381275,4,2018
2019-04-18,35.727898,-18.51974231170833,-13.774458333333335,20.381275,4,2018
2019-04-19,41.72798,-22.70568841755,-12.020833333333334,20.381275,4,2018
2019-04-20,38.58904,-0.5264093548181822,-1.0953583333333323,20.381275,4,2018
2019-04-21,43.759644,-5.021050526142857,5.579787499999999,20.381275,4,2018
2019-04-22,38.81011,56.87728091246429,41.59005416666667,20.381275,4,2018
2019-04-23,40.841026,99.27374102258334,42.66187916666667,20.381275,4,2018
2019-04-24,26.883636,-4.2142291324375,19.57415,20.381275,4,2018
2019-04-25,31.060623,-3.011372269266666,5.2416833333333335,20.381275,4,2018
2019-04-26,25.254763,-2.783586438142857,-0.2810958333333333,20.381275,4,2018
2019-04-27,28.545444,9.9857550495625,50.53338333333334,20.381275,4,2018
2019-04-28,22.305157,3.0910092883333333,10.405858333333333,20.381275,4,2018
2019-04-29,29.177588,,12.100579166666668,20.381275,4,2018
2019-04-30,33.135746,20.5198513957,20.7944,20.381275,4,2018
2019-05-01,33.33786,10.957485762888888,8.830191666666666,20.381275,4,2018
2019-05-02,37.03485,12.921350028,9.765441666666666,20.381275,4,2018
2019-05-03,36.288876,8.805057962374999,8.644891666666666,20.381275,4,2018
2019-05-04,42.154957,2.5269897731333333,7.754233333333333,20.381275,4,2018
2019-05-05,46.638878,2.1638142428750005,9.928483333333332,20.381275,4,2018
2019-05-06,60.130768,12.223406517066667,10.490816666666667,20.381275,4,2018
2019-05-07,52.606693,0.10083430005,2.7574416666666663,20.381275,4,2018
2019-05-08,39.65329,,7.246233333333333,20.381275,4,2018
2019-05-09,50.05856,13.866332050428571,10.9006125,20.381275,4,2018
2019-05-10,57.37233,,4.110133333333334,20.381275,4,2018
2019-05-11,38.773426,18.8886926664,10.576154166666669,20.381275,4,2018
2019-05-12,62.830513,0.2049742639999999,-4.1261125000000005,20.381275,4,2018
2019-05-13,68.23782,-44.7445025684,-16.889991666666667,20.381275,4,2018
2019-05-14,63.943672,-5.578743233884615,4.013933333333334,20.381275,4,2018
2019-05-15,81.53506,7.470594446633333,3.2335583333333333,20.381275,4,2018
2019-05-16,97.76484,1.1851911108846152,1.3359791666666665,20.381275,4,2018
2019-05-17,87.11453,-1.283951328777778,-2.058570833333333,20.381275,4,2018
2019-05-18,64.902275,1.2480776599500003,2.419504166666667,20.381275,4,2018
2019-05-19,51.728294,11.103485866428572,11.482016666666668,20.381275,4,2018
2019-05-20,52.37584,6.705471163583333,6.9779125,20.381275,4,2018
2019-05-21,53.98004,10.671867335791667,9.6003625,20.381275,4,2018
2019-05-22,65.92544,14.146219867666668,12.47605,20.381275,4,2018
2019-05-23,62.462723,1.9526255774,5.418220833333333,20.381275,4,2018
2019-05-24,49.904984,6.149080174343751,6.661241666666666,20.381275,4,2018
2019-05-25,45.14228,4.520971762714286,6.610041666666667,20.381275,4,2018
2019-05-26,45.00925,11.152516343555556,10.040395833333331,20.381275,4,2018
2019-05-27,44.565163,8.229655979611112,7.954658333333334,20.381275,4,2018
2019-05-28,39.26153,8.856192226153846,7.724679166666667,20.381275,4,2018
2019-05-29,39.14366,19.09407845189286,15.0350125,20.381275,4,2018
2019-05-30,46.833538,6.080632656058824,5.971141666666667,20.381275,4,2018
2019-05-31,43.255394,-0.7900288047142857,1.0052375,20.381275,4,2018
2019-06-01,39.912014,2.5241053956499995,1.5114041666666669,20.381275,4,2018
2019-06-02,33.74552,-0.8742577354411767,0.1082958333333335,20.381275,4,2018
2019-06-03,30.847689,8.3433222254375,7.566579166666667,20.381275,4,2018
2019-06-04,29.341125,0.2072726434444446,3.8395541666666655,20.381275,4,2018
2019-06-05,28.077423,1.1714220155,1.9100416666666664,20.381275,4,2018
2019-06-06,32.677963,0.3390861156923081,4.592054166666666,20.381275,4,2018
2019-06-07,26.060284,,11.2418125,20.381275,4,2018
2019-06-08,26.956623,9.03807229840909,14.480729166666668,20.381275,4,2018
2019-06-09,23.96893,-6.00914680375,-3.011875,20.381275,4,2018
2019-06-10,21.775293,14.87768145911111,8.246933333333333,20.381275,4,2018
2019-06-11,24.30985,13.6389534853125,11.318070833333332,20.381275,4,2018
2019-06-12,22.146906,3.01823639925,5.2795125,20.381275,4,2018
2019-06-13,23.490017,,3.8333208333333335,20.381275,4,2018
2019-06-14,23.608017,-23.39927264180769,-14.268083333333337,20.381275,4,2018
2019-06-15,23.545414,2.9233010737083336,2.414,20.381275,4,2018
2019-06-16,24.236244,-16.888014326208335,-10.492604166666666,20.381275,4,2018
2019-06-17,23.694462,53.34618524879412,41.3920375,20.381275,4,2018
2019-06-18,24.00552,10.874202288375,8.079275,20.381275,4,2018
2019-06-19,19.65667,-8.640862233291667,0.7307791666666669,20.381275,4,2018
2019-06-20,23.276232,-2.3589138756111105,-3.8859125,20.381275,4,2018
2019-06-21,19.469444,6.678349824035714,5.02645,20.381275,4,2018
2019-06-22,21.413982,-8.797190712499999,1.6898333333333333,20.381275,4,2018
2019-06-23,19.882353,3.125129049208334,7.329725,20.381275,4,2018
2019-06-24,18.237013,20.362014504944444,14.891983333333334,20.381275,4,2018
2019-06-25,19.28109,-47.718499397375,-12.122395833333334,20.381275,4,2018
2019-06-26,25.680756,,88.00993333333334,20.381275,4,2018
2019-06-27,24.952003,205.46785200792857,234.5315958333333,20.381275,4,2018
2019-06-28,24.949757,-7.833268542500001,64.52829166666668,20.381275,4,2018
2019-06-29,22.304575,50.87572006400001,55.54835416666666,20.381275,4,2018
2019-06-30,23.667728,108.51168366636362,84.68827499999999,20.381275,4,2018
2019-07-01,21.338785,148.52822993910002,115.9208875,20.381275,4,2018
2019-07-02,23.867857,213.58332148764285,105.048225,20.381275,4,2018
2019-07-03,30.307861,300.5595639750556,167.23267916666666,20.381275,4,2018
2019-07-04,32.452007,-0.2585165200624986,9.385104166666666,20.381275,4,2018
2019-07-05,28.321323,35.09205398428571,40.211775,20.381275,4,2018
2019-07-06,25.644808,61.2541106729,65.06448333333334,20.381275,4,2018
2019-07-07,27.04223,107.35129847196876,97.93114166666668,20.381275,4,2018
2019-07-08,32.161003,-18.9887973125,16.5131125,20.381275,4,2018
2019-07-09,30.865417,41.53551654145454,56.169,20.381275,4,2018
2019-07-10,32.52928,215.1006355854167,128.7347125,20.381275,4,2018
2019-07-11,28.90101,143.63719264892856,127.11420416666664,20.381275,4,2018
2019-07-12,29.137972,134.57712198503123,118.4966125,20.381275,4,2018
2019-07-13,28.117987,110.88141463995834,111.92084166666666,20.381275,4,2018
2019-07-14,42.02486,115.88533549996154,116.67591666666668,20.381275,4,2018
2019-07-15,42.958035,222.97249027913637,147.4451625,20.381275,4,2018
2019-07-16,36.45321,30.144900572727277,67.24306666666666,20.381275,4,2018
2019-07-17,34.31591,30.72759060063636,56.1835375,20.381275,4,2018
2019-07-18,35.832073,-2.63428665025,59.81442083333334,20.381275,4,2018
2019-07-19,32.94158,32.65643024166667,81.10935416666666,20.381275,4,2018
2019-07-20,33.23992,18.740306516566665,29.602204166666667,20.381275,4,2018
2019-07-21,34.67392,39.32741727753125,45.37007083333333,20.381275,4,2018
2019-07-22,34.434265,29.535041609466663,42.072179166666665,20.381275,4,2018
2019-07-23,35.817398,56.61772673809375,57.38922083333333,20.381275,4,2018
2019-07-24,35.71469,21.977098491636365,53.27169583333333,20.381275,4,2018
2019-07-25,39.872887,57.078626743725,58.87762916666667,20.381275,4,2018
2019-07-26,34.268955,50.620299400375,51.48057916666667,20.381275,4,2018
2019-07-27,33.585213,,36.80232083333333,20.381275,4,2018
2019-07-28,33.08244,45.7961351028125,45.6533375,20.381275,4,2018
2019-07-29,36.148018,-1.261749809285716,53.4364375,20.381275,4,2018
2019-07-30,29.087595,,80.64677083333333,20.381275,4,2018
2019-07-31,30.005608,-38.3184801957,25.33655,20.381275,4,2018
2019-08-01,38.640396,36.024336145375,92.5789125,20.381275,4,2018
2019-08-02,39.98342,36.29350754461112,49.0496875,20.381275,4,2018
2019-08-03,35.92304,,186.9014,20.381275,4,2018
2019-08-04,32.72492,62.310213912777776,73.919875,20.381275,4,2018
2019-08-05,31.745771,175.01551669,109.27535833333332,20.381275,4,2018
2019-08-06,32.494556,80.6132062472,68.755675,20.381275,4,2018
2019-08-07,33.009075,,84.23675,20.381275,4,2018
2019-08-08,38.277496,,115.23624166666669,20.381275,4,2018
2019-08-09,36.743725,,157.18819583333334,20.381275,4,2018
2019-08-10,33.17145,,93.25835416666666,20.381275,4,2018
2019-08-11,32.269577,,73.74499999999999,20.381275,4,2018
2019-08-12,30.577839,,67.30297916666667,20.381275,4,2018
2019-08-13,28.88316,,64.3783625,20.381275,4,2018
2019-08-14,29.313065,,60.305708333333335,20.381275,4,2018
2019-08-15,30.468771,,48.68387083333334,20.381275,4,2018
2019-08-16,28.617342,-55.30338213471429,27.6894,20.381275,4,2018
2019-08-17,28.117254,39.03763622633333,32.92910833333333,20.381275,4,2018
2019-08-18,26.522835,36.727513793633335,39.898720833333336,20.381275,4,2018
2019-08-19,25.346222,23.94337103796154,33.876133333333335,20.381275,4,2018
2019-08-20,23.343412,-8.466090348058824,7.907858333333334,20.381275,4,2018
2019-08-21,23.089035,-49.13873565,1.8936666666666675,20.381275,4,2018
2019-08-22,22.75175,78.60985992,78.96392916666666,20.381275,4,2018
2019-08-23,25.51569,164.723567213875,119.5206875,20.381275,4,2018
2019-08-24,23.594336,112.38752330245455,109.49605833333334,20.381275,4,2018
2019-08-25,21.440605,241.01665176005557,197.50925,20.381275,4,2018
2019-08-26,20.559734,-1.9202310012777777,177.042025,20.381275,4,2018
2019-08-27,19.388195,,111.45020833333332,20.381275,4,2018
2019-08-28,16.230545,173.94043268144443,96.07356666666668,20.381275,4,2018
2019-08-29,18.630482,11.70590508459091,23.1918125,20.381275,4,2018
2019-08-30,20.917927,38.431864820225,50.02326666666667,20.381275,4,2018
2019-08-31,18.038689,246.12534901644443,253.298825,20.381275,4,2018
2019-09-01,14.500162,226.4175940961,165.84964583333334,20.381275,4,2018
2019-09-02,15.612829,24.130113170681817,28.589575,20.381275,4,2018
2019-09-03,15.945406,17.053495939250002,23.3156375,20.381275,4,2018
2019-09-04,15.94932,90.29537214792308,67.91776666666667,20.381275,4,2018
2019-09-05,13.955322,45.87103938134375,46.37356666666667,20.381275,4,2018
2019-09-06,15.432358,56.96221773438889,41.04227083333333,20.381275,4,2018
2019-09-07,12.133972,,5.967162500000001,20.381275,4,2018
2019-09-08,11.557829,-11.699707686875,4.5404375,20.381275,4,2018
2019-09-09,10.475976,,5.032495833333333,20.381275,4,2018
2019-09-10,12.207334,-6.098183126454544,-1.2044875,20.381275,4,2018
2019-09-11,14.4989395,,-2.747783333333333,20.381275,4,2018
2019-09-12,19.906136,,18.958525,20.381275,4,2018
2019-09-13,22.33875,86.34804172614285,80.48996666666666,20.381275,4,2018
2019-09-14,23.43129,,138.19716666666667,20.381275,4,2018
2019-09-15,21.74509,52.51955218845001,67.94532083333333,20.381275,4,2018
2019-09-16,21.786022,49.55459018583334,89.66689583333334,20.381275,4,2018
2019-09-17,25.967995,15.940833444166666,56.1202125,20.381275,4,2018
2019-09-18,26.588984,,54.0048,20.381275,4,2018
2019-09-19,30.213623,9.084811292714283,43.9599,20.381275,4,2018
2019-09-20,30.192743,-47.40744819916667,214.633125,20.381275,4,2018
2019-09-21,27.946272,,138.77712499999998,20.381275,4,2018
2019-09-22,21.322973,64.4562474975,95.42015416666668,20.381275,4,2018
2019-09-23,21.259157,,56.6405375,20.381275,4,2018
2019-09-24,20.867258,,75.84025416666667,20.381275,4,2018
2019-09-25,19.06445,,75.36799166666667,20.381275,4,2018
2019-09-26,20.942997,4.340448578866668,19.419866666666667,20.381275,4,2018
2019-09-27,18.429726,47.06541320245833,45.26790416666666,20.381275,4,2018
2019-09-28,18.259327,-0.8922973485000002,42.64768333333334,20.381275,4,2018
2019-09-29,17.834616,71.46258769166667,46.64625,20.381275,4,2018
2019-09-30,17.508675,3.1843564665,58.4703625,20.381275,4,2018
2019-10-01,13.078148,18.15981607644117,20.663666666666668,20.381275,4,2018
2019-10-02,12.921398,19.324198068678573,19.687254166666666,20.381275,4,2018
2019-10-03,15.294802,4.3534882655,36.7628875,20.381275,4,2018
2019-10-04,17.619482,-1.4277250995769228,5.530616666666666,20.381275,4,2018
2019-10-05,12.993782,18.99679072525,25.28657083333333,20.381275,4,2018
2019-10-06,13.227809,12.917240411866668,20.919975,20.381275,4,2018
2019-10-07,13.321957,5.192921734111112,7.523583333333334,20.381275,4,2018
2019-10-08,15.189527,1.7077450447812517,-2.026412499999998,20.381275,4,2018
2019-10-09,14.876879,9.345536456136363,8.7590375,20.381275,4,2018
2019-10-10,19.09456,-36.29424324770588,-26.9225,20.381275,4,2018
2019-10-11,16.717657,,29.956375,20.381275,4,2018
2019-10-12,10.424131,,8.520304166666667,20.381275,4,2018
2019-10-13,11.348502,18.83135705075,20.5266875,20.381275,4,2018
2019-10-14,12.378024,,14.911975,20.381275,4,2018
2019-10-15,13.632281,11.7603491375,20.068316666666664,20.381275,4,2018
2019-10-16,13.892229,41.71393582066667,29.475641666666665,20.381275,4,2018
2019-10-17,17.00718,22.00039015275,20.82665833333333,20.381275,4,2018
2019-10-18,11.847857,16.14226416454167,22.387966666666667,20.381275,4,2018
2019-10-19,10.087642,17.12670407676923,16.75110833333333,20.381275,4,2018
2019-10-20,9.060564,61.173546124090905,80.51790833333332,20.381275,4,2018
2019-10-21,9.037087,6.627610873409091,16.755712499999998,20.381275,4,2018
2019-10-22,7.5062537,21.853047523,60.32886249999999,20.381275,4,2018
2019-10-23,8.551428,,59.62337083333333,20.381275,4,2018
2019-10-24,8.032509,6.247197483384616,30.09882083333333,20.381275,4,2018
2019-10-25,11.06581,,28.824841666666668,20.381275,4,2018
2019-10-26,6.9858675,,40.017925,20.381275,4,2018
2019-10-27,5.4315577,33.371548778357145,54.47614166666667,20.381275,4,2018
2019-10-28,6.711981,152.32773998715385,92.26806666666666,20.381275,4,2018
2019-10-29,7.18248,364.1525704108333,111.20174166666668,20.381275,4,2018
2019-10-30,6.6973076,,31.12985833333333,20.381275,4,2018
2019-10-31,6.5662336,312.5537803321428,106.85197916666664,20.381275,4,2018
2019-11-01,7.754709,45.97323167638889,32.403125,20.381275,4,2018
2019-11-02,9.861196,,45.01876666666666,20.381275,4,2018
2019-11-03,6.308975,49.9155925229,36.95149166666666,20.381275,4,2018
2019-11-04,4.53262,-4.617312267727272,4.9343375,20.381275,4,2018
2019-11-05,4.888674,-3.708854357846154,-2.662570833333333,20.381275,4,2018
2019-11-06,5.7944574,-4.563551393222222,-0.0199833333333332,20.381275,4,2018
2019-11-07,6.1906166,7.650719842833332,3.175025,20.381275,4,2018
2019-11-08,5.8032613,3.11887655545,11.536825,20.381275,4,2018
2019-11-09,5.1703863,13.607731070500003,9.927404166666667,20.381275,4,2018
2019-11-10,6.144643,6.854955379863637,3.86995,20.381275,4,2018
2019-11-11,7.930779,,9.312733333333334,20.381275,4,2018
2019-11-12,8.113696,3.7801316895666655,4.8178625,20.381275,4,2018
2019-11-13,6.4948273,1.8834243789999996,3.3868875000000003,20.381275,4,2018
2019-11-14,7.228454,-1.8771595257142848,5.2766166666666665,20.381275,4,2018
2019-11-15,6.5202594,-2.0644905439642858,2.099020833333334,20.381275,4,2018
2019-11-16,6.88316,3.3029862888,26.32428333333333,20.381275,4,2018
2019-11-17,7.2353005,56.18217393125,41.866800000000005,20.381275,4,2018
2019-11-18,8.259443,-1.8457700317500003,-0.2222958333333332,20.381275,4,2018
2019-11-19,8.529418,6.369223637933334,11.679145833333331,20.381275,4,2018
2019-11-20,12.600069,11.9959315663125,12.733541666666667,20.381275,4,2018
2019-11-21,9.177944,,28.3693625,20.381275,4,2018
2019-11-22,6.98489,,24.17524583333333,20.381275,4,2018
2019-11-23,8.215426,5.173023933,9.560858333333334,20.381275,4,2018
2019-11-24,5.674143,0.4274755284166674,4.438949999999999,20.381275,4,2018
2019-11-25,5.7201166,-8.030260223499997,-3.954125,20.381275,4,2018
2019-11-26,6.2493067,10.197137136818183,9.881479166666669,20.381275,4,2018
2019-11-27,10.078838,6.470716731285713,12.505133333333331,20.381275,4,2018
2019-11-28,11.244816,7.91196419125,10.025045833333332,20.381275,4,2018
2019-11-29,14.531463,-2.341050634149998,6.1723791666666665,20.381275,4,2018
2019-11-30,13.612472,-11.048215660714288,-5.9477416666666665,20.381275,4,2018
2019-12-01,11.948119,7.649969842999999,11.2478125,20.381275,4,2018
2019-12-02,13.666517,34.615483410050004,37.13876666666667,20.381275,4,2018
2019-12-03,12.762445,9.665633688590908,21.767970833333333,20.381275,4,2018
2019-12-04,14.067444,,18.551145833333333,20.381275,4,2018
2019-12-05,15.5486355,,17.392479166666668,20.381275,4,2018
2019-12-06,8.297592,37.52064733071428,41.837066666666665,20.381275,4,2018
2019-12-07,5.0715914,-23.0195395825,-10.466933333333332,20.381275,4,2018
2019-12-08,6.746217,,-52.17360416666667,20.381275,4,2018
2019-12-09,4.2616673,,-17.112212500000002,20.381275,4,2018
2019-12-10,3.5241277,,-16.618683333333333,20.381275,4,2018
2019-12-11,5.0970235,,-10.194170833333333,20.381275,4,2018
2019-12-12,5.516658,,-14.103516666666666,20.381275,4,2018
2019-12-13,6.472329,,-17.171924999999998,20.381275,4,2018
2019-12-14,6.666007,,-20.272045833333333,20.381275,4,2018
2019-12-15,6.756976,,-13.9837125,20.381275,4,2018
2019-12-16,8.666363,,-0.0731958333333334,20.381275,4,2018
2018-12-17,-2.5860965e-05,,15.690695833333336,17.53322916666667,9,2018
2018-12-18,5.0783157e-05,,186.5020375,17.53322916666667,9,2018
2018-12-19,-2.9742718e-05,,21.251825,17.53322916666667,9,2018
2018-12-20,-3.695488e-05,,30.572,17.53322916666667,9,2018
2018-12-21,0.00022056699,,21.152429166666668,17.53322916666667,9,2018
2018-12-22,2.014637e-05,,20.50675,17.53322916666667,9,2018
2018-12-23,-0.00010550022,,22.5539625,17.53322916666667,9,2018
2018-12-24,-0.0001828298,,241.72675,17.53322916666667,9,2018
2018-12-25,-8.332729e-05,,24.95970833333333,17.53322916666667,9,2018
2018-12-26,-0.00016567856,,29.126795833333333,17.53322916666667,9,2018
2018-12-27,-0.00023364276,,35.52939583333333,17.53322916666667,9,2018
2018-12-28,-0.00023441762,,32.28371666666667,17.53322916666667,9,2018
2018-12-29,-0.00014355779,,15.271675,17.53322916666667,9,2018
2018-12-30,-0.00012540072,,18.853479166666663,17.53322916666667,9,2018
2018-12-31,-0.00025194883,,12.4639875,17.53322916666667,9,2018
2019-01-01,4.5597553e-06,,21.593304166666663,17.53322916666667,9,2018
2019-01-02,-6.16312e-05,,32.05569583333334,17.53322916666667,9,2018
2019-01-03,9.505451e-05,,30.4634125,17.53322916666667,9,2018
2019-01-04,3.8944185e-05,,29.82862916666667,17.53322916666667,9,2018
2019-01-05,0.0002912283,,29.694366666666667,17.53322916666667,9,2018
2019-01-06,0.00022631884,,25.78279583333333,17.53322916666667,9,2018
2019-01-07,4.6372414e-05,,13.8311125,17.53322916666667,9,2018
2019-01-08,0.00019691885,,25.685291666666668,17.53322916666667,9,2018
2019-01-09,0.00023371726,,35.182770833333336,17.53322916666667,9,2018
2019-01-10,0.00047259778,,6.835312500000001,17.53322916666667,9,2018
2019-01-11,0.00027827919,,4.559279166666666,17.53322916666667,9,2018
2019-01-12,0.00040760636,,7.062591666666666,17.53322916666667,9,2018
2019-01-13,0.0003965795,,11.182204166666668,17.53322916666667,9,2018
2019-01-14,0.00024043024,,10.167266666666666,17.53322916666667,9,2018
2019-01-15,0.00027787685,,7.815391666666667,17.53322916666667,9,2018
2019-01-16,0.00044980645,,7.349329166666667,17.53322916666667,9,2018
2019-01-17,0.0006629154,,6.82405,17.53322916666667,9,2018
2019-01-18,0.0005388558,,11.327433333333332,17.53322916666667,9,2018
2019-01-19,0.00043816864,,11.5786125,17.53322916666667,9,2018
2019-01-20,0.00057988614,,8.362083333333333,17.53322916666667,9,2018
2019-01-21,0.00034291297,,5.310695833333333,17.53322916666667,9,2018
2019-01-22,0.00040628016,,5.016516666666667,17.53322916666667,9,2018
2019-01-23,0.00022992492,,5.429616666666667,17.53322916666667,9,2018
2019-01-24,0.00011793524,,62.78659166666666,17.53322916666667,9,2018
2019-01-25,0.00012488663,,18.58935,17.53322916666667,9,2018
2019-01-26,0.00021474808,,51.397841666666665,17.53322916666667,9,2018
2019-01-27,0.00025150925,,119.85297083333334,17.53322916666667,9,2018
2019-01-28,0.0002670437,,7.011170833333334,17.53322916666667,9,2018
2019-01-29,0.0001795888,,8.262233333333333,17.53322916666667,9,2018
2019-01-30,0.00036806613,,8.546975,17.53322916666667,9,2018
2019-01-31,8.712709e-05,,23.200716666666665,17.53322916666667,9,2018
2019-02-01,0.0001700446,,18.701629166666667,17.53322916666667,9,2018
2019-02-02,7.326901e-05,,9.544954166666669,17.53322916666667,9,2018
2019-02-03,7.209927e-05,,7.868733333333334,17.53322916666667,9,2018
2019-02-04,-0.00016865134,,14.78265,17.53322916666667,9,2018
2019-02-05,-0.0002117753,,10.997866666666669,17.53322916666667,9,2018
2019-02-06,-0.00023904443,,11.429283333333332,17.53322916666667,9,2018
2019-02-07,-9.790063e-05,,70.87300833333333,17.53322916666667,9,2018
2019-02-08,-0.00026052445,,210.25799166666664,17.53322916666667,9,2018
2019-02-09,-7.83205e-05,,31.648733333333336,17.53322916666667,9,2018
2019-02-10,7.05719e-05,,84.97642083333334,17.53322916666667,9,2018
2019-02-11,0.00030649453,,16.8990875,17.53322916666667,9,2018
2019-02-12,0.00012235343,,15.280604166666668,17.53322916666667,9,2018
2019-02-13,0.00033438206,,13.9164125,17.53322916666667,9,2018
2019-02-14,0.00015901029,,17.4900625,17.53322916666667,9,2018
2019-02-15,7.415563e-05,,16.032475,17.53322916666667,9,2018
2019-02-16,0.00016012788,,18.236316666666667,17.53322916666667,9,2018
2019-02-17,0.00024525076,,19.844133333333332,17.53322916666667,9,2018
2019-02-18,0.00022093207,,17.501470833333332,17.53322916666667,9,2018
2019-02-19,0.00027986616,,19.1125375,17.53322916666667,9,2018
2019-02-20,8.234382e-05,,23.02154583333333,17.53322916666667,9,2018
2019-02-21,2.0861626e-07,,19.97765833333333,17.53322916666667,9,2018
2019-02-22,0.00019438565,,23.933308333333333,17.53322916666667,9,2018
2019-02-23,-0.00020763278,,19.03045,17.53322916666667,9,2018
2019-02-24,-0.00015700608,,21.3477,17.53322916666667,9,2018
2019-02-25,0.00027650595,,24.5590375,17.53322916666667,9,2018
2019-02-26,0.00017230958,,26.7619,17.53322916666667,9,2018
2019-02-27,0.00027683377,,26.548604166666667,17.53322916666667,9,2018
2019-02-28,0.0002226755,,34.180729166666666,17.53322916666667,9,2018
2019-03-01,-2.066791e-05,,25.222154166666662,17.53322916666667,9,2018
2019-03-02,-5.5775046e-05,,28.644391666666667,17.53322916666667,9,2018
2019-03-03,0.00018573552,,183.99582916666668,17.53322916666667,9,2018
2019-03-04,0.0002593696,,74.0156625,17.53322916666667,9,2018
2019-03-05,0.0001116097,,41.40040833333334,17.53322916666667,9,2018
2019-03-06,9.761006e-05,,87.2377375,17.53322916666667,9,2018
2019-03-07,0.00023446232,,25.13857916666667,17.53322916666667,9,2018
2019-03-08,0.00027249753,,17.827620833333334,17.53322916666667,9,2018
2019-03-09,0.0002701357,,20.53250833333333,17.53322916666667,9,2018
2019-03-10,0.000435628,,83.93888749999999,17.53322916666667,9,2018
2019-03-11,0.00044652075,,30.474925,17.53322916666667,9,2018
2019-03-12,0.00024177134,,165.57193333333333,17.53322916666667,9,2018
2019-03-13,0.0006504804,,22.86545,17.53322916666667,9,2018
2019-03-14,0.00012363493,,109.54319166666666,17.53322916666667,9,2018
2019-03-15,0.00034812093,,84.2821125,17.53322916666667,9,2018
2019-03-16,0.00024683028,,14.439316666666665,17.53322916666667,9,2018
2019-03-17,0.00034740567,,14.748658333333331,17.53322916666667,9,2018
2019-03-18,0.00029599667,,8.8924,17.53322916666667,9,2018
2019-03-19,0.00015877187,,8.367779166666667,17.53322916666667,9,2018
2019-03-20,0.00051472336,,8.722095833333332,17.53322916666667,9,2018
2019-03-21,0.00018021464,,6.9886875,17.53322916666667,9,2018
2019-03-22,0.00022277981,,6.990983333333333,17.53322916666667,9,2018
2019-03-23,-3.7446618e-05,,9.2903125,17.53322916666667,9,2018
2019-03-24,-3.3847988e-05,,10.105375,17.53322916666667,9,2018
2019-03-25,0.0001983568,,14.019316666666668,17.53322916666667,9,2018
2019-03-26,5.1140785e-05,,16.9340375,17.53322916666667,9,2018
2019-03-27,0.0002137497,,18.5827125,17.53322916666667,9,2018
2019-03-28,-0.000111699104,,17.736629166666667,17.53322916666667,9,2018
2019-03-29,4.7415495e-05,,19.267775,17.53322916666667,9,2018
2019-03-30,0.00041234493,,22.805766666666667,17.53322916666667,9,2018
2019-03-31,-7.1555376e-05,,20.177416666666662,17.53322916666667,9,2018
2019-04-01,-0.00010111928,,20.84644583333333,17.53322916666667,9,2018
2019-04-02,-1.28299e-05,,21.8017875,17.53322916666667,9,2018
2019-04-03,0.0001905039,,24.720358333333333,17.53322916666667,9,2018
2019-04-04,-6.937981e-05,,22.81492916666667,17.53322916666667,9,2018
2019-04-05,-3.3155084e-05,,46.995441666666665,17.53322916666667,9,2018
2019-04-06,4.9620867e-05,,19.759625,17.53322916666667,9,2018
2019-04-07,2.7000904e-05,,19.1277875,17.53322916666667,9,2018
2019-04-08,-1.9878149e-05,,18.376054166666663,17.53322916666667,9,2018
2019-04-09,0.00019387156,,16.889520833333332,17.53322916666667,9,2018
2019-04-10,0.00048158318,,14.915266666666668,17.53322916666667,9,2018
2019-04-11,0.00021293014,,15.2385875,17.53322916666667,9,2018
2019-04-12,0.00040915608,,14.321920833333332,17.53322916666667,9,2018
2019-04-13,0.00021838397,,17.787754166666666,17.53322916666667,9,2018
2019-04-14,0.00048969686,,70.87789583333333,17.53322916666667,9,2018
2019-04-15,0.00015226007,,67.5749125,17.53322916666667,9,2018
2019-04-16,9.433925e-05,,14.711658333333332,17.53322916666667,9,2018
2019-04-17,0.00010604411,,12.135816666666663,17.53322916666667,9,2018
2019-04-18,0.00020044297,,10.520466666666666,17.53322916666667,9,2018
2019-04-19,-1.8969178e-05,,13.5295,17.53322916666667,9,2018
2019-04-20,7.522851e-05,,12.756804166666669,17.53322916666667,9,2018
2019-04-21,-0.00014710426,,14.0916625,17.53322916666667,9,2018
2019-04-22,-0.00026002526,,16.86972916666667,17.53322916666667,9,2018
2019-04-23,-0.0003836453,,16.237491666666667,17.53322916666667,9,2018
2019-04-24,-4.7050416e-05,,18.797791666666665,17.53322916666667,9,2018
2019-04-25,-0.0001437366,,14.5561625,17.53322916666667,9,2018
2019-04-26,0.00014090538,,15.360795833333333,17.53322916666667,9,2018
2019-04-27,0.00038012862,,27.902383333333333,17.53322916666667,9,2018
2019-04-28,0.00035004318,,12.522129166666666,17.53322916666667,9,2018
2019-04-29,2.7045608e-05,,12.358624999999998,17.53322916666667,9,2018
2019-04-30,9.186566e-06,,13.893666666666666,17.53322916666667,9,2018
2019-05-01,0.00027644634,,13.435758333333334,17.53322916666667,9,2018
2019-05-02,0.00045035034,,16.452670833333332,17.53322916666667,9,2018
2019-05-03,0.000436455,,11.442358333333331,17.53322916666667,9,2018
2019-05-04,0.0002913326,,14.713654166666666,17.53322916666667,9,2018
2019-05-05,0.0004447177,,10.711475,17.53322916666667,9,2018
2019-05-06,0.000291124,,8.977125,17.53322916666667,9,2018
2019-05-07,6.470084e-05,,10.830325,17.53322916666667,9,2018
2019-05-08,0.00011175871,,9.575220833333333,17.53322916666667,9,2018
2019-05-09,0.0005066544,,7.965016666666667,17.53322916666667,9,2018
2019-05-10,0.000581339,,6.833654166666666,17.53322916666667,9,2018
2019-05-11,0.00074599683,,7.2557,17.53322916666667,9,2018
2019-05-12,0.0005520955,,5.589554166666667,17.53322916666667,9,2018
2019-05-13,0.00041034818,,12.333941666666666,17.53322916666667,9,2018
2019-05-14,0.0003786683,,11.520016666666663,17.53322916666667,9,2018
2019-05-15,0.0003849268,,35.42616666666667,17.53322916666667,9,2018
2019-05-16,6.28382e-05,,10.98375,17.53322916666667,9,2018
2019-05-17,0.00071266294,,9.641166666666669,17.53322916666667,9,2018
2019-05-18,0.00055447966,,6.961204166666668,17.53322916666667,9,2018
2019-05-19,0.0007812381,,10.091495833333331,17.53322916666667,9,2018
2019-05-20,0.0007547885,,10.445766666666666,17.53322916666667,9,2018
2019-05-21,0.0005610734,,8.2064,17.53322916666667,9,2018
2019-05-22,0.00020383298,,9.680691666666666,17.53322916666667,9,2018
2019-05-23,0.00012138486,,12.106616666666667,17.53322916666667,9,2018
2019-05-24,0.00037822127,,12.392825,17.53322916666667,9,2018
2019-05-25,0.0003591329,,14.416216666666664,17.53322916666667,9,2018
2019-05-26,0.000518322,,20.93505833333333,17.53322916666667,9,2018
2019-05-27,0.00043344498,,18.56289583333333,17.53322916666667,9,2018
2019-05-28,0.00054798275,,16.1104125,17.53322916666667,9,2018
2019-05-29,0.00036005676,,15.316420833333334,17.53322916666667,9,2018
2019-05-30,0.00020730495,,1.4413166666666666,17.53322916666667,9,2018
2019-05-31,-2.8267503e-05,,0.8544416666666667,17.53322916666667,9,2018
2019-06-01,0.00022027642,,3.3805791666666667,17.53322916666667,9,2018
2019-06-02,0.00016570091,,8.097608333333334,17.53322916666667,9,2018
2019-06-03,0.00020298362,,9.506241666666666,17.53322916666667,9,2018
2019-06-04,0.00019794703,,9.6554875,17.53322916666667,9,2018
2019-06-05,0.00037914515,,8.558412500000001,17.53322916666667,9,2018
2019-06-06,0.00025969744,,8.430279166666667,17.53322916666667,9,2018
2019-06-07,0.00055655837,,50.82515833333333,17.53322916666667,9,2018
2019-06-08,-5.349517e-05,,11.524308333333332,17.53322916666667,9,2018
2019-06-09,3.681332e-05,,14.555437499999998,17.53322916666667,9,2018
2019-06-10,0.00044748932,,10.786716666666663,17.53322916666667,9,2018
2019-06-11,0.0007041991,,8.946995833333334,17.53322916666667,9,2018
2019-06-12,0.00079105794,,10.774533333333332,17.53322916666667,9,2018
2019-06-13,0.0003240034,,8.89395,17.53322916666667,9,2018
2019-06-14,0.00036603212,,6.465108333333333,17.53322916666667,9,2018
2019-06-15,0.0002990365,,9.003179166666667,17.53322916666667,9,2018
2019-06-16,0.0003311932,,10.343475,17.53322916666667,9,2018
2019-06-17,0.000246495,,15.948216666666667,17.53322916666667,9,2018
2019-06-18,0.00024479628,,90.46179583333333,17.53322916666667,9,2018
2019-06-19,0.0005838275,,18.343333333333334,17.53322916666667,9,2018
2019-06-20,0.00031763315,,17.210354166666665,17.53322916666667,9,2018
2019-06-21,0.00042375177,,17.295308333333335,17.53322916666667,9,2018
2019-06-22,0.00017999113,,24.44465,17.53322916666667,9,2018
2019-06-23,2.2381544e-05,,47.257470833333336,17.53322916666667,9,2018
2019-06-24,0.00013524294,,35.956833333333336,17.53322916666667,9,2018
2019-06-25,0.0001232177,,20.3631,17.53322916666667,9,2018
2019-06-26,0.00026385486,,38.3493375,17.53322916666667,9,2018
2019-06-27,-2.8014183e-05,,49.31621666666667,17.53322916666667,9,2018
2019-06-28,6.558746e-05,,80.43085,17.53322916666667,9,2018
2019-06-29,-5.7540834e-05,,77.82784166666667,17.53322916666667,9,2018
2019-06-30,-5.8054924e-05,,93.9117,17.53322916666667,9,2018
2019-07-01,0.00045835972,,103.12892083333332,17.53322916666667,9,2018
2019-07-02,0.00012411922,,81.2271375,17.53322916666667,9,2018
2019-07-03,3.8206577e-05,,68.82622083333332,17.53322916666667,9,2018
2019-07-04,-3.953278e-05,,95.56574166666668,17.53322916666667,9,2018
2019-07-05,0.00036770105,,63.4315,17.53322916666667,9,2018
2019-07-06,0.00033602864,,38.50717083333333,17.53322916666667,9,2018
2019-07-07,0.00049972534,,36.4399875,17.53322916666667,9,2018
2019-07-08,0.00059749186,,36.08974583333333,17.53322916666667,9,2018
2019-07-09,0.00069218874,,65.69773333333333,17.53322916666667,9,2018
2019-07-10,0.00060180575,,80.13340416666666,17.53322916666667,9,2018
2019-07-11,0.0004004836,,70.53793333333333,17.53322916666667,9,2018
2019-07-12,0.0007157922,,76.29509583333333,17.53322916666667,9,2018
2019-07-13,0.0008341372,,37.3119,17.53322916666667,9,2018
2019-07-14,0.00057337433,,85.3537,17.53322916666667,9,2018
2019-07-15,0.00059438497,,45.571625,17.53322916666667,9,2018
2019-07-16,0.0006871298,,52.73877083333333,17.53322916666667,9,2018
2019-07-17,0.0009535253,,48.66694583333333,17.53322916666667,9,2018
2019-07-18,0.0007903129,,59.88839166666667,17.53322916666667,9,2018
2019-07-19,0.0008553043,,84.56320416666667,17.53322916666667,9,2018
2019-07-20,0.000805445,,95.0803625,17.53322916666667,9,2018
2019-07-21,0.00058333576,,66.08024166666667,17.53322916666667,9,2018
2019-07-22,0.00042750686,,55.63773750000001,17.53322916666667,9,2018
2019-07-23,0.00044548512,,88.80742500000001,17.53322916666667,9,2018
2019-07-24,0.00028680265,,85.15568333333333,17.53322916666667,9,2018
2019-07-25,0.00045696646,,108.46440416666668,17.53322916666667,9,2018
2019-07-26,0.0005765557,,63.68227916666667,17.53322916666667,9,2018
2019-07-27,0.0005816221,,139.6709708333333,17.53322916666667,9,2018
2019-07-28,0.00054739416,,159.84205,17.53322916666667,9,2018
2019-07-29,0.0003873706,,107.72602083333334,17.53322916666667,9,2018
2019-07-30,0.00039714575,,122.87869166666668,17.53322916666667,9,2018
2019-07-31,0.00053210557,,128.62752916666668,17.53322916666667,9,2018
2019-08-01,0.0007020384,,183.6669,17.53322916666667,9,2018
2019-08-02,0.0005182028,,122.52665833333332,17.53322916666667,9,2018
2019-08-03,0.00035706162,,135.68335,17.53322916666667,9,2018
2019-08-04,0.0007022992,,129.54675833333332,17.53322916666667,9,2018
2019-08-05,0.0005027205,,133.30797916666668,17.53322916666667,9,2018
2019-08-06,0.00070025027,,205.03702083333332,17.53322916666667,9,2018
2019-08-07,0.0008339584,,150.1647625,17.53322916666667,9,2018
2019-08-08,0.0007192716,,155.78909166666668,17.53322916666667,9,2018
2019-08-09,0.0008367896,,251.10529166666663,17.53322916666667,9,2018
2019-08-10,0.0010957122,,143.28164166666667,17.53322916666667,9,2018
2019-08-11,0.0010307208,,98.32542916666668,17.53322916666667,9,2018
2019-08-12,0.0011149272,,151.043225,17.53322916666667,9,2018
2019-08-13,0.0010131747,,140.7517,17.53322916666667,9,2018
2019-08-14,0.0010662973,,151.4413125,17.53322916666667,9,2018
2019-08-15,0.00097420067,,162.061575,17.53322916666667,9,2018
2019-08-16,0.0009634495,,169.81742916666667,17.53322916666667,9,2018
2019-08-17,0.0010008812,,147.95053333333334,17.53322916666667,9,2018
2019-08-18,0.0010917187,,152.0068125,17.53322916666667,9,2018
2019-08-19,0.0010353327,,163.2361625,17.53322916666667,9,2018
2019-08-20,0.0010391027,,133.70670416666667,17.53322916666667,9,2018
2019-08-21,0.00092329085,,146.35516666666666,17.53322916666667,9,2018
2019-08-22,0.0008392185,,170.15909166666663,17.53322916666667,9,2018
2019-08-23,0.0007992387,,165.77664166666668,17.53322916666667,9,2018
2019-08-24,0.0005156249,,173.353775,17.53322916666667,9,2018
2019-08-25,0.0008787364,,163.78977916666668,17.53322916666667,9,2018
2019-08-26,0.0010000169,,172.981,17.53322916666667,9,2018
2019-08-27,0.000786677,,150.8981,17.53322916666667,9,2018
2019-08-28,0.0007737428,,159.69878333333335,17.53322916666667,9,2018
2019-08-29,0.00075127184,,111.23287083333332,17.53322916666667,9,2018
2019-08-30,0.0006814003,,129.64750416666666,17.53322916666667,9,2018
2019-08-31,0.0004248321,,218.44965,17.53322916666667,9,2018
2019-09-01,0.00032939017,,160.35994583333334,17.53322916666667,9,2018
2019-09-02,0.00028306246,,75.205125,17.53322916666667,9,2018
2019-09-03,0.000359416,,73.76602083333333,17.53322916666667,9,2018
2019-09-04,0.0006698817,,84.93666666666667,17.53322916666667,9,2018
2019-09-05,0.0005633831,,84.48194583333334,17.53322916666667,9,2018
2019-09-06,0.00060388446,,74.30253333333333,17.53322916666667,9,2018
2019-09-07,0.00062689185,,82.37563333333334,17.53322916666667,9,2018
2019-09-08,0.00092069805,,1.9367541666666668,17.53322916666667,9,2018
2019-09-09,0.0008580014,,10.132054166666666,17.53322916666667,9,2018
2019-09-10,0.0008749515,,3.815720833333333,17.53322916666667,9,2018
2019-09-11,0.0011689812,,8.061245833333333,17.53322916666667,9,2018
2019-09-12,0.00068834424,,-1.0610875,17.53322916666667,9,2018
2019-09-13,0.0011354387,,24.25735833333333,17.53322916666667,9,2018
2019-09-14,0.00085725635,,23.47117916666667,17.53322916666667,9,2018
2019-09-15,0.000979796,,6.138091666666667,17.53322916666667,9,2018
2019-09-16,0.0009436682,,10.12225,17.53322916666667,9,2018
2019-09-17,0.00096940994,,4.868908333333333,17.53322916666667,9,2018
2019-09-18,0.0010399371,,2.5211208333333333,17.53322916666667,9,2018
2019-09-19,0.0010357946,,3.5419125,17.53322916666667,9,2018
2019-09-20,0.0010746717,,21.261545833333333,17.53322916666667,9,2018
2019-09-21,0.0006991029,,18.5623875,17.53322916666667,9,2018
2019-09-22,0.00030415505,,12.860929166666669,17.53322916666667,9,2018
2019-09-23,0.00049327314,,17.651754166666667,17.53322916666667,9,2018
2019-09-24,0.00013190508,,14.061975,17.53322916666667,9,2018
2019-09-25,0.00046686828,,151.03272083333334,17.53322916666667,9,2018
2019-09-26,0.00034414232,,58.65232083333333,17.53322916666667,9,2018
2019-09-27,0.0005329251,,66.40462083333334,17.53322916666667,9,2018
2019-09-28,0.00022293627,,62.355733333333326,17.53322916666667,9,2018
2019-09-29,0.00042924285,,47.981545833333335,17.53322916666667,9,2018
2019-09-30,8.9511275e-05,,42.83938333333333,17.53322916666667,9,2018
2019-10-01,0.00053846836,,17.29005,17.53322916666667,9,2018
2019-10-02,0.0004178509,,40.8408375,17.53322916666667,9,2018
2019-10-03,0.00037398934,,22.43777083333333,17.53322916666667,9,2018
2019-10-04,0.0005970299,,132.1518625,17.53322916666667,9,2018
2019-10-05,0.00034871697,,118.58219583333332,17.53322916666667,9,2018
2019-10-06,0.0007405728,,26.674945833333336,17.53322916666667,9,2018
2019-10-07,0.00065761805,,49.51145,17.53322916666667,9,2018
2019-10-08,0.00050865114,,36.33675833333333,17.53322916666667,9,2018
2019-10-09,0.0006370172,,28.89495,17.53322916666667,9,2018
2019-10-10,0.00042970479,,30.574841666666668,17.53322916666667,9,2018
2019-10-11,0.0008635074,,44.00215416666666,17.53322916666667,9,2018
2019-10-12,0.00053678453,,37.98258333333333,17.53322916666667,9,2018
2019-10-13,0.00059337914,,39.2443125,17.53322916666667,9,2018
2019-10-14,0.00057894737,,71.99200416666666,17.53322916666667,9,2018
2019-10-15,0.00062532723,,36.16065416666667,17.53322916666667,9,2018
2019-10-16,0.0006080568,,83.13257916666667,17.53322916666667,9,2018
2019-10-17,0.0006264746,,39.4981625,17.53322916666667,9,2018
2019-10-18,0.0007598698,,39.45684166666667,17.53322916666667,9,2018
2019-10-19,0.00071296096,,38.81505416666666,17.53322916666667,9,2018
2019-10-20,0.00090804696,,78.61630833333334,17.53322916666667,9,2018
2019-10-21,0.0006243959,,42.074958333333335,17.53322916666667,9,2018
2019-10-22,0.00040899217,,35.83810416666667,17.53322916666667,9,2018
2019-10-23,0.0005481243,,41.168425,17.53322916666667,9,2018
2019-10-24,0.0003709197,,22.02372916666667,17.53322916666667,9,2018
2019-10-25,0.0006284267,,44.159625,17.53322916666667,9,2018
2019-10-26,0.00055393577,,53.61133333333333,17.53322916666667,9,2018
2019-10-27,0.0005986169,,34.25787916666666,17.53322916666667,9,2018
2019-10-28,0.0004382804,,48.6742375,17.53322916666667,9,2018
2019-10-29,0.00066711754,,43.52924583333333,17.53322916666667,9,2018
2019-10-30,0.00033825636,,72.889875,17.53322916666667,9,2018
2019-10-31,9.036064e-05,,17.3784625,17.53322916666667,9,2018
2019-11-01,0.00015074015,,44.60476666666667,17.53322916666667,9,2018
2019-11-02,0.0003918782,,84.578875,17.53322916666667,9,2018
2019-11-03,0.00041921437,,24.50328333333333,17.53322916666667,9,2018
2019-11-04,0.00026240945,,2.5965458333333333,17.53322916666667,9,2018
2019-11-05,0.00051216036,,2.3351125,17.53322916666667,9,2018
2019-11-06,0.0003325194,,3.489525,17.53322916666667,9,2018
2019-11-07,0.0004653558,,3.854575,17.53322916666667,9,2018
2019-11-08,0.0006958246,,4.274425,17.53322916666667,9,2018
2019-11-09,0.00028437376,,6.107458333333334,17.53322916666667,9,2018
2019-11-10,0.00054968894,,5.250383333333333,17.53322916666667,9,2018
2019-11-11,0.00048583746,,10.4491125,17.53322916666667,9,2018
2019-11-12,0.0007764697,,9.466970833333331,17.53322916666667,9,2018
2019-11-13,0.00059120357,,7.8383875,17.53322916666667,9,2018
2019-11-14,0.0007859096,,9.029404166666668,17.53322916666667,9,2018
2019-11-15,0.0008042827,,7.7854125,17.53322916666667,9,2018
2019-11-16,0.0005288869,,6.770620833333333,17.53322916666667,9,2018
2019-11-17,0.0005289763,,5.386304166666666,17.53322916666667,9,2018
2019-11-18,0.00067192316,,6.1350875,17.53322916666667,9,2018
2019-11-19,0.0003837198,,8.049995833333334,17.53322916666667,9,2018
2019-11-20,0.0008801371,,9.4156375,17.53322916666667,9,2018
2019-11-21,0.0004915595,,9.04735,17.53322916666667,9,2018
2019-11-22,0.0003682226,,17.626329166666668,17.53322916666667,9,2018
2019-11-23,0.00047323108,,14.79695,17.53322916666667,9,2018
2019-11-24,0.00033825636,,17.829245833333335,17.53322916666667,9,2018
2019-11-25,0.0001489073,,19.91565,17.53322916666667,9,2018
2019-11-26,0.00041616708,,39.41180416666667,17.53322916666667,9,2018
2019-11-27,0.0002874285,,18.63509583333333,17.53322916666667,9,2018
2019-11-28,0.00026237965,,15.681870833333331,17.53322916666667,9,2018
2019-11-29,0.00038427114,,17.085966666666668,17.53322916666667,9,2018
2019-11-30,0.00029435754,,8.360637500000001,17.53322916666667,9,2018
2019-12-01,0.0005002171,,21.592454166666663,17.53322916666667,9,2018
2019-12-02,0.0005378574,,27.47814166666667,17.53322916666667,9,2018
2019-12-03,-7.878244e-05,,30.072954166666666,17.53322916666667,9,2018
2019-12-04,6.92904e-06,,24.71483333333333,17.53322916666667,9,2018
2019-12-05,0.00010868907,,35.01582916666666,17.53322916666667,9,2018
2019-12-06,0.00034055114,,52.85185416666667,17.53322916666667,9,2018
2019-12-07,-0.00020352006,,11.825133333333332,17.53322916666667,9,2018
2019-12-08,-4.339218e-05,,23.737716666666667,17.53322916666667,9,2018
2019-12-09,0.00011485815,,9.377133333333331,17.53322916666667,9,2018
2019-12-10,0.00028669834,,12.732195833333334,17.53322916666667,9,2018
2019-12-11,0.00033664703,,10.224170833333334,17.53322916666667,9,2018
2019-12-12,0.0003478974,,14.438320833333334,17.53322916666667,9,2018
2019-12-13,0.00043080747,,14.831008333333337,17.53322916666667,9,2018
2019-12-14,0.0004799664,,11.998379166666666,17.53322916666667,9,2018
2019-12-15,0.00032794476,,8.733745833333334,17.53322916666667,9,2018
2019-12-16,0.0005275309,,9.369879166666664,17.53322916666667,9,2018
2019-12-17,4.4134192,,34.668816666666665,18.800075,2,2019
2019-12-18,4.097025,,98.74777083333332,18.800075,2,2019
2019-12-19,4.229018,,92.95863333333334,18.800075,2,2019
2019-12-20,2.1753666,,29.576941666666663,18.800075,2,2019
2019-12-21,1.8725598,,21.39916666666667,18.800075,2,2019
2019-12-22,0.5312815,,27.107829166666665,18.800075,2,2019
2019-12-23,1.1058378,,11.221041666666666,18.800075,2,2019
2019-12-24,0.58563113,,12.794670833333331,18.800075,2,2019
2019-12-25,2.7343948,,20.4442,18.800075,2,2019
2019-12-26,1.4397016,,36.0653,18.800075,2,2019
2019-12-27,1.2223015,,15.763541666666669,18.800075,2,2019
2019-12-28,4.0698504,,8.362554166666667,18.800075,2,2019
2019-12-29,4.0155005,,12.524916666666668,18.800075,2,2019
2019-12-30,4.3726573,,36.75321666666667,18.800075,2,2019
2019-12-31,4.454182,,26.597625,18.800075,2,2019
2020-01-01,5.24808,,36.14471666666667,18.800075,2,2019
2020-01-02,4.071791,,20.362054166666667,18.800075,2,2019
2020-01-03,0.86902714,,19.7837,18.800075,2,2019
2020-01-04,1.1776574,,23.944033333333334,18.800075,2,2019
2020-01-05,3.2060747,,11.908958333333333,18.800075,2,2019
2020-01-06,3.3671832,,11.314208333333331,18.800075,2,2019
2020-01-07,4.172727,,7.4138875,18.800075,2,2019
2020-01-08,3.5049992,,10.497245833333332,18.800075,2,2019
2020-01-09,2.7635105,,49.4990625,18.800075,2,2019
2020-01-10,2.466527,,-4.392925,18.800075,2,2019
2020-01-11,4.0853786,,-0.0349208333333335,18.800075,2,2019
2020-01-12,3.4642367,,29.9203,18.800075,2,2019
2020-01-13,5.036503,,46.44777916666667,18.800075,2,2019
2020-01-14,4.964683,,79.97217916666666,18.800075,2,2019
2020-01-15,5.0908527,,-6.4949,18.800075,2,2019
2020-01-16,7.387138,,36.13772083333333,18.800075,2,2019
2020-01-17,2.5985196,,9.326175,18.800075,2,2019
2020-01-18,4.807457,,20.70103333333333,18.800075,2,2019
2020-01-19,5.560591,,18.37625833333333,18.800075,2,2019
2020-01-20,4.8851,,17.703004166666666,18.800075,2,2019
2020-01-21,6.2574353,,21.49148333333333,18.800075,2,2019
2020-01-22,5.4926543,,18.655904166666662,18.800075,2,2019
2020-01-23,5.66735,,23.285616666666662,18.800075,2,2019
2020-01-24,5.7818737,,23.81589583333333,18.800075,2,2019
2020-01-25,5.41113,,25.246104166666665,18.800075,2,2019
2020-01-26,3.8893309,,10.657091666666666,18.800075,2,2019
2020-01-27,2.3655918,,11.158379166666668,18.800075,2,2019
2020-01-28,1.6105156,,12.7007125,18.800075,2,2019
2020-01-29,2.1190758,,11.659383333333333,18.800075,2,2019
2020-01-30,3.287599,,12.064066666666667,18.800075,2,2019
2020-01-31,2.0860777,,9.810720833333331,18.800075,2,2019
2020-02-01,1.4785228,,15.052291666666669,18.800075,2,2019
2020-02-02,1.9327328,,22.874329166666666,18.800075,2,2019
2020-02-03,1.220361,,13.7422125,18.800075,2,2019
2020-02-04,1.5037568,,17.12709166666667,18.800075,2,2019
2020-02-05,4.659936,,11.651058333333332,18.800075,2,2019
2020-02-06,4.5065913,,15.698879166666666,18.800075,2,2019
2020-02-07,4.537648,,21.56972083333333,18.800075,2,2019
2020-02-08,2.8120375,,32.613995833333334,18.800075,2,2019
2020-02-09,2.2122471,,194.07235416666663,18.800075,2,2019
2020-02-10,1.5930457,,49.3166625,18.800075,2,2019
2020-02-11,1.9502025,,50.8533125,18.800075,2,2019
2020-02-12,3.5477028,,13.519,18.800075,2,2019
2020-02-13,2.8741522,,42.2392,18.800075,2,2019
2020-02-14,4.1125536,,12.364083333333332,18.800075,2,2019
2020-02-15,5.628529,,130.97249583333334,18.800075,2,2019
2020-02-16,2.4354696,,21.805975,18.800075,2,2019
2020-02-17,2.7615695,,50.38093750000001,18.800075,2,2019
2020-02-18,3.1245496,,74.059725,18.800075,2,2019
2020-02-19,3.4467673,,12.108679166666668,18.800075,2,2019
2020-02-20,3.027496,,26.8038625,18.800075,2,2019
2020-02-21,2.9615,,15.862066666666664,18.800075,2,2019
2020-02-22,2.5985198,,32.282495833333336,18.800075,2,2019
2020-02-23,3.16143,,86.23708333333333,18.800075,2,2019
2020-02-24,2.7246895,,29.721241666666668,18.800075,2,2019
2020-02-25,2.1054883,,29.053016666666668,18.800075,2,2019
2020-02-26,2.1656616,,75.02151666666667,18.800075,2,2019
2020-02-27,2.8275657,,18.5227875,18.800075,2,2019
2020-02-28,3.5768187,,56.38238333333334,18.800075,2,2019
2020-02-29,1.107779,,63.9717625,18.800075,2,2019
2020-03-01,0.95443463,,70.2430125,18.800075,2,2019
2020-03-02,0.7137418,,10.405416666666666,18.800075,2,2019
2020-03-03,1.2844157,,8.677249999999999,18.800075,2,2019
2020-03-04,3.6738722,,22.66469166666667,18.800075,2,2019
2020-03-05,1.342648,,24.64927916666667,18.800075,2,2019
2020-03-06,0.57204366,,9.792908333333331,18.800075,2,2019
2020-03-07,1.035959,,10.491375,18.800075,2,2019
2020-03-08,0.97578573,,31.77432083333333,18.800075,2,2019
2020-03-09,0.8826151,,20.93005,18.800075,2,2019
2020-03-10,1.5716941,,46.81635416666666,18.800075,2,2019
2020-03-11,1.6357493,,24.497379166666665,18.800075,2,2019
2020-03-12,0.84961677,,18.55644583333333,18.800075,2,2019
2020-03-13,1.7696834,,11.930833333333334,18.800075,2,2019
2020-03-14,1.4416428,,11.106208333333331,18.800075,2,2019
2020-03-15,0.44199204,,33.71112083333333,18.800075,2,2019
2020-03-16,0.8729093,,10.361366666666669,18.800075,2,2019
2020-03-17,2.2200112,,12.10145,18.800075,2,2019
2020-03-18,1.3523533,,16.076704166666666,18.800075,2,2019
2020-03-19,1.3057678,,33.50235416666667,18.800075,2,2019
2020-03-20,0.33911538,,31.641841666666664,18.800075,2,2019
2020-03-21,-0.41207838,,11.0907125,18.800075,2,2019
2020-03-22,-2.01152,,18.263545833333332,18.800075,2,2019
2020-03-23,-2.1862159,,14.567920833333334,18.800075,2,2019
2020-03-24,-1.8989382,,15.472954166666668,18.800075,2,2019
2020-03-25,-2.6578956,,17.072020833333333,18.800075,2,2019
2020-03-26,-2.5647237,,29.53195833333333,18.800075,2,2019
2020-03-27,-2.4754362,,19.9709,18.800075,2,2019
2020-03-28,-1.9183483,,11.6400875,18.800075,2,2019
2020-03-29,-2.3298554,,14.900520833333331,18.800075,2,2019
2020-03-30,-1.9358189,,12.5879125,18.800075,2,2019
2020-03-31,-1.9397001,,14.3764875,18.800075,2,2019
2020-04-01,-2.2056262,,8.504429166666666,18.800075,2,2019
2020-04-02,-1.7242413,,9.498341666666668,18.800075,2,2019
2020-04-03,-2.3220909,,9.1964125,18.800075,2,2019
2020-04-04,-1.3302045,,7.194133333333333,18.800075,2,2019
2020-04-05,0.3138814,,6.48245,18.800075,2,2019
2020-04-06,-1.444727,,32.648075,18.800075,2,2019
2020-04-07,-0.4373119,,12.78745,18.800075,2,2019
2020-04-08,-0.7672937,,16.79596666666667,18.800075,2,2019
2020-04-09,-0.6430652,,15.792575,18.800075,2,2019
2020-04-10,-0.320848,,16.085104166666667,18.800075,2,2019
2020-04-11,-0.8488188,,18.277616666666667,18.800075,2,2019
2020-04-12,-0.113153934,,16.065141666666666,18.800075,2,2019
2020-04-13,-1.0041046,,20.41225833333333,18.800075,2,2019
2020-04-14,-0.08791995,,16.473858333333336,18.800075,2,2019
2020-04-15,0.10036397,,17.215875,18.800075,2,2019
2020-04-16,1.2785928,,16.7667875,18.800075,2,2019
2020-04-17,-0.95751905,,29.4826375,18.800075,2,2019
2020-04-18,0.43034554,,20.98572916666667,18.800075,2,2019
2020-04-19,0.5972774,,9.358595833333334,18.800075,2,2019
2020-04-20,-0.15391612,,4.221658333333333,18.800075,2,2019
2020-04-21,0.70985985,,5.866725,18.800075,2,2019
2020-04-22,0.7603272,,3.5812708333333334,18.800075,2,2019
2020-04-23,2.1928363,,2.491979166666667,18.800075,2,2019
2020-04-24,1.0146073,,4.966433333333334,18.800075,2,2019
2020-04-25,0.73315215,,3.983570833333333,18.800075,2,2019
2020-04-26,1.4047625,,6.535791666666667,18.800075,2,2019
2020-04-27,-0.15973902,,8.9159125,18.800075,2,2019
2020-04-28,-0.67024064,,11.126620833333334,18.800075,2,2019
2020-04-29,1.6357491,,25.04357083333333,18.800075,2,2019
2020-04-30,0.31194043,,8.606349999999999,18.800075,2,2019
2020-05-01,-1.1593902,,4.000220833333334,18.800075,2,2019
2020-05-02,-1.3010886,,6.374183333333334,18.800075,2,2019
2020-05-03,0.9486115,,11.170866666666669,18.800075,2,2019
2020-05-04,1.0262539,,9.670116666666669,18.800075,2,2019
2020-05-05,1.9210863,,10.479679166666664,18.800075,2,2019
2020-05-06,2.3597682,,3.951079166666666,18.800075,2,2019
2020-05-07,3.9805613,,6.459733333333333,18.800075,2,2019
2020-05-08,3.8738027,,4.653641666666666,18.800075,2,2019
2020-05-09,5.9196897,,0.2463875000000002,18.800075,2,2019
2020-05-10,1.2397714,,5.552416666666667,18.800075,2,2019
2020-05-11,-0.3169663,,3.971179166666667,18.800075,2,2019
2020-05-12,0.3779366,,3.590991666666667,18.800075,2,2019
2020-05-13,2.0472558,,5.269395833333333,18.800075,2,2019
2020-05-14,0.96025807,,5.4684375,18.800075,2,2019
2020-05-15,0.26535463,,4.083333333333333,18.800075,2,2019
2020-05-16,0.68656707,,5.852141666666667,18.800075,2,2019
2020-05-17,0.9951969,,6.937354166666666,18.800075,2,2019
2020-05-18,2.084136,,4.512433333333333,18.800075,2,2019
2020-05-19,1.8492672,,6.919404166666666,18.800075,2,2019
2020-05-20,9.390323,,5.618591666666667,18.800075,2,2019
2020-05-21,4.137788,,4.467554166666667,18.800075,2,2019
2020-05-22,0.26147318,,3.481879166666667,18.800075,2,2019
2020-05-23,-0.3965497,,9.059491666666666,18.800075,2,2019
2020-05-24,-0.6566529,,4.559025,18.800075,2,2019
2020-05-25,0.15859556,,1.9010541666666665,18.800075,2,2019
2020-05-26,0.36046743,,4.945004166666666,18.800075,2,2019
2020-05-27,5.0132103,,8.334091666666668,18.800075,2,2019
2020-05-28,4.048498,,31.19536666666667,18.800075,2,2019
2020-05-29,2.513113,,2.5065416666666667,18.800075,2,2019
2020-05-30,2.2627146,,6.592245833333333,18.800075,2,2019
2020-05-31,2.1908956,,7.036866666666668,18.800075,2,2019
2020-06-01,0.20712256,,3.711045833333333,18.800075,2,2019
2020-06-02,0.5390456,,5.402487499999999,18.800075,2,2019
2020-06-03,-0.17138529,,17.781908333333334,18.800075,2,2019
2020-06-04,-0.2684393,,12.707929166666666,18.800075,2,2019
2020-06-05,-0.71876717,,12.509625,18.800075,2,2019
2020-06-06,-0.503309,,13.244066666666669,18.800075,2,2019
2020-06-07,-0.25485206,,12.860183333333334,18.800075,2,2019
2020-06-08,0.7370348,,12.611258333333334,18.800075,2,2019
2020-06-09,0.8399112,,11.914445833333334,18.800075,2,2019
2020-06-10,1.6182797,,16.404770833333334,18.800075,2,2019
2020-06-11,1.627985,,25.0131125,18.800075,2,2019
2020-06-12,0.8476753,,22.34844166666667,18.800075,2,2019
2020-06-13,0.19547606,,21.324966666666665,18.800075,2,2019
2020-06-14,-0.018041134,,18.258841666666665,18.800075,2,2019
2020-06-15,-0.47225165,,13.013004166666668,18.800075,2,2019
2020-06-16,0.5468099,,21.20124583333333,18.800075,2,2019
2020-06-17,0.89232033,,24.3148375,18.800075,2,2019
2020-06-18,1.453289,,27.3817375,18.800075,2,2019
2020-06-19,-0.59453917,,25.1415125,18.800075,2,2019
2020-06-20,-1.8310003,,22.368629166666665,18.800075,2,2019
2020-06-21,-1.106981,,29.16098333333333,18.800075,2,2019
2020-06-22,-1.7281234,,27.7026625,18.800075,2,2019
2020-06-23,1.2533586,,44.1994625,18.800075,2,2019
2020-06-24,2.5810504,,71.51374583333333,18.800075,2,2019
2020-06-25,2.6625748,,46.73486666666667,18.800075,2,2019
2020-06-26,0.828265,,63.1063375,18.800075,2,2019
2020-06-27,0.160537,,67.21654166666667,18.800075,2,2019
2020-06-28,0.5138116,,83.31405416666666,18.800075,2,2019
2020-06-29,0.6458044,,83.50300833333334,18.800075,2,2019
2020-06-30,0.9816094,,76.17408333333333,18.800075,2,2019
2020-07-01,0.9660807,,63.65387916666666,18.800075,2,2019
2020-07-02,0.6535685,,44.121941666666665,18.800075,2,2019
2020-07-03,0.8709681,,50.9054875,18.800075,2,2019
2020-07-04,1.1990092,,63.64986666666667,18.800075,2,2019
2020-07-05,0.8826147,,60.81447916666667,18.800075,2,2019
2020-07-06,0.5448687,,70.9758625,18.800075,2,2019
2020-07-07,1.3562353,,23.19972083333333,18.800075,2,2019
2020-07-08,2.045315,,21.188345833333333,18.800075,2,2019
2020-07-09,1.7386262,,13.943358333333334,18.800075,2,2019
2020-07-10,0.26729608,,15.568958333333333,18.800075,2,2019
2020-07-11,0.89037925,,3.1389125000000004,18.800075,2,2019
2020-07-12,2.800391,,0.3478208333333333,18.800075,2,2019
2020-07-13,2.516995,,4.2235000000000005,18.800075,2,2019
2020-07-14,2.2957132,,9.2598,18.800075,2,2019
2020-07-15,1.9210863,,7.1560500000000005,18.800075,2,2019
2020-07-16,2.6645164,,3.0467125,18.800075,2,2019
2020-07-17,1.3737051,,3.725508333333333,18.800075,2,2019
2020-07-18,1.2397714,,3.125475,18.800075,2,2019
2020-07-19,1.3504124,,4.098645833333333,18.800075,2,2019
2020-07-20,0.8884385,,0.7914166666666667,18.800075,2,2019
2020-07-21,0.9097894,,1.7670208333333333,18.800075,2,2019
2020-07-22,0.005251169,,1.1753416666666665,18.800075,2,2019
2020-07-23,-0.074332,,3.733204166666667,18.800075,2,2019
2020-07-24,-0.15197515,,1.724220833333333,18.800075,2,2019
2020-07-25,-0.6993568,,2.6622916666666665,18.800075,2,2019
2020-07-26,-0.5033088,,4.699891666666667,18.800075,2,2019
2020-07-27,-0.60812664,,16.906079166666668,18.800075,2,2019
2020-07-28,-1.3457327,,14.259295833333333,18.800075,2,2019
2020-07-29,-1.2506211,,5.725670833333333,18.800075,2,2019
2020-07-30,-0.48001623,,-0.7315625,18.800075,2,2019
2020-07-31,-1.6660092,,1.9470375,18.800075,2,2019
2020-08-01,-2.1163375,,3.955491666666666,18.800075,2,2019
2020-08-02,-2.1163373,,3.3886875,18.800075,2,2019
2020-08-03,-2.4210854,,0.2313999999999999,18.800075,2,2019
2020-08-04,-0.9633417,,6.509462500000001,18.800075,2,2019
2020-08-05,-0.3616109,,-1.3818125,18.800075,2,2019
2020-08-06,-0.8779354,,-0.2534583333333332,18.800075,2,2019
2020-08-07,-2.1920388,,0.9473916666666669,18.800075,2,2019
2020-08-08,-2.8597667,,-0.4401916666666666,18.800075,2,2019
2020-08-09,-1.6465981,,-0.0776166666666668,18.800075,2,2019
2020-08-10,-1.5243111,,3.645495833333333,18.800075,2,2019
2020-08-11,-1.009928,,4.842733333333333,18.800075,2,2019
2020-08-12,2.7363353,,43.80744166666667,18.800075,2,2019
2020-08-13,3.4661777,,6.425529166666667,18.800075,2,2019
2020-08-14,0.333292,,12.772904166666669,18.800075,2,2019
2020-08-15,0.28282428,,13.6406125,18.800075,2,2019
2020-08-16,2.2335992,,10.754108333333331,18.800075,2,2019
2020-08-17,1.3698225,,8.304720833333333,18.800075,2,2019
2020-08-18,2.243304,,-1.544145833333333,18.800075,2,2019
2020-08-19,3.376888,,11.754550000000002,18.800075,2,2019
2020-08-20,3.1361964,,-3.5456375,18.800075,2,2019
2020-08-21,1.4979336,,76.21732083333333,18.800075,2,2019
2020-08-22,1.0301359,,10.233095833333334,18.800075,2,2019
2020-08-23,0.9427879,,12.205404166666668,18.800075,2,2019
2020-08-24,1.1233068,,12.088808333333333,18.800075,2,2019
2020-08-25,1.7056284,,11.723908333333332,18.800075,2,2019
2020-08-26,0.68656707,,36.300245833333335,18.800075,2,2019
2020-08-27,0.17606592,,15.9214125,18.800075,2,2019
2020-08-28,-0.46060467,,20.152891666666665,18.800075,2,2019
2020-08-29,-0.10344839,,12.7486,18.800075,2,2019
2020-08-30,0.99131495,,4.735158333333334,18.800075,2,2019
2020-08-31,3.0197318,,4.437104166666667,18.800075,2,2019
2020-09-01,4.6579943,,7.333091666666667,18.800075,2,2019
2020-09-02,3.109021,,5.993483333333334,18.800075,2,2019
2020-09-03,1.6105154,,6.852479166666666,18.800075,2,2019
2020-09-04,1.60081,,12.935954166666669,18.800075,2,2019
2020-09-05,1.9987292,,21.642166666666668,18.800075,2,2019
2020-09-06,2.6276357,,21.744325,18.800075,2,2019
2020-09-07,2.9401479,,18.449541666666665,18.800075,2,2019
2020-09-08,3.6758132,,18.75804583333333,18.800075,2,2019
2020-09-09,2.4529393,,19.011320833333333,18.800075,2,2019
2020-09-10,5.981804,,15.548820833333332,18.800075,2,2019
2020-09-11,3.2021923,,6.716704166666666,18.800075,2,2019
2020-09-12,4.4891214,,2.76605,18.800075,2,2019
2020-09-13,9.957113,,1.0124875,18.800075,2,2019
2020-09-14,13.08369,,-0.9442458333333332,18.800075,2,2019
2020-09-15,6.323432,,5.732029166666667,18.800075,2,2019
2020-09-16,9.998846,,3.1372166666666668,18.800075,2,2019
2020-09-17,11.400299,,-1.645625,18.800075,2,2019
2020-09-18,8.149978,,-0.0957791666666665,18.800075,2,2019
2020-09-19,6.7145576,,1.4175458333333333,18.800075,2,2019
2020-09-20,9.165157,,0.1674083333333332,18.800075,2,2019
2020-09-21,10.451117,,5.060545833333333,18.800075,2,2019
2020-09-22,3.5515847,,5.632804166666666,18.800075,2,2019
2020-09-23,0.18188906,,2.804066666666667,18.800075,2,2019
2020-09-24,0.8903788,,-10.578758333333331,18.800075,2,2019
2020-09-25,-0.17915034,,-12.519808333333332,18.800075,2,2019
2020-09-26,-0.14421105,,-10.001545833333331,18.800075,2,2019
2020-09-27,-0.49166226,,-12.187075,18.800075,2,2019
2020-09-28,0.08289409,,-4.177074999999999,18.800075,2,2019
2020-09-29,0.7331526,,-1.6545875,18.800075,2,2019
2020-09-30,0.48275495,,13.7542125,18.800075,2,2019
2020-10-01,-0.5266011,,27.239275000000003,18.800075,2,2019
2020-10-02,-0.55183506,,12.2817375,18.800075,2,2019
2020-10-03,-0.4528408,,48.54131666666667,18.800075,2,2019
2020-10-04,-0.1325643,,76.77978333333333,18.800075,2,2019
2020-10-05,0.30805802,,59.36773333333333,18.800075,2,2019
2020-10-06,0.605042,,61.51319999999999,18.800075,2,2019
2020-10-07,0.95249367,,15.086954166666668,18.800075,2,2019
2020-10-08,0.6690972,,51.55829583333334,18.800075,2,2019
2020-10-09,0.36629057,,16.072599999999998,18.800075,2,2019
2020-10-10,0.61862946,,8.118379166666667,18.800075,2,2019
2020-10-11,0.92531824,,8.752454166666666,18.800075,2,2019
2020-10-12,1.862854,,9.0012125,18.800075,2,2019
2020-10-13,1.4202907,,9.275408333333331,18.800075,2,2019
2020-10-14,2.4548805,,10.472070833333332,18.800075,2,2019
2020-10-15,2.0006707,,9.442725,18.800075,2,2019
2020-10-16,3.0391426,,8.852433333333332,18.800075,2,2019
2020-10-17,2.7887442,,6.738333333333333,18.800075,2,2019
2020-10-18,3.1264908,,10.321054166666666,18.800075,2,2019
2020-10-19,1.8026814,,7.973216666666667,18.800075,2,2019
2020-10-20,3.250719,,24.13982916666667,18.800075,2,2019
2020-10-21,1.9113815,,26.058533333333333,18.800075,2,2019
2020-10-22,0.9156125,,39.15674166666667,18.800075,2,2019
2020-10-23,0.8554399,,40.62130416666667,18.800075,2,2019
2020-10-24,0.8205004,,101.209,18.800075,2,2019
2020-10-25,0.69627213,,42.464620833333335,18.800075,2,2019
2020-10-26,0.36240864,,54.304575,18.800075,2,2019
2020-10-27,0.72732925,,48.429275,18.800075,2,2019
2020-10-28,0.7059777,,52.51942916666667,18.800075,2,2019
2020-10-29,0.92337704,,47.2275875,18.800075,2,2019
2020-10-30,1.1330125,,43.144650000000006,18.800075,2,2019
2020-10-31,0.62639356,,78.17982916666666,18.800075,2,2019
2020-11-01,1.1388357,,47.45001666666667,18.800075,2,2019
2020-11-02,0.25370836,,108.11441666666668,18.800075,2,2019
2020-11-03,0.24788523,,56.313875,18.800075,2,2019
2020-11-04,1.2242432,,42.33535416666667,18.800075,2,2019
2020-11-05,1.0126662,,42.053133333333335,18.800075,2,2019
2020-11-06,0.08871746,,5.534370833333334,18.800075,2,2019
2020-11-07,1.761919,,6.054741666666668,18.800075,2,2019
2020-11-08,3.5651722,,5.722533333333334,18.800075,2,2019
2020-11-09,3.8757434,,6.795425000000001,18.800075,2,2019
2020-11-10,2.1908953,,44.14788333333333,18.800075,2,2019
2020-11-11,3.862156,,53.8067,18.800075,2,2019
2020-11-12,3.0488477,,45.85762916666667,18.800075,2,2019
2020-11-13,3.0119674,,41.6620125,18.800075,2,2019
2020-11-14,3.8524506,,52.191558333333326,18.800075,2,2019
2020-11-15,2.0705488,,46.5167625,18.800075,2,2019
2020-11-16,1.9346743,,47.696216666666665,18.800075,2,2019
2020-11-17,3.5399384,,26.14893333333333,18.800075,2,2019
2020-11-18,2.2491276,,37.143058333333336,18.800075,2,2019
2020-11-19,0.42258167,,46.94543333333333,18.800075,2,2019
2020-11-20,0.57786703,,4.9647,18.800075,2,2019
2020-11-21,0.6768613,,5.136316666666667,18.800075,2,2019
2020-11-22,0.9816091,,6.357304166666666,18.800075,2,2019
2020-11-23,1.1524239,,16.846520833333333,18.800075,2,2019
2020-11-24,2.1908953,,16.759129166666668,18.800075,2,2019
2020-11-25,-0.87017035,,76.55326666666666,18.800075,2,2019
2020-11-26,0.2440033,,6.256966666666667,18.800075,2,2019
2020-11-27,-0.19079614,,5.603516666666667,18.800075,2,2019
2020-11-28,-0.6430659,,19.001275,18.800075,2,2019
2020-11-29,-0.28396773,,5.088045833333333,18.800075,2,2019
2020-11-30,-0.74400115,,35.08947916666667,18.800075,2,2019
2020-12-01,-0.18497348,,12.564441666666667,18.800075,2,2019
2020-12-02,-0.45089984,,9.361708333333334,18.800075,2,2019
2020-12-03,-0.24708772,,31.97581666666667,18.800075,2,2019
2020-12-04,-0.8371725,,77.13603333333333,18.800075,2,2019
2020-12-05,-0.5693052,,32.6557375,18.800075,2,2019
2020-12-06,-0.033569813,,34.36783333333333,18.800075,2,2019
2020-12-07,0.6380398,,43.26474166666667,18.800075,2,2019
2020-12-08,0.016897917,,26.83785,18.800075,2,2019
2020-12-09,0.90590745,,10.375204166666666,18.800075,2,2019
2020-12-10,2.0278456,,21.9631,18.800075,2,2019
2020-12-11,0.52739954,,12.0248875,18.800075,2,2019
2020-12-12,0.16247797,,19.801783333333333,18.800075,2,2019
2020-12-13,2.8023322,,36.29302499999999,18.800075,2,2019
2020-12-14,2.0200808,,20.2371875,18.800075,2,2019
2020-12-15,3.0488482,,4.4354125,18.800075,2,2019
2019-12-17,6.426844,,0.26325,-0.0731958333333334,4,2019
2019-12-18,7.009984,,-0.8368833333333333,-0.0731958333333334,4,2019
2019-12-19,6.7508106,,-4.884420833333333,-0.0731958333333334,4,2019
2019-12-20,5.957453,,1.7036666666666669,-0.0731958333333334,4,2019
2019-12-21,5.8624234,,-1.5042875,-0.0731958333333334,4,2019
2019-12-22,5.59893,,-2.7822374999999995,-0.0731958333333334,4,2019
2019-12-23,5.2116103,,-2.216733333333333,-0.0731958333333334,4,2019
2019-12-24,4.9509974,,-2.487020833333333,-0.0731958333333334,4,2019
2019-12-25,4.429771,,2.80155,-0.0731958333333334,4,2019
2019-12-26,5.0359488,,0.388325,-0.0731958333333334,4,2019
2019-12-27,4.680305,,0.833675,-0.0731958333333334,4,2019
2019-12-28,4.5535984,,-2.4112291666666668,-0.0731958333333334,4,2019
2019-12-29,4.3462596,,-0.4462291666666666,-0.0731958333333334,4,2019
2019-12-30,4.1360416,,6.352429166666667,-0.0731958333333334,4,2019
2019-12-31,4.022293,,8.1942125,-0.0731958333333334,4,2019
2020-01-01,4.82717,,5.395824999999999,-0.0731958333333334,4,2019
2020-01-02,4.943798,,0.6759958333333334,-0.0731958333333334,4,2019
2020-01-03,4.932279,,-4.043679166666666,-0.0731958333333334,4,2019
2020-01-04,4.992753,,-1.5319291666666668,-0.0731958333333334,4,2019
2020-01-05,5.0258694,,-0.7019291666666666,-0.0731958333333334,4,2019
2020-01-06,4.950997,,10.815391666666663,-0.0731958333333334,4,2019
2020-01-07,5.1396174,2.429134796416668,9.557766666666668,-0.0731958333333334,4,2019
2020-01-08,4.880445,5.687799774999999,5.667966666666666,-0.0731958333333334,4,2019
2020-01-09,4.9466777,-16.757794608375,-9.705466666666666,-0.0731958333333334,4,2019
2020-01-10,4.9106812,-15.484447346846157,-17.174570833333334,-0.0731958333333334,4,2019
2020-01-11,4.9855533,-52.411606847857136,-53.6136,-0.0731958333333334,4,2019
2020-01-12,5.011471,-52.56523696926667,-42.20889583333334,-0.0731958333333334,4,2019
2020-01-13,4.92652,-68.54842621131819,-59.37007916666667,-0.0731958333333334,4,2019
2020-01-14,5.057546,,-85.87115416666667,-0.0731958333333334,4,2019
2020-01-15,4.7249403,-92.33962001230768,-86.06290416666667,-0.0731958333333334,4,2019
2020-01-16,4.9581966,-15.503352671166668,-5.394333333333333,-0.0731958333333334,4,2019
2020-01-17,4.807012,-22.561441352600003,-22.5545375,-0.0731958333333334,4,2019
2020-01-18,4.6126323,9.502787400153847,5.903379166666666,-0.0731958333333334,4,2019
2020-01-19,4.681745,-6.991457440625001,-1.7030291666666668,-0.0731958333333334,4,2019
2020-01-20,4.585275,33.80071134188889,28.995941666666667,-0.0731958333333334,4,2019
2020-01-21,4.5046434,47.83192957842308,38.039975000000005,-0.0731958333333334,4,2019
2020-01-22,4.331861,,33.4820125,-0.0731958333333334,4,2019
2020-01-23,4.107245,21.596406392961537,24.81979583333333,-0.0731958333333334,4,2019
2020-01-24,4.2181125,14.651906445555555,14.104933333333332,-0.0731958333333334,4,2019
2020-01-25,4.34194,28.43237220065,22.795258333333337,-0.0731958333333334,4,2019
2020-01-26,4.678865,3.4192370096500007,8.111879166666666,-0.0731958333333334,4,2019
2020-01-27,4.6183915,9.601612445125,8.050075,-0.0731958333333334,4,2019
2020-01-28,4.766696,-16.066336311142855,-6.510533333333334,-0.0731958333333334,4,2019
2020-01-29,4.703343,4.27595673667647,4.3253875,-0.0731958333333334,4,2019
2020-01-30,4.755177,,1.9706,-0.0731958333333334,4,2019
2020-01-31,4.8084517,-31.18064366045455,-19.398429166666663,-0.0731958333333334,4,2019
2020-02-01,4.9236403,26.67131279629167,22.9361375,-0.0731958333333334,4,2019
2020-02-02,4.8847637,9.068811824884616,10.545120833333334,-0.0731958333333334,4,2019
2020-02-03,4.9985123,5.27887082845,10.111370833333334,-0.0731958333333334,4,2019
2020-02-04,5.014351,11.450156112115383,11.1494625,-0.0731958333333334,4,2019
2020-02-05,4.9150004,,12.756995833333336,-0.0731958333333334,4,2019
2020-02-06,5.1612153,11.017939175411763,11.048879166666666,-0.0731958333333334,4,2019
2020-02-07,5.038828,10.83095924045,11.005054166666667,-0.0731958333333334,4,2019
2020-02-08,5.361355,-3.29362464553125,15.600112500000002,-0.0731958333333334,4,2019
2020-02-09,5.318159,,138.07789166666666,-0.0731958333333334,4,2019
2020-02-10,5.630607,25.842026695125,27.50354583333333,-0.0731958333333334,4,2019
2020-02-11,5.5010204,-26.098962840187504,5.644479166666666,-0.0731958333333334,4,2019
2020-02-12,5.110821,,20.855195833333333,-0.0731958333333334,4,2019
2020-02-13,5.201531,,50.080975,-0.0731958333333334,4,2019
2020-02-14,5.0330687,,24.373495833333333,-0.0731958333333334,4,2019
2020-02-15,5.3023205,,52.06310833333333,-0.0731958333333334,4,2019
2020-02-16,5.521178,9.749332714,46.82380416666666,-0.0731958333333334,4,2019
2020-02-17,5.5629344,76.55418471444445,51.51779166666666,-0.0731958333333334,4,2019
2020-02-18,5.274964,36.79269255015385,41.49742916666667,-0.0731958333333334,4,2019
2020-02-19,4.722061,29.156985410461537,28.650075,-0.0731958333333334,4,2019
2020-02-20,4.5679965,36.57312871105,40.4547375,-0.0731958333333334,4,2019
2020-02-21,4.303064,30.99027947911111,27.255358333333334,-0.0731958333333334,4,2019
2020-02-22,4.572316,,44.37647916666666,-0.0731958333333334,4,2019
2020-02-23,4.488805,,80.6667125,-0.0731958333333334,4,2019
2020-02-24,4.290106,,55.97296666666667,-0.0731958333333334,4,2019
2020-02-25,4.2325115,,40.41728333333334,-0.0731958333333334,4,2019
2020-02-26,4.1360407,29.8224710385,29.238529166666662,-0.0731958333333334,4,2019
2020-02-27,4.066929,,28.566291666666668,-0.0731958333333334,4,2019
2020-02-28,4.6169515,,66.08891666666666,-0.0731958333333334,4,2019
2020-02-29,5.079144,,33.95290833333333,-0.0731958333333334,4,2019
2020-03-01,4.7753353,,39.73897916666667,-0.0731958333333334,4,2019
2020-03-02,4.7724557,,20.13660833333333,-0.0731958333333334,4,2019
2020-03-03,4.863166,,22.08021666666667,-0.0731958333333334,4,2019
2020-03-04,4.6774254,,36.612633333333335,-0.0731958333333334,4,2019
2020-03-05,4.8502073,,35.772595833333334,-0.0731958333333334,4,2019
2020-03-06,5.4131894,,24.06545,-0.0731958333333334,4,2019
2020-03-07,5.8638625,,20.153891666666667,-0.0731958333333334,4,2019
2020-03-08,6.3174157,,19.587566666666667,-0.0731958333333334,4,2019
2020-03-09,6.1115165,,33.1434875,-0.0731958333333334,4,2019
2020-03-10,6.497397,,48.00150416666667,-0.0731958333333334,4,2019
2020-03-11,6.5852284,30.61037695261111,40.5643625,-0.0731958333333334,4,2019
2020-03-12,6.434044,23.726522080615386,28.4654125,-0.0731958333333334,4,2019
2020-03-13,5.996329,,24.5271625,-0.0731958333333334,4,2019
2020-03-14,6.2339044,,19.6335875,-0.0731958333333334,4,2019
2020-03-15,6.3145356,,32.9270125,-0.0731958333333334,4,2019
2020-03-16,6.4369235,3.892247985833333,17.900129166666666,-0.0731958333333334,4,2019
2020-03-17,6.727773,2.627786214416667,14.664683333333334,-0.0731958333333334,4,2019
2020-03-18,6.782488,4.914951222458334,8.540433333333333,-0.0731958333333334,4,2019
2020-03-19,6.282859,,17.77559583333333,-0.0731958333333334,4,2019
2020-03-20,6.2439833,,41.01625,-0.0731958333333334,4,2019
2020-03-21,6.2814198,,12.012108333333332,-0.0731958333333334,4,2019
2020-03-22,6.357732,,25.232579166666667,-0.0731958333333334,4,2019
2020-03-23,6.160472,,20.0829,-0.0731958333333334,4,2019
2020-03-24,6.092799,,22.70657083333333,-0.0731958333333334,4,2019
2020-03-25,6.1475134,,29.368354166666663,-0.0731958333333334,4,2019
2020-03-26,6.0625625,,58.68697916666667,-0.0731958333333334,4,2019
2020-03-27,5.7011595,7.867977830944444,21.157654166666667,-0.0731958333333334,4,2019
2020-03-28,5.492381,27.29627450916667,24.184700000000003,-0.0731958333333334,4,2019
2020-03-29,5.447746,8.29516673815,11.801904166666668,-0.0731958333333334,4,2019
2020-03-30,5.31384,10.597541745625,16.0219125,-0.0731958333333334,4,2019
2020-03-31,5.110821,27.1302043455,23.41242083333333,-0.0731958333333334,4,2019
2020-04-01,5.528377,0.7565425832142854,7.208495833333333,-0.0731958333333334,4,2019
2020-04-02,5.8465843,5.812600921321429,5.656083333333334,-0.0731958333333334,4,2019
2020-04-03,5.6162086,-22.3712646836,-9.570275,-0.0731958333333334,4,2019
2020-04-04,5.50678,0.872027684769231,4.357383333333334,-0.0731958333333334,4,2019
2020-04-05,7.303714,-25.401420579142854,-11.35845,-0.0731958333333334,4,2019
2020-04-06,7.0632586,-5.112911658533333,-0.8898041666666666,-0.0731958333333334,4,2019
2020-04-07,7.1050143,18.94311958616667,22.169370833333332,-0.0731958333333334,4,2019
2020-04-08,7.4203415,25.33220508838461,22.42340833333333,-0.0731958333333334,4,2019
2020-04-09,7.5801654,20.738830833576927,22.191066666666668,-0.0731958333333334,4,2019
2020-04-10,7.6363196,43.61374464193333,37.39790833333333,-0.0731958333333334,4,2019
2020-04-11,11.037246,75.96968065712501,136.6470625,-0.0731958333333334,4,2019
2020-04-12,10.626888,33.432265303437504,80.81063333333334,-0.0731958333333334,4,2019
2020-04-13,9.858007,62.54289071716667,87.625275,-0.0731958333333334,4,2019
2020-04-14,9.315185,48.83874939535294,62.287929166666665,-0.0731958333333334,4,2019
2020-04-15,9.680906,385.2041179207308,228.3841,-0.0731958333333334,4,2019
2020-04-16,10.376355,39.56488630873077,67.34700416666666,-0.0731958333333334,4,2019
2020-04-17,9.117925,,122.28049583333332,-0.0731958333333334,4,2019
2020-04-18,9.184157,36.90415002686667,36.69166666666667,-0.0731958333333334,4,2019
2020-04-19,9.693866,9.087180063153845,29.311691666666665,-0.0731958333333334,4,2019
2020-04-20,9.428932,63.46314542672728,58.4156125,-0.0731958333333334,4,2019
2020-04-21,9.086248,155.489617579,114.94125,-0.0731958333333334,4,2019
2020-04-22,9.3626995,25.500028551,56.6735875,-0.0731958333333334,4,2019
2020-04-23,9.356941,,90.409025,-0.0731958333333334,4,2019
2020-04-24,9.16832,,72.06334583333333,-0.0731958333333334,4,2019
2020-04-25,8.736365,,61.13270416666666,-0.0731958333333334,4,2019
2020-04-26,9.142403,,95.19221666666664,-0.0731958333333334,4,2019
2020-04-27,9.133764,,105.24277916666666,-0.0731958333333334,4,2019
2020-04-28,8.825636,,71.8033875,-0.0731958333333334,4,2019
2020-04-29,9.07617,,71.6120125,-0.0731958333333334,4,2019
2020-04-30,9.647791,58.8090129775,60.950941666666665,-0.0731958333333334,4,2019
2020-05-01,9.928561,107.10101740357142,86.2431625,-0.0731958333333334,4,2019
2020-05-02,9.84793,19.3865088145,56.589400000000005,-0.0731958333333334,4,2019
2020-05-03,9.626193,65.98167108286364,85.81407916666666,-0.0731958333333334,4,2019
2020-05-04,10.191335,13.179566782555556,51.46094583333333,-0.0731958333333334,4,2019
2020-05-05,9.3886175,320.7563657801667,217.03885,-0.0731958333333334,4,2019
2020-05-06,9.591636,32.64253231859091,49.61388333333333,-0.0731958333333334,4,2019
2020-05-07,10.189894,128.43239496483332,116.59778333333333,-0.0731958333333334,4,2019
2020-05-08,10.810471,85.49931281783331,104.01994166666668,-0.0731958333333334,4,2019
2020-05-09,11.508078,269.2543266358333,153.50691666666668,-0.0731958333333334,4,2019
2020-05-10,10.099903,184.71951787033333,112.7607625,-0.0731958333333334,4,2019
2020-05-11,9.205756,145.8249321158125,141.25797083333333,-0.0731958333333334,4,2019
2020-05-12,9.184158,52.73563122207692,50.857425000000006,-0.0731958333333334,4,2019
2020-05-13,9.102087,177.536867586,149.41605,-0.0731958333333334,4,2019
2020-05-14,9.400136,92.81704181542308,103.37480416666666,-0.0731958333333334,4,2019
2020-05-15,10.088385,7.353284976153846,52.02237083333333,-0.0731958333333334,4,2019
2020-05-16,10.8817425,37.51819238480555,45.1735625,-0.0731958333333334,4,2019
2020-05-17,11.927074,59.93255557909375,53.66506666666667,-0.0731958333333334,4,2019
2020-05-18,13.042238,62.613923008307694,49.9334375,-0.0731958333333334,4,2019
2020-05-19,12.721871,139.05872451768184,80.8510625,-0.0731958333333334,4,2019
2020-05-20,15.06091,,82.50565,-0.0731958333333334,4,2019
2020-05-21,15.84383,,52.69244166666667,-0.0731958333333334,4,2019
2020-05-22,14.841693,66.48258811432352,68.85349583333333,-0.0731958333333334,4,2019
2020-05-23,14.441053,60.924586189416665,58.88559583333333,-0.0731958333333334,4,2019
2020-05-24,16.664543,91.1875145495,60.2293625,-0.0731958333333334,4,2019
2020-05-25,17.77809,,67.46700416666667,-0.0731958333333334,4,2019
2020-05-26,20.493559,150.09725514250002,82.1812375,-0.0731958333333334,4,2019
2020-05-27,24.208914,18.34537801790909,42.54166666666666,-0.0731958333333334,4,2019
2020-05-28,29.535551,80.73876795657144,79.64724583333334,-0.0731958333333334,4,2019
2020-05-29,30.137949,160.78180680039284,136.49436666666665,-0.0731958333333334,4,2019
2020-05-30,33.129417,55.48224250583333,84.80811250000001,-0.0731958333333334,4,2019
2020-05-31,34.88874,57.68781171207143,58.57983333333333,-0.0731958333333334,4,2019
2020-06-01,36.175762,,70.36195,-0.0731958333333334,4,2019
2020-06-02,35.5112,,96.2817,-0.0731958333333334,4,2019
2020-06-03,26.691935,,161.24295833333335,-0.0731958333333334,4,2019
2020-06-04,26.22115,,110.50439166666666,-0.0731958333333334,4,2019
2020-06-05,28.08823,21.8843331375,75.3631125,-0.0731958333333334,4,2019
2020-06-06,23.04241,,82.317625,-0.0731958333333334,4,2019
2020-06-07,27.231525,,99.5422375,-0.0731958333333334,4,2019
2020-06-08,27.959093,379.4312828888889,215.72423333333333,-0.0731958333333334,4,2019
2020-06-09,25.013523,133.16208507480002,106.30680416666668,-0.0731958333333334,4,2019
2020-06-10,19.58411,,68.88167916666667,-0.0731958333333334,4,2019
2020-06-11,20.900948,175.34931720000003,136.57459166666666,-0.0731958333333334,4,2019
2020-06-12,23.116652,,95.91653333333332,-0.0731958333333334,4,2019
2020-06-13,22.841505,,91.8823625,-0.0731958333333334,4,2019
2020-06-14,24.000402,35.73665628344444,65.53108333333334,-0.0731958333333334,4,2019
2020-06-15,21.406513,98.9400123302,97.716575,-0.0731958333333334,4,2019
2020-06-16,22.468493,,80.40559583333334,-0.0731958333333334,4,2019
2020-06-17,21.306622,,109.14599166666666,-0.0731958333333334,4,2019
2020-06-18,19.599861,,89.52510416666667,-0.0731958333333334,4,2019
2020-06-19,17.271801,49.524716196545455,60.75566666666666,-0.0731958333333334,4,2019
2020-06-20,20.80713,54.490384867625,71.02617500000001,-0.0731958333333334,4,2019
2020-06-21,18.816402,87.06330950949999,73.86739583333333,-0.0731958333333334,4,2019
2020-06-22,20.338999,69.58424525343334,62.09249583333333,-0.0731958333333334,4,2019
2020-06-23,24.819881,39.01199711514285,117.52577916666668,-0.0731958333333334,4,2019
2020-06-24,31.0959,68.09508736441667,100.09022916666667,-0.0731958333333334,4,2019
2020-06-25,34.606167,83.97033044928571,168.79127499999998,-0.0731958333333334,4,2019
2020-06-26,27.12083,57.668655525590914,79.77698333333333,-0.0731958333333334,4,2019
2020-06-27,23.36066,5.936853275333334,49.73295,-0.0731958333333334,4,2019
2020-06-28,25.273773,14.629490229799998,48.38800416666667,-0.0731958333333334,4,2019
2020-06-29,24.699677,50.51591917458824,53.02098333333333,-0.0731958333333334,4,2019
2020-06-30,26.086052,72.2917237465625,54.815041666666666,-0.0731958333333334,4,2019
2020-07-01,31.408302,120.961725817,103.67887083333332,-0.0731958333333334,4,2019
2020-07-02,28.857088,104.63286985375,78.99764583333334,-0.0731958333333334,4,2019
2020-07-03,31.77182,,49.95921666666666,-0.0731958333333334,4,2019
2020-07-04,38.714783,,98.3929125,-0.0731958333333334,4,2019
2020-07-05,37.302288,144.52502227272728,208.14316666666664,-0.0731958333333334,4,2019
2020-07-06,17.36053,34.535561277777774,66.16308333333333,-0.0731958333333334,4,2019
2020-07-07,16.70072,,46.39195833333333,-0.0731958333333334,4,2019
2020-07-08,18.191944,,32.15179166666667,-0.0731958333333334,4,2019
2020-07-09,20.797188,,35.0481375,-0.0731958333333334,4,2019
2020-07-10,18.668728,33.752796363636364,30.500958333333333,-0.0731958333333334,4,2019
2020-07-11,19.921082,4.042284062500001,9.031754166666667,-0.0731958333333334,4,2019
2020-07-12,19.858315,6.37280625,22.972104166666668,-0.0731958333333334,4,2019
2020-07-13,23.134604,-19.5957298125,10.280258333333334,-0.0731958333333334,4,2019
2020-07-14,19.06887,,14.759341666666666,-0.0731958333333334,4,2019
2020-07-15,6.000649,,13.399316666666666,-0.0731958333333334,4,2019
2020-07-16,6.975427,-13.7587515,0.4712958333333332,-0.0731958333333334,4,2019
2020-07-17,7.0128636,5.669362,11.901583333333331,-0.0731958333333334,4,2019
2020-07-18,6.8040857,14.712335681818182,17.982195833333332,-0.0731958333333334,4,2019
2020-07-19,6.3332543,19.025801,23.935829166666668,-0.0731958333333334,4,2019
2020-07-20,5.672363,0.0114688461538462,2.2919416666666668,-0.0731958333333334,4,2019
2020-07-21,5.4506254,-3.319900045454546,4.9429375,-0.0731958333333334,4,2019
2020-07-22,5.6046896,-0.4029235272727269,52.79662916666667,-0.0731958333333334,4,2019
2020-07-23,5.0301895,2.38798375,28.187808333333333,-0.0731958333333334,4,2019
2020-07-24,5.171294,10.449884166666664,13.535625,-0.0731958333333334,4,2019
2020-07-25,5.1640954,18.681089375,17.020954166666666,-0.0731958333333334,4,2019
2020-07-26,4.7494183,5.8175575,13.748554166666668,-0.0731958333333334,4,2019
2020-07-27,4.7969327,7.020639999999999,11.137625,-0.0731958333333334,4,2019
2020-07-28,5.3800726,20.261367222222223,19.319666666666667,-0.0731958333333334,4,2019
2020-07-29,4.1691585,3.0606575,6.401441666666667,-0.0731958333333334,4,2019
2020-07-30,4.317463,-10.174775,5.213716666666667,-0.0731958333333334,4,2019
2020-07-31,4.870366,32.672885,20.363312500000003,-0.0731958333333334,4,2019
2020-08-01,4.4729667,27.088425,22.4288625,-0.0731958333333334,4,2019
2020-08-02,4.582395,,14.25535,-0.0731958333333334,4,2019
2020-08-03,4.4384103,10.8247739,10.181783333333334,-0.0731958333333334,4,2019
2020-08-04,4.3736167,-32.8488125,13.052920833333332,-0.0731958333333334,4,2019
2020-08-05,4.398094,-40.06557333333333,-15.135554166666669,-0.0731958333333334,4,2019
2020-08-06,4.413933,36.90898357142857,23.4184875,-0.0731958333333334,4,2019
2020-08-07,4.6371093,24.597574166666664,20.95228333333333,-0.0731958333333334,4,2019
2020-08-08,4.9293995,25.095164428571422,20.682033333333333,-0.0731958333333334,4,2019
2020-08-09,4.8343697,,21.396825000000003,-0.0731958333333334,4,2019
2020-08-10,4.703343,,14.083441666666667,-0.0731958333333334,4,2019
2020-08-11,5.2072906,16.5295875,34.66257916666667,-0.0731958333333334,4,2019
2020-08-12,5.395911,-1.1541066666666664,10.743683333333337,-0.0731958333333334,4,2019
2020-08-13,6.5953074,,35.66537916666667,-0.0731958333333334,4,2019
2020-08-14,6.5204344,,30.8219375,-0.0731958333333334,4,2019
2020-08-15,6.47292,,28.1197375,-0.0731958333333334,4,2019
2020-08-16,6.9667883,,14.6391,-0.0731958333333334,4,2019
2020-08-17,5.8811407,,26.91690416666667,-0.0731958333333334,4,2019
2020-08-18,6.8429613,,14.3084125,-0.0731958333333334,4,2019
2020-08-19,6.920713,,19.756083333333333,-0.0731958333333334,4,2019
2020-08-20,7.015743,,11.458629166666666,-0.0731958333333334,4,2019
2020-08-21,7.3080335,,30.770679166666667,-0.0731958333333334,4,2019
2020-08-22,7.774545,,6.713183333333333,-0.0731958333333334,4,2019
2020-08-23,7.4923344,,11.9260875,-0.0731958333333334,4,2019
2020-08-24,8.033718,,17.414675,-0.0731958333333334,4,2019
2020-08-25,8.439755,,7.782254166666667,-0.0731958333333334,4,2019
2020-08-26,8.081233,,17.169900000000002,-0.0731958333333334,4,2019
2020-08-27,7.1222925,,22.1382375,-0.0731958333333334,4,2019
2020-08-28,7.611841,,20.33595,-0.0731958333333334,4,2019
2020-08-29,8.169064,-3.706064375,8.531716666666666,-0.0731958333333334,4,2019
2020-08-30,9.307986,-10.613627714285714,2.182833333333333,-0.0731958333333334,4,2019
2020-08-31,9.390058,7.9000965625,24.2102625,-0.0731958333333334,4,2019
2020-09-01,8.124429,5.491506571428571,40.593958333333326,-0.0731958333333334,4,2019
2020-09-02,7.33827,-3.5447473,11.836558333333334,-0.0731958333333334,4,2019
2020-09-03,7.197164,1.7176550625,2.1719958333333333,-0.0731958333333334,4,2019
2020-09-04,6.873198,-1.5070719464285711,-0.1894791666666666,-0.0731958333333334,4,2019
2020-09-05,6.746491,3.5736476,2.1236083333333333,-0.0731958333333334,4,2019
2020-09-06,6.363491,-5.156393719230769,-3.3943666666666665,-0.0731958333333334,4,2019
2020-09-07,6.110077,-6.460768375000001,-3.1034,-0.0731958333333334,4,2019
2020-09-08,6.8357625,9.623049383333331,7.612579166666666,-0.0731958333333334,4,2019
2020-09-09,6.0395246,6.3955815000000005,4.8764666666666665,-0.0731958333333334,4,2019
2020-09-10,6.151833,10.806098590909093,17.342933333333335,-0.0731958333333334,4,2019
2020-09-11,5.633487,-1.0713063636363638,-1.4971250000000005,-0.0731958333333334,4,2019
2020-09-12,6.428284,-5.20419525,-2.152283333333333,-0.0731958333333334,4,2019
2020-09-13,6.680258,,53.597075,-0.0731958333333334,4,2019
2020-09-14,13.950064,27.49452888888889,30.83040833333333,-0.0731958333333334,4,2019
2020-09-15,12.662119,,53.90896666666666,-0.0731958333333334,4,2019
2020-09-16,14.248114,,29.800129166666665,-0.0731958333333334,4,2019
2020-09-17,14.081812,,20.267658333333333,-0.0731958333333334,4,2019
2020-09-18,12.507334,,28.52433333333333,-0.0731958333333334,4,2019
2020-09-19,13.074635,,23.853229166666665,-0.0731958333333334,4,2019
2020-09-20,13.432438,,23.8265625,-0.0731958333333334,4,2019
2020-09-21,5.655084,,39.48826666666667,-0.0731958333333334,4,2019
2020-09-22,4.8430085,-1.102201285,29.905145833333336,-0.0731958333333334,4,2019
2020-09-23,4.7206206,0.7128916500000001,0.8622833333333334,-0.0731958333333334,4,2019
2020-09-24,4.6630273,-1.7528719166666669,-2.336491666666667,-0.0731958333333334,4,2019
2020-09-25,4.8329296,-27.75369392857143,-15.971195833333333,-0.0731958333333334,4,2019
2020-09-26,4.7566175,0.1323963076923074,-2.235675,-0.0731958333333334,4,2019
2020-09-27,5.061866,-13.583600785714284,-7.865945833333334,-0.0731958333333334,4,2019
2020-09-28,5.207291,21.816974375,9.518241666666666,-0.0731958333333334,4,2019
2020-09-29,5.2807236,1.4516668214285713,2.563079166666667,-0.0731958333333334,4,2019
2020-09-30,4.9682755,-12.767653183333334,-0.310420833333334,-0.0731958333333334,4,2019
2020-10-01,4.834369,39.79916075,36.771704166666666,-0.0731958333333334,4,2019
2020-10-02,4.6385493,,20.283583333333333,-0.0731958333333334,4,2019
2020-10-03,4.63279,2.7512266625000006,19.1808625,-0.0731958333333334,4,2019
2020-10-04,4.8084517,23.10071888888889,52.88719583333333,-0.0731958333333334,4,2019
2020-10-05,4.876125,,47.60187083333333,-0.0731958333333334,4,2019
2020-10-06,5.0244293,,15.588108333333333,-0.0731958333333334,4,2019
2020-10-07,4.779655,6.0546,4.1075125,-0.0731958333333334,4,2019
2020-10-08,5.011471,4.584665666666666,34.49713333333333,-0.0731958333333334,4,2019
2020-10-09,9.83497,44.51582423076923,37.98942916666667,-0.0731958333333334,4,2019
2020-10-10,10.504501,46.53982912,43.68784583333333,-0.0731958333333334,4,2019
2020-10-11,10.397953,68.69773758333334,49.33093333333333,-0.0731958333333334,4,2019
2020-10-12,10.507381,220.86104,143.37663333333333,-0.0731958333333334,4,2019
2020-10-13,10.503061,,43.17514166666667,-0.0731958333333334,4,2019
2020-10-14,11.035087,73.10149227272727,66.5202375,-0.0731958333333334,4,2019
2020-10-15,10.81263,,38.854079166666665,-0.0731958333333334,4,2019
2020-10-16,10.667206,367.73482235,142.29285,-0.0731958333333334,4,2019
2020-10-17,10.824149,,34.9885375,-0.0731958333333334,4,2019
2020-10-18,10.654245,,83.0149625,-0.0731958333333334,4,2019
2020-10-19,10.9062195,,33.5272375,-0.0731958333333334,4,2019
2020-10-20,11.613187,,26.664370833333333,-0.0731958333333334,4,2019
2020-10-21,10.03367,,51.054766666666666,-0.0731958333333334,4,2019
2020-10-22,9.889686,28.845667142857145,46.67324583333333,-0.0731958333333334,4,2019
2020-10-23,9.83353,5.4604550000000005,16.382983333333332,-0.0731958333333334,4,2019
2020-10-24,9.878166,,10.992504166666668,-0.0731958333333334,4,2019
2020-10-25,9.567159,-23.9795575,4.229337500000001,-0.0731958333333334,4,2019
2020-10-26,9.925682,,14.774370833333334,-0.0731958333333334,4,2019
2020-10-27,10.003433,-3.5104444444444445,9.342970833333334,-0.0731958333333334,4,2019
2020-10-28,9.728422,1.94240285,15.450275,-0.0731958333333334,4,2019
2020-10-29,10.338919,,27.01719583333333,-0.0731958333333334,4,2019
2020-10-30,10.696001,,23.3442375,-0.0731958333333334,4,2019
2020-10-31,10.786713,20.798869916666664,37.849245833333335,-0.0731958333333334,4,2019
2020-11-01,11.907637,,37.0315875,-0.0731958333333334,4,2019
2020-11-02,12.073219,59.38696544444445,61.85845833333334,-0.0731958333333334,4,2019
2020-11-03,4.7537374,,28.452179166666667,-0.0731958333333334,4,2019
2020-11-04,8.091311,,9.891516666666666,-0.0731958333333334,4,2019
2020-11-05,9.184158,32.729344999999995,22.655525,-0.0731958333333334,4,2019
2020-11-06,9.410215,8.004663749999999,16.116933333333332,-0.0731958333333334,4,2019
2020-11-07,10.497303,29.290539545454543,26.3648625,-0.0731958333333334,4,2019
2020-11-08,5.449186,3.412760833333333,8.780366666666668,-0.0731958333333334,4,2019
2020-11-09,5.4923806,13.12666,12.661429166666666,-0.0731958333333334,4,2019
2020-11-10,5.709799,13.244176333333334,13.0263375,-0.0731958333333334,4,2019
2020-11-11,5.6694827,6.320864499999999,12.292454166666667,-0.0731958333333334,4,2019
2020-11-12,5.856663,0.6251126153846156,5.881799999999999,-0.0731958333333334,4,2019
2020-11-13,5.7472343,12.822095833333334,11.548266666666668,-0.0731958333333334,4,2019
2020-11-14,5.493821,18.884523571428577,18.1144,-0.0731958333333334,4,2019
2020-11-15,5.7213173,16.956580454545453,18.69775,-0.0731958333333334,4,2019
2020-11-16,5.8998594,17.0500955,18.690125,-0.0731958333333334,4,2019
2020-11-17,5.89266,20.884034,21.85065,-0.0731958333333334,4,2019
2020-11-18,6.0568027,37.459942222222224,26.747266666666665,-0.0731958333333334,4,2019
2020-11-19,6.269901,27.827771470588235,27.18404583333333,-0.0731958333333334,4,2019
2020-11-20,6.068321,23.520836083333336,23.72005833333333,-0.0731958333333334,4,2019
2020-11-21,5.901299,24.16815928571429,25.041279166666666,-0.0731958333333334,4,2019
2020-11-22,5.8077083,10.994054166666666,16.157179166666666,-0.0731958333333334,4,2019
2020-11-23,5.714118,16.8434575,16.1789875,-0.0731958333333334,4,2019
2020-11-24,5.3426366,,21.777116666666668,-0.0731958333333334,4,2019
2020-11-25,5.3440766,,31.69504166666667,-0.0731958333333334,4,2019
2020-11-26,5.0820236,22.66983833333333,19.415491666666664,-0.0731958333333334,4,2019
2020-11-27,4.670226,16.86724076923077,17.497975,-0.0731958333333334,4,2019
2020-11-28,4.4139323,,23.08044166666667,-0.0731958333333334,4,2019
2020-11-29,4.2382708,-5.131623124999999,4.165616666666666,-0.0731958333333334,4,2019
2020-11-30,4.184996,6.754219444444445,8.644183333333334,-0.0731958333333334,4,2019
2020-12-01,4.0698085,8.797041,9.707741666666664,-0.0731958333333334,4,2019
2020-12-02,4.1043644,11.876756666666669,11.661883333333334,-0.0731958333333334,4,2019
2020-12-03,4.2656283,19.194263333333332,15.3886875,-0.0731958333333334,4,2019
2020-12-04,4.333301,19.76376833333333,18.40712083333333,-0.0731958333333334,4,2019
2020-12-05,4.0021358,6.869573307692307,8.030658333333333,-0.0731958333333334,4,2019
2020-12-06,4.010774,7.220302571428571,7.093420833333333,-0.0731958333333334,4,2019
2020-12-07,3.7861574,7.821438636363635,8.235775,-0.0731958333333334,4,2019
2020-12-08,7.005665,23.805032727272728,25.5597375,-0.0731958333333334,4,2019
2020-12-09,7.0690174,20.502316666666665,21.96795416666667,-0.0731958333333334,4,2019
2020-12-10,7.3296313,22.327891,23.495104166666664,-0.0731958333333334,4,2019
2020-12-11,8.002041,10.38316388888889,15.497608333333332,-0.0731958333333334,4,2019
2020-12-12,8.20794,25.015588461538464,24.4184375,-0.0731958333333334,4,2019
2020-12-13,4.9553165,,23.7275625,-0.0731958333333334,4,2019
2020-12-14,5.02011,5.4693081875,7.074141666666667,-0.0731958333333334,4,2019
2020-12-15,5.0604258,11.746321323529411,11.9224375,-0.0731958333333334,4,2019
2019-12-17,-7.222593e-05,,43.95835833333334,9.369879166666664,9,2019
2019-12-18,-0.00011636317,,22.7317,9.369879166666664,9,2019
2019-12-19,1.6018748e-05,,11.574095833333333,9.369879166666664,9,2019
2019-12-20,-0.000159055,,9.879075,9.369879166666664,9,2019
2019-12-21,-0.000110313296,,9.062258333333334,9.369879166666664,9,2019
2019-12-22,-0.000290066,,10.419483333333334,9.369879166666664,9,2019
2019-12-23,-3.5122037e-05,,11.42145,9.369879166666664,9,2019
2019-12-24,-8.186698e-05,,13.208408333333333,9.369879166666664,9,2019
2019-12-25,-0.00016292185,,11.710020833333331,9.369879166666664,9,2019
2019-12-26,-0.0002599135,,15.089691666666669,9.369879166666664,9,2019
2019-12-27,-0.0002950728,,16.512420833333334,9.369879166666664,9,2019
2019-12-28,-0.00017339736,,14.7958875,9.369879166666664,9,2019
2019-12-29,2.8014183e-06,,12.635054166666668,9.369879166666664,9,2019
2019-12-30,-0.00014449656,,19.444975,9.369879166666664,9,2019
2019-12-31,-0.000255391,,18.741104166666663,9.369879166666664,9,2019
2020-01-01,-0.00010487437,,19.093654166666667,9.369879166666664,9,2019
2020-01-02,-9.6708536e-05,,17.874379166666667,9.369879166666664,9,2019
2020-01-03,6.2562525e-05,,14.535283333333334,9.369879166666664,9,2019
2020-01-04,7.599592e-06,,12.426433333333334,9.369879166666664,9,2019
2020-01-05,-0.0001257211,,10.044220833333332,9.369879166666664,9,2019
2020-01-06,-0.0003376007,,33.51025,9.369879166666664,9,2019
2020-01-07,-7.4237585e-05,,13.596591666666669,9.369879166666664,9,2019
2020-01-08,-0.00018329173,,33.3738875,9.369879166666664,9,2019
2020-01-09,-0.00022802502,,20.84444583333333,9.369879166666664,9,2019
2020-01-10,0.00021389127,,12.505754166666668,9.369879166666664,9,2019
2020-01-11,8.505583e-05,,21.157229166666667,9.369879166666664,9,2019
2020-01-12,-8.183718e-05,,48.914925,9.369879166666664,9,2019
2020-01-13,0.00017356873,,39.81966666666667,9.369879166666664,9,2019
2020-01-14,1.6957521e-05,,28.66150833333333,9.369879166666664,9,2019
2020-01-15,0.000341326,,14.998354166666669,9.369879166666664,9,2019
2020-01-16,0.00017777085,,10.40235,9.369879166666664,9,2019
2020-01-17,0.0005331859,,9.485308333333334,9.369879166666664,9,2019
2020-01-18,0.0004996136,,14.968558333333334,9.369879166666664,9,2019
2020-01-19,0.00037881732,,16.542270833333333,9.369879166666664,9,2019
2020-01-20,0.00039044023,,16.787054166666667,9.369879166666664,9,2019
2020-01-21,0.0003322065,,17.01642083333333,9.369879166666664,9,2019
2020-01-22,0.00022292137,,17.071145833333333,9.369879166666664,9,2019
2020-01-23,0.00024735928,,14.303616666666665,9.369879166666664,9,2019
2020-01-24,0.00015237927,,13.966904166666666,9.369879166666664,9,2019
2020-01-25,7.6293945e-05,,12.466808333333333,9.369879166666664,9,2019
2020-01-26,-0.00011141598,,8.001645833333333,9.369879166666664,9,2019
2020-01-27,-6.8336725e-05,,11.669345833333333,9.369879166666664,9,2019
2020-01-28,-2.8312206e-05,,14.296795833333334,9.369879166666664,9,2019
2020-01-29,-3.1866133e-05,,9.764504166666669,9.369879166666664,9,2019
2020-01-30,-0.00012528151,,7.769537499999999,9.369879166666664,9,2019
2020-01-31,3.732741e-05,,7.5683625,9.369879166666664,9,2019
2020-02-01,-0.00023983419,,15.595295833333331,9.369879166666664,9,2019
2020-02-02,-0.00037178397,,20.503916666666665,9.369879166666664,9,2019
2020-02-03,-0.00034724176,,24.478854166666665,9.369879166666664,9,2019
2020-02-04,-5.6296587e-05,,47.853254166666666,9.369879166666664,9,2019
2020-02-05,7.370114e-05,,18.59069583333333,9.369879166666664,9,2019
2020-02-06,-0.00014022738,,16.992208333333334,9.369879166666664,9,2019
2020-02-07,-0.00024287403,,17.824041666666666,9.369879166666664,9,2019
2020-02-08,-0.00018206239,,31.52299583333333,9.369879166666664,9,2019
2020-02-09,3.681332e-05,,198.5957375,9.369879166666664,9,2019
2020-02-10,0.00019907951,,41.6752375,9.369879166666664,9,2019
2020-02-11,0.0003177449,,41.92335416666666,9.369879166666664,9,2019
2020-02-12,-2.104044e-05,,20.444129166666663,9.369879166666664,9,2019
2020-02-13,4.723668e-06,6.612691575142857,19.610725,9.369879166666664,9,2019
2020-02-14,0.00016094744,10.5378970244,12.5336375,9.369879166666664,9,2019
2020-02-15,-1.5199184e-06,,91.99374166666666,9.369879166666664,9,2019
2020-02-16,0.00018495321,36.92079245928572,67.2208875,9.369879166666664,9,2019
2020-02-17,9.2700124e-05,50.552229085625,48.8359125,9.369879166666664,9,2019
2020-02-18,0.00010830164,,60.905458333333335,9.369879166666664,9,2019
2020-02-19,1.2747943e-05,38.7501565158125,33.2717875,9.369879166666664,9,2019
2020-02-20,0.00012783706,24.92823643357143,29.79778333333333,9.369879166666664,9,2019
2020-02-21,-1.5564263e-05,,28.629629166666664,9.369879166666664,9,2019
2020-02-22,2.0846725e-05,,19.895625,9.369879166666664,9,2019
2020-02-23,5.5983663e-05,,62.58510416666667,9.369879166666664,9,2019
2020-02-24,-0.0002464652,,53.22069583333334,9.369879166666664,9,2019
2020-02-25,-0.00010627508,,34.081154166666664,9.369879166666664,9,2019
2020-02-26,-0.00015243888,,22.519454166666662,9.369879166666664,9,2019
2020-02-27,-0.00022494048,,29.186954166666663,9.369879166666664,9,2019
2020-02-28,-0.00037251413,,49.73179166666667,9.369879166666664,9,2019
2020-02-29,-0.00048521906,,35.929116666666665,9.369879166666664,9,2019
2020-03-01,-0.00027021766,,23.586704166666667,9.369879166666664,9,2019
2020-03-02,-0.00017873198,,14.649004166666666,9.369879166666664,9,2019
2020-03-03,-0.00017932057,-5.120956722666667,9.600516666666666,9.369879166666664,9,2019
2020-03-04,-0.0001630634,,16.534495833333335,9.369879166666664,9,2019
2020-03-05,-1.2665987e-05,68.13008591925,41.54785416666667,9.369879166666664,9,2019
2020-03-06,-2.5041401e-05,13.998484806153844,17.211729166666668,9.369879166666664,9,2019
2020-03-07,-0.00023558736,24.69992013775,19.89184583333333,9.369879166666664,9,2019
2020-03-08,-0.0002975464,5.58134852085,12.533054166666666,9.369879166666664,9,2019
2020-03-09,-0.00020433962,13.243692270777778,19.946829166666667,9.369879166666664,9,2019
2020-03-10,-6.8992376e-06,,56.59504166666667,9.369879166666664,9,2019
2020-03-11,4.749e-05,-15.2248728324,2.5872833333333336,9.369879166666664,9,2019
2020-03-12,0.00012866408,11.0995245721875,17.928741666666667,9.369879166666664,9,2019
2020-03-13,5.863607e-05,21.33272313666667,16.914254166666666,9.369879166666664,9,2019
2020-03-14,5.082786e-05,17.155821541409093,13.0489875,9.369879166666664,9,2019
2020-03-15,7.878989e-05,,12.44165,9.369879166666664,9,2019
2020-03-16,0.00034540892,-6.92708572525,2.422166666666667,9.369879166666664,9,2019
2020-03-17,-0.00010794401,11.840308474111112,10.401779166666666,9.369879166666664,9,2019
2020-03-18,4.938245e-05,-11.631170621866666,-4.0119,9.369879166666664,9,2019
2020-03-19,0.00039426982,12.518710361999998,34.76161666666666,9.369879166666664,9,2019
2020-03-20,0.00040377676,-3.932100534,4.8029125,9.369879166666664,9,2019
2020-03-21,-2.6524067e-06,,6.7825375,9.369879166666664,9,2019
2020-03-22,5.391985e-05,,8.339441666666666,9.369879166666664,9,2019
2020-03-23,0.00013876706,,8.387287500000001,9.369879166666664,9,2019
2020-03-24,-5.222112e-05,,8.35115,9.369879166666664,9,2019
2020-03-25,-0.0001321286,,9.138429166666668,9.369879166666664,9,2019
2020-03-26,-1.7791986e-05,,7.648741666666666,9.369879166666664,9,2019
2020-03-27,9.086728e-05,-5.924728244035713,2.787104166666667,9.369879166666664,9,2019
2020-03-28,-1.4275312e-05,46.932820047029416,38.5979,9.369879166666664,9,2019
2020-03-29,0.00025345385,68.19851004,53.77510833333333,9.369879166666664,9,2019
2020-03-30,-3.3169985e-05,25.77523610908333,24.595529166666665,9.369879166666664,9,2019
2020-03-31,-0.00019221008,3.892582533428573,3.8428416666666663,9.369879166666664,9,2019
2020-04-01,0.00011470169,-12.322247699611111,2.4244958333333333,9.369879166666664,9,2019
2020-04-02,3.4570694e-06,8.468450332566666,8.452775,9.369879166666664,9,2019
2020-04-03,5.311519e-05,7.093158057416667,8.985149999999999,9.369879166666664,9,2019
2020-04-04,-0.00013013184,4.790336673833333,11.681725,9.369879166666664,9,2019
2020-04-05,-0.00017520785,22.23159584781818,17.4451125,9.369879166666664,9,2019
2020-04-06,5.698204e-05,-20.68572918142308,-5.590470833333334,9.369879166666664,9,2019
2020-04-07,5.4076314e-05,11.6209055865,12.849641666666669,9.369879166666664,9,2019
2020-04-08,0.00012256205,8.6960951789,11.5833375,9.369879166666664,9,2019
2020-04-09,0.00019106269,-7.19057566205,-0.5220791666666669,9.369879166666664,9,2019
2020-04-10,0.0002502054,-4.143438686764706,1.171858333333333,9.369879166666664,9,2019
2020-04-11,0.00042561442,7.849321912055554,7.718629166666667,9.369879166666664,9,2019
2020-04-12,0.0004247427,-2.2724321046666662,4.209345833333333,9.369879166666664,9,2019
2020-04-13,0.0006471947,-1.2138998425882352,5.149233333333334,9.369879166666664,9,2019
2020-04-14,0.0006657094,-9.156249757794118,-3.3255875000000006,9.369879166666664,9,2019
2020-04-15,0.00067974627,36.7221243961875,59.15817916666666,9.369879166666664,9,2019
2020-04-16,0.0005243048,58.53244724852631,56.82318750000001,9.369879166666664,9,2019
2020-04-17,0.00091801584,52.115060747875006,65.80139583333333,9.369879166666664,9,2019
2020-04-18,0.0007658303,47.745853376,45.47745833333334,9.369879166666664,9,2019
2020-04-19,0.00094409287,97.42840716171428,79.32514166666667,9.369879166666664,9,2019
2020-04-20,0.00091309845,59.43405734261111,56.35809166666667,9.369879166666664,9,2019
2020-04-21,0.00070569664,70.13172713469231,70.824125,9.369879166666664,9,2019
2020-04-22,0.00065653026,51.23630014576667,57.2430625,9.369879166666664,9,2019
2020-04-23,0.0007157475,43.9756098035,49.73225416666667,9.369879166666664,9,2019
2020-04-24,0.00079762936,-4.227892465133333,16.965108333333333,9.369879166666664,9,2019
2020-04-25,0.0005212277,15.437949832749998,36.7728,9.369879166666664,9,2019
2020-04-26,0.00046490133,38.63934210032143,38.9488375,9.369879166666664,9,2019
2020-04-27,0.0010322556,33.166597521111115,70.32944583333334,9.369879166666664,9,2019
2020-04-28,0.00056377053,,55.92087916666667,9.369879166666664,9,2019
2020-04-29,0.00034834445,12.086560211066669,33.65504166666667,9.369879166666664,9,2019
2020-04-30,0.00022575259,17.098077065083334,75.27935833333333,9.369879166666664,9,2019
2020-05-01,0.00022037327,276.2311545700333,212.7676291666667,9.369879166666664,9,2019
2020-05-02,0.0004015714,153.4260269387222,148.16567916666665,9.369879166666664,9,2019
2020-05-03,0.00018965453,302.5900384393889,200.88572916666664,9.369879166666664,9,2019
2020-05-04,0.00047320127,180.25104963685,126.54676666666668,9.369879166666664,9,2019
2020-05-05,0.00022295117,105.6235138638,112.6439625,9.369879166666664,9,2019
2020-05-06,0.00037321448,68.78809276758334,71.30975416666666,9.369879166666664,9,2019
2020-05-07,0.00039177388,48.81671362271875,55.99555,9.369879166666664,9,2019
2020-05-08,0.00044454634,171.47433749815627,129.87235416666667,9.369879166666664,9,2019
2020-05-09,0.0003867522,-7.965376259833335,27.1676375,9.369879166666664,9,2019
2020-05-10,0.0006232038,74.94801004416667,91.54784583333333,9.369879166666664,9,2019
2020-05-11,0.0012099221,63.46431636357143,93.51821666666666,9.369879166666664,9,2019
2020-05-12,0.0010133684,121.94594218916666,96.69182916666666,9.369879166666664,9,2019
2020-05-13,0.0010916963,157.26146139666668,131.10302083333332,9.369879166666664,9,2019
2020-05-14,0.0010595322,126.23775268903572,124.46254583333332,9.369879166666664,9,2019
2020-05-15,0.0010721982,48.41355540545833,62.32953750000001,9.369879166666664,9,2019
2020-05-16,0.001012899,304.4133127788824,241.72139583333333,9.369879166666664,9,2019
2020-05-17,0.00088840723,15.47480481435714,43.304375,9.369879166666664,9,2019
2020-05-18,0.0008351952,125.839215354,101.11062916666668,9.369879166666664,9,2019
2020-05-19,0.0008941144,46.27886593716666,46.825941666666665,9.369879166666664,9,2019
2020-05-20,0.000708729,93.578770012,65.648775,9.369879166666664,9,2019
2020-05-21,0.00053233653,161.3031914325,99.87162916666666,9.369879166666664,9,2019
2020-05-22,0.00073853135,124.08521220072222,107.89517083333332,9.369879166666664,9,2019
2020-05-23,0.00063604116,111.42832605004546,93.81079583333332,9.369879166666664,9,2019
2020-05-24,0.00056785345,20.194154135192317,37.1275375,9.369879166666664,9,2019
2020-05-25,0.0006123483,134.0108298077,91.9771875,9.369879166666664,9,2019
2020-05-26,0.00054371357,-54.7786411555,-42.53190416666666,9.369879166666664,9,2019
2020-05-27,0.00014963001,-24.8811761048,-21.844458333333336,9.369879166666664,9,2019
2020-05-28,0.000185363,0.0716267166000011,-6.41515,9.369879166666664,9,2019
2020-05-29,1.5959144e-05,-11.542921979714285,-11.712745833333337,9.369879166666664,9,2019
2020-05-30,-0.00012490898,62.30937385053333,66.49144166666666,9.369879166666664,9,2019
2020-05-31,-2.9847026e-05,34.726773522107145,39.089175,9.369879166666664,9,2019
2020-06-01,0.00011783093,11.539953884375,40.0066125,9.369879166666664,9,2019
2020-06-02,-0.0001693964,41.726753595000005,54.64506666666667,9.369879166666664,9,2019
2020-06-03,0.0002579689,,111.0660125,9.369879166666664,9,2019
2020-06-04,0.00038446486,66.72221004957143,74.96965,9.369879166666664,9,2019
2020-06-05,0.00047415495,25.825908400050004,42.52138333333333,9.369879166666664,9,2019
2020-06-06,0.00053397566,27.440831852153845,59.12582916666667,9.369879166666664,9,2019
2020-06-07,0.0004772693,76.89046007108333,65.70597083333332,9.369879166666664,9,2019
2020-06-08,0.0003714636,88.187345238375,82.30089583333334,9.369879166666664,9,2019
2020-06-09,0.00044579804,50.767919360875005,60.86586666666667,9.369879166666664,9,2019
2020-06-10,0.0002289787,60.01180187128572,97.36683333333332,9.369879166666664,9,2019
2020-06-11,0.0007033795,182.3860570488889,151.92489166666667,9.369879166666664,9,2019
2020-06-12,0.00070139766,177.93906049928572,166.89952083333333,9.369879166666664,9,2019
2020-06-13,0.00069487095,,95.7009625,9.369879166666664,9,2019
2020-06-14,0.00046481937,354.2672477492693,220.3978875,9.369879166666664,9,2019
2020-06-15,0.00083117187,47.17353834405556,61.39834583333334,9.369879166666664,9,2019
2020-06-16,0.00087708235,,84.64285416666667,9.369879166666664,9,2019
2020-06-17,0.0008613616,,196.9905625,9.369879166666664,9,2019
2020-06-18,0.00092606246,,133.35063333333332,9.369879166666664,9,2019
2020-06-19,0.0005402565,36.13686652692856,106.2505625,9.369879166666664,9,2019
2020-06-20,0.00035122037,127.29784470909377,100.35457083333334,9.369879166666664,9,2019
2020-06-21,0.00051184,4.919234354857144,42.648675,9.369879166666664,9,2019
2020-06-22,0.00018528104,35.25802349477778,63.74742916666667,9.369879166666664,9,2019
2020-06-23,0.00014098734,,121.82254583333334,9.369879166666664,9,2019
2020-06-24,9.343028e-05,,147.35934583333332,9.369879166666664,9,2019
2020-06-25,0.00016329437,,185.8984375,9.369879166666664,9,2019
2020-06-26,0.00014390051,,151.2834125,9.369879166666664,9,2019
2020-06-27,-0.00010107458,,155.45046666666667,9.369879166666664,9,2019
2020-06-28,-0.00021813065,,153.6198875,9.369879166666664,9,2019
2020-06-29,-3.3915043e-05,,151.627325,9.369879166666664,9,2019
2020-06-30,-0.00022786856,,162.6488875,9.369879166666664,9,2019
2020-07-01,-0.00012909621,,171.9163625,9.369879166666664,9,2019
2020-07-02,0.00015994161,,184.12686666666664,9.369879166666664,9,2019
2020-07-03,6.201863e-05,-88.40555,30.488029166666667,9.369879166666664,9,2019
2020-07-04,0.00013460964,,61.07823333333334,9.369879166666664,9,2019
2020-07-05,0.0003958121,69.683441875,120.08461666666666,9.369879166666664,9,2019
2020-07-06,0.00071882457,21.830303846153846,52.0359,9.369879166666664,9,2019
2020-07-07,0.00011642277,,43.74945,9.369879166666664,9,2019
2020-07-08,0.00050753355,,59.007450000000006,9.369879166666664,9,2019
2020-07-09,0.00065749884,17.654357777777776,11.4157625,9.369879166666664,9,2019
2020-07-10,0.0010151863,14.2508053125,13.661720833333334,9.369879166666664,9,2019
2020-07-11,0.00056889653,11.398252,10.5333625,9.369879166666664,9,2019
2020-07-12,0.0008407384,-3.7214420000000006,-0.2960458333333337,9.369879166666664,9,2019
2020-07-13,0.0007119179,-5.564483461538462,-7.165325,9.369879166666664,9,2019
2020-07-14,0.0010695755,-41.30409428571428,-12.086191666666666,9.369879166666664,9,2019
2020-07-15,0.0013048202,20.530485,5.257608333333334,9.369879166666664,9,2019
2020-07-16,0.0013377145,-63.594718,-29.45518333333333,9.369879166666664,9,2019
2020-07-17,0.0012947172,-41.98875454545455,-23.151554166666667,9.369879166666664,9,2019
2020-07-18,0.0011722744,-8.655927,-8.755291666666666,9.369879166666664,9,2019
2020-07-19,0.0009498596,15.523753333333332,2.428925,9.369879166666664,9,2019
2020-07-20,0.0010149851,-34.60374736842105,-28.51877083333333,9.369879166666664,9,2019
2020-07-21,0.0011081994,8.005144615384616,4.718079166666667,9.369879166666664,9,2019
2020-07-22,0.0009098798,-14.529891428571428,-9.8002125,9.369879166666664,9,2019
2020-07-23,0.0010492057,,-18.01517083333333,9.369879166666664,9,2019
2020-07-24,0.00080499053,22.52697,12.378741666666668,9.369879166666664,9,2019
2020-07-25,0.00047870725,,8.288012499999999,9.369879166666664,9,2019
2020-07-26,0.00057493895,-18.3268875,-20.2687375,9.369879166666664,9,2019
2020-07-27,0.0005241111,-86.7053275,-39.84533333333333,9.369879166666664,9,2019
2020-07-28,0.00035758317,-54.44764269230769,-34.8254375,9.369879166666664,9,2019
2020-07-29,0.0005630106,-66.77545458333334,-36.166562500000005,9.369879166666664,9,2019
2020-07-30,0.00026378036,-18.398547,-12.082970833333333,9.369879166666664,9,2019
2020-07-31,0.00035693496,-21.20388888888889,-25.30925833333333,9.369879166666664,9,2019
2020-08-01,0.0006046295,2.840223722222222,10.367870833333331,9.369879166666664,9,2019
2020-08-02,0.00091107935,13.516911875,22.06743333333333,9.369879166666664,9,2019
2020-08-03,0.0005160868,94.609145,63.396875,9.369879166666664,9,2019
2020-08-04,0.00033304095,164.733850575,100.50615416666666,9.369879166666664,9,2019
2020-08-05,9.134412e-05,,17.849795833333335,9.369879166666664,9,2019
2020-08-06,0.0006253794,,30.74414583333333,9.369879166666664,9,2019
2020-08-07,0.0008428246,2.7303785714285715,14.416491666666666,9.369879166666664,9,2019
2020-08-08,0.0010236353,,19.243483333333334,9.369879166666664,9,2019
2020-08-09,0.00084735453,24.62156,25.61018333333333,9.369879166666664,9,2019
2020-08-10,0.0009345934,,36.85994166666666,9.369879166666664,9,2019
2020-08-11,0.00089401007,16.622368214285714,28.98776666666667,9.369879166666664,9,2019
2020-08-12,0.00091118366,-7.915164222222221,5.260283333333334,9.369879166666664,9,2019
2020-08-13,0.0007816702,,-4.214470833333333,9.369879166666664,9,2019
2020-08-14,0.0014132187,,-1.9106666666666667,9.369879166666664,9,2019
2020-08-15,0.0015091598,,-3.016966666666667,9.369879166666664,9,2019
2020-08-16,0.001603201,,-2.768854166666667,9.369879166666664,9,2019
2020-08-17,0.0012244135,,-7.8387875,9.369879166666664,9,2019
2020-08-18,0.0011328161,,-6.7179625,9.369879166666664,9,2019
2020-08-19,0.001050204,,-4.410941666666667,9.369879166666664,9,2019
2020-08-20,0.001428403,,-9.2418625,9.369879166666664,9,2019
2020-08-21,0.0015836507,,13.2589,9.369879166666664,9,2019
2020-08-22,0.0014257431,,-4.566883333333333,9.369879166666664,9,2019
2020-08-23,0.0014076531,,-2.588870833333333,9.369879166666664,9,2019
2020-08-24,0.0012027621,,5.8961875,9.369879166666664,9,2019
2020-08-25,0.000889644,,64.31991666666667,9.369879166666664,9,2019
2020-08-26,0.0012976676,,8.520008333333333,9.369879166666664,9,2019
2020-08-27,0.0006419867,,17.862770833333332,9.369879166666664,9,2019
2020-08-28,0.0011905432,,10.827866666666669,9.369879166666664,9,2019
2020-08-29,0.00108587,,5.4787875,9.369879166666664,9,2019
2020-08-30,0.00090008974,-6.39627,-1.8916208333333333,9.369879166666664,9,2019
2020-08-31,0.00044193864,,-0.1549041666666668,9.369879166666664,9,2019
2020-09-01,0.00010620803,,-2.7319041666666664,9.369879166666664,9,2019
2020-09-02,0.00025640428,3.013335,-0.0940999999999998,9.369879166666664,9,2019
2020-09-03,0.00044082105,19.56607875,17.8591125,9.369879166666664,9,2019
2020-09-04,0.00049485266,-32.78018277777778,7.855245833333332,9.369879166666664,9,2019
2020-09-05,0.000666298,11.3745824,11.219920833333331,9.369879166666664,9,2019
2020-09-06,0.0004594624,35.14302111111111,29.72960833333333,9.369879166666664,9,2019
2020-09-07,0.00072464347,21.055669444444444,19.380770833333333,9.369879166666664,9,2019
2020-09-08,0.0006458834,41.738749285714285,35.42540833333333,9.369879166666664,9,2019
2020-09-09,0.000896886,-7.726432750000001,3.324620833333333,9.369879166666664,9,2019
2020-09-10,0.0008930564,18.77964177777778,15.201808333333334,9.369879166666664,9,2019
2020-09-11,0.0013190806,-26.057824466666663,-15.3412125,9.369879166666664,9,2019
2020-09-12,0.0006980896,7.6438275,9.909675,9.369879166666664,9,2019
2020-09-13,0.00067703426,11.63203581818182,17.9272625,9.369879166666664,9,2019
2020-09-14,0.0006465763,14.483369,45.308616666666666,9.369879166666664,9,2019
2020-09-15,0.001379244,,27.29447083333333,9.369879166666664,9,2019
2020-09-16,0.001213938,,36.35438333333334,9.369879166666664,9,2019
2020-09-17,0.0010829493,,39.2036,9.369879166666664,9,2019
2020-09-18,0.0010694265,,1.9804583333333337,9.369879166666664,9,2019
2020-09-19,0.0010849833,,2.259370833333333,9.369879166666664,9,2019
2020-09-20,0.001066342,,0.5378208333333333,9.369879166666664,9,2019
2020-09-21,0.0008933097,,26.91292083333333,9.369879166666664,9,2019
2020-09-22,0.0012914538,6.784922999999999,7.039808333333333,9.369879166666664,9,2019
2020-09-23,0.0014830828,5.64170525,4.938558333333334,9.369879166666664,9,2019
2020-09-24,0.0011053532,-3.3426105999999995,22.10065833333333,9.369879166666664,9,2019
2020-09-25,0.0014426708,2.056775714285714,2.4602875,9.369879166666664,9,2019
2020-09-26,0.0010836795,12.549938888888889,8.051279166666667,9.369879166666664,9,2019
2020-09-27,0.0013439208,0.0338662000000001,1.09135,9.369879166666664,9,2019
2020-09-28,0.0007383153,,28.697725,9.369879166666664,9,2019
2020-09-29,0.00072810054,32.461942,22.6366,9.369879166666664,9,2019
2020-09-30,0.00044745207,29.908426111111112,27.77188333333333,9.369879166666664,9,2019
2020-10-01,0.0005220473,15.749455833333334,19.3130375,9.369879166666664,9,2019
2020-10-02,0.00071217865,64.558675,70.06363333333333,9.369879166666664,9,2019
2020-10-03,0.00087896734,19.7336275,22.971341666666664,9.369879166666664,9,2019
2020-10-04,0.0010257289,,11.275604166666668,9.369879166666664,9,2019
2020-10-05,0.0006714016,,29.1073375,9.369879166666664,9,2019
2020-10-06,0.0006981641,,41.28527916666667,9.369879166666664,9,2019
2020-10-07,0.0011200756,0.459838636363636,15.40725,9.369879166666664,9,2019
2020-10-08,0.0008482635,405.515725,199.30275833333332,9.369879166666664,9,2019
2020-10-09,0.0010148734,,120.87586666666668,9.369879166666664,9,2019
2020-10-10,0.0011357069,387.9066444915,216.79933333333332,9.369879166666664,9,2019
2020-10-11,0.001210615,148.70165,131.95271666666667,9.369879166666664,9,2019
2020-10-12,0.0011519566,270.42668125,149.09385833333332,9.369879166666664,9,2019
2020-10-13,0.0012859106,,177.262525,9.369879166666664,9,2019
2020-10-14,0.0013097972,280.95656045454547,194.69225,9.369879166666664,9,2019
2020-10-15,0.0016139895,,220.3580916666667,9.369879166666664,9,2019
2020-10-16,0.001635164,,251.73737916666667,9.369879166666664,9,2019
2020-10-17,0.0011688918,,112.71462916666668,9.369879166666664,9,2019
2020-10-18,0.001237154,,119.11709166666668,9.369879166666664,9,2019
2020-10-19,0.0008260235,,143.91745,9.369879166666664,9,2019
2020-10-20,0.0005644411,,106.11386666666668,9.369879166666664,9,2019
2020-10-21,0.0010456517,,114.25952916666668,9.369879166666664,9,2019
2020-10-22,0.0010390058,523.0407250000001,307.7072375,9.369879166666664,9,2019
2020-10-23,0.0012900084,117.02860285714284,91.52901666666666,9.369879166666664,9,2019
2020-10-24,0.00046882033,127.41973888888889,126.48540833333334,9.369879166666664,9,2019
2020-10-25,0.0008690059,102.0773005,97.52924583333332,9.369879166666664,9,2019
2020-10-26,0.0008213967,79.55299375,86.63460833333333,9.369879166666664,9,2019
2020-10-27,0.00047327578,53.70739909090909,57.97182916666667,9.369879166666664,9,2019
2020-10-28,0.00074091554,-14.011292142857142,28.8585625,9.369879166666664,9,2019
2020-10-29,0.0006704703,127.63427550000002,93.66006666666668,9.369879166666664,9,2019
2020-10-30,0.0003350526,65.82682615384616,78.08015833333333,9.369879166666664,9,2019
2020-10-31,0.00014892966,55.19755888888889,89.37195833333334,9.369879166666664,9,2019
2020-11-01,4.4211745e-05,109.41946363636364,98.37896666666668,9.369879166666664,9,2019
2020-11-02,0.00034809113,75.932625,95.3908125,9.369879166666664,9,2019
2020-11-03,0.0002462566,137.40567611111112,82.1841625,9.369879166666664,9,2019
2020-11-04,0.0008068085,-18.9009505,-7.684674999999999,9.369879166666664,9,2019
2020-11-05,0.00063078105,-9.720092104545456,-11.001820833333332,9.369879166666664,9,2019
2020-11-06,0.00054237247,-2.515155863636362,2.0899208333333337,9.369879166666664,9,2019
2020-11-07,0.00031825155,,12.058154166666668,9.369879166666664,9,2019
2020-11-08,0.00020052493,,20.6240875,9.369879166666664,9,2019
2020-11-09,0.00045202672,,23.93709583333333,9.369879166666664,9,2019
2020-11-10,0.00025063753,,22.30003333333333,9.369879166666664,9,2019
2020-11-11,0.00026415288,,71.14729583333333,9.369879166666664,9,2019
2020-11-12,0.0005143285,,31.6214875,9.369879166666664,9,2019
2020-11-13,0.00061923265,,9.8652,9.369879166666664,9,2019
2020-11-14,0.00031411648,,24.047945833333333,9.369879166666664,9,2019
2020-11-15,0.00039707124,,20.416641666666667,9.369879166666664,9,2019
2020-11-16,0.0007882789,,35.6255875,9.369879166666664,9,2019
2020-11-17,0.00030409545,,16.9075,9.369879166666664,9,2019
2020-11-18,0.0007404834,,12.373720833333335,9.369879166666664,9,2019
2020-11-19,0.0009396374,,27.68794583333333,9.369879166666664,9,2019
2020-11-20,0.00088723004,,22.526341666666667,9.369879166666664,9,2019
2020-11-21,0.0005660653,,22.8145875,9.369879166666664,9,2019
2020-11-22,0.0006553829,,4.385504166666666,9.369879166666664,9,2019
2020-11-23,0.00043576956,,3.1289583333333333,9.369879166666664,9,2019
2020-11-24,5.3949654e-05,,9.927325,9.369879166666664,9,2019
2020-11-25,0.0006047189,,6.741208333333333,9.369879166666664,9,2019
2020-11-26,0.0007878244,,0.9846125,9.369879166666664,9,2019
2020-11-27,0.00083129853,,29.5115875,9.369879166666664,9,2019
2020-11-28,0.0003369823,,20.874754166666666,9.369879166666664,9,2019
2020-11-29,0.000498116,,20.660391666666666,9.369879166666664,9,2019
2020-11-30,0.00035689026,,21.52400833333333,9.369879166666664,9,2019
2020-12-01,0.00046248734,1.890705,14.758354166666669,9.369879166666664,9,2019
2020-12-02,0.00019025803,80.02772777777778,51.30121666666667,9.369879166666664,9,2019
2020-12-03,0.000108122826,61.060225,65.32842083333334,9.369879166666664,9,2019
2020-12-04,0.0008620545,74.02860416666667,57.98294583333333,9.369879166666664,9,2019
2020-12-05,0.000783965,47.68229388888889,46.046625,9.369879166666664,9,2019
2020-12-06,0.0010334924,32.219921,31.208483333333334,9.369879166666664,9,2019
2020-12-07,0.0013282299,,32.008116666666666,9.369879166666664,9,2019
2020-12-08,0.0005785674,16.784324910000002,13.477345833333333,9.369879166666664,9,2019
2020-12-09,7.31349e-05,1.9072006071428569,8.723170833333333,9.369879166666664,9,2019
2020-12-10,0.0003325343,0.957100583333336,0.1410666666666666,9.369879166666664,9,2019
2020-12-11,0.000544399,-2.840757333333334,-4.063858333333333,9.369879166666664,9,2019
2020-12-12,0.0008210987,-5.406343875,-2.1396333333333333,9.369879166666664,9,2019
2020-12-13,0.00021000952,,54.6827875,9.369879166666664,9,2019
2020-12-14,0.00024174899,9.24205838235294,8.747370833333333,9.369879166666664,9,2019
2020-12-15,0.0002940297,6.704652,6.723983333333334,9.369879166666664,9,2019
2020-12-17,2.2957127,,4.9791083333333335,22.553070833333333,2,2020
2020-12-18,2.6392822,,78.18345000000001,22.553070833333333,2,2020
2020-12-19,1.3174138,,2.350095833333333,22.553070833333333,2,2020
2020-12-20,1.395057,,3.191041666666667,22.553070833333333,2,2020
2020-12-21,1.7949171,,22.39238333333333,22.553070833333333,2,2020
2020-12-22,1.8842063,,22.628766666666664,22.553070833333333,2,2020
2020-12-23,1.8686779,,20.441329166666662,22.553070833333333,2,2020
2020-12-24,0.23817992,,11.028704166666666,22.553070833333333,2,2020
2020-12-25,0.030485146,,18.652241666666665,22.553070833333333,2,2020
2020-12-26,0.55069184,,39.308600000000006,22.553070833333333,2,2020
2020-12-27,0.3119402,,42.9703125,22.553070833333333,2,2020
2020-12-28,0.11977434,,59.60755833333334,22.553070833333333,2,2020
2020-12-29,0.3915243,,15.913129166666666,22.553070833333333,2,2020
2020-12-30,1.7153332,,17.742320833333334,22.553070833333333,2,2020
2020-12-31,1.5270495,,38.77090416666667,22.553070833333333,2,2020
2021-01-01,1.2242432,,60.309133333333335,22.553070833333333,2,2020
2021-01-02,1.7192154,,26.337475,22.553070833333333,2,2020
2021-01-03,2.5189364,,23.09808333333333,22.553070833333333,2,2020
2021-01-04,2.5461106,,17.849608333333332,22.553070833333333,2,2020
2021-01-05,2.5868735,,17.5477375,22.553070833333333,2,2020
2021-01-06,3.8136292,,30.809170833333337,22.553070833333333,2,2020
2021-01-07,4.2620163,,27.51125,22.553070833333333,2,2020
2021-01-08,3.9980307,,25.5779625,22.553070833333333,2,2020
2021-01-09,3.998031,,32.44991666666667,22.553070833333333,2,2020
2021-01-10,3.2390726,,20.348441666666663,22.553070833333333,2,2020
2021-01-11,2.9925568,,10.909574999999998,22.553070833333333,2,2020
2021-01-12,3.6078756,,43.92912916666666,22.553070833333333,2,2020
2021-01-13,3.860215,,25.074729166666668,22.553070833333333,2,2020
2021-01-14,3.1691945,,26.31175,22.553070833333333,2,2020
2021-01-15,6.946515,,5.7183625000000005,22.553070833333333,2,2020
2021-01-16,4.153316,,20.941975,22.553070833333333,2,2020
2021-01-17,2.887739,,4.809341666666667,22.553070833333333,2,2020
2021-01-18,5.0384445,,9.461854166666669,22.553070833333333,2,2020
2021-01-19,4.7181673,,76.78891666666667,22.553070833333333,2,2020
2021-01-20,4.386245,,58.79160833333333,22.553070833333333,2,2020
2021-01-21,1.629926,,14.741595833333331,22.553070833333333,2,2020
2021-01-22,1.9967883,,20.252079166666665,22.553070833333333,2,2020
2021-01-23,3.4001813,,31.27185833333333,22.553070833333333,2,2020
2021-01-24,2.1753666,,51.20019583333333,22.553070833333333,2,2020
2021-01-25,2.2374809,,26.544316666666663,22.553070833333333,2,2020
2021-01-26,5.541181,,15.083154166666668,22.553070833333333,2,2020
2021-01-27,3.6234043,,17.255129166666666,22.553070833333333,2,2020
2021-01-28,2.5577574,,30.3436625,22.553070833333333,2,2020
2021-01-29,2.1346042,,31.18671666666667,22.553070833333333,2,2020
2021-01-30,3.3652422,,61.12350833333333,22.553070833333333,2,2020
2021-01-31,3.472001,,39.62515416666667,22.553070833333333,2,2020
2021-02-01,4.1300235,,34.01179166666667,22.553070833333333,2,2020
2021-02-02,2.794568,,39.950495833333335,22.553070833333333,2,2020
2021-02-03,2.295713,,19.1554125,22.553070833333333,2,2020
2021-02-04,5.048149,,16.163349999999998,22.553070833333333,2,2020
2021-02-05,2.945971,,16.209929166666665,22.553070833333333,2,2020
2021-02-06,4.4192433,,30.209233333333334,22.553070833333333,2,2020
2021-02-07,3.3264208,,18.386079166666665,22.553070833333333,2,2020
2021-02-08,2.887739,,18.76095833333333,22.553070833333333,2,2020
2021-02-09,2.8430946,,64.8658875,22.553070833333333,2,2020
2021-02-10,3.056612,,21.292879166666665,22.553070833333333,2,2020
2021-02-11,3.6059349,,39.60872916666667,22.553070833333333,2,2020
2021-02-12,4.316366,,27.9368125,22.553070833333333,2,2020
2021-02-13,5.595531,,15.2385,22.553070833333333,2,2020
2021-02-14,7.833584,,17.59102916666667,22.553070833333333,2,2020
2021-02-15,7.04551,,8.812970833333333,22.553070833333333,2,2020
2021-02-16,5.517888,,17.471820833333332,22.553070833333333,2,2020
2021-02-17,6.21085,,44.20023750000001,22.553070833333333,2,2020
2021-02-18,4.7647533,,13.175395833333331,22.553070833333333,2,2020
2021-02-19,7.618125,,35.62502083333333,22.553070833333333,2,2020
2021-02-20,8.194622,,54.9982625,22.553070833333333,2,2020
2021-02-21,10.411324,,15.873404166666669,22.553070833333333,2,2020
2021-02-22,5.906102,,12.772591666666663,22.553070833333333,2,2020
2021-02-23,8.184917,,14.8908875,22.553070833333333,2,2020
2021-02-24,6.5680065,,25.21578333333333,22.553070833333333,2,2020
2021-02-25,2.7266302,,10.435729166666668,22.553070833333333,2,2020
2021-02-26,6.3117857,,16.937529166666668,22.553070833333333,2,2020
2021-02-27,6.1002088,,18.634879166666668,22.553070833333333,2,2020
2021-02-28,4.663818,,16.236120833333334,22.553070833333333,2,2020
2021-03-01,3.9068005,,16.716391666666667,22.553070833333333,2,2020
2021-03-02,4.537648,,12.135479166666668,22.553070833333333,2,2020
2021-03-03,4.914216,,8.013208333333333,22.553070833333333,2,2020
2021-03-04,2.2161293,,12.272958333333332,22.553070833333333,2,2020
2021-03-05,1.1990092,,10.260470833333336,22.553070833333333,2,2020
2021-03-06,2.0472562,,17.395795833333334,22.553070833333333,2,2020
2021-03-07,2.2258348,,21.643941666666667,22.553070833333333,2,2020
2021-03-08,2.6179307,,12.2445625,22.553070833333333,2,2020
2021-03-09,3.9359162,,10.9480875,22.553070833333333,2,2020
2021-03-10,3.88739,,28.1095,22.553070833333333,2,2020
2021-03-11,1.2261841,,21.074354166666662,22.553070833333333,2,2020
2021-03-12,1.3814695,,21.1106125,22.553070833333333,2,2020
2021-03-13,0.87096834,,32.84412083333333,22.553070833333333,2,2020
2021-03-14,1.5969279,,13.942420833333337,22.553070833333333,2,2020
2021-03-15,2.099665,,5.932166666666667,22.553070833333333,2,2020
2021-03-16,1.7910349,,7.439204166666666,22.553070833333333,2,2020
2021-03-17,1.961849,,10.449625,22.553070833333333,2,2020
2021-03-18,1.2378306,,6.758670833333333,22.553070833333333,2,2020
2021-03-19,1.2494769,,4.644891666666667,22.553070833333333,2,2020
2021-03-20,0.96025753,,6.378795833333334,22.553070833333333,2,2020
2021-03-21,0.98355055,,7.361966666666666,22.553070833333333,2,2020
2021-03-22,0.43034577,,11.633608333333331,22.553070833333333,2,2020
2021-03-23,2.604343,,19.145275,22.553070833333333,2,2020
2021-03-24,0.4031706,,3.7025791666666663,22.553070833333333,2,2020
2021-03-25,0.6089246,,3.4684000000000004,22.553070833333333,2,2020
2021-03-26,-0.9400494,,13.422641666666664,22.553070833333333,2,2020
2021-03-27,-0.5440712,,6.704975,22.553070833333333,2,2020
2021-03-28,0.4808135,,7.945025,22.553070833333333,2,2020
2021-03-29,0.3779366,,9.643154166666667,22.553070833333333,2,2020
2021-03-30,0.88455576,,18.332066666666663,22.553070833333333,2,2020
2021-03-31,0.2867074,,21.255120833333333,22.553070833333333,2,2020
2021-04-01,-1.3767898,,21.575579166666667,22.553070833333333,2,2020
2021-04-02,-2.9199393,,13.773895833333334,22.553070833333333,2,2020
2021-04-03,-3.5371997,,19.286258333333333,22.553070833333333,2,2020
2021-04-04,-2.2599769,,27.353325,22.553070833333333,2,2020
2021-04-05,-2.2987974,,15.328958333333333,22.553070833333333,2,2020
2021-04-06,-2.0231664,,16.000783333333334,22.553070833333333,2,2020
2021-04-07,-1.4699609,,14.8461,22.553070833333333,2,2020
2021-04-08,-0.5867748,,9.4357875,22.553070833333333,2,2020
2021-04-09,-1.7339473,,10.033291666666669,22.553070833333333,2,2020
2021-04-10,-2.8888834,,11.089279166666666,22.553070833333333,2,2020
2021-04-11,-1.8581762,,12.85245,22.553070833333333,2,2020
2021-04-12,-1.0138097,,10.044420833333334,22.553070833333333,2,2020
2021-04-13,-0.20632505,,9.931770833333331,22.553070833333333,2,2020
2021-04-14,-0.61394906,,16.979079166666665,22.553070833333333,2,2020
2021-04-15,-0.553777,,8.909516666666667,22.553070833333333,2,2020
2021-04-16,-0.94975424,,15.233416666666669,22.553070833333333,2,2020
2021-04-17,-0.8701701,,8.139991666666667,22.553070833333333,2,2020
2021-04-18,0.036308527,,13.403037500000002,22.553070833333333,2,2020
2021-04-19,1.4202905,,8.364483333333334,22.553070833333333,2,2020
2021-04-20,0.48275495,,38.095983333333336,22.553070833333333,2,2020
2021-04-21,0.7913842,,32.805575,22.553070833333333,2,2020
2021-04-22,0.121715546,,12.9960375,22.553070833333333,2,2020
2021-04-23,-0.006394863,,14.042504166666667,22.553070833333333,2,2020
2021-04-24,0.9874328,,15.025875,22.553070833333333,2,2020
2021-04-25,-0.7071209,,17.271583333333332,22.553070833333333,2,2020
2021-04-26,-0.9555781,,18.1078,22.553070833333333,2,2020
2021-04-27,-0.33249474,,16.569445833333333,22.553070833333333,2,2020
2021-04-28,-1.0409846,,16.198620833333333,22.553070833333333,2,2020
2021-04-29,-0.4606049,,17.823329166666667,22.553070833333333,2,2020
2021-04-30,-1.1982117,,22.631454166666668,22.553070833333333,2,2020
2021-05-01,-0.78282213,,14.546916666666666,22.553070833333333,2,2020
2021-05-02,-0.41401958,,11.920441666666669,22.553070833333333,2,2020
2021-05-03,0.4905188,,25.165025,22.553070833333333,2,2020
2021-05-04,-0.31308365,,21.151645833333333,22.553070833333333,2,2020
2021-05-05,-0.039393187,,12.504779166666667,22.553070833333333,2,2020
2021-05-06,0.0033106804,,9.411433333333331,22.553070833333333,2,2020
2021-05-07,1.1679516,,7.904050000000001,22.553070833333333,2,2020
2021-05-08,3.0042036,,18.8148875,22.553070833333333,2,2020
2021-05-09,4.1242003,,20.189008333333334,22.553070833333333,2,2020
2021-05-10,3.735986,,9.129820833333332,22.553070833333333,2,2020
2021-05-11,3.8019824,,10.721875,22.553070833333333,2,2020
2021-05-12,3.9514446,,12.062816666666668,22.553070833333333,2,2020
2021-05-13,0.31582236,,164.719425,22.553070833333333,2,2020
2021-05-14,1.8279157,,13.452966666666669,22.553070833333333,2,2020
2021-05-15,1.8880885,,7.6128,22.553070833333333,2,2020
2021-05-16,3.9320343,,10.0692625,22.553070833333333,2,2020
2021-05-17,2.7013962,,7.702720833333333,22.553070833333333,2,2020
2021-05-18,1.9094408,,4.011370833333333,22.553070833333333,2,2020
2021-05-19,2.379179,,10.983020833333333,22.553070833333333,2,2020
2021-05-20,4.081497,,29.695412500000003,22.553070833333333,2,2020
2021-05-21,0.72732896,,72.99584583333333,22.553070833333333,2,2020
2021-05-22,-0.5033088,,28.697670833333333,22.553070833333333,2,2020
2021-05-23,0.9059079,,17.7047875,22.553070833333333,2,2020
2021-05-24,-0.38296247,,28.337516666666662,22.553070833333333,2,2020
2021-05-25,-0.20826626,,8.430633333333335,22.553070833333333,2,2020
2021-05-26,-0.06268573,,8.444954166666667,22.553070833333333,2,2020
2021-05-27,2.6373413,,16.144829166666668,22.553070833333333,2,2020
2021-05-28,5.3528967,,12.707604166666668,22.553070833333333,2,2020
2021-05-29,6.7679367,,8.6013,22.553070833333333,2,2020
2021-05-30,4.6871104,,7.612583333333333,22.553070833333333,2,2020
2021-05-31,2.5383468,,11.492020833333331,22.553070833333333,2,2020
2021-06-01,3.8291574,,16.8966625,22.553070833333333,2,2020
2021-06-02,4.081497,,7.898958333333333,22.553070833333333,2,2020
2021-06-03,0.24400258,,7.103666666666666,22.553070833333333,2,2020
2021-06-04,-0.28008604,,11.989566666666668,22.553070833333333,2,2020
2021-06-05,1.0922499,,9.257470833333334,22.553070833333333,2,2020
2021-06-06,0.2575903,,5.762920833333333,22.553070833333333,2,2020
2021-06-07,-0.22767687,,10.441816666666666,22.553070833333333,2,2020
2021-06-08,0.66133285,,21.378612500000003,22.553070833333333,2,2020
2021-06-09,2.1734257,,22.958129166666662,22.553070833333333,2,2020
2021-06-10,1.8007402,,13.143691666666667,22.553070833333333,2,2020
2021-06-11,0.506047,,4.769770833333333,22.553070833333333,2,2020
2021-06-12,0.0013697147,,9.9451,22.553070833333333,2,2020
2021-06-13,-0.786705,,12.6893625,22.553070833333333,2,2020
2021-06-14,-1.5922489,,8.911583333333335,22.553070833333333,2,2020
2021-06-15,3.6835773,,8.180629166666668,22.553070833333333,2,2020
2021-06-16,1.2242424,,18.50520833333333,22.553070833333333,2,2020
2021-06-17,-1.3010883,,8.492308333333334,22.553070833333333,2,2020
2021-06-18,-1.3321452,,7.429179166666667,22.553070833333333,2,2020
2021-06-19,-0.50525,,21.811291666666666,22.553070833333333,2,2020
2021-06-20,0.08871722,,12.778966666666667,22.553070833333333,2,2020
2021-06-21,-0.4023733,,11.835058333333334,22.553070833333333,2,2020
2021-06-22,-1.4078469,,14.961354166666666,22.553070833333333,2,2020
2021-06-23,-2.153218,,16.495820833333333,22.553070833333333,2,2020
2021-06-24,-1.6446571,,16.3603625,22.553070833333333,2,2020
2021-06-25,-1.8892326,,21.3569875,22.553070833333333,2,2020
2021-06-26,-1.6854203,,41.331316666666666,22.553070833333333,2,2020
2021-06-27,-0.12674117,,54.81077916666666,22.553070833333333,2,2020
2021-06-28,-1.4330809,,44.7285875,22.553070833333333,2,2020
2021-06-29,0.10812783,,43.28555833333333,22.553070833333333,2,2020
2021-06-30,-2.052282,,38.260895833333336,22.553070833333333,2,2020
2021-07-01,-0.3383181,,43.04185833333333,22.553070833333333,2,2020
2021-07-02,-0.8138797,,40.7223,22.553070833333333,2,2020
2021-07-03,-0.39460897,,38.45192083333333,22.553070833333333,2,2020
2021-07-04,-0.7517655,,44.769312500000005,22.553070833333333,2,2020
2021-07-05,-0.19856095,,43.83465416666667,22.553070833333333,2,2020
2021-07-06,-0.76535344,,41.44211666666667,22.553070833333333,2,2020
2021-07-07,-0.06850886,,43.9282,22.553070833333333,2,2020
2021-07-08,0.5196347,,16.407470833333335,22.553070833333333,2,2020
2021-07-09,1.0553699,,17.6160375,22.553070833333333,2,2020
2021-07-10,0.82050043,,18.597525,22.553070833333333,2,2020
2021-07-11,3.3477726,,20.38994583333333,22.553070833333333,2,2020
2021-07-12,0.9796682,,9.501666666666669,22.553070833333333,2,2020
2021-07-13,0.33717418,,6.884037500000001,22.553070833333333,2,2020
2021-07-14,2.8586228,,7.561274999999999,22.553070833333333,2,2020
2021-07-15,3.2856581,,16.159929166666668,22.553070833333333,2,2020
2021-07-16,8.8953495,,4.641925,22.553070833333333,2,2020
2021-07-17,11.557526,,53.179575,22.553070833333333,2,2020
2021-07-18,10.343386,,6.879116666666666,22.553070833333333,2,2020
2021-07-19,10.693749,,56.16794166666667,22.553070833333333,2,2020
2021-07-20,7.469633,,18.4514375,22.553070833333333,2,2020
2021-07-21,7.047451,,22.233929166666663,22.553070833333333,2,2020
2021-07-22,7.9228725,,30.45615833333333,22.553070833333333,2,2020
2021-07-23,4.8792768,,7.6838375,22.553070833333333,2,2020
2021-07-24,0.23817992,,11.009066666666667,22.553070833333333,2,2020
2021-07-25,0.42646337,,5.981016666666666,22.553070833333333,2,2020
2021-07-26,-0.14421105,,1.9160666666666664,22.553070833333333,2,2020
2021-07-27,0.39734745,,7.422474999999999,22.553070833333333,2,2020
2021-07-28,-0.21797156,,4.7065375,22.553070833333333,2,2020
2021-07-29,0.06542468,,8.640966666666667,22.553070833333333,2,2020
2021-07-30,-1.3088522,,20.707941666666667,22.553070833333333,2,2020
2021-07-31,-1.1535668,,6.778404166666667,22.553070833333333,2,2020
2021-08-01,-0.92646146,,4.307520833333333,22.553070833333333,2,2020
2021-08-02,-1.1846244,,9.362404166666666,22.553070833333333,2,2020
2021-08-03,-0.49748492,,13.013091666666666,22.553070833333333,2,2020
2021-08-04,-0.54795337,,8.094108333333333,22.553070833333333,2,2020
2021-08-05,-1.7552984,,5.889545833333333,22.553070833333333,2,2020
2021-08-06,-2.4424367,,5.8754333333333335,22.553070833333333,2,2020
2021-08-07,-2.0386946,,8.837695833333333,22.553070833333333,2,2020
2021-08-08,-2.2017446,,4.683283333333334,22.553070833333333,2,2020
2021-08-09,-2.0445175,,6.4432875,22.553070833333333,2,2020
2021-08-10,-2.2619178,,4.222625,22.553070833333333,2,2020
2021-08-11,0.3507619,,4.787504166666666,22.553070833333333,2,2020
2021-08-12,-0.34996462,,6.130441666666667,22.553070833333333,2,2020
2021-08-13,0.14306736,,7.821379166666666,22.553070833333333,2,2020
2021-08-14,2.2006004,,18.229,22.553070833333333,2,2020
2021-08-15,0.34493852,,3.28755,22.553070833333333,2,2020
2021-08-16,0.3022349,,5.2881375,22.553070833333333,2,2020
2021-08-17,0.8670864,,3.825008333333333,22.553070833333333,2,2020
2021-08-18,0.8457346,,5.297833333333333,22.553070833333333,2,2020
2021-08-19,0.73121166,,5.922204166666667,22.553070833333333,2,2020
2021-08-20,1.5988691,,7.237120833333333,22.553070833333333,2,2020
2021-08-21,-0.016100645,,5.671245833333334,22.553070833333333,2,2020
2021-08-22,-0.03745222,,3.848075,22.553070833333333,2,2020
2021-08-23,0.6555097,,11.345070833333333,22.553070833333333,2,2020
2021-08-24,0.44005108,,10.6392625,22.553070833333333,2,2020
2021-08-25,0.6360991,,40.866025,22.553070833333333,2,2020
2021-08-26,0.5914538,,21.9414125,22.553070833333333,2,2020
2021-08-27,-0.2257359,,12.575520833333334,22.553070833333333,2,2020
2021-08-28,0.3138814,,10.306220833333333,22.553070833333333,2,2020
2021-08-29,0.51769376,,12.776266666666666,22.553070833333333,2,2020
2021-08-30,0.65745115,,12.487191666666668,22.553070833333333,2,2020
2021-08-31,0.653569,,7.162845833333333,22.553070833333333,2,2020
2021-09-01,1.3387659,,9.345570833333332,22.553070833333333,2,2020
2021-09-02,1.2028909,,6.299095833333333,22.553070833333333,2,2020
2021-09-03,3.225485,,16.559995833333335,22.553070833333333,2,2020
2021-09-04,5.1316156,,12.272741666666668,22.553070833333333,2,2020
2021-09-05,6.4787173,,2.2511791666666667,22.553070833333333,2,2020
2021-09-06,8.453756,,17.515783333333335,22.553070833333333,2,2020
2021-09-07,11.003349,,5.8339791666666665,22.553070833333333,2,2020
2021-09-08,9.763977,,6.4840125,22.553070833333333,2,2020
2021-09-09,9.313649,,5.270683333333333,22.553070833333333,2,2020
2021-09-10,3.1342552,,-0.9349708333333332,22.553070833333333,2,2020
2021-09-11,4.456123,,11.341770833333332,22.553070833333333,2,2020
2021-09-12,8.039337,,22.756820833333336,22.553070833333333,2,2020
2021-09-13,10.154133,,8.078379166666666,22.553070833333333,2,2020
2021-09-14,11.010143,,7.79785,22.553070833333333,2,2020
2021-09-15,7.338611,,4.921604166666667,22.553070833333333,2,2020
2021-09-16,7.960724,,13.5035125,22.553070833333333,2,2020
2021-09-17,12.44799,,6.9617,22.553070833333333,2,2020
2021-09-18,8.634275,,4.566612500000001,22.553070833333333,2,2020
2021-09-19,3.757338,,5.852579166666668,22.553070833333333,2,2020
2021-09-20,4.727873,,7.053237499999999,22.553070833333333,2,2020
2021-09-21,9.397116,,15.3197,22.553070833333333,2,2020
2021-09-22,5.1354976,,4.5749208333333335,22.553070833333333,2,2020
2021-09-23,1.2941213,,4.407745833333333,22.553070833333333,2,2020
2021-09-24,2.1967185,,2.0895166666666665,22.553070833333333,2,2020
2021-09-25,6.6388555,,16.675866666666668,22.553070833333333,2,2020
2021-09-26,4.013559,,27.4901,22.553070833333333,2,2020
2021-09-27,1.2844162,,31.1896625,22.553070833333333,2,2020
2021-09-28,0.49634218,,26.588975,22.553070833333333,2,2020
2021-09-29,1.3639996,,-4.317933333333333,22.553070833333333,2,2020
2021-09-30,1.286357,,43.42125833333333,22.553070833333333,2,2020
2021-10-01,0.0130159855,,-3.0703541666666667,22.553070833333333,2,2020
2021-10-02,-0.52466035,,2.6540375,22.553070833333333,2,2020
2021-10-03,0.1411264,,-1.5979208333333332,22.553070833333333,2,2020
2021-10-04,0.17800665,,10.094870833333331,22.553070833333333,2,2020
2021-10-05,0.6477454,,-1.616775,22.553070833333333,2,2020
2021-10-06,1.4649353,,-0.8278541666666669,22.553070833333333,2,2020
2021-10-07,3.1284318,,133.24047083333332,22.553070833333333,2,2020
2021-10-08,3.3011868,,2.965195833333333,22.553070833333333,2,2020
2021-10-09,3.6505797,,22.864841666666667,22.553070833333333,2,2020
2021-10-10,1.6454549,,7.018987500000001,22.553070833333333,2,2020
2021-10-11,2.1831307,,13.6763875,22.553070833333333,2,2020
2021-10-12,2.0569618,,3.964208333333333,22.553070833333333,2,2020
2021-10-13,3.7495737,,3.2402083333333334,22.553070833333333,2,2020
2021-10-14,4.1397285,,1.2616333333333332,22.553070833333333,2,2020
2021-10-15,2.940148,,9.110266666666666,22.553070833333333,2,2020
2021-10-16,3.930093,,9.826129166666666,22.553070833333333,2,2020
2021-10-17,4.927803,,10.7785,22.553070833333333,2,2020
2021-10-18,4.091202,,6.5326958333333325,22.553070833333333,2,2020
2021-10-19,3.3186564,,7.1475875,22.553070833333333,2,2020
2021-10-20,1.5386963,,28.22495,22.553070833333333,2,2020
2021-10-21,0.5972774,,9.1122375,22.553070833333333,2,2020
2021-10-22,0.6458044,,7.155670833333333,22.553070833333333,2,2020
2021-10-23,1.6279852,,5.334270833333334,22.553070833333333,2,2020
2021-10-24,1.2650056,,3.8625375,22.553070833333333,2,2020
2021-10-25,0.4400506,,4.155758333333334,22.553070833333333,2,2020
2021-10-26,0.8224416,,0.3517416666666667,22.553070833333333,2,2020
2021-10-27,1.5716941,,-0.8410500000000001,22.553070833333333,2,2020
2021-10-28,1.5056977,,46.822720833333335,22.553070833333333,2,2020
2021-10-29,0.29641223,,45.1945625,22.553070833333333,2,2020
2021-10-30,0.33135128,,7.3715875,22.553070833333333,2,2020
2021-10-31,0.71180034,,74.70457916666668,22.553070833333333,2,2020
2021-11-01,0.059601296,,8.79905,22.553070833333333,2,2020
2021-11-02,0.3604672,,12.7688125,22.553070833333333,2,2020
2021-11-03,0.31970477,,10.568283333333332,22.553070833333333,2,2020
2021-11-04,0.10424614,,13.077220833333334,22.553070833333333,2,2020
2021-11-05,0.91949487,,7.711458333333334,22.553070833333333,2,2020
2021-11-06,0.4963417,,2.021,22.553070833333333,2,2020
2021-11-07,0.23623896,,-0.0679374999999999,22.553070833333333,2,2020
2021-11-08,1.7890937,,2.3590166666666668,22.553070833333333,2,2020
2021-11-09,3.0042036,,3.2251583333333333,22.553070833333333,2,2020
2021-11-10,3.4060047,,24.258291666666665,22.553070833333333,2,2020
2021-11-11,2.4665272,,9.694020833333331,22.553070833333333,2,2020
2021-11-12,1.4222322,,5.801945833333334,22.553070833333333,2,2020
2021-11-13,1.4824054,,12.0197625,22.553070833333333,2,2020
2021-11-14,4.0814967,,10.187841666666666,22.553070833333333,2,2020
2021-11-15,4.559,,49.56771666666666,22.553070833333333,2,2020
2021-11-16,2.8333895,,9.465675,22.553070833333333,2,2020
2021-11-17,1.3096504,,10.122875,22.553070833333333,2,2020
2021-11-18,1.303827,,5.630816666666667,22.553070833333333,2,2020
2021-11-19,1.5115209,,10.043466666666667,22.553070833333333,2,2020
2021-11-20,1.1233069,,11.600808333333331,22.553070833333333,2,2020
2021-11-21,-0.17332673,,12.882604166666669,22.553070833333333,2,2020
2021-11-22,0.54680943,,20.8952125,22.553070833333333,2,2020
2021-11-23,1.2358894,,10.325020833333332,22.553070833333333,2,2020
2021-11-24,0.70791864,,8.3320125,22.553070833333333,2,2020
2021-11-25,-1.0409846,,9.767379166666666,22.553070833333333,2,2020
2021-11-26,-1.0448668,,28.54135833333333,22.553070833333333,2,2020
2021-11-27,-1.198211,,36.73737083333334,22.553070833333333,2,2020
2021-11-28,-1.0138097,,10.2599125,22.553070833333333,2,2020
2021-11-29,-0.6760633,,9.996233333333333,22.553070833333333,2,2020
2021-11-30,-0.38684464,,19.086604166666667,22.553070833333333,2,2020
2021-12-01,-0.4217837,,51.261,22.553070833333333,2,2020
2021-12-02,-0.42954803,,13.429454166666666,22.553070833333333,2,2020
2021-12-03,-0.39460874,,8.207783333333333,22.553070833333333,2,2020
2021-12-04,-0.89152265,,31.328554166666667,22.553070833333333,2,2020
2021-12-05,-0.70906186,,13.3695,22.553070833333333,2,2020
2021-12-06,0.0809536,,8.006775,22.553070833333333,2,2020
2021-12-07,0.62445235,,15.92195,22.553070833333333,2,2020
2021-12-08,-0.27620316,,14.564516666666668,22.553070833333333,2,2020
2021-12-09,-0.025805239,,31.151391666666665,22.553070833333333,2,2020
2021-12-10,-0.27814484,,12.2762,22.553070833333333,2,2020
2021-12-11,0.8437934,,7.014083333333333,22.553070833333333,2,2020
2021-12-12,1.7172742,,7.8071875,22.553070833333333,2,2020
2021-12-13,1.7949171,,10.8510875,22.553070833333333,2,2020
2021-12-14,1.7696834,,9.90855,22.553070833333333,2,2020
2021-12-15,1.3407073,,12.855845833333332,22.553070833333333,2,2020
2021-12-16,1.9696133,,9.767054166666666,22.553070833333333,2,2020
2020-12-17,6.613545,5.383402136363636,10.6220125,16.72460416666667,4,2020
2020-12-18,7.6915293,,62.2647625,16.72460416666667,4,2020
2020-12-19,7.175971,12.262331666666666,12.839470833333332,16.72460416666667,4,2020
2020-12-20,6.7476864,11.024140588235294,10.985091666666667,16.72460416666667,4,2020
2020-12-21,7.0886984,,24.697770833333333,16.72460416666667,4,2020
2020-12-22,6.6167765,-6.790154615384616,17.109070833333334,16.72460416666667,4,2020
2020-12-23,6.786475,,11.041866666666666,16.72460416666667,4,2020
2020-12-24,5.996169,6.385818384615384,7.3703416666666675,16.72460416666667,4,2020
2020-12-25,5.4466715,7.593224000000001,8.140716666666666,16.72460416666667,4,2020
2020-12-26,6.498797,9.762993666666668,13.654908333333331,16.72460416666667,4,2020
2020-12-27,6.5909185,1.5329500000000007,13.074854166666668,16.72460416666667,4,2020
2020-12-28,6.212735,23.29402590909091,16.440420833333334,16.72460416666667,4,2020
2020-12-29,5.9202085,9.194151714285711,9.699716666666664,16.72460416666667,4,2020
2020-12-30,5.605056,14.723247083333334,12.063016666666668,16.72460416666667,4,2020
2020-12-31,5.79738,-12.785287,1.5154291666666666,16.72460416666667,4,2020
2021-01-01,5.826471,64.55987937500001,125.44841666666667,16.72460416666667,4,2020
2021-01-02,5.4773784,1.6290325,5.1494333333333335,16.72460416666667,4,2020
2021-01-03,6.2353616,15.56345540909091,12.231970833333332,16.72460416666667,4,2020
2021-01-04,6.6571813,-0.2475653800000004,2.9658583333333333,16.72460416666667,4,2020
2021-01-05,6.739606,5.120827666666667,5.936595833333333,16.72460416666667,4,2020
2021-01-06,6.5101104,12.944847576923078,11.7102,16.72460416666667,4,2020
2021-01-07,6.776778,-6.752541416666666,4.891895833333333,16.72460416666667,4,2020
2021-01-08,7.027284,-3.376505833333334,2.6361875,16.72460416666667,4,2020
2021-01-09,7.6074886,13.155946244444443,9.02415,16.72460416666667,4,2020
2021-01-10,7.2583957,5.579348166666667,8.982483333333333,16.72460416666667,4,2020
2021-01-11,8.224864,3.2135166666666666,7.971775,16.72460416666667,4,2020
2021-01-12,8.609512,,18.6316875,16.72460416666667,4,2020
2021-01-13,8.430119,,14.978570833333334,16.72460416666667,4,2020
2021-01-14,8.258805,9.855205454545455,13.239645833333334,16.72460416666667,4,2020
2021-01-15,8.331532,13.66639855263158,12.976008333333333,16.72460416666667,4,2020
2021-01-16,8.114965,4.6290757272727285,9.599604166666667,16.72460416666667,4,2020
2021-01-17,7.272942,15.7852425,13.906441666666666,16.72460416666667,4,2020
2021-01-18,6.9028387,12.143702,10.7773625,16.72460416666667,4,2020
2021-01-19,7.6850643,,61.00933333333333,16.72460416666667,4,2020
2021-01-20,7.552538,,82.60927500000001,16.72460416666667,4,2020
2021-01-21,6.9109197,13.687857894736842,13.393229166666666,16.72460416666667,4,2020
2021-01-22,6.6895046,-0.4447499444444441,5.3115875,16.72460416666667,4,2020
2021-01-23,6.7379894,-0.2583481250000001,1.6312125,16.72460416666667,4,2020
2021-01-24,6.742838,17.5622215625,14.124916666666666,16.72460416666667,4,2020
2021-01-25,6.1577854,3.262077392857144,3.729212500000001,16.72460416666667,4,2020
2021-01-26,6.773546,13.939591500000002,10.24255,16.72460416666667,4,2020
2021-01-27,6.3323317,,16.3346375,16.72460416666667,4,2020
2021-01-28,7.3844576,,15.497991666666666,16.72460416666667,4,2020
2021-01-29,7.0369806,22.985526363636367,21.52672916666667,16.72460416666667,4,2020
2021-01-30,7.60264,,43.86685416666666,16.72460416666667,4,2020
2021-01-31,7.1080933,,36.011900000000004,16.72460416666667,4,2020
2021-02-01,7.2260723,,16.842725,16.72460416666667,4,2020
2021-02-02,7.1452646,,-0.0156291666666665,16.72460416666667,4,2020
2021-02-03,6.1707144,-4.859649500000001,-2.806016666666667,16.72460416666667,4,2020
2021-02-04,5.992936,2.592572666666667,6.951229166666667,16.72460416666667,4,2020
2021-02-05,5.7198033,-15.554099884615386,-9.038916666666667,16.72460416666667,4,2020
2021-02-06,6.3129387,-5.105296250000002,2.831933333333333,16.72460416666667,4,2020
2021-02-07,7.012738,44.3771895,35.40550416666667,16.72460416666667,4,2020
2021-02-08,7.3198104,51.99632029411765,51.990141666666666,16.72460416666667,4,2020
2021-02-09,7.182436,228.35106470588235,202.2675125,16.72460416666667,4,2020
2021-02-10,7.314962,114.28357354166668,115.24025,16.72460416666667,4,2020
2021-02-11,7.510518,46.95041708333333,56.821925,16.72460416666667,4,2020
2021-02-12,7.8806205,13.491820153846152,21.43692083333333,16.72460416666667,4,2020
2021-02-13,7.400619,55.17817083333333,44.79417916666667,16.72460416666667,4,2020
2021-02-14,6.938395,,37.07010833333333,16.72460416666667,4,2020
2021-02-15,5.980007,-21.0525225,-9.303320833333332,16.72460416666667,4,2020
2021-02-16,6.0656633,-7.694138423076922,15.524708333333333,16.72460416666667,4,2020
2021-02-17,5.6244507,-15.670387857142856,19.828558333333334,16.72460416666667,4,2020
2021-02-18,5.897582,-2.02651465,1.7006499999999998,16.72460416666667,4,2020
2021-02-19,4.9682856,,50.38560416666667,16.72460416666667,4,2020
2021-02-20,5.018387,,45.34073333333333,16.72460416666667,4,2020
2021-02-21,6.854355,1.7114368750000002,10.197975,16.72460416666667,4,2020
2021-02-22,6.1981897,,22.012025,16.72460416666667,4,2020
2021-02-23,5.63253,23.8738855,24.99604583333333,16.72460416666667,4,2020
2021-02-24,4.1715145,,36.961304166666665,16.72460416666667,4,2020
2021-02-25,6.215967,,13.323520833333331,16.72460416666667,4,2020
2021-02-26,7.10486,,8.313666666666666,16.72460416666667,4,2020
2021-02-27,8.176379,,-0.7164041666666668,16.72460416666667,4,2020
2021-02-28,8.413956,,37.84140833333333,16.72460416666667,4,2020
2021-03-01,7.9759746,,34.56234166666666,16.72460416666667,4,2020
2021-03-02,7.772337,31.830784285714287,30.670741666666668,16.72460416666667,4,2020
2021-03-03,7.326275,40.49496222222222,33.46600416666667,16.72460416666667,4,2020
2021-03-04,6.518191,34.853759999999994,34.73305,16.72460416666667,4,2020
2021-03-05,7.4216294,53.51813045454546,43.251695833333336,16.72460416666667,4,2020
2021-03-06,6.9707174,62.45456664285714,44.716225,16.72460416666667,4,2020
2021-03-07,6.041421,8.314042954545455,15.58295,16.72460416666667,4,2020
2021-03-08,5.5468736,27.13262444444444,19.392316666666662,16.72460416666667,4,2020
2021-03-09,5.0991955,-8.224102916666666,-1.0889333333333333,16.72460416666667,4,2020
2021-03-10,5.5323286,-27.2028015,17.63094166666667,16.72460416666667,4,2020
2021-03-11,6.002633,19.608755,17.6313375,16.72460416666667,4,2020
2021-03-12,5.8232384,,27.51565833333333,16.72460416666667,4,2020
2021-03-13,6.2111187,,24.192266666666665,16.72460416666667,4,2020
2021-03-14,6.2628374,,14.744429166666668,16.72460416666667,4,2020
2021-03-15,6.25314,,11.1605,16.72460416666667,4,2020
2021-03-16,6.118997,,11.93635,16.72460416666667,4,2020
2021-03-17,5.638995,,15.3372,16.72460416666667,4,2020
2021-03-18,5.543641,,13.502083333333331,16.72460416666667,4,2020
2021-03-19,6.08829,,18.61692083333333,16.72460416666667,4,2020
2021-03-20,5.428893,,13.261691666666666,16.72460416666667,4,2020
2021-03-21,5.517782,,21.05877083333333,16.72460416666667,4,2020
2021-03-22,5.2462664,13.402056666666669,27.207654166666668,16.72460416666667,4,2020
2021-03-23,5.377176,,21.793679166666667,16.72460416666667,4,2020
2021-03-24,5.2624283,8.349990714285713,13.967770833333333,16.72460416666667,4,2020
2021-03-25,5.3707113,,13.0397375,16.72460416666667,4,2020
2021-03-26,5.601823,,34.42240833333334,16.72460416666667,4,2020
2021-03-27,5.1509123,,20.10953333333333,16.72460416666667,4,2020
2021-03-28,7.166275,,22.44152083333333,16.72460416666667,4,2020
2021-03-29,8.144056,,23.395841666666666,16.72460416666667,4,2020
2021-03-30,9.946084,54.72225,38.15349583333333,16.72460416666667,4,2020
2021-03-31,9.862043,,31.761825,16.72460416666667,4,2020
2021-04-01,10.700834,,23.111704166666662,16.72460416666667,4,2020
2021-04-02,10.547298,,35.90634583333333,16.72460416666667,4,2020
2021-04-03,10.695986,,62.95305,16.72460416666667,4,2020
2021-04-04,9.19295,,30.8186625,16.72460416666667,4,2020
2021-04-05,9.058807,15.77038857142857,19.28614583333333,16.72460416666667,4,2020
2021-04-06,8.531937,6.536958125,16.689320833333333,16.72460416666667,4,2020
2021-04-07,7.798196,4.223935833333333,17.43509583333333,16.72460416666667,4,2020
2021-04-08,7.2373867,63.52348333333333,45.68675416666667,16.72460416666667,4,2020
2021-04-09,8.6854725,26.504849375000003,25.86842083333333,16.72460416666667,4,2020
2021-04-10,10.692753,34.233420714285714,27.294908333333336,16.72460416666667,4,2020
2021-04-11,9.406283,37.53791485714286,23.61562916666667,16.72460416666667,4,2020
2021-04-12,9.795781,,29.3439625,16.72460416666667,4,2020
2021-04-13,11.227705,,17.35139583333333,16.72460416666667,4,2020
2021-04-14,13.4661,,22.350691666666663,16.72460416666667,4,2020
2021-04-15,16.180454,,40.2988625,16.72460416666667,4,2020
2021-04-16,15.786917,,19.88362083333333,16.72460416666667,4,2020
2021-04-17,14.328325,7.9166766875,15.6541375,16.72460416666667,4,2020
2021-04-18,12.594175,1.2256322272727271,8.115220833333334,16.72460416666667,4,2020
2021-04-19,15.339238,,15.578833333333334,16.72460416666667,4,2020
2021-04-20,16.2952,,18.3597875,16.72460416666667,4,2020
2021-04-21,18.898445,,45.7456,16.72460416666667,4,2020
2021-04-22,17.731167,14.969255,22.4054,16.72460416666667,4,2020
2021-04-23,18.384502,5.84167,15.669483333333334,16.72460416666667,4,2020
2021-04-24,19.020466,17.451465,21.52531666666667,16.72460416666667,4,2020
2021-04-25,21.256838,62.6927285,33.445729166666666,16.72460416666667,4,2020
2021-04-26,19.611174,,20.991329166666667,16.72460416666667,4,2020
2021-04-27,13.037815,26.351114285714285,19.72265,16.72460416666667,4,2020
2021-04-28,14.839842,,15.1840375,16.72460416666667,4,2020
2021-04-29,13.365897,,17.2526,16.72460416666667,4,2020
2021-04-30,14.311356,,17.349766666666667,16.72460416666667,4,2020
2021-05-01,14.295195,,22.1082,16.72460416666667,4,2020
2021-05-02,15.125903,17.73933268181818,16.781670833333333,16.72460416666667,4,2020
2021-05-03,15.533986,,29.292466666666662,16.72460416666667,4,2020
2021-05-04,17.556622,,25.400854166666665,16.72460416666667,4,2020
2021-05-05,15.576007,5.5396984950000006,9.559425,16.72460416666667,4,2020
2021-05-06,15.354591,-5.447409230769231,-1.3218375,16.72460416666667,4,2020
2021-05-07,15.571966,-1.7404812941176473,0.0331583333333333,16.72460416666667,4,2020
2021-05-08,16.125504,,38.04488333333333,16.72460416666667,4,2020
2021-05-09,15.185702,-0.2882157142857143,6.445679166666667,16.72460416666667,4,2020
2021-05-10,14.669336,-3.884735896875,-1.1422416666666668,16.72460416666667,4,2020
2021-05-11,15.353784,3.546271208333333,3.5656041666666667,16.72460416666667,4,2020
2021-05-12,14.343678,,10.523433333333331,16.72460416666667,4,2020
2021-05-13,15.425704,,21.528716666666668,16.72460416666667,4,2020
2021-05-14,15.706917,2.553448,3.4416583333333333,16.72460416666667,4,2020
2021-05-15,15.028125,-2.907466363636364,0.8601249999999999,16.72460416666667,4,2020
2021-05-16,13.457211,-7.089595555555557,1.2163333333333333,16.72460416666667,4,2020
2021-05-17,14.557013,-17.334829166666665,-6.3424708333333335,16.72460416666667,4,2020
2021-05-18,15.487117,5.324238875,5.0611875,16.72460416666667,4,2020
2021-05-19,16.61197,24.654399583333333,18.4984,16.72460416666667,4,2020
2021-05-20,13.670544,59.47091428571428,75.23247500000001,16.72460416666667,4,2020
2021-05-21,14.128728,,78.533825,16.72460416666667,4,2020
2021-05-22,16.268536,30.4639074375,25.3486,16.72460416666667,4,2020
2021-05-23,12.016396,7.582102071428571,25.839025000000003,16.72460416666667,4,2020
2021-05-24,14.621658,29.02554953846154,27.84618333333333,16.72460416666667,4,2020
2021-05-25,15.358631,,23.506779166666664,16.72460416666667,4,2020
2021-05-26,19.214,18.79358544444445,14.047904166666669,16.72460416666667,4,2020
2021-05-27,22.96523,-0.3834983333333343,6.18955,16.72460416666667,4,2020
2021-05-28,29.999804,,6.158591666666666,16.72460416666667,4,2020
2021-05-29,32.8782,,15.643266666666667,16.72460416666667,4,2020
2021-05-30,30.796392,,9.7789875,16.72460416666667,4,2020
2021-05-31,28.494648,,9.918441666666666,16.72460416666667,4,2020
2021-06-01,28.610455,,10.350425,16.72460416666667,4,2020
2021-06-02,25.100136,,6.863462500000001,16.72460416666667,4,2020
2021-06-03,19.272184,20.366851666666665,17.8421625,16.72460416666667,4,2020
2021-06-04,19.877438,45.29307017777778,30.902995833333332,16.72460416666667,4,2020
2021-06-05,17.035404,,46.100995833333336,16.72460416666667,4,2020
2021-06-06,18.359049,,31.88553333333333,16.72460416666667,4,2020
2021-06-07,28.517488,,48.896525,16.72460416666667,4,2020
2021-06-08,28.38957,,118.5833625,16.72460416666667,4,2020
2021-06-09,24.025337,,55.14687083333333,16.72460416666667,4,2020
2021-06-10,24.44271,38.27702,41.5278125,16.72460416666667,4,2020
2021-06-11,22.792097,65.71701666666667,44.24030416666667,16.72460416666667,4,2020
2021-06-12,24.102001,28.441624944444445,24.39572083333333,16.72460416666667,4,2020
2021-06-13,27.153452,38.95216666666666,70.73705,16.72460416666667,4,2020
2021-06-14,23.51577,,98.13563333333332,16.72460416666667,4,2020
2021-06-15,22.710178,96.73427611111111,80.18305416666666,16.72460416666667,4,2020
2021-06-16,21.224514,,105.6161125,16.72460416666667,4,2020
2021-06-17,21.725122,-8.248421,16.555425,16.72460416666667,4,2020
2021-06-18,20.363905,47.26994272727273,39.61994583333333,16.72460416666667,4,2020
2021-06-19,21.847143,-2.18318125,31.664016666666665,16.72460416666667,4,2020
2021-06-20,21.63583,,67.38310416666667,16.72460416666667,4,2020
2021-06-21,12.693569,32.436935,21.4237625,16.72460416666667,4,2020
2021-06-22,12.805895,-2.57336794117647,2.3528124999999998,16.72460416666667,4,2020
2021-06-23,10.862452,1.96368,4.613712500000001,16.72460416666667,4,2020
2021-06-24,10.9772,48.80050714285714,25.194975,16.72460416666667,4,2020
2021-06-25,10.434167,28.02133153846154,22.755591666666664,16.72460416666667,4,2020
2021-06-26,12.25074,14.13113875,18.211129166666662,16.72460416666667,4,2020
2021-06-27,12.164275,,7.671154166666667,16.72460416666667,4,2020
2021-06-28,13.257613,,14.606075,16.72460416666667,4,2020
2021-06-29,11.647909,15.7185205,13.859445833333332,16.72460416666667,4,2020
2021-06-30,5.1897,9.305564999999998,5.709354166666667,16.72460416666667,4,2020
2021-07-01,15.091965,334.9585955555556,154.1883,16.72460416666667,4,2020
2021-07-02,18.45925,37.24840583333333,74.33962916666667,16.72460416666667,4,2020
2021-07-03,19.858046,121.44619333333334,97.29006666666668,16.72460416666667,4,2020
2021-07-04,19.654003,,57.923300000000005,16.72460416666667,4,2020
2021-07-05,18.948544,23.773402142857144,39.42487916666666,16.72460416666667,4,2020
2021-07-06,21.403908,-21.8342875,15.834520833333334,16.72460416666667,4,2020
2021-07-07,21.550575,104.637539,65.00709166666667,16.72460416666667,4,2020
2021-07-08,22.942337,,59.71507916666667,16.72460416666667,4,2020
2021-07-09,22.222296,,60.5069875,16.72460416666667,4,2020
2021-07-10,32.492065,92.27775,128.78244166666667,16.72460416666667,4,2020
2021-07-11,30.911425,,75.63416666666667,16.72460416666667,4,2020
2021-07-12,26.581543,,67.041475,16.72460416666667,4,2020
2021-07-13,31.152534,12.737550000000004,31.792708333333337,16.72460416666667,4,2020
2021-07-14,30.492126,21.993871428571428,32.94949583333334,16.72460416666667,4,2020
2021-07-15,30.995363,57.21667428571429,50.37841666666667,16.72460416666667,4,2020
2021-07-16,33.062744,43.81705722222223,66.97984583333333,16.72460416666667,4,2020
2021-07-17,40.085197,175.0525105,220.37012916666663,16.72460416666667,4,2020
2021-07-18,39.593075,,76.65144583333334,16.72460416666667,4,2020
2021-07-19,34.992653,89.53659999999999,84.1439625,16.72460416666667,4,2020
2021-07-20,31.484558,18.05223075,49.0747375,16.72460416666667,4,2020
2021-07-21,31.043747,37.968714166666665,71.90200833333334,16.72460416666667,4,2020
2021-07-22,39.32156,188.972475,132.74805416666666,16.72460416666667,4,2020
2021-07-23,37.763577,163.72014791666666,148.01487083333333,16.72460416666667,4,2020
2021-07-24,32.136074,386.890859090909,282.447975,16.72460416666667,4,2020
2021-07-25,26.304132,58.19206642857143,51.54975,16.72460416666667,4,2020
2021-07-26,26.078804,-30.4003235,-7.058333333333334,16.72460416666667,4,2020
2021-07-27,23.041088,22.91554,64.4403375,16.72460416666667,4,2020
2021-07-28,24.388065,22.1181277,23.683520833333333,16.72460416666667,4,2020
2021-07-29,23.03806,53.26437536363637,44.09964166666666,16.72460416666667,4,2020
2021-07-30,23.477455,68.67196666666666,82.992025,16.72460416666667,4,2020
2021-07-31,22.572803,49.23450817647058,39.44315,16.72460416666667,4,2020
2021-08-01,27.396997,89.50302666666667,63.54731666666667,16.72460416666667,4,2020
2021-08-02,24.906853,72.2841777,49.34912916666667,16.72460416666667,4,2020
2021-08-03,29.4457,23.151263333333333,99.19907083333334,16.72460416666667,4,2020
2021-08-04,32.359715,59.71189518181818,52.47739166666667,16.72460416666667,4,2020
2021-08-05,28.760605,7.386758843750002,16.468758333333334,16.72460416666667,4,2020
2021-08-06,28.99485,26.691918834615382,35.48557916666667,16.72460416666667,4,2020
2021-08-07,26.864286,65.55237470833333,48.79645,16.72460416666667,4,2020
2021-08-08,33.333054,8.12310575,13.0073625,16.72460416666667,4,2020
2021-08-09,23.435635,30.955637727272723,18.676895833333333,16.72460416666667,4,2020
2021-08-10,25.462797,-1.138321071428571,1.8181583333333329,16.72460416666667,4,2020
2021-08-11,26.472492,18.066211,18.89282916666667,16.72460416666667,4,2020
2021-08-12,30.658527,-4.849966944444444,29.414316666666664,16.72460416666667,4,2020
2021-08-13,28.592426,13.170289344736842,14.0990125,16.72460416666667,4,2020
2021-08-14,31.652033,-48.3680425,-25.057404166666668,16.72460416666667,4,2020
2021-08-15,31.390467,-41.39639285714286,-29.6800375,16.72460416666667,4,2020
2021-08-16,31.426073,-42.38642921428571,-37.1407875,16.72460416666667,4,2020
2021-08-17,31.564255,28.5793975,12.054929166666666,16.72460416666667,4,2020
2021-08-18,30.730837,31.78656473125,24.129483333333337,16.72460416666667,4,2020
2021-08-19,9.425678,12.274319180769233,8.985125,16.72460416666667,4,2020
2021-08-20,8.84709,12.268370733333333,11.527479166666666,16.72460416666667,4,2020
2021-08-21,9.575982,7.306902409090909,13.382929166666663,16.72460416666667,4,2020
2021-08-22,9.288303,5.520831777777778,2.7131791666666665,16.72460416666667,4,2020
2021-08-23,9.642245,75.62974444444444,39.92444583333333,16.72460416666667,4,2020
2021-08-24,10.33558,98.32598625625,43.94118333333333,16.72460416666667,4,2020
2021-08-25,9.873357,61.715175,41.742466666666665,16.72460416666667,4,2020
2021-08-26,8.898807,27.808375,27.923066666666667,16.72460416666667,4,2020
2021-08-27,9.267293,38.43618,49.66300833333333,16.72460416666667,4,2020
2021-08-28,8.700018,22.035538846153845,24.722608333333337,16.72460416666667,4,2020
2021-08-29,8.67416,28.418304111111112,23.0312375,16.72460416666667,4,2020
2021-08-30,8.336381,33.238550000000004,32.789683333333336,16.72460416666667,4,2020
2021-08-31,32.93878,89.68799615384616,140.1521875,16.72460416666667,4,2020
2021-09-01,28.540102,446.45076566666665,351.8616625,16.72460416666667,4,2020
2021-09-02,32.436684,52.745838461538455,60.2643125,16.72460416666667,4,2020
2021-09-03,32.142845,114.41595714285714,91.28739583333332,16.72460416666667,4,2020
2021-09-04,33.9825,26.818050625,66.815725,16.72460416666667,4,2020
2021-09-05,28.837881,,111.29925,16.72460416666667,4,2020
2021-09-06,31.972095,14.13818125,73.66665833333333,16.72460416666667,4,2020
2021-09-07,40.596718,-12.191260555555557,58.82707083333333,16.72460416666667,4,2020
2021-09-08,28.285957,57.5212775,97.12052916666666,16.72460416666667,4,2020
2021-09-09,29.749296,148.93070222222224,259.6593666666667,16.72460416666667,4,2020
2021-09-10,24.457458,133.135265,97.78450416666668,16.72460416666667,4,2020
2021-09-11,25.166122,90.32901258823529,72.8158125,16.72460416666667,4,2020
2021-09-12,25.948273,47.5978268,116.10734166666668,16.72460416666667,4,2020
2021-09-13,32.129208,,179.33028750000005,16.72460416666667,4,2020
2021-09-14,30.72324,177.54472272727273,215.9745625,16.72460416666667,4,2020
2021-09-15,24.307077,115.218785,100.7395625,16.72460416666667,4,2020
2021-09-16,26.077768,233.83459043333332,178.6971625,16.72460416666667,4,2020
2021-09-17,33.093754,118.02774346153844,125.35849166666668,16.72460416666667,4,2020
2021-09-18,26.57119,784.44725,512.0508083333333,16.72460416666667,4,2020
2021-09-19,26.547821,121.65627555555554,104.86998333333334,16.72460416666667,4,2020
2021-09-20,28.302475,60.24698120000001,71.95812083333333,16.72460416666667,4,2020
2021-09-21,31.32832,28.633173333333332,102.39472083333334,16.72460416666667,4,2020
2021-09-22,28.44101,110.75512541666669,105.431375,16.72460416666667,4,2020
2021-09-23,26.646255,204.590295625,152.02439583333333,16.72460416666667,4,2020
2021-09-24,28.11106,221.29174614705883,181.5005125,16.72460416666667,4,2020
2021-09-25,35.056896,36.10068055555556,117.3375125,16.72460416666667,4,2020
2021-09-26,30.135916,-9.700000307692306,82.02655,16.72460416666667,4,2020
2021-09-27,24.629831,45.09355440666666,33.8839625,16.72460416666667,4,2020
2021-09-28,21.2132,-8.365846692307692,9.703804166666666,16.72460416666667,4,2020
2021-09-29,24.071419,-4.707117333333334,0.7774875,16.72460416666667,4,2020
2021-09-30,21.659666,1.1408478499999997,9.143133333333331,16.72460416666667,4,2020
2021-10-01,20.954617,24.45178349736842,20.159925,16.72460416666667,4,2020
2021-10-02,18.559856,26.516275,33.733333333333334,16.72460416666667,4,2020
2021-10-03,17.06369,10.620693035714286,21.191,16.72460416666667,4,2020
2021-10-04,6.6604137,-54.55114727272726,-26.913804166666665,16.72460416666667,4,2020
2021-10-05,11.028918,5.725481111111111,4.5265125,16.72460416666667,4,2020
2021-10-06,10.729925,5.895581192307692,5.712587500000001,16.72460416666667,4,2020
2021-10-07,11.452353,-16.155351071428573,-1.540704166666668,16.72460416666667,4,2020
2021-10-08,11.699626,31.69582045454545,25.110987500000004,16.72460416666667,4,2020
2021-10-09,11.636596,21.09277834,16.050370833333332,16.72460416666667,4,2020
2021-10-10,11.142049,4.555263333333333,5.5029916666666665,16.72460416666667,4,2020
2021-10-11,10.925482,,22.248704166666663,16.72460416666667,4,2020
2021-10-12,10.851138,,6.8926875,16.72460416666667,4,2020
2021-10-13,10.655582,-3.3442130444444462,11.026279166666669,16.72460416666667,4,2020
2021-10-14,10.810734,4.5833055625,18.362041666666663,16.72460416666667,4,2020
2021-10-15,10.665279,,14.081620833333332,16.72460416666667,4,2020
2021-10-16,11.185686,-16.044473571428572,8.685045833333334,16.72460416666667,4,2020
2021-10-17,11.403868,12.5017681,12.350620833333332,16.72460416666667,4,2020
2021-10-18,11.132352,14.800660000000002,7.6787625,16.72460416666667,4,2020
2021-10-19,10.962654,,-3.530375,16.72460416666667,4,2020
2021-10-20,11.184069,26.39337584615384,13.528120833333332,16.72460416666667,4,2020
2021-10-21,10.69437,6.758231818181819,0.3008249999999998,16.72460416666667,4,2020
2021-10-22,10.387299,-59.922390666666665,-36.227975,16.72460416666667,4,2020
2021-10-23,10.781643,-43.42398166666666,-27.215429166666667,16.72460416666667,4,2020
2021-10-24,10.969119,-7.443604614705882,-11.499120833333334,16.72460416666667,4,2020
2021-10-25,15.900857,27.707210000000003,23.55698333333333,16.72460416666667,4,2020
2021-10-26,15.846715,-63.88466785714286,-42.021704166666666,16.72460416666667,4,2020
2021-10-27,17.878239,-26.247272275,-25.6460625,16.72460416666667,4,2020
2021-10-28,21.187748,17.481106,-2.823770833333333,16.72460416666667,4,2020
2021-10-29,21.03815,17.852563272727274,14.196025,16.72460416666667,4,2020
2021-10-30,20.706686,9.441992928571423,5.688891666666668,16.72460416666667,4,2020
2021-10-31,23.352882,-40.344834000000006,-17.33525,16.72460416666667,4,2020
2021-11-01,21.260675,32.453875882352946,26.395916666666665,16.72460416666667,4,2020
2021-11-02,23.132706,35.686616875,25.98792083333333,16.72460416666667,4,2020
2021-11-03,20.974186,,24.55654583333333,16.72460416666667,4,2020
2021-11-04,24.086548,21.94968,26.4766375,16.72460416666667,4,2020
2021-11-05,20.7333,31.151528666666664,25.2237125,16.72460416666667,4,2020
2021-11-06,23.794727,-6.081594090909093,0.0098750000000003,16.72460416666667,4,2020
2021-11-07,23.777355,33.3552128246875,22.6486,16.72460416666667,4,2020
2021-11-08,23.820486,,15.009708333333334,16.72460416666667,4,2020
2021-11-09,23.09306,,10.892441666666665,16.72460416666667,4,2020
2021-11-10,7.3925376,-1.1417396999999996,0.1812000000000001,16.72460416666667,4,2020
2021-11-11,7.591327,7.337241545454545,14.791179166666666,16.72460416666667,4,2020
2021-11-12,7.815974,12.49995881818182,8.849858333333334,16.72460416666667,4,2020
2021-11-13,7.224456,7.755132772727273,7.311883333333333,16.72460416666667,4,2020
2021-11-14,7.339205,14.257536111111111,14.419866666666666,16.72460416666667,4,2020
2021-11-15,6.8931427,14.777506499999998,12.260470833333336,16.72460416666667,4,2020
2021-11-16,6.45516,-1.2369112142857144,1.7797208333333332,16.72460416666667,4,2020
2021-11-17,6.385665,8.75380928125,11.340866666666663,16.72460416666667,4,2020
2021-11-18,6.3452616,16.487175555555556,10.5998625,16.72460416666667,4,2020
2021-11-19,5.677783,2.444306875,4.281391666666667,16.72460416666667,4,2020
2021-11-20,5.533944,3.570984777777779,5.155804166666667,16.72460416666667,4,2020
2021-11-21,5.7812185,12.802316538461538,11.232070833333331,16.72460416666667,4,2020
2021-11-22,5.871724,25.50920409090909,21.79505,16.72460416666667,4,2020
2021-11-23,5.6034393,7.4575373076923075,17.371083333333335,16.72460416666667,4,2020
2021-11-24,5.175155,7.822950772727273,7.248420833333333,16.72460416666667,4,2020
2021-11-25,5.1218214,6.11339655,7.547404166666666,16.72460416666667,4,2020
2021-11-26,5.8313193,28.228294444444444,20.7534875,16.72460416666667,4,2020
2021-11-27,5.744046,16.700322000000003,16.032629166666666,16.72460416666667,4,2020
2021-11-28,5.247883,9.18226,10.193295833333332,16.72460416666667,4,2020
2021-11-29,5.1622257,1.7804937499999998,6.348729166666666,16.72460416666667,4,2020
2021-11-30,6.0753613,-5.165199285714286,5.306391666666666,16.72460416666667,4,2020
2021-12-01,5.7327337,,16.573362499999998,16.72460416666667,4,2020
2021-12-02,5.283438,4.388068772727273,7.669824999999999,16.72460416666667,4,2020
2021-12-03,5.710107,,14.853683333333334,16.72460416666667,4,2020
2021-12-04,5.768289,15.784589285714286,15.9292875,16.72460416666667,4,2020
2021-12-05,5.9202085,15.70502,15.439595833333334,16.72460416666667,4,2020
2021-12-06,5.7068744,12.385794,12.540420833333334,16.72460416666667,4,2020
2021-12-07,5.805461,19.980116111111112,21.5509,16.72460416666667,4,2020
2021-12-08,6.31617,25.02730625,20.24117083333333,16.72460416666667,4,2020
2021-12-09,6.1060686,,18.28923333333333,16.72460416666667,4,2020
2021-12-10,6.7088985,46.011229,30.94592916666667,16.72460416666667,4,2020
2021-12-11,6.222432,,11.785354166666666,16.72460416666667,4,2020
2021-12-12,6.1658664,28.612340454545457,22.98873333333333,16.72460416666667,4,2020
2021-12-13,5.1121244,30.5481575,20.947291666666665,16.72460416666667,4,2020
2021-12-14,5.052326,,17.070625,16.72460416666667,4,2020
2021-12-15,5.186468,,16.028629166666665,16.72460416666667,4,2020
2021-12-16,6.0042496,,10.200595833333333,16.72460416666667,4,2020
2020-12-17,31.06239,1.0297210714285714,13.423445833333332,25.833304166666668,9,2020
2020-12-18,8.895421,,81.50647916666667,25.833304166666668,9,2020
2020-12-19,9.749531,6.771173928571429,12.3312875,25.833304166666668,9,2020
2020-12-20,9.978495,1.5766622499999998,1.659070833333333,25.833304166666668,9,2020
2020-12-21,13.374351,,147.9320708333333,25.833304166666668,9,2020
2020-12-22,11.905384,-3.7210541666666654,5.725308333333333,25.833304166666668,9,2020
2020-12-23,23.32395,,9.872425,25.833304166666668,9,2020
2020-12-24,19.61938,-4.395968749999999,-2.9253625,25.833304166666668,9,2020
2020-12-25,16.722614,6.379263375000001,6.963433333333334,25.833304166666668,9,2020
2020-12-26,21.55785,,130.47466666666665,25.833304166666668,9,2020
2020-12-27,20.216227,54.70354833333332,125.93865,25.833304166666668,9,2020
2020-12-28,17.012033,20.004869444444445,50.40403333333333,25.833304166666668,9,2020
2020-12-29,12.435344,53.678893888888894,36.20645833333334,25.833304166666668,9,2020
2020-12-30,9.870443,4.764089272727273,7.921329166666666,25.833304166666668,9,2020
2020-12-31,8.499237,177.78631272727273,123.29679583333332,25.833304166666668,9,2020
2021-01-01,9.698078,678.3017424999999,310.63834583333335,25.833304166666668,9,2020
2021-01-02,8.797662,-2.1902236363636374,0.4316541666666666,25.833304166666668,9,2020
2021-01-03,8.615006,17.409970416666667,15.546441666666666,25.833304166666668,9,2020
2021-01-04,9.548866,50.94174386666667,49.29927083333333,25.833304166666668,9,2020
2021-01-05,10.099405,34.39424845,32.14315833333333,25.833304166666668,9,2020
2021-01-06,11.833351,25.231839678571426,21.8336625,25.833304166666668,9,2020
2021-01-07,6.688116,-34.36919382857143,-9.403320833333334,25.833304166666668,9,2020
2021-01-08,9.08065,17.1555305,12.415695833333332,25.833304166666668,9,2020
2021-01-09,9.7289505,7.362051111111111,8.154908333333333,25.833304166666668,9,2020
2021-01-10,12.615427,-2.479527357142857,3.132320833333333,25.833304166666668,9,2020
2021-01-11,15.37842,,94.20667083333332,25.833304166666668,9,2020
2021-01-12,13.274016,,81.35218333333334,25.833304166666668,9,2020
2021-01-13,10.194593,,144.31350416666666,25.833304166666668,9,2020
2021-01-14,8.972599,34.36899388888889,44.69008333333333,25.833304166666668,9,2020
2021-01-15,5.924047,-12.312212230769232,-8.517475,25.833304166666668,9,2020
2021-01-16,7.840648,23.06693583333333,15.048395833333332,25.833304166666668,9,2020
2021-01-17,6.600645,-3.184893,-3.638491666666667,25.833304166666668,9,2020
2021-01-18,7.650274,,-9.9713625,25.833304166666668,9,2020
2021-01-19,7.6065392,,42.0282875,25.833304166666668,9,2020
2021-01-20,7.0277,,31.59855,25.833304166666668,9,2020
2021-01-21,7.354422,1.7152558235294122,3.0028916666666667,25.833304166666668,9,2020
2021-01-22,6.652097,-9.435953583333331,-4.2644416666666665,25.833304166666668,9,2020
2021-01-23,6.405126,3.7247544615384616,2.794875,25.833304166666668,9,2020
2021-01-24,9.03177,20.78440183333333,70.955125,25.833304166666668,9,2020
2021-01-25,6.896497,2.405134090909091,3.2908416666666667,25.833304166666668,9,2020
2021-01-26,8.586707,-7.305129,-0.7042124999999994,25.833304166666668,9,2020
2021-01-27,9.718658,,93.40853333333332,25.833304166666668,9,2020
2021-01-28,14.231031,,188.94189166666663,25.833304166666668,9,2020
2021-01-29,16.847383,39.02604,53.5451625,25.833304166666668,9,2020
2021-01-30,18.568466,,42.729733333333336,25.833304166666668,9,2020
2021-01-31,16.09618,,33.90743333333334,25.833304166666668,9,2020
2021-02-01,17.081493,,38.59120416666666,25.833304166666668,9,2020
2021-02-02,14.454849,,113.05170416666664,25.833304166666668,9,2020
2021-02-03,10.739988,,19.568575,25.833304166666668,9,2020
2021-02-04,10.261482,25.90113883333333,20.403025,25.833304166666668,9,2020
2021-02-05,8.298574,,9.432833333333331,25.833304166666668,9,2020
2021-02-06,7.763469,,9.534345833333331,25.833304166666668,9,2020
2021-02-07,9.165546,,18.307391666666664,25.833304166666668,9,2020
2021-02-08,10.217747,15.241612666666668,18.6957875,25.833304166666668,9,2020
2021-02-09,11.573517,,73.20518333333332,25.833304166666668,9,2020
2021-02-10,10.680819,,28.6243,25.833304166666668,9,2020
2021-02-11,12.298995,,31.6950875,25.833304166666668,9,2020
2021-02-12,13.647047,,43.02698333333333,25.833304166666668,9,2020
2021-02-13,15.383565,,35.170575,25.833304166666668,9,2020
2021-02-14,16.278837,,106.54159166666666,25.833304166666668,9,2020
2021-02-15,13.940327,,18.5251375,25.833304166666668,9,2020
2021-02-16,14.110119,,64.6473875,25.833304166666668,9,2020
2021-02-17,13.809121,,146.47669166666665,25.833304166666668,9,2020
2021-02-18,12.484222,-4.775260714285714,41.733495833333336,25.833304166666668,9,2020
2021-02-19,14.815016,,168.51946666666666,25.833304166666668,9,2020
2021-02-20,14.704392,,177.09707916666665,25.833304166666668,9,2020
2021-02-21,14.91792,,18.092583333333334,25.833304166666668,9,2020
2021-02-22,14.267048,-5.967810625,9.271833333333332,25.833304166666668,9,2020
2021-02-23,15.486467,,23.403504166666668,25.833304166666668,9,2020
2021-02-24,14.05352,,68.76757083333334,25.833304166666668,9,2020
2021-02-25,12.489368,,13.6557875,25.833304166666668,9,2020
2021-02-26,9.31733,,28.22587916666667,25.833304166666668,9,2020
2021-02-27,9.21957,,22.787466666666663,25.833304166666668,9,2020
2021-02-28,9.386791,,19.790945833333332,25.833304166666668,9,2020
2021-03-01,10.549615,,14.015625,25.833304166666668,9,2020
2021-03-02,12.093185,-3.4805266,2.578629166666667,25.833304166666668,9,2020
2021-03-03,14.418833,9.36237388888889,9.6279375,25.833304166666668,9,2020
2021-03-04,15.710288,2.483915833333332,2.375716666666667,25.833304166666668,9,2020
2021-03-05,16.777924,-11.474406192307692,-7.647695833333334,25.833304166666668,9,2020
2021-03-06,15.110867,8.270339642857142,8.435979166666668,25.833304166666668,9,2020
2021-03-07,13.104225,-17.016402125,-3.136241666666667,25.833304166666668,9,2020
2021-03-08,10.1997385,,13.9647375,25.833304166666668,9,2020
2021-03-09,8.244549,17.31835142857143,14.597879166666669,25.833304166666668,9,2020
2021-03-10,8.133925,13.2658015,86.91078750000001,25.833304166666668,9,2020
2021-03-11,7.7068715,9.120467727272729,70.77950833333334,25.833304166666668,9,2020
2021-03-12,7.9229717,1.530078333333334,110.73924166666666,25.833304166666668,9,2020
2021-03-13,8.319155,35.93219166666666,26.27485833333333,25.833304166666668,9,2020
2021-03-14,8.879986,,15.596675,25.833304166666668,9,2020
2021-03-15,8.779654,,12.176925,25.833304166666668,9,2020
2021-03-16,8.3243,,11.578258333333332,25.833304166666668,9,2020
2021-03-17,8.982891,,11.842433333333334,25.833304166666668,9,2020
2021-03-18,8.926292,,10.594854166666666,25.833304166666668,9,2020
2021-03-19,9.533432,,11.660475,25.833304166666668,9,2020
2021-03-20,9.235007,,14.700275,25.833304166666668,9,2020
2021-03-21,9.412518,,15.610391666666668,25.833304166666668,9,2020
2021-03-22,8.851687,,15.835345833333331,25.833304166666668,9,2020
2021-03-23,9.214426,,12.9270375,25.833304166666668,9,2020
2021-03-24,9.499988,,9.351170833333333,25.833304166666668,9,2020
2021-03-25,11.915674,,9.606370833333331,25.833304166666668,9,2020
2021-03-26,11.4680395,,12.271683333333334,25.833304166666668,9,2020
2021-03-27,7.892101,,12.693970833333331,25.833304166666668,9,2020
2021-03-28,6.304794,,17.613341666666667,25.833304166666668,9,2020
2021-03-29,9.075504,,16.091654166666668,25.833304166666668,9,2020
2021-03-30,8.488947,,22.77220416666667,25.833304166666668,9,2020
2021-03-31,6.2301884,,17.61445,25.833304166666668,9,2020
2021-04-01,5.123963,,17.9078375,25.833304166666668,9,2020
2021-04-02,3.7913468,,21.562541666666664,25.833304166666668,9,2020
2021-04-03,4.8538375,,20.076270833333336,25.833304166666668,9,2020
2021-04-04,6.137574,,25.212079166666665,25.833304166666668,9,2020
2021-04-05,7.6116843,,23.516341666666666,25.833304166666668,9,2020
2021-04-06,9.934759,,24.143933333333333,25.833304166666668,9,2020
2021-04-07,10.804303,50.26190833333333,30.90465,25.833304166666668,9,2020
2021-04-08,12.895843,8.5147283,10.198783333333331,25.833304166666668,9,2020
2021-04-09,14.79958,41.18264334615385,30.372666666666664,25.833304166666668,9,2020
2021-04-10,17.445518,13.187250384615384,16.48602083333333,25.833304166666668,9,2020
2021-04-11,15.856926,35.168744,24.13477083333333,25.833304166666668,9,2020
2021-04-12,15.180328,39.41811136363636,33.16034166666667,25.833304166666668,9,2020
2021-04-13,10.482726,14.2695838125,8.5633875,25.833304166666668,9,2020
2021-04-14,8.625297,3.646653333333338,4.212775,25.833304166666668,9,2020
2021-04-15,9.58231,2.7322995555555565,10.1564625,25.833304166666668,9,2020
2021-04-16,9.281315,12.9282835,8.699633333333333,25.833304166666668,9,2020
2021-04-17,9.312185,3.417164035714286,5.8182375,25.833304166666668,9,2020
2021-04-18,8.072184,-1.594628,3.5045125,25.833304166666668,9,2020
2021-04-19,7.655419,3.35392759375,5.721041666666667,25.833304166666668,9,2020
2021-04-20,5.3452077,22.73586933333333,17.930191666666666,25.833304166666668,9,2020
2021-04-21,5.4867015,-13.011655769230767,-0.5182749999999992,25.833304166666668,9,2020
2021-04-22,5.718238,-21.454738,-8.828366666666666,25.833304166666668,9,2020
2021-04-23,5.3066196,36.17704714285714,29.730950000000004,25.833304166666668,9,2020
2021-04-24,6.237907,12.838978928571429,13.999645833333332,25.833304166666668,9,2020
2021-04-25,7.462473,19.67108785,19.969366666666662,25.833304166666668,9,2020
2021-04-26,11.1516075,54.65856416666667,29.547083333333333,25.833304166666668,9,2020
2021-04-27,14.953936,18.08012040909091,17.397295833333335,25.833304166666668,9,2020
2021-04-28,19.50104,20.699139545454543,19.578345833333334,25.833304166666668,9,2020
2021-04-29,15.64983,-1.7570950000000003,6.1231375,25.833304166666668,9,2020
2021-04-30,17.860996,13.573032,15.263895833333336,25.833304166666668,9,2020
2021-05-01,23.518827,17.521651428571428,15.997941666666668,25.833304166666668,9,2020
2021-05-02,21.887144,12.618552541666668,15.249820833333333,25.833304166666668,9,2020
2021-05-03,22.13283,24.7103484,75.94829166666666,25.833304166666668,9,2020
2021-05-04,15.272942,19.32419985714285,15.892833333333334,25.833304166666668,9,2020
2021-05-05,11.956837,11.635579923076923,9.5761125,25.833304166666668,9,2020
2021-05-06,12.291278,14.971890076923076,13.633333333333333,25.833304166666668,9,2020
2021-05-07,13.852857,3.136311186111111,21.234391666666667,25.833304166666668,9,2020
2021-05-08,21.000875,,96.27573333333332,25.833304166666668,9,2020
2021-05-09,20.91984,0.836881333333333,16.774112499999998,25.833304166666668,9,2020
2021-05-10,23.744574,10.980482315789471,10.564433333333332,25.833304166666668,9,2020
2021-05-11,28.105162,-2.0094501818181816,3.8365458333333335,25.833304166666668,9,2020
2021-05-12,33.948616,1.7165611818181816,10.215341666666667,25.833304166666668,9,2020
2021-05-13,48.40123,,24.994225,25.833304166666668,9,2020
2021-05-14,48.722927,23.638529222222225,19.543454166666667,25.833304166666668,9,2020
2021-05-15,46.995735,11.650234375,29.174591666666668,25.833304166666668,9,2020
2021-05-16,46.64988,27.663096666666668,23.112345833333336,25.833304166666668,9,2020
2021-05-17,45.024143,25.779810884615383,23.3473375,25.833304166666668,9,2020
2021-05-18,47.421345,20.95733,20.59134166666667,25.833304166666668,9,2020
2021-05-19,46.063164,7.239819117647059,11.188825,25.833304166666668,9,2020
2021-05-20,47.714783,,35.45730416666667,25.833304166666668,9,2020
2021-05-21,44.450653,,69.21749583333333,25.833304166666668,9,2020
2021-05-22,42.542667,17.42850512,26.964566666666663,25.833304166666668,9,2020
2021-05-23,43.794834,41.253276666666665,36.1963625,25.833304166666668,9,2020
2021-05-24,41.639275,15.877934821428571,18.257304166666668,25.833304166666668,9,2020
2021-05-25,38.618168,11.973394222222222,20.446679166666662,25.833304166666668,9,2020
2021-05-26,30.208277,60.68099229411765,50.350637500000005,25.833304166666668,9,2020
2021-05-27,25.53383,0.0461314999999999,5.454729166666667,25.833304166666668,9,2020
2021-05-28,27.08898,14.808812499999998,16.6944875,25.833304166666668,9,2020
2021-05-29,23.471876,,13.458770833333332,25.833304166666668,9,2020
2021-05-30,30.576162,-63.994213571428574,-19.85483333333333,25.833304166666668,9,2020
2021-05-31,33.935436,,-10.680266666666666,25.833304166666668,9,2020
2021-06-01,27.253626,9.030852857142856,4.655562499999999,25.833304166666668,9,2020
2021-06-02,32.678635,0.4662418333333336,0.6839916666666667,25.833304166666668,9,2020
2021-06-03,22.76698,,7.319741666666666,25.833304166666668,9,2020
2021-06-04,16.283981,,6.037908333333334,25.833304166666668,9,2020
2021-06-05,14.532028,,20.450491666666668,25.833304166666668,9,2020
2021-06-06,11.053849,-38.466701666666665,-5.567916666666666,25.833304166666668,9,2020
2021-06-07,9.108948,-13.692390199999997,15.600404166666666,25.833304166666668,9,2020
2021-06-08,6.6032186,,-3.509283333333333,25.833304166666668,9,2020
2021-06-09,9.770111,24.26471235714285,18.436725,25.833304166666668,9,2020
2021-06-10,12.419908,23.602321944444444,24.71077916666667,25.833304166666668,9,2020
2021-06-11,14.573189,12.226375555555556,13.9053125,25.833304166666668,9,2020
2021-06-12,11.401152,,9.022325,25.833304166666668,9,2020
2021-06-13,8.789944,,-3.4862124999999997,25.833304166666668,9,2020
2021-06-14,11.071856,-10.1994965,7.708349999999999,25.833304166666668,9,2020
2021-06-15,9.499987,3.5011324375,10.801675,25.833304166666668,9,2020
2021-06-16,10.06339,34.771087666666666,26.487204166666668,25.833304166666668,9,2020
2021-06-17,13.27659,30.229827272727277,28.68263333333333,25.833304166666668,9,2020
2021-06-18,14.02265,23.431015833333333,22.0382625,25.833304166666668,9,2020
2021-06-19,22.26146,-11.8351645,20.633558333333333,25.833304166666668,9,2020
2021-06-20,32.524597,,58.582704166666666,25.833304166666668,9,2020
2021-06-21,42.716988,69.93149071428572,60.8656875,25.833304166666668,9,2020
2021-06-22,37.61581,37.26619363636364,30.57103333333333,25.833304166666668,9,2020
2021-06-23,30.7247,,18.692325,25.833304166666668,9,2020
2021-06-24,32.803547,-13.891048125,16.678741666666667,25.833304166666668,9,2020
2021-06-25,23.502748,40.91325555555555,40.7386125,25.833304166666668,9,2020
2021-06-26,16.721325,15.991566666666666,21.26387083333333,25.833304166666668,9,2020
2021-06-27,20.58797,,33.0927125,25.833304166666668,9,2020
2021-06-28,14.719829,,20.445,25.833304166666668,9,2020
2021-06-29,9.811274,,21.69654583333333,25.833304166666668,9,2020
2021-06-30,-0.7493246,,9.759045833333332,25.833304166666668,9,2020
2021-07-01,23.318806,,293.65859166666667,25.833304166666668,9,2020
2021-07-02,25.367897,,147.55367916666668,25.833304166666668,9,2020
2021-07-03,29.549686,,67.600375,25.833304166666668,9,2020
2021-07-04,29.834604,,231.3108875,25.833304166666668,9,2020
2021-07-05,25.948023,1.1161666666666683,85.59801666666668,25.833304166666668,9,2020
2021-07-06,23.366398,388.549425,233.46624166666663,25.833304166666668,9,2020
2021-07-07,23.757435,,325.81432083333334,25.833304166666668,9,2020
2021-07-08,21.197681,,109.32202083333334,25.833304166666668,9,2020
2021-07-09,22.553452,,98.47462916666666,25.833304166666668,9,2020
2021-07-10,19.606518,,122.94519583333332,25.833304166666668,9,2020
2021-07-11,22.122538,,121.14375416666668,25.833304166666668,9,2020
2021-07-12,20.79378,,139.15465,25.833304166666668,9,2020
2021-07-13,13.281735,,155.98844166666666,25.833304166666668,9,2020
2021-07-14,11.802479,363.64143125,376.0651083333333,25.833304166666668,9,2020
2021-07-15,12.010861,-54.364124583333336,-22.950154166666664,25.833304166666668,9,2020
2021-07-16,9.507705,93.13532888888888,56.95517083333333,25.833304166666668,9,2020
2021-07-17,5.692512,299.958825,195.54271666666668,25.833304166666668,9,2020
2021-07-18,2.4355767,,91.4369125,25.833304166666668,9,2020
2021-07-19,0.18196261,257.4654721428571,250.2075458333333,25.833304166666668,9,2020
2021-07-20,-0.97571576,104.02476227272729,88.05907083333334,25.833304166666668,9,2020
2021-07-21,3.1481926,1.1739988888888888,73.86320833333333,25.833304166666668,9,2020
2021-07-22,5.471266,106.372605,101.640625,25.833304166666668,9,2020
2021-07-23,10.011938,122.82819805555556,124.60621666666668,25.833304166666668,9,2020
2021-07-24,21.15652,242.299709,163.90998333333334,25.833304166666668,9,2020
2021-07-25,21.49482,33.108672222222225,70.81637916666666,25.833304166666668,9,2020
2021-07-26,22.134117,352.1246566666667,155.77260416666667,25.833304166666668,9,2020
2021-07-27,24.809637,,58.35798333333333,25.833304166666668,9,2020
2021-07-28,22.698803,127.44907142857144,97.89080833333333,25.833304166666668,9,2020
2021-07-29,21.18096,,127.55694583333332,25.833304166666668,9,2020
2021-07-30,18.354939,,81.03666666666668,25.833304166666668,9,2020
2021-07-31,12.160073,136.73331875,104.2607125,25.833304166666668,9,2020
2021-08-01,18.380665,,92.37705,25.833304166666668,9,2020
2021-08-02,23.11171,,72.47171666666667,25.833304166666668,9,2020
2021-08-03,25.707481,,83.04431666666666,25.833304166666668,9,2020
2021-08-04,24.922832,24.8349529375,59.1107375,25.833304166666668,9,2020
2021-08-05,30.766537,-8.722154999999999,36.45349166666667,25.833304166666668,9,2020
2021-08-06,32.31718,100.16588,91.5200625,25.833304166666668,9,2020
2021-08-07,35.558598,7.752629375,30.540970833333333,25.833304166666668,9,2020
2021-08-08,31.436058,54.852854117647055,60.177725,25.833304166666668,9,2020
2021-08-09,24.569098,76.59952535714285,68.35005833333334,25.833304166666668,9,2020
2021-08-10,22.131542,-14.135166428571427,-5.4751916666666665,25.833304166666668,9,2020
2021-08-11,21.932163,42.535858,36.39275,25.833304166666668,9,2020
2021-08-12,22.9059,24.436190000000003,26.1971375,25.833304166666668,9,2020
2021-08-13,24.046856,11.037872525,15.500870833333332,25.833304166666668,9,2020
2021-08-14,26.704372,43.789041,69.6065,25.833304166666668,9,2020
2021-08-15,30.540146,-5.015852,22.642758333333333,25.833304166666668,9,2020
2021-08-16,36.028667,59.72619294117647,52.11410416666666,25.833304166666668,9,2020
2021-08-17,30.603815,18.035987666666667,27.431358333333336,25.833304166666668,9,2020
2021-08-18,26.957773,57.97777777777779,38.86015,25.833304166666668,9,2020
2021-08-19,12.167791,2.5233057142857147,11.169641666666664,25.833304166666668,9,2020
2021-08-20,11.380569,-21.01767033333333,-1.0929666666666675,25.833304166666668,9,2020
2021-08-21,11.758746,-6.6145070000000015,11.919966666666667,25.833304166666668,9,2020
2021-08-22,10.60364,1.8235663,9.3737625,25.833304166666668,9,2020
2021-08-23,2.5642073,5.397653888888889,5.095916666666667,25.833304166666668,9,2020
2021-08-24,2.6259506,7.133906363636364,6.406045833333334,25.833304166666668,9,2020
2021-08-25,3.64728,6.1468079583333335,6.1854458333333335,25.833304166666668,9,2020
2021-08-26,5.7851253,14.34801125,8.183349999999999,25.833304166666668,9,2020
2021-08-27,7.205211,-14.2673655,-6.1710875,25.833304166666668,9,2020
2021-08-28,8.445213,-20.833282666666666,-14.069154166666666,25.833304166666668,9,2020
2021-08-29,8.180234,-40.158426000000006,-20.94768333333333,25.833304166666668,9,2020
2021-08-30,13.230284,14.743200916666666,11.996829166666666,25.833304166666668,9,2020
2021-08-31,74.67341,116.4771911111111,120.64176666666668,25.833304166666668,9,2020
2021-09-01,55.908577,176.92979031250002,153.19892083333335,25.833304166666668,9,2020
2021-09-02,51.02574,122.5664282,100.29932083333334,25.833304166666668,9,2020
2021-09-03,35.382133,36.53397513636364,45.40412083333334,25.833304166666668,9,2020
2021-09-04,32.746162,-0.5503213636363626,33.36579166666667,25.833304166666668,9,2020
2021-09-05,35.438408,,42.890175,25.833304166666668,9,2020
2021-09-06,29.86612,30.3109675,36.885325,25.833304166666668,9,2020
2021-09-07,29.307863,1.2318122222222212,33.84925,25.833304166666668,9,2020
2021-09-08,32.491474,39.59649888888888,106.56995416666666,25.833304166666668,9,2020
2021-09-09,33.93343,116.6839772777778,70.0049375,25.833304166666668,9,2020
2021-09-10,34.697495,-1.652177777777779,25.2899625,25.833304166666668,9,2020
2021-09-11,35.863537,21.321088272727277,31.798925,25.833304166666668,9,2020
2021-09-12,29.953587,,111.06625416666668,25.833304166666668,9,2020
2021-09-13,30.209562,87.94635000000001,98.75915,25.833304166666668,9,2020
2021-09-14,24.033993,160.95180625,98.8482375,25.833304166666668,9,2020
2021-09-15,24.118889,342.517986,179.22860833333334,25.833304166666668,9,2020
2021-09-16,29.370888,97.04334445833332,72.29767083333333,25.833304166666668,9,2020
2021-09-17,39.849083,44.757055,37.6801,25.833304166666668,9,2020
2021-09-18,46.740562,43.41030444444445,44.73857083333333,25.833304166666668,9,2020
2021-09-19,49.58451,68.95359654166667,53.92227083333333,25.833304166666668,9,2020
2021-09-20,44.673744,,69.05282916666667,25.833304166666668,9,2020
2021-09-21,33.798367,52.84323888888888,40.4710625,25.833304166666668,9,2020
2021-09-22,30.619896,,41.70057916666666,25.833304166666668,9,2020
2021-09-23,28.406158,76.34582,44.450525,25.833304166666668,9,2020
2021-09-24,21.4215,-16.180027499999998,14.492383333333336,25.833304166666668,9,2020
2021-09-25,18.280333,4.830455000000001,16.699708333333334,25.833304166666668,9,2020
2021-09-26,19.57436,40.12038888888889,32.1046,25.833304166666668,9,2020
2021-09-27,23.977396,85.75258535714286,68.80975833333333,25.833304166666668,9,2020
2021-09-28,29.306574,35.490463125,36.60438333333334,25.833304166666668,9,2020
2021-09-29,31.696537,35.92459291666666,41.67102916666666,25.833304166666668,9,2020
2021-09-30,33.033653,-1.4278463636363634,20.053700000000003,25.833304166666668,9,2020
2021-10-01,55.763374,18.80905357142857,30.654254166666664,25.833304166666668,9,2020
2021-10-02,58.29548,-14.509738333333337,9.6186125,25.833304166666668,9,2020
2021-10-03,65.21261,25.284002142857144,20.538666666666668,25.833304166666668,9,2020
2021-10-04,70.15203,,19.0536625,25.833304166666668,9,2020
2021-10-05,79.912544,-70.66990454545454,-34.79866666666667,25.833304166666668,9,2020
2021-10-06,73.15685,100.3449228125,74.21783333333333,25.833304166666668,9,2020
2021-10-07,79.929276,54.45779592307692,99.886225,25.833304166666668,9,2020
2021-10-08,92.07588,55.03254758571428,45.3149125,25.833304166666668,9,2020
2021-10-09,95.54377,141.231773,96.11186666666669,25.833304166666668,9,2020
2021-10-10,95.698135,-33.41175571428571,28.886545833333333,25.833304166666668,9,2020
2021-10-11,83.02542,,92.1489375,25.833304166666668,9,2020
2021-10-12,77.01192,,37.175275,25.833304166666668,9,2020
2021-10-13,62.113247,,33.146225,25.833304166666668,9,2020
2021-10-14,56.12258,10.215387083333336,23.612166666666667,25.833304166666668,9,2020
2021-10-15,45.45988,34.97296911764706,32.502408333333335,25.833304166666668,9,2020
2021-10-16,40.250835,23.485162142857146,32.4953,25.833304166666668,9,2020
2021-10-17,32.953262,40.46259,36.8205875,25.833304166666668,9,2020
2021-10-18,32.19498,7.907070500000001,23.87035416666667,25.833304166666668,9,2020
2021-10-19,33.186726,4.893592499999999,18.44909583333333,25.833304166666668,9,2020
2021-10-20,37.750874,23.219520125,27.483604166666662,25.833304166666668,9,2020
2021-10-21,40.754223,82.34507490625,61.34241666666667,25.833304166666668,9,2020
2021-10-22,43.801193,20.160007203846156,22.47417083333333,25.833304166666668,9,2020
2021-10-23,49.39185,5.238968075000001,6.7712916666666665,25.833304166666668,9,2020
2021-10-24,48.812008,-2.938836729411764,2.141625000000001,25.833304166666668,9,2020
2021-10-25,24.151049,5.549181071428571,3.546645833333334,25.833304166666668,9,2020
2021-10-26,22.581749,-15.820459541666668,-11.200291666666669,25.833304166666668,9,2020
2021-10-27,18.258467,0.2655708078947368,0.6366916666666667,25.833304166666668,9,2020
2021-10-28,17.598589,15.171722666666668,10.232666666666669,25.833304166666668,9,2020
2021-10-29,16.240246,51.199504,50.94795,25.833304166666668,9,2020
2021-10-30,16.736761,5.187645909090909,4.0250208333333335,25.833304166666668,9,2020
2021-10-31,20.431042,7.426574782,16.635833333333334,25.833304166666668,9,2020
2021-11-01,16.142488,3.6078068125,3.2553749999999995,25.833304166666668,9,2020
2021-11-02,13.490118,10.703483181818182,6.989004166666667,25.833304166666668,9,2020
2021-11-03,3.611263,3.215175,2.000525,25.833304166666668,9,2020
2021-11-04,1.7203887,-10.934440454545454,-4.285950000000001,25.833304166666668,9,2020
2021-11-05,1.3139147,0.0763966538461539,1.5757916666666665,25.833304166666668,9,2020
2021-11-06,1.3396413,9.1060942,4.817541666666666,25.833304166666668,9,2020
2021-11-07,2.692839,-7.314902541666666,-2.6565041666666667,25.833304166666668,9,2020
2021-11-08,3.8530886,8.646871666666668,4.6616875,25.833304166666668,9,2020
2021-11-09,5.021058,-2.0649443823529423,-2.9050291666666666,25.833304166666668,9,2020
2021-11-10,6.721559,-0.8466201785714286,-1.8906458333333327,25.833304166666668,9,2020
2021-11-11,10.320651,-0.8097635418749999,-1.6803791666666668,25.833304166666668,9,2020
2021-11-12,14.104975,-24.081069111111116,-14.382508333333334,25.833304166666668,9,2020
2021-11-13,13.572441,-1.0417868749999992,-2.848433333333333,25.833304166666668,9,2020
2021-11-14,12.957584,-9.70014142857143,-7.263220833333334,25.833304166666668,9,2020
2021-11-15,11.092437,4.195053124999999,-1.6237624999999998,25.833304166666668,9,2020
2021-11-16,9.291605,-10.7675855,-7.487695833333333,25.833304166666668,9,2020
2021-11-17,7.1331773,2.010639,0.3594291666666668,25.833304166666668,9,2020
2021-11-18,6.670106,6.381352611111111,6.264679166666667,25.833304166666668,9,2020
2021-11-19,5.8134246,8.141529375000001,5.4829875,25.833304166666668,9,2020
2021-11-20,5.87774,90.604112,37.93015,25.833304166666668,9,2020
2021-11-21,7.0302725,-11.85636538888889,-4.275383333333333,25.833304166666668,9,2020
2021-11-22,7.5525146,42.36847222222222,21.704529166666664,25.833304166666668,9,2020
2021-11-23,7.5113525,-8.746583999999999,-1.1871999999999998,25.833304166666668,9,2020
2021-11-24,6.590355,10.3482211,7.8378,25.833304166666668,9,2020
2021-11-25,6.2327614,1.2222365384615386,2.4272000000000005,25.833304166666668,9,2020
2021-11-26,6.8759155,6.005074999999997,9.119895833333333,25.833304166666668,9,2020
2021-11-27,8.882558,-112.41941470588236,-62.32823333333334,25.833304166666668,9,2020
2021-11-28,9.029197,6.681926818181818,7.688029166666666,25.833304166666668,9,2020
2021-11-29,9.417664,4.913494444444444,3.912475,25.833304166666668,9,2020
2021-11-30,11.725302,-2.10348565,3.5901,25.833304166666668,9,2020
2021-12-01,10.212601,,19.38818333333333,25.833304166666668,9,2020
2021-12-02,10.174013,-3.80687,0.0211333333333332,25.833304166666668,9,2020
2021-12-03,37.309345,,29.48494583333333,25.833304166666668,9,2020
2021-12-04,37.41225,-22.29709529166667,-0.461587500000002,25.833304166666668,9,2020
2021-12-05,33.40797,64.56325236666666,52.084575,25.833304166666668,9,2020
2021-12-06,32.911457,-3.796307727272726,13.645720833333334,25.833304166666668,9,2020
2021-12-07,32.16025,-56.11896963636364,-13.4296625,25.833304166666668,9,2020
2021-12-08,30.165184,34.56838007692308,26.3705125,25.833304166666668,9,2020
2021-12-09,27.39512,15.92843155,17.863945833333332,25.833304166666668,9,2020
2021-12-10,26.560303,24.489275666666668,21.611975,25.833304166666668,9,2020
2021-12-11,24.266815,16.93453,15.945083333333336,25.833304166666668,9,2020
2021-12-12,24.669428,23.87432,16.437304166666667,25.833304166666668,9,2020
2021-12-13,26.606611,39.58545547058823,28.450716666666665,25.833304166666668,9,2020
2021-12-14,31.980812,-18.90259181818182,-2.458016666666666,25.833304166666668,9,2020
2021-12-15,39.993553,20.402775625,19.26664166666667,25.833304166666668,9,2020
2021-12-16,47.050602,,29.227079166666663,25.833304166666668,9,2020
2021-12-17,2.3752968,,7.915641666666667,9.767054166666666,2,2021
2021-12-18,1.7871532,,7.511141666666667,9.767054166666666,2,2021
2021-12-19,2.1540146,,9.4536,9.767054166666666,2,2021
2021-12-20,2.386943,,8.070612500000001,9.767054166666666,2,2021
2021-12-21,2.9964387,,15.327129166666666,9.767054166666666,2,2021
2021-12-22,2.7945676,,12.203404166666669,9.767054166666666,2,2021
2021-12-23,3.10708,,9.798145833333333,9.767054166666666,2,2021
2021-12-24,3.6214635,,16.678820833333333,9.767054166666666,2,2021
2021-12-25,3.0721405,,16.090841666666666,9.767054166666666,2,2021
2021-12-26,3.9087415,,14.676816666666667,9.767054166666666,2,2021
2021-12-27,3.5030587,,17.7266375,9.767054166666666,2,2021
2021-12-28,0.69627213,,37.08269166666667,9.767054166666666,2,2021
2021-12-29,1.8764422,,25.336775,9.767054166666666,2,2021
2021-12-30,2.266597,,18.903054166666667,9.767054166666666,2,2021
2021-12-31,2.0977237,,58.73559166666666,9.767054166666666,2,2021
2022-01-01,2.2083647,,18.1311875,9.767054166666666,2,2021
2022-01-02,1.3310015,,41.605175,9.767054166666666,2,2021
2022-01-03,1.5716941,,20.293916666666668,9.767054166666666,2,2021
2022-01-04,0.8282647,,24.834725,9.767054166666666,2,2021
2022-01-05,1.7793882,,14.678420833333334,9.767054166666666,2,2021
2022-01-06,1.7871525,,30.278325,9.767054166666666,2,2021
2022-01-07,0.20518184,,13.703954166666668,9.767054166666666,2,2021
2022-01-08,0.3895831,,40.4031375,9.767054166666666,2,2021
2022-01-09,1.711451,,8.358441666666666,9.767054166666666,2,2021
2022-01-10,5.1432614,,12.116266666666666,9.767054166666666,2,2021
2022-01-11,3.4894705,,13.289508333333332,9.767054166666666,2,2021
2022-01-12,5.587767,,10.575875,9.767054166666666,2,2021
2022-01-13,6.0613875,,17.427479166666668,9.767054166666666,2,2021
2022-01-14,5.1141458,,13.748075,9.767054166666666,2,2021
2022-01-15,6.436014,,14.392433333333337,9.767054166666666,2,2021
2022-01-16,2.691691,,8.1168125,9.767054166666666,2,2021
2022-01-17,6.8785777,,17.632416666666668,9.767054166666666,2,2021
2022-01-18,6.418545,,11.336687500000002,9.767054166666666,2,2021
2022-01-19,3.3904765,,9.723770833333331,9.767054166666666,2,2021
2022-01-20,4.708462,,10.7882875,9.767054166666666,2,2021
2022-01-21,3.8078063,,10.801233333333334,9.767054166666666,2,2021
2022-01-22,2.9420893,,8.333216666666667,9.767054166666666,2,2021
2022-01-23,6.4631896,,12.168533333333334,9.767054166666666,2,2021
2022-01-24,5.2539024,,11.9275125,9.767054166666666,2,2021
2022-01-25,4.7336965,,13.578129166666663,9.767054166666666,2,2021
2022-01-26,3.9087415,,8.6922625,9.767054166666666,2,2021
2022-01-27,1.6920404,,12.173508333333332,9.767054166666666,2,2021
2022-01-28,1.5716941,,17.457058333333332,9.767054166666666,2,2021
2022-01-29,0.051836967,,36.55660833333334,9.767054166666666,2,2021
2022-01-30,1.662924,,31.25487916666667,9.767054166666666,2,2021
2022-01-31,0.94861126,,10.367804166666668,9.767054166666666,2,2021
2022-02-01,0.950552,,11.311770833333334,9.767054166666666,2,2021
2022-02-02,1.6202207,,8.481779166666668,9.767054166666666,2,2021
2022-02-03,1.8919702,,12.622066666666669,9.767054166666666,2,2021
2022-02-04,1.0165486,,17.872766666666667,9.767054166666666,2,2021
2022-02-05,1.7308617,,19.53452916666667,9.767054166666666,2,2021
2022-02-06,2.1190755,,50.062804166666666,9.767054166666666,2,2021
2022-02-07,2.241363,,11.570870833333332,9.767054166666666,2,2021
2022-02-08,3.000321,,14.727845833333332,9.767054166666666,2,2021
2022-02-09,2.6664572,,11.594458333333334,9.767054166666666,2,2021
2022-02-10,2.268538,,16.93657083333333,9.767054166666666,2,2021
2022-02-11,6.1700873,,11.402979166666666,9.767054166666666,2,2021
2022-02-12,5.1820836,,18.623366666666666,9.767054166666666,2,2021
2022-02-13,4.3551874,,37.80518333333333,9.767054166666666,2,2021
2022-02-14,2.4937022,,32.7622625,9.767054166666666,2,2021
2022-02-15,3.437062,,45.62210416666667,9.767054166666666,2,2021
2022-02-16,3.0507889,,82.84893749999999,9.767054166666666,2,2021
2022-02-17,2.7965093,,30.521275,9.767054166666666,2,2021
2022-02-18,2.0511384,,43.11265,9.767054166666666,2,2021
2022-02-19,2.738277,,42.157075,9.767054166666666,2,2021
2022-02-20,2.418,,83.41421666666666,9.767054166666666,2,2021
2022-02-21,1.160188,,38.42126666666667,9.767054166666666,2,2021
2022-02-22,2.0744312,,35.60292916666666,9.767054166666666,2,2021
2022-02-23,2.9906158,,16.764370833333334,9.767054166666666,2,2021
2022-02-24,1.3853514,,36.9496375,9.767054166666666,2,2021
2022-02-25,2.4548807,,15.303854166666667,9.767054166666666,2,2021
2022-02-26,4.9355674,,15.400679166666668,9.767054166666666,2,2021
2022-02-27,5.8866916,,14.6327875,9.767054166666666,2,2021
2022-02-28,3.0352604,,14.733391666666668,9.767054166666666,2,2021
2022-03-01,1.6318679,,26.905083333333334,9.767054166666666,2,2021
2022-03-02,2.3345346,,19.9594,9.767054166666666,2,2021
2022-03-03,1.2902391,,12.904275,9.767054166666666,2,2021
2022-03-04,0.43228698,,14.974316666666668,9.767054166666666,2,2021
2022-03-05,1.2630641,,20.3231125,9.767054166666666,2,2021
2022-03-06,1.4571714,,18.2246625,9.767054166666666,2,2021
2022-03-07,1.7677422,,21.3497125,9.767054166666666,2,2021
2022-03-08,4.458064,,13.470645833333334,9.767054166666666,2,2021
2022-03-09,4.351305,,11.229133333333335,9.767054166666666,2,2021
2022-03-10,2.8586228,,7.976458333333333,9.767054166666666,2,2021
2022-03-11,3.4448261,,22.14957083333333,9.767054166666666,2,2021
2022-03-12,4.265898,,23.11939166666667,9.767054166666666,2,2021
2022-03-13,4.4580646,,11.61195,9.767054166666666,2,2021
2022-03-14,2.5422287,,19.985458333333334,9.767054166666666,2,2021
2022-03-15,4.621114,,11.507408333333332,9.767054166666666,2,2021
2022-03-16,1.0068431,,13.247791666666666,9.767054166666666,2,2021
2022-03-17,-0.0199821,,12.351070833333331,9.767054166666666,2,2021
2022-03-18,1.1757162,,14.165095833333332,9.767054166666666,2,2021
2022-03-19,1.4028208,,18.96676666666667,9.767054166666666,2,2021
2022-03-20,1.785212,,16.017645833333333,9.767054166666666,2,2021
2022-03-21,1.0049019,,12.034808333333332,9.767054166666666,2,2021
2022-03-22,1.3737049,,17.350745833333335,9.767054166666666,2,2021
2022-03-23,0.64192224,,23.211670833333333,9.767054166666666,2,2021
2022-03-24,-0.910933,,19.111083333333333,9.767054166666666,2,2021
2022-03-25,-0.25096965,,14.0834,9.767054166666666,2,2021
2022-03-26,-0.31114268,,20.578320833333333,9.767054166666666,2,2021
2022-03-27,1.4164085,,22.21033333333333,9.767054166666666,2,2021
2022-03-28,0.8651452,,15.626570833333332,9.767054166666666,2,2021
2022-03-29,-0.9516957,,18.1914,9.767054166666666,2,2021
2022-03-30,-1.5010183,,13.6989625,9.767054166666666,2,2021
2022-03-31,-2.1590416,,16.180633333333333,9.767054166666666,2,2021
2022-04-01,-3.374151,,15.9046875,9.767054166666666,2,2021
2022-04-02,-2.978172,,14.282958333333331,9.767054166666666,2,2021
2022-04-03,-2.1706867,,17.612933333333334,9.767054166666666,2,2021
2022-04-04,-1.2583845,,10.874225,9.767054166666666,2,2021
2022-04-05,-0.80805635,,11.0362625,9.767054166666666,2,2021
2022-04-06,-0.6954746,,10.436108333333332,9.767054166666666,2,2021
2022-04-07,-1.5553682,,10.4105,9.767054166666666,2,2021
2022-04-08,-2.632662,,23.673758333333332,9.767054166666666,2,2021
2022-04-09,-2.485141,,10.7297375,9.767054166666666,2,2021
2022-04-10,-0.33637667,,12.025541666666667,9.767054166666666,2,2021
2022-04-11,0.11589241,,9.680825,9.767054166666666,2,2021
2022-04-12,1.5833409,,11.770895833333334,9.767054166666666,2,2021
2022-04-13,-0.5168958,,12.6686125,9.767054166666666,2,2021
2022-04-14,-0.73817754,,24.9423875,9.767054166666666,2,2021
2022-04-15,-2.9432333,,28.4409375,9.767054166666666,2,2021
2022-04-16,-1.5767195,,28.8371875,9.767054166666666,2,2021
2022-04-17,-0.16168046,,15.458795833333332,9.767054166666666,2,2021
2022-04-18,-0.6061857,,13.303033333333332,9.767054166666666,2,2021
2022-04-19,-1.3729072,,14.896820833333331,9.767054166666666,2,2021
2022-04-20,-2.8170633,,31.926058333333334,9.767054166666666,2,2021
2022-04-21,-2.5123155,,27.163391666666666,9.767054166666666,2,2021
2022-04-22,-1.2855589,,23.6029625,9.767054166666666,2,2021
2022-04-23,-0.99439883,,21.63905,9.767054166666666,2,2021
2022-04-24,-1.501018,,47.158191666666674,9.767054166666666,2,2021
2022-04-25,-2.5491958,,18.082766666666668,9.767054166666666,2,2021
2022-04-26,-2.1279843,,16.126708333333333,9.767054166666666,2,2021
2022-04-27,-1.1652133,,16.888895833333333,9.767054166666666,2,2021
2022-04-28,-1.3399091,,17.48165,9.767054166666666,2,2021
2022-04-29,-3.30039,,26.935104166666665,9.767054166666666,2,2021
2022-04-30,-2.8733547,,33.3212125,9.767054166666666,2,2021
2022-05-01,-1.2913833,,44.15317916666667,9.767054166666666,2,2021
2022-05-02,-1.3554385,,16.618441666666666,9.767054166666666,2,2021
2022-05-03,-1.2661495,,24.5187875,9.767054166666666,2,2021
2022-05-04,-0.90705085,,15.954816666666666,9.767054166666666,2,2021
2022-05-05,-2.32015,,34.26819583333333,9.767054166666666,2,2021
2022-05-06,-1.0332198,,16.233395833333333,9.767054166666666,2,2021
2022-05-07,-2.6811886,,20.57797083333333,9.767054166666666,2,2021
2022-05-08,1.0864267,,18.97160833333333,9.767054166666666,2,2021
2022-05-09,0.9136719,,10.619854166666666,9.767054166666666,2,2021
2022-05-10,-0.48001575,,11.529404166666666,9.767054166666666,2,2021
2022-05-11,-0.39654994,,8.414620833333334,9.767054166666666,2,2021
2022-05-12,-0.431489,,7.485495833333334,9.767054166666666,2,2021
2022-05-13,-1.514606,,8.615425,9.767054166666666,2,2021
2022-05-14,-0.1519754,,15.478741666666666,9.767054166666666,2,2021
2022-05-15,3.7418091,,30.113266666666664,9.767054166666666,2,2021
2022-05-16,3.4700599,,20.819075,9.767054166666666,2,2021
2022-05-17,4.1242003,,23.670304166666668,9.767054166666666,2,2021
2022-05-18,4.529884,,35.54980833333333,9.767054166666666,2,2021
2022-05-19,0.049896,,48.190625,9.767054166666666,2,2021
2022-05-20,-0.07239103,,52.1678125,9.767054166666666,2,2021
2022-05-21,-1.6621273,,51.7625875,9.767054166666666,2,2021
2022-05-22,-0.34025908,,77.26997916666666,9.767054166666666,2,2021
2022-05-23,-1.8795271,,16.326041666666665,9.767054166666666,2,2021
2022-05-24,-2.4463196,,28.39925,9.767054166666666,2,2021
2022-05-25,-1.097276,,28.906658333333336,9.767054166666666,2,2021
2022-05-26,-1.0235143,,36.21583333333333,9.767054166666666,2,2021
2022-05-27,-4.329156,,51.3494375,9.767054166666666,2,2021
2022-05-28,-5.074527,,68.6021375,9.767054166666666,2,2021
2022-05-29,-0.18109131,,29.597458333333336,9.767054166666666,2,2021
2022-05-30,-2.1066327,,18.39615833333333,9.767054166666666,2,2021
2022-05-31,-3.0519328,,9.014383333333331,9.767054166666666,2,2021
2022-06-01,-2.2755053,,13.454025,9.767054166666666,2,2021
2022-06-02,-2.8422978,,14.172016666666666,9.767054166666666,2,2021
2022-06-03,-3.7934215,,20.88018333333333,9.767054166666666,2,2021
2022-06-04,-1.4389043,,37.02615,9.767054166666666,2,2021
2022-06-05,-0.047157288,,26.8501625,9.767054166666666,2,2021
2022-06-06,-2.0328717,,24.165604166666668,9.767054166666666,2,2021
2022-06-07,0.836029,,20.2296,9.767054166666666,2,2021
2022-06-08,-1.7067716,,9.552358333333332,9.767054166666666,2,2021
2022-06-09,-1.2467384,,26.823287500000003,9.767054166666666,2,2021
2022-06-10,0.73509336,,23.166908333333332,9.767054166666666,2,2021
2022-06-11,0.35076165,,23.4058375,9.767054166666666,2,2021
2022-06-12,0.18577099,,8.603620833333332,9.767054166666666,2,2021
2022-06-13,-0.16944456,,22.003891666666664,9.767054166666666,2,2021
2022-06-14,0.48469567,,8.335433333333333,9.767054166666666,2,2021
2022-06-15,0.88067347,,11.076583333333334,9.767054166666666,2,2021
2022-06-16,4.978271,,25.8327875,9.767054166666666,2,2021
2022-06-17,1.9133222,,31.556425,9.767054166666666,2,2021
2022-06-18,-0.48972106,,18.7468625,9.767054166666666,2,2021
2022-06-19,0.9563754,,25.82132083333333,9.767054166666666,2,2021
2022-06-20,1.4416425,,40.579770833333335,9.767054166666666,2,2021
2022-06-21,1.4882281,,15.418970833333333,9.767054166666666,2,2021
2022-06-22,2.4490576,,22.137304166666667,9.767054166666666,2,2021
2022-06-23,1.9269102,,19.93200416666667,9.767054166666666,2,2021
2022-06-24,1.1058378,,48.70947916666666,9.767054166666666,2,2021
2022-06-25,1.408644,,26.2950625,9.767054166666666,2,2021
2022-06-26,1.3834107,,37.83319166666667,9.767054166666666,2,2021
2022-06-27,1.144659,,33.85839583333333,9.767054166666666,2,2021
2022-06-28,1.5600479,,48.0397,9.767054166666666,2,2021
2022-06-29,0.24012089,,41.94915833333334,9.767054166666666,2,2021
2022-06-30,-0.6585946,,42.11911666666666,9.767054166666666,2,2021
2022-07-01,1.2378304,,47.91625,9.767054166666666,2,2021
2022-07-02,0.8224416,,39.554125,9.767054166666666,2,2021
2022-07-03,0.5681615,,38.57859583333333,9.767054166666666,2,2021
2022-07-04,0.6729796,,45.877525,9.767054166666666,2,2021
2022-07-05,0.71956515,,31.330625,9.767054166666666,2,2021
2022-07-06,1.148541,,15.8576375,9.767054166666666,2,2021
2022-07-07,1.4144676,,6.298866666666666,9.767054166666666,2,2021
2022-07-08,1.7871528,,5.4605125,9.767054166666666,2,2021
2022-07-09,1.6473958,,6.172675000000001,9.767054166666666,2,2021
2022-07-10,5.651822,,3.803775,9.767054166666666,2,2021
2022-07-11,8.219856,,5.088029166666667,9.767054166666666,2,2021
2022-07-12,4.7084627,,30.632575,9.767054166666666,2,2021
2022-07-13,4.6308193,,2.7763875,9.767054166666666,2,2021
2022-07-14,3.8213935,,3.5921791666666665,9.767054166666666,2,2021
2022-07-15,5.634352,,7.591770833333334,9.767054166666666,2,2021
2022-07-16,13.880984,,6.640325,9.767054166666666,2,2021
2022-07-17,16.956366,,2.7378750000000003,9.767054166666666,2,2021
2022-07-18,16.066143,,3.4157,9.767054166666666,2,2021
2022-07-19,11.05964,,2.3242875,9.767054166666666,2,2021
2022-07-20,5.434422,,1.5863333333333334,9.767054166666666,2,2021
2022-07-21,6.4224267,,3.9959166666666666,9.767054166666666,2,2021
2022-07-22,5.1296744,,6.121020833333334,9.767054166666666,2,2021
2022-07-23,5.3024297,,7.3989,9.767054166666666,2,2021
2022-07-24,8.113098,,3.0217375000000004,9.767054166666666,2,2021
2022-07-25,4.5046496,,5.561179166666666,9.767054166666666,2,2021
2022-07-26,3.4409437,,8.406533333333334,9.767054166666666,2,2021
2022-07-27,5.281078,,12.4029,9.767054166666666,2,2021
2022-07-28,6.948456,,24.337845833333333,9.767054166666666,2,2021
2022-07-29,7.7811747,,50.935975000000006,9.767054166666666,2,2021
2022-07-30,4.3629518,,44.36782916666667,9.767054166666666,2,2021
2022-07-31,4.203784,,44.6847,9.767054166666666,2,2021
2022-08-01,3.6874597,,52.3053875,9.767054166666666,2,2021
2022-08-02,5.215081,,44.221425,9.767054166666666,2,2021
2022-08-03,4.869571,,48.36453333333333,9.767054166666666,2,2021
2022-08-04,2.6819854,,47.705175,9.767054166666666,2,2021
2022-08-05,2.9479122,,45.24445416666666,9.767054166666666,2,2021
2022-08-06,4.7181673,,51.2598625,9.767054166666666,2,2021
2022-08-07,6.962044,,50.623491666666666,9.767054166666666,2,2021
2022-08-08,9.128277,,49.42653333333333,9.767054166666666,2,2021
2022-08-09,11.757456,,63.167008333333335,9.767054166666666,2,2021
2022-08-10,14.28133,,60.5100125,9.767054166666666,2,2021
2022-08-11,17.100248,,48.60935,9.767054166666666,2,2021
2022-08-12,18.642914,,48.81017916666667,9.767054166666666,2,2021
2022-08-13,19.705103,,62.585141666666665,9.767054166666666,2,2021
2022-08-14,20.39171,,62.814820833333336,9.767054166666666,2,2021
2022-08-15,12.193224,,39.528529166666665,9.767054166666666,2,2021
2022-08-16,10.937354,,18.386775,9.767054166666666,2,2021
2022-08-17,12.896863,,50.686145833333335,9.767054166666666,2,2021
2022-08-18,5.8478703,,15.002254166666669,9.767054166666666,2,2021
2022-08-19,8.245091,,12.829666666666666,9.767054166666666,2,2021
2022-08-20,8.96911,,14.269641666666669,9.767054166666666,2,2021
2022-08-21,8.710947,,19.607433333333333,9.767054166666666,2,2021
2022-08-22,7.4822507,,18.0846125,9.767054166666666,2,2021
2022-08-23,7.323084,,17.378416666666666,9.767054166666666,2,2021
2022-08-24,5.4635386,,17.7023875,9.767054166666666,2,2021
2022-08-25,2.7790391,,13.794229166666668,9.767054166666666,2,2021
2022-08-26,8.299439,,41.97057083333333,9.767054166666666,2,2021
2022-08-27,10.609313,,20.52488333333333,9.767054166666666,2,2021
2022-08-28,12.830866,,30.71215,9.767054166666666,2,2021
2022-08-29,10.0425205,,28.153220833333336,9.767054166666666,2,2021
2022-08-30,11.00529,,15.916704166666667,9.767054166666666,2,2021
2022-08-31,11.095551,,14.275295833333333,9.767054166666666,2,2021
2022-09-01,9.909557,,16.932558333333333,9.767054166666666,2,2021
2022-09-02,13.300604,,19.0055,9.767054166666666,2,2021
2022-09-03,11.099433,,15.514475,9.767054166666666,2,2021
2022-09-04,16.580042,,14.221708333333334,9.767054166666666,2,2021
2022-09-05,15.438693,,12.5598375,9.767054166666666,2,2021
2022-09-06,17.711199,,12.082008333333333,9.767054166666666,2,2021
2022-09-07,17.945583,,12.666358333333331,9.767054166666666,2,2021
2022-09-08,12.4911785,,14.6774125,9.767054166666666,2,2021
2022-09-09,8.151918,,13.737695833333332,9.767054166666666,2,2021
2022-09-10,15.10677,,16.6680625,9.767054166666666,2,2021
2022-09-11,21.618996,,60.86135416666667,9.767054166666666,2,2021
2022-09-12,21.582602,,18.812816666666667,9.767054166666666,2,2021
2022-09-13,18.667175,,17.286779166666665,9.767054166666666,2,2021
2022-09-14,16.072937,,15.887075,9.767054166666666,2,2021
2022-09-15,10.120164,,18.17169583333333,9.767054166666666,2,2021
2022-09-16,10.791773,,16.843645833333333,9.767054166666666,2,2021
2022-09-17,13.061853,,18.219579166666666,9.767054166666666,2,2021
2022-09-18,13.563621,,42.0457875,9.767054166666666,2,2021
2022-09-19,16.880423,,26.06194166666667,9.767054166666666,2,2021
2022-09-20,16.99252,,9.249516666666668,9.767054166666666,2,2021
2022-09-21,19.594036,,8.325966666666668,9.767054166666666,2,2021
2022-09-22,11.295481,,36.2089125,9.767054166666666,2,2021
2022-09-23,7.7675877,,7.386245833333334,9.767054166666666,2,2021
2022-09-24,7.488074,,8.6756375,9.767054166666666,2,2021
2022-09-25,6.0400357,,10.7234,9.767054166666666,2,2021
2022-09-26,4.0892606,,13.348808333333332,9.767054166666666,2,2021
2022-09-27,3.3341851,,3.708583333333333,9.767054166666666,2,2021
2022-09-28,3.5321739,,2.8209875,9.767054166666666,2,2021
2022-09-29,4.015501,,4.508624999999999,9.767054166666666,2,2021
2022-09-30,3.2099564,,11.074370833333331,9.767054166666666,2,2021
2022-10-01,2.549993,,-1.2224333333333333,9.767054166666666,2,2021
2022-10-02,2.885798,,0.6399125,9.767054166666666,2,2021
2022-10-03,2.7868035,,0.4427166666666668,9.767054166666666,2,2021
2022-10-04,3.2662475,,-3.2961125,9.767054166666666,2,2021
2022-10-05,2.749923,,2.758845833333333,9.767054166666666,2,2021
2022-10-06,2.520877,,6.161154166666667,9.767054166666666,2,2021
2022-10-07,3.1730762,,7.322358333333334,9.767054166666666,2,2021
2022-10-08,0.50022364,,8.213654166666666,9.767054166666666,2,2021
2022-10-09,2.020081,,9.3123125,9.767054166666666,2,2021
2022-10-10,1.3698232,,4.757241666666666,9.767054166666666,2,2021
2022-10-11,1.6338084,,9.521166666666668,9.767054166666666,2,2021
2022-10-12,3.1012564,,12.62435,9.767054166666666,2,2021
2022-10-13,2.206424,,8.755833333333333,9.767054166666666,2,2021
2022-10-14,3.464237,,9.993495833333332,9.767054166666666,2,2021
2022-10-15,3.2992456,,11.866075,9.767054166666666,2,2021
2022-10-16,3.528292,,13.677041666666668,9.767054166666666,2,2021
2022-10-17,2.9944983,,7.065641666666667,9.767054166666666,2,2021
2022-10-18,3.6952238,,10.1537,9.767054166666666,2,2021
2022-10-19,4.1552577,,3.2923,9.767054166666666,2,2021
2022-10-20,2.0880184,,1.112025,9.767054166666666,2,2021
2022-10-21,2.7149842,,4.525141666666666,9.767054166666666,2,2021
2022-10-22,2.0045524,,2.314554166666667,9.767054166666666,2,2021
2022-10-23,2.1404276,,2.891045833333333,9.767054166666666,2,2021
2022-10-24,1.6202207,,5.488866666666667,9.767054166666666,2,2021
2022-10-25,2.0860777,,6.6217958333333335,9.767054166666666,2,2021
2022-10-26,1.5872228,,3.276691666666667,9.767054166666666,2,2021
2022-10-27,1.2960627,,1.3352458333333337,9.767054166666666,2,2021
2022-10-28,0.8399112,,2.5571375,9.767054166666666,2,2021
2022-10-29,1.121366,,0.5001125000000001,9.767054166666666,2,2021
2022-10-30,1.3542945,,4.6496125,9.767054166666666,2,2021
2022-10-31,1.0650754,,4.9433541666666665,9.767054166666666,2,2021
2022-11-01,1.1990094,,4.189379166666667,9.767054166666666,2,2021
2022-11-02,1.2785928,,9.70775,9.767054166666666,2,2021
2022-11-03,0.4089942,,6.869929166666666,9.767054166666666,2,2021
2022-11-04,0.21682811,,1.0788291666666667,9.767054166666666,2,2021
2022-11-05,0.77779675,,4.228908333333334,9.767054166666666,2,2021
2022-11-06,1.4494071,,4.560375,9.767054166666666,2,2021
2022-11-07,1.6706889,,8.1367875,9.767054166666666,2,2021
2022-11-08,2.0919006,,16.163625,9.767054166666666,2,2021
2022-11-09,1.938556,,14.3550375,9.767054166666666,2,2021
2022-11-10,2.528641,,8.737895833333333,9.767054166666666,2,2021
2022-11-11,2.0550203,,7.665025,9.767054166666666,2,2021
2022-11-12,2.569404,,7.3561875,9.767054166666666,2,2021
2022-11-13,3.6001115,,7.958745833333334,9.767054166666666,2,2021
2022-11-14,2.9595585,,7.155454166666666,9.767054166666666,2,2021
2022-11-15,3.1012566,,16.856725,9.767054166666666,2,2021
2022-11-16,3.248778,,12.838266666666668,9.767054166666666,2,2021
2022-11-17,2.4354699,,14.302933333333334,9.767054166666666,2,2021
2022-11-18,1.5270498,,15.868220833333332,9.767054166666666,2,2021
2022-11-19,0.605042,,2.94565,9.767054166666666,2,2021
2022-11-20,1.4940517,,5.091641666666667,9.767054166666666,2,2021
2022-11-21,1.1368947,,21.71722083333333,9.767054166666666,2,2021
2022-11-22,1.0864275,,21.384208333333333,9.767054166666666,2,2021
2022-11-23,0.9874328,,9.438154166666664,9.767054166666666,2,2021
2022-11-24,0.6826844,,4.397758333333333,9.767054166666666,2,2021
2022-11-25,-0.59259796,,1.1980166666666667,9.767054166666666,2,2021
2022-11-26,-0.016100645,,2.700904166666667,9.767054166666666,2,2021
2022-11-27,-0.17332673,,-1.4374916666666666,9.767054166666666,2,2021
2022-11-28,-0.7323551,,1.2687625,9.767054166666666,2,2021
2022-11-29,-1.2564433,,-4.840479166666667,9.767054166666666,2,2021
2022-11-30,-0.8643477,,-6.875333333333334,9.767054166666666,2,2021
2022-12-01,-1.0371025,,-6.3652750000000005,9.767054166666666,2,2021
2022-12-02,-1.440845,,-1.8093708333333332,9.767054166666666,2,2021
2022-12-03,-0.8410547,,-1.0619249999999998,9.767054166666666,2,2021
2022-12-04,-0.48389816,,-1.5789583333333337,9.767054166666666,2,2021
2022-12-05,-0.78476405,,-4.0016791666666665,9.767054166666666,2,2021
2022-12-06,-0.77893996,,-2.3355083333333333,9.767054166666666,2,2021
2022-12-07,-0.72653127,,-3.072604166666667,9.767054166666666,2,2021
2022-12-08,-0.7420602,,-0.031925,9.767054166666666,2,2021
2022-12-09,-0.8177612,,4.8464625,9.767054166666666,2,2021
2022-12-10,-1.0235152,,0.6546416666666667,9.767054166666666,2,2021
2022-12-11,-0.4470179,,3.060620833333333,9.767054166666666,2,2021
2022-12-12,0.1566546,,11.4204375,9.767054166666666,2,2021
2022-12-13,0.5118706,,5.467504166666667,9.767054166666666,2,2021
2022-12-14,0.32746887,,8.4050125,9.767054166666666,2,2021
2022-12-15,-0.33831787,,9.867383333333333,9.767054166666666,2,2021
2022-12-16,-0.02968812,,-4.744441666666666,9.767054166666666,2,2021
2021-12-17,22.86102,,10.565391666666669,10.200595833333333,4,2021
2021-12-18,22.938015,,10.489670833333332,10.200595833333333,4,2021
2021-12-19,21.892601,,13.6321,10.200595833333333,4,2021
2021-12-20,21.810263,,12.296825,10.200595833333333,4,2021
2021-12-21,25.303158,8.671577857142855,9.860616666666669,10.200595833333333,4,2021
2021-12-22,20.932262,5.975637600000001,7.490925000000001,10.200595833333333,4,2021
2021-12-23,20.536022,11.893139375,12.177470833333333,10.200595833333333,4,2021
2021-12-24,17.071789,6.698133846153846,6.877666666666666,10.200595833333333,4,2021
2021-12-25,15.979064,,11.6384375,10.200595833333333,4,2021
2021-12-26,12.454324,3.1120022727272723,6.0317,10.200595833333333,4,2021
2021-12-27,14.777159,,22.56540833333333,10.200595833333333,4,2021
2021-12-28,15.365829,50.81897125,33.8627125,10.200595833333333,4,2021
2021-12-29,14.335884,,20.89150833333333,10.200595833333333,4,2021
2021-12-30,14.248539,12.518671363636363,10.541008333333332,10.200595833333333,4,2021
2021-12-31,13.014788,-25.1646675,20.43592083333333,10.200595833333333,4,2021
2022-01-01,11.524464,17.8933165,14.8086125,10.200595833333333,4,2021
2022-01-02,12.681786,9.990129833333333,14.461654166666667,10.200595833333333,4,2021
2022-01-03,12.104944,6.042546214285714,6.4486625,10.200595833333333,4,2021
2022-01-04,9.527353,20.135678928571423,17.9512875,10.200595833333333,4,2021
2022-01-05,7.4856606,4.4801028125,6.0019375,10.200595833333333,4,2021
2022-01-06,8.482851,-17.609567535714287,-5.582829166666667,10.200595833333333,4,2021
2022-01-07,9.574664,-4.094559583333333,3.371204166666667,10.200595833333333,4,2021
2022-01-08,12.105854,40.973733525,32.45062083333333,10.200595833333333,4,2021
2022-01-09,9.931324,3.947296863636364,6.243099999999999,10.200595833333333,4,2021
2022-01-10,9.874913,,7.729070833333334,10.200595833333333,4,2021
2022-01-11,9.30899,3.463857857142857,7.868529166666668,10.200595833333333,4,2021
2022-01-12,10.564576,8.506978235294117,9.209708333333332,10.200595833333333,4,2021
2022-01-13,10.198818,26.50958576923077,21.45424583333333,10.200595833333333,4,2021
2022-01-14,13.137619,21.837656666666664,19.990441666666666,10.200595833333333,4,2021
2022-01-15,7.936944,0.842189076923077,5.178458333333333,10.200595833333333,4,2021
2022-01-16,9.565567,3.6882195416666663,5.166341666666667,10.200595833333333,4,2021
2022-01-17,8.382769,41.675272500000005,24.879470833333333,10.200595833333333,4,2021
2022-01-18,7.283675,19.155287666666663,17.7322625,10.200595833333333,4,2021
2022-01-19,7.6312356,-4.9765758,5.7488,10.200595833333333,4,2021
2022-01-20,6.2974033,12.884102142857143,13.995879166666668,10.200595833333333,4,2021
2022-01-21,4.896241,3.348511314705882,4.925583333333333,10.200595833333333,4,2021
2022-01-22,4.754305,12.541372272727273,12.584004166666666,10.200595833333333,4,2021
2022-01-23,6.4175024,37.636055,28.78524583333333,10.200595833333333,4,2021
2022-01-24,6.821474,5.44478,11.689475,10.200595833333333,4,2021
2022-01-25,6.0153503,22.079024444444443,18.5179625,10.200595833333333,4,2021
2022-01-26,4.663321,13.3518615625,15.442220833333332,10.200595833333333,4,2021
2022-01-27,5.3366065,15.168920388888887,10.9477,10.200595833333333,4,2021
2022-01-28,5.6514125,0.990911863636364,7.320616666666667,10.200595833333333,4,2021
2022-01-29,7.143558,17.064316350000002,16.3502875,10.200595833333333,4,2021
2022-01-30,5.3147697,37.30512145833333,25.09615833333333,10.200595833333333,4,2021
2022-01-31,5.252901,7.07811994736842,7.406641666666666,10.200595833333333,4,2021
2022-02-01,7.0744104,,12.33085,10.200595833333333,4,2021
2022-02-02,6.299222,11.700060133333333,11.050975,10.200595833333333,4,2021
2022-02-03,6.8851624,9.286113766666666,11.8586375,10.200595833333333,4,2021
2022-02-04,6.375649,3.324165625000001,10.505166666666666,10.200595833333333,4,2021
2022-02-05,6.0644817,-0.0167762052631578,2.361825,10.200595833333333,4,2021
2022-02-06,8.30998,25.417486875,32.81733333333333,10.200595833333333,4,2021
2022-02-07,6.3756495,25.33663333333333,14.747858333333332,10.200595833333333,4,2021
2022-02-08,7.5620875,24.708091666666665,16.5446375,10.200595833333333,4,2021
2022-02-09,8.481031,,8.2458125,10.200595833333333,4,2021
2022-02-10,6.261009,5.6026524375,6.6696375,10.200595833333333,4,2021
2022-02-11,5.4767227,2.5936497875,5.092745833333333,10.200595833333333,4,2021
2022-02-12,6.062663,-3.834979884615384,0.995775,10.200595833333333,4,2021
2022-02-13,8.322718,6.697094166666666,25.50815,10.200595833333333,4,2021
2022-02-14,8.111634,11.56634561764706,17.338079166666667,10.200595833333333,4,2021
2022-02-15,8.688476,5.385709722222222,8.575545833333333,10.200595833333333,4,2021
2022-02-16,10.59733,31.324316666666665,21.490825,10.200595833333333,4,2021
2022-02-17,7.42925,17.672103999999997,14.770033333333332,10.200595833333333,4,2021
2022-02-18,8.95779,,15.442475,10.200595833333333,4,2021
2022-02-19,7.1071653,,13.9012375,10.200595833333333,4,2021
2022-02-20,9.791207,,45.69099583333334,10.200595833333333,4,2021
2022-02-21,8.613869,,5.764879166666667,10.200595833333333,4,2021
2022-02-22,8.653902,,39.47347916666667,10.200595833333333,4,2021
2022-02-23,6.233714,,12.24395,10.200595833333333,4,2021
2022-02-24,8.6520815,9.4069895,13.982145833333334,10.200595833333333,4,2021
2022-02-25,6.619488,10.500707777777778,10.680595833333332,10.200595833333333,4,2021
2022-02-26,10.548201,7.670876166666666,17.331408333333332,10.200595833333333,4,2021
2022-02-27,8.888641,,17.5668875,10.200595833333333,4,2021
2022-02-28,6.701374,8.0302805,10.628904166666668,10.200595833333333,4,2021
2022-03-01,18.72998,67.50545458333333,53.7973375,10.200595833333333,4,2021
2022-03-02,9.749354,,19.386845833333336,10.200595833333333,4,2021
2022-03-03,7.7968283,9.091902409090908,11.8292,10.200595833333333,4,2021
2022-03-04,6.575815,4.778118361764706,6.4578750000000005,10.200595833333333,4,2021
2022-03-05,6.452077,8.9544115,12.741366666666666,10.200595833333333,4,2021
2022-03-06,10.641003,-22.932190384615385,-0.5178208333333328,10.200595833333333,4,2021
2022-03-07,10.597331,89.98024909090908,48.98677083333333,10.200595833333333,4,2021
2022-03-08,8.109815,3.884649625,5.039670833333333,10.200595833333333,4,2021
2022-03-09,7.038017,2.0626663076923077,4.3834625,10.200595833333333,4,2021
2022-03-10,7.179953,7.244334431249999,7.338383333333333,10.200595833333333,4,2021
2022-03-11,7.3964953,4.153167272727273,17.623679166666665,10.200595833333333,4,2021
2022-03-12,7.2600193,-2.2961855041666666,8.036054166666666,10.200595833333333,4,2021
2022-03-13,6.848769,8.640195909090908,14.275916666666667,10.200595833333333,4,2021
2022-03-14,9.398155,30.324233653846157,28.118929166666664,10.200595833333333,4,2021
2022-03-15,12.35879,80.83635220833334,63.41106249999999,10.200595833333333,4,2021
2022-03-16,7.4219713,46.03526307692308,42.9059375,10.200595833333333,4,2021
2022-03-17,6.8524084,6.508915966666667,8.841866666666666,10.200595833333333,4,2021
2022-03-18,13.2649975,24.42792832352941,25.434975,10.200595833333333,4,2021
2022-03-19,13.244071,34.23031566666667,31.9789,10.200595833333333,4,2021
2022-03-20,12.541669,21.801258529411765,21.74110416666667,10.200595833333333,4,2021
2022-03-21,11.953911,28.976811666666663,25.802954166666662,10.200595833333333,4,2021
2022-03-22,12.30238,24.889339166666662,24.458683333333337,10.200595833333333,4,2021
2022-03-23,13.561606,16.314902857142858,26.3159125,10.200595833333333,4,2021
2022-03-24,11.938442,43.361128192307696,34.275933333333334,10.200595833333333,4,2021
2022-03-25,12.796426,61.75800327272727,44.0360125,10.200595833333333,4,2021
2022-03-26,14.148457,40.15357,34.04533333333333,10.200595833333333,4,2021
2022-03-27,11.690966,54.93365940909091,34.59739583333333,10.200595833333333,4,2021
2022-03-28,11.961189,49.178449,40.416925,10.200595833333333,4,2021
2022-03-29,13.125791,17.156621349999998,23.3170625,10.200595833333333,4,2021
2022-03-30,9.587402,2.6961618571428567,28.865375,10.200595833333333,4,2021
2022-03-31,11.364328,1.31796735,5.986225,10.200595833333333,4,2021
2022-04-01,7.1744933,3.6311990833333336,6.0177958333333335,10.200595833333333,4,2021
2022-04-02,6.905179,2.0327475,6.600408333333333,10.200595833333333,4,2021
2022-04-03,6.7869,3.88408315625,11.7011,10.200595833333333,4,2021
2022-04-04,7.1053452,18.749226923076925,22.47180833333333,10.200595833333333,4,2021
2022-04-05,7.130821,17.705297842105264,18.25055833333333,10.200595833333333,4,2021
2022-04-06,6.5703564,42.07925291666667,29.614425,10.200595833333333,4,2021
2022-04-07,6.7177515,4.521582588235294,7.734999999999999,10.200595833333333,4,2021
2022-04-08,7.54571,35.640294614285715,30.27715,10.200595833333333,4,2021
2022-04-09,6.1773033,0.452108,4.487333333333333,10.200595833333333,4,2021
2022-04-10,9.339925,13.130965394736842,12.148270833333331,10.200595833333333,4,2021
2022-04-11,9.509156,10.726297421052632,14.640425,10.200595833333333,4,2021
2022-04-12,34.671036,20.77396,39.595191666666665,10.200595833333333,4,2021
2022-04-13,30.777584,13.791765000000002,77.98419583333333,10.200595833333333,4,2021
2022-04-14,40.47252,36.81040009090909,88.68494166666666,10.200595833333333,4,2021
2022-04-15,54.991405,29.678696111111112,58.304204166666665,10.200595833333333,4,2021
2022-04-16,51.574932,-3.143633,5.549008333333333,10.200595833333333,4,2021
2022-04-17,42.24129,-53.01175692307692,-13.593241666666666,10.200595833333333,4,2021
2022-04-18,31.065207,30.5468905,22.867154166666666,10.200595833333333,4,2021
2022-04-19,36.477192,41.32402838461538,63.068925,10.200595833333333,4,2021
2022-04-20,55.138798,4.063734545454543,26.34145,10.200595833333333,4,2021
2022-04-21,60.5542,39.58415625,39.47795,10.200595833333333,4,2021
2022-04-22,68.03221,268.8559839285714,195.98214166666665,10.200595833333333,4,2021
2022-04-23,66.85851,199.3491728125,141.95790833333334,10.200595833333333,4,2021
2022-04-24,55.598724,36.665991875,51.8337875,10.200595833333333,4,2021
2022-04-25,48.87133,42.27252125,87.36098750000001,10.200595833333333,4,2021
2022-04-26,46.824863,492.1190930769232,327.72143750000004,10.200595833333333,4,2021
2022-04-27,47.851025,422.4831976923077,356.84057916666666,10.200595833333333,4,2021
2022-04-28,42.038166,309.7299706666667,223.93139166666663,10.200595833333333,4,2021
2022-04-29,45.293365,500.6947483333333,356.5640333333333,10.200595833333333,4,2021
2022-04-30,37.72982,154.5347791923077,200.55301666666665,10.200595833333333,4,2021
2022-05-01,29.818632,208.70409,148.13794583333333,10.200595833333333,4,2021
2022-05-02,28.211248,44.930906625,82.27299583333334,10.200595833333333,4,2021
2022-05-03,23.794977,14.252436923076925,37.75417916666667,10.200595833333333,4,2021
2022-05-04,21.253437,108.14505076666666,110.97288333333334,10.200595833333333,4,2021
2022-05-05,25.175255,31.09225885,31.426641666666665,10.200595833333333,4,2021
2022-05-06,23.642576,52.13769364285714,41.02882916666667,10.200595833333333,4,2021
2022-05-07,26.295742,28.19593189230769,43.5016625,10.200595833333333,4,2021
2022-05-08,24.899868,77.8914425,64.2813125,10.200595833333333,4,2021
2022-05-09,18.844622,36.35713277777778,33.811995833333334,10.200595833333333,4,2021
2022-05-10,21.738726,26.2096211,28.35899583333333,10.200595833333333,4,2021
2022-05-11,17.32882,42.404624000000005,42.386275000000005,10.200595833333333,4,2021
2022-05-12,19.071175,26.347234766666663,30.350391666666667,10.200595833333333,4,2021
2022-05-13,20.950005,58.60040440625001,48.422133333333335,10.200595833333333,4,2021
2022-05-14,24.79761,61.38847631818182,133.3970625,10.200595833333333,4,2021
2022-05-15,23.272724,101.24123625,91.37514583333332,10.200595833333333,4,2021
2022-05-16,15.30396,-0.86016375,31.525475,10.200595833333333,4,2021
2022-05-17,19.072083,24.18950076923077,45.28024166666666,10.200595833333333,4,2021
2022-05-18,16.319347,43.46818708333333,65.6737375,10.200595833333333,4,2021
2022-05-19,20.249878,80.15642723333333,69.98400416666667,10.200595833333333,4,2021
2022-05-20,16.83523,59.739803888888886,60.14535416666666,10.200595833333333,4,2021
2022-05-21,19.376425,33.08268935555556,39.7297,10.200595833333333,4,2021
2022-05-22,26.00658,49.091925,116.3969125,10.200595833333333,4,2021
2022-05-23,22.64766,37.909008125,43.79980416666667,10.200595833333333,4,2021
2022-05-24,23.721275,8.568663888888889,31.983491666666666,10.200595833333333,4,2021
2022-05-25,19.761745,41.5278295,41.923475,10.200595833333333,4,2021
2022-05-26,26.637218,37.116727617647065,42.2496625,10.200595833333333,4,2021
2022-05-27,28.53959,80.57006799999999,68.25088333333333,10.200595833333333,4,2021
2022-05-28,33.023647,63.889960375,95.5195125,10.200595833333333,4,2021
2022-05-29,51.708687,51.27949617647059,58.85245416666667,10.200595833333333,4,2021
2022-05-30,34.741436,132.11963,103.72307083333334,10.200595833333333,4,2021
2022-05-31,29.698648,75.98544115384615,65.16584166666667,10.200595833333333,4,2021
2022-06-01,40.513947,178.39673374999998,143.1138125,10.200595833333333,4,2021
2022-06-02,56.87387,238.41918125,165.65413750000002,10.200595833333333,4,2021
2022-06-03,66.097885,148.88118167857144,185.21433750000003,10.200595833333333,4,2021
2022-06-04,100.18431,292.46332727272727,193.0958375,10.200595833333333,4,2021
2022-06-05,53.42192,81.11928722222223,65.35762916666667,10.200595833333333,4,2021
2022-06-06,40.806007,177.97532629166665,112.36464583333334,10.200595833333333,4,2021
2022-06-07,38.996784,21.819615,47.7280875,10.200595833333333,4,2021
2022-06-08,39.721928,37.1693573125,32.7072,10.200595833333333,4,2021
2022-06-09,30.837688,41.24669947222222,37.72457916666667,10.200595833333333,4,2021
2022-06-10,30.076008,27.36034292105263,46.481625,10.200595833333333,4,2021
2022-06-11,33.944637,52.28258473529412,49.4096125,10.200595833333333,4,2021
2022-06-12,36.297268,58.34675238235294,58.58493333333333,10.200595833333333,4,2021
2022-06-13,36.901863,139.4342130357143,96.81169166666666,10.200595833333333,4,2021
2022-06-14,39.610928,56.40256111111111,65.78584166666667,10.200595833333333,4,2021
2022-06-15,37.856293,32.592652538461536,64.5299375,10.200595833333333,4,2021
2022-06-16,46.205936,208.1441235,136.3376875,10.200595833333333,4,2021
2022-06-17,40.124077,51.58481153846154,58.022075,10.200595833333333,4,2021
2022-06-18,35.138924,,100.83074166666668,10.200595833333333,4,2021
2022-06-19,53.557484,27.27460115384616,87.69662916666668,10.200595833333333,4,2021
2022-06-20,58.82822,71.58097157142856,89.47747500000001,10.200595833333333,4,2021
2022-06-21,47.098495,71.45931916666667,101.063775,10.200595833333333,4,2021
2022-06-22,61.09373,88.09964375000001,94.94177083333334,10.200595833333333,4,2021
2022-06-23,41.295506,42.05871875,52.15828333333334,10.200595833333333,4,2021
2022-06-24,5.4603453,35.59489708333333,26.448170833333336,10.200595833333333,4,2021
2022-06-25,5.01816,14.030526294117648,14.847612500000002,10.200595833333333,4,2021
2022-06-26,5.7733316,29.7751725,29.54855,10.200595833333333,4,2021
2022-06-27,6.8196535,9.072315,9.812233333333332,10.200595833333333,4,2021
2022-06-28,5.767873,10.182131083333331,9.025125,10.200595833333333,4,2021
2022-06-29,6.109975,38.66350392307693,21.2186875,10.200595833333333,4,2021
2022-06-30,7.3710203,-22.96629985714285,-16.246179166666668,10.200595833333333,4,2021
2022-07-01,6.5976515,-9.956416285714283,-7.962375000000001,10.200595833333333,4,2021
2022-07-02,7.3073306,1.5142264583333331,1.208025,10.200595833333333,4,2021
2022-07-03,8.730328,-34.03391416666667,-27.08309583333333,10.200595833333333,4,2021
2022-07-04,8.743067,-64.57260157894737,-53.16143333333333,10.200595833333333,4,2021
2022-07-05,9.920406,-9.818267,-7.8832625,10.200595833333333,4,2021
2022-07-06,9.914947,9.949984166666669,5.0108958333333335,10.200595833333333,4,2021
2022-07-07,11.1505165,20.4721703125,14.59115,10.200595833333333,4,2021
2022-07-08,11.619996,4.9382165,4.703054166666667,10.200595833333333,4,2021
2022-07-09,11.655481,1.1808617857142854,2.8689875000000007,10.200595833333333,4,2021
2022-07-10,14.340434,15.155017857142855,11.898745833333336,10.200595833333333,4,2021
2022-07-11,15.280303,39.53033693333334,67.92572916666667,10.200595833333333,4,2021
2022-07-12,12.258708,9.356790222222225,22.258733333333332,10.200595833333333,4,2021
2022-07-13,11.825623,-43.83764272727273,-30.27187083333333,10.200595833333333,4,2021
2022-07-14,11.551758,-86.60212691666668,-72.45281666666666,10.200595833333333,4,2021
2022-07-15,11.090467,-19.29878192857143,-16.98530416666667,10.200595833333333,4,2021
2022-07-16,16.602764,7.378905256249999,9.091904166666668,10.200595833333333,4,2021
2022-07-17,16.374392,7.130924125,7.295779166666667,10.200595833333333,4,2021
2022-07-18,16.137833,8.0576585,35.32125,10.200595833333333,4,2021
2022-07-19,9.936783,5.695864428571428,5.4474375,10.200595833333333,4,2021
2022-07-20,9.374498,2.527229375,1.8443041666666664,10.200595833333333,4,2021
2022-07-21,10.293443,-3.50412244117647,-1.7051791666666665,10.200595833333333,4,2021
2022-07-22,9.409073,-9.74959035,-7.4492,10.200595833333333,4,2021
2022-07-23,6.0735803,0.3586876874999998,9.671233333333332,10.200595833333333,4,2021
2022-07-24,5.9771376,-7.333645673913042,-7.238470833333333,10.200595833333333,4,2021
2022-07-25,95.29117,-33.7122335,-26.26623333333333,10.200595833333333,4,2021
2022-07-26,129.01369,-0.3574065384615385,25.81374583333333,10.200595833333333,4,2021
2022-07-27,81.81545,-25.2665963125,-2.394416666666666,10.200595833333333,4,2021
2022-07-28,168.10243,12.041295384615385,47.3430875,10.200595833333333,4,2021
2022-07-29,129.15744,0.999431818181818,38.18064583333333,10.200595833333333,4,2021
2022-07-30,84.442184,15.65582808076923,13.714433333333332,10.200595833333333,4,2021
2022-07-31,101.83114,7.298422222222222,14.221620833333333,10.200595833333333,4,2021
2022-08-01,84.187416,2.712018,15.0429,10.200595833333333,4,2021
2022-08-02,55.799797,-1.2897583333333336,1.0509958333333334,10.200595833333333,4,2021
2022-08-03,47.855488,2.144548044117647,3.2164749999999995,10.200595833333333,4,2021
2022-08-04,52.5421,3.46650426,7.433158333333334,10.200595833333333,4,2021
2022-08-05,52.90058,165.1702857142857,125.01682083333333,10.200595833333333,4,2021
2022-08-06,55.606457,145.68885928571427,139.55484583333333,10.200595833333333,4,2021
2022-08-07,55.30348,300.8729026666667,218.56930416666668,10.200595833333333,4,2021
2022-08-08,62.0982,273.25536115384614,219.05747916666667,10.200595833333333,4,2021
2022-08-09,61.379425,271.4310218181818,222.9846458333333,10.200595833333333,4,2021
2022-08-10,86.76957,317.39055625000003,246.07434583333333,10.200595833333333,4,2021
2022-08-11,100.43179,116.14088590909093,163.84632083333332,10.200595833333333,4,2021
2022-08-12,85.28469,225.4243811111111,221.309325,10.200595833333333,4,2021
2022-08-13,93.24038,210.14925230769236,188.51380000000003,10.200595833333333,4,2021
2022-08-14,63.552143,367.2939075714286,299.89259583333336,10.200595833333333,4,2021
2022-08-15,55.061462,405.4593712,317.24059166666666,10.200595833333333,4,2021
2022-08-16,71.22214,266.15761687500003,262.8022833333333,10.200595833333333,4,2021
2022-08-17,68.80012,146.06629818181818,202.52715,10.200595833333333,4,2021
2022-08-18,32.22526,208.86356791666665,222.46203333333332,10.200595833333333,4,2021
2022-08-19,32.406746,163.0256664,169.09907916666666,10.200595833333333,4,2021
2022-08-20,27.793243,185.532608125,166.69114166666665,10.200595833333333,4,2021
2022-08-21,35.71934,162.71789708333333,134.5130375,10.200595833333333,4,2021
2022-08-22,42.239468,161.3253908846154,145.6444375,10.200595833333333,4,2021
2022-08-23,30.300138,-4.184957656250001,20.187166666666663,10.200595833333333,4,2021
2022-08-24,40.3156,2.4188866250000003,65.60767916666667,10.200595833333333,4,2021
2022-08-25,37.04767,-47.3876071875,-18.808420833333333,10.200595833333333,4,2021
2022-08-26,42.579292,7.694964785714285,17.101845833333332,10.200595833333333,4,2021
2022-08-27,42.033844,52.77736727272727,45.842420833333335,10.200595833333333,4,2021
2022-08-28,71.489624,42.44974229411765,39.378145833333335,10.200595833333333,4,2021
2022-08-29,67.45901,101.149979375,67.12328333333333,10.200595833333333,4,2021
2022-08-30,74.09906,178.0737604166667,110.76281666666668,10.200595833333333,4,2021
2022-08-31,86.32556,30.819951875000005,36.41702083333333,10.200595833333333,4,2021
2022-09-01,123.301674,167.46850454545455,107.874675,10.200595833333333,4,2021
2022-09-02,128.92815,57.68402636363636,56.767095833333336,10.200595833333333,4,2021
2022-09-03,49.191143,,33.123312500000004,10.200595833333333,4,2021
2022-09-04,45.46987,-2.8702512142857146,40.03315,10.200595833333333,4,2021
2022-09-05,47.441963,36.003593125,29.8867125,10.200595833333333,4,2021
2022-09-06,49.82485,14.336511428571429,29.404804166666665,10.200595833333333,4,2021
2022-09-07,37.64097,28.832285625,29.25967916666667,10.200595833333333,4,2021
2022-09-08,49.95996,18.506619375,23.0189625,10.200595833333333,4,2021
2022-09-09,67.668274,-25.30830466666667,-3.1366875000000007,10.200595833333333,4,2021
2022-09-10,67.355286,27.724388181818178,23.828725,10.200595833333333,4,2021
2022-09-11,68.64545,16.0369,31.1776625,10.200595833333333,4,2021
2022-09-12,138.08119,43.91035307692307,51.0127125,10.200595833333333,4,2021
2022-09-13,75.811386,145.19523375,151.52225416666667,10.200595833333333,4,2021
2022-09-14,71.395,6.65134,39.57922083333333,10.200595833333333,4,2021
2022-09-15,83.10107,70.53154383333334,53.55919166666667,10.200595833333333,4,2021
2022-09-16,65.724846,7.208932000000002,47.5606875,10.200595833333333,4,2021
2022-09-17,64.29821,39.367324625000016,58.30079583333333,10.200595833333333,4,2021
2022-09-18,67.1533,-6.441731968749998,29.41365416666667,10.200595833333333,4,2021
2022-09-19,68.108635,88.92225420833334,79.09620833333334,10.200595833333333,4,2021
2022-09-20,55.216137,63.4160055,52.62635,10.200595833333333,4,2021
2022-09-21,44.893032,-1.9955550000000004,93.24155416666667,10.200595833333333,4,2021
2022-09-22,12.562595,7.894097727272726,14.475154166666664,10.200595833333333,4,2021
2022-09-23,20.748926,-2.4384414375000003,-3.5495083333333333,10.200595833333333,4,2021
2022-09-24,18.085812,-6.109005625,0.9541083333333332,10.200595833333333,4,2021
2022-09-25,16.024557,-87.68880615625,-65.98635833333334,10.200595833333333,4,2021
2022-09-26,7.219986,-11.194092916666667,-17.501616666666667,10.200595833333333,4,2021
2022-09-27,6.392027,-0.203916769230769,-7.560737499999999,10.200595833333333,4,2021
2022-09-28,6.1427293,-29.3603165,-19.14217083333333,10.200595833333333,4,2021
2022-09-29,6.2755666,7.908375666666667,-0.5446666666666662,10.200595833333333,4,2021
2022-09-30,2.6762192,52.7355069375,23.33455,10.200595833333333,4,2021
2022-10-01,6.0717616,-1.7671309999999998,-5.306087499999999,10.200595833333333,4,2021
2022-10-02,6.683177,-1.4898129,-0.43305,10.200595833333333,4,2021
2022-10-03,4.686977,5.357386493750001,7.067545833333334,10.200595833333333,4,2021
2022-10-04,0.53444374,-70.26191029411765,-51.90520416666666,10.200595833333333,4,2021
2022-10-05,2.5433817,-0.5609914399999998,-6.811029166666667,10.200595833333333,4,2021
2022-10-06,0.8510698,-20.11779617647059,-17.65820833333333,10.200595833333333,4,2021
2022-10-07,1.9501628,0.692841615,-7.0150625,10.200595833333333,4,2021
2022-10-08,3.4586859,10.69730175,10.329629166666669,10.200595833333333,4,2021
2022-10-09,7.789549,6.347369333333334,18.529120833333334,10.200595833333333,4,2021
2022-10-10,9.203447,35.767690571428574,27.41013333333333,10.200595833333333,4,2021
2022-10-11,9.006921,10.675146363636363,19.041875,10.200595833333333,4,2021
2022-10-12,5.141899,-18.83428753125,-8.954875,10.200595833333333,4,2021
2022-10-13,12.328767,41.710646958333335,25.5518375,10.200595833333333,4,2021
2022-10-14,8.530162,7.2900149090909085,5.251145833333333,10.200595833333333,4,2021
2022-10-15,3.1074853,17.5255505,14.591729166666669,10.200595833333333,4,2021
2022-10-16,7.643974,9.167697032307691,5.943433333333334,10.200595833333333,4,2021
2022-10-17,9.336286,-32.91710275,-24.563570833333333,10.200595833333333,4,2021
2022-10-18,32.94813,16.211259615384616,11.974708333333334,10.200595833333333,4,2021
2022-10-19,31.863993,,-3.7044541666666655,10.200595833333333,4,2021
2022-10-20,72.49591,,58.26935833333334,10.200595833333333,4,2021
2022-10-21,27.358267,,48.7892,10.200595833333333,4,2021
2022-10-22,78.67376,45.62628396666666,45.45104583333333,10.200595833333333,4,2021
2022-10-23,122.58107,35.65748255555556,54.37689583333333,10.200595833333333,4,2021
2022-10-24,38.800255,38.6323406475,34.909866666666666,10.200595833333333,4,2021
2022-10-25,70.42147,79.11991875,175.44119583333335,10.200595833333333,4,2021
2022-10-26,26.8514,19.128953741666667,24.229108333333333,10.200595833333333,4,2021
2022-10-27,26.330145,33.29415792857143,26.90529583333333,10.200595833333333,4,2021
2022-10-28,48.99575,19.406809961538464,33.0473125,10.200595833333333,4,2021
2022-10-29,23.778423,20.56280658333333,18.12847083333333,10.200595833333333,4,2021
2022-10-30,16.56273,-5.8273934,4.968208333333333,10.200595833333333,4,2021
2022-10-31,44.691956,6.799782727272728,48.5614625,10.200595833333333,4,2021
2022-11-01,28.273575,35.13179363636363,30.071375,10.200595833333333,4,2021
2022-11-02,23.018394,-29.84018759375,7.3448,10.200595833333333,4,2021
2022-11-03,26.426859,7.356579166666667,20.359175,10.200595833333333,4,2021
2022-11-04,32.529827,20.310527,17.721316666666667,10.200595833333333,4,2021
2022-11-05,20.183685,141.03006916666666,85.26739583333334,10.200595833333333,4,2021
2022-11-06,16.963062,68.87047855,47.800870833333335,10.200595833333333,4,2021
2022-11-07,15.30032,31.1645915,67.67332499999999,10.200595833333333,4,2021
2022-11-08,12.689064,2.81276875,29.4901625,10.200595833333333,4,2021
2022-11-09,15.65607,34.55411470588235,29.602645833333337,10.200595833333333,4,2021
2022-11-10,9.287154,41.662521,32.451175,10.200595833333333,4,2021
2022-11-11,10.611887,14.084781191176472,16.536616666666667,10.200595833333333,4,2021
2022-11-12,14.526951,17.396398269230772,17.766983333333332,10.200595833333333,4,2021
2022-11-13,11.467142,34.67084565384615,30.0915875,10.200595833333333,4,2021
2022-11-14,10.781119,,32.722375,10.200595833333333,4,2021
2022-11-15,7.0507545,14.383357444444446,29.88309166666667,10.200595833333333,4,2021
2022-11-16,9.010561,4.800234111111112,16.156741666666665,10.200595833333333,4,2021
2022-11-17,9.809404,17.276177321428573,19.843866666666667,10.200595833333333,4,2021
2022-11-18,9.874914,12.59205395,21.7589,10.200595833333333,4,2021
2022-11-19,8.941412,-3.0051181428571434,14.178916666666666,10.200595833333333,4,2021
2022-11-20,8.581114,18.96509675,17.8905,10.200595833333333,4,2021
2022-11-21,5.07821,3.3365954375,41.3398,10.200595833333333,4,2021
2022-11-22,6.129991,-1.722377575,9.691529166666667,10.200595833333333,4,2021
2022-11-23,4.61055,5.10921,12.265933333333336,10.200595833333333,4,2021
2022-11-24,4.37399,-0.7160549666666667,3.9067625000000006,10.200595833333333,4,2021
2022-11-25,5.041816,3.2072925277777777,2.9734125,10.200595833333333,4,2021
2022-11-26,5.4512467,-10.066306694444444,23.855704166666666,10.200595833333333,4,2021
2022-11-27,4.7688627,0.1270196666666666,0.6523416666666667,10.200595833333333,4,2021
2022-11-28,6.060843,-10.226579,-5.544137500000001,10.200595833333333,4,2021
2022-11-29,6.519406,5.809118928571428,5.547691666666666,10.200595833333333,4,2021
2022-11-30,7.4547253,6.768069642857143,4.602875,10.200595833333333,4,2021
2022-12-01,7.345544,18.656893642857145,8.8821625,10.200595833333333,4,2021
2022-12-02,8.348193,-24.51867625,-8.690154166666668,10.200595833333333,4,2021
2022-12-03,9.598321,3.2625299999999995,-0.5193583333333335,10.200595833333333,4,2021
2022-12-04,10.6646595,-1.5381523461538469,-2.9880791666666666,10.200595833333333,4,2021
2022-12-05,11.042244,-12.741455909090911,-10.504666666666669,10.200595833333333,4,2021
2022-12-06,9.729339,14.19777431818182,4.695241666666667,10.200595833333333,4,2021
2022-12-07,7.9478617,1.3882966666666667,3.141916666666667,10.200595833333333,4,2021
2022-12-08,8.164406,1.5606075850000003,8.1560375,10.200595833333333,4,2021
2022-12-09,7.975157,8.740353,9.456975,10.200595833333333,4,2021
2022-12-10,8.275406,-3.388628318181817,3.1241625,10.200595833333333,4,2021
2022-12-11,8.575655,8.641309090909091,9.9296875,10.200595833333333,4,2021
2022-12-12,11.424378,34.2915705,19.733741666666667,10.200595833333333,4,2021
2022-12-13,11.453496,19.9552575,14.362708333333332,10.200595833333333,4,2021
2022-12-14,12.559866,0.6795066666666673,6.061895833333334,10.200595833333333,4,2021
2022-12-15,11.093197,9.596058958333332,13.366925,10.200595833333333,4,2021
2022-12-16,9.232563,-12.86563,-3.760783333333333,10.200595833333333,4,2021
2021-12-17,14.592024,,26.445395833333333,29.227079166666663,9,2021
2021-12-18,14.458703,,29.16069583333333,29.227079166666663,9,2021
2021-12-19,14.696256,,32.00080416666667,29.227079166666663,9,2021
2021-12-20,3.182228,,7.779858333333333,29.227079166666663,9,2021
2021-12-21,3.1870756,11.558021642857142,10.219525,29.227079166666663,9,2021
2021-12-22,3.3955417,,17.848512500000002,29.227079166666663,9,2021
2021-12-23,3.28646,,6.980275,29.227079166666663,9,2021
2021-12-24,2.8768024,,10.2130125,29.227079166666663,9,2021
2021-12-25,3.1434445,,13.044766666666668,29.227079166666663,9,2021
2021-12-26,3.1385965,,14.455241666666666,29.227079166666663,9,2021
2021-12-27,3.6185484,,23.688904166666664,29.227079166666663,9,2021
2021-12-28,4.854792,,26.632608333333334,29.227079166666663,9,2021
2021-12-29,4.0500226,,21.69012083333333,29.227079166666663,9,2021
2021-12-30,4.0669904,,29.6174375,29.227079166666663,9,2021
2021-12-31,4.3699913,,34.70538333333333,29.227079166666663,9,2021
2022-01-01,3.6209736,21.060370714285717,26.3836125,29.227079166666663,9,2021
2022-01-02,3.8148932,,35.26840833333333,29.227079166666663,9,2021
2022-01-03,3.6427903,,31.55207916666667,29.227079166666663,9,2021
2022-01-04,4.842673,59.61666666666666,46.64930416666667,29.227079166666663,9,2021
2022-01-05,5.3250494,22.9104973,19.65234583333333,29.227079166666663,9,2021
2022-01-06,5.1238565,-3.667435625,6.9556875,29.227079166666663,9,2021
2022-01-07,6.522508,2.1883723333333336,6.270966666666666,29.227079166666663,9,2021
2022-01-08,6.4667563,-4.562678888888889,2.2403291666666667,29.227079166666663,9,2021
2022-01-09,5.923779,3.852363333333333,4.781616666666667,29.227079166666663,9,2021
2022-01-10,4.0354786,,12.5556625,29.227079166666663,9,2021
2022-01-11,4.0912304,8.249280727272728,6.998808333333333,29.227079166666663,9,2021
2022-01-12,3.051331,-13.470407714285717,-6.207725,29.227079166666663,9,2021
2022-01-13,2.838019,-5.2713055,-2.147320833333333,29.227079166666663,9,2021
2022-01-14,3.153139,11.3623825,7.150091666666666,29.227079166666663,9,2021
2022-01-15,1.9484081,8.612128541666666,5.922175,29.227079166666663,9,2021
2022-01-16,2.7483306,9.1857746875,7.300133333333332,29.227079166666663,9,2021
2022-01-17,2.1641455,-6.013874583333333,-2.4353083333333334,29.227079166666663,9,2021
2022-01-18,2.1399055,-2.569281944444445,-1.2654541666666668,29.227079166666663,9,2021
2022-01-19,2.5568342,6.9427500250000005,5.426595833333333,29.227079166666663,9,2021
2022-01-20,2.539866,-3.3929740000000006,-1.528666666666667,29.227079166666663,9,2021
2022-01-21,1.6090484,-2.2705202954545456,0.6567291666666664,29.227079166666663,9,2021
2022-01-22,2.5180502,12.723388333333334,9.692845833333331,29.227079166666663,9,2021
2022-01-23,1.8393288,-5.4250205000000005,-0.3937500000000001,29.227079166666663,9,2021
2022-01-24,1.5363288,7.823922083333334,7.693154166666666,29.227079166666663,9,2021
2022-01-25,1.2042394,3.253011363636364,4.750233333333333,29.227079166666663,9,2021
2022-01-26,0.2952366,17.0510075,9.381025,29.227079166666663,9,2021
2022-01-27,-0.4804449,,8.912829166666667,29.227079166666663,9,2021
2022-01-28,-1.1712866,,9.1628,29.227079166666663,9,2021
2022-01-29,-1.5809441,,9.979725,29.227079166666663,9,2021
2022-01-30,-1.6366959,,9.729329166666668,29.227079166666663,9,2021
2022-01-31,-0.9797902,,8.514883333333334,29.227079166666663,9,2021
2022-02-01,-1.7991047,,6.479429166666667,29.227079166666663,9,2021
2022-02-02,-1.5979118,-1.2187304500000002,0.4195083333333333,29.227079166666663,9,2021
2022-02-03,-1.9130325,0.0353615384615385,2.190783333333333,29.227079166666663,9,2021
2022-02-04,-1.9106083,0.6968953333333334,6.060483333333334,29.227079166666663,9,2021
2022-02-05,-1.6342721,-0.4123338125,3.3269625,29.227079166666663,9,2021
2022-02-06,-1.425807,,4.370491666666667,29.227079166666663,9,2021
2022-02-07,-1.2561264,17.828728458333334,13.421354166666667,29.227079166666663,9,2021
2022-02-08,-1.2730947,13.493136357142856,12.552575,29.227079166666663,9,2021
2022-02-09,-0.5725565,-0.2587676666666665,2.7720125,29.227079166666663,9,2021
2022-02-10,0.3291726,-0.5287380162500002,0.4471333333333332,29.227079166666663,9,2021
2022-02-11,0.29281235,1.981045,1.9972666666666663,29.227079166666663,9,2021
2022-02-12,0.62005424,-0.0142218958333333,5.116695833333333,29.227079166666663,9,2021
2022-02-13,0.77276516,,10.674195833333334,29.227079166666663,9,2021
2022-02-14,1.754489,4.685474444444444,6.6970375,29.227079166666663,9,2021
2022-02-15,1.085463,,12.159979166666666,29.227079166666663,9,2021
2022-02-16,0.09404421,,32.709829166666665,29.227079166666663,9,2021
2022-02-17,1.3036232,7.760139884615384,11.862408333333336,29.227079166666663,9,2021
2022-02-18,1.4926958,,40.29128333333333,29.227079166666663,9,2021
2022-02-19,1.427248,,20.255216666666666,29.227079166666663,9,2021
2022-02-20,2.047793,,23.8909875,29.227079166666663,9,2021
2022-02-21,2.6368263,,25.38359583333333,29.227079166666663,9,2021
2022-02-22,2.168994,,13.403733333333332,29.227079166666663,9,2021
2022-02-23,1.7278242,,13.9416625,29.227079166666663,9,2021
2022-02-24,2.3750336,,15.628591666666669,29.227079166666663,9,2021
2022-02-25,2.5616815,,9.356329166666669,29.227079166666663,9,2021
2022-02-26,2.013857,,11.194766666666666,29.227079166666663,9,2021
2022-02-27,2.3604896,,10.851,29.227079166666663,9,2021
2022-02-28,1.9120487,,11.242304166666663,29.227079166666663,9,2021
2022-03-01,3.061028,,15.57415,29.227079166666663,9,2021
2022-03-02,2.888923,,11.499904166666669,29.227079166666663,9,2021
2022-03-03,3.485229,-2.4960042857142857,3.4158250000000003,29.227079166666663,9,2021
2022-03-04,3.6112776,15.44666,11.180116666666668,29.227079166666663,9,2021
2022-03-05,3.8803415,31.14186090909091,23.708175,29.227079166666663,9,2021
2022-03-06,4.3384786,45.370559,29.19503333333333,29.227079166666663,9,2021
2022-03-07,4.066991,33.12692911764706,32.01722916666667,29.227079166666663,9,2021
2022-03-08,3.2355561,,18.688145833333333,29.227079166666663,9,2021
2022-03-09,2.9277065,,7.835529166666666,29.227079166666663,9,2021
2022-03-10,2.6610663,2.3421706071428576,3.3103875,29.227079166666663,9,2021
2022-03-11,2.9325547,12.75188375,10.500208333333331,29.227079166666663,9,2021
2022-03-12,2.804083,0.7833918791666665,7.298558333333333,29.227079166666663,9,2021
2022-03-13,2.8040833,5.44174946875,6.6205125,29.227079166666663,9,2021
2022-03-14,2.6247063,70.65688857142857,31.64590833333333,29.227079166666663,9,2021
2022-03-15,2.680458,5.489325625000001,11.842125,29.227079166666663,9,2021
2022-03-16,2.3629131,6.570696888888889,11.525262500000002,29.227079166666663,9,2021
2022-03-17,1.7181287,2.419997563888889,3.162041666666666,29.227079166666663,9,2021
2022-03-18,1.8684168,13.103175192307692,12.112049999999998,29.227079166666663,9,2021
2022-03-19,2.0259762,7.065350517500001,8.640779166666666,29.227079166666663,9,2021
2022-03-20,1.4175515,15.665018235294118,15.296870833333337,29.227079166666663,9,2021
2022-03-21,1.2163591,,15.745491666666666,29.227079166666663,9,2021
2022-03-22,0.78246164,13.370661,10.699845833333333,29.227079166666663,9,2021
2022-03-23,0.18130875,7.152565500000001,8.36495,29.227079166666663,9,2021
2022-03-24,-0.22592497,-12.8043775,-3.6226625,29.227079166666663,9,2021
2022-03-25,-0.012611393,-12.126773134210527,-8.9171875,29.227079166666663,9,2021
2022-03-26,-0.0029158625,11.669272083333333,8.8995125,29.227079166666663,9,2021
2022-03-27,-0.982214,8.756301368421052,8.461695833333334,29.227079166666663,9,2021
2022-03-28,-1.571248,0.6590574285714291,1.5895583333333343,29.227079166666663,9,2021
2022-03-29,-1.5567031,-42.94367571428571,-15.849133333333334,29.227079166666663,9,2021
2022-03-30,-1.7021441,11.816605333333332,8.635279166666669,29.227079166666663,9,2021
2022-03-31,-1.5130715,-3.084971083333334,7.413658333333333,29.227079166666663,9,2021
2022-04-01,-1.888792,-6.188374958333333,1.3718374999999996,29.227079166666663,9,2021
2022-04-02,-2.548122,-2.408410392857143,0.9546083333333334,29.227079166666663,9,2021
2022-04-03,-2.7856736,5.272328833333334,51.1569375,29.227079166666663,9,2021
2022-04-04,-2.3445053,14.446502222222222,16.474883333333334,29.227079166666663,9,2021
2022-04-05,-2.259665,12.516194714285714,13.801975,29.227079166666663,9,2021
2022-04-06,-2.3881373,0.9044809181818184,25.9690875,29.227079166666663,9,2021
2022-04-07,-1.9348478,0.2471480187499999,3.851945833333333,29.227079166666663,9,2021
2022-04-08,-2.5069137,12.321713583333334,12.696325,29.227079166666663,9,2021
2022-04-09,-2.3711696,27.840579545454545,18.63275416666667,29.227079166666663,9,2021
2022-04-10,-2.7590098,4.218922888888889,6.216670833333333,29.227079166666663,9,2021
2022-04-11,-2.5505462,25.37833302142857,22.210954166666667,29.227079166666663,9,2021
2022-04-12,-2.6475053,55.4529,27.761445833333337,29.227079166666663,9,2021
2022-04-13,6.0328593,,101.05301666666666,29.227079166666663,9,2021
2022-04-14,8.098112,92.83110957142856,74.1649875,29.227079166666663,9,2021
2022-04-15,10.621502,88.35705750000001,101.24275833333331,29.227079166666663,9,2021
2022-04-16,11.925618,184.2363296318182,153.30375833333332,29.227079166666663,9,2021
2022-04-17,11.799569,53.39608230769231,56.02194166666666,29.227079166666663,9,2021
2022-04-18,13.549702,,119.30024583333334,29.227079166666663,9,2021
2022-04-19,16.240349,177.55603333333332,179.82906666666668,29.227079166666663,9,2021
2022-04-20,19.094614,138.077747,112.30744583333336,29.227079166666663,9,2021
2022-04-21,21.207132,145.33185285714285,128.83895,29.227079166666663,9,2021
2022-04-22,26.138777,134.6150353125,115.43885833333331,29.227079166666663,9,2021
2022-04-23,30.444036,146.24865333333335,111.01304583333332,29.227079166666663,9,2021
2022-04-24,35.38261,98.25592636363636,92.15176666666667,29.227079166666663,9,2021
2022-04-25,37.982864,187.4328990909091,123.59430416666667,29.227079166666663,9,2021
2022-04-26,43.619415,51.03309458333334,62.08445,29.227079166666663,9,2021
2022-04-27,46.586025,120.15760661538462,90.33925416666666,29.227079166666663,9,2021
2022-04-28,43.26089,160.08281126666668,145.0952,29.227079166666663,9,2021
2022-04-29,42.135925,104.39188364285714,84.94453750000001,29.227079166666663,9,2021
2022-04-30,35.933426,77.26552783333334,75.68914583333334,29.227079166666663,9,2021
2022-05-01,39.4905,,156.4239458333333,29.227079166666663,9,2021
2022-05-02,42.810482,144.55024857142857,139.2652875,29.227079166666663,9,2021
2022-05-03,42.013023,395.6400064285714,221.72385833333337,29.227079166666663,9,2021
2022-05-04,42.579445,465.5180982769231,291.4197375,29.227079166666663,9,2021
2022-05-05,44.902966,145.217263,124.13702916666666,29.227079166666663,9,2021
2022-05-06,41.48723,80.9701933846154,70.69415,29.227079166666663,9,2021
2022-05-07,44.006878,74.74910000000001,100.90641666666666,29.227079166666663,9,2021
2022-05-08,37.50047,68.78369638888888,62.80936666666667,29.227079166666663,9,2021
2022-05-09,36.01326,34.967985,45.48758333333333,29.227079166666663,9,2021
2022-05-10,34.198708,56.80504646666667,54.12829166666666,29.227079166666663,9,2021
2022-05-11,36.812164,76.35745961111111,95.61880833333332,29.227079166666663,9,2021
2022-05-12,37.32717,201.464113,177.32753749999998,29.227079166666663,9,2021
2022-05-13,39.206707,163.8209381,170.55283749999998,29.227079166666663,9,2021
2022-05-14,40.97725,265.11350500000003,184.33439583333333,29.227079166666663,9,2021
2022-05-15,38.353073,189.75758436,117.08467083333332,29.227079166666663,9,2021
2022-05-16,36.6376,91.23314007692308,70.82656666666666,29.227079166666663,9,2021
2022-05-17,39.04807,43.701489166666654,70.71237500000001,29.227079166666663,9,2021
2022-05-18,40.159416,498.7513283333333,283.1028333333333,29.227079166666663,9,2021
2022-05-19,41.149433,15.838139615384616,183.6040875,29.227079166666663,9,2021
2022-05-20,40.23346,19.181806538461537,43.42921666666667,29.227079166666663,9,2021
2022-05-21,41.169125,104.64461685714284,83.16062916666667,29.227079166666663,9,2021
2022-05-22,46.511185,,185.3368833333333,29.227079166666663,9,2021
2022-05-23,46.40937,27.882518125,53.614725,29.227079166666663,9,2021
2022-05-24,48.17905,82.8397799375,85.19227916666667,29.227079166666663,9,2021
2022-05-25,46.302563,2.1813349999999985,35.60684583333333,29.227079166666663,9,2021
2022-05-26,47.995277,37.66003321428572,45.05479166666667,29.227079166666663,9,2021
2022-05-27,53.120083,174.05845363636365,120.96884166666666,29.227079166666663,9,2021
2022-05-28,56.558838,271.83689990909085,179.62707916666668,29.227079166666663,9,2021
2022-05-29,48.61431,30.355489545454542,56.45532083333333,29.227079166666663,9,2021
2022-05-30,55.64499,170.25846458333334,109.5882375,29.227079166666663,9,2021
2022-05-31,60.058495,110.702185,137.75336666666666,29.227079166666663,9,2021
2022-06-01,62.31767,201.90459318181817,164.2962375,29.227079166666663,9,2021
2022-06-02,56.438847,344.01560307692307,256.172525,29.227079166666663,9,2021
2022-06-03,64.680466,102.343665625,119.92925,29.227079166666663,9,2021
2022-06-04,66.38818,-6.1043334192307706,30.7257875,29.227079166666663,9,2021
2022-06-05,58.59985,119.06495100000002,75.14707083333333,29.227079166666663,9,2021
2022-06-06,75.88301,89.3517085,78.990925,29.227079166666663,9,2021
2022-06-07,69.113976,41.53666454545455,77.78215,29.227079166666663,9,2021
2022-06-08,81.79516,39.55020333333333,53.04006666666667,29.227079166666663,9,2021
2022-06-09,72.03732,49.066244375,58.378712500000006,29.227079166666663,9,2021
2022-06-10,49.646782,161.848486721875,130.65332916666668,29.227079166666663,9,2021
2022-06-11,50.385498,76.7752040625,80.14577083333333,29.227079166666663,9,2021
2022-06-12,53.349453,94.87046414705884,82.86323750000001,29.227079166666663,9,2021
2022-06-13,53.507015,38.7604777,50.33905416666667,29.227079166666663,9,2021
2022-06-14,51.306625,123.93942203333332,113.87955416666668,29.227079166666663,9,2021
2022-06-15,47.621376,180.5807715,155.38382083333337,29.227079166666663,9,2021
2022-06-16,39.16027,32.71673567647059,48.48659166666667,29.227079166666663,9,2021
2022-06-17,37.399647,118.78745222222224,119.1923,29.227079166666663,9,2021
2022-06-18,33.715343,,96.77504583333332,29.227079166666663,9,2021
2022-06-19,35.911686,288.112635,167.508,29.227079166666663,9,2021
2022-06-20,34.44694,130.3984392307692,97.88639166666668,29.227079166666663,9,2021
2022-06-21,29.933254,-0.0626839285714303,23.71452083333333,29.227079166666663,9,2021
2022-06-22,27.750738,-1.6678571428571445,46.8951625,29.227079166666663,9,2021
2022-06-23,25.650335,24.972111666666663,30.717191666666665,29.227079166666663,9,2021
2022-06-24,11.695336,4.4111777,6.194029166666667,29.227079166666663,9,2021
2022-06-25,11.571712,2.1654484411764705,5.267920833333333,29.227079166666663,9,2021
2022-06-26,10.929351,1.42199641,2.920041666666666,29.227079166666663,9,2021
2022-06-27,11.023887,-4.719860029411765,-0.8162291666666667,29.227079166666663,9,2021
2022-06-28,12.626154,-14.425702125,-2.137258333333333,29.227079166666663,9,2021
2022-06-29,11.755937,28.138439666666667,29.51630833333333,29.227079166666663,9,2021
2022-06-30,11.482023,76.54015033333333,65.16830416666666,29.227079166666663,9,2021
2022-07-01,10.805726,121.504831,102.49331666666669,29.227079166666663,9,2021
2022-07-02,10.536662,37.64394071428571,39.4269,29.227079166666663,9,2021
2022-07-03,11.2056875,45.31083657894737,43.1208375,29.227079166666663,9,2021
2022-07-04,11.232351,53.96568653846153,44.01402916666667,29.227079166666663,9,2021
2022-07-05,11.75836,12.761835423076924,21.409358333333333,29.227079166666663,9,2021
2022-07-06,13.714533,49.46134233333333,46.80050833333333,29.227079166666663,9,2021
2022-07-07,16.953005,19.59775206923077,26.927,29.227079166666663,9,2021
2022-07-08,18.794037,39.53966065625,41.00739166666667,29.227079166666663,9,2021
2022-07-09,22.145226,81.52672833333332,67.65105416666667,29.227079166666663,9,2021
2022-07-10,20.787176,23.448480458333336,35.527975,29.227079166666663,9,2021
2022-07-11,23.769917,10.72099625,19.7565375,29.227079166666663,9,2021
2022-07-12,26.64867,114.74596083333334,65.23587083333334,29.227079166666663,9,2021
2022-07-13,28.236752,121.11552626666666,103.14962083333334,29.227079166666663,9,2021
2022-07-14,28.307201,203.81819965,179.58401666666666,29.227079166666663,9,2021
2022-07-15,27.858152,163.22566852941176,132.03320416666665,29.227079166666663,9,2021
2022-07-16,23.773552,57.680929166666665,56.494733333333336,29.227079166666663,9,2021
2022-07-17,22.823643,51.3200675625,50.068579166666666,29.227079166666663,9,2021
2022-07-18,23.162703,37.18407714285714,45.707483333333336,29.227079166666663,9,2021
2022-07-19,21.86283,42.5696215625,60.464754166666665,29.227079166666663,9,2021
2022-07-20,22.513676,88.11933684210526,84.99380416666666,29.227079166666663,9,2021
2022-07-21,24.936619,170.03285263157895,149.7231375,29.227079166666663,9,2021
2022-07-22,24.241688,119.82463535714284,95.45790833333332,29.227079166666663,9,2021
2022-07-23,21.163502,46.88176388888889,45.66654583333334,29.227079166666663,9,2021
2022-07-24,20.557503,54.151929575,52.50268333333333,29.227079166666663,9,2021
2022-07-25,21.103207,53.14446233333333,57.0559625,29.227079166666663,9,2021
2022-07-26,20.407818,117.30182941176471,102.3534125,29.227079166666663,9,2021
2022-07-27,17.851097,39.14636,43.487225,29.227079166666663,9,2021
2022-07-28,18.887362,20.82033275,28.164175,29.227079166666663,9,2021
2022-07-29,18.380745,26.40487625,27.528116666666666,29.227079166666663,9,2021
2022-07-30,17.159046,27.30550086666667,28.5679375,29.227079166666663,9,2021
2022-07-31,17.74323,35.61903125,40.3387625,29.227079166666663,9,2021
2022-08-01,18.146828,36.52056833333334,35.22570416666667,29.227079166666663,9,2021
2022-08-02,18.604965,,36.605025,29.227079166666663,9,2021
2022-08-03,19.063103,,40.980404166666666,29.227079166666663,9,2021
2022-08-04,19.803635,,39.3181625,29.227079166666663,9,2021
2022-08-05,19.693342,,50.84236666666666,29.227079166666663,9,2021
2022-08-06,20.837473,,59.09238333333334,29.227079166666663,9,2021
2022-08-07,22.196735,,57.31294583333334,29.227079166666663,9,2021
2022-08-08,23.919598,,59.22202083333334,29.227079166666663,9,2021
2022-08-09,27.120499,,63.40660833333333,29.227079166666663,9,2021
2022-08-10,28.079796,,67.75318333333333,29.227079166666663,9,2021
2022-08-11,28.558842,,68.378,29.227079166666663,9,2021
2022-08-12,31.98294,,68.58361666666667,29.227079166666663,9,2021
2022-08-13,35.440445,,67.53542083333333,29.227079166666663,9,2021
2022-08-14,38.642017,,68.38322083333334,29.227079166666663,9,2021
2022-08-15,35.601147,,53.36730833333333,29.227079166666663,9,2021
2022-08-16,34.195717,,50.23037083333333,29.227079166666663,9,2021
2022-08-17,34.555492,,49.891025000000006,29.227079166666663,9,2021
2022-08-18,28.253418,,46.79297916666667,29.227079166666663,9,2021
2022-08-19,26.475712,,47.80624583333333,29.227079166666663,9,2021
2022-08-20,22.8797,,47.94483333333333,29.227079166666663,9,2021
2022-08-21,18.53103,,50.867129166666665,29.227079166666663,9,2021
2022-08-22,15.018647,,48.59877083333333,29.227079166666663,9,2021
2022-08-23,7.9841843,,37.6483875,29.227079166666663,9,2021
2022-08-24,6.498268,,30.740225,29.227079166666663,9,2021
2022-08-25,5.4801855,,34.6009625,29.227079166666663,9,2021
2022-08-26,4.675416,,34.302533333333336,29.227079166666663,9,2021
2022-08-27,4.0282063,,44.887570833333335,29.227079166666663,9,2021
2022-08-28,3.8100457,,36.856525,29.227079166666663,9,2021
2022-08-29,3.6791492,,43.02935416666667,29.227079166666663,9,2021
2022-08-30,2.047793,,24.181404166666667,29.227079166666663,9,2021
2022-08-31,1.8853846,,30.576416666666663,29.227079166666663,9,2021
2022-09-01,2.2344413,,32.71250833333333,29.227079166666663,9,2021
2022-09-02,2.0817294,,32.85155,29.227079166666663,9,2021
2022-09-03,2.5422902,,21.01140833333333,29.227079166666663,9,2021
2022-09-04,2.2489853,,14.676270833333334,29.227079166666663,9,2021
2022-09-05,2.1399055,,13.9841,29.227079166666663,9,2021
2022-09-06,2.2077775,,16.698133333333335,29.227079166666663,9,2021
2022-09-07,2.2514095,,17.66187916666667,29.227079166666663,9,2021
2022-09-08,2.5277467,,17.941,29.227079166666663,9,2021
2022-09-09,2.7507553,,16.6961125,29.227079166666663,9,2021
2022-09-10,2.5519862,,21.92235833333333,29.227079166666663,9,2021
2022-09-11,2.8986187,,23.199104166666668,29.227079166666663,9,2021
2022-09-12,2.5859222,,14.385695833333337,29.227079166666663,9,2021
2022-09-13,3.0440598,,15.875679166666666,29.227079166666663,9,2021
2022-09-14,3.1264758,,25.227725000000003,29.227079166666663,9,2021
2022-09-15,3.856102,,26.564420833333333,29.227079166666663,9,2021
2022-09-16,4.3142395,,30.7237,29.227079166666663,9,2021
2022-09-17,4.879032,,31.363679166666667,29.227079166666663,9,2021
2022-09-18,5.4438252,,32.869025,29.227079166666663,9,2021
2022-09-19,6.083763,,33.25342916666667,29.227079166666663,9,2021
2022-09-20,6.7115808,,31.917325,29.227079166666663,9,2021
2022-09-21,7.6278553,,32.35209166666667,29.227079166666663,9,2021
2022-09-22,8.585338,,30.793166666666668,29.227079166666663,9,2021
2022-09-23,9.397379,,32.12081666666666,29.227079166666663,9,2021
2022-09-24,9.746436,,31.297966666666667,29.227079166666663,9,2021
2022-09-25,10.4445505,,15.9022125,29.227079166666663,9,2021
2022-09-26,9.297995,,-25.407125,29.227079166666663,9,2021
2022-09-27,9.782797,,-24.96132083333333,29.227079166666663,9,2021
2022-09-28,10.219116,,-23.57095,29.227079166666663,9,2021
2022-09-29,10.708768,,-20.766595833333334,29.227079166666663,9,2021
2022-09-30,10.323348,,-0.1866958333333333,29.227079166666663,9,2021
2022-10-01,10.422733,,2.8238041666666667,29.227079166666663,9,2021
2022-10-02,11.290528,,2.8988541666666667,29.227079166666663,9,2021
2022-10-03,10.812999,,2.537220833333333,29.227079166666663,9,2021
2022-10-04,10.177909,,-2.7125583333333334,29.227079166666663,9,2021
2022-10-05,9.97914,,1.2618250000000002,29.227079166666663,9,2021
2022-10-06,9.513731,,1.4944791666666666,29.227079166666663,9,2021
2022-10-07,10.122157,,1.615525,29.227079166666663,9,2021
2022-10-08,10.924502,,6.998575,29.227079166666663,9,2021
2022-10-09,11.697761,,8.3243,29.227079166666663,9,2021
2022-10-10,11.598376,,9.843383333333334,29.227079166666663,9,2021
2022-10-11,11.974098,,10.628429166666669,29.227079166666663,9,2021
2022-10-12,11.671097,,8.399625,29.227079166666663,9,2021
2022-10-13,11.760785,,7.276979166666667,29.227079166666663,9,2021
2022-10-14,11.399608,,5.8074666666666666,29.227079166666663,9,2021
2022-10-15,11.125695,,8.892270833333333,29.227079166666663,9,2021
2022-10-16,10.354861,,8.237870833333334,29.227079166666663,9,2021
2022-10-17,10.413038,,6.3823083333333335,29.227079166666663,9,2021
2022-10-18,10.129429,,7.085887499999999,29.227079166666663,9,2021
2022-10-19,10.272445,,7.339991666666666,29.227079166666663,9,2021
2022-10-20,10.151245,,5.191475,29.227079166666663,9,2021
2022-10-21,10.000957,,10.662975,29.227079166666663,9,2021
2022-10-22,9.729467,,6.716441666666667,29.227079166666663,9,2021
2022-10-23,9.542819,,5.953583333333333,29.227079166666663,9,2021
2022-10-24,10.090645,,9.813041666666669,29.227079166666663,9,2021
2022-10-25,9.7125,,9.320325,29.227079166666663,9,2021
2022-10-26,8.578066,,7.954183333333333,29.227079166666663,9,2021
2022-10-27,8.609577,,7.009645833333334,29.227079166666663,9,2021
2022-10-28,8.289608,,8.406658333333334,29.227079166666663,9,2021
2022-10-29,8.575642,,8.317791666666666,29.227079166666663,9,2021
2022-10-30,8.662905,,9.7467375,29.227079166666663,9,2021
2022-10-31,8.609577,,9.784645833333334,29.227079166666663,9,2021
2022-11-01,7.5018063,,10.8601875,29.227079166666663,9,2021
2022-11-02,7.572102,,11.054679166666666,29.227079166666663,9,2021
2022-11-03,7.397574,,7.289941666666666,29.227079166666663,9,2021
2022-11-04,7.3393984,,7.361195833333333,29.227079166666663,9,2021
2022-11-05,7.10427,,9.165220833333333,29.227079166666663,9,2021
2022-11-06,6.6461315,,9.145575,29.227079166666663,9,2021
2022-11-07,5.928626,,13.306616666666663,29.227079166666663,9,2021
2022-11-08,5.836514,,11.585483333333334,29.227079166666663,9,2021
2022-11-09,5.775914,,11.503637500000002,29.227079166666663,9,2021
2022-11-10,6.003771,,11.107012500000002,29.227079166666663,9,2021
2022-11-11,6.0837626,,10.293758333333331,29.227079166666663,9,2021
2022-11-12,6.1322427,,8.9157875,29.227079166666663,9,2021
2022-11-13,6.255868,,11.2988125,29.227079166666663,9,2021
2022-11-14,8.725929,,25.214816666666668,29.227079166666663,9,2021
2022-11-15,8.939241,,24.8901125,29.227079166666663,9,2021
2022-11-16,8.864098,,27.058554166666667,29.227079166666663,9,2021
2022-11-17,8.405961,,24.425175,29.227079166666663,9,2021
2022-11-18,8.386568,,25.98147916666667,29.227079166666663,9,2021
2022-11-19,8.156288,,30.538633333333333,29.227079166666663,9,2021
2022-11-20,8.645937,,24.556829166666663,29.227079166666663,9,2021
2022-11-21,8.628968,,21.334845833333333,29.227079166666663,9,2021
2022-11-22,8.851978,,24.21110833333333,29.227079166666663,9,2021
2022-11-23,8.888338,,21.362629166666665,29.227079166666663,9,2021
2022-11-24,9.222851,,14.402133333333332,29.227079166666663,9,2021
2022-11-25,9.34405,,23.7956375,29.227079166666663,9,2021
2022-11-26,10.277293,,21.95422083333333,29.227079166666663,9,2021
2022-11-27,10.90511,,24.41143333333333,29.227079166666663,9,2021
2022-11-28,10.599686,,23.706933333333332,29.227079166666663,9,2021
2022-11-29,10.842086,,27.211979166666666,29.227079166666663,9,2021
2022-11-30,12.677058,,30.694391666666665,29.227079166666663,9,2021
2022-12-01,17.231766,,30.8302625,29.227079166666663,9,2021
2022-12-02,22.598972,,33.97584166666667,29.227079166666663,9,2021
2022-12-03,26.239674,,30.2932,29.227079166666663,9,2021
2022-12-04,33.09071,,33.199754166666665,29.227079166666663,9,2021
2022-12-05,40.135593,,32.477245833333335,29.227079166666663,9,2021
2022-12-06,29.779936,,0.0292833333333332,29.227079166666663,9,2021
2022-12-07,35.349693,,-0.5717249999999999,29.227079166666663,9,2021
2022-12-08,38.790268,,7.366333333333333,29.227079166666663,9,2021
2022-12-09,41.90784,,12.036183333333334,29.227079166666663,9,2021
2022-12-10,32.580574,,6.656504166666667,29.227079166666663,9,2021
2022-12-11,26.501759,,6.903933333333334,29.227079166666663,9,2021
2022-12-12,29.746456,,14.325933333333332,29.227079166666663,9,2021
2022-12-13,22.626392,,5.060291666666667,29.227079166666663,9,2021
2022-12-14,22.146133,,5.575516666666666,29.227079166666663,9,2021
2022-12-15,-0.2574358,,14.749479166666667,29.227079166666663,9,2021
2022-12-16,0.011627674,,-1.318820833333333,29.227079166666663,9,2021
2022-12-17,0.8748505,,-7.1261625,-4.744441666666666,2,2022
2022-12-18,1.7153332,,-7.243837500000001,-4.744441666666666,2,2022
2022-12-19,2.548052,,-11.978279166666669,-4.744441666666666,2,2022
2022-12-20,1.7269795,,-7.643108333333333,-4.744441666666666,2,2022
2022-12-21,1.5037565,,-15.508895833333334,-4.744441666666666,2,2022
2022-12-22,1.9288511,,-20.107941666666665,-4.744441666666666,2,2022
2022-12-23,1.8822656,,-20.12224583333333,-4.744441666666666,2,2022
2022-12-24,1.8317974,,-20.80428333333333,-4.744441666666666,2,2022
2022-12-25,2.1870131,,-20.978341666666665,-4.744441666666666,2,2022
2022-12-26,1.6046925,,-9.376375,-4.744441666666666,2,2022
2022-12-27,2.3461807,,-20.89595,-4.744441666666666,2,2022
2022-12-28,2.4121768,,-33.91780833333333,-4.744441666666666,2,2022
2022-12-29,2.0317278,,-30.521095833333334,-4.744441666666666,2,2022
2022-12-30,2.5305824,,4.9897625,-4.744441666666666,2,2022
2022-12-31,2.786804,,12.890991666666666,-4.744441666666666,2,2022
2023-01-01,3.0663176,,12.880579166666664,-4.744441666666666,2,2022
2023-01-02,2.637341,,7.974512499999999,-4.744441666666666,2,2022
2023-01-03,3.6525207,,9.638441666666669,-4.744441666666666,2,2022
2023-01-04,3.9863842,,13.1184375,-4.744441666666666,2,2022
2023-01-05,3.8485684,,8.893291666666666,-4.744441666666666,2,2022
2023-01-06,3.5884655,,10.562666666666669,-4.744441666666666,2,2022
2023-01-07,3.8524501,,15.5986,-4.744441666666666,2,2022
2023-01-08,4.37848,,17.175250000000002,-4.744441666666666,2,2022
2023-01-09,5.599413,,17.47565833333333,-4.744441666666666,2,2022
2023-01-10,6.8300514,,14.681320833333332,-4.744441666666666,2,2022
2023-01-11,5.8439875,,16.234583333333333,-4.744441666666666,2,2022
2023-01-12,6.3195496,,18.7105625,-4.744441666666666,2,2022
2023-01-13,6.311785,,12.733608333333336,-4.744441666666666,2,2022
2023-01-14,5.954629,,17.528808333333334,-4.744441666666666,2,2022
2023-01-15,6.2224965,,15.6903875,-4.744441666666666,2,2022
2023-01-16,5.0656195,,8.956795833333333,-4.744441666666666,2,2022
2023-01-17,4.442536,,8.2545375,-4.744441666666666,2,2022
2023-01-18,4.894805,,7.486216666666666,-4.744441666666666,2,2022
2023-01-19,4.4832983,,8.277954166666666,-4.744441666666666,2,2022
2023-01-20,3.6369915,,9.4163625,-4.744441666666666,2,2022
2023-01-21,3.2973046,,8.249154166666667,-4.744441666666666,2,2022
2023-01-22,4.559,,7.909658333333334,-4.744441666666666,2,2022
2023-01-23,4.0465574,,7.94985,-4.744441666666666,2,2022
2023-01-24,3.409887,,8.173525,-4.744441666666666,2,2022
2023-01-25,4.1921377,,8.879483333333333,-4.744441666666666,2,2022
2023-01-26,3.7068703,,10.391958333333331,-4.744441666666666,2,2022
2023-01-27,2.9071498,,10.772591666666663,-4.744441666666666,2,2022
2023-01-28,2.4257646,,10.2970125,-4.744441666666666,2,2022
2023-01-29,3.3768885,,7.068858333333334,-4.744441666666666,2,2022
2023-01-30,3.105139,,6.827829166666668,-4.744441666666666,2,2022
2023-01-31,3.167253,,6.477329166666667,-4.744441666666666,2,2022
2023-02-01,2.9052088,,7.483066666666667,-4.744441666666666,2,2022
2023-02-02,3.05273,,8.267629166666667,-4.744441666666666,2,2022
2023-02-03,2.9750874,,10.8865875,-4.744441666666666,2,2022
2023-02-04,3.1323137,,13.541620833333331,-4.744441666666666,2,2022
2023-02-05,2.2374814,,13.76695,-4.744441666666666,2,2022
2023-02-06,2.6567519,,11.5548625,-4.744441666666666,2,2022
2023-02-07,3.0236142,,14.1732375,-4.744441666666666,2,2022
2023-02-08,3.1575477,,12.5238,-4.744441666666666,2,2022
2023-02-09,3.6913416,,12.6421375,-4.744441666666666,2,2022
2023-02-10,3.6719308,,14.0754875,-4.744441666666666,2,2022
2023-02-11,4.4095383,,15.3217,-4.744441666666666,2,2022
2023-02-12,4.8792763,,12.721304166666668,-4.744441666666666,2,2022
2023-02-13,7.986928,,14.489345833333331,-4.744441666666666,2,2022
2023-02-14,8.006339,,15.656095833333334,-4.744441666666666,2,2022
2023-02-15,7.4589567,,27.137183333333336,-4.744441666666666,2,2022
2023-02-16,3.8796253,,25.11231666666667,-4.744441666666666,2,2022
2023-02-17,3.4157097,,27.59777916666667,-4.744441666666666,2,2022
2023-02-18,2.874152,,31.81598333333333,-4.744441666666666,2,2022
2023-02-19,2.8741515,,20.82540833333333,-4.744441666666666,2,2022
2023-02-20,3.3031278,,20.506966666666667,-4.744441666666666,2,2022
2023-02-21,7.4104304,,18.727975,-4.744441666666666,2,2022
2023-02-22,2.6431642,,20.93405,-4.744441666666666,2,2022
2023-02-23,4.2037845,,19.69449583333333,-4.744441666666666,2,2022
2023-02-24,4.623055,,15.891445833333334,-4.744441666666666,2,2022
2023-02-25,4.007736,,17.350925,-4.744441666666666,2,2022
2023-02-26,4.194079,,12.284166666666666,-4.744441666666666,2,2022
2023-02-27,3.318656,,12.5121625,-4.744441666666666,2,2022
2023-02-28,3.9572682,,13.590116666666669,-4.744441666666666,2,2022
2023-03-01,2.6936324,,12.721791666666666,-4.744441666666666,2,2022
2023-03-02,0.7176242,,8.433529166666666,-4.744441666666666,2,2022
2023-03-03,1.1660109,,9.92025,-4.744441666666666,2,2022
2023-03-04,0.48469615,,11.906295833333331,-4.744441666666666,2,2022
2023-03-05,1.6202209,,10.928479166666667,-4.744441666666666,2,2022
2023-03-06,0.7486813,,14.7466625,-4.744441666666666,2,2022
2023-03-07,2.0317273,,13.389679166666667,-4.744441666666666,2,2022
2023-03-08,2.5364056,,57.81650833333333,-4.744441666666666,2,2022
2023-03-09,2.569404,,85.95645833333333,-4.744441666666666,2,2022
2023-03-10,0.75644517,,32.37036666666667,-4.744441666666666,2,2022
2023-03-11,3.3652422,,14.4144,-4.744441666666666,2,2022
2023-03-12,1.9385562,,20.677645833333333,-4.744441666666666,2,2022
2023-03-13,1.7289207,,136.855825,-4.744441666666666,2,2022
2023-03-14,-0.20826602,,19.03885,-4.744441666666666,2,2022
2023-03-15,5.234493,,14.502783333333332,-4.744441666666666,2,2022
2023-03-16,5.199553,,12.563620833333331,-4.744441666666666,2,2022
2023-03-17,4.9239206,,11.792779166666667,-4.744441666666666,2,2022
2023-03-18,0.53516364,,16.076379166666666,-4.744441666666666,2,2022
2023-03-19,-0.78670454,,10.737391666666667,-4.744441666666666,2,2022
2023-03-20,2.9013267,,10.745495833333337,-4.744441666666666,2,2022
2023-03-21,1.1873622,,13.5358375,-4.744441666666666,2,2022
2023-03-22,0.6477456,,39.26701666666666,-4.744441666666666,2,2022
2023-03-23,0.33329248,,18.161191666666667,-4.744441666666666,2,2022
2023-03-24,-1.0196333,,15.687391666666665,-4.744441666666666,2,2022
2023-03-25,-1.1050403,,12.933579166666666,-4.744441666666666,2,2022
2023-03-26,-1.0817475,,11.231391666666669,-4.744441666666666,2,2022
2023-03-27,-1.4020236,,12.042054166666668,-4.744441666666666,2,2022
2023-03-28,0.39734745,,15.5223,-4.744441666666666,2,2022
2023-03-29,0.15277243,,19.589558333333333,-4.744441666666666,2,2022
2023-03-30,-0.6702409,,23.313558333333333,-4.744441666666666,2,2022
2023-03-31,-1.1458025,,56.54428333333333,-4.744441666666666,2,2022
2023-04-01,-2.3065627,,17.862041666666666,-4.744441666666666,2,2022
2023-04-02,-3.009229,,13.210479166666666,-4.744441666666666,2,2022
2023-04-03,-4.298099,,12.103429166666666,-4.744441666666666,2,2022
2023-04-04,-3.3198001,,19.318995833333336,-4.744441666666666,2,2022
2023-04-05,-1.0138099,,15.203375,-4.744441666666666,2,2022
2023-04-06,-2.8500621,,12.823225,-4.744441666666666,2,2022
2023-04-07,-5.777195,,10.106166666666669,-4.744441666666666,2,2022
2023-04-08,-3.005347,,10.8017,-4.744441666666666,2,2022
2023-04-09,-0.9051101,,9.569579166666664,-4.744441666666666,2,2022
2023-04-10,-1.898938,,11.274283333333337,-4.744441666666666,2,2022
2023-04-11,0.040190455,,14.803120833333333,-4.744441666666666,2,2022
2023-04-12,-0.43342996,,78.05844583333334,-4.744441666666666,2,2022
2023-04-13,-2.0852804,,9.072945833333334,-4.744441666666666,2,2022
2023-04-14,-1.320499,,13.353008333333332,-4.744441666666666,2,2022
2023-04-15,-3.8710644,,14.886554166666668,-4.744441666666666,2,2022
2023-04-16,-0.11897683,,13.058325000000002,-4.744441666666666,2,2022
2023-04-17,-0.3519051,,9.3439625,-4.744441666666666,2,2022
2023-04-18,-1.8057663,,11.873133333333334,-4.744441666666666,2,2022
2023-04-19,-0.272321,,14.0833375,-4.744441666666666,2,2022
2023-04-20,-3.424618,,13.607045833333332,-4.744441666666666,2,2022
2023-04-21,-3.2460396,,12.642679166666667,-4.744441666666666,2,2022
2023-04-22,-0.23932314,,12.25155,-4.744441666666666,2,2022
2023-04-23,-2.1202195,,9.140320833333334,-4.744441666666666,2,2022
2023-04-24,-1.512665,,10.734379166666663,-4.744441666666666,2,2022
2023-04-25,-2.8966472,,11.7367625,-4.744441666666666,2,2022
2023-04-26,-0.4974854,,12.506183333333333,-4.744441666666666,2,2022
2023-04-27,0.83797026,,13.5244625,-4.744441666666666,2,2022
2023-04-28,-1.1574488,,10.994570833333334,-4.744441666666666,2,2022
2023-04-29,0.071247816,,11.256308333333337,-4.744441666666666,2,2022
2023-04-30,-0.5479531,,12.184070833333337,-4.744441666666666,2,2022
2023-05-01,-2.1784518,,12.151733333333333,-4.744441666666666,2,2022
2023-05-02,-0.8061156,,12.001545833333331,-4.744441666666666,2,2022
2023-05-03,-0.5498946,,13.926275,-4.744441666666666,2,2022
2023-05-04,0.51575255,,13.9534375,-4.744441666666666,2,2022
2023-05-05,-0.09180188,,11.173625,-4.744441666666666,2,2022
2023-05-06,-1.205976,,13.790758333333336,-4.744441666666666,2,2022
2023-05-07,0.13918471,,13.0050875,-4.744441666666666,2,2022
2023-05-08,3.1633713,,13.103904166666666,-4.744441666666666,2,2022
2023-05-09,0.60504174,,12.688916666666666,-4.744441666666666,2,2022
2023-05-10,0.08677602,,11.505525,-4.744441666666666,2,2022
2023-05-11,-0.9866352,,11.474708333333334,-4.744441666666666,2,2022
2023-05-12,-0.16362095,,7.8356875,-4.744441666666666,2,2022
2023-05-13,-0.18885541,,9.650695833333334,-4.744441666666666,2,2022
2023-05-14,-0.19662023,,13.241575,-4.744441666666666,2,2022
2023-05-15,-0.8856995,,11.609133333333332,-4.744441666666666,2,2022
2023-05-16,-0.6430657,,9.757991666666667,-4.744441666666666,2,2022
2023-05-17,0.06736565,,6.880029166666667,-4.744441666666666,2,2022
2023-05-18,-0.8585243,,9.886629166666667,-4.744441666666666,2,2022
2023-05-19,-0.65277123,,8.897120833333334,-4.744441666666666,2,2022
2023-05-20,0.24594378,,5.6569666666666665,-4.744441666666666,2,2022
2023-05-21,-1.2642076,,3.4890833333333333,-4.744441666666666,2,2022
2023-05-22,-2.3026795,,4.742304166666666,-4.744441666666666,2,2022
2023-05-23,-0.9206381,,3.446683333333333,-4.744441666666666,2,2022
2023-05-24,-3.6886036,,3.4703250000000003,-4.744441666666666,2,2022
2023-05-25,-3.7099555,,2.5631375,-4.744441666666666,2,2022
2023-05-26,-4.8357763,,16.804720833333334,-4.744441666666666,2,2022
2023-05-27,-6.697261,,5.574645833333334,-4.744441666666666,2,2022
2023-05-28,-5.179345,,4.1894,-4.744441666666666,2,2022
2023-05-29,-4.9347706,,8.8497,-4.744441666666666,2,2022
2023-05-30,-5.132759,,8.1188,-4.744441666666666,2,2022
2023-05-31,-3.9234734,,10.824416666666666,-4.744441666666666,2,2022
2023-06-01,-5.1366415,,8.325779166666667,-4.744441666666666,2,2022
2023-06-02,-5.0900555,,11.798229166666667,-4.744441666666666,2,2022
2023-06-03,-6.099411,,6.942575000000001,-4.744441666666666,2,2022
2023-06-04,-5.8587184,,19.906133333333333,-4.744441666666666,2,2022
2023-06-05,-5.361805,,8.358370833333334,-4.744441666666666,2,2022
2023-06-06,-4.6669025,,10.957641666666667,-4.744441666666666,2,2022
2023-06-07,-4.0709944,,9.623875,-4.744441666666666,2,2022
2023-06-08,-3.0034058,,7.643491666666666,-4.744441666666666,2,2022
2023-06-09,-2.028989,,10.242454166666668,-4.744441666666666,2,2022
2023-06-10,-1.2312095,,13.180616666666667,-4.744441666666666,2,2022
2023-06-11,-2.4424367,,12.712220833333332,-4.744441666666666,2,2022
2023-06-12,-0.48777986,,11.258925,-4.744441666666666,2,2022
2023-06-13,-1.8756449,,9.711058333333334,-4.744441666666666,2,2022
2023-06-14,-1.491313,,26.642954166666662,-4.744441666666666,2,2022
2023-06-15,0.5196345,,33.09138333333333,-4.744441666666666,2,2022
2023-06-16,1.7987993,,9.805441666666669,-4.744441666666666,2,2022
2023-06-17,0.4322865,,12.7017125,-4.744441666666666,2,2022
2023-06-18,1.0514879,,11.244470833333333,-4.744441666666666,2,2022
2023-06-19,-0.5207782,,18.150716666666668,-4.744441666666666,2,2022
2023-06-20,-0.3421998,,13.439275,-4.744441666666666,2,2022
2023-06-21,-0.066568375,,7.980316666666667,-4.744441666666666,2,2022
2023-06-22,-1.0176921,,10.6514125,-4.744441666666666,2,2022
2023-06-23,-0.43148923,,13.143545833333333,-4.744441666666666,2,2022
2023-06-24,-0.44119406,,13.515633333333334,-4.744441666666666,2,2022
2023-06-25,0.81467754,,17.5213875,-4.744441666666666,2,2022
2023-06-26,0.53128123,,40.130766666666666,-4.744441666666666,2,2022
2023-06-27,2.3034773,,39.85754583333333,-4.744441666666666,2,2022
2023-06-28,1.8764422,,38.97201666666667,-4.744441666666666,2,2022
2023-06-29,-0.2664981,,38.2870375,-4.744441666666666,2,2022
2023-06-30,1.0670166,,42.27121666666667,-4.744441666666666,2,2022
2023-07-01,2.1501327,,42.76443333333333,-4.744441666666666,2,2022
2023-07-02,2.4859378,,46.986354166666665,-4.744441666666666,2,2022
2023-07-03,3.0003207,,46.0592,-4.744441666666666,2,2022
2023-07-04,2.0123167,,61.338120833333335,-4.744441666666666,2,2022
2023-07-05,2.854741,,50.225775,-4.744441666666666,2,2022
2023-07-06,4.4134197,,42.73356666666667,-4.744441666666666,2,2022
2023-07-07,7.041628,,37.14480833333334,-4.744441666666666,2,2022
2023-07-08,4.283368,,18.0615125,-4.744441666666666,2,2022
2023-07-09,5.640176,,16.412679166666667,-4.744441666666666,2,2022
2023-07-10,5.2694316,,16.020508333333336,-4.744441666666666,2,2022
2023-07-11,4.865689,,19.086762500000003,-4.744441666666666,2,2022
2023-07-12,4.386245,,16.051920833333334,-4.744441666666666,2,2022
2023-07-13,5.3004885,,12.77375,-4.744441666666666,2,2022
2023-07-14,6.4146614,,18.3072125,-4.744441666666666,2,2022
2023-07-15,5.055914,,13.816,-4.744441666666666,2,2022
2023-07-16,4.1610804,,16.177341666666667,-4.744441666666666,2,2022
2023-07-17,4.8307495,,12.214687499999998,-4.744441666666666,2,2022
2023-07-18,5.063678,,24.347241666666665,-4.744441666666666,2,2022
2023-07-19,3.774808,,10.989725,-4.744441666666666,2,2022
2023-07-20,2.6354,,15.211670833333336,-4.744441666666666,2,2022
2023-07-21,1.6202207,,15.186895833333333,-4.744441666666666,2,2022
2023-07-22,1.6493368,,22.625633333333337,-4.744441666666666,2,2022
2023-07-23,1.849267,,10.638229166666669,-4.744441666666666,2,2022
2023-07-24,0.37017226,,21.3476625,-4.744441666666666,2,2022
2023-07-25,0.8088541,,38.59811666666667,-4.744441666666666,2,2022
2023-07-26,1.119425,,43.95239166666667,-4.744441666666666,2,2022
2023-07-27,0.95637536,,29.303366666666665,-4.744441666666666,2,2022
2023-07-28,0.38764215,,37.333416666666665,-4.744441666666666,2,2022
2023-07-29,-0.1053896,,38.5578,-4.744441666666666,2,2022
2023-07-30,-0.078214645,,33.08435,-4.744441666666666,2,2022
2023-07-31,-0.19467854,,33.42189166666667,-4.744441666666666,2,2022
2023-08-01,-0.5285425,,50.88329166666667,-4.744441666666666,2,2022
2023-08-02,-0.8585241,,67.22480416666666,-4.744441666666666,2,2022
2023-08-03,-1.3146759,,49.12930416666666,-4.744441666666666,2,2022
2023-08-04,-1.4660795,,42.86838333333333,-4.744441666666666,2,2022
2023-08-05,-1.6233058,,49.82715833333333,-4.744441666666666,2,2022
2023-08-06,-0.67024064,,46.40745,-4.744441666666666,2,2022
2023-08-07,-0.39460826,,46.6717,-4.744441666666666,2,2022
2023-08-08,-0.6100676,,46.01819583333333,-4.744441666666666,2,2022
2023-08-09,0.23235655,,46.349783333333335,-4.744441666666666,2,2022
2023-08-10,1.7619188,,47.1601,-4.744441666666666,2,2022
2023-08-11,0.90978956,,35.1675,-4.744441666666666,2,2022
2023-08-12,-0.15003443,,35.23667916666667,-4.744441666666666,2,2022
2023-08-13,0.28088307,,18.19855833333333,-4.744441666666666,2,2022
2023-08-14,0.8884382,,17.35611666666667,-4.744441666666666,2,2022
2023-08-15,0.99131423,,13.314683333333331,-4.744441666666666,2,2022
2023-08-16,3.0934923,,14.578141666666667,-4.744441666666666,2,2022
2023-08-17,1.3620584,,20.8527125,-4.744441666666666,2,2022
2023-08-18,-0.5925977,,25.67815416666667,-4.744441666666666,2,2022
2023-08-19,1.4319372,,36.5661625,-4.744441666666666,2,2022
2023-08-20,1.9773777,,15.641070833333336,-4.744441666666666,2,2022
2023-08-21,1.1252484,,6.610245833333334,-4.744441666666666,2,2022
2023-08-22,1.2028909,,1.7274083333333332,-4.744441666666666,2,2022
2023-08-23,-0.64112425,,9.4090875,-4.744441666666666,2,2022
2023-08-24,-1.5398393,,17.59519166666667,-4.744441666666666,2,2022
2023-08-25,-1.8717623,,6.6613625,-4.744441666666666,2,2022
2023-08-26,-1.7455931,,5.3356208333333335,-4.744441666666666,2,2022
2023-08-27,-0.99051666,,4.531229166666667,-4.744441666666666,2,2022
2023-08-28,-0.9555776,,5.932441666666667,-4.744441666666666,2,2022
2023-08-29,-0.32472992,,7.2592541666666675,-4.744441666666666,2,2022
2023-08-30,-0.23544145,,7.352154166666666,-4.744441666666666,2,2022
2023-08-31,0.40705276,,7.1669833333333335,-4.744441666666666,2,2022
2023-09-01,1.7075684,,9.246379166666664,-4.744441666666666,2,2022
2023-09-02,3.1439605,,27.043604166666668,-4.744441666666666,2,2022
2023-09-03,6.321491,,16.1188875,-4.744441666666666,2,2022
2023-09-04,8.544015,,13.9281625,-4.744441666666666,2,2022
2023-09-05,10.725777,,7.344433333333334,-4.744441666666666,2,2022
2023-09-06,11.288688,,26.848308333333332,-4.744441666666666,2,2022
2023-09-07,13.121057,,33.710745833333334,-4.744441666666666,2,2022
2023-09-08,11.988442,,21.26642083333333,-4.744441666666666,2,2022
2023-09-09,16.051102,,41.410579166666665,-4.744441666666666,2,2022
2023-09-10,12.542132,,15.882529166666666,-4.744441666666666,2,2022
2023-09-11,6.170087,,6.04765,-4.744441666666666,2,2022
2023-09-12,5.927454,,5.125945833333334,-4.744441666666666,2,2022
2023-09-13,13.5772085,,14.645516666666667,-4.744441666666666,2,2022
2023-09-14,9.664983,,11.704120833333333,-4.744441666666666,2,2022
2023-09-15,15.0715885,,7.830116666666666,-4.744441666666666,2,2022
2023-09-16,11.54782,,11.1134125,-4.744441666666666,2,2022
2023-09-17,11.995235,,12.023316666666666,-4.744441666666666,2,2022
2023-09-18,5.2306094,,-3.1280125,-4.744441666666666,2,2022
2023-09-19,4.654112,,2.092470833333333,-4.744441666666666,2,2022
2023-09-20,4.345482,,21.1599875,-4.744441666666666,2,2022
2023-09-21,5.3315454,,4.263491666666666,-4.744441666666666,2,2022
2023-09-22,2.2141879,,-0.1002416666666668,-4.744441666666666,2,2022
2023-09-23,4.5182376,,1.8254625,-4.744441666666666,2,2022
2023-09-24,4.6385837,,6.363104166666667,-4.744441666666666,2,2022
2023-09-25,4.461947,,-0.6928833333333334,-4.744441666666666,2,2022
2023-09-26,3.6214633,,2.1708166666666666,-4.744441666666666,2,2022
2023-09-27,3.1517246,,3.4400374999999994,-4.744441666666666,2,2022
2023-09-28,2.437411,,1.2043625,-4.744441666666666,2,2022
2023-09-29,0.87096816,,20.185875,-4.744441666666666,2,2022
2023-09-30,1.7890944,,0.0819541666666666,-4.744441666666666,2,2022
2023-10-01,1.589164,,3.7603041666666654,-4.744441666666666,2,2022
2023-10-02,1.4765816,,-1.8561375,-4.744441666666666,2,2022
2023-10-03,0.56039715,,-15.209525,-4.744441666666666,2,2022
2023-10-04,0.80109,,-19.392675,-4.744441666666666,2,2022
2023-10-05,1.7056277,,-14.638120833333334,-4.744441666666666,2,2022
2023-10-06,1.2650049,,-12.961270833333332,-4.744441666666666,2,2022
2023-10-07,2.2743611,,-1.3115541666666666,-4.744441666666666,2,2022
2023-10-08,3.7631612,,6.982758333333333,-4.744441666666666,2,2022
2023-10-09,3.9184468,,22.905525,-4.744441666666666,2,2022
2023-10-10,2.2491274,,8.389370833333333,-4.744441666666666,2,2022
2023-10-11,3.1187263,,5.132175,-4.744441666666666,2,2022
2023-10-12,2.6528697,,17.935208333333332,-4.744441666666666,2,2022
2023-10-13,1.6454546,,71.75894583333333,-4.744441666666666,2,2022
2023-10-14,1.1038966,,1.3142958333333334,-4.744441666666666,2,2022
2023-10-15,2.78098,,5.972512500000001,-4.744441666666666,2,2022
2023-10-16,2.6179307,,-1.697775,-4.744441666666666,2,2022
2023-10-17,3.4720008,,7.8093,-4.744441666666666,2,2022
2023-10-18,3.2914813,,34.694250000000004,-4.744441666666666,2,2022
2023-10-19,3.8136287,,3.5565625,-4.744441666666666,2,2022
2023-10-20,0.8127363,,2.070691666666667,-4.744441666666666,2,2022
2023-10-21,0.8127363,,2.096154166666667,-4.744441666666666,2,2022
2023-10-22,1.4280548,,2.754775,-4.744441666666666,2,2022
2023-10-23,2.0084348,,2.439995833333333,-4.744441666666666,2,2022
2023-10-24,1.9307916,,13.837975,-4.744441666666666,2,2022
2023-10-25,1.4882286,,6.9756375,-4.744441666666666,2,2022
2023-10-26,0.45946217,,5.236108333333333,-4.744441666666666,2,2022
2023-10-27,0.5235169,,4.223270833333333,-4.744441666666666,2,2022
2023-10-28,0.82632375,,3.2185,-4.744441666666666,2,2022
2023-10-29,0.9777267,,4.574579166666667,-4.744441666666666,2,2022
2023-10-30,0.92725945,,5.1594291666666665,-4.744441666666666,2,2022
2023-10-31,1.342648,,4.9236375,-4.744441666666666,2,2022
2023-11-01,0.96996284,,39.678337500000005,-4.744441666666666,2,2022
2023-11-02,0.1702423,,37.002633333333335,-4.744441666666666,2,2022
2023-11-03,0.07512974,,9.866225,-4.744441666666666,2,2022
2023-11-04,0.44975638,,8.290941666666667,-4.744441666666666,2,2022
2023-11-05,0.5584564,,21.40985,-4.744441666666666,2,2022
2023-11-06,0.6458044,,16.848604166666664,-4.744441666666666,2,2022
2023-11-07,0.74285746,,4.097579166666667,-4.744441666666666,2,2022
2023-11-08,1.4241731,,19.000229166666667,-4.744441666666666,2,2022
2023-11-09,1.0689576,,5.867141666666666,-4.744441666666666,2,2022
2023-11-10,0.9311414,,6.580970833333333,-4.744441666666666,2,2022
2023-11-11,1.7502725,,6.8157958333333335,-4.744441666666666,2,2022
2023-11-12,3.5069404,,4.978766666666666,-4.744441666666666,2,2022
2023-11-13,2.8081553,,58.19325,-4.744441666666666,2,2022
2023-11-14,2.5053487,,5.265241666666667,-4.744441666666666,2,2022
2023-11-15,2.6256945,,5.445262499999999,-4.744441666666666,2,2022
2023-11-16,2.7887444,,5.336454166666666,-4.744441666666666,2,2022
2023-11-17,2.5305824,,4.505925,-4.744441666666666,2,2022
2023-11-18,2.2918308,,11.035566666666666,-4.744441666666666,2,2022
2023-11-19,1.5367556,,15.145975,-4.744441666666666,2,2022
2023-11-20,1.2320075,,45.185475,-4.744441666666666,2,2022
2023-11-21,1.193186,,12.5467625,-4.744441666666666,2,2022
2023-11-22,1.059252,,5.125804166666667,-4.744441666666666,2,2022
2023-11-23,0.53710437,,7.6304375,-4.744441666666666,2,2022
2023-11-24,0.07318924,,5.376141666666666,-4.744441666666666,2,2022
2023-11-25,-0.0025126934,,5.680533333333333,-4.744441666666666,2,2022
2023-11-26,0.5312815,,3.5847916666666664,-4.744441666666666,2,2022
2023-11-27,-0.31114268,,6.3347541666666665,-4.744441666666666,2,2022
2023-11-28,0.39928865,,3.2418,-4.744441666666666,2,2022
2023-11-29,0.46722555,,4.5779375,-4.744441666666666,2,2022
2023-11-30,-0.15585709,,4.05695,-4.744441666666666,2,2022
2023-12-01,0.54681015,,6.676995833333333,-4.744441666666666,2,2022
2023-12-02,1.2941215,,7.821879166666666,-4.744441666666666,2,2022
2023-12-03,0.16053677,,8.353654166666667,-4.744441666666666,2,2022
2023-12-04,-0.78864574,,90.50910833333334,-4.744441666666666,2,2022
2023-12-05,-0.45284104,,29.7842625,-4.744441666666666,2,2022
2023-12-06,0.91367173,,18.651516666666662,-4.744441666666666,2,2022
2023-12-07,-0.38490343,,28.803625,-4.744441666666666,2,2022
2023-12-08,0.26147294,,4.856679166666667,-4.744441666666666,2,2022
2023-12-09,0.6729796,,38.9513375,-4.744441666666666,2,2022
2023-12-10,1.2494767,,10.216491666666666,-4.744441666666666,2,2022
2023-12-11,1.3931165,,5.478229166666666,-4.744441666666666,2,2022
2023-12-12,1.4843464,,6.259516666666666,-4.744441666666666,2,2022
2023-12-13,1.1174841,,6.4345791666666665,-4.744441666666666,2,2022
2023-12-14,1.3290608,,6.203875,-4.744441666666666,2,2022
2023-12-15,1.2261844,,-0.7077958333333333,-4.744441666666666,2,2022
2023-12-16,1.9463205,,-2.0837791666666665,-4.744441666666666,2,2022
2022-12-17,-0.98485804,,3.6547,-3.760783333333333,4,2022
2022-12-18,2.662208,,4.113058333333334,-3.760783333333333,4,2022
2022-12-19,3.804037,,3.3117666666666667,-3.760783333333333,4,2022
2022-12-20,1.6002274,,-1.9374,-3.760783333333333,4,2022
2022-12-21,1.3007965,,-3.9638166666666654,-3.760783333333333,4,2022
2022-12-22,1.7080224,,-4.116641666666667,-3.760783333333333,4,2022
2022-12-23,2.5963335,,-2.03745,-3.760783333333333,4,2022
2022-12-24,2.1531763,,-3.2348041666666667,-3.760783333333333,4,2022
2022-12-25,2.4865417,,-2.3600166666666667,-3.760783333333333,4,2022
2022-12-26,2.4326448,,2.1397708333333334,-3.760783333333333,4,2022
2022-12-27,3.5744739,,4.2041625,-3.760783333333333,4,2022
2022-12-28,4.3290386,,2.4065333333333334,-3.760783333333333,4,2022
2022-12-29,3.9757104,,4.622745833333333,-3.760783333333333,4,2022
2022-12-30,4.4967203,,2.2995666666666668,-3.760783333333333,4,2022
2022-12-31,4.7362647,,3.2525791666666666,-3.760783333333333,4,2022
2023-01-01,4.8300867,,2.0863083333333337,-3.760783333333333,4,2022
2023-01-02,4.9179196,,0.1937624999999999,-3.760783333333333,4,2022
2023-01-03,5.628568,,3.752825,-3.760783333333333,4,2022
2023-01-04,5.8960595,,2.564554166666667,-3.760783333333333,4,2022
2023-01-05,5.718397,,-2.003366666666667,-3.760783333333333,4,2022
2023-01-06,5.802238,,0.8017291666666666,-3.760783333333333,4,2022
2023-01-07,6.0896916,,1.5997291666666669,-3.760783333333333,4,2022
2023-01-08,5.9539495,,2.4190625,-3.760783333333333,4,2022
2023-01-09,6.095681,,2.2241916666666666,-3.760783333333333,4,2022
2023-01-10,6.466974,,0.2546291666666667,-3.760783333333333,4,2022
2023-01-11,6.492925,,1.122575,-3.760783333333333,4,2022
2023-01-12,6.7045226,,2.0371,-3.760783333333333,4,2022
2023-01-13,6.5587993,,-0.8786208333333335,-3.760783333333333,4,2022
2023-01-14,6.6146927,,1.1017791666666663,-3.760783333333333,4,2022
2023-01-15,6.357183,,2.4454541666666665,-3.760783333333333,4,2022
2023-01-16,6.3032856,,3.4429625,-3.760783333333333,4,2022
2023-01-17,6.954048,,5.436370833333334,-3.760783333333333,4,2022
2023-01-18,6.309274,,5.0583833333333335,-3.760783333333333,4,2022
2023-01-19,7.1536684,,2.7142083333333336,-3.760783333333333,4,2022
2023-01-20,7.38922,,0.5508541666666666,-3.760783333333333,4,2022
2023-01-21,6.6166897,,2.842608333333333,-3.760783333333333,4,2022
2023-01-22,6.2074676,,0.7814333333333333,-3.760783333333333,4,2022
2023-01-23,7.175627,,0.3188625,-3.760783333333333,4,2022
2023-01-24,6.9740105,,3.498745833333333,-3.760783333333333,4,2022
2023-01-25,5.636553,,1.7492208333333332,-3.760783333333333,4,2022
2023-01-26,6.331232,,1.2604749999999998,-3.760783333333333,4,2022
2023-01-27,6.470967,,0.1730958333333333,-3.760783333333333,4,2022
2023-01-28,6.6765757,,0.1994416666666666,-3.760783333333333,4,2022
2023-01-29,6.2034755,,6.709654166666667,-3.760783333333333,4,2022
2023-01-30,6.329236,,3.8186875,-3.760783333333333,4,2022
2023-01-31,6.243399,,4.115625,-3.760783333333333,4,2022
2023-02-01,6.0976763,,4.228908333333334,-3.760783333333333,4,2022
2023-02-02,6.3072777,,2.5709,-3.760783333333333,4,2022
2023-02-03,6.1775246,,0.3967666666666667,-3.760783333333333,4,2022
2023-02-04,6.1994824,,0.0434541666666666,-3.760783333333333,4,2022
2023-02-05,6.746443,,-1.8575541666666664,-3.760783333333333,4,2022
2023-02-06,6.750435,,0.8499708333333333,-3.760783333333333,4,2022
2023-02-07,7.3453045,,0.789275,-3.760783333333333,4,2022
2023-02-08,7.1935925,,2.0251875,-3.760783333333333,4,2022
2023-02-09,6.9161205,,2.7290791666666667,-3.760783333333333,4,2022
2023-02-10,7.337319,,1.495375,-3.760783333333333,4,2022
2023-02-11,8.411277,,-1.0702625,-3.760783333333333,4,2022
2023-02-12,7.3473005,,4.127070833333334,-3.760783333333333,4,2022
2023-02-13,7.8044314,,2.1719708333333334,-3.760783333333333,4,2022
2023-02-14,8.600917,,4.814675,-3.760783333333333,4,2022
2023-02-15,7.9820933,,5.097204166666667,-3.760783333333333,4,2022
2023-02-16,7.6946397,,3.455929166666667,-3.760783333333333,4,2022
2023-02-17,7.7904577,,2.5914208333333333,-3.760783333333333,4,2022
2023-02-18,8.089889,,2.823375,-3.760783333333333,4,2022
2023-02-19,8.990176,,4.0826625000000005,-3.760783333333333,4,2022
2023-02-20,9.485235,,3.1152083333333334,-3.760783333333333,4,2022
2023-02-21,11.407581,,3.647229166666667,-3.760783333333333,4,2022
2023-02-22,9.768697,,5.05175,-3.760783333333333,4,2022
2023-02-23,11.467466,,8.104862500000001,-3.760783333333333,4,2022
2023-02-24,12.407679,,7.400229166666667,-3.760783333333333,4,2022
2023-02-25,12.900742,,9.166316666666669,-3.760783333333333,4,2022
2023-02-26,14.524653,,10.718845833333331,-3.760783333333333,4,2022
2023-02-27,14.744237,,11.377825,-3.760783333333333,4,2022
2023-02-28,16.150562,,11.669216666666664,-3.760783333333333,4,2022
2023-03-01,15.864107,,8.331920833333333,-3.760783333333333,4,2022
2023-03-02,18.079895,,12.056325,-3.760783333333333,4,2022
2023-03-03,17.002943,,13.9570625,-3.760783333333333,4,2022
2023-03-04,17.479036,,13.448070833333333,-3.760783333333333,4,2022
2023-03-05,16.143576,,11.156754166666666,-3.760783333333333,4,2022
2023-03-06,12.327831,,5.720925,-3.760783333333333,4,2022
2023-03-07,13.339906,,8.612516666666666,-3.760783333333333,4,2022
2023-03-08,13.010532,,12.658504166666669,-3.760783333333333,4,2022
2023-03-09,11.816802,,5.741841666666667,-3.760783333333333,4,2022
2023-03-10,10.704917,,8.942645833333334,-3.760783333333333,4,2022
2023-03-11,9.992272,,4.833608333333333,-3.760783333333333,4,2022
2023-03-12,9.563087,,4.268808333333333,-3.760783333333333,4,2022
2023-03-13,8.756621,,6.3489875,-3.760783333333333,4,2022
2023-03-14,8.139793,,5.574637500000001,-3.760783333333333,4,2022
2023-03-15,7.940173,,6.5027125,-3.760783333333333,4,2022
2023-03-16,6.494921,-3.651391428571429,1.5261333333333331,-3.760783333333333,4,2022
2023-03-17,7.169638,3.110388854545455,1.6831208333333336,-3.760783333333333,4,2022
2023-03-18,8.197683,25.081029668181817,16.320116666666667,-3.760783333333333,4,2022
2023-03-19,6.9760056,0.7009429374999999,1.7747958333333334,-3.760783333333333,4,2022
2023-03-20,6.5029063,1.4148773636363634,2.6741458333333337,-3.760783333333333,4,2022
2023-03-21,6.9161205,9.560411666666663,6.619916666666666,-3.760783333333333,4,2022
2023-03-22,7.179619,6.87724195,14.445870833333332,-3.760783333333333,4,2022
2023-03-23,6.918116,34.19917589285715,25.485758333333333,-3.760783333333333,4,2022
2023-03-24,7.255475,8.607926345769231,12.2332875,-3.760783333333333,4,2022
2023-03-25,6.9161196,8.347299472222224,9.18635,-3.760783333333333,4,2022
2023-03-26,7.20557,-30.52586108333333,-2.7478416666666674,-3.760783333333333,4,2022
2023-03-27,7.193592,-3.2152998999999998,1.9715,-3.760783333333333,4,2022
2023-03-28,8.686753,1.3871450000000007,6.558675,-3.760783333333333,4,2022
2023-03-29,9.002153,-7.1475083375,3.6214791666666666,-3.760783333333333,4,2022
2023-03-30,9.670882,,7.597283333333333,-3.760783333333333,4,2022
2023-03-31,12.066328,,48.925891666666665,-3.760783333333333,4,2022
2023-04-01,12.134199,24.50244156666667,21.126566666666665,-3.760783333333333,4,2022
2023-04-02,13.674271,9.813617272727273,14.827558333333334,-3.760783333333333,4,2022
2023-04-03,18.12481,14.610201666666669,20.6483625,-3.760783333333333,4,2022
2023-04-04,17.66269,47.32616357142857,43.784841666666665,-3.760783333333333,4,2022
2023-04-05,12.34979,-0.1246390909090902,4.038258333333334,-3.760783333333333,4,2022
2023-04-06,13.974699,5.637280277777778,5.668291666666666,-3.760783333333333,4,2022
2023-04-07,21.392096,19.55143325,18.772570833333333,-3.760783333333333,4,2022
2023-04-08,23.442947,60.575580875,44.54999583333333,-3.760783333333333,4,2022
2023-04-09,15.896047,0.6625985769230771,5.4631625,-3.760783333333333,4,2022
2023-04-10,15.186396,3.556263846153845,10.975179166666669,-3.760783333333333,4,2022
2023-04-11,13.353881,7.722861692307693,12.764804166666666,-3.760783333333333,4,2022
2023-04-12,14.505691,-2.223061166666666,13.679991666666666,-3.760783333333333,4,2022
2023-04-13,12.824886,9.049113785714288,9.743458333333333,-3.760783333333333,4,2022
2023-04-14,25.509768,-4.660211046666666,7.8626125,-3.760783333333333,4,2022
2023-04-15,14.794143,68.29298773684211,55.95600833333333,-3.760783333333333,4,2022
2023-04-16,17.615776,21.832099090909093,14.424379166666668,-3.760783333333333,4,2022
2023-04-17,31.362892,,31.010166666666667,-3.760783333333333,4,2022
2023-04-18,30.799833,,13.522658333333332,-3.760783333333333,4,2022
2023-04-19,32.763775,51.594025,32.02365,-3.760783333333333,4,2022
2023-04-20,25.485065,71.78850668181818,46.37882916666666,-3.760783333333333,4,2022
2023-04-21,20.078094,-2.4785269999999984,13.6858375,-3.760783333333333,4,2022
2023-04-22,15.327127,65.75526166666667,37.5089125,-3.760783333333333,4,2022
2023-04-23,11.174025,5.470662678571429,6.942529166666667,-3.760783333333333,4,2022
2023-04-24,10.672977,6.643872468750001,10.151679166666666,-3.760783333333333,4,2022
2023-04-25,14.010632,-11.817036932142855,3.203349999999999,-3.760783333333333,4,2022
2023-04-26,19.306562,29.01466388888889,18.94055833333333,-3.760783333333333,4,2022
2023-04-27,16.491913,0.1480241666666666,12.900516666666666,-3.760783333333333,4,2022
2023-04-28,11.122123,-0.1527663214285712,2.759608333333333,-3.760783333333333,4,2022
2023-04-29,16.238396,7.553152735294117,10.147545833333332,-3.760783333333333,4,2022
2023-04-30,13.297986,43.92124592857142,29.44864583333333,-3.760783333333333,4,2022
2023-05-01,11.591231,-0.8413464705882352,4.101408333333333,-3.760783333333333,4,2022
2023-05-02,13.814004,14.065812181818185,15.551766666666666,-3.760783333333333,4,2022
2023-05-03,17.476044,41.02209611111111,34.73021666666667,-3.760783333333333,4,2022
2023-05-04,14.239199,35.883519375,21.0234875,-3.760783333333333,4,2022
2023-05-05,9.930389,-21.804270133333333,-12.487970833333334,-3.760783333333333,4,2022
2023-05-06,13.438719,7.84136026923077,8.413820833333334,-3.760783333333333,4,2022
2023-05-07,11.930587,-5.82360480625,-3.260825,-3.760783333333333,4,2022
2023-05-08,12.725076,-9.151764277777778,19.887016666666668,-3.760783333333333,4,2022
2023-05-09,12.66519,-16.70888,-6.442225,-3.760783333333333,4,2022
2023-05-10,11.720984,1.8630167366666668,3.3194583333333334,-3.760783333333333,4,2022
2023-05-11,12.687149,0.5418414705882355,3.324591666666667,-3.760783333333333,4,2022
2023-05-12,17.969107,4.525703642857144,13.273858333333337,-3.760783333333333,4,2022
2023-05-13,21.916101,13.9907375,14.34395,-3.760783333333333,4,2022
2023-05-14,12.269941,9.462073111111112,12.01995,-3.760783333333333,4,2022
2023-05-15,10.653015,-9.63511754,-3.472583333333333,-3.760783333333333,4,2022
2023-05-16,9.856529,-13.872989923076924,-1.8824958333333333,-3.760783333333333,4,2022
2023-05-17,10.391512,-12.69101042857143,-7.213929166666666,-3.760783333333333,4,2022
2023-05-18,9.447308,2.745508571428572,1.9821083333333336,-3.760783333333333,4,2022
2023-05-19,9.499209,-6.149240611111112,-0.7503708333333335,-3.760783333333333,4,2022
2023-05-20,17.653704,-32.69804812500001,-12.666404166666666,-3.760783333333333,4,2022
2023-05-21,17.643724,-26.741015000000004,-8.132166666666667,-3.760783333333333,4,2022
2023-05-22,30.45786,72.582419375,154.5215875,-3.760783333333333,4,2022
2023-05-23,41.512592,206.75716615384616,167.1512,-3.760783333333333,4,2022
2023-05-24,28.425566,,153.80823333333333,-3.760783333333333,4,2022
2023-05-25,67.76443,,187.63326666666669,-3.760783333333333,4,2022
2023-05-26,70.17884,,159.57127083333333,-3.760783333333333,4,2022
2023-05-27,81.332634,,148.11769583333333,-3.760783333333333,4,2022
2023-05-28,21.63214,,6.389720833333334,-3.760783333333333,4,2022
2023-05-29,31.362265,,-3.4350666666666663,-3.760783333333333,4,2022
2023-05-30,34.64964,,-3.680095833333333,-3.760783333333333,4,2022
2023-05-31,56.847687,,15.540225,-3.760783333333333,4,2022
2023-06-01,40.163227,,14.583170833333334,-3.760783333333333,4,2022
2023-06-02,44.4836,,17.0167875,-3.760783333333333,4,2022
2023-06-03,50.337063,9.495374285714288,7.778108333333335,-3.760783333333333,4,2022
2023-06-04,54.054497,17.0172395,11.302725,-3.760783333333333,4,2022
2023-06-05,48.005245,-7.790138888888888,0.2212875000000001,-3.760783333333333,4,2022
2023-06-06,45.421913,-21.5848335,-8.490929166666666,-3.760783333333333,4,2022
2023-06-07,45.13246,-60.240062727272736,-31.33996666666667,-3.760783333333333,4,2022
2023-06-08,37.257946,46.97944728125,34.00427916666667,-3.760783333333333,4,2022
2023-06-09,43.38129,19.863617366666663,16.6693125,-3.760783333333333,4,2022
2023-06-10,47.41163,-0.4178764285714281,6.2076875,-3.760783333333333,4,2022
2023-06-11,25.770273,-2.3382196785714284,6.0722,-3.760783333333333,4,2022
2023-06-12,20.773773,0.8844176923076924,3.1220166666666667,-3.760783333333333,4,2022
2023-06-13,40.12348,,-9.321491666666669,-3.760783333333333,4,2022
2023-06-14,58.588875,-12.617044166666666,-6.91745,-3.760783333333333,4,2022
2023-06-15,32.20912,,-0.7562208333333332,-3.760783333333333,4,2022
2023-06-16,32.364376,11.809286666666669,5.72485,-3.760783333333333,4,2022
2023-06-17,40.04713,6.6933478846153855,6.625979166666667,-3.760783333333333,4,2022
2023-06-18,23.87862,18.43056375,11.569341666666666,-3.760783333333333,4,2022
2023-06-19,21.842241,-30.3079488,-24.636866666666663,-3.760783333333333,4,2022
2023-06-20,7.1616535,4.644988434615384,7.095704166666667,-3.760783333333333,4,2022
2023-06-21,6.5448265,-16.984844374999998,-10.761970833333336,-3.760783333333333,4,2022
2023-06-22,6.5128865,8.745854846153845,5.244041666666667,-3.760783333333333,4,2022
2023-06-23,5.790261,-13.490517083333334,-7.178745833333334,-3.760783333333333,4,2022
2023-06-24,6.7324696,-1.089981,12.8513125,-3.760783333333333,4,2022
2023-06-25,5.9299946,7.528616333333333,2.7735125000000003,-3.760783333333333,4,2022
2023-06-26,4.452804,-99.6193939375,-70.30538750000001,-3.760783333333333,4,2022
2023-06-27,4.422861,-12.778241875,-14.827229166666667,-3.760783333333333,4,2022
2023-06-28,4.7941546,-19.84987273333333,-18.922495833333333,-3.760783333333333,4,2022
2023-06-29,4.3869295,40.60257733333333,25.340325000000004,-3.760783333333333,4,2022
2023-06-30,3.5545115,-5.480227,0.4998874999999998,-3.760783333333333,4,2022
2023-07-01,3.3788457,-3.184389735294117,-0.4904500000000003,-3.760783333333333,4,2022
2023-07-02,2.7839766,-41.993480025,-36.357675,-3.760783333333333,4,2022
2023-07-03,2.6242805,-89.61932964285714,-60.5542625,-3.760783333333333,4,2022
2023-07-04,3.217153,-14.16074,-6.891020833333333,-3.760783333333333,4,2022
2023-07-05,10.784764,30.914128,32.535225000000004,-3.760783333333333,4,2022
2023-07-06,10.599118,17.060105,22.9243875,-3.760783333333333,4,2022
2023-07-07,15.531739,53.48669314285714,65.47785833333333,-3.760783333333333,4,2022
2023-07-08,13.647322,17.500859,32.5081875,-3.760783333333333,4,2022
2023-07-09,15.417954,86.81337607142858,76.544875,-3.760783333333333,4,2022
2023-07-10,15.347091,-4.156733333333332,60.582995833333335,-3.760783333333333,4,2022
2023-07-11,14.11643,19.45920269230769,40.8154375,-3.760783333333333,4,2022
2023-07-12,14.547609,143.36713205882353,118.32007083333332,-3.760783333333333,4,2022
2023-07-13,16.16753,18.12054457142857,20.7344,-3.760783333333333,4,2022
2023-07-14,20.101051,,118.3062875,-3.760783333333333,4,2022
2023-07-15,14.512677,3.140769722222222,49.13752083333333,-3.760783333333333,4,2022
2023-07-16,16.078701,77.71693030916667,74.80648333333333,-3.760783333333333,4,2022
2023-07-17,21.56377,33.428112692307685,33.8295625,-3.760783333333333,4,2022
2023-07-18,23.954475,27.85874911764706,26.167041666666663,-3.760783333333333,4,2022
2023-07-19,25.462107,21.670822865625,50.70851666666667,-3.760783333333333,4,2022
2023-07-20,35.463093,27.750637945454542,28.090241666666667,-3.760783333333333,4,2022
2023-07-21,31.498226,33.150992583333334,31.26504583333333,-3.760783333333333,4,2022
2023-07-22,18.610886,-0.4661049000000001,51.441766666666666,-3.760783333333333,4,2022
2023-07-23,25.93496,31.383138545454543,49.235283333333335,-3.760783333333333,4,2022
2023-07-24,68.28344,369.1453839090909,273.9850833333333,-3.760783333333333,4,2022
2023-07-25,37.33878,-5.101660714285715,15.541691666666669,-3.760783333333333,4,2022
2023-07-26,27.152395,-3.5249865,42.228345833333336,-3.760783333333333,4,2022
2023-07-27,29.78467,60.461955333333336,78.3196875,-3.760783333333333,4,2022
2023-07-28,30.842253,-8.58306625,44.23047916666667,-3.760783333333333,4,2022
2023-07-29,25.685434,56.518958125000005,58.7713125,-3.760783333333333,4,2022
2023-07-30,27.494307,117.9243252,112.48997916666669,-3.760783333333333,4,2022
2023-07-31,39.786625,62.23568181818182,95.64038333333332,-3.760783333333333,4,2022
2023-08-01,47.251434,55.86226075,52.194320833333336,-3.760783333333333,4,2022
2023-08-02,46.44596,,100.1044,-3.760783333333333,4,2022
2023-08-03,49.351433,94.79725926666669,69.30251666666668,-3.760783333333333,4,2022
2023-08-04,39.089947,19.51039786666666,24.49809583333333,-3.760783333333333,4,2022
2023-08-05,42.842815,57.432998125,85.557925,-3.760783333333333,4,2022
2023-08-06,33.449608,,67.79198749999999,-3.760783333333333,4,2022
2023-08-07,26.918713,,55.906420833333335,-3.760783333333333,4,2022
2023-08-08,24.385906,,87.7658875,-3.760783333333333,4,2022
2023-08-09,24.392641,114.210665,101.91904166666669,-3.760783333333333,4,2022
2023-08-10,26.513113,35.535203888888894,71.54849583333333,-3.760783333333333,4,2022
2023-08-11,3.1652513,1.0547333735294118,6.154633333333333,-3.760783333333333,4,2022
2023-08-12,3.526565,-2.751143802631579,-2.131720833333333,-3.760783333333333,4,2022
2023-08-13,3.7501397,-22.41089684375,-14.419870833333334,-3.760783333333333,4,2022
2023-08-14,4.3549895,-7.983974409090909,-1.2382499999999994,-3.760783333333333,4,2022
2023-08-15,5.129517,-4.76789461904762,-3.5227416666666667,-3.760783333333333,4,2022
2023-08-16,6.5168796,10.821910625,13.789858333333331,-3.760783333333333,4,2022
2023-08-17,7.029904,22.50807,14.237620833333333,-3.760783333333333,4,2022
2023-08-18,6.8742003,2.869118750000001,13.708825,-3.760783333333333,4,2022
2023-08-19,3.8519459,66.48118106666666,45.4765,-3.760783333333333,4,2022
2023-08-20,6.8881736,-17.11545014166667,-12.699279166666669,-3.760783333333333,4,2022
2023-08-21,6.0976763,-102.85685866666668,-73.014025,-3.760783333333333,4,2022
2023-08-22,6.578762,-18.66298083333333,-15.387970833333334,-3.760783333333333,4,2022
2023-08-23,10.527255,1.5642696153846158,7.0091875,-3.760783333333333,4,2022
2023-08-24,6.934086,,-1.32275,-3.760783333333333,4,2022
2023-08-25,5.339119,-8.571699554545454,-0.9722333333333332,-3.760783333333333,4,2022
2023-08-26,5.588645,1.0017574999999994,-2.666229166666667,-3.760783333333333,4,2022
2023-08-27,5.5666857,16.25986363125,14.026491666666663,-3.760783333333333,4,2022
2023-08-28,6.1176386,12.5837658,12.063004166666666,-3.760783333333333,4,2022
2023-08-29,5.642542,-41.075885,-6.463737500000001,-3.760783333333333,4,2022
2023-08-30,5.646534,,7.546020833333333,-3.760783333333333,4,2022
2023-08-31,7.6547155,11.519614285714288,15.953283333333331,-3.760783333333333,4,2022
2023-09-01,6.3631716,,18.039270833333333,-3.760783333333333,4,2022
2023-09-02,10.515278,,27.997354166666668,-3.760783333333333,4,2022
2023-09-03,11.1041565,,27.32878333333333,-3.760783333333333,4,2022
2023-09-04,9.780674,,22.99076666666667,-3.760783333333333,4,2022
2023-09-05,10.597121,,19.8527,-3.760783333333333,4,2022
2023-09-06,10.964423,,27.4849375,-3.760783333333333,4,2022
2023-09-07,12.9895735,,14.172333333333334,-3.760783333333333,4,2022
2023-09-08,10.135999,,24.42632083333333,-3.760783333333333,4,2022
2023-09-09,11.152066,4.151669428571429,7.243683333333333,-3.760783333333333,4,2022
2023-09-10,11.245888,3.2198746666666667,9.484283333333334,-3.760783333333333,4,2022
2023-09-11,6.8322797,2.728539533333333,1.917125,-3.760783333333333,4,2022
2023-09-12,6.556803,-3.518265590625,-1.9309416666666663,-3.760783333333333,4,2022
2023-09-13,14.159349,3.31439675,4.880870833333334,-3.760783333333333,4,2022
2023-09-14,14.444806,3.952099094117648,5.319191666666667,-3.760783333333333,4,2022
2023-09-15,16.028793,17.563330923076926,11.722304166666667,-3.760783333333333,4,2022
2023-09-16,23.680744,-12.533641428571428,8.1639625,-3.760783333333333,4,2022
2023-09-17,15.932977,,6.16405,-3.760783333333333,4,2022
2023-09-18,7.566883,-13.7635425,-9.6751625,-3.760783333333333,4,2022
2023-09-19,5.309176,4.072854555555556,0.7861541666666665,-3.760783333333333,4,2022
2023-09-20,5.1734333,-11.007202142857142,-9.0324,-3.760783333333333,4,2022
2023-09-21,5.997866,-0.1313072916666668,2.7713250000000005,-3.760783333333333,4,2022
2023-09-22,6.940075,-1.4066930357142855,-0.6444416666666667,-3.760783333333333,4,2022
2023-09-23,4.6803713,,0.2978,-3.760783333333333,4,2022
2023-09-24,4.4508076,56.866394444444445,27.3393,-3.760783333333333,4,2022
2023-09-25,5.049669,-30.326499555555557,-18.366504166666665,-3.760783333333333,4,2022
2023-09-26,7.3373194,-12.210423333333331,-8.1820875,-3.760783333333333,4,2022
2023-09-27,7.6427383,-61.238875,-35.77132916666667,-3.760783333333333,4,2022
2023-09-28,8.317455,,-0.2090916666666665,-3.760783333333333,4,2022
2023-09-29,7.9401736,2.525419454545454,4.1023958333333335,-3.760783333333333,4,2022
2023-09-30,7.878291,-1.9702747142857144,0.2829583333333333,-3.760783333333333,4,2022
2023-10-01,7.998063,-2.0897806,0.7079291666666667,-3.760783333333333,4,2022
2023-10-02,11.09218,37.845598571428575,29.444254166666667,-3.760783333333333,4,2022
2023-10-03,7.896257,-3.1590167,-3.640179166666666,-3.760783333333333,4,2022
2023-10-04,12.45958,38.24040562307693,23.2967625,-3.760783333333333,4,2022
2023-10-05,13.068422,28.17262623684211,24.7087375,-3.760783333333333,4,2022
2023-10-06,13.844946,10.5216315625,13.9313,-3.760783333333333,4,2022
2023-10-07,21.818287,13.95343807692308,73.58350833333334,-3.760783333333333,4,2022
2023-10-08,30.978497,62.44335291666667,78.3133,-3.760783333333333,4,2022
2023-10-09,29.762182,136.78995458333335,89.56316249999999,-3.760783333333333,4,2022
2023-10-10,21.72197,119.584839,69.3072875,-3.760783333333333,4,2022
2023-10-11,17.142677,-44.092415714285714,17.201116666666667,-3.760783333333333,4,2022
2023-10-12,19.480232,,19.116529166666663,-3.760783333333333,4,2022
2023-10-13,17.626755,60.52021181818182,27.136604166666668,-3.760783333333333,4,2022
2023-10-14,20.62805,12.90828781875,12.96635,-3.760783333333333,4,2022
2023-10-15,34.200745,21.89490959230769,31.31855833333333,-3.760783333333333,4,2022
2023-10-16,54.63714,65.66882,38.60447083333333,-3.760783333333333,4,2022
2023-10-17,54.949547,-17.789794004166666,-4.519941666666667,-3.760783333333333,4,2022
2023-10-18,46.26481,44.87254157142856,38.375616666666666,-3.760783333333333,4,2022
2023-10-19,20.489313,38.20400333333334,33.5842125,-3.760783333333333,4,2022
2023-10-20,19.033081,,20.33158333333333,-3.760783333333333,4,2022
2023-10-21,21.373133,59.14822077142857,43.97672083333333,-3.760783333333333,4,2022
2023-10-22,16.911118,2.10507945,13.5642375,-3.760783333333333,4,2022
2023-10-23,26.599072,96.5419240909091,53.62730833333333,-3.760783333333333,4,2022
2023-10-24,28.208887,-12.07024714285714,26.86059583333333,-3.760783333333333,4,2022
2023-10-25,43.562443,10.71009625,25.106929166666664,-3.760783333333333,4,2022
2023-10-26,13.884871,-19.4738755,-1.7292666666666665,-3.760783333333333,4,2022
2023-10-27,7.119734,-1.1218947307692304,-1.6786875,-3.760783333333333,4,2022
2023-10-28,5.9100327,-15.288147953571428,-12.732858333333333,-3.760783333333333,4,2022
2023-10-29,5.021722,-0.8345025909090911,-4.269441666666666,-3.760783333333333,4,2022
2023-10-30,7.0638394,-8.954933888888888,-6.588329166666667,-3.760783333333333,4,2022
2023-10-31,6.790359,-15.571758636363636,-9.703241666666669,-3.760783333333333,4,2022
2023-11-01,7.9481587,-0.5173622999999999,-0.6008999999999999,-3.760783333333333,4,2022
2023-11-02,10.499308,90.22248958333334,61.43602916666666,-3.760783333333333,4,2022
2023-11-03,8.265554,6.229142812499999,5.54925,-3.760783333333333,4,2022
2023-11-04,9.157859,-2.366962636363637,3.9640916666666666,-3.760783333333333,4,2022
2023-11-05,8.948256,-7.711597375,-0.1669958333333335,-3.760783333333333,4,2022
2023-11-06,8.159756,12.016709333333331,7.503283333333333,-3.760783333333333,4,2022
2023-11-07,8.037987,-4.3856701437500005,2.558533333333333,-3.760783333333333,4,2022
2023-11-08,4.187309,2.072810083333333,1.2429291666666666,-3.760783333333333,4,2022
2023-11-09,4.4548,-9.062924363636364,-3.646825,-3.760783333333333,4,2022
2023-11-10,5.125525,-5.401194071428572,-0.8079124999999999,-3.760783333333333,4,2022
2023-11-11,5.4828453,,3.739891666666667,-3.760783333333333,4,2022
2023-11-12,5.271248,,3.287245833333333,-3.760783333333333,4,2022
2023-11-13,6.3332286,,3.729316666666667,-3.760783333333333,4,2022
2023-11-14,5.768302,,4.3026125,-3.760783333333333,4,2022
2023-11-15,4.7083178,5.883604642857143,5.3677375,-3.760783333333333,4,2022
2023-11-16,5.6145945,,6.878275,-3.760783333333333,4,2022
2023-11-17,5.1554675,,5.660683333333334,-3.760783333333333,4,2022
2023-11-18,5.874101,,2.5024291666666665,-3.760783333333333,4,2022
2023-11-19,5.700432,,3.691925,-3.760783333333333,4,2022
2023-11-20,5.458891,,2.1477,-3.760783333333333,4,2022
2023-11-21,4.7542305,,4.743433333333333,-3.760783333333333,4,2022
2023-11-22,5.2592707,,-0.1243708333333333,-3.760783333333333,4,2022
2023-11-23,5.474861,,-11.176366666666668,-3.760783333333333,4,2022
2023-11-24,4.408887,14.497555,7.5578166666666675,-3.760783333333333,4,2022
2023-11-25,5.2612658,,11.229579166666667,-3.760783333333333,4,2022
2023-11-26,4.496721,,3.0232749999999995,-3.760783333333333,4,2022
2023-11-27,4.7801814,-31.112805833333336,-3.5653,-3.760783333333333,4,2022
2023-11-28,3.8998551,0.5117072222222221,3.0666,-3.760783333333333,4,2022
2023-11-29,4.2611675,5.457820000000001,4.057283333333333,-3.760783333333333,4,2022
2023-11-30,7.3632703,11.2405635,8.426941666666666,-3.760783333333333,4,2022
2023-12-01,5.939976,9.367310909090907,7.804354166666666,-3.760783333333333,4,2022
2023-12-02,5.4409246,5.193699852941176,6.190404166666666,-3.760783333333333,4,2022
2023-12-03,5.4489093,23.94669561111111,15.6012125,-3.760783333333333,4,2022
2023-12-04,6.878193,,16.57388333333333,-3.760783333333333,4,2022
2023-12-05,6.2653575,-5.481070142857143,39.39613333333333,-3.760783333333333,4,2022
2023-12-06,7.117738,24.73927245,15.648679166666668,-3.760783333333333,4,2022
2023-12-07,7.001957,3.7462638888888886,9.734483333333332,-3.760783333333333,4,2022
2023-12-08,5.7603183,1.0970778653846156,3.1441458333333334,-3.760783333333333,4,2022
2023-12-09,7.642739,1.6925,8.934791666666667,-3.760783333333333,4,2022
2023-12-10,7.7006283,9.74686473076923,11.349841666666668,-3.760783333333333,4,2022
2023-12-11,6.870208,,9.526583333333331,-3.760783333333333,4,2022
2023-12-12,6.518876,25.788059727272728,16.515804166666666,-3.760783333333333,4,2022
2023-12-13,6.570777,1.8431453125,3.7848958333333336,-3.760783333333333,4,2022
2023-12-14,6.1775246,7.24685025,6.1983041666666665,-3.760783333333333,4,2022
2023-12-15,5.9459653,0.2266221875,3.686325,-3.760783333333333,4,2022
2023-12-16,6.6466327,2.93285255,6.628175,-3.760783333333333,4,2022
2022-12-17,3.4953203,,-0.8185333333333333,-1.318820833333333,9,2022
2022-12-18,3.6770778,,-0.2695666666666667,-1.318820833333333,9,2022
2022-12-19,3.6546698,,1.3934125,-1.318820833333333,9,2022
2022-12-20,3.485361,,-1.3072666666666668,-1.318820833333333,9,2022
2022-12-21,3.550096,,-2.1221666666666668,-1.318820833333333,9,2022
2022-12-22,3.6123424,,-5.394954166666667,-1.318820833333333,9,2022
2022-12-23,3.8414063,,-2.5985375,-1.318820833333333,9,2022
2022-12-24,3.6994863,,-4.096154166666667,-1.318820833333333,9,2022
2022-12-25,3.5426273,,-5.002816666666667,-1.318820833333333,9,2022
2022-12-26,3.7069554,,3.9478625,-1.318820833333333,9,2022
2022-12-27,3.1890721,,3.4303000000000003,-1.318820833333333,9,2022
2022-12-28,2.8927805,,4.677029166666666,-1.318820833333333,9,2022
2022-12-29,3.0048237,,8.441033333333333,-1.318820833333333,9,2022
2022-12-30,2.9774354,,5.470416666666666,-1.318820833333333,9,2022
2022-12-31,2.9500473,,4.060275,-1.318820833333333,9,2022
2023-01-01,3.4181352,,5.758420833333333,-1.318820833333333,9,2022
2023-01-02,3.659649,,3.591383333333333,-1.318820833333333,9,2022
2023-01-03,3.3285022,,5.8267,-1.318820833333333,9,2022
2023-01-04,3.109396,,7.457145833333333,-1.318820833333333,9,2022
2023-01-05,3.184091,,1.2143208333333335,-1.318820833333333,9,2022
2023-01-06,3.3060923,,2.1666541666666665,-1.318820833333333,9,2022
2023-01-07,3.1542134,,1.785195833333333,-1.318820833333333,9,2022
2023-01-08,3.0571094,,4.284108333333333,-1.318820833333333,9,2022
2023-01-09,2.862903,,4.038775,-1.318820833333333,9,2022
2023-01-10,2.8529444,,1.3655916666666668,-1.318820833333333,9,2022
2023-01-11,2.967476,,1.0471916666666667,-1.318820833333333,9,2022
2023-01-12,3.2363782,,0.5788833333333333,-1.318820833333333,9,2022
2023-01-13,3.2986236,,2.359829166666666,-1.318820833333333,9,2022
2023-01-14,3.734344,,1.6433875,-1.318820833333333,9,2022
2023-01-15,3.8115292,,2.0013666666666663,-1.318820833333333,9,2022
2023-01-16,4.0829196,,2.8611791666666666,-1.318820833333333,9,2022
2023-01-17,3.916102,,3.842925,-1.318820833333333,9,2022
2023-01-18,4.1501455,,7.170079166666667,-1.318820833333333,9,2022
2023-01-19,4.050552,,1.551225,-1.318820833333333,9,2022
2023-01-20,4.212391,,0.275125,-1.318820833333333,9,2022
2023-01-21,4.511171,,3.587054166666667,-1.318820833333333,9,2022
2023-01-22,4.6456223,,2.9113375,-1.318820833333333,9,2022
2023-01-23,4.862236,,1.6941625000000002,-1.318820833333333,9,2022
2023-01-24,5.1286497,,4.889225,-1.318820833333333,9,2022
2023-01-25,5.195874,,4.036833333333333,-1.318820833333333,9,2022
2023-01-26,5.412489,,2.5439625,-1.318820833333333,9,2022
2023-01-27,5.6639624,,0.9394375,-1.318820833333333,9,2022
2023-01-28,6.0399275,,1.3680958333333333,-1.318820833333333,9,2022
2023-01-29,6.5503407,,11.894891666666666,-1.318820833333333,9,2022
2023-01-30,7.16035,,9.835604166666666,-1.318820833333333,9,2022
2023-01-31,7.6110096,,11.669408333333337,-1.318820833333333,9,2022
2023-02-01,7.820154,,10.533420833333333,-1.318820833333333,9,2022
2023-02-02,7.912279,,9.1262,-1.318820833333333,9,2022
2023-02-03,8.0641575,,6.122941666666667,-1.318820833333333,9,2022
2023-02-04,8.357958,,0.9818208333333334,-1.318820833333333,9,2022
2023-02-05,9.179602,,-3.019408333333333,-1.318820833333333,9,2022
2023-02-06,9.719895,,1.1129125,-1.318820833333333,9,2022
2023-02-07,9.981327,,0.1095375,-1.318820833333333,9,2022
2023-02-08,10.613744,,1.9942791666666664,-1.318820833333333,9,2022
2023-02-09,10.708358,,3.6071166666666663,-1.318820833333333,9,2022
2023-02-10,10.187983,,1.6639,-1.318820833333333,9,2022
2023-02-11,9.714914,,-1.7562583333333333,-1.318820833333333,9,2022
2023-02-12,9.453483,,4.178954166666666,-1.318820833333333,9,2022
2023-02-13,9.630261,,4.972020833333333,-1.318820833333333,9,2022
2023-02-14,9.219439,,7.651629166666666,-1.318820833333333,9,2022
2023-02-15,8.001912,,8.424020833333334,-1.318820833333333,9,2022
2023-02-16,7.5512533,,11.90225,-1.318820833333333,9,2022
2023-02-17,7.0259,,8.616195833333334,-1.318820833333333,9,2022
2023-02-18,6.8740196,,7.731983333333333,-1.318820833333333,9,2022
2023-02-19,6.7320995,,7.801212499999999,-1.318820833333333,9,2022
2023-02-20,6.5528326,,8.793120833333333,-1.318820833333333,9,2022
2023-02-21,5.977681,,7.2408375,-1.318820833333333,9,2022
2023-02-22,6.376053,,11.056604166666666,-1.318820833333333,9,2022
2023-02-23,6.156949,,13.493491666666666,-1.318820833333333,9,2022
2023-02-24,5.828291,,10.653475,-1.318820833333333,9,2022
2023-02-25,6.097193,,13.809120833333331,-1.318820833333333,9,2022
2023-02-26,6.4059315,,15.459625,-1.318820833333333,9,2022
2023-02-27,6.71218,,16.111816666666666,-1.318820833333333,9,2022
2023-02-28,6.5777283,,15.521166666666666,-1.318820833333333,9,2022
2023-03-01,6.328747,12.25519288888889,11.344079166666669,-1.318820833333333,9,2022
2023-03-02,6.1669073,8.90777138888889,11.2238125,-1.318820833333333,9,2022
2023-03-03,5.9004955,17.1290927,15.863225,-1.318820833333333,9,2022
2023-03-04,5.7137585,1.9790807,6.616370833333334,-1.318820833333333,9,2022
2023-03-05,5.4348974,-4.484617550000001,-0.0779166666666668,-1.318820833333333,9,2022
2023-03-06,5.7560854,8.54444,7.993604166666667,-1.318820833333333,9,2022
2023-03-07,5.365183,13.061852636363636,9.166025,-1.318820833333333,9,2022
2023-03-08,5.457306,,-12.319983333333331,-1.318820833333333,9,2022
2023-03-09,4.8746862,-8.784281333333334,19.584154166666664,-1.318820833333333,9,2022
2023-03-10,5.2954674,29.56086683333333,17.553916666666666,-1.318820833333333,9,2022
2023-03-11,4.80995,-31.001282916666668,-7.824725,-1.318820833333333,9,2022
2023-03-12,4.8995857,0.8892532916666668,7.544250000000001,-1.318820833333333,9,2022
2023-03-13,5.225752,,18.901508333333336,-1.318820833333333,9,2022
2023-03-14,5.930374,22.380827307692304,14.736658333333333,-1.318820833333333,9,2022
2023-03-15,5.3104057,-13.323770205,-7.560879166666666,-1.318820833333333,9,2022
2023-03-16,5.24069,-1.0153765555555565,-0.2953083333333336,-1.318820833333333,9,2022
2023-03-17,5.3452635,-3.955562545454546,-1.25475,-1.318820833333333,9,2022
2023-03-18,5.880578,1.8617792857142856,2.8625291666666666,-1.318820833333333,9,2022
2023-03-19,6.2565413,3.17834832,3.4658541666666665,-1.318820833333333,9,2022
2023-03-20,5.4498367,-4.477263678571428,-3.4204000000000003,-1.318820833333333,9,2022
2023-03-21,5.639064,-0.6783866111111116,2.8898666666666664,-1.318820833333333,9,2022
2023-03-22,5.6216354,-1.0381409999999998,7.764812500000001,-1.318820833333333,9,2022
2023-03-23,5.412489,4.087128433333333,2.7271749999999995,-1.318820833333333,9,2022
2023-03-24,5.2531404,-1.1876515833333334,0.3991916666666664,-1.318820833333333,9,2022
2023-03-25,11.577308,1.2335907352941178,2.159870833333333,-1.318820833333333,9,2022
2023-03-26,13.280352,12.052049,9.259283333333334,-1.318820833333333,9,2022
2023-03-27,16.97775,11.290704266666667,15.549333333333331,-1.318820833333333,9,2022
2023-03-28,16.293047,17.99040625,18.594754166666664,-1.318820833333333,9,2022
2023-03-29,16.218351,31.831217142857145,41.647575,-1.318820833333333,9,2022
2023-03-30,17.550411,,33.29820833333333,-1.318820833333333,9,2022
2023-03-31,19.380436,,73.96352083333333,-1.318820833333333,9,2022
2023-04-01,23.29694,53.446565,32.400283333333334,-1.318820833333333,9,2022
2023-04-02,20.820803,39.18478611111111,29.8522375,-1.318820833333333,9,2022
2023-04-03,13.646356,26.710583846153845,21.6255625,-1.318820833333333,9,2022
2023-04-04,13.282842,-0.18594810625,6.966208333333333,-1.318820833333333,9,2022
2023-04-05,11.467755,7.624646539999999,5.229345833333333,-1.318820833333333,9,2022
2023-04-06,15.329481,-4.59084035,-1.1780541666666664,-1.318820833333333,9,2022
2023-04-07,14.049708,-10.324425066666665,-4.880354166666666,-1.318820833333333,9,2022
2023-04-08,14.246405,-1.1983358709999998,-0.1047500000000001,-1.318820833333333,9,2022
2023-04-09,13.788277,5.6701972000000005,3.749225000000001,-1.318820833333333,9,2022
2023-04-10,14.946047,-6.455529961538462,-2.6646541666666663,-1.318820833333333,9,2022
2023-04-11,14.256365,0.5494563038461538,2.943058333333333,-1.318820833333333,9,2022
2023-04-12,15.757731,-0.4000186666666667,5.5697,-1.318820833333333,9,2022
2023-04-13,20.912926,3.3728241071428573,3.76135,-1.318820833333333,9,2022
2023-04-14,22.7554,11.7397495,11.014591666666668,-1.318820833333333,9,2022
2023-04-15,26.182648,26.98097173076923,19.153641666666665,-1.318820833333333,9,2022
2023-04-16,18.73806,3.612332125,7.9899625,-1.318820833333333,9,2022
2023-04-17,20.543186,10.289880529411764,10.413704166666667,-1.318820833333333,9,2022
2023-04-18,26.594093,14.51381078125,15.4626875,-1.318820833333333,9,2022
2023-04-19,22.99567,18.224262666666668,17.134875,-1.318820833333333,9,2022
2023-04-20,43.213013,15.520496,16.00695,-1.318820833333333,9,2022
2023-04-21,36.70749,21.709779444444443,21.67585833333333,-1.318820833333333,9,2022
2023-04-22,23.364164,17.119768571428573,19.60758333333333,-1.318820833333333,9,2022
2023-04-23,36.492104,12.612752636363636,15.3193125,-1.318820833333333,9,2022
2023-04-24,36.438107,5.90218109375,7.7974875,-1.318820833333333,9,2022
2023-04-25,34.04024,6.105795779411765,11.16755,-1.318820833333333,9,2022
2023-04-26,30.865349,12.4591329375,12.962675,-1.318820833333333,9,2022
2023-04-27,23.152527,-4.545890714285715,3.145325,-1.318820833333333,9,2022
2023-04-28,28.361874,3.550135444444445,6.065579166666667,-1.318820833333333,9,2022
2023-04-29,21.751999,17.81319776923077,21.07814583333333,-1.318820833333333,9,2022
2023-04-30,22.15784,8.476530892857143,8.540695833333332,-1.318820833333333,9,2022
2023-05-01,36.69907,9.909446428571428,10.6379625,-1.318820833333333,9,2022
2023-05-02,26.4293,4.082171562499999,6.185204166666666,-1.318820833333333,9,2022
2023-05-03,24.482409,6.958755928571428,7.052491666666668,-1.318820833333333,9,2022
2023-05-04,3.3260121,16.5311948,11.735375,-1.318820833333333,9,2022
2023-05-05,3.099437,0.5370248,2.2041791666666666,-1.318820833333333,9,2022
2023-05-06,3.4056869,3.1550645000000004,5.2708208333333335,-1.318820833333333,9,2022
2023-05-07,3.1691525,10.238279411764706,9.005479166666666,-1.318820833333333,9,2022
2023-05-08,2.7707803,-18.880299583333336,-7.3265875,-1.318820833333333,9,2022
2023-05-09,3.139274,-8.788152857142856,-4.129545833333333,-1.318820833333333,9,2022
2023-05-10,3.5650353,-18.16581366666667,-14.583179166666667,-1.318820833333333,9,2022
2023-05-11,3.004824,-22.828321363636363,-8.997666666666666,-1.318820833333333,9,2022
2023-05-12,2.940088,-13.20406559090909,-7.419029166666667,-1.318820833333333,9,2022
2023-05-13,2.865393,16.9097693,11.328404166666669,-1.318820833333333,9,2022
2023-05-14,2.596491,33.18535979,25.658891666666666,-1.318820833333333,9,2022
2023-05-15,3.3782983,28.15508093333333,25.471520833333333,-1.318820833333333,9,2022
2023-05-16,3.1342947,39.67455464285714,27.933879166666667,-1.318820833333333,9,2022
2023-05-17,2.3624475,-49.7606,-14.2142375,-1.318820833333333,9,2022
2023-05-18,24.874866,19.423519833333334,12.509312499999998,-1.318820833333333,9,2022
2023-05-19,27.248297,9.445021,7.1566,-1.318820833333333,9,2022
2023-05-20,35.200348,-38.764729,-11.330079166666666,-1.318820833333333,9,2022
2023-05-21,34.78346,5.875312307692308,11.5693625,-1.318820833333333,9,2022
2023-05-22,31.893852,20.00671333333333,13.563583333333334,-1.318820833333333,9,2022
2023-05-23,26.912481,-17.266052314285712,4.9339458333333335,-1.318820833333333,9,2022
2023-05-24,36.998627,-7.983495999999997,4.896929166666667,-1.318820833333333,9,2022
2023-05-25,37.66536,9.3349105,15.659120833333333,-1.318820833333333,9,2022
2023-05-26,45.386242,31.59020375,25.4876375,-1.318820833333333,9,2022
2023-05-27,41.728287,,32.14442916666666,-1.318820833333333,9,2022
2023-05-28,35.407314,,26.7676,-1.318820833333333,9,2022
2023-05-29,39.26519,,23.661033333333336,-1.318820833333333,9,2022
2023-05-30,61.13364,,12.473808333333332,-1.318820833333333,9,2022
2023-05-31,3.2313986,-7.1023955,-2.462916666666666,-1.318820833333333,9,2022
2023-06-01,2.4172235,-32.71731033333334,-19.78105,-1.318820833333333,9,2022
2023-06-02,2.489429,10.984374396428572,6.071241666666666,-1.318820833333333,9,2022
2023-06-03,1.8346037,30.354039375,12.38615,-1.318820833333333,9,2022
2023-06-04,1.0278991,-12.293305714285715,-0.7707208333333337,-1.318820833333333,9,2022
2023-06-05,1.3515767,19.66660166666667,12.310170833333336,-1.318820833333333,9,2022
2023-06-06,1.5208853,6.3035253846153845,3.9024875,-1.318820833333333,9,2022
2023-06-07,0.7340988,-43.11344,-12.852425000000002,-1.318820833333333,9,2022
2023-06-08,0.74405754,25.5509863125,4.606112500000001,-1.318820833333333,9,2022
2023-06-09,0.948224,-26.17410513333333,-16.781683333333334,-1.318820833333333,9,2022
2023-06-10,1.3216985,13.587651,9.637508333333336,-1.318820833333333,9,2022
2023-06-11,1.550762,57.83936881818182,32.5169625,-1.318820833333333,9,2022
2023-06-12,1.9292167,10.34267434375,7.371300000000001,-1.318820833333333,9,2022
2023-06-13,1.3665155,-10.298215375,2.6146541666666665,-1.318820833333333,9,2022
2023-06-14,1.1374515,11.816389909090908,6.81935,-1.318820833333333,9,2022
2023-06-15,0.98308223,-9.17996984375,-5.38205,-1.318820833333333,9,2022
2023-06-16,1.1523899,-2.4160745384615385,17.684725,-1.318820833333333,9,2022
2023-06-17,1.092635,3.260095939583333,4.0968125,-1.318820833333333,9,2022
2023-06-18,1.4412102,-7.307863428571428,-5.049854166666667,-1.318820833333333,9,2022
2023-06-19,1.1374506,-4.562906916666667,-2.1611666666666665,-1.318820833333333,9,2022
2023-06-20,1.2470039,1.5539701666666668,3.737208333333333,-1.318820833333333,9,2022
2023-06-21,1.4212917,-3.558007384615385,-1.5394166666666669,-1.318820833333333,9,2022
2023-06-22,1.7947663,-3.035883769230769,-1.174825,-1.318820833333333,9,2022
2023-06-23,1.9441565,-29.37821544736842,-23.302479166666668,-1.318820833333333,9,2022
2023-06-24,1.7848066,41.604728892857146,26.30456666666667,-1.318820833333333,9,2022
2023-06-25,2.0337899,18.507761818181816,11.876154166666666,-1.318820833333333,9,2022
2023-06-26,2.6736767,-26.764911666666663,-20.224308333333333,-1.318820833333333,9,2022
2023-06-27,2.4670203,-81.62119210526316,-65.38177083333333,-1.318820833333333,9,2022
2023-06-28,2.8828223,-11.638013714285714,-14.830891666666666,-1.318820833333333,9,2022
2023-06-29,4.1949625,22.246705416666668,6.395995833333334,-1.318820833333333,9,2022
2023-06-30,3.7667117,-31.440953125,-12.65285,-1.318820833333333,9,2022
2023-07-01,5.053954,11.4657975,11.991324999999998,-1.318820833333333,9,2022
2023-07-02,5.5718374,34.9289015,14.213658333333331,-1.318820833333333,9,2022
2023-07-03,6.144499,-24.112591666666663,-12.115770833333334,-1.318820833333333,9,2022
2023-07-04,5.785964,,6.896575,-1.318820833333333,9,2022
2023-07-05,8.268324,3.049516785714286,4.454125,-1.318820833333333,9,2022
2023-07-06,6.7196493,17.967241133333335,11.237025,-1.318820833333333,9,2022
2023-07-07,95.01649,46.13086055555556,39.56304166666667,-1.318820833333333,9,2022
2023-07-08,88.67986,4.0984599999999975,11.606366666666666,-1.318820833333333,9,2022
2023-07-09,95.56674,96.5276795263158,84.25182916666667,-1.318820833333333,9,2022
2023-07-10,85.201584,96.01628,77.89262916666667,-1.318820833333333,9,2022
2023-07-11,85.6124,,26.366416666666662,-1.318820833333333,9,2022
2023-07-12,90.776306,-0.2856208333333256,3.830795833333338,-1.318820833333333,9,2022
2023-07-13,88.3064,1.4267800000000013,9.588016666666668,-1.318820833333333,9,2022
2023-07-14,78.21014,69.61352413636364,61.62785,-1.318820833333333,9,2022
2023-07-15,76.44983,35.17753269230769,62.343575,-1.318820833333333,9,2022
2023-07-16,72.71259,43.746358138888894,51.473375,-1.318820833333333,9,2022
2023-07-17,73.2504,121.2945930357143,85.9650625,-1.318820833333333,9,2022
2023-07-18,56.698315,31.307306625,152.8835375,-1.318820833333333,9,2022
2023-07-19,68.40768,37.56838119230769,62.38038333333333,-1.318820833333333,9,2022
2023-07-20,57.69954,100.73077,89.21000833333333,-1.318820833333333,9,2022
2023-07-21,48.592247,16.76242583333333,44.29487083333333,-1.318820833333333,9,2022
2023-07-22,34.094707,42.0044,61.4897875,-1.318820833333333,9,2022
2023-07-23,32.465736,24.732645307692305,51.49033333333333,-1.318820833333333,9,2022
2023-07-24,32.333775,79.45493958333333,100.1744125,-1.318820833333333,9,2022
2023-07-25,33.841366,95.16989833333334,64.92093333333334,-1.318820833333333,9,2022
2023-07-26,24.65265,21.163080714285712,54.36145,-1.318820833333333,9,2022
2023-07-27,28.89532,152.31617071428573,135.19895416666665,-1.318820833333333,9,2022
2023-07-28,28.308966,51.68199483333333,50.79060833333333,-1.318820833333333,9,2022
2023-07-29,29.190365,87.84974023809524,86.15370416666667,-1.318820833333333,9,2022
2023-07-30,29.309875,40.357486,73.95695,-1.318820833333333,9,2022
2023-07-31,34.04055,155.478909,116.90309166666668,-1.318820833333333,9,2022
2023-08-01,37.071697,109.3951290909091,80.18364166666667,-1.318820833333333,9,2022
2023-08-02,38.572666,,87.807475,-1.318820833333333,9,2022
2023-08-03,41.349762,205.29278892857147,150.55388333333337,-1.318820833333333,9,2022
2023-08-04,38.823128,14.096986444444443,215.24594583333337,-1.318820833333333,9,2022
2023-08-05,34.977547,,155.24306249999998,-1.318820833333333,9,2022
2023-08-06,34.467247,110.9642155,87.49884166666668,-1.318820833333333,9,2022
2023-08-07,33.306053,87.08921419230768,74.66362083333333,-1.318820833333333,9,2022
2023-08-08,29.763803,0.3457883333333325,68.35785,-1.318820833333333,9,2022
2023-08-09,28.649218,45.60672222222222,68.4314,-1.318820833333333,9,2022
2023-08-10,29.043941,26.52999321428572,36.99114166666667,-1.318820833333333,9,2022
2023-08-11,34.538673,70.70087486666667,63.041158333333335,-1.318820833333333,9,2022
2023-08-12,34.656902,27.398531138888888,28.809616666666667,-1.318820833333333,9,2022
2023-08-13,36.39718,108.590455,84.65306249999999,-1.318820833333333,9,2022
2023-08-14,44.93885,15.693508620833336,35.019016666666666,-1.318820833333333,9,2022
2023-08-15,53.443954,39.24557529411765,41.2892875,-1.318820833333333,9,2022
2023-08-16,54.836857,1.6643118181818195,24.647458333333333,-1.318820833333333,9,2022
2023-08-17,42.045975,51.61357546666667,58.2286,-1.318820833333333,9,2022
2023-08-18,38.438835,41.4336925,107.56862916666668,-1.318820833333333,9,2022
2023-08-19,37.743553,32.73812566666667,32.34005416666667,-1.318820833333333,9,2022
2023-08-20,30.189253,22.220222696875,28.435320833333336,-1.318820833333333,9,2022
2023-08-21,23.42143,-33.86031214285714,-29.92543333333333,-1.318820833333333,9,2022
2023-08-22,29.996567,-22.458594375,-14.332470833333334,-1.318820833333333,9,2022
2023-08-23,25.435081,-10.67591440909091,24.89188333333333,-1.318820833333333,9,2022
2023-08-24,31.199345,13.140365,32.92037916666667,-1.318820833333333,9,2022
2023-08-25,26.327682,3.209308846153846,4.431225,-1.318820833333333,9,2022
2023-08-26,32.117626,-0.3350312083333338,0.2377041666666669,-1.318820833333333,9,2022
2023-08-27,34.227913,-13.6381425,-3.0097291666666663,-1.318820833333333,9,2022
2023-08-28,35.590473,-1.594600840625,-0.066329166666667,-1.318820833333333,9,2022
2023-08-29,28.817823,-25.210017333333333,-14.235625,-1.318820833333333,9,2022
2023-08-30,33.87529,-4.028892423076924,-1.6017541666666666,-1.318820833333333,9,2022
2023-08-31,34.610104,-2.3012214285714285,74.50096666666666,-1.318820833333333,9,2022
2023-09-01,5.472246,-2.449245217857143,0.4969874999999999,-1.318820833333333,9,2022
2023-09-02,5.920414,-11.881772307692303,-5.9059,-1.318820833333333,9,2022
2023-09-03,6.097193,27.786173125,24.01235833333333,-1.318820833333333,9,2022
2023-09-04,6.440789,-16.508779615384615,-5.486958333333334,-1.318820833333333,9,2022
2023-09-05,6.6872826,-13.779479970588236,-14.007445833333334,-1.318820833333333,9,2022
2023-09-06,6.707201,-3.442267,-2.9431208333333334,-1.318820833333333,9,2022
2023-09-07,7.0259,,35.369479166666665,-1.318820833333333,9,2022
2023-09-08,22.859972,,8.544316666666667,-1.318820833333333,9,2022
2023-09-09,26.127874,12.28641115,9.300879166666666,-1.318820833333333,9,2022
2023-09-10,25.521599,-0.7905435041666663,2.009983333333333,-1.318820833333333,9,2022
2023-09-11,27.334196,-9.34606019375,-5.423433333333334,-1.318820833333333,9,2022
2023-09-12,36.88565,53.28961,25.1636125,-1.318820833333333,9,2022
2023-09-13,32.097862,-8.94451415,20.207675,-1.318820833333333,9,2022
2023-09-14,31.814648,-2.1903472692307693,4.5445375,-1.318820833333333,9,2022
2023-09-15,35.55986,12.92880409375,11.6428375,-1.318820833333333,9,2022
2023-09-16,41.8345,,10.404229166666664,-1.318820833333333,9,2022
2023-09-17,39.163494,-8.583547250000004,77.14594166666667,-1.318820833333333,9,2022
2023-09-18,41.636787,-11.969733153846157,-4.827429166666666,-1.318820833333333,9,2022
2023-09-19,76.68387,20.577089166666667,55.890237500000005,-1.318820833333333,9,2022
2023-09-20,76.19835,112.2880805,83.35881666666667,-1.318820833333333,9,2022
2023-09-21,69.498215,73.9650045,45.40938333333333,-1.318820833333333,9,2022
2023-09-22,76.3826,138.02398536363637,84.61179583333333,-1.318820833333333,9,2022
2023-09-23,55.041805,-4.9889747,0.2823458333333329,-1.318820833333333,9,2022
2023-09-24,45.201527,26.412855961538465,32.756462500000005,-1.318820833333333,9,2022
2023-09-25,43.238297,110.39560705,93.85517916666667,-1.318820833333333,9,2022
2023-09-26,41.02383,17.495006,18.73464166666667,-1.318820833333333,9,2022
2023-09-27,38.20378,107.9906,125.15653333333334,-1.318820833333333,9,2022
2023-09-28,35.978264,74.50454791666667,87.8660875,-1.318820833333333,9,2022
2023-09-29,39.515457,-6.516501333333324,4.644395833333335,-1.318820833333333,9,2022
2023-09-30,29.31361,-4.653274119047618,-5.889204166666669,-1.318820833333333,9,2022
2023-10-01,26.370632,-12.063754705882353,0.2912208333333315,-1.318820833333333,9,2022
2023-10-02,27.954165,10.86388,33.46682083333334,-1.318820833333333,9,2022
2023-10-03,28.4347,-13.955659047619047,-6.626104166666667,-1.318820833333333,9,2022
2023-10-04,22.059492,-57.69716911764706,-45.33997083333333,-1.318820833333333,9,2022
2023-10-05,20.090036,-44.17784047894737,-35.3040875,-1.318820833333333,9,2022
2023-10-06,18.476627,0.3513745882352937,1.2865541666666662,-1.318820833333333,9,2022
2023-10-07,19.138922,49.53598590909091,40.068354166666666,-1.318820833333333,9,2022
2023-10-08,17.96621,51.34329333333333,101.50775,-1.318820833333333,9,2022
2023-10-09,17.398531,2.8338450000000024,23.874012500000003,-1.318820833333333,9,2022
2023-10-10,18.653406,318.53587444444446,140.8276375,-1.318820833333333,9,2022
2023-10-11,17.637554,55.891434375,48.319516666666665,-1.318820833333333,9,2022
2023-10-12,18.841385,57.1996935,75.35471666666666,-1.318820833333333,9,2022
2023-10-13,15.274705,70.938869375,58.515075,-1.318820833333333,9,2022
2023-10-14,22.589205,38.779470833333335,33.2784625,-1.318820833333333,9,2022
2023-10-15,22.57473,36.70047315384616,36.795825,-1.318820833333333,9,2022
2023-10-16,25.34202,52.483650833333336,45.8804625,-1.318820833333333,9,2022
2023-10-17,22.33384,-10.989856666666666,2.306095833333333,-1.318820833333333,9,2022
2023-10-18,26.823391,,81.66513333333333,-1.318820833333333,9,2022
2023-10-19,18.972103,,35.00633333333334,-1.318820833333333,9,2022
2023-10-20,27.317547,71.66159916666668,32.3969,-1.318820833333333,9,2022
2023-10-21,32.879044,23.235300126923075,22.56856666666667,-1.318820833333333,9,2022
2023-10-22,25.783966,11.878508133333332,13.583725,-1.318820833333333,9,2022
2023-10-23,34.14699,63.69453615384615,43.83208333333334,-1.318820833333333,9,2022
2023-10-24,38.258324,13.589004083333334,13.863954166666666,-1.318820833333333,9,2022
2023-10-25,64.94308,26.42775375,27.806183333333333,-1.318820833333333,9,2022
2023-10-26,55.97626,-8.362994947368422,-3.2857125000000007,-1.318820833333333,9,2022
2023-10-27,27.81411,-0.0537014230769232,2.705341666666667,-1.318820833333333,9,2022
2023-10-28,24.513569,9.385130868421054,9.127245833333337,-1.318820833333333,9,2022
2023-10-29,22.39811,11.253038461538464,9.445879166666666,-1.318820833333333,9,2022
2023-10-30,21.651157,1.1776544999999998,2.463883333333333,-1.318820833333333,9,2022
2023-10-31,19.872177,12.490627083333331,10.1145625,-1.318820833333333,9,2022
2023-11-01,13.340106,-1.8983994999999996,14.832170833333334,-1.318820833333333,9,2022
2023-11-02,15.385503,3.1008466666666665,63.334316666666666,-1.318820833333333,9,2022
2023-11-03,10.596314,-3.760341961538463,0.0450416666666666,-1.318820833333333,9,2022
2023-11-04,8.60694,-4.730614,12.107741666666668,-1.318820833333333,9,2022
2023-11-05,9.052621,4.0090746818181815,4.934341666666667,-1.318820833333333,9,2022
2023-11-06,8.046729,1.5567116666666667,5.033533333333334,-1.318820833333333,9,2022
2023-11-07,7.222596,10.280500892857145,9.204704166666668,-1.318820833333333,9,2022
2023-11-08,7.0134487,-6.9240953125,7.948033333333334,-1.318820833333333,9,2022
2023-11-09,6.8765097,11.059863363636364,12.991216666666666,-1.318820833333333,9,2022
2023-11-10,7.2450037,12.3819025,13.000783333333333,-1.318820833333333,9,2022
2023-11-11,6.3088284,2.08609125,2.5759541666666665,-1.318820833333333,9,2022
2023-11-12,6.1693974,19.31948827777778,36.80054166666667,-1.318820833333333,9,2022
2023-11-13,5.8482094,46.33097727272728,31.06900416666667,-1.318820833333333,9,2022
2023-11-14,6.3162975,44.48209583333334,32.20704583333333,-1.318820833333333,9,2022
2023-11-15,6.099683,8.630119666666667,7.775166666666666,-1.318820833333333,9,2022
2023-11-16,6.209235,,6.554470833333333,-1.318820833333333,9,2022
2023-11-17,5.372652,-22.35441346153846,-11.844779166666669,-1.318820833333333,9,2022
2023-11-18,5.325345,13.401428833333336,16.43645833333333,-1.318820833333333,9,2022
2023-11-19,5.7511053,73.919037,54.907604166666665,-1.318820833333333,9,2022
2023-11-20,6.2241735,2.026726555555556,3.6312958333333327,-1.318820833333333,9,2022
2023-11-21,6.1345396,-4.624895,-1.8204666666666671,-1.318820833333333,9,2022
2023-11-22,5.820821,-28.767852857142856,-7.846458333333333,-1.318820833333333,9,2022
2023-11-23,6.2764597,,9.401025,-1.318820833333333,9,2022
2023-11-24,6.565281,6.579004666666666,5.702933333333333,-1.318820833333333,9,2022
2023-11-25,5.9901285,-2.3248293,1.264425,-1.318820833333333,9,2022
2023-11-26,5.967722,-38.4911625,-16.16785833333333,-1.318820833333333,9,2022
2023-11-27,7.7454596,17.889893125,13.167616666666667,-1.318820833333333,9,2022
2023-11-28,7.576152,4.2689547,3.313895833333333,-1.318820833333333,9,2022
2023-11-29,8.47996,5.555295769230768,5.151116666666666,-1.318820833333333,9,2022
2023-11-30,11.719227,5.2316343,8.5719125,-1.318820833333333,9,2022
2023-12-01,11.442859,2.031036875000001,13.4971,-1.318820833333333,9,2022
2023-12-02,10.561458,110.99086965,58.38010416666668,-1.318820833333333,9,2022
2023-12-03,11.188893,,8.208470833333333,-1.318820833333333,9,2022
2023-12-04,17.846699,48.74257383333333,104.963825,-1.318820833333333,9,2022
2023-12-05,12.635486,19.34841714285714,21.314329166666667,-1.318820833333333,9,2022
2023-12-06,9.799569,5.587843091666667,5.907941666666667,-1.318820833333333,9,2022
2023-12-07,10.825379,30.34106913636364,42.43100833333333,-1.318820833333333,9,2022
2023-12-08,9.353889,-1.7145953000000007,-0.3080791666666667,-1.318820833333333,9,2022
2023-12-09,10.120757,0.6915953888888889,8.026774999999999,-1.318820833333333,9,2022
2023-12-10,9.319032,0.1934864444444447,3.437645833333333,-1.318820833333333,9,2022
2023-12-11,4.67052,7.021981,6.026504166666666,-1.318820833333333,9,2022
2023-12-12,4.5186396,4.077843,5.266108333333333,-1.318820833333333,9,2022
2023-12-13,5.0290556,8.448665833333333,7.489483333333333,-1.318820833333333,9,2022
2023-12-14,4.5609665,8.267274055555555,7.391283333333334,-1.318820833333333,9,2022
2023-12-15,4.050553,-45.85927368421053,-44.40708333333333,-1.318820833333333,9,2022
2023-12-16,4.055532,-63.13362117647058,-58.08659166666666,-1.318820833333333,9,2022
