Datetime,RF_tuned,XGB_tuned,LightGBM_tuned,SARIMAX,Ensemble_4model_tuned,anchor_year
2018-12-17,32.875351899689605,28.090770721435547,27.479891751352884,43.841145927834546,33.07179007507814,2018
2018-12-18,46.04341085957093,53.337379455566406,62.755817957237745,40.527057494545694,50.6659164417302,2018
2018-12-19,36.75177405634677,37.01757049560547,38.466093844193615,45.51307100938989,39.437127351383936,2018
2018-12-20,36.226523570051626,31.132925033569336,36.51422262457453,41.78991218393091,36.4158958530316,2018
2018-12-21,42.9387990639977,55.907020568847656,70.43358330494667,49.08166001761603,54.59026573885201,2018
2018-12-22,34.82572320291575,35.12474060058594,33.479436281575424,45.7077068042973,37.2844017223436,2018
2018-12-23,37.697247412189384,34.461570739746094,28.307165384032842,46.15539491816629,36.65534461353365,2018
2018-12-24,35.480499550496276,31.773086547851562,32.75884938940425,45.2288642336404,36.31032493034812,2018
2018-12-25,34.557011872585,31.590988159179688,33.330097919871946,43.619934622526486,35.774508143540785,2018
2018-12-26,34.10690950550216,31.19770622253418,29.24033662820976,42.416562590764336,34.24037873675261,2018
2018-12-27,31.49674411319996,29.685211181640625,28.456656942066132,36.68866565456236,31.581819472867267,2018
2018-12-28,31.40137657736567,29.861244201660156,30.84403053381387,39.46360030066559,32.892562903376316,2018
2018-12-29,30.812440406939402,30.35093879699707,31.44465911461046,47.08779730922219,34.92395890694228,2018
2018-12-30,28.690685641084197,28.643159866333008,23.673643318134648,43.20154161286541,31.052257609604318,2018
2018-12-31,29.97550034434287,30.71710968017578,24.941735493842497,45.893339034552405,32.881921138228385,2018
2019-01-01,30.48201200698025,30.481468200683594,29.504817021084374,44.87476920194093,33.835766607672284,2018
2019-01-02,31.946205222580893,30.162460327148438,30.425921960200757,40.62454110338194,33.289782153328005,2018
2019-01-03,31.877432758388988,30.527841567993164,33.60076792687342,37.39752577646826,33.35089200743096,2018
2019-01-04,19.22783167578958,20.78814697265625,23.809328248182247,15.431409172646017,19.814179017318523,2018
2019-01-05,16.90175531594749,17.618947982788086,19.67909833795772,18.18355667266149,18.095839577338694,2018
2019-01-06,16.296805515914762,16.30866813659668,14.59852350216126,22.342416565387722,17.386603430015107,2018
2019-01-07,19.359600256290793,16.94285011291504,18.050926823348668,23.17896794721121,19.383086284941427,2018
2019-01-08,15.877299024497647,15.601749420166016,12.189758393215778,16.942073844342136,15.152720170555394,2018
2019-01-09,13.938781319196034,14.288363456726074,12.830811893931351,14.339859076089969,13.849453936485855,2018
2019-01-10,13.179103594867785,13.657252311706543,12.156085927696445,16.039029165842344,13.757867750028279,2018
2019-01-11,12.535385458424502,13.585755348205566,14.519472926787426,18.133377644794535,14.693497844553008,2018
2019-01-12,18.981791461964235,17.529226303100586,23.146469176244455,24.12747320959185,20.946240037725282,2018
2019-01-13,24.680277072556276,21.82744598388672,26.870510576749133,28.913835027764648,25.573017165239197,2018
2019-01-14,17.735582541674354,15.079298973083496,19.202692613517545,21.629851026231584,18.411856288626744,2018
2019-01-15,15.443908483490574,13.397978782653809,12.361760044402441,19.723900840013705,15.231887037640133,2018
2019-01-16,17.16465059898136,13.801929473876953,13.019213051736948,21.881347329244466,16.46678511345993,2018
2019-01-17,14.873512415958395,13.22577953338623,12.334224397657866,15.942292352669604,14.093952174918025,2018
2019-01-18,20.206125805185753,19.34432029724121,23.26525070500107,18.202572133416233,20.254567235211063,2018
2019-01-19,15.579256730828613,15.494776725769043,14.13702552568575,15.226735070881306,15.109448513291177,2018
2019-01-20,13.57956007845755,12.907305717468262,8.247807683045878,15.106187264192538,12.460215185791057,2018
2019-01-21,14.336295750534779,12.87182331085205,12.817662862748726,17.199097616585178,14.306219885180184,2018
2019-01-22,13.954016835345918,12.243325233459473,9.20232205769106,19.42866761358294,13.707082935019848,2018
2019-01-23,12.714539534716256,10.962187767028809,9.996694553867115,16.10488291966262,12.4445761938187,2018
2019-01-24,12.949844309270555,10.8345365524292,9.863373871001544,20.68487999605494,13.583158682189058,2018
2019-01-25,15.399919740644378,12.746782302856445,7.830562031729819,23.07016535419601,14.761857357356664,2018
2019-01-26,24.341958527951668,21.7006893157959,17.21201968596365,26.516547048707018,22.44280364460456,2018
2019-01-27,22.184209874092094,19.196807861328125,17.44536108600262,23.615280807762975,20.61041490729645,2018
2019-01-28,16.25604540441099,13.487942695617676,11.892507845230233,17.1563067606912,14.698200676487525,2018
2019-01-29,14.98097485273996,13.236177444458008,8.277238759312864,18.915920484181353,13.852577885173048,2018
2019-01-30,16.59071741474666,13.498966217041016,10.964009893030056,15.676474132274176,14.182541914272978,2018
2019-01-31,16.103734884797117,14.003630638122559,10.462392883388945,16.943736804956476,14.378373802816274,2018
2019-02-01,16.754910183439453,15.196586608886719,9.72110774365214,18.59800035445674,15.067651222608763,2018
2019-02-02,14.857582110098667,12.855534553527832,9.048275933448254,14.776886836008732,12.884569858270872,2018
2019-02-03,13.951591276298716,12.285164833068848,7.54819991451472,16.07162602100919,12.464145511222867,2018
2019-02-04,14.321576184960337,11.840423583984375,9.152217323465237,22.931234366432754,14.561362864710675,2018
2019-02-05,16.700045155235046,11.492345809936523,9.434669679389808,20.768829799578064,14.59897261103486,2018
2019-02-06,14.424161053308257,10.865056991577148,7.76853424611008,18.965009384513955,13.00569041887736,2018
2019-02-07,21.823285518833817,16.031415939331055,14.120096781048778,24.522409794741684,19.124302008488833,2018
2019-02-08,32.65458464769353,35.712974548339844,35.05143621687139,29.12732023747459,33.136578912594835,2018
2019-02-09,22.163247583169213,20.207199096679688,11.235153424625006,25.520857081162365,19.781614296409067,2018
2019-02-10,27.015687721267806,24.430952072143555,13.468675400643582,22.65257621266157,21.891972851679128,2018
2019-02-11,18.022541685060027,17.344345092773438,10.176812437996434,21.915785690659394,16.864871226622324,2018
2019-02-12,17.17461813810083,15.655352592468262,9.742879740594459,22.187334617931338,16.190046272273722,2018
2019-02-13,17.30372458991774,14.298319816589355,10.723076156932953,21.895027119110182,16.055036920637555,2018
2019-02-14,16.086310712719587,13.888402938842773,10.23938624614705,18.674927122619547,14.722256755082238,2018
2019-02-15,15.740936490042497,13.671287536621094,10.472647352896564,20.956852428787684,15.21043095208696,2018
2019-02-16,15.44580745715047,13.440506935119629,13.908625696922654,26.412587738223593,17.30188195685409,2018
2019-02-17,18.208123782525334,16.419330596923828,13.128905861483284,27.620840694261084,18.844300233798382,2018
2019-02-18,16.577964283761048,12.80674934387207,7.3373471556519805,24.66956655128425,15.347906833642337,2018
2019-02-19,16.117788787020647,11.947576522827148,7.713694485776704,23.884368511652838,14.915857076819334,2018
2019-02-20,16.434073223399853,12.897849082946777,11.330718786595122,27.446278808142416,17.02722997527104,2018
2019-02-21,17.0448122133529,11.987778663635254,13.969476500385744,23.76488783265847,16.69173880250809,2018
2019-02-22,16.770087446539737,11.0050630569458,7.48703865462425,17.356484468148523,13.154668406564578,2018
2019-02-23,16.04603509829352,10.967609405517578,13.2713299420909,17.93750372051615,14.555619541604536,2018
2019-02-24,15.693116650221768,10.833182334899902,9.039983868442265,18.277426949330643,13.460927450723645,2018
2019-02-25,15.833842469808607,11.03192138671875,10.377120736482185,20.894273647121395,14.534289560032734,2018
2019-02-26,16.097578378902256,11.162886619567871,12.636092838253164,22.199183025716504,15.52393521560995,2018
2019-02-27,15.55588600189208,11.013415336608887,8.2243575050322,19.01221448147059,13.45146833125094,2018
2019-02-28,19.064247691160194,13.59418773651123,8.179668186718178,22.651409983187026,15.872378399394155,2018
2019-03-01,17.068565735651287,11.00348949432373,5.654648111864333,19.73661585196104,13.365829798450099,2018
2019-03-02,20.583774720212645,13.503141403198242,5.707393834568028,22.746304646047943,15.635153651006714,2018
2019-03-03,24.27055383126362,16.670381546020508,8.974434963051387,24.103572406726755,18.504735686765567,2018
2019-03-04,23.00325286120656,14.50650691986084,6.383918418257454,19.637668100392638,15.882836574929373,2018
2019-03-05,28.5943330006893,32.38015365600586,27.176966303288694,20.62314096827589,27.193648482064937,2018
2019-03-06,26.728664096843854,24.502246856689453,8.972899083002343,23.932199867049686,21.034002475896337,2018
2019-03-07,27.133169298359153,23.097990036010742,7.368779859417591,20.945665818314737,19.636401253025554,2018
2019-03-08,19.5692592541485,16.539945602416992,3.341610962202966,17.826353676142496,14.319292373727738,2018
2019-03-09,21.56528791316599,16.446624755859375,3.091187288395139,19.54969049520262,15.16319761315578,2018
2019-03-10,27.162361721868944,25.24924659729004,10.986573698836528,23.036416486993346,21.608649626247214,2018
2019-03-11,23.435495192734493,20.036319732666016,6.15848670923083,21.10377806070764,17.683519923834744,2018
2019-03-12,31.615484918792998,33.98041534423828,7.561064195432013,21.594085615442584,23.687762518476468,2018
2019-03-13,27.62400262025753,31.675758361816406,15.962270603477126,24.956524392626484,25.054638994544383,2018
2019-03-14,26.895310116657807,31.759172439575195,17.59958832411619,24.573179970912644,25.20681271281546,2018
2019-03-15,23.469446207117148,29.514575958251953,19.991441553038353,24.017626252955967,24.248272492840854,2018
2019-03-16,28.735549086824495,33.76319885253906,18.250383858718948,22.675040670281433,25.856043117090984,2018
2019-03-17,22.79447000323691,21.6173038482666,5.442447632673452,18.413618395832177,17.066959970002284,2018
2019-03-18,17.06975029126377,16.450925827026367,5.795598770798342,16.127811994550832,13.861021720909829,2018
2019-03-19,15.55128864471625,14.359254837036133,7.776551152350082,15.457522865473832,13.286154374894075,2018
2019-03-20,14.124258231706063,13.563416481018066,11.305770254584752,13.022675711195776,13.004030169626164,2018
2019-03-21,13.765868109122783,13.73415756225586,10.794869385395438,14.476682960617746,13.192894504347956,2018
2019-03-22,13.800560682194503,12.776625633239746,11.334837530654594,16.762354169712676,13.66859450395038,2018
2019-03-23,13.731534037068572,12.887160301208496,8.196620605202773,14.861340574419161,12.41916387947475,2018
2019-03-24,13.549128148287725,12.33541202545166,7.099767265332617,12.194868963267298,11.294794100584825,2018
2019-03-25,13.693107035164749,10.648052215576172,7.248441441601208,16.27035264022443,11.96498833314164,2018
2019-03-26,12.887019679076584,10.391075134277344,6.229931443463129,11.551883461105506,10.264977429480641,2018
2019-03-27,12.359827016358922,10.596658706665039,8.781822387016096,11.293999490938878,10.758076900244733,2018
2019-03-28,12.198408806171901,10.30395221710205,6.922236749378273,10.908023738319542,10.083155377742942,2018
2019-03-29,12.642443920003842,10.537461280822754,11.960417322035703,9.347240328703608,11.121890712891476,2018
2019-03-30,12.167695715165285,10.127532958984375,6.911512492245273,9.272946970914067,9.61992203432725,2018
2019-03-31,12.61508972358883,10.849590301513672,6.8322789096075685,12.86822652384208,10.791296364638038,2018
2019-04-01,13.549575960598844,10.828923225402832,3.633225612566272,20.51017374859132,12.130474636789817,2018
2019-04-02,23.684057287899194,18.49894142150879,13.664135932938207,37.64831653355498,23.37386279397529,2018
2019-04-03,27.030126698455945,21.3958797454834,19.251658667867336,35.32866720618374,25.751583079497603,2018
2019-04-04,32.560424482148115,24.349645614624023,18.774109062166406,35.543580040313095,27.80693979981291,2018
2019-04-05,35.65849413653788,30.811243057250977,17.774904722192296,38.789643194964604,30.758571277736444,2018
2019-04-06,33.690904833069474,28.25257682800293,22.04208683432464,37.23493300799252,30.30512537584739,2018
2019-04-07,33.47223783519038,27.327552795410156,25.36590015484296,36.58315724997966,30.687212008855788,2018
2019-04-08,34.53827615155875,25.649314880371094,28.471665367142705,36.29867778375681,31.239483545707337,2018
2019-04-09,34.58174818585647,25.241252899169922,25.820990686429383,36.39307057712937,30.509265587146288,2018
2019-04-10,34.532481374605645,25.719619750976562,32.61273829171351,34.729421439217354,31.89856521412827,2018
2019-04-11,35.43551759824027,26.55286407470703,19.408764920461426,31.563775925793543,28.240230629800564,2018
2019-04-12,34.57706704326381,26.877599716186523,22.96232752868437,32.24375348629431,29.165186943607253,2018
2019-04-13,34.34638173818656,26.119075775146484,18.695381074847834,35.1305991512962,28.572859434869272,2018
2019-04-14,34.252068589199204,25.85297203063965,24.574627773098406,38.85006022973533,30.88243215566815,2018
2019-04-15,36.192745935665634,27.145112991333008,17.070779845821626,40.25367583545616,30.165578652069108,2018
2019-04-16,34.84948533304045,26.180208206176758,24.6247829815279,34.47983334193422,30.03357746566983,2018
2019-04-17,34.84325270070103,25.62865447998047,20.716920850155212,33.92679143333295,28.778904866042414,2018
2019-04-18,36.57432780856148,29.004558563232422,30.212553317356136,38.99362192112911,33.696265402569786,2018
2019-04-19,37.056025472164436,30.422128677368164,26.72874469125722,35.33895254023333,32.386462845255785,2018
2019-04-20,38.742744606927154,30.759685516357422,34.52938398453026,33.282007172219494,34.32845532000858,2018
2019-04-21,39.71358628871835,31.16084098815918,27.07261156083042,34.31498889679424,33.06550693362555,2018
2019-04-22,39.26372906721012,31.50421905517578,29.55388452549555,36.94134939700397,34.31579551122135,2018
2019-04-23,40.277284617660335,33.01126480102539,40.84445054180591,38.868941737137604,38.250485424407316,2018
2019-04-24,36.70590011661352,30.550065994262695,28.088634016560214,36.57912552829625,32.98093141393317,2018
2019-04-25,37.091544245452724,31.132495880126953,33.83999711844409,35.319505769784904,34.345885753452166,2018
2019-04-26,38.59358966462769,33.239620208740234,32.578005647497925,37.47518776492432,35.471600821447545,2018
2019-04-27,42.62774323180622,54.613277435302734,72.06229195908799,39.173779898888135,52.11927313127127,2018
2019-04-28,36.99517050077309,36.805946350097656,39.64812732351382,34.63019220313216,37.019859094379186,2018
2019-04-29,36.04505307092891,31.939058303833008,35.05892468980168,34.50237831090711,34.386353593867675,2018
2019-04-30,35.622965071653454,30.738351821899414,37.966073939166165,32.70677909187753,34.25854248114914,2018
2019-05-01,35.730217278789134,30.945331573486328,36.40796970498479,34.13177624815207,34.30382370135308,2018
2019-05-02,33.32243946057198,29.409595489501953,18.49152549774735,36.17406799080959,29.34940710965772,2018
2019-05-03,33.75990388956947,29.474281311035156,16.253094907178504,32.578336002363315,28.016404027536613,2018
2019-05-04,36.02009739951952,30.795007705688477,25.914725503944435,32.22201840831607,31.237962254367126,2018
2019-05-05,35.85445252957594,30.63740348815918,23.164398427960418,30.076361976007284,29.933154105425707,2018
2019-05-06,36.293082818866836,30.916648864746094,20.26334342534282,30.303552093001407,29.44415680048929,2018
2019-05-07,23.646277748316212,20.225095748901367,6.80950539948511,20.378249192227795,17.76478202223262,2018
2019-05-08,28.449155378814723,34.2389030456543,20.393067143758675,31.9129052955008,28.74850771593212,2018
2019-05-09,25.40720340055878,21.507177352905273,3.5431555314433587,28.409827617940806,19.716840975712056,2018
2019-05-10,20.760969327268544,17.146013259887695,7.637715118767011,24.994763718295037,17.634865356054572,2018
2019-05-11,20.67525043889878,15.399070739746094,8.688986340538714,23.806784963583034,17.142523120691656,2018
2019-05-12,21.11116124796674,14.370752334594727,10.57659513145139,24.237511538765702,17.57400506319464,2018
2019-05-13,20.34130975449329,14.888300895690918,10.547558572824451,25.096179396438476,17.718337154861786,2018
2019-05-14,20.369762195222698,14.813321113586426,12.096022027043128,24.310933004582793,17.89750958510876,2018
2019-05-15,20.11025876896951,14.756998062133789,13.1724460848634,24.7910243241058,18.207681810018123,2018
2019-05-16,19.531948235550228,14.814167976379395,16.735296108114053,26.53077120827524,19.40304588207973,2018
2019-05-17,17.225206451628956,13.76663875579834,14.141147427055769,24.129720608530437,17.315678310753377,2018
2019-05-18,17.360781580641778,12.83597183227539,14.23901670612485,26.599757728037243,17.758881961769816,2018
2019-05-19,17.472671399371162,11.805880546569824,14.094948153545042,24.736510707507303,17.027502701748332,2018
2019-05-20,17.85444179309845,12.035510063171387,14.925833131979028,24.8670639097662,17.420712224503767,2018
2019-05-21,18.28506078005331,11.360264778137207,11.628310912576813,23.516010126941183,16.197411649427128,2018
2019-05-22,17.4568749194302,8.98552417755127,6.247503774237154,20.425247437219202,13.278787577109455,2018
2019-05-23,17.481382921344338,9.407362937927246,6.907868200287765,22.712125756588243,14.127184954036897,2018
2019-05-24,17.160745890766005,9.63044548034668,5.181081509680426,26.282726894186883,14.563749943744998,2018
2019-05-25,18.224667431360476,10.722824096679688,11.288222320117038,25.181170529388922,16.35422109438653,2018
2019-05-26,18.206676058740797,11.761819839477539,12.622749036301476,27.332909864501108,17.48103869975523,2018
2019-05-27,18.051274885265247,10.264968872070312,12.39176974773625,27.724147241051494,17.108040186530825,2018
2019-05-28,18.131060974912213,10.413616180419922,17.539614391127646,24.943652014861605,17.75698589033035,2018
2019-05-29,17.68609557307342,10.876556396484375,20.22681063483963,26.461648857556966,18.8127778654886,2018
2019-05-30,19.571628443410464,11.77912712097168,13.958332809520305,29.73293954810829,18.760506980502683,2018
2019-05-31,19.5569569519316,12.003657341003418,15.857324512450306,25.616705720038667,18.258661131356,2018
2019-06-01,20.77133536345913,12.094844818115234,9.714498165549768,22.609004792813906,16.29742078498451,2018
2019-06-02,19.228652503734477,11.633774757385254,12.97112740044196,28.25501901526803,18.02214341920743,2018
2019-06-03,18.962001436561437,10.403741836547852,12.229507231739754,25.033453797859522,16.657176075677143,2018
2019-06-04,19.25397234971034,10.928437232971191,12.896908950965946,25.49146203609682,17.142695142436075,2018
2019-06-05,19.251823829902293,10.660043716430664,11.460167437738539,23.704789926301153,16.269206227593163,2018
2019-06-06,19.468602265037436,11.237927436828613,11.295850103469872,20.7853381498598,15.69692948879893,2018
2019-06-07,24.822588782306834,28.674394607543945,20.627585208401175,25.729280967512004,24.96346239144099,2018
2019-06-08,23.81754475768357,17.61683464050293,6.92370071290676,25.45727737097764,18.453839370517723,2018
2019-06-09,20.803424299897774,12.784542083740234,6.479219371852217,21.28136158574857,15.337136835309698,2018
2019-06-10,21.228415692683296,12.162405014038086,8.080935099980548,20.143992238012004,15.403937011178485,2018
2019-06-11,23.14238436371046,16.216983795166016,8.549261235767416,24.551688114485323,18.115079377282306,2018
2019-06-12,19.65151652374305,11.499082565307617,5.774696275158028,25.132694323063593,15.51449742181807,2018
2019-06-13,21.979251992324386,15.173364639282227,6.336968869472638,24.142776572573666,16.90809051841323,2018
2019-06-14,18.89209212969786,12.101486206054688,5.295085948495948,24.832293834342096,15.280239529647648,2018
2019-06-15,18.30645271750196,7.54853630065918,3.446241488039988,21.96135709980115,12.815646901500568,2018
2019-06-16,19.516342362867185,10.331291198730469,6.112102562853093,26.23012500604694,15.547465282624422,2018
2019-06-17,18.413831229868315,9.603474617004395,6.534286818314752,25.364496302460545,14.979022241912002,2018
2019-06-18,17.56155852910204,8.058867454528809,5.290165396818393,21.3400928204466,13.06267105022396,2018
2019-06-19,17.414711163693248,7.432224273681641,5.5738106923443285,23.306167201951077,13.431728332917572,2018
2019-06-20,16.694058322692815,7.4516215324401855,3.342123879832945,21.63199729800544,12.279950258242845,2018
2019-06-21,17.748119835152316,8.762333869934082,8.049457944477819,20.835291736394048,13.848800846489565,2018
2019-06-22,17.604268178962545,9.336714744567871,3.4081141924134806,18.98253019873061,12.332906828668627,2018
2019-06-23,17.248932672693105,7.875997066497803,5.980724096165382,24.74861958235289,13.963568354427295,2018
2019-06-24,17.052985765007588,7.66933012008667,5.614674342742892,22.933579349070403,13.317642394226887,2018
2019-06-25,17.769386166177103,8.98680305480957,8.15736527161457,24.974889105340704,14.972110899485486,2018
2019-06-26,66.48348575751999,75.99591064453125,95.1050454229473,118.2436993405249,88.95703529138086,2018
2019-06-27,77.62939928138867,100.62699890136719,131.35224511718707,113.86454720121039,105.86829762528832,2018
2019-06-28,79.63933854285963,99.8775863647461,128.99200540482124,115.38959233163227,105.97463066101481,2018
2019-06-29,77.58032221146743,94.79008483886719,114.44349690863517,114.25486516105255,100.26719228000559,2018
2019-06-30,75.78327356697038,83.80979919433594,94.47677968401874,117.52722586197562,92.89926957682516,2018
2019-07-01,72.85293416386402,79.24092102050781,76.20520402791001,115.60889262705665,85.97698795983462,2018
2019-07-02,74.38569431683113,81.86834716796875,76.24371086870813,105.00659970386783,84.37608801434396,2018
2019-07-03,74.95590352252366,85.0624008178711,98.50101637936629,102.60195448404062,90.28031880095041,2018
2019-07-04,75.32739569517511,89.7005386352539,100.25708515238829,101.8985675563382,91.79589675978887,2018
2019-07-05,73.95513099743559,89.30118560791016,92.02727137705108,106.21561971458661,90.37480192424586,2018
2019-07-06,70.84676567256713,78.8675765991211,76.12811488735525,102.62505744673086,82.11687865144359,2018
2019-07-07,72.57812490811635,68.4618911743164,69.65351385633238,106.1905799748169,79.22102747839551,2018
2019-07-08,74.37565267756065,77.34481048583984,74.57765451316789,106.41792359589049,83.17901031811472,2018
2019-07-09,73.84049274088721,80.11936950683594,77.18057061315935,103.10968596537191,83.5625297065636,2018
2019-07-10,71.84680941789011,81.45177459716797,80.8259234782591,104.4409301976285,84.64135942273643,2018
2019-07-11,71.07681139385478,68.25350189208984,60.44331798759658,107.04983143735294,76.70586567772352,2018
2019-07-12,68.57134611730618,66.83805847167969,48.07742799134601,105.72638171495352,72.30330357382135,2018
2019-07-13,70.63561299552491,65.48313903808594,54.53675856767691,105.17232242336529,73.95695825616326,2018
2019-07-14,71.44306431361309,79.71540832519531,72.40642975028354,103.49913043671614,81.76600820645203,2018
2019-07-15,72.82187545073167,81.83706665039062,76.74531056526159,103.66014676341989,83.76609985745095,2018
2019-07-16,70.08399716041755,81.8990249633789,65.59962224089884,105.84365132567198,80.85657392259182,2018
2019-07-17,68.82652825374979,72.87448120117188,61.290906878698244,107.33509401842477,77.58175258801117,2018
2019-07-18,68.21195533611656,67.85872650146484,61.867268118614504,110.40284636090496,77.08519907927521,2018
2019-07-19,70.43501388744171,73.1344223022461,54.207498523836854,112.54653305264387,77.58086694154213,2018
2019-07-20,67.46538845216284,67.51126098632812,56.252934180909136,111.05894265581456,75.57213156880367,2018
2019-07-21,68.48445436221576,71.43035125732422,69.54259229233755,107.90817273536739,79.34139266181123,2018
2019-07-22,70.17030803905858,77.3377456665039,68.44830258104584,112.30761210380888,82.0659920976043,2018
2019-07-23,71.9672912413294,83.66139221191406,72.47293516516652,105.16967006017765,83.31782216964692,2018
2019-07-24,70.53864651335863,86.15007019042969,72.20243617852582,105.44924668326543,83.58509989139489,2018
2019-07-25,71.0794373055517,92.21784210205078,73.9224731257527,104.48057057097205,85.42508077608181,2018
2019-07-26,71.27041945086336,78.36384582519531,54.01667408891854,108.77307830554683,78.10600441763101,2018
2019-07-27,67.62047395483569,67.4153823852539,58.324585068759376,108.26519055208315,75.40640799023303,2018
2019-07-28,67.45856414273416,67.07341003417969,57.95334375972643,106.535633714146,74.75523791269657,2018
2019-07-29,68.73520869772739,74.84264373779297,69.3909061972984,108.43057541718618,80.34983351250123,2018
2019-07-30,70.24164956909705,73.98367309570312,72.17648096219482,112.68750238354743,82.27232650263561,2018
2019-07-31,68.2108831382133,67.39923095703125,51.692078862564905,110.07559590192768,74.34444721493429,2018
2019-08-01,70.90874271559714,78.49796295166016,74.90562204872516,108.87641676582574,83.29718612045205,2018
2019-08-02,73.86822452484216,90.12930297851562,90.02147340964973,108.42548532291865,90.61112155898154,2018
2019-08-03,73.27643007365259,87.222412109375,81.15543074913634,113.50682157521712,88.79027362684526,2018
2019-08-04,74.12768450233357,85.17485046386719,75.72697902341761,113.9582656264551,87.24694490401836,2018
2019-08-05,73.10796439886542,81.52472686767578,77.47181362841823,115.85632237098983,86.99020681648732,2018
2019-08-06,71.53412220801009,72.68304443359375,73.66749711341372,115.1241902796999,83.25221350867938,2018
2019-08-07,73.33903271960618,73.4505386352539,79.87638319576257,114.85696101416562,85.38072889119707,2018
2019-08-08,78.10077146968608,84.88168334960938,80.53390009728136,113.4861438105785,89.25062468178884,2018
2019-08-09,77.45421874568913,91.80718994140625,100.2993459309339,122.1928393868802,97.93839850122737,2018
2019-08-10,74.8213464840927,86.49080657958984,100.65981635415578,122.09768870688035,96.01741453117967,2018
2019-08-11,73.95382609131148,84.91500091552734,95.15762167666689,113.1307429716422,91.78929791378698,2018
2019-08-12,72.34164630685765,79.52115631103516,87.38427333532701,110.78644133857021,87.5083793229475,2018
2019-08-13,73.6829711919448,75.36058044433594,91.67528064365938,112.25754133445001,88.24409340359753,2018
2019-08-14,59.96473591747778,60.168121337890625,69.34590346544921,79.75880428156272,67.30939125059508,2018
2019-08-15,59.872154665247706,56.88593673706055,56.992275981808596,76.22178769668817,62.49303877020125,2018
2019-08-16,60.110671664517284,60.3939094543457,59.08079993198673,81.67514730680665,65.31513208941409,2018
2019-08-17,58.85741493516021,54.54900360107422,55.043717941393616,75.20630325569228,60.91410993333008,2018
2019-08-18,59.498928118300476,53.71256637573242,50.44118427040779,73.35877805303384,59.252864204368635,2018
2019-08-19,59.24174072330134,53.196414947509766,44.83830528441461,72.9679169048576,57.56109446502083,2018
2019-08-20,56.95815858901885,48.60102081298828,40.10457889579015,70.6074845584373,54.067810714058645,2018
2019-08-21,56.26592270579866,50.96469497680664,47.15189356767236,73.80496263721852,57.04686847187405,2018
2019-08-22,55.95355608302512,51.82301712036133,48.39600114849765,74.0392709583532,57.55296132755932,2018
2019-08-23,59.178048970026474,58.01081466674805,53.20089250396557,71.18174038582974,60.39287413164246,2018
2019-08-24,58.7573126251038,59.79850387573242,56.6990058256354,71.50399611028361,61.68970460918881,2018
2019-08-25,59.15748727070021,57.606719970703125,52.532463246585394,72.76650927004285,60.5157949395079,2018
2019-08-26,59.65048668702475,58.26975631713867,55.55266269476176,72.9334432108427,61.60158722744197,2018
2019-08-27,58.75172030944193,53.61996841430664,45.324908210934545,74.12178660497581,57.95459588491474,2018
2019-08-28,56.45193975214836,47.5533447265625,39.68426665175051,74.53995846396862,54.5573773986075,2018
2019-08-29,56.1211504057545,47.10099411010742,38.70006582789185,73.37314553737784,53.8238389702829,2018
2019-08-30,56.6351858788746,50.58069610595703,47.07813752588291,72.70633993160452,56.75008986057976,2018
2019-08-31,56.64149160621558,50.12882995605469,43.76526760707152,73.6491189246065,56.046177023487076,2018
2019-09-01,55.215168888549634,45.03623962402344,35.15562949517647,69.89179207999577,51.32470752193633,2018
2019-09-02,54.240725058147696,43.489688873291016,32.96330316613846,74.41399683821992,51.27692848394928,2018
2019-09-03,54.23901904185448,40.0164794921875,33.89928785546955,75.42604951824667,50.89520897693954,2018
2019-09-04,56.54460210649649,46.44478988647461,43.414221351636805,76.78869906663522,55.79807810281078,2018
2019-09-05,55.10610245362532,40.757286071777344,39.9400281510195,71.74648553180964,51.88747555205795,2018
2019-09-06,54.94782077131852,41.05093765258789,39.94911078822196,77.88914483629428,53.45925351210566,2018
2019-09-07,28.93571768848987,20.813915252685547,21.74705526942766,17.889864054486374,22.346638066272362,2018
2019-09-08,21.981068362797206,16.536558151245117,17.395745470749183,14.847128462137272,17.690125111732193,2018
2019-09-09,24.120796442852374,27.706838607788086,16.271135650533605,21.54863558094464,22.411851570529677,2018
2019-09-10,16.42956291429402,18.674331665039062,5.949147276078328,16.58874548785674,14.410446835817039,2018
2019-09-11,19.457746242943713,24.640506744384766,17.373965673391236,25.21218839146546,21.671101763046295,2018
2019-09-12,19.01253903265388,23.568103790283203,19.80991100439515,28.150360010688125,22.635228459505086,2018
2019-09-13,32.44993363368863,36.46161651611328,43.419646042642306,80.74598716999716,48.26929584061035,2018
2019-09-14,36.32047376559961,36.561553955078125,44.09711874049815,78.22464099684684,48.80094686450569,2018
2019-09-15,36.19340561700299,39.62865447998047,49.61566504467388,80.0876638370548,51.38134724467803,2018
2019-09-16,36.845861142830174,41.65452194213867,48.230777100164794,84.46996530036814,52.80028137137545,2018
2019-09-17,41.20692899134199,42.75030517578125,54.647831577672754,79.9812103566732,54.6465690253673,2018
2019-09-18,42.393822632252764,39.45716094970703,54.8570089438187,78.02450490017239,53.68312435648772,2018
2019-09-19,44.459656152229726,40.6894645690918,53.94513519580708,79.23070973082127,54.58124141198747,2018
2019-09-20,48.04955721472678,46.81014633178711,62.68822969363716,85.97860715277254,60.8816350982309,2018
2019-09-21,49.229425305216296,50.17572784423828,61.58253672660648,87.41903185254826,62.10168043215232,2018
2019-09-22,49.06824382100572,47.159706115722656,62.71202226517409,84.59683737456899,60.884202394117864,2018
2019-09-23,47.69824561210591,47.91091537475586,59.108510656936666,89.2256392550429,60.98582772471033,2018
2019-09-24,51.66512642274976,55.5629768371582,73.54624150978451,92.29649980849884,68.26771114454782,2018
2019-09-25,52.67775921522877,55.47202682495117,53.18985487380608,92.3862862222726,63.43148178406466,2018
2019-09-26,53.66496941272469,49.414154052734375,39.61869943686053,84.96110068581201,56.9147308970329,2018
2019-09-27,55.274813495990045,51.46635818481445,37.417815933790756,85.87668401924627,57.508917908460376,2018
2019-09-28,56.348331369540695,55.487892150878906,43.126285463357206,90.5193442988559,61.370463320658175,2018
2019-09-29,55.658685088439555,56.476322174072266,38.357109145413474,89.25017082029223,59.93557180705438,2018
2019-09-30,54.943250008978616,49.129783630371094,32.32517015824177,84.55066133644927,55.23721628351019,2018
2019-10-01,54.33916471820148,45.59109115600586,19.937496271177135,58.88102931596641,44.68719536533772,2018
2019-10-02,54.9085442202477,40.050418853759766,24.201425514200068,53.59210052054303,43.188122277187645,2018
2019-10-03,55.78328629684856,44.5126953125,31.04197107832381,61.0727847264804,48.102684353538194,2018
2019-10-04,56.753179720451534,64.47309112548828,57.80196445968616,69.23964510305292,62.06697010216972,2018
2019-10-05,54.001255248288786,48.495609283447266,42.91317241931456,65.15537804170356,52.64135374818854,2018
2019-10-06,53.93771809021745,45.21989440917969,30.598418706268998,60.32560495672818,47.52040904059858,2018
2019-10-07,54.79909748919921,44.55862808227539,39.03542910549133,65.24731837702728,50.910118263498305,2018
2019-10-08,55.153189590238334,41.99028396606445,38.26955317766265,64.04581635373226,49.86471077192442,2018
2019-10-09,55.300772342847246,40.328155517578125,33.33117008388719,64.59959131817988,48.38992231562311,2018
2019-10-10,54.90328877051786,40.38837432861328,36.22399945695913,65.07073724831358,49.14659995110096,2018
2019-10-11,56.42506024653604,54.08836364746094,49.515683872498855,76.50991942232635,59.13475679720554,2018
2019-10-12,52.38921728309578,43.225486755371094,40.21679981575754,66.05938351867928,50.472721843225926,2018
2019-10-13,53.14718318942476,39.561912536621094,30.73561895529431,61.94009004968243,46.34620118275565,2018
2019-10-14,52.10767541599265,38.090389251708984,29.040131074092358,63.9501633017586,45.79708976088815,2018
2019-10-15,51.480847480004556,35.88957595825195,30.940525779401728,61.45810092401893,44.94226253541929,2018
2019-10-16,50.36084717287748,33.41590118408203,25.731770434356523,60.8772896930751,42.596452121097784,2018
2019-10-17,49.619314205742256,33.71698760986328,30.66388005407813,61.50586470650857,43.87651164404806,2018
2019-10-18,50.736174490441364,41.33092498779297,35.66689600721928,65.41580015733821,48.287448910697954,2018
2019-10-19,46.51517961226807,34.57485580444336,21.054700749579656,59.83483426983211,40.4948926090308,2018
2019-10-20,47.34037936365476,30.595943450927734,23.36520435276127,55.732998409251714,39.25863139414887,2018
2019-10-21,47.05723795783096,30.14069175720215,23.023435078570085,56.78835499919186,39.25242994819876,2018
2019-10-22,46.231591247261434,30.448057174682617,22.155116390914255,44.45893858633806,35.823425849799094,2018
2019-10-23,44.28436241564692,32.85748291015625,9.450327063918532,45.47178598643213,33.01598959403846,2018
2019-10-24,38.88150331220569,32.84010314941406,17.38959177693585,49.40172970125025,34.62823198495146,2018
2019-10-25,45.951664010072754,61.80097198486328,70.39421407616865,61.19832877060076,59.836294710426365,2018
2019-10-26,45.6981885351234,56.85408020019531,62.70507376489355,57.03329130288699,55.57265845077481,2018
2019-10-27,37.106984123479386,37.76302719116211,28.77712706260194,42.312463199076035,36.48990039407987,2018
2019-10-28,34.42006406747668,33.850399017333984,25.95432234286477,42.7107255087225,34.23387773409949,2018
2019-10-29,36.83638631534886,39.08126449584961,44.8002070194819,50.28752879642631,42.75134665677667,2018
2019-10-30,42.26806958073492,53.17134094238281,61.17216506588467,53.20845638557439,52.455007993644195,2018
2019-10-31,34.59315515868746,41.86745834350586,33.94255043324379,50.36088297829773,40.19101172843371,2018
2019-11-01,37.33688745434629,44.239479064941406,41.9138321030178,53.58636033056834,44.269139738218456,2018
2019-11-02,42.8355525715504,73.7070083618164,80.44962749915605,61.41259631556492,64.60119618702196,2018
2019-11-03,35.345108282708196,40.1562385559082,30.124048463378575,49.07971564428995,38.67627773657123,2018
2019-11-04,17.49004569542994,20.546653747558594,17.993399114464044,17.978653754521964,18.502188077993637,2018
2019-11-05,14.549183882535388,16.53214454650879,12.60766274123555,16.92795657416153,15.154236936110316,2018
2019-11-06,14.46227661193052,14.546842575073242,8.898667184619503,18.951726160750603,14.214878133093467,2018
2019-11-07,13.41311739926824,13.16661262512207,6.841030329526882,16.05993439002911,12.370173685986575,2018
2019-11-08,11.782559868257595,12.837820053100586,2.215227098132082,11.9136665126624,9.687318383038166,2018
2019-11-09,17.894281222807162,15.19740104675293,7.38657260625526,20.958392358246982,15.359161808515584,2018
2019-11-10,14.581928793965737,11.853789329528809,6.198519452103572,18.150010813009963,12.696062097152021,2018
2019-11-11,19.894953760888445,18.497825622558594,23.945192783132246,26.21485792760133,22.13820752354515,2018
2019-11-12,19.90966831959664,18.858631134033203,16.059380814364363,21.30769516350064,19.033843857873713,2018
2019-11-13,21.533065037562466,19.065427780151367,11.263468026634387,18.756817345415445,17.654694547440915,2018
2019-11-14,22.131997423861897,20.88678550720215,17.224790977459374,19.03267742290983,19.81906283285831,2018
2019-11-15,15.812062415537891,14.570972442626953,8.834073669567704,16.521549823287135,13.93466458775492,2018
2019-11-16,13.901735312797806,12.572188377380371,5.024244760129401,15.25367588407187,11.68796108359486,2018
2019-11-17,12.832846087998083,12.75721549987793,7.501872474946068,14.259635034679215,11.837892274375324,2018
2019-11-18,12.364836872138591,13.043217658996582,4.817446486234805,13.294696663952786,10.88004942033069,2018
2019-11-19,12.85553298948542,11.881264686584473,7.789645617009419,18.29460468366427,12.705261994185896,2018
2019-11-20,17.323646200209158,14.5847806930542,23.818185091987647,20.524131551514383,19.062685884191346,2018
2019-11-21,28.66467824012518,33.61542892456055,25.713658235674185,24.685877966791548,28.169910841787868,2018
2019-11-22,27.794979406453155,25.980302810668945,32.99942883020146,24.44978179488044,27.806123210551,2018
2019-11-23,30.86519973907774,30.574975967407227,16.31987832513786,25.124270063284524,25.72108102372684,2018
2019-11-24,19.066426194252635,19.410715103149414,12.73822467945154,21.117064860383266,18.083107709309214,2018
2019-11-25,18.343721616812473,17.66259765625,11.12084397728623,23.63658348632217,17.690936684167717,2018
2019-11-26,27.52360791913803,32.36353302001953,34.79627616223336,29.572244555894414,31.063915414321333,2018
2019-11-27,30.62121272550876,31.518842697143555,24.668740123400276,49.281144025611546,34.02248489291603,2018
2019-11-28,27.550583498548963,31.078798294067383,15.198965826734147,46.2911497443419,30.0298743409231,2018
2019-11-29,29.5820864583197,28.585248947143555,19.379651825766558,42.91540771092528,30.115598735538775,2018
2019-11-30,36.23894883425889,37.698551177978516,42.001012595157306,49.79862582314262,41.43428460763433,2018
2019-12-01,31.18827168503503,31.11248016357422,17.77034250069896,41.63941288615818,30.4276268088666,2018
2019-12-02,30.32427348263988,28.4918270111084,19.213229269201992,36.120867953301584,28.537549429062963,2018
2019-12-03,31.176836088305745,29.197057723999023,18.461612902542413,39.272676349383396,29.527045766057647,2018
2019-12-04,31.373356973713964,28.950809478759766,14.959585584312713,40.40239003069471,28.921535516870286,2018
2019-12-05,36.31881524428775,36.37497329711914,26.555423883028105,52.4921958919785,37.935352079103374,2018
2019-12-06,31.071041088390025,35.15277862548828,23.000631295041934,34.279613454644746,30.876016115891243,2018
2019-12-07,25.388431282911675,25.107507705688477,20.208101821343604,28.80439674236464,24.877109388077102,2018
2019-12-08,36.15356073885933,48.823707580566406,40.56301250903681,31.720906724131595,39.31529688814854,2018
2019-12-09,21.508883090036257,26.347530364990234,10.76520954466523,16.949031098152442,18.892663524461042,2018
2019-12-10,22.84653430670105,23.52569007873535,14.38555863323096,17.054878548848613,19.45316539187899,2018
2019-12-11,17.455033433916018,17.57069969177246,10.799821144328382,17.01150381181123,15.709264520457022,2018
2019-12-12,25.077316417029078,24.341758728027344,9.019604673023823,17.25616347831764,18.923710824099473,2018
2019-12-13,22.615486311570855,28.40201187133789,18.822683119224436,17.533848178681822,21.84350737020375,2018
2019-12-14,26.227461888795798,30.13899803161621,12.18127640034713,17.593148932323896,21.53522131327076,2018
2019-12-15,20.069853077760545,23.99110984802246,10.477605299446365,17.683299123822117,18.05546683726287,2018
2019-12-16,15.929768519939373,16.91187286376953,9.635287943676046,17.483820892235222,14.990187554905043,2018
2019-12-17,0.5585094452654894,5.219644069671631,-0.5486664899523354,-1.3204765859200123,0.9772526097661931,2019
2019-12-18,11.90928486387767,21.305343627929688,16.212848098849918,-1.6083705086877327,11.954776520492386,2019
2019-12-19,15.28286936909919,21.52317237854004,15.825836868588333,0.21800199879551663,13.212470153755769,2019
2019-12-20,11.457273729441852,16.6848201751709,4.585982789531553,2.553152524946036,8.820307304772586,2019
2019-12-21,10.93179707721573,15.131645202636719,2.008164211651069,3.0371869076181532,7.777198349780417,2019
2019-12-22,15.739299680641299,16.093828201293945,6.354805971316142,3.1357041479882177,10.3309095003099,2019
2019-12-23,11.988737987603782,13.3011474609375,2.037035953447687,3.9159874084773794,7.810727202616588,2019
2019-12-24,15.150423497860304,19.16720962524414,4.613805909326844,4.140117662361861,10.767889173698286,2019
2019-12-25,12.31227273615431,15.022253036499023,3.2660069203236435,6.253097491355639,9.213407546083154,2019
2019-12-26,23.324456111423032,28.203744888305664,13.51850945795277,4.8869083780497835,17.483404708932813,2019
2019-12-27,14.42042609820473,18.417133331298828,3.145560271581881,6.820224913157441,10.700836153560719,2019
2019-12-28,12.962750170832152,14.744976043701172,0.516260436248171,6.861719864911596,8.771426628923273,2019
2019-12-29,12.222280408473553,12.340927124023438,1.038513885419226,7.407858340279583,8.25239493954895,2019
2019-12-30,11.581233659481827,11.949634552001953,-0.7725842978524583,8.268834559417261,7.756779618262145,2019
2019-12-31,11.682614063166428,11.261289596557617,0.9670692331410354,8.390664979347905,8.075409468053246,2019
2020-01-01,11.916007298422812,10.614891052246094,1.3125919558731984,8.7019885086957,8.136369703809452,2019
2020-01-02,11.947223886953857,10.495626449584961,3.370395229485664,7.9466378157846265,8.439970845452276,2019
2020-01-03,11.800001551808258,9.446508407592773,0.2515231026056826,7.774741032214818,7.318193523555383,2019
2020-01-04,11.317195756186855,9.265016555786133,-0.049383595012675946,8.316374729781886,7.21230086168555,2019
2020-01-05,11.258112293681942,9.731894493103027,1.949706821013598,8.618202043623505,7.889478912855518,2019
2020-01-06,20.01853129889827,16.877376556396484,11.694790504771825,18.21705371979424,16.701938019965205,2019
2020-01-07,18.73882372866156,17.678625106811523,11.077714232774316,15.445604684034903,15.735191938070574,2019
2020-01-08,17.528162604782864,14.480748176574707,6.192248419245552,11.859034189548229,12.515048347537839,2019
2020-01-09,28.256248059665545,19.82692527770996,11.905827497698565,15.700390912337046,18.92234793685278,2019
2020-01-10,16.488253679485087,14.90778923034668,3.8761246904047515,10.578675069101383,11.462710667334477,2019
2020-01-11,30.322200152244445,23.015539169311523,9.103849767883277,19.144508982250514,20.39652451792244,2019
2020-01-12,28.43118256331607,22.954431533813477,11.299120507784117,19.118315238814134,20.450762460931948,2019
2020-01-13,38.02508838838593,36.34718322753906,20.683331226191896,19.70731627167477,28.690729778447917,2019
2020-01-14,42.93690342268037,43.33097457885742,39.57365750312468,25.38873726950594,37.8075681935421,2019
2020-01-15,22.53120076185145,21.51850128173828,9.451677204998544,12.533933630399655,16.508828219746984,2019
2020-01-16,40.466425881219024,39.66228485107422,29.71704268877227,20.076019131789984,32.48044313821387,2019
2020-01-17,29.847589389191082,24.02590560913086,15.560061553105829,13.850077742379323,20.820908573451774,2019
2020-01-18,16.915287954891564,20.624048233032227,9.344233451039091,6.385281558376068,13.317212799334737,2019
2020-01-19,15.31472249346471,17.642961502075195,8.464879853189947,6.509403699096014,11.982991886956468,2019
2020-01-20,13.510151445331687,17.01009178161621,6.208111444525776,5.863382336949688,10.647934252105841,2019
2020-01-21,13.054154784829178,16.264734268188477,8.276967232903964,6.247807550678243,10.960915959149967,2019
2020-01-22,12.104844150410727,15.144421577453613,5.742349237813591,8.990290411179126,10.495476344214264,2019
2020-01-23,12.630131276618126,14.69941520690918,9.326128811673916,10.642802570609629,11.824619466452713,2019
2020-01-24,11.803846199976777,12.63728141784668,6.98617940684946,7.6964318288910665,9.780934713390995,2019
2020-01-25,11.552101355700115,13.507940292358398,8.680438053709734,9.298469115447146,10.75973720430385,2019
2020-01-26,17.246054778862227,15.907736778259277,5.460302523902872,14.613394246455787,13.30687208187004,2019
2020-01-27,22.699689691532498,19.080310821533203,9.19864810705815,14.710456956343982,16.422276394116956,2019
2020-01-28,24.32180897872464,19.152509689331055,8.294485809807432,14.19355156068023,16.49058900963584,2019
2020-01-29,17.849406234954735,17.735258102416992,8.094595742469545,11.316779441442108,13.749009880320845,2019
2020-01-30,20.968626387423093,18.799766540527344,7.451533134444501,15.14711953870497,15.591761400274978,2019
2020-01-31,22.138614130183434,19.175817489624023,9.376978659021207,14.481153477984074,16.293140939203184,2019
2020-02-01,24.92287161683658,19.73177719116211,11.853819738572556,15.375236721112413,17.970926316920913,2019
2020-02-02,33.03344719767181,25.93862533569336,15.412654592906625,18.03945997885107,23.106046776280717,2019
2020-02-03,29.58733817189234,22.876338958740234,12.373337074717542,16.334363873500944,20.292844519712766,2019
2020-02-04,32.44054509878748,27.88291358947754,16.296841405991174,16.152876521771674,23.193294154006967,2019
2020-02-05,17.862271298616307,19.79914665222168,10.585804884838623,8.425431035921331,14.168163467899486,2019
2020-02-06,17.682692170557754,16.658153533935547,10.171765852579872,10.248440216580335,13.690262943413378,2019
2020-02-07,21.479996318542156,20.08591651916504,12.924919885737712,15.490291927776825,17.495281162805433,2019
2020-02-08,26.87160278655856,21.414682388305664,14.942665257171118,16.10566187530147,19.833653076834203,2019
2020-02-09,39.87085932041029,41.85783004760742,40.06855215702841,33.72907828129591,38.88157995158551,2019
2020-02-10,41.407905842361664,44.1982307434082,44.91333667831093,24.816609973325463,38.83402080935156,2019
2020-02-11,38.79423486113205,39.24516296386719,31.11327235592936,19.388678138193377,32.13533707978049,2019
2020-02-12,31.918949194231764,25.31992530822754,19.984988763800057,15.638624883713486,23.215622037493212,2019
2020-02-13,43.460765027516395,43.18362045288086,40.47752151853268,26.14802146039487,38.3174821148312,2019
2020-02-14,34.598625614583604,29.851137161254883,26.297339994843814,19.53995646251964,27.571764808300482,2019
2020-02-15,45.838673781970954,52.577484130859375,58.89778467241801,28.666287722650974,46.49505757697483,2019
2020-02-16,47.917453633107726,57.21198654174805,62.30518776661577,26.549968875373523,48.496149204211264,2019
2020-02-17,44.79887218109491,44.0692138671875,39.21305662537866,20.591385707864816,37.16813209538147,2019
2020-02-18,42.7524827393516,42.09490203857422,34.80431927694799,20.772101078498633,35.10595128334311,2019
2020-02-19,32.914467162251626,29.84756088256836,16.100411512246527,16.004207240611706,23.716661699419554,2019
2020-02-20,41.46685729587581,39.118324279785156,28.519142097745426,18.710599653352926,31.953730831689832,2019
2020-02-21,40.177075663064336,38.2774658203125,30.369064114594263,17.24874238976081,31.518086996932976,2019
2020-02-22,45.391509385944545,50.144649505615234,38.90158864065405,23.678180410114873,39.52898198558217,2019
2020-02-23,44.214132727389256,42.7082633972168,33.08799206477973,22.907739483850946,35.729531918309185,2019
2020-02-24,46.063909698664695,44.69477844238281,42.30061021180992,24.89331062057427,39.48815224335793,2019
2020-02-25,43.05713684918473,41.4613151550293,33.38170530628276,20.42638846726267,34.581636444439866,2019
2020-02-26,34.55428809831691,27.578903198242188,21.269905077744415,14.806916124969428,24.552503124818237,2019
2020-02-27,31.892022308222447,25.79330825805664,21.60793141746721,11.882946788892916,22.794052193159807,2019
2020-02-28,43.15405269453747,45.97914123535156,45.558243740139325,25.742075901150542,40.10837839279473,2019
2020-02-29,45.06445258275309,52.50287628173828,58.229865002168424,22.144263936641984,44.48536445082544,2019
2020-03-01,36.73858091345036,32.47589874267578,22.668032528511922,18.716739458682675,27.649812910830185,2019
2020-03-02,26.039065672641758,23.505205154418945,14.715153723702294,11.749566843475806,19.002247848559698,2019
2020-03-03,23.41965253002714,21.369112014770508,11.73234337807672,11.306192832426497,16.956825188825214,2019
2020-03-04,26.860641603749364,26.217126846313477,23.506972214566964,14.57108619408985,22.788956714679912,2019
2020-03-05,31.76996892874418,28.822330474853516,25.25558993045868,14.168288241390641,25.004044393861754,2019
2020-03-06,25.929879973860263,22.8869686126709,18.98377468130155,12.214484581823996,20.00377696241418,2019
2020-03-07,32.95607321891542,27.612560272216797,19.159988221056217,17.51408769888583,24.31067735276857,2019
2020-03-08,42.43868963534931,36.60307312011719,24.606670599705197,18.880086011597548,30.63212984169231,2019
2020-03-09,39.53105792263741,31.522724151611328,24.873069759372882,18.723424785779375,28.66256915485025,2019
2020-03-10,45.03742710384504,43.424869537353516,40.68436270538428,23.63481449713677,38.1953684609299,2019
2020-03-11,42.73273738764566,38.29399108886719,27.941190390044913,17.660866498161433,31.657196341179798,2019
2020-03-12,42.32540832409621,37.18896484375,32.58278136294314,15.6100457166764,31.926800061866434,2019
2020-03-13,29.161939138988682,24.47658920288086,18.53916117861577,13.092434544662304,21.317531016286907,2019
2020-03-14,29.415962555022215,25.866230010986328,16.26968604557644,15.708792838068682,21.815167862413418,2019
2020-03-15,35.45675231856966,31.01244354248047,29.730931295980835,17.813503342667563,28.503407624924634,2019
2020-03-16,22.461631690723028,20.991479873657227,14.245981714989654,7.620757986388051,16.32996281643949,2019
2020-03-17,26.547691985419377,21.457836151123047,11.24996847062898,12.11518527291268,17.84267047002102,2019
2020-03-18,24.348838430740486,21.664337158203125,8.903319146382094,7.509988691819722,15.606620856786357,2019
2020-03-19,21.92486772928715,18.874412536621094,9.083075406416718,8.700471078727404,14.645706687763091,2019
2020-03-20,23.61655596058946,20.89108657836914,14.442259215865443,9.058702271197195,17.002151006505308,2019
2020-03-21,19.11742054142592,16.564435958862305,9.753455423267985,6.772058777929847,13.051842675371514,2019
2020-03-22,18.486527992058466,15.312943458557129,8.588238406836572,7.445342373057295,12.458263057627367,2019
2020-03-23,18.814652338282194,12.885783195495605,7.747872558240918,7.110721488328692,11.639757395086853,2019
2020-03-24,18.104444031588372,12.21840763092041,7.440336957656363,6.82461658292744,11.146951300773146,2019
2020-03-25,18.067902522618652,11.951360702514648,3.227952394883238,6.941807140748735,10.047255690191319,2019
2020-03-26,19.593067092026843,12.893945693969727,11.559522314698723,8.237222066941328,13.070939291909156,2019
2020-03-27,19.443331474887753,11.850584030151367,10.663900255694708,4.494048760377517,11.612966130277837,2019
2020-03-28,22.63031304961497,15.8474702835083,16.769336167957572,8.491772789001004,15.934723072520462,2019
2020-03-29,28.504724985245748,19.79086685180664,23.05404822140963,9.996253630279838,20.336473422185463,2019
2020-03-30,21.843824679861875,15.555283546447754,19.550125943412507,5.646995887617643,15.649057514334944,2019
2020-03-31,23.159195031873875,17.889190673828125,20.887369690662425,6.095447132548174,17.00780063222815,2019
2020-04-01,20.83433585626,15.767303466796875,13.706708925070714,10.901096389000228,15.302361159281954,2019
2020-04-02,22.03072839040708,16.585636138916016,10.783936234386523,14.869466594080016,16.067441839447408,2019
2020-04-03,20.752223517354235,14.857635498046875,12.827843036770346,13.289872405341143,15.43189361437815,2019
2020-04-04,22.99808911708675,16.49527931213379,17.15856102371301,14.111457129136767,17.690846645517578,2019
2020-04-05,31.682792459901425,21.913549423217773,31.101369504832522,21.708786682337333,26.60162451757226,2019
2020-04-06,23.124022985757247,17.217756271362305,18.35563619351308,17.262263747781095,18.98991979960343,2019
2020-04-07,22.72685516610031,16.044063568115234,16.51121424883105,19.777580150458107,18.764928283376175,2019
2020-04-08,23.008240237414473,15.923077583312988,19.28803969060812,19.360515757691665,19.39496831725681,2019
2020-04-09,22.30669362647836,15.47269058227539,15.077926023426723,18.638664218921704,17.873993612775546,2019
2020-04-10,21.84554054175858,13.61505126953125,13.70159929420379,18.96705654295955,17.032311912113293,2019
2020-04-11,59.161059586261665,74.64997100830078,82.29514287531595,110.76321880885777,81.71734806968405,2019
2020-04-12,71.3152233068448,90.32029724121094,102.83149606701302,110.97407183548795,93.86027211263918,2019
2020-04-13,71.02411848108515,90.48470306396484,108.63814772514912,113.78491576512052,95.9829712588299,2019
2020-04-14,71.46111752941202,84.46851348876953,94.9868703041437,108.0378017845988,89.73857577673101,2019
2020-04-15,72.87340361053117,85.52326202392578,92.623920579005,109.72124623108657,90.18545811113714,2019
2020-04-16,76.90575809776757,88.95916748046875,96.00433651554697,109.37178108367024,92.81026079436339,2019
2020-04-17,76.39833281661775,84.797119140625,92.99734217295247,113.7233941840792,91.97904707856861,2019
2020-04-18,75.61217910737588,79.7656478881836,86.85084763687159,110.68140838982356,88.22752075556366,2019
2020-04-19,79.6211492608934,79.0714111328125,88.28921801975454,110.16090602649894,89.28567110998983,2019
2020-04-20,78.46666452626897,79.72322845458984,96.20437481925609,112.0736669706472,91.61698369269052,2019
2020-04-21,82.28671845596065,88.4942398071289,107.70181914100844,112.58180995907713,97.76614684079378,2019
2020-04-22,83.17891314042946,99.17188262939453,117.84154990638388,109.4137339184581,102.40151989866649,2019
2020-04-23,84.56952419863124,99.00311279296875,136.35660137419208,111.7202615128452,107.91237496965933,2019
2020-04-24,83.81069522480412,90.98847961425781,125.61419921529838,113.0612982177833,103.36866806803592,2019
2020-04-25,81.90912937963547,82.38566589355469,102.92004260788785,112.80659326767692,95.00535778718874,2019
2020-04-26,80.33122584824699,79.38863372802734,101.5545607000206,112.50993975161225,93.44609000697679,2019
2020-04-27,79.79687357777036,78.38619232177734,113.58215508082908,112.71410691949663,96.11983197496835,2019
2020-04-28,79.36616039420876,76.25575256347656,84.9740995263701,112.43422391720622,88.2575591003154,2019
2020-04-29,78.52596131959085,74.28324890136719,102.34452335815358,110.98945603820883,91.53579740433011,2019
2020-04-30,75.82109424888412,70.81437683105469,87.30529732824361,112.21568173092183,86.53911253477605,2019
2020-05-01,75.83440647520415,69.4284896850586,87.44046791320025,112.89252649073266,86.39897264104891,2019
2020-05-02,77.05005866190707,70.28350830078125,88.89824111571009,108.2699682079882,86.12544407159666,2019
2020-05-03,81.07923165219263,79.99781799316406,86.3885873104362,111.77109194914333,89.80918222623406,2019
2020-05-04,82.06440470625434,83.47010803222656,88.34984043650184,111.21471334821057,91.27476663079833,2019
2020-05-05,84.22738734173413,89.04681396484375,107.36523508189093,114.40828754731487,98.76193098394592,2019
2020-05-06,85.80199146943849,91.83065795898438,87.32851118880383,109.38188734327666,93.58576199012585,2019
2020-05-07,86.51056954695572,102.33731842041016,98.11484630739906,109.85711561180699,99.20496247164297,2019
2020-05-08,89.10658661010001,110.56352233886719,97.9548814907033,110.27854947447481,101.97588497853633,2019
2020-05-09,90.09850206772226,109.76336669921875,92.45479698348846,107.80604165837235,100.03067685220046,2019
2020-05-10,86.48520525666382,98.00424194335938,80.18628041942424,111.7106631026788,94.09659768053156,2019
2020-05-11,87.61324705679725,101.36226654052734,100.0253331934894,111.98831487401824,100.24729041620807,2019
2020-05-12,88.39455538971721,99.6055679321289,88.83783223006635,104.55911171131403,95.34926681580662,2019
2020-05-13,87.45930485129854,93.24468994140625,93.23408530610628,108.36404545684289,95.5755313889135,2019
2020-05-14,89.06835963682636,95.97405242919922,92.66791436743307,106.23028828629464,95.98515367993832,2019
2020-05-15,85.93537895921386,83.1213150024414,73.62216343072838,104.63142858146045,86.82757149346102,2019
2020-05-16,84.61928620200936,75.1283950805664,65.04374714192045,105.62972169036466,82.60528752871522,2019
2020-05-17,82.81662065247905,70.16011810302734,58.257038820997195,107.17257681895514,79.60158859886468,2019
2020-05-18,81.39467485154506,69.44185638427734,60.363473814225955,106.61542299281987,79.45385701071706,2019
2020-05-19,78.77398687311147,69.2140121459961,57.91849977196133,107.51208815699758,78.35464673701662,2019
2020-05-20,83.819110057738,98.12641906738281,108.2893488583932,106.74339883897018,99.24456920562105,2019
2020-05-21,83.9807544294057,94.54820251464844,100.10647037306707,108.32322022337203,96.7396618851233,2019
2020-05-22,79.97418843108659,85.77998352050781,80.42614546089081,112.97535913200633,89.78891913612289,2019
2020-05-23,74.5333953043063,78.75897216796875,70.72979725960843,112.25600206165477,84.06954169838455,2019
2020-05-24,75.02040585776201,70.85731506347656,62.68361565090629,107.57374731020033,79.03377097058629,2019
2020-05-25,76.90917701486076,80.13937377929688,75.91570368417499,103.63820493153285,84.15061485246636,2019
2020-05-26,75.73803008766625,72.38377380371094,64.5518607459081,104.30197489494788,79.24390988305828,2019
2020-05-27,79.14846556176575,88.36672973632812,96.66513226136736,104.23246026980951,92.10319695731769,2019
2020-05-28,77.896345635424,95.92642974853516,96.09807368939785,106.45498938918615,94.09395961563578,2019
2020-05-29,76.84895356039284,92.99813842773438,93.73978294678845,106.86805049400495,92.61373135723015,2019
2020-05-30,75.86349556323496,95.76494598388672,97.45050954544531,105.85828129085863,93.73430809585639,2019
2020-05-31,75.26407214875202,98.3250503540039,104.64287508827003,105.41157558975401,95.910893295195,2019
2020-06-01,73.62175995937318,96.29459381103516,116.49956305704899,103.72128201849235,97.5342997114874,2019
2020-06-02,74.11860590260628,89.13334655761719,111.42617886055308,103.78575881044415,94.61597253280516,2019
2020-06-03,72.48397113360447,78.34785461425781,105.60492370880213,108.8220186687942,91.31469203136466,2019
2020-06-04,69.83222726960304,70.28634643554688,69.6535548173201,106.09216652674586,78.96607376230396,2019
2020-06-05,69.84516419613134,68.6959457397461,69.22686439918277,106.14959036185292,78.47939117422828,2019
2020-06-06,70.28252510284365,63.679019927978516,61.5624843113697,109.64789649426298,76.2929814591137,2019
2020-06-07,68.29269063766584,63.1849250793457,55.40986385358246,105.96535944808863,73.21320975467066,2019
2020-06-08,71.69989789870694,72.54119110107422,62.31252194053022,104.49482511828201,77.76210901464835,2019
2020-06-09,68.23952950441118,64.02603912353516,49.86123837254203,104.59380893695935,71.68015398436192,2019
2020-06-10,73.23001104368964,66.66441345214844,65.21377030964462,106.05682813761507,77.79125573577444,2019
2020-06-11,77.22308649578625,81.93242645263672,95.15802061645823,109.91211369878272,91.05641181591598,2019
2020-06-12,75.0177155046555,85.461669921875,87.0882114150101,107.63134904879719,88.79973647258444,2019
2020-06-13,75.94065740303897,88.29930114746094,83.5622570444662,104.97989271506505,88.19552707750779,2019
2020-06-14,72.0654009557689,89.48015594482422,81.12004991275037,104.15153225913572,86.7042847681198,2019
2020-06-15,73.3326638786638,88.67253875732422,77.78008628585609,102.96378717242605,85.68726902356754,2019
2020-06-16,73.5707314127795,86.51274108886719,78.64449289410692,103.30289899177482,85.5077160968821,2019
2020-06-17,77.66658964973689,81.79749298095703,76.78042246073856,103.24778154165674,84.8730716582723,2019
2020-06-18,78.06320207597656,78.61445617675781,75.94934504325121,107.04167350590875,84.91716920047358,2019
2020-06-19,73.99532516076498,73.91191101074219,65.99492045302938,97.09806465647006,77.75005532025165,2019
2020-06-20,78.89567413997368,81.03570556640625,75.53998727694379,94.21178616841445,82.42078828793454,2019
2020-06-21,74.30670650829724,73.78515625,72.5485322652097,96.61756759805576,79.31449065539067,2019
2020-06-22,77.0473005656273,80.55492401123047,75.40359659190041,94.8159400817856,81.95544031263594,2019
2020-06-23,77.13475730433163,81.39366912841797,70.4773892914042,91.99607952921237,80.25047381334154,2019
2020-06-24,82.258018265963,90.86394500732422,83.11874180378175,92.63184004150499,87.21813627964349,2019
2020-06-25,81.8499443705041,98.97489166259766,86.6323083387782,93.26478680219444,90.18048279351859,2019
2020-06-26,76.98475348886159,85.19097137451172,73.20197129018057,93.88512214568001,82.31570457480848,2019
2020-06-27,73.05325183769159,80.92811584472656,62.97494692588781,97.18053445542176,78.53421226593193,2019
2020-06-28,72.2817106717697,71.74711608886719,52.341439210891004,97.69486482452692,73.5162826990137,2019
2020-06-29,70.75393587291138,68.8687744140625,52.5831779261866,98.21026497400247,72.60403829679073,2019
2020-06-30,72.2570373953604,66.4494400024414,53.63739577688218,94.80886268624364,71.78818396523191,2019
2020-07-01,72.51399978157346,66.08563995361328,56.04109369101874,94.40400579583125,72.26118480550919,2019
2020-07-02,71.16577056553872,65.00244140625,54.22531854655348,94.83990492796022,71.3083588615756,2019
2020-07-03,70.59817759409245,65.03414154052734,61.26743603374326,97.37815402432935,73.5694772981731,2019
2020-07-04,72.19783850307263,65.18986511230469,55.451580307910135,99.79732865789848,73.15915314529647,2019
2020-07-05,70.95745793296531,72.06181335449219,76.84220554710458,100.15957135412756,80.00526204717241,2019
2020-07-06,51.00517702378306,42.00510787963867,30.495065028945415,13.425138034939561,34.232621991826676,2019
2020-07-07,46.27286042434009,27.333847045898438,17.152767728584237,13.231839515077287,25.99782867847501,2019
2020-07-08,44.12431381915062,27.678773880004883,12.806342224022352,15.05454043955822,24.91599259068402,2019
2020-07-09,41.782498177236114,27.240474700927734,7.571502593668301,13.91136686234282,22.62646058354374,2019
2020-07-10,37.370445238635604,26.63475799560547,12.391736193643034,11.561543081078348,21.989620627240612,2019
2020-07-11,33.111109933577644,22.06346893310547,9.873525261439452,8.157653346903476,18.30143936875651,2019
2020-07-12,30.59715044538344,17.2938175201416,3.824043661667139,6.250874603489692,14.491471557670469,2019
2020-07-13,25.9362402551911,17.51682472229004,8.052200234705833,12.760866503760763,16.066532928986934,2019
2020-07-14,25.06720717033366,19.139320373535156,11.573952418603143,13.916727952208486,17.424301978670112,2019
2020-07-15,18.22423193569615,17.19799041748047,11.660147629554237,2.0007758414238204,12.270786456038671,2019
2020-07-16,17.203870870738786,15.640402793884277,7.946865322171247,0.3448190874137733,10.283989518552021,2019
2020-07-17,16.937485958938588,14.156932830810547,9.470657412447613,-0.7103923699305001,9.963670958066562,2019
2020-07-18,15.458476706390272,12.319497108459473,10.206908955435388,-0.0005425357722392832,9.496085058628223,2019
2020-07-19,14.179973275941359,12.162711143493652,8.177950706366623,0.6237328334625794,8.786091989816054,2019
2020-07-20,13.211635194632489,10.721944808959961,6.823015585344077,-2.47686646269921,7.069932281559329,2019
2020-07-21,12.674542839380084,9.426619529724121,5.814476614602731,-2.8630197340484607,6.263154812414619,2019
2020-07-22,11.977257131316312,9.600208282470703,6.657905938760178,-3.5088904159874836,6.1816202341399284,2019
2020-07-23,11.192322547755579,10.049920082092285,7.208885541306223,1.113062020609508,7.391047547940899,2019
2020-07-24,10.773884329816305,9.834441184997559,10.093468546176819,1.2847310015229407,7.996631265628405,2019
2020-07-25,14.161269455873024,13.767772674560547,14.819780602662227,2.4784119975642724,11.306808682665018,2019
2020-07-26,12.74951535399435,13.648466110229492,14.170403949568243,2.7996419549959644,10.842006842197012,2019
2020-07-27,14.315468466288756,14.524221420288086,10.234593768086665,4.505399564960696,10.89492080490605,2019
2020-07-28,12.860477699180352,13.526254653930664,10.734650004910069,1.8411487139772014,9.740632767999571,2019
2020-07-29,12.04932386729638,13.080419540405273,13.20774239617371,-2.0656690932661936,9.067954177652293,2019
2020-07-30,11.773594779437763,11.391945838928223,11.100972009735347,-2.147667765737764,8.029711215590893,2019
2020-07-31,11.522810424814075,14.916003227233887,14.947317959490174,1.5196308415743758,10.726440613278127,2019
2020-08-01,11.855542864914028,13.578153610229492,9.473301531807314,3.2065862255824307,9.528396058133318,2019
2020-08-02,10.793272702684257,10.83415412902832,7.592304549789728,0.5835541427645339,7.450821381066709,2019
2020-08-03,10.333911852532632,10.199553489685059,7.7005864132147,-0.7231205740141773,6.877732795354553,2019
2020-08-04,12.726498562096584,13.18263053894043,13.182452066723123,2.5663143059362206,10.41447386842409,2019
2020-08-05,13.01290006799125,14.136775016784668,13.763687798461726,3.1936057650080727,11.02674216206143,2019
2020-08-06,12.12003399777689,13.232068061828613,14.442769394405554,-0.06805337591402782,9.931704519524258,2019
2020-08-07,11.531711725280234,11.537663459777832,12.526993902664428,-2.104689381717117,8.372919926501345,2019
2020-08-08,11.648185321560586,11.848047256469727,13.830571358628163,-0.11661962367380951,9.302546078246166,2019
2020-08-09,11.952975804966266,15.698527336120605,19.37628854138952,-0.6652230768987435,11.590642151394412,2019
2020-08-10,12.072731523197971,14.891767501831055,18.284417419441997,-0.06535975687256101,11.295889171899615,2019
2020-08-11,11.392961331047172,16.688861846923828,20.076685428073475,-1.342514667656241,11.70399848459706,2019
2020-08-12,11.497220742875763,16.839014053344727,16.30312687458544,-1.6761176320566182,10.740811009687327,2019
2020-08-13,17.830593794853538,28.94880485534668,34.6339062159861,1.4248862864946616,20.709547788170248,2019
2020-08-14,14.945598478103811,21.829139709472656,23.09095279196305,0.9386559285059128,15.201086727011358,2019
2020-08-15,14.797169958702925,19.15678596496582,22.343250997031312,1.5067868837184335,14.450998451104622,2019
2020-08-16,13.5940754464643,16.23912811279297,14.842598124590637,1.7157851091468643,11.597896698248693,2019
2020-08-17,12.145088332376305,15.63949203491211,13.865132499443458,0.11852864485883785,10.442060377897679,2019
2020-08-18,12.643481491030279,18.343931198120117,21.208626924073464,1.2908088828805386,13.3717121240261,2019
2020-08-19,23.084034464888603,33.60319519042969,39.50624510194063,6.16239108489091,25.588966460537456,2019
2020-08-20,26.600149716316324,37.164764404296875,50.95945828326021,7.413575635173878,30.534487009761826,2019
2020-08-21,29.09904333574578,37.35124206542969,52.4268401575187,14.581433101631564,33.364639665081434,2019
2020-08-22,25.455944705999368,26.57004737854004,39.88050695879537,6.480866690227348,24.59684143339053,2019
2020-08-23,23.85563987658583,25.140972137451172,25.95175887261273,5.483559723000143,20.107982652412467,2019
2020-08-24,23.27527424176582,25.76987648010254,25.183219557350885,2.2815557237776556,19.127481500749226,2019
2020-08-25,35.29028492147064,43.956661224365234,57.07267979452578,11.95888015790549,37.069626524566786,2019
2020-08-26,24.406507880078106,34.021392822265625,33.320311763722025,4.898468469170787,24.161670233809133,2019
2020-08-27,23.03796775925776,25.81098747253418,25.372943657871865,2.591926105383836,19.20345624876191,2019
2020-08-28,21.9212799900089,23.44692611694336,16.74555271595182,1.003321858878822,15.779270170445724,2019
2020-08-29,16.55243873874382,20.647693634033203,18.546701923952778,-0.30511164699976856,13.860430662432508,2019
2020-08-30,16.027519137595558,17.029022216796875,17.235812213883467,-0.9653444341004898,12.331752283543853,2019
2020-08-31,15.22649292400204,16.848966598510742,17.786247746246474,-0.7247316259037966,12.284243910713865,2019
2020-09-01,14.550473106261359,15.565641403198242,11.722345126626628,0.3375411157541084,10.544000187960084,2019
2020-09-02,13.643726513395556,14.510965347290039,1.0299228208744153,2.320305331837943,7.876230003349488,2019
2020-09-03,14.511282764146284,14.875936508178711,1.4201825095141893,3.1464942413239942,8.488474005790794,2019
2020-09-04,12.653576732503103,11.466378211975098,-6.069059924222857,1.0181829601417043,4.767269495099263,2019
2020-09-05,12.065455077388968,10.730982780456543,-5.435649566678336,0.49181256784567395,4.463150214753212,2019
2020-09-06,11.899996933985323,9.792876243591309,-1.8825072741546722,0.5531934463146939,5.090889837434163,2019
2020-09-07,11.267831117840055,9.625958442687988,5.791505088095444,1.998681154776742,7.1709939508500575,2019
2020-09-08,11.007343276708825,9.453408241271973,6.741242610028973,3.12459134675934,7.581646368692278,2019
2020-09-09,10.504936404801155,9.188321113586426,2.1586714551610404,2.9803036746098197,6.208058162039611,2019
2020-09-10,10.71458725954946,9.172566413879395,5.595490273293079,0.13956808131970533,6.40555300701041,2019
2020-09-11,11.229540155150419,9.34144115447998,8.055542841224806,4.190508352630545,8.204258125871437,2019
2020-09-12,11.428387511398602,10.911776542663574,7.552112525586004,3.8955360572008644,8.446953159212262,2019
2020-09-13,11.75841128838389,18.258901596069336,25.853996750280654,2.624715587259317,14.624006305498298,2019
2020-09-14,15.21008526554253,24.96784210205078,32.776083819319915,14.807513084732815,21.94038106791151,2019
2020-09-15,16.410028609902454,24.9215030670166,33.881726187771605,16.426468961420422,22.90993170652777,2019
2020-09-16,18.694752729327288,28.719144821166992,38.89732990598646,15.657449396590334,25.49216921326777,2019
2020-09-17,20.24943855912707,32.228233337402344,41.22132423960916,17.78535245005555,27.871087146548533,2019
2020-09-18,21.61954886705682,32.23491287231445,45.31181005777832,18.329063416665676,29.373833803453817,2019
2020-09-19,22.407826116816707,30.399822235107422,53.20517796127304,18.773990329117396,31.19670416057864,2019
2020-09-20,22.603926236652242,30.00650978088379,48.04894467358511,16.634204120795953,29.323396202979275,2019
2020-09-21,19.58984984067364,29.889328002929688,41.47440839735663,2.743889845556607,23.424369021629143,2019
2020-09-22,15.921570622198214,20.34103775024414,21.02663292693172,2.9605763169285524,15.062454404075657,2019
2020-09-23,16.219857962534142,17.196292877197266,14.839282800563566,4.943555460491087,13.299747275196516,2019
2020-09-24,19.57057857470225,21.692214965820312,22.676585533023175,6.19513459005306,17.5336284158997,2019
2020-09-25,17.250583126551867,20.170185089111328,22.734445740083373,5.135323885827123,16.322634460393424,2019
2020-09-26,14.735949565278721,14.918037414550781,17.362179401868616,1.2564512030304371,12.06815439618214,2019
2020-09-27,13.606007344109278,12.262990951538086,13.505709882753516,2.5307864366021082,10.476373653750747,2019
2020-09-28,12.754409966516546,11.07308292388916,8.251166515430423,5.908002634250209,9.496665510021586,2019
2020-09-29,11.351556049740324,10.339255332946777,9.418866432093298,3.4642419277002485,8.643479935620162,2019
2020-09-30,18.33299140997144,16.292978286743164,20.449010416541963,9.587771436412055,16.165687887417157,2019
2020-10-01,15.140533751363638,12.961905479431152,10.258336390994442,-4.285610385474451,8.518791309078695,2019
2020-10-02,20.146901524085656,18.286359786987305,17.31118863991431,1.951391559598001,14.423960377646319,2019
2020-10-03,23.235304819503998,18.385751724243164,21.22304159115845,2.9771623572729755,16.455315123044645,2019
2020-10-04,28.9756695896524,24.059593200683594,25.073117161631377,6.364251035630023,21.118157746899346,2019
2020-10-05,22.582160418695835,21.48725700378418,15.386833228302173,3.1744991356929155,15.657687446618777,2019
2020-10-06,31.80199973147793,31.023021697998047,27.329942595940253,6.2775027051456505,24.10811668264047,2019
2020-10-07,18.42411742977249,21.217823028564453,20.461877161857988,-0.588885332677858,14.878733071879267,2019
2020-10-08,22.98247271730303,21.743911743164062,23.461496704442425,3.7112561416116243,17.974784326630285,2019
2020-10-09,38.526340342669975,39.997493743896484,45.85290370931529,67.49531142329258,47.96801230479358,2019
2020-10-10,41.450882286676034,38.30318832397461,50.48419614261141,68.69847378102385,49.73418513357147,2019
2020-10-11,43.09837676395224,42.239742279052734,60.10789979352995,67.83925180430364,53.321317660209644,2019
2020-10-12,45.83850334242754,42.529808044433594,47.91327374942438,68.77690486373945,51.26462250000624,2019
2020-10-13,47.74730811512615,38.47089767456055,51.540023717705246,68.23756984715598,51.49894983863698,2019
2020-10-14,51.36553182116487,41.878849029541016,66.10205178219846,68.97940477584991,57.08145935218856,2019
2020-10-15,50.24690656690057,39.75579071044922,49.81796825902863,67.37971242885693,51.80009449130884,2019
2020-10-16,49.79934474617759,39.803768157958984,55.409880844876525,66.67993274221098,52.92323162280602,2019
2020-10-17,49.05523313845419,41.69402313232422,53.89131417575746,69.71338949863001,53.588489986291464,2019
2020-10-18,50.40941856190898,42.31325912475586,59.21933897573923,68.64198544057645,55.14600052574512,2019
2020-10-19,51.558623265492365,43.14229965209961,73.24380490524258,73.25247621843059,60.29930101031629,2019
2020-10-20,56.891243439816506,45.30451202392578,58.834428891513106,73.56999314386127,58.65004437477916,2019
2020-10-21,51.751406109618365,45.65385437011719,45.47700914311407,69.76207280692977,53.161085607444846,2019
2020-10-22,47.19176947562717,41.2783088684082,34.94217342995448,68.929342066833,48.08539846020571,2019
2020-10-23,44.45226830864072,37.08369827270508,33.61466204789019,69.47567239160524,46.15657525521031,2019
2020-10-24,47.92562972991166,41.73302459716797,41.14066171805024,77.35724635914788,52.039140601069434,2019
2020-10-25,45.93946751289779,38.853240966796875,36.36679081776266,71.47901098619086,48.15962757091205,2019
2020-10-26,47.47072643044244,38.66069412231445,34.18733847310559,72.25415146373626,48.143227622399685,2019
2020-10-27,46.36219809849574,38.14101791381836,34.78887287692452,73.48927724257669,48.195341532953826,2019
2020-10-28,46.67521892920406,38.346839904785156,35.01534622500903,74.57167284240452,48.65226947535069,2019
2020-10-29,47.43045276768629,40.65034866333008,36.59042063066459,76.43909541793835,50.27757936990483,2019
2020-10-30,49.06974584736022,38.62101745605469,41.1424270522591,74.09983871046846,50.73325726653562,2019
2020-10-31,51.16813903654633,46.0776481628418,40.125812226276764,77.66628309039108,53.75947062901399,2019
2020-11-01,52.41628685598677,58.009544372558594,64.99584558787403,78.86474310502919,63.571604980362146,2019
2020-11-02,50.62284137318648,52.47258377075195,59.95795102655301,81.37736610508898,61.10768556889511,2019
2020-11-03,32.84281808460578,35.134307861328125,26.007428534624772,4.049847383972139,24.5086004661327,2019
2020-11-04,34.294688588479126,33.75748825073242,32.13457883538308,22.42268207986875,30.652359438615843,2019
2020-11-05,35.07307726521036,33.23910903930664,31.94655734271205,22.489308964488266,30.68701315292933,2019
2020-11-06,33.60982651099334,34.35001754760742,39.33271774582837,27.808871544894668,33.77535833733095,2019
2020-11-07,31.643774722775497,32.82785415649414,35.62186210575038,27.346234534507243,31.859931379881818,2019
2020-11-08,16.832410991426638,21.517885208129883,15.735049009455787,1.3578211651162437,13.860791593532138,2019
2020-11-09,17.363568527715184,20.00493621826172,14.190332073841477,2.1329252629557445,13.422940520693531,2019
2020-11-10,13.248576413266727,16.065391540527344,3.9492389503819165,1.8435893624870303,8.776699066665755,2019
2020-11-11,23.903031445915854,22.97889518737793,11.455103753882973,8.216843150738178,16.638468384478735,2019
2020-11-12,19.63778772492509,22.060712814331055,5.001533893663266,5.884075710106405,13.146027535756453,2019
2020-11-13,16.95951345483283,19.76155662536621,10.087499946298232,5.182417067277434,12.997746773443676,2019
2020-11-14,25.471914280289855,23.325733184814453,14.124307789938543,10.679309736703022,18.400316247936466,2019
2020-11-15,28.906727227281618,31.938940048217773,14.216243179503605,11.235618635051399,21.5743822725136,2019
2020-11-16,23.84255715447183,22.481740951538086,13.389120421327322,9.688377525821618,17.350449013289715,2019
2020-11-17,17.95493808467559,21.57675552368164,5.919696724593356,6.744487881672523,13.048969553655777,2019
2020-11-18,21.38348603117998,21.204275131225586,4.09026737328691,8.236384348782305,13.728603221118696,2019
2020-11-19,19.650415512160208,20.092191696166992,7.3675540099824675,7.468229333157204,13.644597637866719,2019
2020-11-20,15.375750591158464,17.51132583618164,9.018335544918347,6.019866272788702,11.981319561261788,2019
2020-11-21,17.02041292036459,19.201684951782227,6.9231183252657456,7.827505879908355,12.743180519330231,2019
2020-11-22,13.002149709514242,14.935546875,7.200961410658553,2.8366166649430884,9.49381866502897,2019
2020-11-23,12.00063212950674,12.203936576843262,6.778558556746639,4.276126307548331,8.814813392661243,2019
2020-11-24,16.366760579981406,15.576821327209473,3.8728348579850973,6.713037676065657,10.632363610310406,2019
2020-11-25,14.206976662708863,14.065757751464844,-3.117925116651512,4.775115114352062,7.482481102968563,2019
2020-11-26,12.214007891502245,11.698974609375,7.018046823486226,2.6879654737922056,8.404748699538919,2019
2020-11-27,11.830349040568134,11.67934513092041,6.438388976422753,4.409120518966601,8.589300916719475,2019
2020-11-28,13.891812662411713,11.810511589050293,10.238654358172923,5.934451724501075,10.468857583534,2019
2020-11-29,11.828119626461515,10.16909408569336,8.286055890861707,4.0831802962532855,8.591612474817467,2019
2020-11-30,13.240531119654902,11.119338989257812,9.08588629224993,7.165604320255648,10.152840180354573,2019
2020-12-01,10.612052902332517,9.178116798400879,2.7991452078102355,1.9065203996851565,6.123958827057196,2019
2020-12-02,10.136800592952815,8.650359153747559,1.6301352036648222,3.9199095119941347,6.084301115589833,2019
2020-12-03,16.17812841780999,12.74039077758789,8.173292910029755,6.864856590557915,10.989167173996387,2019
2020-12-04,20.2000871648325,15.356407165527344,10.774583046944022,9.49258071591279,13.955914523304163,2019
2020-12-05,14.690009175478865,11.012406349182129,4.567604126788746,5.5822146744366705,8.963058581471602,2019
2020-12-06,11.790545410025887,9.646056175231934,2.8571124972003235,1.2151588805387696,6.377218240749228,2019
2020-12-07,11.259215752736587,10.379121780395508,5.9785922954977035,1.769732817204952,7.3466656614586885,2019
2020-12-08,18.084736842578653,15.36351203918457,12.459392621829808,28.364425910761046,18.568016853588517,2019
2020-12-09,23.645396387261734,18.901233673095703,15.256316808662907,31.503421659218194,22.326592132059634,2019
2020-12-10,24.74382607185322,21.8126277923584,15.73702494349845,29.890840545955175,23.04607983841631,2019
2020-12-11,26.447730767143206,23.444690704345703,17.635969818428265,31.589652028487496,24.77951082960117,2019
2020-12-12,25.75597344019405,26.131376266479492,15.387391977755755,31.60470984326712,24.719862881924104,2019
2020-12-13,27.209335151789105,23.738677978515625,14.75694742243827,15.34864049428504,20.26340026175701,2019
2020-12-14,27.83341536462792,23.88461685180664,15.843216542443432,12.772328165574638,20.083394231113157,2019
2020-12-15,19.08692683701525,22.357521057128906,10.445567237385477,9.172957019610958,15.265743037785146,2019
2020-12-17,20.526321708276814,18.035179138183594,15.086541916578858,16.075733436720423,17.43094404993992,2020
2020-12-18,45.21972996021833,59.78358459472656,63.105526828562574,46.4242777735677,53.63327978926879,2020
2020-12-19,30.750376268880643,31.5457820892334,30.631442058067893,18.14403732766607,27.767909435962,2020
2020-12-20,18.834263199203953,22.019025802612305,17.346294023124553,10.455052497224736,17.163658880541387,2020
2020-12-21,36.79447309317847,32.53191375732422,38.644809968054766,26.812368085911977,33.695891226117354,2020
2020-12-22,21.96889774681587,22.944021224975586,24.636275437185247,15.335939053258633,21.221283365558833,2020
2020-12-23,29.614825584245548,27.130386352539062,25.58196685536625,16.74734212059501,24.768630228186467,2020
2020-12-24,19.800671775200296,19.81096076965332,17.451319690037046,4.221678060134909,15.321157573756395,2020
2020-12-25,17.861945844481916,18.216205596923828,14.883001967334543,3.9914456433604952,13.738149763025195,2020
2020-12-26,39.92613033263495,36.02662658691406,37.04698994014077,22.340913555160892,33.83516510371267,2020
2020-12-27,42.65147881410745,39.78557586669922,34.69068648438791,22.05453098286771,34.79556803701557,2020
2020-12-28,29.590920908443014,27.128530502319336,24.265924213689026,11.895899556365137,23.220318795204125,2020
2020-12-29,21.12246435071383,20.187902450561523,15.988586536137314,5.899935776193528,15.799722278401548,2020
2020-12-30,20.047675678665303,18.740955352783203,15.635650858847862,5.0342061712393305,14.864622015383924,2020
2020-12-31,20.055809357408005,17.48806381225586,15.56886586145267,4.868178397954352,14.495229357267723,2020
2021-01-01,27.608032422898546,22.947511672973633,26.83781852085864,24.906815733418888,25.575044587537427,2020
2021-01-02,19.90266273379235,19.141441345214844,16.31355014748741,2.5357082908713195,14.47334062934148,2020
2021-01-03,20.403059698768807,17.943862915039062,16.431583611776276,5.847120761020742,15.156406746651221,2020
2021-01-04,21.20295278507912,18.826826095581055,17.45774564137823,11.252236394011081,17.184940229012373,2020
2021-01-05,19.526818127017727,17.199888229370117,15.671374719691272,9.573129101060612,15.492802544284931,2020
2021-01-06,20.349290950001897,17.09349822998047,15.344655110519797,5.804022543968316,14.64786670861762,2020
2021-01-07,20.141608203864298,16.71733283996582,12.028091270607739,2.8415545933877304,12.932146726956397,2020
2021-01-08,19.64920532834646,16.680355072021484,11.80386825584602,5.550938978040998,13.42109190856374,2020
2021-01-09,20.63293769950287,16.54999542236328,12.204720011428163,7.2708476726410325,14.164625201483839,2020
2021-01-10,19.593816854411674,16.207069396972656,9.016949915353226,5.223487380080348,12.510330886704475,2020
2021-01-11,24.229618937439973,19.45647621154785,15.635117705339693,16.592929308582328,18.978535540727464,2020
2021-01-12,41.59011013165657,37.48478698730469,44.03939346641327,31.33137808077689,38.611417166537855,2020
2021-01-13,36.23422013354434,32.550048828125,39.88305381125408,25.145916957819722,33.453309932685784,2020
2021-01-14,29.283314066444397,24.98680305480957,27.392829022051625,16.25319567695662,24.479035455065553,2020
2021-01-15,21.04609807195583,19.585309982299805,17.499730281971665,5.99170910093498,16.03071185929057,2020
2021-01-16,27.686963591673436,22.804058074951172,30.500453757717334,19.717869619691502,25.17733626100836,2020
2021-01-17,18.83678548014641,19.188297271728516,13.562119492025635,9.27310560286665,15.215076961691803,2020
2021-01-18,19.901532402599276,18.41921615600586,14.080137122479082,12.351793406841871,16.18816977198152,2020
2021-01-19,44.8311003659467,52.49406051635742,55.89274905412799,37.3402376969316,47.63953690834093,2020
2021-01-20,52.91789063835988,61.397705078125,76.71811059866863,49.272412783367216,60.076529774630174,2020
2021-01-21,26.67509611724365,28.407663345336914,22.17775905221932,11.825373334300927,22.271472962275205,2020
2021-01-22,19.71172373803037,21.90839958190918,18.643603621095387,8.816638275461315,17.270091304124065,2020
2021-01-23,19.900936014293375,20.529296875,17.2460917811586,5.251474281337348,15.731949737947332,2020
2021-01-24,27.18350439278343,23.560087203979492,22.63978067312283,8.80619088779352,20.54739078941982,2020
2021-01-25,19.95035425206707,20.618131637573242,19.14958261082999,4.930157286585493,16.162056446763952,2020
2021-01-26,20.533227999023808,19.841278076171875,18.230936997740972,13.82408503382981,18.107382026691617,2020
2021-01-27,19.679705044321068,18.60843276977539,15.336277538062967,13.809036163359782,16.858362878879802,2020
2021-01-28,42.36124759132066,37.90336608886719,34.059359543859614,31.06215823838067,36.34653286560703,2020
2021-01-29,37.04523704962401,32.21103286743164,34.98785874267338,21.384668478473444,31.407199284550618,2020
2021-01-30,35.58019615956684,30.134977340698242,30.68659304949268,28.10211571443112,31.12597056604722,2020
2021-01-31,31.253519485447413,24.80299186706543,27.430098565442652,14.7053737549642,24.547995918229923,2020
2021-02-01,25.837212808259878,21.012542724609375,31.398037736342204,13.476239645982362,22.931008228798454,2020
2021-02-02,45.93554969271292,39.88560485839844,42.90377608130391,26.67978956911783,38.85118005038328,2020
2021-02-03,24.41215044345167,23.30278205871582,22.969645143494358,11.28557440304801,20.492538012177462,2020
2021-02-04,21.242455105434306,20.177696228027344,19.6553732211565,11.637307185393158,18.178207935002824,2020
2021-02-05,20.722147312403234,18.77821159362793,19.891027806492403,11.053991926818915,17.61134465983562,2020
2021-02-06,23.008742611749835,18.51894187927246,21.618171599242018,7.507480710518365,17.66333420019567,2020
2021-02-07,23.731899203124893,19.408935546875,23.389337416779426,15.222127436077097,20.438074900714106,2020
2021-02-08,26.308999243338217,21.594635009765625,24.043821569276613,17.64158201311686,22.39725945887433,2020
2021-02-09,29.42684576039959,22.719226837158203,28.083181362445057,22.680525219981952,25.727444794996202,2020
2021-02-10,22.900172579152862,20.465848922729492,23.96099599028363,16.33501662990231,20.915508530517076,2020
2021-02-11,26.448771604332226,21.554540634155273,29.377729915438778,20.54063213951213,24.4804185733596,2020
2021-02-12,29.59547450617571,25.392885208129883,35.797439789183294,22.87977980142275,28.416394826227908,2020
2021-02-13,31.34379172926708,26.283279418945312,39.63286186099932,19.036278810940203,29.07405295503798,2020
2021-02-14,45.55416322950899,40.95791244506836,48.897858801650365,28.495511449308353,40.97636148138402,2020
2021-02-15,26.266932034627345,23.128890991210938,30.274840242216364,17.819327898606083,24.372497791665182,2020
2021-02-16,32.035303968566794,27.738317489624023,29.823491948806737,25.874541171202566,28.86791364455003,2020
2021-02-17,50.034554431052065,43.565792083740234,61.14444923397281,33.65241124967977,47.09930174961122,2020
2021-02-18,33.468754189401935,29.781068801879883,33.68966888196804,18.891176957679928,28.95766720773245,2020
2021-02-19,55.329329677797325,53.553592681884766,70.23361347535626,32.69738478759867,52.95348015565926,2020
2021-02-20,56.066452512009825,54.17277908325195,69.13538807139248,36.91490155499857,54.07238030541321,2020
2021-02-21,31.815683672781994,29.821008682250977,28.718957103977406,14.300131063520634,26.163945130632754,2020
2021-02-22,25.001937985755433,23.13911247253418,23.236965176739602,13.173125535142695,21.13778529254298,2020
2021-02-23,46.442772226635775,47.472198486328125,51.297541508477266,24.14794963934889,42.34011546519751,2020
2021-02-24,49.04991664379732,43.56824493408203,48.8550450065846,32.11391465599257,43.39678031011413,2020
2021-02-25,25.229610802190425,26.054258346557617,26.50142189886947,14.38929433166951,23.043646344821752,2020
2021-02-26,21.563865284761448,21.6320858001709,21.165247653171992,12.436488166286836,19.199421726097793,2020
2021-02-27,21.62834864842405,20.374561309814453,18.773109736185237,13.82268369426133,18.649675847171267,2020
2021-02-28,21.903027882332673,19.266164779663086,18.976662073474223,17.334737298988696,19.37014800861467,2020
2021-03-01,23.336295251969748,19.174293518066406,19.853624687919933,19.1459565399867,20.377542499485696,2020
2021-03-02,21.795358020404205,19.402544021606445,22.34764154799046,14.519684665134028,19.516307063783785,2020
2021-03-03,20.35822464125385,18.347484588623047,18.747973945330635,12.3217782467895,17.44386535549926,2020
2021-03-04,20.466432925157672,17.372447967529297,15.720848857449905,11.677544600619875,16.30931858768919,2020
2021-03-05,21.076135846632898,17.555923461914062,17.62127681941471,15.188409543619297,17.86043641789524,2020
2021-03-06,20.63828557559716,17.41553497314453,16.578834921345056,9.593121955836441,16.056444356480796,2020
2021-03-07,20.328356353148976,17.33008575439453,16.631200721679058,6.468799676536802,15.189610626439842,2020
2021-03-08,21.217459864838478,17.122743606567383,15.430789498442024,9.741980246912359,15.878243304190061,2020
2021-03-09,21.76796908311144,17.16023826599121,12.56426006893214,13.476051187030965,16.24212965126644,2020
2021-03-10,47.4366907998848,56.97418975830078,45.01130756410799,31.37811127667507,45.20007484974216,2020
2021-03-11,47.91559662594131,46.18632888793945,53.683135680854704,27.36047017691172,43.7863828429118,2020
2021-03-12,47.627847925994914,46.16387939453125,54.672917202200765,26.678493300305036,43.78578445575799,2020
2021-03-13,46.92209404757879,44.160911560058594,58.512594188903954,25.93240638845049,43.882001546247956,2020
2021-03-14,39.80520170496854,37.80217361450195,40.654256356684286,21.913134210258345,35.04369147160328,2020
2021-03-15,28.89190423915782,24.96974754333496,21.694600564078424,19.758542110731497,23.828698614325678,2020
2021-03-16,25.46260869980592,21.546281814575195,16.51508823308197,18.849478860757042,20.59336440205503,2020
2021-03-17,21.60680853278564,19.978452682495117,17.389670678601913,14.612333952424553,18.396816461576805,2020
2021-03-18,19.712530639655423,18.93903160095215,17.659146878801828,13.210839957153512,17.38038726914073,2020
2021-03-19,20.55380043839498,18.340347290039062,18.33261121072883,21.454630991579883,19.670347482685692,2020
2021-03-20,19.74828798052529,17.039888381958008,17.148202373403674,17.908045512925696,17.961106062203168,2020
2021-03-21,19.617102011699206,17.39823341369629,18.559224446464892,18.925144453991734,18.62492608146303,2020
2021-03-22,19.258995657749345,16.87049674987793,17.047122846666106,13.516811572477755,16.673356706692783,2020
2021-03-23,19.77054034465993,17.518430709838867,18.118259884907296,19.628004246282668,18.75880879642219,2020
2021-03-24,18.73442192556343,16.81169319152832,15.656003974841433,16.40411117820125,16.901557567533608,2020
2021-03-25,22.889760133891546,19.29775619506836,17.0882190555907,19.120278521905306,19.599003476613976,2020
2021-03-26,36.137232552695366,30.319650650024414,28.23214127100434,26.968331463223034,30.41433898423679,2020
2021-03-27,25.674344572513384,23.89979362487793,22.02964894954578,20.31202032387511,22.978951867703053,2020
2021-03-28,35.39212373959237,28.168256759643555,27.93094278168554,29.053259957390992,30.136145809578114,2020
2021-03-29,24.3927646210355,20.899477005004883,24.050193059261424,22.719626032736617,23.015515179509606,2020
2021-03-30,22.745778368682572,19.540273666381836,24.854931690372485,25.576341764559412,23.179331372499078,2020
2021-03-31,22.858782941367835,18.88089370727539,24.401822771033103,28.885327109770962,23.756706632361826,2020
2021-04-01,22.964775836162396,19.054183959960938,30.162056110926578,32.05436538629118,26.058845323335273,2020
2021-04-02,22.704083287861394,19.204648971557617,22.88882265151204,29.181798945645692,23.494838464144188,2020
2021-04-03,22.11054530622532,18.359840393066406,22.700005513267698,25.355901811545657,22.13157325602627,2020
2021-04-04,21.948827638896205,17.46693992614746,21.878867714523118,20.711030468964328,20.50141643713278,2020
2021-04-05,23.973587820778146,18.54103660583496,25.02575899931674,22.82360607980314,22.590997376433247,2020
2021-04-06,22.28238967348798,16.87825584411621,18.48864455534155,19.165984324242565,19.20381859929708,2020
2021-04-07,22.003756373183847,16.833641052246094,16.37100030863815,20.95224995682758,19.040161922723918,2020
2021-04-08,21.106783551679303,16.533445358276367,16.58421078287559,25.11523738328561,19.834919269029214,2020
2021-04-09,19.773092261766738,15.796365737915039,15.727302447808855,22.72156917273349,18.504582405056027,2020
2021-04-10,20.267708661354256,16.01861572265625,17.11109299825679,25.647773666680646,19.761297762236985,2020
2021-04-11,20.729496476922808,15.75464153289795,14.123359202044838,19.68623341737625,17.573432657310462,2020
2021-04-12,20.51640866179249,15.592521667480469,11.823556896839133,23.358827105632596,17.82282858293617,2020
2021-04-13,20.55286935350595,15.80716609954834,11.551036107289665,23.16641418451374,17.769371436214424,2020
2021-04-14,20.686178997196055,15.87295150756836,12.667538736067527,24.182401238096183,18.352267619732032,2020
2021-04-15,21.10552829874234,15.92703628540039,12.134571124476162,24.579983281071833,18.436779747422683,2020
2021-04-16,20.7559706410322,15.83122730255127,11.608141489812745,22.58917908044482,17.69612962846026,2020
2021-04-17,20.529290986632088,15.83122730255127,10.86157628960933,22.347163409791698,17.392314497146096,2020
2021-04-18,20.461859177983968,15.530025482177734,12.331726137228225,22.35527956390899,17.669722590324728,2020
2021-04-19,20.232731166906706,15.87295150756836,11.597836321819411,22.731945557719488,17.60886613850349,2020
2021-04-20,20.36450317719697,16.380334854125977,16.050100694842254,26.427991511477384,19.805732559410647,2020
2021-04-21,20.546315526529426,16.616962432861328,21.369311684116347,30.909809290085178,22.360599733398068,2020
2021-04-22,21.36403033189765,17.199262619018555,20.652372962790942,26.247033846043195,21.365674939937584,2020
2021-04-23,22.51090065060342,18.532852172851562,24.378463256512635,26.995424510260925,23.104410147557132,2020
2021-04-24,26.73789891161059,22.30860137939453,27.62816885143751,31.4949993915478,27.042417133497608,2020
2021-04-25,25.979472281697248,23.335277557373047,32.95740326592415,33.52807282786283,28.95005648321432,2020
2021-04-26,22.536210225075784,19.17424201965332,20.93323359080624,25.948509148662698,22.14804874604951,2020
2021-04-27,19.697177139656247,17.236724853515625,15.918854724263099,21.914054853612512,18.69170289276187,2020
2021-04-28,20.366867487940336,16.996292114257812,17.35540547381672,27.986423689459713,20.676247191368645,2020
2021-04-29,19.493814334758046,16.86475944519043,16.298011774356198,22.77472289842878,18.85782711318336,2020
2021-04-30,22.434920922207883,18.29752540588379,18.341519208464906,20.07082198916791,19.78619688143112,2020
2021-05-01,20.02714242211114,16.75570297241211,16.335083785938686,20.932127406946876,18.512514146852205,2020
2021-05-02,19.128337358741984,16.73230743408203,16.383343337673573,21.986096404963924,18.55752113386538,2020
2021-05-03,42.72535651843027,40.78569793701172,51.17047258395622,37.39015810397272,43.01792128584273,2020
2021-05-04,40.47276725325425,35.250831604003906,45.61248710471895,29.48480074112574,37.70522167577571,2020
2021-05-05,25.545863835786722,21.977298736572266,27.52582216536814,21.37463501468578,24.105904938103226,2020
2021-05-06,20.952773877347283,18.929229736328125,19.127801282470244,17.499975737438074,19.127445158395933,2020
2021-05-07,20.085555748426245,17.42754364013672,16.82326849318239,22.29435737494538,19.157681314172684,2020
2021-05-08,45.31654820881032,54.638160705566406,64.52495141525428,51.548613750321465,54.00706851998812,2020
2021-05-09,34.64544625872419,36.12404251098633,31.118918213696293,32.60023367826223,33.622160165417256,2020
2021-05-10,33.552819726366394,25.03590202331543,23.73472782029426,23.989560397787717,26.578252491940948,2020
2021-05-11,26.937260697229224,22.209794998168945,20.52983378308576,21.491421226262666,22.79207767618665,2020
2021-05-12,28.488853540674157,23.41606903076172,18.818501618024104,23.470265047742956,23.548422309300733,2020
2021-05-13,33.63658362948025,26.109464645385742,24.625743428559343,30.783267629611974,28.788764833259325,2020
2021-05-14,25.801165693590264,20.935239791870117,18.169569756645263,23.38600552085585,22.07299519074037,2020
2021-05-15,25.624860663519872,21.673171997070312,17.800550897905268,23.92309293176244,22.255419122564472,2020
2021-05-16,28.087070928903266,24.478784561157227,21.882909953183766,24.60965091632572,24.764604089892494,2020
2021-05-17,27.157326374423082,23.794071197509766,23.09081678273734,22.154131860213948,24.049086553721033,2020
2021-05-18,22.063289521500465,20.27422523498535,17.50673091046538,22.727726544753914,20.64299305292628,2020
2021-05-19,20.49244710404511,18.370712280273438,15.057793231307032,21.360205383863317,18.820289499872224,2020
2021-05-20,42.50823100086821,41.61261749267578,43.12329756167617,37.90778179366641,41.28798196222164,2020
2021-05-21,52.78798252333055,61.64522171020508,70.12681086394127,44.670146733454885,57.30754045773295,2020
2021-05-22,35.892919120803406,34.12507247924805,25.969428517479574,25.658357092351853,30.41144430247072,2020
2021-05-23,37.61685825476067,29.526687622070312,25.790659757629676,29.520715472445666,30.613730276726578,2020
2021-05-24,34.428399775111544,26.366241455078125,22.810163400956586,24.076722049927433,26.92038167026842,2020
2021-05-25,31.845366564377883,25.237764358520508,27.735382770592466,26.241577172435456,27.765022716481578,2020
2021-05-26,25.310736627764634,20.76740074157715,20.29763995805287,21.83071487566301,22.051623050764412,2020
2021-05-27,23.55068387419856,19.998615264892578,16.774114269173428,24.56633910649743,21.2224381286905,2020
2021-05-28,24.103660452252587,21.31166648864746,22.424379467820376,26.813990428835268,23.66342420938892,2020
2021-05-29,24.742229634627666,22.855815887451172,30.331585918335495,19.79918318816766,24.432203657145497,2020
2021-05-30,24.30103319370083,23.649288177490234,29.82530257985755,13.435271748041243,22.802723924772465,2020
2021-05-31,22.8790408504288,20.027587890625,19.30466860703162,11.714115565240213,18.481353228331407,2020
2021-06-01,23.84774998505383,23.471458435058594,33.38874515294219,14.204360601351937,23.72807854360164,2020
2021-06-02,23.594929379369308,23.415773391723633,31.130715583550685,12.521688734012502,22.66577677216403,2020
2021-06-03,20.88855615083882,20.811569213867188,19.39097258826816,9.865584912112594,17.73917071627169,2020
2021-06-04,20.523035604163983,19.170469284057617,20.81309886344024,14.323112873750734,18.707429156353143,2020
2021-06-05,20.298636913890558,17.594572067260742,12.151848992783899,28.435441921904726,19.62012497395998,2020
2021-06-06,21.016193585457454,18.01456642150879,12.286095538469665,28.759144229174634,20.018999943652638,2020
2021-06-07,28.713620336750306,31.370094299316406,25.980846006194298,67.91962425257545,38.496046223709115,2020
2021-06-08,32.390282070678325,37.07684326171875,28.19787464211306,68.28722063620698,41.48805515267928,2020
2021-06-09,33.63416598131737,38.343204498291016,32.19358670338225,68.59564228641733,43.191649867352,2020
2021-06-10,34.55645966622479,37.896209716796875,26.7224647869388,69.05335917133242,42.05712333532322,2020
2021-06-11,33.78102549085236,38.58054733276367,21.474056198759026,68.83477967145728,40.667602173458086,2020
2021-06-12,35.3400947911631,39.638980865478516,20.951363303210574,68.49274403656277,41.105795749103734,2020
2021-06-13,39.75443438140821,50.77370834350586,51.26437743736001,70.64277845307365,53.108824653836926,2020
2021-06-14,38.88326617253709,54.460166931152344,42.40208935890679,69.57585108723725,51.33034338745837,2020
2021-06-15,40.709204046027715,60.559024810791016,47.241253851092516,68.84697427973984,54.33911424691277,2020
2021-06-16,38.49089233326045,54.91218185424805,45.16169125669062,68.44447183916012,51.75230932083981,2020
2021-06-17,38.797750991699026,57.63425064086914,37.95674871153594,70.1840013789429,51.14318793076175,2020
2021-06-18,39.158179419330985,57.60177230834961,46.91917210420798,67.35668765165217,52.75895287088518,2020
2021-06-19,40.29134821164236,58.52082443237305,55.989315287002334,67.53467076046854,55.58403967287157,2020
2021-06-20,39.16460842430309,58.875484466552734,61.71741639914093,66.67606771144345,56.60839425036005,2020
2021-06-21,29.991740736853956,37.71841049194336,21.40463273397016,28.22412859268569,29.33472813886329,2020
2021-06-22,27.58964941126069,28.568557739257812,27.63737515424289,23.375641117039127,26.79280585545013,2020
2021-06-23,24.48120007191711,26.44586181640625,19.27559294855071,19.86938170169034,22.518009134641105,2020
2021-06-24,23.549518842656358,23.102798461914062,15.668503034301608,24.43702857171477,21.6894622276467,2020
2021-06-25,23.738815220274333,23.45621109008789,18.08189214755421,21.217319058287714,21.623559379051038,2020
2021-06-26,22.630235722291822,21.307628631591797,19.34529849189518,23.80956729993249,21.77318253642782,2020
2021-06-27,30.071684922828158,25.66127586364746,26.56184642585738,30.956263519062205,28.3127676828488,2020
2021-06-28,29.321486707265148,23.771434783935547,21.976992144062937,27.3821678955235,25.61302038269678,2020
2021-06-29,23.991131944908126,19.47891616821289,20.219974172171572,24.946639200650544,22.159165371485784,2020
2021-06-30,20.074454108457875,18.9062442779541,16.007997478855646,9.845739322836852,16.208608797026116,2020
2021-07-01,50.46890852325312,53.66640090942383,61.78084655130715,92.21149970137728,64.53191392134033,2020
2021-07-02,69.05419364648203,77.18595123291016,88.4249724976258,96.91483130423528,82.89498717031331,2020
2021-07-03,71.36971393046227,74.94209289550781,91.30513793444064,93.66504841064067,82.82049829276285,2020
2021-07-04,73.42024321267263,76.10762023925781,97.4488753329877,95.50232839836092,85.61976679581977,2020
2021-07-05,73.04021195383478,72.71903991699219,93.19974639667673,94.660737564845,83.40493395808718,2020
2021-07-06,72.89456035476165,69.82756805419922,84.97344279730207,93.5513722129097,80.31173585479317,2020
2021-07-07,75.8771215253598,70.40233612060547,82.24095886273362,92.94367219214124,80.36602217521002,2020
2021-07-08,78.73993339662972,70.6414794921875,77.19875067624481,96.27491047434624,80.71376850985207,2020
2021-07-09,81.41470260041628,74.24610900878906,79.86309541100589,94.66453072331043,82.5471094358804,2020
2021-07-10,81.28932331685475,75.64672088623047,85.46237068875536,93.42329019398055,83.95542627145528,2020
2021-07-11,85.2069930218999,77.25460815429688,96.68709510688404,94.38532641676888,88.38350567496242,2020
2021-07-12,83.50420127670472,75.87936401367188,103.16166500724819,93.03425476762044,88.89487126631131,2020
2021-07-13,82.85410949226485,74.8273696899414,103.61678606537853,93.46064266564957,88.6897269783086,2020
2021-07-14,79.70871349543421,70.76871490478516,90.20868414974579,90.83824716692227,82.88108992922186,2020
2021-07-15,77.71456322336286,69.6836929321289,74.48668029540964,87.85689373172673,77.43545754565704,2020
2021-07-16,80.47923584590893,78.54898834228516,89.42383961725082,87.96924974696503,84.10532838810249,2020
2021-07-17,82.73322182028198,81.67218017578125,101.55251640774942,91.27137388158881,89.30732307135037,2020
2021-07-18,83.20986148868963,88.08905029296875,113.447546367504,89.44928177826321,93.5489349818564,2020
2021-07-19,83.8292561468306,92.19027709960938,94.67918738353586,87.8084901268562,89.626802689208,2020
2021-07-20,82.77461251054787,87.15106964111328,103.19517845046666,86.95368348961667,90.01863602293611,2020
2021-07-21,82.09433504519012,91.44278717041016,107.64775946731511,86.63552478794799,91.95510161771584,2020
2021-07-22,85.65288235837092,96.1556396484375,107.97086153363101,91.31375391015004,95.27328436264736,2020
2021-07-23,87.62546280517769,99.32249450683594,107.00925782561336,94.73685782266116,97.17351824007204,2020
2021-07-24,91.36005035100567,96.50824737548828,92.56681709248171,94.81658460967388,93.81292485716239,2020
2021-07-25,85.92503627040645,89.60550689697266,79.51317298575725,91.45776450962416,86.62537016569013,2020
2021-07-26,81.76943696772481,83.42900848388672,77.89103428662645,89.46509316502183,83.13864322581495,2020
2021-07-27,81.34766651453475,80.59078216552734,72.56156440107264,89.79664716403579,81.07416506129263,2020
2021-07-28,77.73563363993998,72.78036499023438,64.82734277329152,92.17184527867838,76.87879667053606,2020
2021-07-29,81.0370898438444,76.63755798339844,72.20426415202941,91.48449031784413,80.34085057427909,2020
2021-07-30,77.72049463723317,72.02641296386719,71.35003182859832,98.63439953921582,79.93283474222864,2020
2021-07-31,76.70577637394736,69.90949249267578,63.802547311826046,89.8031495246819,75.05524142578277,2020
2021-08-01,77.7125303424895,70.1824722290039,67.23299214009957,89.91375643660798,76.26043778705024,2020
2021-08-02,78.70269237718362,69.00971221923828,65.8566156456247,86.17947669263836,74.93712423367123,2020
2021-08-03,81.89239300583246,74.18113708496094,73.1948865897041,90.55300920939574,79.9553564724733,2020
2021-08-04,79.43683918026616,73.07402038574219,71.07182046598895,86.86178524050969,77.61111631812675,2020
2021-08-05,79.4634168200962,75.70796966552734,71.59746139323244,82.72407525475863,77.37323078340366,2020
2021-08-06,77.79268590489735,71.33548736572266,63.16826996249525,87.05559903453572,74.83801056691274,2020
2021-08-07,78.84622324789012,72.0166015625,66.47573168278427,85.74167327005064,75.77005744080626,2020
2021-08-08,76.18608999228009,69.97949981689453,62.570897889065066,85.41179247479765,73.53707004325933,2020
2021-08-09,53.95566383904567,51.078853607177734,42.34660437048184,41.89147473545305,47.31814913803957,2020
2021-08-10,50.95521078174779,46.39906692504883,30.304301328485863,40.67398286554899,42.08314047520787,2020
2021-08-11,48.482341308849726,43.97856903076172,29.50745672362743,41.20327803424328,40.79291127437054,2020
2021-08-12,48.02137940207965,42.00714111328125,28.91152945734157,42.1736515685699,40.278425385318094,2020
2021-08-13,45.5822762711913,37.432151794433594,26.658265089975632,44.77555192269969,38.61206126957505,2020
2021-08-14,46.099624494563706,37.465694427490234,24.476149209223028,44.70078504903375,38.18556329507768,2020
2021-08-15,43.02032707362767,35.255340576171875,20.95033410339371,42.416937977996405,35.41073493279742,2020
2021-08-16,38.51585373652768,33.56651306152344,21.136968267732477,42.359441628152005,33.8946941734839,2020
2021-08-17,36.23784541063958,32.135498046875,19.70837501882911,44.90886540358142,33.24764596998128,2020
2021-08-18,32.373025082978835,30.84839630126953,19.049185394447722,43.93433523470887,31.55123550335124,2020
2021-08-19,20.979918776887843,22.156618118286133,12.768705485771774,0.0695745632429583,13.993704236047178,2020
2021-08-20,18.493394480384858,20.31218910217285,10.571984425062166,1.0179186706349235,12.5988716695637,2020
2021-08-21,23.06238320544288,20.518482208251953,11.243961583211112,1.7780992438843386,14.150731560197572,2020
2021-08-22,17.33248390131143,18.335391998291016,7.598158209702941,3.216896825327999,11.620732733658349,2020
2021-08-23,17.447623205001786,17.341087341308594,8.056110916084208,4.402177817134715,11.811749819882326,2020
2021-08-24,17.0718718017864,17.395174026489258,9.723078457473079,6.5632761693865875,12.688350113783832,2020
2021-08-25,16.641559948963305,17.150148391723633,9.135253365276082,1.206006459054561,11.033242041254397,2020
2021-08-26,16.14379724440432,16.913551330566406,6.531470320973664,0.36775073223443133,9.989142407044705,2020
2021-08-27,15.787509466922327,16.754547119140625,6.44505274275012,2.7018313036078405,10.422235158105229,2020
2021-08-28,14.239374879508373,16.754547119140625,5.756552650195293,-0.5084994586184388,9.060493797556465,2020
2021-08-29,13.149078365468673,16.45163345336914,7.195790497580113,1.965564244678018,9.690516640273987,2020
2021-08-30,12.480495912510108,16.0174560546875,7.27019174259494,2.432288113329725,9.550107955780568,2020
2021-08-31,58.76689961468013,68.92800903320312,76.05425549781668,76.83112197224864,70.14507152948714,2020
2021-09-01,72.60966115530708,83.81058502197266,88.29193196229608,85.63067837448033,82.58571412851404,2020
2021-09-02,74.85922678079399,79.09354400634766,84.72855660264327,89.38809190117178,82.01735482273918,2020
2021-09-03,75.49970902405255,81.3493423461914,91.75205099700989,82.40275345921928,82.75096395661828,2020
2021-09-04,77.29200855491216,81.13301086425781,85.80244195622573,82.0895424979897,81.57925096834634,2020
2021-09-05,81.76934937838124,82.91400146484375,86.8337529053523,79.80160619292717,82.82967748537611,2020
2021-09-06,80.3704607096382,84.831298828125,92.28524653166753,79.25530607511784,84.18557803613714,2020
2021-09-07,83.9357131838876,90.35195922851562,104.83644212869267,86.87905765669426,91.50079304944754,2020
2021-09-08,84.71776606342945,87.25556182861328,89.29361516453494,82.26060600718006,85.88188726593944,2020
2021-09-09,85.3115238542373,88.69290161132812,83.77124718897062,79.17427730728394,84.237487490455,2020
2021-09-10,82.32367588418582,78.13812255859375,54.89048453492366,81.14362239546938,74.12397634329315,2020
2021-09-11,80.72481589590704,70.97238159179688,59.65609330090358,80.61913059928008,72.9931053469719,2020
2021-09-12,83.05176164837864,75.1144790649414,71.30734952108855,78.57360935783117,77.01179989805995,2020
2021-09-13,86.77766186085988,76.27350616455078,82.60200656210775,81.10069489434906,81.68846737046687,2020
2021-09-14,86.0986179007005,74.00655364990234,63.86216619269471,80.57882012017856,76.13653946586902,2020
2021-09-15,84.36385080785071,68.26937103271484,57.816071714406526,70.08074101662842,70.13250864290012,2020
2021-09-16,83.01398083475027,70.60225677490234,65.84550376185197,68.74779688363614,72.05238456378518,2020
2021-09-17,86.85041794772923,73.49579620361328,72.49281439829913,70.73197359959295,75.89275053730864,2020
2021-09-18,82.65322263815672,70.83773803710938,67.89108300066167,73.25314150570965,73.65879629540935,2020
2021-09-19,79.82593984985726,66.12088775634766,54.654089608042966,69.21199703569421,67.45322856248552,2020
2021-09-20,78.26852010603275,70.5718994140625,66.60488280934503,71.1128123750611,71.63952867612534,2020
2021-09-21,79.18931557788834,70.78559112548828,68.084252063188,73.86601125009841,72.98129250416576,2020
2021-09-22,78.17448460882937,67.30564880371094,64.81789939508448,71.00061169027578,70.32466112447514,2020
2021-09-23,75.32761786568445,66.31710052490234,60.00456352004984,71.28034234304593,68.23240606342063,2020
2021-09-24,76.26523517925717,66.56312561035156,63.629345015488646,69.83529750092363,69.07325082650524,2020
2021-09-25,80.13092947276624,73.27908325195312,70.23920844190596,71.12802016895111,73.69431033389411,2020
2021-09-26,78.29370430959709,71.20362091064453,65.97379609447282,75.95046601428582,72.85539683225007,2020
2021-09-27,59.107592535729616,56.38386154174805,41.36267684923026,66.34743309336301,55.80039100501774,2020
2021-09-28,58.17300228081642,56.54494857788086,40.789254573892435,67.296963333654,55.70104219156093,2020
2021-09-29,52.94234935493819,53.243778228759766,37.31140510038346,61.683354701578224,51.29522184641491,2020
2021-09-30,56.289701262499,55.697486877441406,36.8690048679309,68.24420742133555,54.27510010730171,2020
2021-10-01,51.68224855969507,51.905357360839844,35.37503064514691,63.539810440618396,50.62561175157505,2020
2021-10-02,51.74994804867388,54.19420623779297,37.990763969166615,66.94616096970472,52.72026980633454,2020
2021-10-03,49.952733989134295,52.23003387451172,33.755195878499876,63.06700436404944,49.75124202654883,2020
2021-10-04,40.06191413952253,37.22171401977539,25.562495181742275,5.6488596800663435,27.123745755276634,2020
2021-10-05,36.52049858110656,29.886157989501953,20.10393866108013,12.600416441554575,24.7777529183108,2020
2021-10-06,24.58981892391453,24.533143997192383,14.926729570549147,8.570570686603354,18.155065794564855,2020
2021-10-07,22.52658302936642,23.017724990844727,12.371430707189814,10.815474604688443,17.182803333022353,2020
2021-10-08,22.678938327756324,21.94312858581543,11.774784358893092,9.973886037403556,16.5926843274671,2020
2021-10-09,20.865824521468717,20.60628318786621,10.260527724138433,9.173374261758976,15.226502423808085,2020
2021-10-10,18.942101942382767,18.429431915283203,8.567785329222845,9.761782912424653,13.925275524828365,2020
2021-10-11,18.319626787465815,17.078258514404297,9.130227342900017,8.839007808389042,13.341780113289794,2020
2021-10-12,18.224901667687693,17.078258514404297,8.65760944978305,9.032634509416916,13.248351035322989,2020
2021-10-13,17.973898820090227,16.550525665283203,7.5627137501805874,6.678120113300353,12.191314587213592,2020
2021-10-14,17.635392890268474,16.491718292236328,7.3781415911257175,8.069385397886826,12.393659542879337,2020
2021-10-15,17.555209815515443,15.75464153289795,5.399690591583427,10.083107416947882,12.198162339236175,2020
2021-10-16,18.044745728410106,16.097557067871094,7.088268197930276,9.313021824675499,12.635898204721745,2020
2021-10-17,18.42788043018889,16.097557067871094,6.766104180738829,10.18939100307026,12.87023317046727,2020
2021-10-18,19.160204212093582,15.99207592010498,6.405446842182551,13.265678700728383,13.705851418777375,2020
2021-10-19,30.89977908736137,23.488113403320312,13.2105189586617,19.538538674838275,21.784237531045413,2020
2021-10-20,32.05593093481567,25.725664138793945,14.067070830713346,14.986301333753946,21.708741809519225,2020
2021-10-21,20.588900250483544,18.66998863220215,8.459541176008578,5.752618805284283,13.36776221599464,2020
2021-10-22,19.13278313307903,16.73230743408203,6.661619886634485,6.997794986636678,12.381126360108055,2020
2021-10-23,19.790521811840833,17.217283248901367,7.566826849540071,10.20386073647352,13.694623161688948,2020
2021-10-24,20.212094538399352,17.014694213867188,7.140123629488869,9.631959706962057,13.499718022179367,2020
2021-10-25,28.05424016469779,30.844619750976562,24.630168985626618,56.14122755926026,34.91756411514031,2020
2021-10-26,31.558513084117724,35.20808792114258,28.099116191831957,59.900747838497736,38.6916162588975,2020
2021-10-27,36.742633920402376,37.946937561035156,33.06595666935625,61.86639777982026,42.40548148265351,2020
2021-10-28,43.73381918778086,44.868927001953125,42.94924954130136,66.92947246590923,49.62036704923614,2020
2021-10-29,42.20696586705192,45.720035552978516,37.683918816753675,67.24715244538869,48.2145181705432,2020
2021-10-30,38.289098081359604,45.888832092285156,34.27532072153254,56.06616145751099,43.62985308817207,2020
2021-10-31,49.92430959965681,60.5134391784668,57.51885551276796,61.57557774036094,57.38304550781312,2020
2021-11-01,36.805025447273934,46.57267379760742,41.136575976503735,50.61199721028315,43.78156810791706,2020
2021-11-02,34.44968391492425,47.18898391723633,29.96287595192294,47.36005929863192,39.74040077067886,2020
2021-11-03,32.811620476998904,47.29051208496094,27.23486219024435,45.26383709396095,38.150207961541284,2020
2021-11-04,32.457905705614635,47.62437438964844,28.022429532005805,43.957278241531505,38.01549696720009,2020
2021-11-05,30.51583414848741,45.812442779541016,25.60318489825231,45.34396762766244,36.81885736348579,2020
2021-11-06,32.656037169722225,45.833805084228516,27.470853411288502,54.38071654242492,40.085353051916044,2020
2021-11-07,28.048582773431093,44.84983825683594,29.488738019953136,47.2427446611808,37.40747592785024,2020
2021-11-08,27.87073354482599,44.11137771606445,24.931469976310474,53.15647898734919,37.517515056137526,2020
2021-11-09,27.950650572754487,44.591556549072266,28.01557261526363,56.619979751145465,39.29443987205896,2020
2021-11-10,18.96692275684161,28.720048904418945,18.291127285232513,0.4581545421334434,16.60906337215663,2020
2021-11-11,16.971747923037487,24.987001419067383,14.423719623943567,1.012622213884046,14.34877279498312,2020
2021-11-12,24.689839741985953,23.929555892944336,9.327687334429868,6.882524505793545,16.207401868788423,2020
2021-11-13,16.545032501424764,20.30529022216797,8.582322332031152,-1.270995165814731,11.040412472452289,2020
2021-11-14,16.177784558225362,19.177099227905273,9.33757166322966,-0.9339464449897408,10.939627251092638,2020
2021-11-15,15.984624018105928,18.532690048217773,10.644949635394928,-0.5442785954301756,11.154496276572113,2020
2021-11-16,14.511367420058297,16.483673095703125,1.803335995852708,-0.4526997348995607,8.086419194178642,2020
2021-11-17,12.603453176662992,16.563987731933594,4.607568905641556,1.7421576114604012,8.879291856424635,2020
2021-11-18,12.125230768898764,16.16751480102539,4.331781639005513,1.326709703982699,8.487809228228091,2020
2021-11-19,11.703526429758863,15.674540519714355,4.5183428351750194,0.40603606893598165,8.075611463396054,2020
2021-11-20,11.321498802899772,15.73117446899414,6.053878029760419,1.5650901579252832,8.667910364894905,2020
2021-11-21,11.28150575958357,15.831290245056152,6.671722535176862,-1.4975770816902,8.071735364531596,2020
2021-11-22,11.731980451186072,15.85534954071045,7.351950167507232,-1.808093277921654,8.282796720370524,2020
2021-11-23,11.572626565641759,15.751129150390625,7.803333926249501,-1.9851522632259715,8.28548434476398,2020
2021-11-24,11.588177501381773,15.728821754455566,7.417038440487268,-2.2509085911376348,8.120782276296742,2020
2021-11-25,11.159527909239408,15.408201217651367,6.4603027429661655,-4.028210666459582,7.249955300849339,2020
2021-11-26,21.4274753381404,21.207386016845703,16.942425050976222,6.198380687704614,16.443916773416735,2020
2021-11-27,25.284037854777324,27.470783233642578,31.411638402174507,3.2957984346411697,21.865564481308894,2020
2021-11-28,16.176255251972133,19.28821563720703,17.804915003724457,-1.3276493938124023,12.985434124772807,2020
2021-11-29,16.096515525219193,17.15662384033203,14.252609631640777,-2.3421417067467285,11.290901822611318,2020
2021-11-30,26.062628767534708,23.734039306640625,18.44914638065677,6.6570908143651595,18.725726317299316,2020
2021-12-01,31.331936447822805,27.786972045898438,30.0949068306725,9.836281383810327,24.76252417705102,2020
2021-12-02,17.377113493094537,20.092012405395508,17.95565566897754,-1.769784673927286,13.413749223385077,2020
2021-12-03,17.713154236653462,18.170324325561523,16.041754152770775,5.16796392105256,14.273299159009582,2020
2021-12-04,23.610043928069462,19.783048629760742,18.927618364915567,5.00680383401965,16.831878689191356,2020
2021-12-05,18.76736557868443,18.883859634399414,15.899232477679863,2.467273420490625,14.004432777813584,2020
2021-12-06,15.814605617577213,17.184005737304688,14.914493990017307,2.0648795361827856,12.494496220270499,2020
2021-12-07,35.432144852019,30.761022567749023,27.373986423257985,8.870712838195942,25.60946667030549,2020
2021-12-08,30.512337949219287,30.519561767578125,26.606577097400198,7.793419389660177,23.857974050964447,2020
2021-12-09,25.779674994059448,25.021827697753906,26.569846912424936,10.409656886221164,21.94525162261486,2020
2021-12-10,21.801450696485514,21.00314712524414,19.69882110094728,6.080509478381585,17.145982100264632,2020
2021-12-11,16.444730429438607,17.925331115722656,13.980638291420059,9.363753654966661,14.428613372886996,2020
2021-12-12,18.442540393802755,18.201974868774414,12.159091496169614,9.786708677537824,14.647578859071153,2020
2021-12-13,18.208671636238872,18.330713272094727,14.008409543867394,11.347054909388618,15.473712340397404,2020
2021-12-14,16.87397935491149,17.05479621887207,10.1473225917172,12.096391548404643,14.043122428476352,2020
2021-12-15,16.25673210144337,16.891355514526367,8.20094791906507,12.577325901882062,13.481590359229218,2020
2021-12-16,14.747097324382311,16.41162109375,8.061101000788838,11.599482510735704,12.704825482414213,2020
2021-12-17,10.712488005999546,12.507652282714844,11.096817109628462,12.838299557682385,11.788814239006308,2021
2021-12-18,10.813256440936813,11.915107727050781,9.312365671725304,11.321776474941547,10.84062657866361,2021
2021-12-19,10.716717794816788,11.300518035888672,8.514613986569097,14.299401418427191,11.207812808925436,2021
2021-12-20,10.592977892879851,11.021541595458984,7.969934908374248,12.163115177075591,10.436892393447168,2021
2021-12-21,12.810458192296673,11.822080612182617,14.266582218029445,17.021527651155537,13.980162168416069,2021
2021-12-22,13.688055167267756,11.822080612182617,14.297065967185508,14.896286065999812,13.675871953158923,2021
2021-12-23,11.669820079677894,11.282430648803711,8.741361021932839,13.284734175027195,11.24458648136041,2021
2021-12-24,12.910805710420734,12.157671928405762,8.934172415423301,12.092353148794905,11.523750800761176,2021
2021-12-25,20.398063492693176,16.833152770996094,28.889177765287556,13.491116288154162,19.902877579282745,2021
2021-12-26,14.022050370568689,14.980778694152832,17.014031082005044,9.570717053784005,13.896894300127641,2021
2021-12-27,14.281821048047032,12.937604904174805,16.071912240851017,14.46816132617507,14.439874879811981,2021
2021-12-28,28.488020321520555,23.503202438354492,27.287027833203997,22.801639919009133,25.519972628022042,2021
2021-12-29,32.74121834904539,28.115846633911133,26.63626732431565,19.772363837794018,26.816424036266547,2021
2021-12-30,24.035025412448515,22.695161819458008,17.934917301073295,16.380269996573922,20.26134363238844,2021
2021-12-31,30.801147534389294,25.68610191345215,22.37530453081997,24.16230745104207,25.75621535742587,2021
2022-01-01,30.86779812579721,23.00609016418457,21.447847284531537,16.68873364687274,23.00261730534651,2021
2022-01-02,37.72919080102802,30.240697860717773,38.67562490581399,18.628617260870758,31.318532707107632,2021
2022-01-03,26.258271497847936,23.059377670288086,25.49314509466303,14.61039808163579,22.35529808610871,2021
2022-01-04,19.268301398120915,18.63887596130371,21.868502872358793,8.666323783041967,17.110501003706347,2021
2022-01-05,17.03348345649441,17.187524795532227,17.73473804808396,7.823585201006884,14.944832875279369,2021
2022-01-06,19.786000094465596,17.952085494995117,24.67317000488196,13.062064385688585,18.868329995007812,2021
2022-01-07,28.062363328453664,23.487255096435547,38.866150472594505,15.252031064732545,26.416949990554066,2021
2022-01-08,40.86621188064444,37.35026931762695,58.83813775809289,26.01947009603645,40.76852226310019,2021
2022-01-09,21.079232420154717,22.791030883789062,26.81504948857273,11.308275620058975,20.498397103143873,2021
2022-01-10,20.760318956480784,19.892719268798828,31.47537573785685,11.617035645895635,20.936362402258027,2021
2022-01-11,18.4657733355423,17.996910095214844,23.566608198070476,12.84492943944338,18.21855526706775,2021
2022-01-12,17.998183138861194,17.91390609741211,21.509007133450773,11.146844857744806,17.14198530686722,2021
2022-01-13,18.446425982094024,17.621273040771484,21.783501136064473,9.803436743063301,16.91365922549832,2021
2022-01-14,18.654531437866765,17.591995239257812,21.425953702926105,12.746775862154466,17.604814060551288,2021
2022-01-15,17.514107342994073,17.375720977783203,19.914705122732514,10.847240556478077,16.412943499996967,2021
2022-01-16,16.98885871127488,17.129844665527344,17.8554435373893,11.89592582194673,15.967518184034564,2021
2022-01-17,16.748666875687306,16.814773559570312,18.650078218935615,8.117532049496358,15.0827626759224,2021
2022-01-18,17.408717910636906,16.87682342529297,18.87156372341508,11.06751140169996,16.05615411526123,2021
2022-01-19,16.287239477495252,16.36009407043457,16.81656109282164,11.064696953734883,15.132147898621586,2021
2022-01-20,17.940763006025776,17.314010620117188,29.665573269541245,9.414972367257617,18.583829815735456,2021
2022-01-21,17.86125608665668,17.918458938598633,29.365707869901662,8.93764213361911,18.52076625719402,2021
2022-01-22,19.61057288273159,18.41583251953125,32.74123474193737,8.402419613226684,19.792514939356725,2021
2022-01-23,21.46851726657232,19.4771671295166,36.727574215920214,13.898899550569014,22.893039540644537,2021
2022-01-24,19.30645739930832,17.495656967163086,24.982242233831958,17.20613635231852,19.747623238155473,2021
2022-01-25,19.26876745894581,17.564828872680664,23.278963459539078,13.801858801856739,18.478604648255573,2021
2022-01-26,16.970735548176258,16.66107749938965,18.895637685539036,11.504913515985667,16.00809106227265,2021
2022-01-27,17.322727200469185,16.164413452148438,18.910437039674598,13.643775474394126,16.510338291671587,2021
2022-01-28,17.058344828073036,15.845358848571777,19.175017029883545,12.619662787185371,16.174595873428434,2021
2022-01-29,22.356730852013843,18.5551700592041,22.737596341864414,18.23936786524261,20.472216279581243,2021
2022-01-30,17.394965878619374,16.53080940246582,18.572259030076633,13.27851395692417,16.4441370670215,2021
2022-01-31,24.02193793925157,23.11431312561035,19.469138294714764,9.33453365514501,18.984980753680425,2021
2022-02-01,29.054040873036236,28.8232479095459,27.00135143718904,16.13179655316347,25.25260919323366,2021
2022-02-02,19.35819853824329,21.943513870239258,17.037020231809638,13.046802294424353,17.846383733679133,2021
2022-02-03,19.664820499700223,19.96784782409668,19.130820352348977,18.499497437043697,19.315746528297396,2021
2022-02-04,23.509787316302056,21.199317932128906,18.04214931547798,16.007449778445007,19.689676085588488,2021
2022-02-05,27.00795970449239,24.412172317504883,16.852175264407446,14.967213338289763,20.809880156173623,2021
2022-02-06,46.47577867075173,43.3843879699707,48.32408009393989,28.350817722198038,41.63376611421509,2021
2022-02-07,23.133102231258086,24.482666015625,29.448060109915,11.103543213847272,22.04184289266134,2021
2022-02-08,22.747157788239157,21.660741806030273,23.166743191428555,19.89014217266751,21.866196239591375,2021
2022-02-09,20.515989843661735,18.600292205810547,19.216031454396898,17.88488523004126,19.05429968347761,2021
2022-02-10,17.225271080498064,17.156814575195312,16.07528381517903,7.867277340524666,14.581161702849268,2021
2022-02-11,17.075141052327922,18.271526336669922,21.312742701273123,9.586285533511589,16.561423905945638,2021
2022-02-12,18.038537791379746,17.314647674560547,17.506428185612513,13.94254931579815,16.700540741837738,2021
2022-02-13,31.011377105281593,29.488895416259766,33.445078922739334,24.54885108259399,29.623550631718672,2021
2022-02-14,20.95591772865485,22.804183959960938,21.839875576280125,14.561899190362082,20.0404691138145,2021
2022-02-15,29.205934583690855,28.100011825561523,28.92257850374014,21.910401554666176,27.034731616914677,2021
2022-02-16,60.32036633448526,53.10520553588867,60.912466993125854,29.80032923545495,51.03459202473868,2021
2022-02-17,32.8919538928718,34.348785400390625,32.67279228666352,16.761495327527502,29.16875672686336,2021
2022-02-18,52.98195951673764,44.280818939208984,54.91830878495567,23.686816045139643,43.96697582151048,2021
2022-02-19,40.26007609311092,37.627845764160156,30.975714120411826,17.628889584382772,31.623131390516416,2021
2022-02-20,60.217766686860756,89.38690948486328,60.00256151309041,30.22131697296848,59.95713866444573,2021
2022-02-21,44.24596859289511,40.517269134521484,32.61857085617613,16.02250683433647,33.351078854482296,2021
2022-02-22,36.202043730415134,33.75123596191406,24.83192356659844,18.444668346168996,28.307467901274162,2021
2022-02-23,25.733471581556334,26.11370086669922,18.138852521345726,13.28625978898216,20.81807118964586,2021
2022-02-24,34.01440644450734,33.32606887817383,24.32595532836865,18.619477914336432,27.57147714134656,2021
2022-02-25,23.066900957741723,25.286022186279297,18.13306579560312,7.713037079973409,18.549756504899385,2021
2022-02-26,20.92048274437566,22.522262573242188,19.35576293243617,12.017352191696862,18.70396511043772,2021
2022-02-27,19.226761249593924,21.278858184814453,18.199918772787157,10.535533068695294,17.310267818972704,2021
2022-02-28,18.653258766113186,19.524429321289062,16.271207755176242,14.67824248569253,17.281784582067754,2021
2022-03-01,22.500166326079007,18.211240768432617,20.479380535531106,23.226420138520236,21.104301942140744,2021
2022-03-02,20.980761815213103,17.58137321472168,18.85651166272627,19.799521360110838,19.30454201319297,2021
2022-03-03,20.168916767435412,17.971202850341797,17.794662134837008,14.622017610918654,17.639199840883215,2021
2022-03-04,19.43043438603127,16.876863479614258,13.543023079351872,8.42847341935104,14.569698591087107,2021
2022-03-05,19.6667289969846,16.89984893798828,13.499600233626749,12.66990214684942,15.684020078862265,2021
2022-03-06,20.01776983931156,17.12378692626953,10.695042243330507,19.954610606379447,16.94780240382276,2021
2022-03-07,21.238435303864545,17.37451171875,9.864879909036667,23.319225560819724,17.949263123117735,2021
2022-03-08,19.27600280502281,17.206632614135742,10.975209983968726,12.32864998589299,14.946623847255069,2021
2022-03-09,22.346785352417616,20.338224411010742,12.71688440552795,16.752436604930267,18.038582693471643,2021
2022-03-10,20.27366119376868,17.462366104125977,12.084707941323854,12.45367967516153,15.568603728595011,2021
2022-03-11,23.831797739285324,23.659860610961914,13.80429044245961,23.473381582443345,21.192332593787548,2021
2022-03-12,29.863933722344974,29.32536506652832,19.424815266427313,18.342804926066375,24.239229745341746,2021
2022-03-13,20.786504814795066,22.314390182495117,14.864182323710507,13.532121061409885,17.874299595602643,2021
2022-03-14,20.328742313541806,18.51517105102539,12.8132417243767,11.230923608107648,15.722019674262889,2021
2022-03-15,20.519453064260478,17.657419204711914,13.68793908708636,12.307754769799455,16.043141531464553,2021
2022-03-16,20.113858758073768,17.378429412841797,12.913668240660456,14.618830003201703,16.25619660369443,2021
2022-03-17,18.07168658076969,16.696224212646484,9.014136016142878,8.56248908227387,13.086133972958232,2021
2022-03-18,20.136743045820783,16.090530395507812,10.839343635402283,11.5832567070016,14.66246844593312,2021
2022-03-19,22.994343855319478,17.86835479736328,11.798324510221104,23.292087677247604,18.988277710037867,2021
2022-03-20,20.528933884060475,17.322214126586914,10.139147579395454,14.473778903409105,15.616018623362988,2021
2022-03-21,20.02312077595589,17.316022872924805,11.338476152884253,14.435455550992998,15.778268838189486,2021
2022-03-22,20.19650598865411,16.813974380493164,12.357005009714955,11.241383493161258,15.152217218005871,2021
2022-03-23,20.153559417675975,16.924114227294922,12.570436087316988,9.42653580698765,14.768661384818886,2021
2022-03-24,19.71768259664972,17.29360580444336,15.8170090958681,9.366999436206553,15.548824233291935,2021
2022-03-25,20.17733715253552,17.191869735717773,21.791613900484084,11.971588538006948,17.78310233168608,2021
2022-03-26,20.813209601083425,17.047096252441406,17.837590398089958,14.336163693325695,17.50851498623512,2021
2022-03-27,20.372061584375253,16.972517013549805,18.383349935650635,10.7168440004483,16.611193133506,2021
2022-03-28,22.048231578965414,18.06536293029785,25.68319409881643,15.470209441259756,20.316749512334862,2021
2022-03-29,21.73397863151165,18.1527156829834,28.06287334707235,17.74210234861797,21.42291750254634,2021
2022-03-30,19.822674538680538,17.414079666137695,22.760354048935607,13.199699866386378,18.299202030035055,2021
2022-03-31,19.921793509861555,17.593856811523438,19.24889990905227,16.451341513530704,18.303972935991993,2021
2022-04-01,18.90441354148237,16.33925437927246,17.431745441859377,4.834188706401035,14.377400517253811,2021
2022-04-02,18.818674249788746,16.285232543945312,19.7129572212506,9.97548619811057,16.19808755327381,2021
2022-04-03,19.379703760461336,15.513696670532227,17.580985445234464,6.563195738424271,14.759395403663074,2021
2022-04-04,21.654872537582825,16.20488929748535,25.69473349790553,13.340042028972894,19.22363434048665,2021
2022-04-05,24.01591977503155,18.000995635986328,21.74216801801621,12.752982445467813,19.128016468625475,2021
2022-04-06,32.57302177262291,27.75304412841797,32.018994073828075,15.37908254450083,26.931035629842444,2021
2022-04-07,32.95465711336339,30.904279708862305,26.712640077462442,12.047622566360936,25.65479986651227,2021
2022-04-08,21.74583028405215,22.023056030273438,19.844550227362152,9.07341943739419,18.17171399477048,2021
2022-04-09,19.05152041062256,17.882736206054688,17.42007662820563,4.406658312751169,14.690247889408512,2021
2022-04-10,19.833172793358948,17.62180519104004,18.372556213058807,8.042114753883174,15.967412237835243,2021
2022-04-11,19.943032392803484,17.94491958618164,19.626147412860416,13.427007318331261,17.735276677544203,2021
2022-04-12,60.38937946246098,83.2039566040039,88.16538265469183,89.44777834550327,80.30162426666499,2021
2022-04-13,68.13571628678999,87.28041076660156,98.88533432529299,91.9408227598793,86.56057103464096,2021
2022-04-14,69.21158583127338,86.46603393554688,104.66145562972329,89.18445706141546,87.38088311448975,2021
2022-04-15,69.6355104252358,86.95005798339844,98.36150628091455,87.19386807687061,85.53523569160485,2021
2022-04-16,70.04953457981577,83.91952514648438,96.25152515151248,85.52068771368697,83.9353181478749,2021
2022-04-17,70.8661511006827,80.94183349609375,99.77522739005539,89.05521955740112,85.15960788605824,2021
2022-04-18,69.01954518899355,68.2043228149414,79.3106245991065,86.84975981841667,75.84606310536454,2021
2022-04-19,75.4860865547871,70.46994018554688,67.78245141580035,85.86566392913359,74.90103552131698,2021
2022-04-20,82.3188356479716,82.7961196899414,108.31385470120006,86.53797166340772,89.99169542563018,2021
2022-04-21,85.00850369579977,82.22566986083984,88.77259957541911,88.95054764742136,86.23933019487004,2021
2022-04-22,94.4204526872944,86.46929168701172,96.15510192102452,100.02383386473815,94.2671700400172,2021
2022-04-23,96.52303406493265,87.7922134399414,93.78135974044811,98.20090973789917,94.07437924580533,2021
2022-04-24,100.05222566469139,89.86471557617188,85.06001199422532,90.03528527380071,91.25305962722231,2021
2022-04-25,102.50695644163612,94.11214447021484,95.68816208750847,88.02388736294384,95.08278759057583,2021
2022-04-26,99.3140425168521,94.72624206542969,101.50142565998188,88.51371931789969,96.01385739004084,2021
2022-04-27,104.36214200895255,96.96855163574219,115.9634405669385,95.86364338237593,103.2894443985023,2021
2022-04-28,101.12055126834856,95.5125503540039,130.46973628983673,91.03474224882015,104.53439504025235,2021
2022-04-29,99.85543906748283,94.92801666259766,132.14074193924134,90.11369255085076,104.25947255504316,2021
2022-04-30,96.26367527320944,93.3207015991211,137.37824240463837,89.751969805757,104.17864727068147,2021
2022-05-01,93.8648966898193,87.28489685058594,151.0102726094559,93.68948982496909,106.46238899370756,2021
2022-05-02,88.11292250869612,83.05667877197266,117.87539781289207,93.3621283308601,95.60178185610523,2021
2022-05-03,85.01701886765736,77.642822265625,100.11683428100373,88.86942830579214,87.91152593001956,2021
2022-05-04,81.73570623586984,69.47472381591797,83.50016746903985,88.69741850833157,80.8520040072898,2021
2022-05-05,77.41230248779146,70.09315490722656,72.53733346375371,84.5637939175696,76.15164619408534,2021
2022-05-06,80.24016307172862,68.51337432861328,75.90241655573654,90.33902992790598,78.7487459709961,2021
2022-05-07,78.3988375098488,67.86735534667969,62.97764951744242,85.11065202982991,73.5886236009502,2021
2022-05-08,82.97666136322569,77.08177947998047,64.70197813585658,83.87268500046275,77.15827599488136,2021
2022-05-09,79.6073788925871,71.60722351074219,58.73820346292291,87.414675918529,74.3418704461953,2021
2022-05-10,73.51101198476785,69.1965560913086,60.23369035048632,88.55666271888711,72.87448028636246,2021
2022-05-11,75.90199910957146,68.39228057861328,63.17448155900997,90.91215969820989,74.59523023635116,2021
2022-05-12,75.39985237672101,66.1313247680664,61.5601873332649,88.38557324199886,72.8692344300128,2021
2022-05-13,74.07457204615136,66.3321762084961,56.43653237470391,85.95098229342979,70.6985657306953,2021
2022-05-14,78.32554858277072,74.17707824707031,70.15880994217106,88.82867262103856,77.87252734826266,2021
2022-05-15,79.79160907359976,76.90261840820312,75.61876300376498,92.43509617647626,81.18702166551103,2021
2022-05-16,75.10006186676694,71.88151550292969,60.729453974323455,90.34191438844707,74.51323643311679,2021
2022-05-17,75.76540550022943,77.56792449951172,71.74623784702376,87.6239803733638,78.17588705503218,2021
2022-05-18,79.77790646608352,77.63467407226562,75.43132958244779,88.4936237165052,80.33438345932552,2021
2022-05-19,73.16530919559072,72.49898529052734,63.19590707278826,85.2091309281719,73.51733312176955,2021
2022-05-20,73.97982644884887,72.29694366455078,63.31678469487961,90.09880718424613,74.92309049813134,2021
2022-05-21,71.27069089550835,67.52700805664062,57.77913415229108,84.46516264846629,70.26049893822659,2021
2022-05-22,77.01328661292756,74.70707702636719,68.4382166864066,87.77850342944718,76.98427093878713,2021
2022-05-23,77.81646771588898,71.01512908935547,60.80094305070257,91.1152924374209,75.18695807334198,2021
2022-05-24,76.10913600468432,71.30670166015625,63.96874042955248,85.53009478811283,74.22866822062647,2021
2022-05-25,78.33842397612413,70.7925796508789,65.37702556369456,93.06051207840844,76.89213531727651,2021
2022-05-26,75.10663578567767,71.6382827758789,64.87942441161043,92.43617789311205,76.01513021656976,2021
2022-05-27,78.2154214909577,71.60936737060547,60.48300506512039,81.6829847757349,72.9976946756046,2021
2022-05-28,81.49647650362866,76.43573760986328,66.91408059359037,82.45267982919546,76.82474363406945,2021
2022-05-29,86.86119966905203,81.55239868164062,79.0519023758535,89.8326919271417,84.32454816342197,2021
2022-05-30,82.79135163552913,72.39446258544922,67.30018980495959,87.42047316155481,77.47661929687318,2021
2022-05-31,79.54343481691478,72.26129150390625,67.55295552034464,85.14792803897984,76.12640247003638,2021
2022-06-01,78.86279628212695,72.84852600097656,71.16753581937024,84.77503769930493,76.91347395044468,2021
2022-06-02,83.7192780667688,82.21659851074219,72.31678916060687,84.71646833020662,80.74228351708112,2021
2022-06-03,81.28968483985848,83.17757415771484,78.21703885248857,90.84267184102491,83.3817424227717,2021
2022-06-04,88.58099641367443,87.58345794677734,92.0346673165782,101.36966953608881,92.39219780327969,2021
2022-06-05,86.32562048491239,85.14926147460938,90.56750858680643,96.46511241822999,89.62687574113954,2021
2022-06-06,81.03496276030492,84.23268127441406,78.96018516698997,84.3368893587548,82.14117964011595,2021
2022-06-07,83.80444762920796,88.52383422851562,78.64412977837597,90.6524686128338,85.40622006223334,2021
2022-06-08,75.19148922499437,83.08121490478516,72.28547661096061,89.36872131304581,79.98172551344649,2021
2022-06-09,73.97434798660629,77.93376159667969,66.45129340277474,87.15464673406971,76.37851243003261,2021
2022-06-10,73.60468927359734,73.35977935791016,62.614784287265415,86.68417614836785,74.06585726678519,2021
2022-06-11,72.36736393309754,73.41242980957031,67.94675665617872,84.98329252140817,74.67746073006367,2021
2022-06-12,75.40016144737298,72.0840072631836,73.7648786781051,84.02161604760926,76.31766585906773,2021
2022-06-13,76.54526925255594,72.00421905517578,78.97460815511974,83.92593049405382,77.86250673922632,2021
2022-06-14,77.652725792053,76.79357147216797,79.52747081801625,86.10882927779288,80.02064934000752,2021
2022-06-15,76.17512393088997,72.3150634765625,72.22108736039472,81.45919097039604,75.54261643456081,2021
2022-06-16,78.01267537048933,83.44912719726562,80.29461437268246,86.87866441538524,82.15877033895566,2021
2022-06-17,80.25938279420573,80.92089080810547,79.77793048398722,81.18240460651597,80.53515217320361,2021
2022-06-18,82.26346773697564,77.41381072998047,92.3594210260025,97.25390720943183,87.32265167559761,2021
2022-06-19,85.5259189622498,80.36971282958984,83.92446775752181,94.06572190107569,85.97145536260929,2021
2022-06-20,88.90612464144127,85.63445281982422,89.80561606857918,88.94188165817789,88.32201879700563,2021
2022-06-21,84.22673571798333,89.8310775756836,86.18840209236055,86.0415807453787,86.57194903285153,2021
2022-06-22,85.30852539969909,98.23524475097656,114.01204661140069,87.49121040725355,96.26175679233248,2021
2022-06-23,83.30770697803912,100.03495025634766,106.77897069727852,87.33482725619037,94.3641137969639,2021
2022-06-24,42.780390842590954,46.77141571044922,38.95519105860244,14.632620311016938,35.784904480664885,2021
2022-06-25,36.712771728357176,36.72751998901367,18.498456276774345,10.156508310762755,25.52381407622699,2021
2022-06-26,31.800235635532665,29.175764083862305,16.2914462315434,5.32075721455262,20.647050791372745,2021
2022-06-27,28.401421273918235,27.070947647094727,23.814324195557496,6.865842559833565,21.538133919101007,2021
2022-06-28,29.318981593006292,25.318613052368164,17.243900997122324,14.92180134087729,21.70082424584352,2021
2022-06-29,26.659727296424908,24.1784725189209,16.31994314101598,9.428862443779833,19.146751350035405,2021
2022-06-30,20.426414945721053,22.45152473449707,15.573116571827036,8.027939508579996,16.61974894015629,2021
2022-07-01,21.057845075320646,22.55771827697754,25.311868298315396,10.066326155795194,19.748439451602195,2021
2022-07-02,20.712944399231084,21.801149368286133,22.70312127825307,11.15801139744138,19.09380661080292,2021
2022-07-03,18.519555053714804,20.147981643676758,30.216083337850876,9.233413005171384,19.529258260103457,2021
2022-07-04,17.932735259969412,19.21781349182129,36.18069611505286,9.346488027416148,20.669433223564926,2021
2022-07-05,18.437485703417916,19.091798782348633,36.475064448653704,9.073863247235453,20.769553045413925,2021
2022-07-06,18.484091835190913,18.883716583251953,30.29418626102603,7.518156453088624,18.795037783139378,2021
2022-07-07,19.08809391915261,18.254884719848633,34.1298411024814,5.351782559804969,19.206150575321907,2021
2022-07-08,19.44103423025949,17.340621948242188,29.061606848140194,3.0162623543394123,17.21488134524532,2021
2022-07-09,19.21508719042409,17.146970748901367,29.78985444927349,3.6938219644460943,17.461433588261258,2021
2022-07-10,19.998154547035774,17.255008697509766,30.5445677573012,7.097464390055345,18.723798847975523,2021
2022-07-11,19.958804768388244,17.20992660522461,29.437085178982507,4.924255138653935,17.882517922812326,2021
2022-07-12,18.90770787947821,16.96005630493164,28.507601570740036,10.211163512257972,18.646632316851964,2021
2022-07-13,18.764639819123595,16.434017181396484,22.08627439990818,7.802924002428208,16.27196385071412,2021
2022-07-14,18.62270934108601,15.335082054138184,19.544134090994092,4.891629410423212,14.598388724160374,2021
2022-07-15,18.647207115081244,12.764472007751465,19.592943914291983,5.9190218542826045,14.230911222851823,2021
2022-07-16,20.328963180234787,13.054442405700684,22.65374090169344,5.936460856313545,15.493401835985614,2021
2022-07-17,20.429491495758437,12.866631507873535,20.384162044075087,5.0190666488487725,14.674837924138957,2021
2022-07-18,19.956365373301583,12.356209754943848,20.851170325622295,6.737760045496541,14.975376374841066,2021
2022-07-19,19.421730168779415,11.9656400680542,20.295932070994564,8.851997236944905,15.13382488619327,2021
2022-07-20,18.580199455704573,11.194903373718262,14.196696556863362,14.713800181063577,14.671399891837442,2021
2022-07-21,18.925963728467014,10.926273345947266,10.311274166965601,6.1902393286217094,11.588437642500397,2021
2022-07-22,18.789275016775687,10.840914726257324,10.105582282836972,8.456181582281653,12.047988402037909,2021
2022-07-23,19.33997841453359,11.31332778930664,10.553759720373774,16.49756335533736,14.426157319887842,2021
2022-07-24,20.58239154911961,12.555180549621582,10.695100732369646,16.34696616503971,15.044909749037636,2021
2022-07-25,71.74656135010036,81.74645233154297,99.36019509051184,91.82290654008494,86.16902882806002,2021
2022-07-26,88.20730232032516,98.84512329101562,138.77528186983395,89.90722803974727,103.93373388023049,2021
2022-07-27,93.69391199355921,108.03741455078125,120.86647030839742,89.8639524433518,103.11543732402242,2021
2022-07-28,99.85619580911836,115.93009948730469,151.16891000963145,89.68839200912616,114.16089932879517,2021
2022-07-29,107.79737597032118,118.1404800415039,142.53499254917824,86.89213611307801,113.84124616852034,2021
2022-07-30,103.86510125604129,113.69042205810547,120.79553414365832,92.50993618721402,107.71524841125476,2021
2022-07-31,109.1720336965372,116.2275619506836,143.64113889445267,94.05723871228749,115.77449331349024,2021
2022-08-01,106.67145760520253,115.1892318725586,117.45277716389721,89.26055399587615,107.14350515938362,2021
2022-08-02,109.31371420847181,111.673095703125,121.07638323773719,93.98530660160071,109.01212493773367,2021
2022-08-03,107.0441554840121,112.53938293457031,119.12234059200759,89.3331070201544,107.0097465076861,2021
2022-08-04,107.38739899198852,113.46966552734375,121.83097376911526,87.67173267054314,107.58994273974766,2021
2022-08-05,107.19531950881561,111.47532653808594,120.39041750351099,87.10232088075806,106.54084610779265,2021
2022-08-06,108.74513347049245,114.2493896484375,118.44758736737708,85.7350997816592,106.79430256699155,2021
2022-08-07,110.14757825037242,122.18131256103516,139.08935927094262,84.9461057513429,114.09108895842327,2021
2022-08-08,116.48533419357388,128.8397674560547,139.57531971145954,86.79334859756808,117.92344248966404,2021
2022-08-09,119.94635601300364,131.70066833496094,139.86881582564803,87.74482184696043,119.81516550514326,2021
2022-08-10,122.08144287744155,139.59274291992188,185.1309346742179,86.40300039960101,133.30203021779556,2021
2022-08-11,121.72135631706192,141.31776428222656,185.1266990130471,85.84766334826239,133.50337074014948,2021
2022-08-12,119.35822389008861,138.3170623779297,224.23916125646065,86.82284431800161,142.18432296062014,2021
2022-08-13,112.54243576402982,128.09849548339844,179.3054286240295,88.50025444183159,127.11165357832233,2021
2022-08-14,106.5467314592328,123.7820816040039,162.6841797126053,86.33215492809096,119.83628692598325,2021
2022-08-15,107.42859390623077,126.03484344482422,166.23168514946263,91.52669339905748,122.80545397489378,2021
2022-08-16,109.78349086215697,113.72715759277344,157.81574363622707,90.08679185100776,117.85329598554131,2021
2022-08-17,111.79907042884498,111.49083709716797,146.88333970850093,91.64672750138585,115.45499368397492,2021
2022-08-18,101.9931034632602,101.01591491699219,117.04104732323556,88.81278582176239,102.21571288131258,2021
2022-08-19,96.72198631898067,88.58244323730469,115.63346536158221,86.2079693355913,96.78646606336471,2021
2022-08-20,93.11198363824211,77.34469604492188,111.07814578849849,88.25101360481337,92.44645976911896,2021
2022-08-21,97.83993379948173,81.2645263671875,115.43327511634068,89.93882301789725,96.1191395752268,2021
2022-08-22,102.32870458597962,79.38282012939453,97.38454557365905,89.84381632339995,92.23497165310829,2021
2022-08-23,98.71160999178198,73.82791137695312,76.53246117634325,85.41924558690276,83.62280703299528,2021
2022-08-24,100.22884318720409,74.08169555664062,78.17844363529814,80.95051334093606,83.35987393001972,2021
2022-08-25,92.20652627245413,68.18841552734375,49.62780764887578,76.73951352899142,71.69056574441628,2021
2022-08-26,88.80433150822051,71.29219818115234,65.70780049162393,78.36789055833574,76.04305518483312,2021
2022-08-27,90.7624824292899,83.08747100830078,98.28495668385953,81.04483797218518,88.29493702340885,2021
2022-08-28,94.97550024408244,84.68470001220703,102.77816966863128,83.0278965161556,91.36656661026907,2021
2022-08-29,95.25545848639253,90.87882232666016,107.94313122181524,86.02328392775277,95.02517399065516,2021
2022-08-30,94.31748854462985,92.1998062133789,106.96169095213213,87.19433174388718,95.16832936350701,2021
2022-08-31,93.22272194022929,95.74383544921875,108.58520008875747,87.66441800706977,96.30404387131881,2021
2022-09-01,95.33493658526106,105.92436218261719,129.08786964299367,84.70041072465747,103.76189478388235,2021
2022-09-02,99.69428766461975,106.05491638183594,155.65703461243638,82.25443910162633,110.9151694401296,2021
2022-09-03,100.12569731244209,97.82154083251953,103.01989177404604,81.47417321652546,95.61032578388328,2021
2022-09-04,101.97606373750493,101.41619110107422,96.3571199955959,82.39335300379493,95.53568195949249,2021
2022-09-05,102.48661827178124,96.51901245117188,81.26022538022993,78.89334846247621,89.78980114141481,2021
2022-09-06,101.25350716737348,98.53585815429688,80.88931577218362,78.29115167422634,89.74245819202008,2021
2022-09-07,97.62387058815975,97.76276397705078,79.0661948563376,78.6303397363391,88.27079228947181,2021
2022-09-08,97.43743269226536,94.06945037841797,72.50559237924193,79.88153138001462,85.97350170748497,2021
2022-09-09,95.53822613094086,84.7335433959961,64.64872647501092,79.05171371234654,80.9930524285736,2021
2022-09-10,92.13886931512003,84.89228057861328,70.8760595917654,76.14504341453349,81.01306322500804,2021
2022-09-11,95.26557760150978,86.16664123535156,74.21355143934025,78.65232448920233,83.57452369135098,2021
2022-09-12,103.10179170363149,93.47126770019531,86.48209166553467,80.309544258547,90.84117383197712,2021
2022-09-13,102.3302850852123,92.48294830322266,106.07022650873328,83.97487427288573,96.21458354251348,2021
2022-09-14,97.39231348904234,77.80892944335938,76.0831851163594,80.49300976156415,82.94435945258132,2021
2022-09-15,98.16273617528552,77.0404052734375,68.97688461338107,79.4007416559294,80.89519192950837,2021
2022-09-16,92.99181705393192,70.59496307373047,62.61106685994528,77.39094104873566,75.89719700908583,2021
2022-09-17,88.57436929262353,74.02245330810547,68.11406278924207,77.55065203729629,77.06538435681685,2021
2022-09-18,88.96514769040218,74.22315979003906,70.44755927839644,76.68036464940546,77.57905785206079,2021
2022-09-19,89.95900433595101,77.54115295410156,88.64211458212245,79.67800327429426,83.95506878661732,2021
2022-09-20,87.57920824330537,75.58289337158203,92.99364890412785,78.49377837344198,83.66238222311432,2021
2022-09-21,89.53017866640276,78.89046478271484,85.40370413125014,77.91096034061822,82.9338269802465,2021
2022-09-22,45.920495763154136,36.46806335449219,35.76139246129564,11.46493289787435,32.40372111920408,2021
2022-09-23,42.35112212382185,29.96796226501465,24.392999285701904,13.066645197714069,27.444682218063118,2021
2022-09-24,36.64901703290931,27.472261428833008,21.158792921375696,10.874630331054496,24.038675428543126,2021
2022-09-25,32.376504334523446,26.8304386138916,24.464964461428906,11.092039347071314,23.690986689228815,2021
2022-09-26,37.0562896003328,26.0074405670166,25.97456108499522,14.495999903772978,25.8835727890294,2021
2022-09-27,31.232351512996047,22.54872703552246,20.988320960384794,12.285663258212052,21.76376569177884,2021
2022-09-28,25.91419863508766,20.834487915039062,18.689386122601004,11.094417899462687,19.133122643047603,2021
2022-09-29,23.517235895093588,20.9534912109375,21.961410585936875,11.248020302400606,19.420039498592143,2021
2022-09-30,25.55159787955519,19.609338760375977,21.293100080891236,20.09629760459213,21.63758358135363,2021
2022-10-01,23.154176942970686,18.825225830078125,16.670469386162985,14.459879602716748,18.277437940482137,2021
2022-10-02,19.81819349579399,17.626794815063477,16.54901125522966,11.96006966954676,16.48851730890847,2021
2022-10-03,18.666108717435147,17.56593132019043,15.919970685017722,11.316013480990739,15.867006050908511,2021
2022-10-04,19.533652417021212,17.732267379760742,13.762048405384618,19.51869170845466,17.636664977655307,2021
2022-10-05,25.89890784893898,22.833332061767578,15.508366463863098,22.128514111886524,21.592280121614046,2021
2022-10-06,19.35736419477378,19.090715408325195,11.152578584568062,11.645418966098235,15.311519288441318,2021
2022-10-07,18.80869292817013,17.776517868041992,11.151664195120988,13.747322976618785,15.371049491987973,2021
2022-10-08,16.757226049051194,17.01436996459961,9.641044112439502,10.356470795657437,13.442277730436937,2021
2022-10-09,18.16547975764068,17.62774085998535,11.75694793735799,19.732117730456732,16.82057157136019,2021
2022-10-10,17.599103218279428,16.87686538696289,9.905175987464014,16.267957819736317,15.162275603110661,2021
2022-10-11,18.120903168756033,17.672822952270508,11.943980559592774,16.66558114949992,16.10082195752981,2021
2022-10-12,18.852517615956213,17.1980037689209,10.461146460394868,21.405268633892753,16.979234119791187,2021
2022-10-13,18.97705840705235,17.85527801513672,12.135564842703223,16.95134562166723,16.479811721639884,2021
2022-10-14,19.357194215776676,17.2209415435791,10.855667241684701,20.106905381220216,16.885177095565172,2021
2022-10-15,23.553210509566348,19.668046951293945,11.738212441281467,21.548929228389397,19.12709978263279,2021
2022-10-16,22.676656502824446,18.905384063720703,12.95438607607469,20.95106007695605,18.87187167989397,2021
2022-10-17,21.013029495480424,17.642175674438477,9.596925872605755,17.770037184748972,16.505542056818406,2021
2022-10-18,24.23232792382544,22.04080581665039,21.832158835815545,27.03261714575337,23.78447743051119,2021
2022-10-19,25.333551872595393,20.342348098754883,28.151019637681973,31.9815913656416,26.452127743668463,2021
2022-10-20,68.16183821131565,65.0488510131836,68.55122380268371,86.62231407288266,72.09605677501641,2021
2022-10-21,73.55517250407438,74.68620300292969,89.57527868179702,98.21697513517712,84.00840733099456,2021
2022-10-22,77.08783230594375,76.92961883544922,91.9743878117095,89.47647552017129,83.86707861831844,2021
2022-10-23,78.16585495548928,80.50259399414062,105.20771068985086,88.51853255307367,88.09867304813861,2021
2022-10-24,69.31758315156112,68.85157775878906,87.75852675856032,87.98242278555207,78.47752761361565,2021
2022-10-25,76.76032942715548,81.1993408203125,107.85565428997816,89.47546345630114,88.82269699843683,2021
2022-10-26,73.73609786148411,74.05464172363281,87.13612016561203,89.81840389928104,81.1863159125025,2021
2022-10-27,48.837481522867584,50.66280746459961,65.42541732902255,56.8261596606852,55.43796649429374,2021
2022-10-28,52.9730565898545,47.586997985839844,48.85210780407959,62.17487622617854,52.896759651488125,2021
2022-10-29,47.90063545033314,46.62968063354492,52.491434962743874,59.84065888604455,51.71560248316662,2021
2022-10-30,45.675560542260754,42.74510192871094,41.7546723843236,59.8896510171906,47.51624646812147,2021
2022-10-31,53.17213379503376,46.070709228515625,47.457878145813595,58.26758242606041,51.242075898855845,2021
2022-11-01,56.26315868187546,47.67159652709961,49.17844406682816,67.11026715592953,55.0558666079332,2021
2022-11-02,54.568700711152886,47.11345291137695,50.090829763726944,70.68827997737135,55.61531584090703,2021
2022-11-03,48.80457909269881,41.87118911743164,42.21549556699368,56.59365765365058,47.37123035769368,2021
2022-11-04,47.30175939556051,35.57606887817383,34.71531387442178,56.19417473485221,43.44682922075208,2021
2022-11-05,45.57991519068233,35.17889404296875,33.303489313629875,60.13955611157584,43.5504636647142,2021
2022-11-06,46.58221216738978,35.163848876953125,33.69587498606694,58.61209736092064,43.51350834783262,2021
2022-11-07,56.79152302131149,48.28767776489258,46.98884460928379,75.46150733584768,56.88238818283388,2021
2022-11-08,52.94808289177439,44.899383544921875,45.00522849108852,71.32172770768773,53.54360565886813,2021
2022-11-09,47.72938079688294,35.90565872192383,35.9014091863392,58.89526564287782,44.607928587005944,2021
2022-11-10,47.41894461298681,33.906856536865234,29.377687049971335,45.87875143306018,39.145559908220896,2021
2022-11-11,47.744505074645495,34.77803039550781,33.15925168234443,45.44874785338474,40.28263375147062,2021
2022-11-12,47.810739874239,36.50764083862305,39.13067605447983,42.233287297189676,41.42058601613289,2021
2022-11-13,44.37140703607029,34.96198654174805,35.23856577680991,40.14125479083401,38.67830353636556,2021
2022-11-14,46.259601095357645,36.25502014160156,37.18924696627811,42.939458196029186,40.66083159981663,2021
2022-11-15,47.556993339988615,36.8738899230957,34.89447623608992,51.44142403160559,42.69169588269496,2021
2022-11-16,47.35258791175266,37.377506256103516,36.6682597810201,45.168821367194546,41.64179382901771,2021
2022-11-17,46.3887863370859,33.642086029052734,31.06819561439961,43.80900085337102,38.727017208477314,2021
2022-11-18,44.97784156536122,33.87120056152344,31.92532897314176,40.36333219036869,37.78442582259878,2021
2022-11-19,43.9568847293622,34.59627151489258,41.28792637193015,37.630978230953716,39.368015211784666,2021
2022-11-20,40.74879446267126,32.12223434448242,29.716334721843275,37.24131987919461,34.957170852047895,2021
2022-11-21,38.94594235481018,29.624963760375977,28.887388490354002,17.137460226266043,28.648938707951547,2021
2022-11-22,39.728629863585695,29.262853622436523,23.114196112847125,22.887425886810142,28.74827637141987,2021
2022-11-23,46.460163293079184,35.20514678955078,36.95203465714678,24.559363303003572,35.79417701069508,2021
2022-11-24,50.922664083575526,38.07646942138672,37.00395105867278,22.57115064975764,37.14355880334817,2021
2022-11-25,30.778888142554347,25.36319923400879,22.05492046967246,14.117381722536171,23.078597392192943,2021
2022-11-26,41.76007667555288,35.38197708129883,56.363849098093006,34.55800730873849,42.0159775409208,2021
2022-11-27,27.305487854909188,24.43878936767578,21.021890689813283,14.778351492916475,21.886129851328683,2021
2022-11-28,21.504898850303533,20.575925827026367,16.51284515437029,13.385071177887218,17.994685252396852,2021
2022-11-29,19.760910022997848,19.702537536621094,22.311822949754834,13.744215459115834,18.8798714921224,2021
2022-11-30,20.31556766111807,20.041505813598633,25.541756780682555,16.790611323095973,20.672360394623805,2021
2022-12-01,17.986450466680555,18.29548454284668,21.088397348336645,11.436484191667164,17.20170413738276,2021
2022-12-02,17.70310796837288,18.037796020507812,25.37693625052112,14.86815691881603,18.99649928955446,2021
2022-12-03,19.142735389931214,17.582172393798828,20.654932382872722,23.41371417750969,20.198388586028116,2021
2022-12-04,18.88912973249119,17.719058990478516,23.724540007858618,28.10795771199505,22.11017161070584,2021
2022-12-05,18.42397040916476,17.73822593688965,26.999893809906986,25.580209608964815,22.18557494123155,2021
2022-12-06,17.261592250918365,17.695892333984375,26.260758328991116,19.54752269217117,20.191441401516258,2021
2022-12-07,16.046338936475365,17.568944931030273,21.169606359710805,11.979958864479766,16.69121227292405,2021
2022-12-08,15.536291430339466,17.367446899414062,20.20151544460699,11.911793079536356,16.254261713474218,2021
2022-12-09,15.865449934553379,23.908466339111328,39.732593110286345,13.019089351682773,23.131399683908455,2021
2022-12-10,19.44096883467629,27.07508087158203,35.25748117123979,15.366822114654934,24.28508824803826,2021
2022-12-11,18.79371600547058,21.449920654296875,42.409682247944914,12.780189217024304,23.858377031184165,2021
2022-12-12,21.007740171700007,26.20998764038086,58.72084119629258,18.813194571559837,31.18794089498332,2021
2022-12-13,20.33724185720762,25.836130142211914,57.423137441608695,18.365353356082814,30.490465699277756,2021
2022-12-14,20.055961052150003,25.96855354309082,56.186991922890165,17.56099799433928,29.94312612811757,2021
2022-12-15,20.259030825304237,25.59076690673828,58.49816799207463,13.049596847411411,29.34939064288214,2021
2022-12-16,19.498734359205596,20.36429214477539,60.382234208206754,15.502771968970384,28.93700817028953,2021
2022-12-17,5.479332954012169,6.456905841827393,1.813893902484355,5.071618847014825,4.7054378863346855,2022
2022-12-18,11.861085000389012,12.889439582824707,16.078919457187638,-10.38647871541687,7.610741331246121,2022
2022-12-19,20.85852923049784,18.755844116210938,19.129343975440047,-22.32092484191343,9.105698120058848,2022
2022-12-20,16.71814121135413,18.602558135986328,15.840396283156634,1.2911805781328374,13.113069052157483,2022
2022-12-21,13.133186104585665,16.71283721923828,12.643477725615623,4.073136404300337,11.640659363434976,2022
2022-12-22,11.281414338242833,16.604717254638672,10.119568456157847,2.038915082039182,10.011153782769632,2022
2022-12-23,14.487016477959106,19.175617218017578,11.667412234459025,-5.103042436051311,10.056750873596098,2022
2022-12-24,10.987429592368715,16.79065704345703,5.5301364485326845,0.49384570694164687,8.45051719782502,2022
2022-12-25,13.549010417726317,19.410200119018555,8.226212174802075,2.443170880764562,10.907148398077878,2022
2022-12-26,11.29845618483032,16.890850067138672,7.757421270099027,2.353994723377788,9.575180561361451,2022
2022-12-27,14.933651874880098,21.19937515258789,10.937044040312616,-6.306275549153856,10.190948879656688,2022
2022-12-28,19.301540163093623,24.631607055664062,16.10436667385628,-15.650183761998488,11.096832532653867,2022
2022-12-29,19.03404372581414,22.09263801574707,13.784037313243166,-8.80078591422251,11.527483285145468,2022
2022-12-30,21.517026958821088,22.699216842651367,14.958989572649418,-10.110686390994271,12.2661367457819,2022
2022-12-31,24.22472896419605,25.54864501953125,15.62445027321964,-7.957812431123834,14.360002956455775,2022
2023-01-01,22.47483345410341,22.91659164428711,14.4201634736656,-5.610523090220765,13.55026637045884,2022
2023-01-02,15.578016236836108,18.405229568481445,10.862147050606946,12.9003012918173,14.43642353693545,2022
2023-01-03,23.320963242903183,24.900423049926758,18.62470542028455,-8.930511202527068,14.478895127646854,2022
2023-01-04,25.127033125324964,24.515348434448242,21.441873525498288,-16.91226988123227,13.542996301009806,2022
2023-01-05,18.345607261515525,19.357267379760742,15.961045683619059,-4.0118399735329096,12.413020087840605,2022
2023-01-06,17.33586063063161,18.239599227905273,15.03059574900926,-6.436058130961875,11.042499369146068,2022
2023-01-07,24.806015114339033,24.6422119140625,20.225914966525977,-16.15105557913021,13.380771603949324,2022
2023-01-08,21.375120172175052,22.22855567932129,16.963854259825712,-10.193671688205363,12.593464605779173,2022
2023-01-09,18.67995486314052,19.21303939819336,16.90255722297101,-8.546932389561384,11.562154773685878,2022
2023-01-10,21.329817252077994,20.75353240966797,16.98628053080692,-14.22840332179019,11.210306717690672,2022
2023-01-11,25.86853432586731,26.036293029785156,21.93243829132503,-18.41620519567602,13.85526511282537,2022
2023-01-12,27.972064718157267,29.113969802856445,24.423965236847792,-22.833508018475776,14.669122934846433,2022
2023-01-13,19.27639154212531,21.99987030029297,16.127158647772927,-9.024328403478014,12.094773021678298,2022
2023-01-14,25.528697387662042,25.014909744262695,24.515925720845885,-15.985989495877563,14.768385839223264,2022
2023-01-15,21.892662269907895,22.360193252563477,20.262599503130094,-2.8067780199764396,15.427169251406257,2022
2023-01-16,15.81908174373038,17.73016357421875,16.17958316664275,0.03249705275011294,12.440331384335497,2022
2023-01-17,15.60769317752476,17.501115798950195,15.682966428614419,14.032997014809395,15.706193104974693,2022
2023-01-18,14.115878869501074,17.623994827270508,14.107292745396064,-0.25708283343843874,11.397520902182302,2022
2023-01-19,12.473689762292734,17.297109603881836,11.882844427890067,14.422286950279352,14.018982686085996,2022
2023-01-20,11.640642074204232,16.933454513549805,11.634128251580973,16.838093068461255,14.261579476949066,2022
2023-01-21,11.442646146146345,16.70671272277832,10.687019137067287,14.004254444198791,13.210158112547687,2022
2023-01-22,10.987431602781282,16.70671272277832,10.433826357411771,10.882946461053495,12.252729286006216,2022
2023-01-23,11.186386211888252,16.254934310913086,10.426388179622867,17.719998508105235,13.89692680263236,2022
2023-01-24,11.665462547064415,15.307544708251953,9.571775492569985,17.85103038825482,13.598953284035293,2022
2023-01-25,10.863667526972367,12.844367980957031,7.631077957231837,9.000924306309825,10.085009442867765,2022
2023-01-26,10.968086059056128,12.372991561889648,8.978455968112517,15.45248106955362,11.943003664652979,2022
2023-01-27,11.132216568248932,12.144685745239258,8.978455968112517,16.014011124802753,12.067342351600864,2022
2023-01-28,11.111080640400589,11.638792037963867,7.7684129147696455,17.068648785272877,11.896733594601745,2022
2023-01-29,10.62162373670387,11.638792037963867,6.685803796308602,1.8368195467017383,7.69575977941952,2022
2023-01-30,10.537136384195813,10.987110137939453,5.851397355202449,3.303285206558323,7.669732270974009,2022
2023-01-31,10.803619030619082,11.032654762268066,5.713896465537714,-6.196627508043049,5.338385687595453,2022
2023-02-01,10.944833087101259,10.912156105041504,5.039789837227766,-7.505880940100242,4.847724522317572,2022
2023-02-02,11.165111500181869,11.08705997467041,5.607975400116494,-9.090060066098225,4.692521702217637,2022
2023-02-03,10.907109115614809,10.771968841552734,6.104027482293379,-1.7629232459301978,6.505045548382681,2022
2023-02-04,10.522315883794732,10.748406410217285,5.745476289781229,9.635408169007786,9.162901688200257,2022
2023-02-05,10.809748153804268,10.771968841552734,7.182722649972595,14.994806452928293,10.939811524564472,2022
2023-02-06,10.828011560490538,10.748406410217285,7.159175741542212,12.7598536676551,10.373861844976284,2022
2023-02-07,11.079112952996772,10.748406410217285,6.992662785340241,15.713281905972654,11.133366013631738,2022
2023-02-08,10.985730342203375,10.748406410217285,6.678748043048006,13.744540076059502,10.539356217882043,2022
2023-02-09,10.665373388276908,10.748406410217285,5.661337490570095,9.871693075467137,9.236702591132856,2022
2023-02-10,10.562182789956378,10.748406410217285,5.851397355202449,9.859532202641322,9.255379689504359,2022
2023-02-11,10.808070246551157,10.748406410217285,7.1067296217466795,16.05453899707485,11.179436318897494,2022
2023-02-12,10.569528553379799,10.748406410217285,5.965464191608888,7.994957111532708,8.819589066684669,2022
2023-02-13,10.525954387280434,10.748406410217285,5.965464191608888,1.837536921059252,7.269340477541466,2022
2023-02-14,10.440223700329742,10.748406410217285,5.965464191608888,6.941083367151757,8.523794417326918,2022
2023-02-15,10.738480689674738,10.813908576965332,6.413847309854624,7.777091392444362,8.935831992234764,2022
2023-02-16,11.122832614528436,10.888593673706055,5.531982371890579,-6.826290982985292,5.179279419284944,2022
2023-02-17,11.335615479070258,10.888593673706055,5.722042236522933,-7.0304299784205355,5.228955352719677,2022
2023-02-18,14.484738619360101,13.325545310974121,8.124727986029269,-13.492824543070409,5.610546843323271,2022
2023-02-19,11.632001826151308,10.843049049377441,6.1257640044050925,1.6527488052049009,7.563390921284686,2022
2023-02-20,10.839751725466279,11.154194831848145,5.29135756329894,4.896610567117303,8.045478671932667,2022
2023-02-21,11.14990835710966,10.771968841552734,7.2967894863790335,17.090339549071807,11.577251558528308,2022
2023-02-22,11.12400341210951,10.748406410217285,6.065081205052638,1.9783462647295682,7.478959323027251,2022
2023-02-23,11.191982349093326,10.837471008300781,6.494510177172238,10.414065339219718,9.734507218446517,2022
2023-02-24,11.046865992835418,10.748406410217285,7.182799726760047,13.2903667356252,10.567109716359488,2022
2023-02-25,11.125685824773148,10.748406410217285,7.155128501302593,12.618214002240778,10.41185868463345,2022
2023-02-26,11.50669373127536,10.748406410217285,7.396406499822784,15.744165898720485,11.34891813500898,2022
2023-02-27,11.293272600761917,10.748406410217285,7.726838334004346,13.901780596963555,10.917574485486774,2022
2023-02-28,11.472750962306378,10.748406410217285,8.242727722064242,15.030164574226918,11.373512417203706,2022
2023-03-01,11.125302039627204,10.748406410217285,7.9895349424087385,12.136064659055426,10.499827012827163,2022
2023-03-02,11.637127189403527,10.748406410217285,8.230812940928919,16.642723342257725,11.814767470701865,2022
2023-03-03,11.740570451236259,10.748406410217285,8.814144564784204,16.91040533527938,12.053381690379283,2022
2023-03-04,11.706581449978588,10.748406410217285,7.982096764619834,18.68618130296071,12.280816481944104,2022
2023-03-05,11.761007404744516,10.748406410217285,8.230812940928919,16.882615757271648,11.905710628290592,2022
2023-03-06,11.45602058061659,10.748406410217285,6.899487646158791,-0.8415046700417204,7.065602491737735,2022
2023-03-07,11.219834021228973,10.748406410217285,6.065081205052638,10.407869574265943,9.61029780269121,2022
2023-03-08,16.90250806902803,15.166504859924316,11.811295341060644,11.140372293310884,13.755170140830968,2022
2023-03-09,18.042681745272542,15.486090660095215,13.612670802897325,3.8419631060700006,12.745851578583771,2022
2023-03-10,14.446410158145435,12.91429328918457,8.596136033978201,-0.549686100337194,8.851788345242753,2022
2023-03-11,13.70250841138208,12.899223327636719,8.055069148264872,-0.17074269311254575,8.621514548542782,2022
2023-03-12,14.266770630755252,13.066962242126465,7.590357042459069,-8.245851878664402,6.669559509169096,2022
2023-03-13,19.883799601014626,18.727821350097656,14.446869558407709,-20.38162808967963,8.169215604960092,2022
2023-03-14,16.15403375519469,16.044879913330078,9.878363638640323,-5.288876182518489,9.19710028116165,2022
2023-03-15,15.26190991121793,15.363702774047852,9.88816653600087,7.099072677928495,11.903212974798787,2022
2023-03-16,14.228348620470026,13.100326538085938,9.62282569244601,4.591104226849257,10.385651269462809,2022
2023-03-17,13.746704205544734,13.401366233825684,9.384248682843756,11.418209334148026,11.98763211409055,2022
2023-03-18,12.617137261406848,12.094239234924316,8.229105977565967,8.633594050997452,10.393519131223645,2022
2023-03-19,11.717764054670361,11.638792037963867,7.717947381662912,6.47034511649596,9.386212147698274,2022
2023-03-20,12.742591144358382,11.892267227172852,10.309042904937591,14.567979214822415,12.37797012282281,2022
2023-03-21,14.020797269917967,12.063183784484863,9.32630737641512,14.50455940885894,12.478711959919222,2022
2023-03-22,27.91873203291627,22.856882095336914,25.581337927230244,21.17187093282937,24.382205747078196,2022
2023-03-23,27.5731844489569,26.114276885986328,26.66934511998224,17.296709192932074,24.413378911964386,2022
2023-03-24,30.203323038225104,27.863847732543945,27.44414741407199,15.051683683358993,25.140750467050008,2022
2023-03-25,24.510608639543246,22.995229721069336,21.588940390447906,12.326269317129906,20.3552620170476,2022
2023-03-26,19.069694480401182,18.749149322509766,18.046036163704095,11.88375209673085,16.937158015836474,2022
2023-03-27,18.57829859409098,18.615671157836914,19.044684353785488,9.555937358028165,16.448647865935385,2022
2023-03-28,19.59881203459166,18.624155044555664,18.81529510235837,15.329612360010726,18.091968635379104,2022
2023-03-29,23.546906460260956,22.052621841430664,20.281718007557686,23.85028995284724,22.432884065524135,2022
2023-03-30,30.488714752731155,27.770526885986328,27.556051536332443,24.87243502931115,27.67193205109027,2022
2023-03-31,57.778095310681074,74.76201629638672,58.703478562499456,35.32837025945307,56.64299010725508,2022
2023-04-01,34.33513584439445,33.57853317260742,27.33812516804902,15.051702502970805,27.57587417200542,2022
2023-04-02,28.481631478077023,25.862964630126953,23.53152861017809,16.269522631971878,23.536411837588485,2022
2023-04-03,25.76357305859325,21.90557098388672,23.748766814008555,15.759988194161787,21.79447476266258,2022
2023-04-04,24.080865451412055,20.612228393554688,21.697583657641566,14.099919891905015,20.12264934862833,2022
2023-04-05,23.04072021232187,19.692724227905273,19.39317264378981,17.923233325439305,20.012462602364067,2022
2023-04-06,23.963762520704197,19.51738739013672,15.783060021486286,13.203850009768324,18.11701498552388,2022
2023-04-07,22.91011056236065,19.982892990112305,19.04779321189788,12.377313037813103,18.57952745054598,2022
2023-04-08,22.340268287080786,18.788118362426758,18.571532848236235,13.536703746606108,18.30915581108747,2022
2023-04-09,21.527554084456128,18.777931213378906,19.037350372481566,15.397020128433216,18.684963949687454,2022
2023-04-10,29.512739676817105,24.10498809814453,23.541457804049966,25.65282325504331,25.70300220851373,2022
2023-04-11,33.19080318535313,28.020244598388672,26.249546484417436,23.234033344588333,27.673656903186895,2022
2023-04-12,44.76330412043502,37.586761474609375,36.33139766097489,23.433555962552536,35.52875480464296,2022
2023-04-13,28.915984658178136,23.386775970458984,17.635244367115252,12.704574312557048,20.660644827077352,2022
2023-04-14,26.726392275357405,19.087339401245117,18.143788344861665,21.240891329085482,21.29960283763742,2022
2023-04-15,23.188940776170423,17.84041404724121,22.659331404286835,10.44029127455281,18.53224437556282,2022
2023-04-16,22.690710610451283,17.679468154907227,19.42958051123483,17.665363637562667,19.366280728539,2022
2023-04-17,24.09609412929094,18.376480102539062,20.499166080231973,18.046963815745396,20.254676031951842,2022
2023-04-18,23.556465619754725,18.941621780395508,19.242571216638712,23.624340331796873,21.341249737146455,2022
2023-04-19,23.794646320479266,18.753644943237305,20.291847113962977,27.026538878745093,22.466669314106163,2022
2023-04-20,22.82403904511621,18.96641731262207,18.086263590865112,23.152041026916898,20.757190243880075,2022
2023-04-21,22.134920375986805,18.581117630004883,20.080923719837784,20.969672031458785,20.441658439322065,2022
2023-04-22,22.356128221853414,18.92191505432129,20.822598421181418,22.106188349921727,21.051707511819462,2022
2023-04-23,20.187493032933,17.56937026977539,14.965904066332351,14.412764625762922,16.783882998700914,2022
2023-04-24,19.48821130927597,17.215961456298828,13.413779858009054,15.883644627406772,16.500399312747653,2022
2023-04-25,20.457131135237578,18.208026885986328,12.99057817740382,14.962305880662319,16.65451051982251,2022
2023-04-26,21.168562500400114,18.394140243530273,13.799297678676636,23.852001560521686,19.303500495782178,2022
2023-04-27,24.515804800065624,24.171663284301758,19.15201945990121,28.623997347873683,24.11587122303557,2022
2023-04-28,20.711583002577505,18.72199058532715,12.732749664853579,17.964390349984832,17.532678400685768,2022
2023-04-29,21.358261626976216,18.60293197631836,15.492452691506294,19.728990447976336,18.7956591856943,2022
2023-04-30,20.756652928771814,18.103456497192383,14.044276455741933,17.574104201880587,17.61962252089668,2022
2023-05-01,19.321571148289863,17.456026077270508,8.205055907227704,12.645237305887704,14.406972609668944,2022
2023-05-02,20.77299636321191,18.252504348754883,11.204202333349428,12.135698023282542,15.591350267149691,2022
2023-05-03,22.468098463509143,18.851423263549805,11.685747323589563,21.24328876780057,18.56213945461227,2022
2023-05-04,22.12501455487098,18.765836715698242,12.781331784008568,24.66658443187182,19.5846918716124,2022
2023-05-05,20.991790964485908,17.995502471923828,10.170801256832185,16.77307128951334,16.482791495688815,2022
2023-05-06,20.99017458492703,17.82667350769043,9.771437135230848,16.65275157462736,16.310259200618916,2022
2023-05-07,19.71626937321923,17.246662139892578,8.149140369043854,17.967738324001523,15.769952551539298,2022
2023-05-08,23.326373440029474,21.697336196899414,14.081913982578984,28.00412060161956,21.777436055281857,2022
2023-05-09,24.08029364166537,21.77754783630371,13.472767801919051,23.97251881945439,20.825782024835632,2022
2023-05-10,21.03187876863886,17.83710479736328,8.529746580608906,18.165981243465,16.391177847519014,2022
2023-05-11,19.276537273407442,17.262195587158203,7.683389050528185,15.246912670465981,14.867258645389953,2022
2023-05-12,20.779672616774075,18.091428756713867,11.335916908781082,18.185069072977143,17.09802183881154,2022
2023-05-13,21.661776967884336,18.296855926513672,12.46466866385475,16.127712573987484,17.13775353306006,2022
2023-05-14,19.98210913400685,17.5543155670166,8.452334100186857,16.491126661461763,15.619971365668018,2022
2023-05-15,18.972513773375166,17.2257022857666,8.572157837057116,11.723115825510472,14.123372430427342,2022
2023-05-16,18.436683209508875,16.958250045776367,8.375940973250643,12.054568980132265,13.956360802167037,2022
2023-05-17,19.02491695566851,16.78195571899414,7.319421712507288,13.42169680345534,14.136997797656319,2022
2023-05-18,18.70358122750482,16.78195571899414,5.634411460187192,11.171763472837311,13.072927969880867,2022
2023-05-19,18.67964783338336,16.254934310913086,6.582674187828958,14.335339002087025,13.963148833553106,2022
2023-05-20,20.28137230666887,16.150238037109375,8.051787988812956,16.095496624160837,15.14472373918801,2022
2023-05-21,20.696138033827218,16.150238037109375,9.327340514769649,17.124507739842784,15.824556081387257,2022
2023-05-22,55.73892182701666,52.947021484375,53.439205500529404,93.21424293804145,63.83484793749063,2022
2023-05-23,69.29299593506376,72.56300354003906,72.83856423985722,98.56436815279798,78.3147329669395,2022
2023-05-24,72.07935508634945,70.29961395263672,72.39547735873569,90.75769479895546,76.38303529916932,2022
2023-05-25,80.36132833405168,85.783447265625,87.47054030454113,95.52206888681606,87.28434619775847,2022
2023-05-26,81.92817849957247,90.92009735107422,96.78821563040587,96.04264785625874,91.41978483432783,2022
2023-05-27,84.18650929275482,105.46536254882812,114.27677045155811,95.13738472350975,99.76650675416269,2022
2023-05-28,47.04021342299874,62.845977783203125,57.78724343345367,18.282673992527904,46.48902715804586,2022
2023-05-29,43.18396656327374,44.110050201416016,46.5024126945425,21.49555527789162,38.82299618428097,2022
2023-05-30,39.4404927046111,34.41761016845703,32.33871175524398,23.164778072679887,32.340398175248,2022
2023-05-31,39.49114021013255,34.61203384399414,34.56763056653086,33.59402370253893,35.56620708079912,2022
2023-06-01,38.46615801897607,35.246551513671875,29.837025230141276,27.925758522588787,32.8688733213445,2022
2023-06-02,37.986548459674964,33.570369720458984,29.5589459946526,29.04184234808291,32.539426630717365,2022
2023-06-03,39.181863665561806,33.047122955322266,27.29655604446451,24.15107230687456,30.919153743055787,2022
2023-06-04,38.43710723713133,31.310562133789062,28.182802415281767,25.86220819063053,30.948169994208172,2022
2023-06-05,36.915216620080564,30.06256866455078,30.304429630998175,25.427640276848557,30.67746379811952,2022
2023-06-06,35.18947077372882,29.526029586791992,37.88571690546787,29.444110171430857,33.01133185935489,2022
2023-06-07,35.477559422016164,29.4274959564209,36.14605340241179,27.990531239942804,32.26041000519791,2022
2023-06-08,35.367237669469695,28.983091354370117,31.091216986855326,28.40436938727423,30.96147884949234,2022
2023-06-09,35.5627732960222,29.568546295166016,35.572689250736666,30.245934532893664,32.73748584370464,2022
2023-06-10,32.865178971637945,29.667259216308594,35.710644367727404,32.35998945280684,32.650768002120195,2022
2023-06-11,32.48748857848042,28.625362396240234,35.28611782943014,26.617430891174045,30.754099923831212,2022
2023-06-12,30.286628734364374,27.61705780029297,28.639072630887892,24.77626948446283,27.829757162502016,2022
2023-06-13,31.923120108895368,28.727649688720703,31.882364141006455,24.268950561561333,29.200521125045967,2022
2023-06-14,34.1347191834344,30.286853790283203,30.650188932908424,25.024661055428112,30.024105740513534,2022
2023-06-15,34.5372347961769,29.37141990661621,31.777122489876636,20.913474777726634,29.149812992599095,2022
2023-06-16,34.39133819385024,29.29972267150879,30.376793944445254,19.89268727762225,28.490135521856637,2022
2023-06-17,33.33603649001031,29.64298439025879,33.08700433048682,28.50725983281228,31.14332126089205,2022
2023-06-18,31.06425308776142,27.94900894165039,29.336392231206766,28.649376864844413,29.249757781365744,2022
2023-06-19,31.72420580126342,27.920263290405273,28.2597067067962,23.595068147850824,27.874810986578932,2022
2023-06-20,28.2650648888005,26.269685745239258,23.895600847098148,14.967107400787144,23.34936472048126,2022
2023-06-21,24.6762658809606,20.465105056762695,16.221358723895047,15.357064466353266,19.179948531992903,2022
2023-06-22,21.741577937853133,18.935707092285156,17.916155270848403,11.04702236494074,17.41011566648186,2022
2023-06-23,20.598521218422366,18.12849998474121,16.783480634345864,12.837432295357194,17.086983533216657,2022
2023-06-24,21.055977356334154,18.687097549438477,22.747929156762215,11.347532240462561,18.45963407574935,2022
2023-06-25,20.553756807132267,18.012142181396484,16.270261816042588,14.960116060837835,17.449069216352292,2022
2023-06-26,20.297092393572093,17.634435653686523,29.14347000360023,15.319345600867399,20.59858591293156,2022
2023-06-27,20.043760241540934,17.713809967041016,19.612183348293687,18.870796353094622,19.060137477492564,2022
2023-06-28,19.590744756877125,17.846012115478516,34.14315670900958,17.86857530792848,22.362122222323425,2022
2023-06-29,19.091935549072023,17.70413589477539,30.223206032150834,12.126336229108945,19.7864034262768,2022
2023-06-30,21.068845935492053,19.502300262451172,28.042470965007595,18.938705457722428,21.88808065516831,2022
2023-07-01,21.32715753567467,19.627702713012695,36.26535337936104,12.09772609307509,22.329484930280877,2022
2023-07-02,19.781286322474685,18.80510139465332,41.260705390576796,13.504851932589128,23.337986260073485,2022
2023-07-03,20.694794773094536,18.89667320251465,38.09030374092423,13.699277778639177,22.845262373793144,2022
2023-07-04,22.493143590851425,22.047956466674805,31.804346079910317,19.083585105820724,23.857257810814318,2022
2023-07-05,46.79197514698874,70.2562484741211,81.5043766764973,82.20264709457005,70.1888118480443,2022
2023-07-06,59.05208153122379,88.37898254394531,83.17820053777791,86.95710713328835,79.39159293655884,2022
2023-07-07,77.29411365768807,92.65142822265625,90.58573494098164,75.75753405155872,84.07220271822116,2022
2023-07-08,69.0643943166453,86.14305877685547,82.50688785866022,85.38878801709343,80.7757822423136,2022
2023-07-09,72.26411075288141,92.10359191894531,80.47200142748339,81.82093845337113,81.6651606381703,2022
2023-07-10,72.78821098813205,89.4563980102539,73.24742756436292,89.25743819126606,81.18736868850374,2022
2023-07-11,66.24975593558524,83.59296417236328,56.40060485684262,86.77220684176068,73.25388295163796,2022
2023-07-12,67.08088713849746,81.47283172607422,61.16201176794999,85.06811731581429,73.69596198708399,2022
2023-07-13,68.70700241157397,73.66680908203125,60.95792754364964,83.88778550713668,71.80488113609789,2022
2023-07-14,80.05240714304307,83.61381530761719,77.95903595418203,89.07321255130967,82.67461773903798,2022
2023-07-15,70.55114432185438,76.03795623779297,49.701735106980564,85.81657559057032,70.52685281429956,2022
2023-07-16,68.61342109570043,72.0833511352539,60.376443098324394,82.80708828920744,70.97007590462154,2022
2023-07-17,71.31619331378323,75.25482177734375,64.9511041432605,80.49183030941286,73.00348738595008,2022
2023-07-18,73.1752511190136,75.64666748046875,67.55739426910195,84.50563581876877,75.22123717183827,2022
2023-07-19,77.453963433094,75.10953521728516,69.10844149327156,80.11495636897244,75.4467241281558,2022
2023-07-20,78.33517814910795,77.96620178222656,84.74743540844554,82.58955459150253,80.90959248282064,2022
2023-07-21,77.74055034579372,73.35211181640625,80.99915256055911,83.93908520636971,79.0077249822822,2022
2023-07-22,76.3079579998244,71.90476989746094,70.39779807645864,88.26444872791775,76.71874367541542,2022
2023-07-23,72.5488992206597,70.8232192993164,69.94963167347142,82.83950352791902,74.04031343034164,2022
2023-07-24,86.8160227453997,79.81683349609375,98.06817735750455,87.22003446698741,87.98026701649636,2022
2023-07-25,86.55115166929592,74.07563781738281,87.5832040560316,79.58749168745672,81.94937130754175,2022
2023-07-26,91.31064082005798,75.73417663574219,99.75360928055433,87.84405868874543,88.66062135627499,2022
2023-07-27,89.13779135765989,70.31399536132812,81.6852505393131,84.86711289102323,81.50103753733109,2022
2023-07-28,90.51174617689448,69.99274444580078,76.00359951855867,85.0150361746745,80.38078157898211,2022
2023-07-29,84.607664901849,66.02303314208984,55.68286432588174,82.9495158583924,72.31576955705324,2022
2023-07-30,85.3180064621187,66.47675323486328,66.08381959289815,85.50977936414642,75.84708966350664,2022
2023-07-31,86.95046912301957,66.09750366210938,55.723174584497016,92.55047668661943,75.33040601406135,2022
2023-08-01,91.79979339080604,69.41140747070312,58.407287855434596,88.1217409563423,76.9350574183215,2022
2023-08-02,91.09794294673955,69.18287658691406,71.39156092486768,100.28675907467628,82.9897848832994,2022
2023-08-03,94.17062416948566,70.4344253540039,71.33625247094047,88.77459857916851,81.17897514339964,2022
2023-08-04,94.24476520622218,70.41424560546875,72.82715386040036,81.13272242343557,79.65472177388172,2022
2023-08-05,91.8947883578469,73.07193756103516,96.394746238352,103.41788620072036,91.19483958948861,2022
2023-08-06,91.83210686323908,70.12588500976562,82.84750698201242,82.3850665525212,81.79764135188458,2022
2023-08-07,91.13054170515328,71.25565338134766,74.41606601698128,78.84596859149605,78.91205742374457,2022
2023-08-08,89.60086847456826,68.98351287841797,75.41274582098373,88.10779085005032,80.52622950600507,2022
2023-08-09,95.18937139120482,74.22956085205078,76.52151873701362,74.45494967232672,80.09885016314898,2022
2023-08-10,98.0267238726123,77.89751434326172,82.58437284111736,82.2859115196466,85.19863064415951,2022
2023-08-11,44.450635887412545,35.6398811340332,38.91851181095128,13.73445846792132,33.18587182507959,2022
2023-08-12,34.86672933157278,28.57749366760254,24.637495484207133,20.810123131878484,27.222960403815232,2022
2023-08-13,26.985423099024867,26.076061248779297,19.006492310909355,17.064253359370646,22.28305750452104,2022
2023-08-14,23.166415155240234,22.44667625427246,15.63191043027176,18.34647355280869,19.897868848148285,2022
2023-08-15,19.155461728783212,21.41737937927246,12.963629959265099,6.5236485230191885,15.01502989758499,2022
2023-08-16,18.647558626374312,21.01253318786621,12.807560160237058,-1.5211377951147629,12.736628544840706,2022
2023-08-17,18.18062457994709,20.091997146606445,12.479868222975602,13.178030773467475,15.982630180749155,2022
2023-08-18,20.131011615061286,18.842531204223633,10.29824968906093,26.762514961509908,19.008576867463937,2022
2023-08-19,16.983185214812654,16.83253288269043,0.08584723119404465,16.656156482408193,12.63943045277633,2022
2023-08-20,17.604200462097463,17.20901107788086,3.8606317506660695,6.695207390755412,11.342262670349953,2022
2023-08-21,17.284140147644777,16.41761016845703,3.7710033759671093,12.219248889658148,12.423000645431767,2022
2023-08-22,16.533618201622925,15.59360408782959,3.6368299212317767,6.915007453331993,10.669764916004073,2022
2023-08-23,18.01479893055258,16.3528995513916,12.344997410353708,10.912432344090837,14.406282059097181,2022
2023-08-24,16.87356338940679,15.036368370056152,9.459672510507309,12.583010305631978,13.488153643900558,2022
2023-08-25,16.581321970089512,12.894814491271973,7.35526888339102,12.605609486681345,12.359253707858462,2022
2023-08-26,15.794603680008482,12.322545051574707,5.0154285593942785,14.086979686036463,11.804889244253483,2022
2023-08-27,13.05623827958587,12.094239234924316,4.4355301338483795,15.26942204996885,11.213857424581855,2022
2023-08-28,10.984816817395458,11.638792037963867,5.054607431348048,15.47308856030288,10.787826211752563,2022
2023-08-29,10.863348689946628,11.638792037963867,6.133364118755576,15.511811377282132,11.03682905598705,2022
2023-08-30,10.426875324866337,10.987110137939453,6.6087181218881605,13.5185886424789,10.385323056793212,2022
2023-08-31,10.914902978971465,11.170886039733887,7.2240875882319955,13.424346065299941,10.683555668059322,2022
2023-09-01,10.412187182002878,10.771968841552734,6.646056527953132,10.943905881849666,9.693529608339603,2022
2023-09-02,11.902110724523117,11.660717964172363,8.19544373910165,10.805091893450813,10.640841080311986,2022
2023-09-03,12.192706157854337,12.44539737701416,9.090931100805939,9.771496592958098,10.875132807158135,2022
2023-09-04,11.401770759542769,12.217833518981934,9.700307019484177,8.94768095660408,10.566898063653241,2022
2023-09-05,11.46024513336371,12.726827621459961,10.013539243648465,10.546832079106247,11.186861019394595,2022
2023-09-06,12.190331693239111,12.93496322631836,16.562957624382467,8.481318427450068,12.542392742847502,2022
2023-09-07,12.12941203063115,14.41726303100586,18.333465672703486,11.305433974894731,14.046393677308808,2022
2023-09-08,11.852206752400399,14.005651473999023,20.97714201616888,8.53211025661668,13.841777624796244,2022
2023-09-09,12.468841925609045,15.18840503692627,23.951441347008288,8.375509083069623,14.996049348153306,2022
2023-09-10,11.979702114763485,13.45931625366211,20.23786295878266,12.72779430469391,14.60116890797554,2022
2023-09-11,10.427387258461419,12.050682067871094,14.912458100114078,13.47819534631175,12.717180693189585,2022
2023-09-12,9.829903282352834,11.815949440002441,10.045327792064862,12.229930279366735,10.980277698446718,2022
2023-09-13,11.930153769336252,11.816244125366211,15.812389826260732,15.64257506228741,13.80034069581265,2022
2023-09-14,11.988541993126809,11.297582626342773,16.210632353636203,17.250168269932857,14.186731310759662,2022
2023-09-15,11.296279798120242,11.955135345458984,13.591594818399132,10.015229309547474,11.714559817881458,2022
2023-09-16,11.725460149918327,11.843462944030762,16.92610961612016,19.946263047417798,15.110323939371764,2022
2023-09-17,11.170601404883298,12.182357788085938,12.192764137787137,21.026350934838902,14.143018566398819,2022
2023-09-18,11.502423778610156,10.785136222839355,5.076125045368114,15.827792975669917,10.797869505621886,2022
2023-09-19,13.921272868960875,12.36323356628418,7.014360807412347,17.616731374576347,12.728899654308437,2022
2023-09-20,12.090882825395106,11.054584503173828,5.687400987331291,18.225189530053505,11.764514461488432,2022
2023-09-21,11.010233552876628,11.154194831848145,6.691513589234169,17.253874637709437,11.527454152917095,2022
2023-09-22,10.165642254218405,10.771968841552734,4.50029124582641,13.626934016454308,9.766209089512964,2022
2023-09-23,10.099766810391385,11.050387382507324,5.971701185698645,13.725594271922693,10.211862412630012,2022
2023-09-24,12.712477383515296,11.838570594787598,10.197823818082352,17.50483465893919,13.063426613831108,2022
2023-09-25,10.761881640595467,10.843049049377441,7.137560862617548,12.753961073997244,10.374113156646926,2022
2023-09-26,10.29243492638045,11.114837646484375,5.805781184368945,14.164388351824277,10.344360527264513,2022
2023-09-27,12.507626871835283,12.201147079467773,12.049992585062476,16.100342770779704,13.21477732678631,2022
2023-09-28,10.50209594030906,11.121467590332031,8.336836013294509,17.184066941879358,11.78611662145374,2022
2023-09-29,10.174365223958647,11.177757263183594,4.607496543182505,11.331561616625654,9.3227951617376,2022
2023-09-30,10.359482617955388,11.432586669921875,6.40063602261825,14.937712598479552,10.782604477243765,2022
2023-10-01,10.176453118618197,10.933311462402344,11.630634606269817,17.97501408336168,12.678853317663009,2022
2023-10-02,9.893107140296204,11.114837646484375,9.307891835572986,18.59174878964071,12.226896352998569,2022
2023-10-03,9.758898054467323,10.70165729522705,-2.81750417293365,12.599857524543824,7.560727175326138,2022
2023-10-04,17.382780413006433,22.10944366455078,13.103400432898846,60.066325802691026,28.165487578286772,2022
2023-10-05,23.44978677815211,26.865947723388672,20.141141055245992,62.491160144922105,33.23700892542722,2022
2023-10-06,24.935293239417767,28.871952056884766,18.178717976185304,60.73392422638985,33.17997187471942,2022
2023-10-07,27.91562611917242,35.08047103881836,32.162471082195104,61.404590428733876,39.14078966722994,2022
2023-10-08,33.84102950855982,42.13740539550781,53.79025652139852,60.01354140007002,47.44555820638404,2022
2023-10-09,36.44079955452066,42.97426223754883,64.16797300534662,60.36071339247529,50.985937047472845,2022
2023-10-10,34.90462337640602,39.97556686401367,51.06060570709802,61.14800330880265,46.77219981408009,2022
2023-10-11,34.32559653306544,37.68278884887695,46.439624465796484,62.51961751845576,45.241906841548655,2022
2023-10-12,34.416443391817445,37.436092376708984,37.291979340281415,62.34633279772108,42.87271197663223,2022
2023-10-13,31.39998009882404,32.745723724365234,25.105355007855696,59.60370432625269,37.21369078932442,2022
2023-10-14,28.878358965905075,33.08626174926758,22.957779137848615,53.962385773777115,34.7211964066996,2022
2023-10-15,31.25821377250395,36.948997497558594,39.16701285250256,54.17926798710064,40.388373027416435,2022
2023-10-16,31.48145296140293,36.18291473388672,45.156422505132475,63.812461623065715,44.15831295587196,2022
2023-10-17,32.092100902637824,37.553062438964844,63.06351375678747,73.99922911312242,51.67697655287814,2022
2023-10-18,33.16571660633153,37.047672271728516,58.292885460187684,73.68529944717054,50.547893446354564,2022
2023-10-19,31.13492860826551,35.11461639404297,40.19459477659782,52.92474724481649,39.842221755930694,2022
2023-10-20,28.456831683848005,32.323787689208984,30.442328464349558,51.54946522305008,35.69310326511416,2022
2023-10-21,26.700140217386036,32.3129997253418,30.290647855510926,54.61138894234318,35.97879418514549,2022
2023-10-22,27.069767262653347,33.48406219482422,36.93110075954562,54.053417879447565,37.88458702411769,2022
2023-10-23,27.605021303384905,34.28528594970703,37.69840616062006,54.31913777353363,38.47696279681141,2022
2023-10-24,27.782917834070435,35.12530517578125,38.94887305579366,57.12031692766958,39.744353248328736,2022
2023-10-25,28.116416115213447,36.652000427246094,42.10475081475006,57.9054074416401,41.19464369971242,2022
2023-10-26,26.773618690228115,32.42092514038086,29.62376405762091,54.29142575344625,35.777433410419036,2022
2023-10-27,21.251764288108742,24.26419448852539,20.121849531117196,15.573050644794156,20.30271473813637,2022
2023-10-28,19.35847167609251,20.541296005249023,16.692829000965368,16.72910912113155,18.330426450859612,2022
2023-10-29,19.77577672090345,19.502609252929688,13.816504754957473,18.959280370398105,18.01354277479718,2022
2023-10-30,18.635082167060148,19.220434188842773,11.292570055909124,17.303533218619712,16.61290490760794,2022
2023-10-31,18.25617015418521,18.83467674255371,8.641458087753941,16.288387137793528,15.505173030571598,2022
2023-11-01,19.939263413956127,18.495580673217773,5.93392274511215,16.364682639579534,15.183362367966396,2022
2023-11-02,27.529250453135326,23.8304443359375,14.408975088125159,24.794240778658462,22.64072766396411,2022
2023-11-03,19.747749787971895,18.470867156982422,7.308981126850887,11.680600176331756,14.302049562034242,2022
2023-11-04,17.482415758572476,17.86470603942871,7.762693796082925,14.41794755631477,14.38194078759972,2022
2023-11-05,18.594619683979356,17.59035873413086,5.220731835374691,10.957521101901799,13.090807838846677,2022
2023-11-06,16.700716296440067,17.235376358032227,2.6504425174909265,11.706905492659336,12.07336016615564,2022
2023-11-07,16.741796684721475,17.03072166442871,2.346239623962961,10.560873014097334,11.66990774680262,2022
2023-11-08,15.27960510750016,16.84423828125,3.638035103785846,12.346285327458277,12.02704095499857,2022
2023-11-09,16.6561952166329,18.696887969970703,4.172924176209096,10.681879123397957,12.551971621552662,2022
2023-11-10,14.918307596071076,17.465099334716797,4.483769310992658,7.0347817369765355,10.975489494689265,2022
2023-11-11,12.211290784003515,17.25113296508789,5.214227924982733,19.702014865708968,13.594666634945776,2022
2023-11-12,10.88626915254362,16.883007049560547,5.2295869017213175,6.288279747997725,9.821785712955803,2022
2023-11-13,18.931325689506338,24.242326736450195,13.790408334050047,-14.52210453029985,10.610489057426683,2022
2023-11-14,20.165452034031624,23.214651107788086,11.443307063884946,7.224700471207514,15.512027669228042,2022
2023-11-15,14.214494869912448,18.282894134521484,8.438825539614326,8.114074575553976,12.26257227990056,2022
2023-11-16,18.01672672676279,21.46723747253418,12.891546368594431,16.560283713823644,17.233948570428762,2022
2023-11-17,15.290275436236323,17.73016357421875,8.380130567398838,7.017024884371098,12.104398615556251,2022
2023-11-18,14.133642853209826,17.63678741455078,6.212462456176224,-9.167431514051506,7.203865302471332,2022
2023-11-19,20.09794847264158,23.23451042175293,10.774278530259602,-17.86171442926819,9.061255748846479,2022
2023-11-20,17.989361976441444,19.304262161254883,9.863542738955895,-9.231548254271003,9.481404655595304,2022
2023-11-21,14.949573805144837,17.503868103027344,6.570270816581327,9.744604302899186,12.192079256913173,2022
2023-11-22,13.146872113490751,17.353965759277344,4.4088503086685975,13.216268828495098,12.031489252482947,2022
2023-11-23,12.32007390117037,17.158634185791016,4.694859914421537,6.822081309762515,10.248912327786359,2022
2023-11-24,10.928612503583404,16.656265258789062,6.567520308914061,6.347987567615613,10.125096409725534,2022
2023-11-25,12.0124845223116,17.672840118408203,8.02344426329992,9.880323354107071,11.8972730645317,2022
2023-11-26,11.15176560741637,16.846559524536133,7.350706628475039,10.533133799344691,11.470541389943058,2022
2023-11-27,12.832211775272718,18.770700454711914,11.035518951855725,6.994630965456553,12.408265536824228,2022
2023-11-28,11.387051760245624,17.54069709777832,7.512488960365035,8.03049281916176,11.117682659387684,2022
2023-11-29,11.380156735003787,17.656646728515625,8.250018423681711,2.979767185189081,10.066647268097551,2022
2023-11-30,11.644293476225318,18.633968353271484,8.742177165875093,14.213004795127175,13.308360947624768,2022
2023-12-01,11.798959514103693,18.469995498657227,8.692299760132506,0.4022314700938203,9.840871560746812,2022
2023-12-02,11.609046571319306,18.469995498657227,8.121308758335104,2.3003049923597647,10.12516395516785,2022
2023-12-03,11.11253013538504,17.81433868408203,6.886234370541669,5.407814894812612,10.305229521205337,2022
2023-12-04,12.585264349871204,19.122241973876953,9.478054741165172,16.78987283761972,14.493858475633262,2022
2023-12-05,11.206832806170157,18.419801712036133,8.962701955414692,6.066127040043083,11.163865878416017,2022
2023-12-06,12.183448159733643,19.402149200439453,6.7985307442018525,5.66036316850896,11.011122818220977,2022
2023-12-07,14.943292869546427,21.189016342163086,10.676578134541957,22.8447548092372,17.413410538872167,2022
2023-12-08,12.68818860017983,17.930116653442383,8.283349834992077,16.167873180783857,13.767382067349537,2022
2023-12-09,24.977057353541912,29.977741241455078,20.48912979297042,12.37873361016871,21.955665499534028,2022
2023-12-10,26.47099439759161,32.4802360534668,25.21806618195317,11.867847141258226,24.009285943567452,2022
2023-12-11,16.06047894094029,22.457504272460938,16.748178864621288,10.287185685091904,16.388336940778604,2022
2023-12-12,16.98938697973747,20.17400360107422,18.13401043495,11.131116831383183,16.60712946178622,2022
2023-12-13,14.250304795834005,17.617938995361328,15.337366419975611,5.363760132761977,13.14234258598323,2022
2023-12-14,12.064395992441288,17.262195587158203,12.158400171207651,7.355392129596703,12.21009597010096,2022
2023-12-15,10.938318157796274,17.005342483520508,11.27452712979357,11.309680079844874,12.631966962738806,2022
2023-12-16,10.574259386126359,16.70671272277832,11.07875170570107,10.338153126122695,12.174469235182109,2022
