Datetime,RF_tuned,XGB_tuned,LightGBM_tuned,SARIMAX,Ensemble_4model_tuned,anchor_year,eval_tower
2018-12-17,38.13468193245534,37.879478454589844,38.191773476784746,34.38972598780015,37.14891496290752,2018,2
2018-12-18,45.97695858447761,53.223785400390625,45.093325897165506,38.295677128770954,45.647436752701175,2018,2
2018-12-19,38.60020035002681,39.51964569091797,33.6443341312433,39.953681272137004,37.92946536108127,2018,2
2018-12-20,39.08539225821925,35.29774856567383,26.592312404337612,39.56153157251011,35.1342462001852,2018,2
2018-12-21,29.13339459996742,34.133766174316406,27.7808348879295,17.680662847401347,27.18216462740367,2018,2
2018-12-22,21.19833229254499,20.96571159362793,15.684591715567484,21.94692017742078,19.948888944790298,2018,2
2018-12-23,29.823150978852464,27.715394973754883,19.28194401489901,23.593638559795064,25.103532131825357,2018,2
2018-12-24,20.811683933727736,22.238008499145508,21.194284771930878,27.503542885328287,22.936880022533103,2018,2
2018-12-25,16.14865009201294,18.454620361328125,19.16889736824695,28.057107943065184,20.4573189411633,2018,2
2018-12-26,15.349399369603747,18.18968391418457,17.076697080603008,25.592732853569103,19.052128304490108,2018,2
2018-12-27,13.982465401175055,16.503297805786133,18.57065673965958,27.17213627609165,19.057139055678103,2018,2
2018-12-28,13.175220025507688,14.468149185180664,20.230781907564484,26.74484356258936,18.65474867021055,2018,2
2018-12-29,16.456548021855276,16.26374626159668,18.952194981644745,23.395306859422405,18.766949031129776,2018,2
2018-12-30,14.359282918708972,13.825289726257324,15.447663717994965,25.50825397476885,17.28512258443253,2018,2
2018-12-31,13.01833693061469,13.542811393737793,9.427341421396159,25.355803472488144,15.336073304559196,2018,2
2019-01-01,12.534085575911204,13.39645004272461,11.130981977574034,26.121713677084582,15.79580781832361,2018,2
2019-01-02,12.772107125230091,13.62916088104248,15.988863306315757,28.480946966706163,17.717769569823623,2018,2
2019-01-03,12.765873673277186,12.969746589660645,13.88283743312345,28.458678887841373,17.01928414597566,2018,2
2019-01-04,12.649952290695124,12.196462631225586,12.870084509061604,29.07875973201059,16.698814790748226,2018,2
2019-01-05,12.382217055589113,11.82115364074707,11.130308466561262,28.445685654572472,15.94484120436748,2018,2
2019-01-06,12.04631239279503,11.046067237854004,13.17877149525469,27.878599044960993,16.03743754271618,2018,2
2019-01-07,16.367035109488956,14.65536880493164,16.66327457196032,24.31844137956135,18.001029966485568,2018,2
2019-01-08,13.885217830037142,11.236045837402344,11.869485512204399,25.78209714204377,15.693211580421913,2018,2
2019-01-09,13.235784793665282,11.328436851501465,16.3398021894984,29.90988119533212,17.703476257499318,2018,2
2019-01-10,12.63951109351373,12.131600379943848,17.58983180335495,29.60361546403895,17.99113968521287,2018,2
2019-01-11,11.965209987544062,11.042044639587402,13.373968195503007,28.56279318276879,16.236004001350814,2018,2
2019-01-12,17.40572197819277,14.930974960327148,13.606754171365926,24.998372827029335,17.735455984228796,2018,2
2019-01-13,21.76673659778401,16.922765731811523,16.771692995656785,23.983968364794038,19.86129092251159,2018,2
2019-01-14,16.120676775972584,13.38974666595459,14.340245154704096,27.230078986400173,17.77018689575786,2018,2
2019-01-15,14.74166073978628,11.947790145874023,13.277622636830113,28.499066246298412,17.116534942197205,2018,2
2019-01-16,18.934167287798772,13.463650703430176,13.681560043486005,28.319206625246075,18.599646164990254,2018,2
2019-01-17,15.95446400637132,11.695788383483887,11.363408193988942,29.37621507168231,17.097468913881613,2018,2
2019-01-18,20.268174258437927,14.199333190917969,14.601459929041136,30.418034475867287,19.87175046356608,2018,2
2019-01-19,16.048759688846204,12.207505226135254,10.057537571156463,32.453837147431464,17.691909908392347,2018,2
2019-01-20,13.927624672577117,11.087696075439453,7.552223755309504,32.77265197585507,16.335049119795286,2018,2
2019-01-21,15.08778296346173,12.462453842163086,11.921017790834407,31.59604827927759,17.766825718934204,2018,2
2019-01-22,15.569560205695588,11.03183364868164,6.560960155559055,30.875787818687634,16.009535457155977,2018,2
2019-01-23,14.888780146763864,10.895057678222656,8.097160991744161,26.73469795507848,15.15392419295229,2018,2
2019-01-24,15.81955004560269,10.894399642944336,9.359688892891048,34.768040332531925,17.7104197284925,2018,2
2019-01-25,16.271522957645445,11.462193489074707,7.983323916870702,24.768235237313412,15.121318900226067,2018,2
2019-01-26,29.692956566893933,23.217002868652344,14.229076857210387,30.506287553885606,24.411330961660568,2018,2
2019-01-27,27.710339360589646,21.08696746826172,10.671303441829801,29.084441832942534,22.138263025905925,2018,2
2019-01-28,20.039459269677046,13.918290138244629,9.581088383462351,32.28494081846176,18.955944652461447,2018,2
2019-01-29,20.484599642622232,13.738783836364746,10.288602661724026,33.16776868867417,19.419938707346294,2018,2
2019-01-30,22.24481904785434,15.000008583068848,12.088742184625591,34.57475328892839,20.97708077611929,2018,2
2019-01-31,21.932007939168802,15.077247619628906,12.987902005892732,36.297620545637216,21.573694527581914,2018,2
2019-02-01,21.447047748014203,14.121928215026855,13.542847360210994,35.28187567212821,21.098424748845062,2018,2
2019-02-02,20.112057497729612,13.900046348571777,12.903498135046075,33.33812271141166,20.06343117318978,2018,2
2019-02-03,20.597854923016566,14.678071975708008,10.273292764267827,34.722567262992534,20.067946731496235,2018,2
2019-02-04,25.369956734783468,17.0269718170166,19.58555437036626,45.94962402501102,26.983026736794336,2018,2
2019-02-05,23.75802352767647,16.75956916809082,14.590964089094546,34.77894933806262,22.471876530731116,2018,2
2019-02-06,21.65275391671157,14.244340896606445,10.93843429264229,34.517414037023265,20.338235785745894,2018,2
2019-02-07,29.836777823763907,22.469297409057617,22.724655274099465,32.25504465117973,26.82144378952518,2018,2
2019-02-08,34.00913413059757,43.09037780761719,47.49877309038978,42.07801712747492,41.66907553901987,2018,2
2019-02-09,29.043677219793594,24.77345848083496,26.709068735285978,32.4318882273739,28.23952316582211,2018,2
2019-02-10,31.539706568283908,28.487781524658203,24.304895509040403,33.00377637937414,29.33403999533916,2018,2
2019-02-11,21.167944685962436,19.14495086669922,17.287210764339026,34.0869894508676,22.921773941967068,2018,2
2019-02-12,19.343271546090484,16.290042877197266,15.43666051797458,35.675598588263135,21.686393382381368,2018,2
2019-02-13,19.30741448582842,14.529680252075195,13.802527994086775,38.77059118769805,21.602553479922108,2018,2
2019-02-14,18.83723824293978,14.195801734924316,14.402514273062843,35.3474659255486,20.695755044118883,2018,2
2019-02-15,19.061192503579093,14.345255851745605,14.094650601258463,39.838627532696336,21.834931622319875,2018,2
2019-02-16,20.091938087316485,15.568560600280762,16.29238562246423,39.69459952576484,22.91187095895658,2018,2
2019-02-17,23.973753632011583,17.81264877319336,16.00817032976096,38.845802550497,24.160093821365724,2018,2
2019-02-18,19.78855735722194,16.429601669311523,13.811899071098418,39.14339722786497,22.293363831374215,2018,2
2019-02-19,19.555577841946015,14.98302936553955,12.312053358112367,37.12628738271824,20.99423698707904,2018,2
2019-02-20,22.0632463965361,17.40330696105957,13.985959043991837,43.63895260677452,24.27286625209051,2018,2
2019-02-21,18.80636482406464,16.6434383392334,12.561060288480787,43.602025601457235,22.90322226330902,2018,2
2019-02-22,18.499364942833353,14.906668663024902,12.682634420762605,34.15635542974327,20.06125586409103,2018,2
2019-02-23,17.779010270165355,14.441469192504883,11.372564474993162,40.12648574635116,20.92988242100364,2018,2
2019-02-24,17.021409754045997,14.195801734924316,11.242468707436128,38.54785656347395,20.2518841899701,2018,2
2019-02-25,18.050326828200202,14.154768943786621,11.506208688548652,43.46863948501458,21.794985986387513,2018,2
2019-02-26,18.928877568805227,14.098444938659668,10.410409056973915,44.910299557942814,22.087007780595407,2018,2
2019-02-27,17.59863373609251,13.795296669006348,11.694178983411213,39.904683665622024,20.748198263533023,2018,2
2019-02-28,25.673930392055254,17.747495651245117,22.14625056227287,46.25841829044456,27.956523724004448,2018,2
2019-03-01,19.04251445122955,15.12575912475586,17.895388347482168,39.00257165474739,22.76655839455374,2018,2
2019-03-02,26.061669187111754,17.906156539916992,26.646776725096625,43.81306351433065,28.606916491614005,2018,2
2019-03-03,29.046202123606914,24.549219131469727,34.44808002785446,43.11362431877826,32.78928140042734,2018,2
2019-03-04,25.088283401629234,20.342227935791016,18.571640790572754,31.66770182689106,23.917463488721015,2018,2
2019-03-05,32.618966773573185,34.73005676269531,31.71093174461918,38.94202731413793,34.500495648756406,2018,2
2019-03-06,29.545811395585186,27.270851135253906,29.71868310153809,41.13307638554701,31.91710550448105,2018,2
2019-03-07,29.000906565679507,25.490812301635742,20.342895417599696,33.990197434181155,27.206202929774026,2018,2
2019-03-08,26.727676171427266,21.164525985717773,17.896381233964128,37.05826393439653,25.711711831376427,2018,2
2019-03-09,24.199319452807167,18.685413360595703,15.941087135828912,36.84637537446945,23.918048830925308,2018,2
2019-03-10,28.61653431924146,28.3160343170166,30.16708658897527,39.40803806739223,31.62692332315639,2018,2
2019-03-11,26.917111475370692,22.449743270874023,22.08243040781707,38.755482199192635,27.551191838313606,2018,2
2019-03-12,34.48415916479512,35.71657180786133,38.334378675948955,40.63347298179931,37.29214565760118,2018,2
2019-03-13,29.307841283921693,30.62009620666504,32.02101271882823,34.228928550239154,31.544469689913527,2018,2
2019-03-14,31.52995300277287,36.81104278564453,42.25167500288965,55.20595006470514,41.44965521400305,2018,2
2019-03-15,30.04648933149916,35.973731994628906,41.80838637335775,53.96130764325833,40.447478835686034,2018,2
2019-03-16,30.023053743297314,33.64695739746094,35.992159200150105,40.23157774617997,34.97343702177208,2018,2
2019-03-17,24.436912880773953,22.2181453704834,18.732920162049634,33.91694055347382,24.8262297416952,2018,2
2019-03-18,18.409937793250258,16.95425033569336,13.232295414241284,32.4132272784165,20.25242770540035,2018,2
2019-03-19,17.17569649559827,16.92656707763672,11.54243822123355,37.91496957522176,20.889917842422577,2018,2
2019-03-20,15.492701723844137,17.149911880493164,13.984319132354182,35.49744478208368,20.53109437969379,2018,2
2019-03-21,14.326492966177108,16.181787490844727,9.055829613159016,34.013282940158334,18.394348252584795,2018,2
2019-03-22,14.053610586444156,14.07087516784668,9.747807475601668,33.78333846087262,17.91390792269128,2018,2
2019-03-23,13.673964882552998,14.303622245788574,13.286050865089328,34.70867204159367,18.993077508756144,2018,2
2019-03-24,13.63360845906065,13.797568321228027,8.755590942415925,36.23038850821157,18.10428905772904,2018,2
2019-03-25,13.981889691917768,13.439702987670898,9.807369424272812,41.739552392613376,19.742128624118713,2018,2
2019-03-26,13.327089134458575,13.057256698608398,7.4851932947425865,35.213021221854355,17.270640087415977,2018,2
2019-03-27,12.947426658182323,12.201130867004395,6.331226418416267,39.63849828479648,17.779570557099866,2018,2
2019-03-28,12.748574653534735,11.553771018981934,5.8819035820635195,40.5432322478307,17.68187037560272,2018,2
2019-03-29,13.264860195106456,11.155730247497559,6.831509102439457,41.0288458953404,18.07023636009597,2018,2
2019-03-30,12.880847445996833,10.792768478393555,6.698768768289823,39.603855928242645,17.494060155230713,2018,2
2019-03-31,13.296931968786401,11.151493072509766,8.279010035739242,41.20277443264718,18.482552377420646,2018,2
2019-04-01,13.522301816520866,11.093708038330078,8.183300082599999,38.74781299558847,17.886780733259855,2018,2
2019-04-02,14.581699754431456,10.763310432434082,7.001219289585664,36.186919897582264,17.133287343508364,2018,2
2019-04-03,14.052353381115122,10.773721694946289,8.20313153757223,36.77313350450368,17.45058502953433,2018,2
2019-04-04,19.004816017878788,14.81801986694336,14.30230130713693,38.0566950919228,21.54545807097047,2018,2
2019-04-05,24.617439560283852,26.336627960205078,16.224449103301374,38.589002325199914,26.441879737247554,2018,2
2019-04-06,17.958719069745737,15.981321334838867,12.780990603609649,40.597504932621305,21.82963398520389,2018,2
2019-04-07,16.938367750934457,13.579590797424316,11.176254909818272,39.510279349311666,20.30112320187218,2018,2
2019-04-08,15.991734218819087,13.804887771606445,10.571654124283958,38.72987688461615,19.77453824983141,2018,2
2019-04-09,15.01378906609152,14.052242279052734,9.69337511707858,39.807113908178046,19.64163009260022,2018,2
2019-04-10,14.415978805891765,13.740119934082031,10.760114834037198,39.98829397106179,19.726126886268197,2018,2
2019-04-11,14.195292840546761,13.555407524108887,9.718695578706079,39.80260964072801,19.318001396022435,2018,2
2019-04-12,14.33138876956356,13.784534454345703,10.27479193792247,39.13001666860917,19.380182957610227,2018,2
2019-04-13,15.026555995274936,13.725375175476074,11.397540110746784,38.14200887621655,19.572870039428587,2018,2
2019-04-14,17.73264619971767,14.808670043945312,10.50203492268605,38.92021570875322,20.490891718775565,2018,2
2019-04-15,20.30727815880853,15.367810249328613,12.434629269543064,35.037050889203485,20.786692141720923,2018,2
2019-04-16,15.82493703308199,12.562387466430664,8.221102621017039,39.0438632505779,18.9130725927769,2018,2
2019-04-17,14.975741737577636,12.706793785095215,7.699005313275765,37.61458718601459,18.2490320054908,2018,2
2019-04-18,14.818486372060693,12.542762756347656,7.598013414116957,38.50036578015081,18.364907080669028,2018,2
2019-04-19,13.851501555523164,11.575235366821289,12.363711789595413,39.04978521433061,19.21005848156762,2018,2
2019-04-20,13.378567779077034,11.229703903198242,11.823600047868357,38.67073515721695,18.77565172184015,2018,2
2019-04-21,13.578765607730814,11.065549850463867,10.45694953209594,38.18223460908134,18.32087489984299,2018,2
2019-04-22,14.114447952288266,11.521471977233887,8.94499658409063,36.89632934804285,17.869311465413908,2018,2
2019-04-23,13.748480838924454,11.389086723327637,11.570781549774965,37.90730229957392,18.653912852900245,2018,2
2019-04-24,15.897705297742352,12.125436782836914,13.805767266601864,37.48314973984618,19.828014771756827,2018,2
2019-04-25,16.061697536494936,13.363174438476562,13.383635651351648,35.672182483881315,19.620172527551116,2018,2
2019-04-26,18.14398805452172,15.110150337219238,14.205758406765037,35.180019789679875,20.659979147046467,2018,2
2019-04-27,24.303314350453306,20.269824981689453,18.646109653618566,30.453144143079022,23.41809828221009,2018,2
2019-04-28,16.255315451248105,13.03034782409668,13.539078338334706,35.619400580926985,19.61103554865162,2018,2
2019-04-29,15.127371831906709,11.835816383361816,11.40243559854427,36.64777067128456,18.75334862127434,2018,2
2019-04-30,13.780368372955092,12.202839851379395,9.630132163639278,35.64778987036035,17.815282564583526,2018,2
2019-05-01,12.91680291901868,10.10252857208252,8.916295900122407,36.343828111109275,17.06986387558322,2018,2
2019-05-02,13.37178026939917,9.838024139404297,7.47989866247917,34.30800195379007,16.249426256268176,2018,2
2019-05-03,13.162369207582154,10.289011001586914,8.402130099133949,35.04416464012506,16.72441873710702,2018,2
2019-05-04,12.934185780378138,10.580789566040039,7.418133177553739,35.990583515706746,16.730923009919664,2018,2
2019-05-05,12.53143827842061,10.281980514526367,8.632214409366947,35.812415584235936,16.814512196637466,2018,2
2019-05-06,12.173162435477716,10.531411170959473,11.712546048489324,36.79371391341554,17.802708392085513,2018,2
2019-05-07,12.48439232413109,10.264252662658691,7.486904736871812,34.91186448271135,16.286853551593236,2018,2
2019-05-08,26.19217613170914,35.427886962890625,41.22501153203327,37.392737202059564,35.05945295717315,2018,2
2019-05-09,18.83109432231128,19.52463150024414,15.162307533346127,36.55288047261156,22.51772845712828,2018,2
2019-05-10,15.03249081348436,14.655126571655273,12.438304279901333,35.314277770499984,19.360049858885237,2018,2
2019-05-11,13.773394189644732,13.271092414855957,10.416593101857814,34.17895682995432,17.91000913407821,2018,2
2019-05-12,13.290740898743401,13.354122161865234,15.55629807458929,35.305126225055325,19.376571840063313,2018,2
2019-05-13,13.091357504802744,13.19301986694336,10.655374568750599,35.33783610437581,18.06939701121813,2018,2
2019-05-14,12.827479036174815,12.024914741516113,11.264522816864895,33.860194191808745,17.49427769659114,2018,2
2019-05-15,12.783000693629083,12.294914245605469,12.965306300296897,34.44552750676023,18.12218718657292,2018,2
2019-05-16,11.97781049797644,11.029881477355957,6.907684104841873,34.470232805776426,16.096402221487676,2018,2
2019-05-17,11.372945392045969,10.379228591918945,6.472370382868138,34.926433234163355,15.787744400249103,2018,2
2019-05-18,11.017152775549187,10.482312202453613,6.212004570619485,34.63539222216567,15.586715442696988,2018,2
2019-05-19,10.951455534183426,10.043278694152832,6.669408926167079,32.81517923925994,15.119830598440819,2018,2
2019-05-20,10.65262709482234,10.133277893066406,6.818830439776433,32.82375429098286,15.10712242966201,2018,2
2019-05-21,10.450790492388986,10.247699737548828,6.582401071259324,33.03275252235363,15.078410955887692,2018,2
2019-05-22,10.105755805794908,9.919683456420898,5.141595156397953,33.415925482921175,14.645739975383734,2018,2
2019-05-23,10.016406342417863,9.907062530517578,8.439671490361503,32.36899558688892,15.183033987546466,2018,2
2019-05-24,10.222291305134437,10.05632495880127,7.392989417450958,30.955746505385076,14.656838046692936,2018,2
2019-05-25,9.84628875385919,10.325966835021973,11.225082915480519,31.29778421163158,15.673780678998316,2018,2
2019-05-26,11.223756684360817,12.35706615447998,13.122870900594503,30.382066070114245,16.771439952387386,2018,2
2019-05-27,11.366482368213461,11.88330078125,10.989009322333978,29.50206121067214,15.935213420617394,2018,2
2019-05-28,11.15543426232731,10.435556411743164,10.95088643483311,29.12170995522053,15.415896766031029,2018,2
2019-05-29,11.667693088692138,10.806760787963867,12.935505344947815,29.99400461624414,16.35099095946199,2018,2
2019-05-30,10.74714174138883,11.955474853515625,13.496083287036168,29.719061610992124,16.47944037323319,2018,2
2019-05-31,9.829621321467183,9.781129837036133,12.997702268999207,31.384379742996877,15.99820829262485,2018,2
2019-06-01,9.154864599500625,9.467461585998535,5.021538094959961,30.64348204199263,13.571836580612938,2018,2
2019-06-02,9.942855120779571,11.465964317321777,15.5965914337722,29.665386949206106,16.667699455269915,2018,2
2019-06-03,10.195803281203803,9.574707984924316,14.211219028936034,30.08683851603635,16.017142202775126,2018,2
2019-06-04,11.410158333404098,11.755234718322754,10.386377316699035,30.766570094135233,16.079585115640278,2018,2
2019-06-05,9.889624819685746,8.83216381072998,8.67921289995329,29.248380277723335,14.162345452023088,2018,2
2019-06-06,9.211020486323179,8.422078132629395,7.080149364905116,29.950786903894773,13.666008721938116,2018,2
2019-06-07,17.983204154495088,27.59264373779297,18.15509107041187,28.359941475673654,23.022720109593394,2018,2
2019-06-08,11.661210289494337,13.482760429382324,5.849025686436351,24.498526360922614,13.872880691558905,2018,2
2019-06-09,9.468586946761254,7.997830390930176,2.4619032214300782,31.26270473752302,12.797756324161131,2018,2
2019-06-10,9.127130433195706,8.973600387573242,2.19333600974885,30.315900762687132,12.652491898301232,2018,2
2019-06-11,8.804476091326306,8.291740417480469,1.3474470975523067,27.310764284070242,11.438606972607332,2018,2
2019-06-12,8.343463992586056,7.601150989532471,1.3474470975523067,30.695782464424905,11.996961136023934,2018,2
2019-06-13,7.968886434895812,7.357290267944336,1.1378076291864632,27.4202395151795,10.971055961801527,2018,2
2019-06-14,7.8667602722443215,6.291913032531738,0.7827748769207402,26.621920062424056,10.390842061030213,2018,2
2019-06-15,7.204153355413281,6.225991725921631,2.3509589979914605,27.066051501625214,10.711788895237897,2018,2
2019-06-16,6.266381563699447,6.16784143447876,1.9404191750414064,24.43050228485676,9.701286114519093,2018,2
2019-06-17,5.210908453127872,6.051339149475098,1.8978220235647976,26.286047906753627,9.861529383230348,2018,2
2019-06-18,6.03996987910639,6.365371227264404,6.680808707606293,30.569508284321284,12.413914524574594,2018,2
2019-06-19,5.864691365317739,6.199066638946533,4.806942725368678,27.581446798203146,11.113036881959024,2018,2
2019-06-20,5.858489197654504,6.197582244873047,2.5996823226970456,24.95782136996647,9.903393783797767,2018,2
2019-06-21,6.015050912819034,6.255183219909668,1.0639241575496128,27.258444125464667,10.148150603935745,2018,2
2019-06-22,5.932694071288265,6.255183219909668,2.2851710543743495,26.093954646758274,10.14175074808264,2018,2
2019-06-23,5.154005212860521,5.927223205566406,3.1007036005998163,26.16856515095487,10.087624292495404,2018,2
2019-06-24,4.970488117301176,5.927223205566406,4.81221416882306,27.909397345271152,10.90483070924045,2018,2
2019-06-25,5.120785759850231,6.26957368850708,2.8060240213492764,28.47354382973745,10.66748182486101,2018,2
2019-06-26,5.206489444275835,6.043396472930908,4.230697522220684,27.204056166085195,10.671159901378156,2018,2
2019-06-27,4.875392177787102,6.975395679473877,3.4759678111966426,24.24346275798156,9.892554606609796,2018,2
2019-06-28,4.401970493956263,5.841245174407959,0.35621875350067883,22.02525381057525,8.156172058110037,2018,2
2019-06-29,4.673144008695815,6.353402614593506,1.137741949140228,24.821948284213924,9.246559214160868,2018,2
2019-06-30,4.116735695926533,5.813732147216797,0.5195183024553259,21.38806516885354,7.9595128286130485,2018,2
2019-07-01,4.387788232095434,5.776638031005859,5.036206229363143,22.078000418699055,9.319658227790873,2018,2
2019-07-02,4.5360100391906135,5.776638031005859,3.326324709012578,25.75497867201969,9.848487862807186,2018,2
2019-07-03,4.353392112960812,6.0000739097595215,7.002407318480285,27.273995248961572,11.157467147540547,2018,2
2019-07-04,4.6785883952842715,6.967396259307861,1.4715565440382001,26.194868409082815,9.828102401928287,2018,2
2019-07-05,4.179436701964177,6.312732219696045,0.8273926931210213,26.030516440657326,9.337519513859643,2018,2
2019-07-06,3.49937234539955,5.801279067993164,4.843455084028317,24.10911969359745,9.563306547754621,2018,2
2019-07-07,3.6135643476546075,5.755234718322754,2.1332532143968934,24.566907739352256,9.017240004931628,2018,2
2019-07-08,3.9480864960194895,5.919862747192383,2.8783444484166516,25.182186034510096,9.482119931534655,2018,2
2019-07-09,4.068421344159319,6.287136077880859,3.214886835870568,24.992803446350145,9.640811926065222,2018,2
2019-07-10,3.7478057140912635,6.393526077270508,5.044572985666803,24.612075788143386,9.94949514129299,2018,2
2019-07-11,3.8585585699980824,5.532371520996094,1.965974227776378,23.532941982841034,8.722461575402898,2018,2
2019-07-12,3.721012824538223,5.474587440490723,1.0762891933879823,20.310522447203756,7.64560297640517,2018,2
2019-07-13,3.754807791945473,5.532371520996094,1.3542692967642909,22.3788340851268,8.255070673708165,2018,2
2019-07-14,3.9797395915322014,6.125823020935059,0.8882626041157151,24.249242094370313,8.810766827738322,2018,2
2019-07-15,3.997289589923843,6.19049072265625,2.3901169120518353,23.91401652142185,9.122978436513446,2018,2
2019-07-16,4.232587087892527,6.123682975769043,1.140376699815854,23.632085393035286,8.782183039128178,2018,2
2019-07-17,3.8385023477837246,5.604361057281494,1.4524974490376843,22.027252686868312,8.230653385242803,2018,2
2019-07-18,4.103844918023094,5.604361057281494,1.6536709987060043,19.50307115161604,7.716237031406658,2018,2
2019-07-19,4.354560660557294,5.947585582733154,1.4885577466753779,19.13927746861655,7.732495364645594,2018,2
2019-07-20,4.099591515651203,5.468099117279053,1.6077219891016654,16.319000437074486,6.873603264776602,2018,2
2019-07-21,4.098465760397253,5.459591865539551,2.4399549416786726,18.63950971639729,7.659380571003192,2018,2
2019-07-22,4.543019924154245,5.551397323608398,0.9451980852999896,19.488030431331836,7.631911441098617,2018,2
2019-07-23,4.368600701561571,5.544075965881348,0.11570218428182659,20.45389462869015,7.620568370103724,2018,2
2019-07-24,4.435292096432401,5.863386631011963,-0.9533620073792306,19.189723956349788,7.133760169103731,2018,2
2019-07-25,4.367256328786113,5.656585216522217,-1.370589355109997,18.009359223010012,6.6656528533020865,2018,2
2019-07-26,4.313658773488818,6.038747787475586,6.894624860530745,18.935732147076617,9.045690892142941,2018,2
2019-07-27,3.8822790894134926,5.922060966491699,6.628728995928306,16.999704414570846,8.358193366601085,2018,2
2019-07-28,4.436389417937944,6.400070667266846,-0.9468011621540273,18.392110211281434,7.0704422835830485,2018,2
2019-07-29,4.877652808409835,6.570565223693848,1.1405439808326114,18.207083971698854,7.698961496158787,2018,2
2019-07-30,4.773233050248085,5.824586868286133,3.1247722456733715,14.387694853989487,7.027571754549269,2018,2
2019-07-31,4.256572997143236,6.200466632843018,2.0338661575282955,17.0290725715851,7.379994589774912,2018,2
2019-08-01,4.436461148052261,6.672250747680664,-2.6744253987140225,20.43379456158342,7.21702026465058,2018,2
2019-08-02,4.74592728851831,6.866034507751465,-0.980828907124905,19.98171290747327,7.653211449154535,2018,2
2019-08-03,4.358140707167598,6.1585917472839355,7.791013034510629,16.442692999069344,8.687609622007876,2018,2
2019-08-04,4.49810430284407,6.328811168670654,10.040671232555047,17.69486276747238,9.640612367885538,2018,2
2019-08-05,4.489528590949088,6.328811168670654,7.474509753226557,15.101664501248258,8.348628503523638,2018,2
2019-08-06,4.308162911114341,6.243382930755615,6.2932387244386305,12.807747948827075,7.413133128783915,2018,2
2019-08-07,4.298212916807911,6.572916030883789,1.9747123867390493,13.884146398547287,6.68249693324451,2018,2
2019-08-08,4.35210850312981,6.637292385101318,3.16763119876819,16.816911585079595,7.7434859180197275,2018,2
2019-08-09,6.110640232565006,7.607483863830566,4.073067425300276,9.934306950098716,6.9313746179486415,2018,2
2019-08-10,9.72289761846203,12.413537979125977,10.450301636957136,6.865871134334715,9.863152092219964,2018,2
2019-08-11,5.96286091048034,8.302252769470215,8.17150883217822,12.241521395515559,8.669535976911085,2018,2
2019-08-12,5.003167842264104,8.941733360290527,8.342114758278338,14.649956168578566,9.234243032352884,2018,2
2019-08-13,5.075347661603325,8.54959774017334,5.751437045697581,16.038836973338196,8.85380485520311,2018,2
2019-08-14,4.777785520945534,8.491697311401367,4.089660159963646,11.383682232508853,7.1857063062048505,2018,2
2019-08-15,4.573644706222933,8.97391128540039,3.9996647664843112,11.150573196585231,7.1744484886732165,2018,2
2019-08-16,4.780796173484072,8.887516021728516,5.102939741249381,11.877863445895322,7.662278845589323,2018,2
2019-08-17,4.492930076000941,8.48783016204834,5.554866071104814,12.534302263780436,7.767482143233633,2018,2
2019-08-18,4.637978647151377,8.48783016204834,5.470556911981752,10.757999003319714,7.338591181125296,2018,2
2019-08-19,4.593141026892843,7.860595226287842,5.078833852120779,10.553376384341927,7.021486622410848,2018,2
2019-08-20,5.2125674789508,8.600539207458496,6.548778467018573,13.382282417750663,8.436041892794632,2018,2
2019-08-21,5.222078776101689,8.615132331848145,6.479505684219637,14.520096973691633,8.709203441465277,2018,2
2019-08-22,5.550963652074282,7.880265712738037,5.571510998450007,14.42038852418202,8.355782221861087,2018,2
2019-08-23,5.52081245297538,9.045998573303223,4.514727604156201,14.806811995761489,8.472087656549075,2018,2
2019-08-24,5.78253636348189,9.206534385681152,4.730217968017458,13.471421557602643,8.297677568695786,2018,2
2019-08-25,5.861199985515957,9.398764610290527,6.043809380282935,14.956122453173052,9.064974107315617,2018,2
2019-08-26,5.6730502479480664,10.013279914855957,9.075497077698516,15.90531019677022,10.16678435931819,2018,2
2019-08-27,6.432842042425807,9.738449096679688,9.249862637842844,16.17247752094087,10.3984078244723,2018,2
2019-08-28,7.947990468882304,10.72498607635498,12.259386406231375,13.647023325469398,11.144846569234513,2018,2
2019-08-29,6.0939046905711685,8.011319160461426,5.486928432801971,12.18207619497636,7.9435571197027315,2018,2
2019-08-30,5.409498777400947,8.550756454467773,6.071488929795037,11.25403692052512,7.82144527054722,2018,2
2019-08-31,5.40415698557194,8.708030700683594,6.575400722507887,9.950701948043857,7.65957258920182,2018,2
2019-09-01,5.909222077692723,8.560975074768066,6.496389699262825,11.876864982661015,8.210862958596158,2018,2
2019-09-02,5.1237759652229915,8.067322731018066,6.076203069467196,11.817121241801853,7.771105751877527,2018,2
2019-09-03,5.61257754228178,8.70566463470459,8.865048320793186,10.837727481277643,8.5052544947643,2018,2
2019-09-04,7.413719570082039,9.973564147949219,12.474501005560938,6.19853748162586,9.015080551304514,2018,2
2019-09-05,6.675249961740186,8.91199016571045,8.023039206271546,9.468425798034605,8.269676282939198,2018,2
2019-09-06,6.564515603462052,9.000225067138672,7.360033056567805,8.598461281404507,7.880808752143259,2018,2
2019-09-07,6.365882516537683,8.866585731506348,6.5362714609392,13.00785252206029,8.69414805776088,2018,2
2019-09-08,6.148636227184313,8.721250534057617,6.5362714609392,14.481649206503079,8.971951857171053,2018,2
2019-09-09,15.234865314657874,27.577259063720703,14.60522906339616,12.852900431805182,17.56756346839498,2018,2
2019-09-10,7.912926324347178,13.866195678710938,6.22670941447836,11.595668935516606,9.90037508826327,2018,2
2019-09-11,8.270464221872881,9.948559761047363,5.887674551921844,5.606002788456606,7.428175330824674,2018,2
2019-09-12,7.387992813187593,9.91756534576416,7.639807672414454,8.916838362124274,8.465551048372621,2018,2
2019-09-13,6.593162465532964,9.452431678771973,6.517039222504068,14.429400956496998,9.2480085808265,2018,2
2019-09-14,6.670123028869891,8.372857093811035,2.7710527219925085,15.025511869494583,8.209886178542003,2018,2
2019-09-15,6.347530489269841,8.834281921386719,5.09117748812739,11.956438277880913,8.057357044166217,2018,2
2019-09-16,6.133481001992048,8.843733787536621,7.1656334667667885,11.721090964687498,8.46598480524574,2018,2
2019-09-17,6.778562475024886,9.059219360351562,3.6068168302252204,14.716854118993933,8.540363196148899,2018,2
2019-09-18,7.203426829899347,8.991962432861328,7.162789256882715,15.306429691495573,9.66615205278474,2018,2
2019-09-19,6.904394935007819,9.034976959228516,8.37281883054042,15.052205953716484,9.841099169623309,2018,2
2019-09-20,6.717465093483952,8.866585731506348,7.360033056567805,10.712043822783254,8.41403192608534,2018,2
2019-09-21,6.226240070683995,8.856438636779785,9.379028137046554,9.082283759675924,8.385997651046566,2018,2
2019-09-22,6.784049130244307,8.772275924682617,7.993111419049998,10.5596791605834,8.527278908640081,2018,2
2019-09-23,6.455735257521565,7.959326267242432,5.55411845095465,9.153736509084442,7.280729121200772,2018,2
2019-09-24,15.585939872073576,25.013671875,15.596483266310832,7.213573089039772,15.852417025606044,2018,2
2019-09-25,12.296788264486146,17.366806030273438,10.550530010189943,6.086554510123363,11.575169703768223,2018,2
2019-09-26,9.580782262073075,10.904073715209961,6.839610575651575,6.258309706438193,8.3956940648432,2018,2
2019-09-27,11.44156895083925,10.831993103027344,6.7689015109669715,4.766129837332138,8.452148350541425,2018,2
2019-09-28,18.86282874438539,24.050920486450195,12.392933310820927,5.14200809338987,15.112172658761596,2018,2
2019-09-29,11.343508907935018,13.881689071655273,7.043324307763699,4.618254517913713,9.221694201316925,2018,2
2019-09-30,9.328016683912194,9.920990943908691,5.513066973386275,9.572905475553167,8.583745019190083,2018,2
2019-10-01,9.37044769288517,10.977048873901367,6.220430455807979,10.060188194779336,9.157028804343463,2018,2
2019-10-02,8.990438752391077,9.322844505310059,5.7563386058754915,14.83962875462105,9.727312654549419,2018,2
2019-10-03,8.884548564749108,8.162418365478516,4.261309478014961,9.593522971674709,7.725449844979324,2018,2
2019-10-04,13.534652607380558,12.739900588989258,11.604150849179684,3.978768290751117,10.464368084075154,2018,2
2019-10-05,9.120472786923518,8.279561996459961,6.304112243095954,12.844932935512542,9.137269990497995,2018,2
2019-10-06,8.815989897905895,7.9493021965026855,4.749991202927341,9.317125371948666,7.7081021673211465,2018,2
2019-10-07,10.260944725498959,8.698599815368652,4.510961766352721,10.683285657481473,8.538447991175453,2018,2
2019-10-08,9.691008162988213,8.056511878967285,4.100143430018721,7.85274552733214,7.4251022498265895,2018,2
2019-10-09,10.85270024393594,8.56230640411377,3.673748028875548,7.372979017405167,7.615433423582607,2018,2
2019-10-10,10.823054464214971,8.867437362670898,4.032082271681677,6.602395882736865,7.581242495326102,2018,2
2019-10-11,19.718141142251753,25.880603790283203,13.865949810758984,6.27152465412922,16.43405484935579,2018,2
2019-10-12,12.023831955516536,12.206533432006836,3.969313472947854,14.609243174106606,10.702230508644458,2018,2
2019-10-13,11.720409112992304,9.699950218200684,4.475448010096267,13.101920342098904,9.74943192084704,2018,2
2019-10-14,11.05347529325169,9.91273307800293,5.224061696167878,16.256401214358128,10.611667820445156,2018,2
2019-10-15,9.827506659871332,8.270462989807129,4.915350802057293,13.197295135357457,9.052653896773304,2018,2
2019-10-16,9.544784330968215,8.106502532958984,4.200333362436331,11.71076955165032,8.390597444503463,2018,2
2019-10-17,9.583203861725671,8.106502532958984,4.034032632030325,10.981479654354693,8.176304670267418,2018,2
2019-10-18,11.962036939782566,8.957404136657715,4.904728832451566,6.722959400250116,8.136782327285491,2018,2
2019-10-19,9.690008713602632,7.9785308837890625,4.126192883227943,12.111621182529205,8.47658841578721,2018,2
2019-10-20,9.171848658768008,7.9785308837890625,2.430803061925298,14.836504947951955,8.604421888108579,2018,2
2019-10-21,8.873511371459427,8.03924560546875,3.711621234522689,15.961925700798993,9.146575978062465,2018,2
2019-10-22,8.444194249537642,8.162931442260742,3.0382261215273605,16.740066709639336,9.09635463074127,2018,2
2019-10-23,7.9745113710935005,8.162931442260742,3.647254546852076,16.9300631346723,9.178690123719655,2018,2
2019-10-24,8.098263991271937,7.989828109741211,3.9778681084513905,13.660833441292155,8.431698412689173,2018,2
2019-10-25,15.12263587844027,12.926265716552734,9.141261683886725,5.641437208921112,10.70790012195021,2018,2
2019-10-26,16.401632560790365,17.018253326416016,12.897408030585591,6.209526902478681,13.131705205067663,2018,2
2019-10-27,10.62527632278851,10.742278099060059,8.727347759936375,17.605329575932206,11.925057939429287,2018,2
2019-10-28,9.746261637587706,8.557089805603027,5.042642786802399,17.05896037737488,10.101238651842003,2018,2
2019-10-29,9.781761817750525,9.564787864685059,3.8807412593401347,14.673263618808427,9.475138640146035,2018,2
2019-10-30,19.797430399505153,22.54294204711914,15.670553756630484,14.485941678120557,18.124216970343834,2018,2
2019-10-31,13.501833563403771,11.998662948608398,6.725770235071293,16.29065375298702,12.12923012501762,2018,2
2019-11-01,12.171158822466262,8.631394386291504,4.875926778754282,10.835602645560837,9.128520658268222,2018,2
2019-11-02,26.543056456532415,39.328224182128906,25.630408094412452,2.9940701453210297,23.6239397195987,2018,2
2019-11-03,13.965426882859239,16.812793731689453,13.0919361079306,11.201143695726573,13.767825104551466,2018,2
2019-11-04,12.399999145579756,11.545873641967773,6.206272495894535,14.437403526824536,11.14738720256665,2018,2
2019-11-05,11.114914621912245,12.060946464538574,5.779986158723895,14.733240553518925,10.92227194967341,2018,2
2019-11-06,11.30071939659785,12.374238967895508,5.614975878666995,16.581295941451625,11.467807546152994,2018,2
2019-11-07,10.777600147231471,11.227984428405762,4.167050531820768,15.281922327900038,10.36363935883951,2018,2
2019-11-08,10.631152968966443,10.791501998901367,5.101840644409943,17.949896682835703,11.118598073778365,2018,2
2019-11-09,13.750271664874823,11.573863983154297,3.951840744320504,12.812274081275735,10.52206261840634,2018,2
2019-11-10,11.196180043889703,9.6773681640625,1.891145611493149,16.00398001615406,9.692168458899854,2018,2
2019-11-11,14.365004562798992,11.252198219299316,7.492895960561183,9.725766039143751,10.708966195450811,2018,2
2019-11-12,12.508184664993653,10.864736557006836,4.410775368450621,10.39334464866114,9.544260309778062,2018,2
2019-11-13,16.41049270117516,15.77234935760498,9.79429643159498,16.00868667812851,14.496456292125906,2018,2
2019-11-14,18.795599365653278,16.786849975585938,11.882631839338183,18.169356259129703,16.408609359926775,2018,2
2019-11-15,13.694888086301077,10.81448745727539,6.791459698244132,16.652709233148663,11.988386118742316,2018,2
2019-11-16,12.049833422836258,11.273283958435059,7.6960878651631885,18.64927506441542,12.417120077712482,2018,2
2019-11-17,11.07208505154974,11.779205322265625,8.826237278481617,21.27698218911087,13.238627460351964,2018,2
2019-11-18,10.948115345006373,10.718295097351074,6.606441511363092,20.912724252883443,12.296394051650996,2018,2
2019-11-19,11.286720486953774,10.492118835449219,6.38309391167693,17.144366878303934,11.326575028095965,2018,2
2019-11-20,11.451896836676367,10.570894241333008,6.924386395814509,14.682690485033753,10.90746698971441,2018,2
2019-11-21,23.495750949085902,25.443513870239258,19.196830603637697,19.896786154843277,22.008220394451534,2018,2
2019-11-22,19.876342379329532,20.23797607421875,14.58660083287554,19.541717087281985,18.56065909342645,2018,2
2019-11-23,20.47364368920381,19.49278450012207,12.168340621047204,21.238183705371384,18.343238128936118,2018,2
2019-11-24,15.093422314376568,15.96120834350586,10.899881213643667,20.74095770330692,15.673867393708253,2018,2
2019-11-25,13.245798603332023,14.006637573242188,11.174728266425474,17.98643747720896,14.10340048005216,2018,2
2019-11-26,16.792011777823777,14.528620719909668,14.078092946771203,14.295516880609327,14.923560581278494,2018,2
2019-11-27,15.788078252342201,13.763553619384766,11.794580068529076,17.786672887985098,14.783221207060285,2018,2
2019-11-28,13.277980309142333,13.192426681518555,9.91125839802349,20.118156568920277,14.124955489401163,2018,2
2019-11-29,12.289936623463827,13.226478576660156,11.059665229497716,22.44747016192337,14.755887647886267,2018,2
2019-11-30,12.405831344638836,12.816031455993652,9.806517251521473,21.090401382792358,14.02969535873658,2018,2
2019-12-01,12.110616198452517,11.242757797241211,9.835129275047132,22.244042990117645,13.858136565214625,2018,2
2019-12-02,11.906167957374942,10.989188194274902,14.016453906198896,24.9548590890453,15.46666728672351,2018,2
2019-12-03,12.095916544301875,10.989188194274902,16.49192018073329,23.998337006350088,15.893840481415037,2018,2
2019-12-04,12.187972204867972,11.04834270477295,17.060988525497844,24.358115879818627,16.163854828739346,2018,2
2019-12-05,12.570481085620022,10.952218055725098,13.933380005797645,16.95396427652503,13.60251085591695,2018,2
2019-12-06,20.507481630338628,16.435443878173828,15.77458451737564,5.395685507759469,14.528298883411892,2018,2
2019-12-07,17.751508551538397,13.999734878540039,11.146496058856878,1.624391359531817,11.130532712116782,2018,2
2019-12-08,28.388899426307486,26.972179412841797,16.391126969122304,1.415064676136593,18.291817621102044,2018,2
2019-12-09,23.120835998145655,22.336505889892578,12.634138090612707,0.058315001716477965,14.537448745091854,2018,2
2019-12-10,27.99521381547317,23.439302444458008,19.099947117889368,11.751472604695795,20.571483995629084,2018,2
2019-12-11,20.311163445228985,18.162193298339844,8.794029045593925,-0.8954807545543986,11.592976258652088,2018,2
2019-12-12,29.947485627087307,27.926599502563477,16.57681183716124,2.939809512036028,19.34767661971201,2018,2
2019-12-13,27.48054855778196,32.05951690673828,22.89166435701583,6.135530947022031,22.141815192139525,2018,2
2019-12-14,28.09713032028486,28.68577766418457,16.944498609256993,9.406946657163346,20.783588312722443,2018,2
2019-12-15,27.37790970188367,26.38819694519043,15.186309950906784,7.217184091360678,19.04240017233539,2018,2
2019-12-16,17.663791601616385,18.08065414428711,9.95949055492089,5.57452517485053,12.819615368918727,2018,2
2018-12-17,32.875351899689605,28.090770721435547,27.479891751352884,43.841145927834546,33.07179007507814,2018,4
2018-12-18,46.043410859570955,53.337379455566406,62.755817957237745,40.527057494545694,50.6659164417302,2018,4
2018-12-19,36.75177405634678,37.01757049560547,38.466093844193615,45.51307100938989,39.437127351383936,2018,4
2018-12-20,36.22652357005161,31.132925033569336,36.51422262457453,41.78991218393091,36.4158958530316,2018,4
2018-12-21,42.938799063997706,55.907020568847656,70.43358330494667,49.08166001761603,54.59026573885202,2018,4
2018-12-22,34.82572320291574,35.12474060058594,33.479436281575424,45.7077068042973,37.2844017223436,2018,4
2018-12-23,37.6972474121894,34.461570739746094,28.307165384032842,46.15539491816629,36.65534461353366,2018,4
2018-12-24,35.480499550496276,31.773086547851562,32.75884938940425,45.2288642336404,36.31032493034812,2018,4
2018-12-25,34.557011872585015,31.590988159179688,33.330097919871946,43.619934622526486,35.774508143540785,2018,4
2018-12-26,34.10690950550216,31.19770622253418,29.24033662820976,42.416562590764336,34.24037873675261,2018,4
2018-12-27,31.49674411319996,29.685211181640625,28.456656942066132,36.68866565456236,31.581819472867267,2018,4
2018-12-28,31.401376577365674,29.861244201660156,30.84403053381387,39.46360030066559,32.89256290337632,2018,4
2018-12-29,30.8124404069394,30.35093879699707,31.44465911461046,47.08779730922219,34.92395890694228,2018,4
2018-12-30,28.69068564108419,28.643159866333008,23.673643318134648,43.20154161286541,31.052257609604315,2018,4
2018-12-31,29.97550034434287,30.71710968017578,24.941735493842497,45.893339034552405,32.881921138228385,2018,4
2019-01-01,30.482012006980245,30.481468200683594,29.504817021084374,44.87476920194093,33.835766607672284,2018,4
2019-01-02,31.94620522258089,30.162460327148438,30.425921960200757,40.62454110338194,33.289782153328005,2018,4
2019-01-03,31.877432758388995,30.527841567993164,33.60076792687342,37.39752577646826,33.35089200743096,2018,4
2019-01-04,19.227831675789574,20.78814697265625,23.809328248182247,15.431409172646017,19.814179017318523,2018,4
2019-01-05,16.901755315947494,17.618947982788086,19.67909833795772,18.18355667266149,18.095839577338698,2018,4
2019-01-06,16.296805515914762,16.30866813659668,14.59852350216126,22.342416565387722,17.386603430015107,2018,4
2019-01-07,19.3596002562908,16.94285011291504,18.050926823348668,23.17896794721121,19.38308628494143,2018,4
2019-01-08,15.877299024497644,15.601749420166016,12.189758393215778,16.942073844342136,15.152720170555394,2018,4
2019-01-09,13.938781319196034,14.288363456726074,12.830811893931351,14.339859076089969,13.849453936485855,2018,4
2019-01-10,13.17910359486778,13.657252311706543,12.156085927696445,16.039029165842344,13.757867750028277,2018,4
2019-01-11,12.5353854584245,13.585755348205566,14.519472926787426,18.133377644794535,14.693497844553008,2018,4
2019-01-12,18.98179146196423,17.529226303100586,23.146469176244455,24.12747320959185,20.946240037725282,2018,4
2019-01-13,24.680277072556276,21.82744598388672,26.870510576749133,28.913835027764648,25.573017165239197,2018,4
2019-01-14,17.735582541674347,15.079298973083496,19.202692613517545,21.629851026231584,18.411856288626744,2018,4
2019-01-15,15.443908483490576,13.397978782653809,12.361760044402441,19.723900840013705,15.231887037640133,2018,4
2019-01-16,17.164650598981368,13.801929473876953,13.019213051736948,21.881347329244466,16.466785113459935,2018,4
2019-01-17,14.873512415958398,13.22577953338623,12.334224397657866,15.942292352669604,14.093952174918025,2018,4
2019-01-18,20.206125805185753,19.34432029724121,23.26525070500107,18.202572133416233,20.254567235211063,2018,4
2019-01-19,15.579256730828616,15.494776725769043,14.13702552568575,15.226735070881306,15.109448513291179,2018,4
2019-01-20,13.579560078457554,12.907305717468262,8.247807683045878,15.106187264192538,12.460215185791057,2018,4
2019-01-21,14.336295750534777,12.87182331085205,12.817662862748726,17.199097616585178,14.306219885180184,2018,4
2019-01-22,13.954016835345918,12.243325233459473,9.20232205769106,19.42866761358294,13.707082935019848,2018,4
2019-01-23,12.714539534716259,10.962187767028809,9.996694553867115,16.10488291966262,12.444576193818701,2018,4
2019-01-24,12.949844309270558,10.8345365524292,9.863373871001544,20.68487999605494,13.58315868218906,2018,4
2019-01-25,15.399919740644378,12.746782302856445,7.830562031729819,23.07016535419601,14.761857357356664,2018,4
2019-01-26,24.341958527951675,21.7006893157959,17.21201968596365,26.516547048707018,22.44280364460456,2018,4
2019-01-27,22.184209874092094,19.196807861328125,17.44536108600262,23.615280807762975,20.61041490729645,2018,4
2019-01-28,16.25604540441099,13.487942695617676,11.892507845230233,17.1563067606912,14.698200676487525,2018,4
2019-01-29,14.980974852739955,13.236177444458008,8.277238759312864,18.915920484181353,13.852577885173044,2018,4
2019-01-30,16.590717414746656,13.498966217041016,10.964009893030056,15.676474132274176,14.182541914272978,2018,4
2019-01-31,16.103734884797117,14.003630638122559,10.462392883388945,16.943736804956476,14.378373802816274,2018,4
2019-02-01,16.754910183439456,15.196586608886719,9.72110774365214,18.59800035445674,15.067651222608763,2018,4
2019-02-02,14.857582110098669,12.855534553527832,9.048275933448254,14.776886836008732,12.884569858270872,2018,4
2019-02-03,13.951591276298716,12.285164833068848,7.54819991451472,16.07162602100919,12.464145511222867,2018,4
2019-02-04,14.32157618496034,11.840423583984375,9.152217323465237,22.931234366432754,14.561362864710677,2018,4
2019-02-05,16.700045155235046,11.492345809936523,9.434669679389808,20.768829799578064,14.59897261103486,2018,4
2019-02-06,14.424161053308257,10.865056991577148,7.76853424611008,18.965009384513955,13.00569041887736,2018,4
2019-02-07,21.82328551883382,16.031415939331055,14.120096781048778,24.522409794741684,19.124302008488833,2018,4
2019-02-08,32.65458464769353,35.712974548339844,35.05143621687139,29.12732023747459,33.136578912594835,2018,4
2019-02-09,22.16324758316921,20.207199096679688,11.235153424625006,25.520857081162365,19.781614296409067,2018,4
2019-02-10,27.015687721267817,24.430952072143555,13.468675400643582,22.65257621266157,21.89197285167913,2018,4
2019-02-11,18.022541685060023,17.344345092773438,10.176812437996434,21.915785690659394,16.86487122662232,2018,4
2019-02-12,17.174618138100833,15.655352592468262,9.742879740594459,22.187334617931338,16.190046272273722,2018,4
2019-02-13,17.30372458991774,14.298319816589355,10.723076156932953,21.895027119110182,16.055036920637555,2018,4
2019-02-14,16.086310712719587,13.888402938842773,10.23938624614705,18.674927122619547,14.722256755082238,2018,4
2019-02-15,15.740936490042497,13.671287536621094,10.472647352896564,20.956852428787684,15.21043095208696,2018,4
2019-02-16,15.445807457150476,13.440506935119629,13.908625696922654,26.412587738223593,17.30188195685409,2018,4
2019-02-17,18.20812378252532,16.419330596923828,13.128905861483284,27.620840694261084,18.84430023379838,2018,4
2019-02-18,16.577964283761048,12.80674934387207,7.3373471556519805,24.66956655128425,15.347906833642337,2018,4
2019-02-19,16.117788787020643,11.947576522827148,7.713694485776704,23.884368511652838,14.915857076819334,2018,4
2019-02-20,16.434073223399853,12.897849082946777,11.330718786595122,27.446278808142416,17.02722997527104,2018,4
2019-02-21,17.04481221335289,11.987778663635254,13.969476500385744,23.76488783265847,16.69173880250809,2018,4
2019-02-22,16.770087446539737,11.0050630569458,7.48703865462425,17.356484468148523,13.154668406564578,2018,4
2019-02-23,16.04603509829352,10.967609405517578,13.2713299420909,17.93750372051615,14.555619541604536,2018,4
2019-02-24,15.693116650221768,10.833182334899902,9.039983868442265,18.277426949330643,13.460927450723645,2018,4
2019-02-25,15.833842469808603,11.03192138671875,10.377120736482185,20.894273647121395,14.534289560032732,2018,4
2019-02-26,16.09757837890226,11.162886619567871,12.636092838253164,22.199183025716504,15.52393521560995,2018,4
2019-02-27,15.55588600189208,11.013415336608887,8.2243575050322,19.01221448147059,13.45146833125094,2018,4
2019-02-28,19.064247691160187,13.59418773651123,8.179668186718178,22.651409983187026,15.872378399394155,2018,4
2019-03-01,17.068565735651287,11.00348949432373,5.654648111864333,19.73661585196104,13.365829798450099,2018,4
2019-03-02,20.583774720212656,13.503141403198242,5.707393834568028,22.746304646047943,15.635153651006718,2018,4
2019-03-03,24.270553831263623,16.670381546020508,8.974434963051387,24.103572406726755,18.50473568676557,2018,4
2019-03-04,23.003252861206562,14.50650691986084,6.383918418257454,19.637668100392638,15.882836574929373,2018,4
2019-03-05,28.594333000689296,32.38015365600586,27.176966303288694,20.62314096827589,27.193648482064937,2018,4
2019-03-06,26.72866409684385,24.502246856689453,8.972899083002343,23.932199867049686,21.034002475896333,2018,4
2019-03-07,27.13316929835915,23.097990036010742,7.368779859417591,20.945665818314737,19.636401253025554,2018,4
2019-03-08,19.5692592541485,16.539945602416992,3.341610962202966,17.826353676142496,14.319292373727738,2018,4
2019-03-09,21.565287913165992,16.446624755859375,3.091187288395139,19.54969049520262,15.16319761315578,2018,4
2019-03-10,27.162361721868947,25.24924659729004,10.986573698836528,23.036416486993346,21.608649626247214,2018,4
2019-03-11,23.435495192734486,20.036319732666016,6.15848670923083,21.10377806070764,17.683519923834744,2018,4
2019-03-12,31.615484918792998,33.98041534423828,7.561064195432013,21.594085615442584,23.687762518476468,2018,4
2019-03-13,27.624002620257528,31.675758361816406,15.962270603477126,24.956524392626484,25.054638994544383,2018,4
2019-03-14,26.895310116657804,31.759172439575195,17.59958832411619,24.573179970912644,25.20681271281546,2018,4
2019-03-15,23.469446207117144,29.514575958251953,19.991441553038353,24.017626252955967,24.248272492840854,2018,4
2019-03-16,28.735549086824488,33.76319885253906,18.250383858718948,22.675040670281433,25.856043117090984,2018,4
2019-03-17,22.79447000323691,21.6173038482666,5.442447632673452,18.413618395832177,17.066959970002284,2018,4
2019-03-18,17.069750291263773,16.450925827026367,5.795598770798342,16.127811994550832,13.861021720909829,2018,4
2019-03-19,15.551288644716251,14.359254837036133,7.776551152350082,15.457522865473832,13.286154374894075,2018,4
2019-03-20,14.124258231706063,13.563416481018066,11.305770254584752,13.022675711195776,13.004030169626164,2018,4
2019-03-21,13.765868109122785,13.73415756225586,10.794869385395438,14.476682960617746,13.192894504347956,2018,4
2019-03-22,13.8005606821945,12.776625633239746,11.334837530654594,16.762354169712676,13.66859450395038,2018,4
2019-03-23,13.731534037068574,12.887160301208496,8.196620605202773,14.861340574419161,12.41916387947475,2018,4
2019-03-24,13.549128148287723,12.33541202545166,7.099767265332617,12.194868963267298,11.294794100584824,2018,4
2019-03-25,13.693107035164752,10.648052215576172,7.248441441601208,16.27035264022443,11.96498833314164,2018,4
2019-03-26,12.887019679076587,10.391075134277344,6.229931443463129,11.551883461105506,10.264977429480641,2018,4
2019-03-27,12.35982701635892,10.596658706665039,8.781822387016096,11.293999490938878,10.758076900244733,2018,4
2019-03-28,12.198408806171907,10.30395221710205,6.922236749378273,10.908023738319542,10.083155377742942,2018,4
2019-03-29,12.642443920003837,10.537461280822754,11.960417322035703,9.347240328703608,11.121890712891474,2018,4
2019-03-30,12.167695715165287,10.127532958984375,6.911512492245273,9.272946970914067,9.61992203432725,2018,4
2019-03-31,12.615089723588833,10.849590301513672,6.8322789096075685,12.86822652384208,10.791296364638038,2018,4
2019-04-01,13.549575960598846,10.828923225402832,3.633225612566272,20.51017374859132,12.130474636789817,2018,4
2019-04-02,23.684057287899194,18.49894142150879,13.664135932938207,37.64831653355498,23.37386279397529,2018,4
2019-04-03,27.03012669845593,21.3958797454834,19.251658667867336,35.32866720618374,25.7515830794976,2018,4
2019-04-04,32.56042448214811,24.349645614624023,18.774109062166406,35.543580040313095,27.80693979981291,2018,4
2019-04-05,35.658494136537854,30.811243057250977,17.774904722192296,38.789643194964604,30.758571277736436,2018,4
2019-04-06,33.69090483306947,28.25257682800293,22.04208683432464,37.23493300799252,30.30512537584739,2018,4
2019-04-07,33.47223783519039,27.327552795410156,25.36590015484296,36.58315724997966,30.687212008855788,2018,4
2019-04-08,34.53827615155876,25.649314880371094,28.471665367142705,36.29867778375681,31.239483545707344,2018,4
2019-04-09,34.581748185856476,25.241252899169922,25.820990686429383,36.39307057712937,30.509265587146288,2018,4
2019-04-10,34.53248137460564,25.719619750976562,32.61273829171351,34.729421439217354,31.89856521412827,2018,4
2019-04-11,35.43551759824026,26.55286407470703,19.408764920461426,31.563775925793543,28.240230629800564,2018,4
2019-04-12,34.57706704326381,26.877599716186523,22.96232752868437,32.24375348629431,29.165186943607253,2018,4
2019-04-13,34.34638173818656,26.119075775146484,18.695381074847834,35.1305991512962,28.572859434869272,2018,4
2019-04-14,34.25206858919921,25.85297203063965,24.574627773098406,38.85006022973533,30.88243215566815,2018,4
2019-04-15,36.19274593566564,27.145112991333008,17.070779845821626,40.25367583545616,30.165578652069108,2018,4
2019-04-16,34.849485333040455,26.180208206176758,24.6247829815279,34.47983334193422,30.03357746566983,2018,4
2019-04-17,34.84325270070103,25.62865447998047,20.716920850155212,33.92679143333295,28.778904866042414,2018,4
2019-04-18,36.57432780856147,29.004558563232422,30.212553317356136,38.99362192112911,33.696265402569786,2018,4
2019-04-19,37.056025472164436,30.422128677368164,26.72874469125722,35.33895254023333,32.386462845255785,2018,4
2019-04-20,38.74274460692715,30.759685516357422,34.52938398453026,33.282007172219494,34.32845532000858,2018,4
2019-04-21,39.713586288718346,31.16084098815918,27.07261156083042,34.31498889679424,33.06550693362555,2018,4
2019-04-22,39.26372906721013,31.50421905517578,29.55388452549555,36.94134939700397,34.31579551122136,2018,4
2019-04-23,40.27728461766034,33.01126480102539,40.84445054180591,38.868941737137604,38.250485424407316,2018,4
2019-04-24,36.70590011661351,30.550065994262695,28.088634016560214,36.57912552829625,32.98093141393317,2018,4
2019-04-25,37.09154424545273,31.132495880126953,33.83999711844409,35.319505769784904,34.345885753452166,2018,4
2019-04-26,38.5935896646277,33.239620208740234,32.578005647497925,37.47518776492432,35.471600821447545,2018,4
2019-04-27,42.627743231806235,54.613277435302734,72.06229195908799,39.173779898888135,52.11927313127127,2018,4
2019-04-28,36.995170500773085,36.805946350097656,39.64812732351382,34.63019220313216,37.01985909437918,2018,4
2019-04-29,36.04505307092891,31.939058303833008,35.05892468980168,34.50237831090711,34.386353593867675,2018,4
2019-04-30,35.62296507165345,30.738351821899414,37.966073939166165,32.70677909187753,34.25854248114914,2018,4
2019-05-01,35.73021727878915,30.945331573486328,36.40796970498479,34.13177624815207,34.30382370135309,2018,4
2019-05-02,33.322439460571985,29.409595489501953,18.49152549774735,36.17406799080959,29.34940710965772,2018,4
2019-05-03,33.75990388956946,29.474281311035156,16.253094907178504,32.578336002363315,28.01640402753661,2018,4
2019-05-04,36.020097399519514,30.795007705688477,25.914725503944435,32.22201840831607,31.237962254367126,2018,4
2019-05-05,35.85445252957593,30.63740348815918,23.164398427960418,30.076361976007284,29.9331541054257,2018,4
2019-05-06,36.29308281886683,30.916648864746094,20.26334342534282,30.303552093001407,29.44415680048929,2018,4
2019-05-07,23.646277748316212,20.225095748901367,6.80950539948511,20.378249192227795,17.76478202223262,2018,4
2019-05-08,28.44915537881473,34.2389030456543,20.393067143758675,31.9129052955008,28.748507715932128,2018,4
2019-05-09,25.407203400558785,21.507177352905273,3.5431555314433587,28.409827617940806,19.716840975712056,2018,4
2019-05-10,20.760969327268548,17.146013259887695,7.637715118767011,24.994763718295037,17.634865356054572,2018,4
2019-05-11,20.67525043889878,15.399070739746094,8.688986340538714,23.806784963583034,17.142523120691656,2018,4
2019-05-12,21.111161247966738,14.370752334594727,10.57659513145139,24.237511538765702,17.57400506319464,2018,4
2019-05-13,20.341309754493302,14.888300895690918,10.547558572824451,25.096179396438476,17.718337154861786,2018,4
2019-05-14,20.369762195222705,14.813321113586426,12.096022027043128,24.310933004582793,17.897509585108764,2018,4
2019-05-15,20.11025876896951,14.756998062133789,13.1724460848634,24.7910243241058,18.207681810018123,2018,4
2019-05-16,19.531948235550228,14.814167976379395,16.735296108114053,26.53077120827524,19.40304588207973,2018,4
2019-05-17,17.22520645162895,13.76663875579834,14.141147427055769,24.129720608530437,17.315678310753373,2018,4
2019-05-18,17.360781580641778,12.83597183227539,14.23901670612485,26.599757728037243,17.758881961769816,2018,4
2019-05-19,17.472671399371162,11.805880546569824,14.094948153545042,24.736510707507303,17.027502701748332,2018,4
2019-05-20,17.854441793098445,12.035510063171387,14.925833131979028,24.8670639097662,17.420712224503763,2018,4
2019-05-21,18.285060780053314,11.360264778137207,11.628310912576813,23.516010126941183,16.19741164942713,2018,4
2019-05-22,17.456874919430195,8.98552417755127,6.247503774237154,20.425247437219202,13.278787577109455,2018,4
2019-05-23,17.481382921344338,9.407362937927246,6.907868200287765,22.712125756588243,14.127184954036897,2018,4
2019-05-24,17.160745890765998,9.63044548034668,5.181081509680426,26.282726894186883,14.563749943744996,2018,4
2019-05-25,18.224667431360473,10.722824096679688,11.288222320117038,25.181170529388922,16.35422109438653,2018,4
2019-05-26,18.2066760587408,11.761819839477539,12.622749036301476,27.332909864501108,17.48103869975523,2018,4
2019-05-27,18.051274885265254,10.264968872070312,12.39176974773625,27.724147241051494,17.10804018653083,2018,4
2019-05-28,18.131060974912213,10.413616180419922,17.539614391127646,24.943652014861605,17.75698589033035,2018,4
2019-05-29,17.68609557307342,10.876556396484375,20.22681063483963,26.461648857556966,18.8127778654886,2018,4
2019-05-30,19.571628443410464,11.77912712097168,13.958332809520305,29.73293954810829,18.760506980502683,2018,4
2019-05-31,19.556956951931603,12.003657341003418,15.857324512450306,25.616705720038667,18.258661131356,2018,4
2019-06-01,20.771335363459126,12.094844818115234,9.714498165549768,22.609004792813906,16.29742078498451,2018,4
2019-06-02,19.228652503734477,11.633774757385254,12.97112740044196,28.25501901526803,18.02214341920743,2018,4
2019-06-03,18.962001436561444,10.403741836547852,12.229507231739754,25.033453797859522,16.657176075677143,2018,4
2019-06-04,19.253972349710356,10.928437232971191,12.896908950965946,25.49146203609682,17.14269514243608,2018,4
2019-06-05,19.2518238299023,10.660043716430664,11.460167437738539,23.704789926301153,16.269206227593166,2018,4
2019-06-06,19.468602265037426,11.237927436828613,11.295850103469872,20.7853381498598,15.69692948879893,2018,4
2019-06-07,24.822588782306834,28.674394607543945,20.627585208401175,25.729280967512004,24.96346239144099,2018,4
2019-06-08,23.817544757683574,17.61683464050293,6.92370071290676,25.45727737097764,18.453839370517727,2018,4
2019-06-09,20.80342429989778,12.784542083740234,6.479219371852217,21.28136158574857,15.337136835309702,2018,4
2019-06-10,21.228415692683303,12.162405014038086,8.080935099980548,20.143992238012004,15.403937011178485,2018,4
2019-06-11,23.14238436371046,16.216983795166016,8.549261235767416,24.551688114485323,18.115079377282306,2018,4
2019-06-12,19.651516523743055,11.499082565307617,5.774696275158028,25.132694323063593,15.514497421818074,2018,4
2019-06-13,21.979251992324382,15.173364639282227,6.336968869472638,24.142776572573666,16.908090518413225,2018,4
2019-06-14,18.89209212969786,12.101486206054688,5.295085948495948,24.832293834342096,15.280239529647648,2018,4
2019-06-15,18.30645271750196,7.54853630065918,3.446241488039988,21.96135709980115,12.815646901500568,2018,4
2019-06-16,19.516342362867185,10.331291198730469,6.112102562853093,26.23012500604694,15.547465282624422,2018,4
2019-06-17,18.413831229868315,9.603474617004395,6.534286818314752,25.364496302460545,14.979022241912002,2018,4
2019-06-18,17.561558529102037,8.058867454528809,5.290165396818393,21.3400928204466,13.06267105022396,2018,4
2019-06-19,17.414711163693244,7.432224273681641,5.5738106923443285,23.306167201951077,13.431728332917572,2018,4
2019-06-20,16.694058322692825,7.4516215324401855,3.342123879832945,21.63199729800544,12.279950258242849,2018,4
2019-06-21,17.74811983515232,8.762333869934082,8.049457944477819,20.835291736394048,13.848800846489567,2018,4
2019-06-22,17.60426817896255,9.336714744567871,3.4081141924134806,18.98253019873061,12.332906828668628,2018,4
2019-06-23,17.248932672693105,7.875997066497803,5.980724096165382,24.74861958235289,13.963568354427295,2018,4
2019-06-24,17.052985765007577,7.66933012008667,5.614674342742892,22.933579349070403,13.317642394226885,2018,4
2019-06-25,17.769386166177096,8.98680305480957,8.15736527161457,24.974889105340704,14.972110899485486,2018,4
2019-06-26,66.48348575751999,75.99591064453125,95.1050454229473,118.2436993405249,88.95703529138086,2018,4
2019-06-27,77.62939928138869,100.62699890136719,131.35224511718707,113.86454720121039,105.86829762528833,2018,4
2019-06-28,79.63933854285966,99.8775863647461,128.99200540482124,115.38959233163227,105.97463066101481,2018,4
2019-06-29,77.58032221146742,94.79008483886719,114.44349690863517,114.25486516105255,100.26719228000559,2018,4
2019-06-30,75.7832735669704,83.80979919433594,94.47677968401874,117.52722586197562,92.89926957682518,2018,4
2019-07-01,72.85293416386402,79.24092102050781,76.20520402791001,115.60889262705665,85.97698795983462,2018,4
2019-07-02,74.38569431683113,81.86834716796875,76.24371086870813,105.00659970386783,84.37608801434396,2018,4
2019-07-03,74.95590352252367,85.0624008178711,98.50101637936629,102.60195448404062,90.28031880095041,2018,4
2019-07-04,75.32739569517511,89.7005386352539,100.25708515238829,101.8985675563382,91.79589675978887,2018,4
2019-07-05,73.9551309974356,89.30118560791016,92.02727137705108,106.21561971458661,90.37480192424587,2018,4
2019-07-06,70.84676567256717,78.8675765991211,76.12811488735525,102.62505744673086,82.1168786514436,2018,4
2019-07-07,72.57812490811638,68.4618911743164,69.65351385633238,106.1905799748169,79.22102747839551,2018,4
2019-07-08,74.37565267756065,77.34481048583984,74.57765451316789,106.41792359589049,83.17901031811472,2018,4
2019-07-09,73.8404927408872,80.11936950683594,77.18057061315935,103.10968596537191,83.5625297065636,2018,4
2019-07-10,71.84680941789011,81.45177459716797,80.8259234782591,104.4409301976285,84.64135942273643,2018,4
2019-07-11,71.0768113938548,68.25350189208984,60.44331798759658,107.04983143735294,76.70586567772354,2018,4
2019-07-12,68.57134611730618,66.83805847167969,48.07742799134601,105.72638171495352,72.30330357382135,2018,4
2019-07-13,70.63561299552494,65.48313903808594,54.53675856767691,105.17232242336529,73.95695825616326,2018,4
2019-07-14,71.44306431361308,79.71540832519531,72.40642975028354,103.49913043671614,81.76600820645203,2018,4
2019-07-15,72.8218754507317,81.83706665039062,76.74531056526159,103.66014676341989,83.76609985745095,2018,4
2019-07-16,70.08399716041754,81.8990249633789,65.59962224089884,105.84365132567198,80.85657392259182,2018,4
2019-07-17,68.82652825374977,72.87448120117188,61.290906878698244,107.33509401842477,77.58175258801117,2018,4
2019-07-18,68.21195533611657,67.85872650146484,61.867268118614504,110.40284636090496,77.08519907927521,2018,4
2019-07-19,70.43501388744174,73.1344223022461,54.207498523836854,112.54653305264387,77.58086694154214,2018,4
2019-07-20,67.46538845216283,67.51126098632812,56.252934180909136,111.05894265581456,75.57213156880366,2018,4
2019-07-21,68.48445436221574,71.43035125732422,69.54259229233755,107.90817273536739,79.34139266181121,2018,4
2019-07-22,70.17030803905863,77.3377456665039,68.44830258104584,112.30761210380888,82.06599209760431,2018,4
2019-07-23,71.96729124132942,83.66139221191406,72.47293516516652,105.16967006017765,83.31782216964692,2018,4
2019-07-24,70.53864651335863,86.15007019042969,72.20243617852582,105.44924668326543,83.58509989139489,2018,4
2019-07-25,71.0794373055517,92.21784210205078,73.9224731257527,104.48057057097205,85.42508077608181,2018,4
2019-07-26,71.27041945086337,78.36384582519531,54.01667408891854,108.77307830554683,78.10600441763101,2018,4
2019-07-27,67.62047395483569,67.4153823852539,58.324585068759376,108.26519055208315,75.40640799023303,2018,4
2019-07-28,67.45856414273416,67.07341003417969,57.95334375972643,106.535633714146,74.75523791269657,2018,4
2019-07-29,68.7352086977274,74.84264373779297,69.3909061972984,108.43057541718618,80.34983351250123,2018,4
2019-07-30,70.24164956909706,73.98367309570312,72.17648096219482,112.68750238354743,82.27232650263561,2018,4
2019-07-31,68.21088313821326,67.39923095703125,51.692078862564905,110.07559590192768,74.34444721493428,2018,4
2019-08-01,70.90874271559713,78.49796295166016,74.90562204872516,108.87641676582574,83.29718612045205,2018,4
2019-08-02,73.86822452484219,90.12930297851562,90.02147340964973,108.42548532291865,90.61112155898155,2018,4
2019-08-03,73.27643007365258,87.222412109375,81.15543074913634,113.50682157521712,88.79027362684526,2018,4
2019-08-04,74.12768450233358,85.17485046386719,75.72697902341761,113.9582656264551,87.24694490401836,2018,4
2019-08-05,73.10796439886542,81.52472686767578,77.47181362841823,115.85632237098983,86.99020681648732,2018,4
2019-08-06,71.53412220801012,72.68304443359375,73.66749711341372,115.1241902796999,83.25221350867938,2018,4
2019-08-07,73.33903271960618,73.4505386352539,79.87638319576257,114.85696101416562,85.38072889119707,2018,4
2019-08-08,78.10077146968611,84.88168334960938,80.53390009728136,113.4861438105785,89.25062468178884,2018,4
2019-08-09,77.45421874568912,91.80718994140625,100.2993459309339,122.1928393868802,97.93839850122737,2018,4
2019-08-10,74.8213464840927,86.49080657958984,100.65981635415578,122.09768870688035,96.01741453117967,2018,4
2019-08-11,73.95382609131148,84.91500091552734,95.15762167666689,113.1307429716422,91.78929791378698,2018,4
2019-08-12,72.34164630685763,79.52115631103516,87.38427333532701,110.78644133857021,87.5083793229475,2018,4
2019-08-13,73.6829711919448,75.36058044433594,91.67528064365938,112.25754133445001,88.24409340359753,2018,4
2019-08-14,59.96473591747778,60.168121337890625,69.34590346544921,79.75880428156272,67.30939125059508,2018,4
2019-08-15,59.87215466524771,56.88593673706055,56.992275981808596,76.22178769668817,62.49303877020125,2018,4
2019-08-16,60.110671664517284,60.3939094543457,59.08079993198673,81.67514730680665,65.31513208941409,2018,4
2019-08-17,58.8574149351602,54.54900360107422,55.043717941393616,75.20630325569228,60.91410993333008,2018,4
2019-08-18,59.49892811830047,53.71256637573242,50.44118427040779,73.35877805303384,59.252864204368635,2018,4
2019-08-19,59.24174072330135,53.196414947509766,44.83830528441461,72.9679169048576,57.56109446502083,2018,4
2019-08-20,56.95815858901884,48.60102081298828,40.10457889579015,70.6074845584373,54.067810714058645,2018,4
2019-08-21,56.265922705798666,50.96469497680664,47.15189356767236,73.80496263721852,57.04686847187405,2018,4
2019-08-22,55.953556083025134,51.82301712036133,48.39600114849765,74.0392709583532,57.55296132755933,2018,4
2019-08-23,59.178048970026474,58.01081466674805,53.20089250396557,71.18174038582974,60.39287413164246,2018,4
2019-08-24,58.7573126251038,59.79850387573242,56.6990058256354,71.50399611028361,61.68970460918881,2018,4
2019-08-25,59.157487270700216,57.606719970703125,52.532463246585394,72.76650927004285,60.5157949395079,2018,4
2019-08-26,59.65048668702477,58.26975631713867,55.55266269476176,72.9334432108427,61.60158722744197,2018,4
2019-08-27,58.75172030944192,53.61996841430664,45.324908210934545,74.12178660497581,57.954595884914724,2018,4
2019-08-28,56.45193975214838,47.5533447265625,39.68426665175051,74.53995846396862,54.5573773986075,2018,4
2019-08-29,56.121150405754506,47.10099411010742,38.70006582789185,73.37314553737784,53.8238389702829,2018,4
2019-08-30,56.63518587887459,50.58069610595703,47.07813752588291,72.70633993160452,56.75008986057976,2018,4
2019-08-31,56.64149160621559,50.12882995605469,43.76526760707152,73.6491189246065,56.046177023487076,2018,4
2019-09-01,55.215168888549634,45.03623962402344,35.15562949517647,69.89179207999577,51.32470752193633,2018,4
2019-09-02,54.24072505814771,43.489688873291016,32.96330316613846,74.41399683821992,51.27692848394928,2018,4
2019-09-03,54.239019041854476,40.0164794921875,33.89928785546955,75.42604951824667,50.89520897693954,2018,4
2019-09-04,56.54460210649649,46.44478988647461,43.414221351636805,76.78869906663522,55.79807810281078,2018,4
2019-09-05,55.10610245362532,40.757286071777344,39.9400281510195,71.74648553180964,51.88747555205795,2018,4
2019-09-06,54.947820771318504,41.05093765258789,39.94911078822196,77.88914483629428,53.45925351210566,2018,4
2019-09-07,28.935717688489852,20.813915252685547,21.74705526942766,17.889864054486374,22.346638066272355,2018,4
2019-09-08,21.981068362797203,16.536558151245117,17.395745470749183,14.847128462137272,17.690125111732193,2018,4
2019-09-09,24.12079644285237,27.706838607788086,16.271135650533605,21.54863558094464,22.411851570529677,2018,4
2019-09-10,16.429562914294024,18.674331665039062,5.949147276078328,16.58874548785674,14.410446835817039,2018,4
2019-09-11,19.457746242943713,24.640506744384766,17.373965673391236,25.21218839146546,21.671101763046295,2018,4
2019-09-12,19.01253903265388,23.568103790283203,19.80991100439515,28.150360010688125,22.635228459505086,2018,4
2019-09-13,32.449933633688644,36.46161651611328,43.419646042642306,80.74598716999716,48.26929584061035,2018,4
2019-09-14,36.32047376559961,36.561553955078125,44.09711874049815,78.22464099684684,48.80094686450569,2018,4
2019-09-15,36.19340561700299,39.62865447998047,49.61566504467388,80.0876638370548,51.38134724467803,2018,4
2019-09-16,36.84586114283017,41.65452194213867,48.230777100164794,84.46996530036814,52.80028137137545,2018,4
2019-09-17,41.206928991341975,42.75030517578125,54.647831577672754,79.9812103566732,54.6465690253673,2018,4
2019-09-18,42.39382263225277,39.45716094970703,54.8570089438187,78.02450490017239,53.683124356487724,2018,4
2019-09-19,44.45965615222971,40.6894645690918,53.94513519580708,79.23070973082127,54.58124141198746,2018,4
2019-09-20,48.04955721472679,46.81014633178711,62.68822969363716,85.97860715277254,60.8816350982309,2018,4
2019-09-21,49.229425305216296,50.17572784423828,61.58253672660648,87.41903185254826,62.10168043215232,2018,4
2019-09-22,49.06824382100572,47.159706115722656,62.71202226517409,84.59683737456899,60.884202394117864,2018,4
2019-09-23,47.69824561210589,47.91091537475586,59.108510656936666,89.2256392550429,60.98582772471033,2018,4
2019-09-24,51.66512642274976,55.5629768371582,73.54624150978451,92.29649980849884,68.26771114454782,2018,4
2019-09-25,52.67775921522876,55.47202682495117,53.18985487380608,92.3862862222726,63.43148178406466,2018,4
2019-09-26,53.664969412724695,49.414154052734375,39.61869943686053,84.96110068581201,56.91473089703291,2018,4
2019-09-27,55.27481349599006,51.46635818481445,37.417815933790756,85.87668401924627,57.50891790846039,2018,4
2019-09-28,56.3483313695407,55.487892150878906,43.126285463357206,90.5193442988559,61.370463320658175,2018,4
2019-09-29,55.65868508843957,56.476322174072266,38.357109145413474,89.25017082029223,59.93557180705439,2018,4
2019-09-30,54.9432500089786,49.129783630371094,32.32517015824177,84.55066133644927,55.23721628351018,2018,4
2019-10-01,54.33916471820149,45.59109115600586,19.937496271177135,58.88102931596641,44.68719536533772,2018,4
2019-10-02,54.90854422024771,40.050418853759766,24.201425514200068,53.59210052054303,43.188122277187645,2018,4
2019-10-03,55.783286296848544,44.5126953125,31.04197107832381,61.0727847264804,48.10268435353819,2018,4
2019-10-04,56.75317972045154,64.47309112548828,57.80196445968616,69.23964510305292,62.06697010216972,2018,4
2019-10-05,54.001255248288786,48.495609283447266,42.91317241931456,65.15537804170356,52.64135374818854,2018,4
2019-10-06,53.93771809021746,45.21989440917969,30.598418706268998,60.32560495672818,47.52040904059858,2018,4
2019-10-07,54.79909748919919,44.55862808227539,39.03542910549133,65.24731837702728,50.910118263498305,2018,4
2019-10-08,55.15318959023834,41.99028396606445,38.26955317766265,64.04581635373226,49.86471077192442,2018,4
2019-10-09,55.30077234284723,40.328155517578125,33.33117008388719,64.59959131817988,48.38992231562311,2018,4
2019-10-10,54.90328877051785,40.38837432861328,36.22399945695913,65.07073724831358,49.14659995110096,2018,4
2019-10-11,56.425060246536034,54.08836364746094,49.515683872498855,76.50991942232635,59.13475679720554,2018,4
2019-10-12,52.38921728309578,43.225486755371094,40.21679981575754,66.05938351867928,50.472721843225926,2018,4
2019-10-13,53.147183189424766,39.561912536621094,30.73561895529431,61.94009004968243,46.34620118275565,2018,4
2019-10-14,52.10767541599264,38.090389251708984,29.040131074092358,63.9501633017586,45.79708976088815,2018,4
2019-10-15,51.48084748000455,35.88957595825195,30.940525779401728,61.45810092401893,44.94226253541929,2018,4
2019-10-16,50.36084717287747,33.41590118408203,25.731770434356523,60.8772896930751,42.596452121097784,2018,4
2019-10-17,49.619314205742256,33.71698760986328,30.66388005407813,61.50586470650857,43.87651164404806,2018,4
2019-10-18,50.73617449044138,41.33092498779297,35.66689600721928,65.41580015733821,48.28744891069796,2018,4
2019-10-19,46.515179612268064,34.57485580444336,21.054700749579656,59.83483426983211,40.4948926090308,2018,4
2019-10-20,47.34037936365476,30.595943450927734,23.36520435276127,55.732998409251714,39.25863139414887,2018,4
2019-10-21,47.057237957830964,30.14069175720215,23.023435078570085,56.78835499919186,39.25242994819877,2018,4
2019-10-22,46.23159124726143,30.448057174682617,22.155116390914255,44.45893858633806,35.823425849799094,2018,4
2019-10-23,44.28436241564691,32.85748291015625,9.450327063918532,45.47178598643213,33.01598959403846,2018,4
2019-10-24,38.88150331220569,32.84010314941406,17.38959177693585,49.40172970125025,34.62823198495146,2018,4
2019-10-25,45.95166401007273,61.80097198486328,70.39421407616865,61.19832877060076,59.83629471042636,2018,4
2019-10-26,45.698188535123414,56.85408020019531,62.70507376489355,57.03329130288699,55.57265845077482,2018,4
2019-10-27,37.106984123479386,37.76302719116211,28.77712706260194,42.312463199076035,36.48990039407987,2018,4
2019-10-28,34.420064067476666,33.850399017333984,25.95432234286477,42.7107255087225,34.23387773409948,2018,4
2019-10-29,36.83638631534886,39.08126449584961,44.8002070194819,50.28752879642631,42.75134665677667,2018,4
2019-10-30,42.26806958073492,53.17134094238281,61.17216506588467,53.20845638557439,52.455007993644195,2018,4
2019-10-31,34.59315515868745,41.86745834350586,33.94255043324379,50.36088297829773,40.19101172843371,2018,4
2019-11-01,37.33688745434629,44.239479064941406,41.9138321030178,53.58636033056834,44.269139738218456,2018,4
2019-11-02,42.83555257155039,73.7070083618164,80.44962749915605,61.41259631556492,64.60119618702194,2018,4
2019-11-03,35.34510828270819,40.1562385559082,30.124048463378575,49.07971564428995,38.67627773657123,2018,4
2019-11-04,17.49004569542994,20.546653747558594,17.993399114464044,17.978653754521964,18.502188077993637,2018,4
2019-11-05,14.549183882535388,16.53214454650879,12.60766274123555,16.92795657416153,15.154236936110316,2018,4
2019-11-06,14.46227661193052,14.546842575073242,8.898667184619503,18.951726160750603,14.214878133093467,2018,4
2019-11-07,13.41311739926824,13.16661262512207,6.841030329526882,16.05993439002911,12.370173685986575,2018,4
2019-11-08,11.782559868257595,12.837820053100586,2.215227098132082,11.9136665126624,9.687318383038166,2018,4
2019-11-09,17.894281222807162,15.19740104675293,7.38657260625526,20.958392358246982,15.359161808515584,2018,4
2019-11-10,14.58192879396574,11.853789329528809,6.198519452103572,18.150010813009963,12.696062097152021,2018,4
2019-11-11,19.89495376088844,18.497825622558594,23.945192783132246,26.21485792760133,22.13820752354515,2018,4
2019-11-12,19.909668319596644,18.858631134033203,16.059380814364363,21.30769516350064,19.033843857873713,2018,4
2019-11-13,21.53306503756247,19.065427780151367,11.263468026634387,18.756817345415445,17.654694547440915,2018,4
2019-11-14,22.1319974238619,20.88678550720215,17.224790977459374,19.03267742290983,19.819062832858314,2018,4
2019-11-15,15.81206241553789,14.570972442626953,8.834073669567704,16.521549823287135,13.93466458775492,2018,4
2019-11-16,13.901735312797802,12.572188377380371,5.024244760129401,15.25367588407187,11.68796108359486,2018,4
2019-11-17,12.832846087998082,12.75721549987793,7.501872474946068,14.259635034679215,11.837892274375323,2018,4
2019-11-18,12.364836872138588,13.043217658996582,4.817446486234805,13.294696663952786,10.88004942033069,2018,4
2019-11-19,12.855532989485422,11.881264686584473,7.789645617009419,18.29460468366427,12.705261994185896,2018,4
2019-11-20,17.323646200209158,14.5847806930542,23.818185091987647,20.524131551514383,19.062685884191346,2018,4
2019-11-21,28.66467824012518,33.61542892456055,25.713658235674185,24.685877966791548,28.169910841787868,2018,4
2019-11-22,27.794979406453155,25.980302810668945,32.99942883020146,24.44978179488044,27.806123210551,2018,4
2019-11-23,30.865199739077738,30.574975967407227,16.31987832513786,25.124270063284524,25.72108102372684,2018,4
2019-11-24,19.066426194252635,19.410715103149414,12.73822467945154,21.117064860383266,18.083107709309214,2018,4
2019-11-25,18.34372161681248,17.66259765625,11.12084397728623,23.63658348632217,17.69093668416772,2018,4
2019-11-26,27.52360791913804,32.36353302001953,34.79627616223336,29.572244555894414,31.06391541432134,2018,4
2019-11-27,30.621212725508755,31.518842697143555,24.668740123400276,49.281144025611546,34.02248489291603,2018,4
2019-11-28,27.55058349854897,31.078798294067383,15.198965826734147,46.2911497443419,30.0298743409231,2018,4
2019-11-29,29.582086458319697,28.585248947143555,19.379651825766558,42.91540771092528,30.11559873553877,2018,4
2019-11-30,36.23894883425888,37.698551177978516,42.001012595157306,49.79862582314262,41.43428460763433,2018,4
2019-12-01,31.18827168503503,31.11248016357422,17.77034250069896,41.63941288615818,30.4276268088666,2018,4
2019-12-02,30.32427348263988,28.4918270111084,19.213229269201992,36.120867953301584,28.537549429062963,2018,4
2019-12-03,31.176836088305755,29.197057723999023,18.461612902542413,39.272676349383396,29.527045766057647,2018,4
2019-12-04,31.373356973713967,28.950809478759766,14.959585584312713,40.40239003069471,28.921535516870286,2018,4
2019-12-05,36.318815244287755,36.37497329711914,26.555423883028105,52.4921958919785,37.935352079103374,2018,4
2019-12-06,31.07104108839001,35.15277862548828,23.000631295041934,34.279613454644746,30.876016115891243,2018,4
2019-12-07,25.38843128291168,25.107507705688477,20.208101821343604,28.80439674236464,24.877109388077102,2018,4
2019-12-08,36.153560738859326,48.823707580566406,40.56301250903681,31.720906724131595,39.31529688814854,2018,4
2019-12-09,21.508883090036253,26.347530364990234,10.76520954466523,16.949031098152442,18.89266352446104,2018,4
2019-12-10,22.846534306701038,23.52569007873535,14.38555863323096,17.054878548848613,19.45316539187899,2018,4
2019-12-11,17.45503343391602,17.57069969177246,10.799821144328382,17.01150381181123,15.709264520457024,2018,4
2019-12-12,25.077316417029074,24.341758728027344,9.019604673023823,17.25616347831764,18.92371082409947,2018,4
2019-12-13,22.615486311570844,28.40201187133789,18.822683119224436,17.533848178681822,21.84350737020375,2018,4
2019-12-14,26.227461888795805,30.13899803161621,12.18127640034713,17.593148932323896,21.53522131327076,2018,4
2019-12-15,20.069853077760552,23.99110984802246,10.477605299446365,17.683299123822117,18.055466837262877,2018,4
2019-12-16,15.929768519939373,16.91187286376953,9.635287943676046,17.483820892235222,14.990187554905043,2018,4
2018-12-17,47.26588955663287,39.303646087646484,31.419443275617954,75.36055559392074,48.33738362845451,2018,9
2018-12-18,56.22934076367977,75.88469696044922,108.05827716857634,96.95684499937398,84.28228997301983,2018,9
2018-12-19,52.99931068857309,44.49803924560547,41.54443994770283,81.5209569199962,55.140686700469395,2018,9
2018-12-20,54.383421058305814,46.53939437866211,50.77498853577879,87.35672241648736,59.76363159730852,2018,9
2018-12-21,57.44213023634976,74.27229309082031,97.8927983465983,101.56298515918249,82.79255170823771,2018,9
2018-12-22,52.53996250056637,47.29802703857422,44.30892321490411,83.00437898047025,56.78782293362874,2018,9
2018-12-23,48.83561343303157,54.86736297607422,89.3349898394097,94.27742162843633,71.82884696923796,2018,9
2018-12-24,51.65979534795349,53.64565658569336,88.689528371479,75.29187406232539,67.32171359186282,2018,9
2018-12-25,50.16762110309877,48.432918548583984,48.98064017688711,67.38993272164902,53.74277813755472,2018,9
2018-12-26,48.58334615814693,46.57474899291992,56.17122030373233,67.69708575854672,54.75660030333647,2018,9
2018-12-27,47.70319389609701,45.69141387939453,51.61191207630138,57.37620754890639,50.59568185017483,2018,9
2018-12-28,45.93167961951724,43.538307189941406,51.67659208404054,61.73826187999287,50.72121019337302,2018,9
2018-12-29,47.181901905863846,40.12757110595703,52.52963434980865,84.86416120583561,56.17581714186628,2018,9
2018-12-30,43.30986629184855,37.69896697998047,48.100777303836225,74.09068637636456,50.800074238007454,2018,9
2018-12-31,40.71277983689501,35.417728424072266,46.919888985033936,72.27632713416614,48.83168109504184,2018,9
2019-01-01,36.550495670203816,33.5710334777832,41.564594028326034,70.53016180855857,45.55407124621791,2018,9
2019-01-02,34.55536647663413,33.561859130859375,44.100678982966286,56.776597088171954,42.24862541965794,2018,9
2019-01-03,33.60009933546873,32.86018371582031,37.771992117948884,49.78167595336051,38.50348778064961,2018,9
2019-01-04,33.15655019015173,30.86986541748047,36.623775919082526,51.92356367031342,38.14343879925704,2018,9
2019-01-05,32.686104530490276,32.40597915649414,34.79166241176372,57.70910460707601,39.39821267645603,2018,9
2019-01-06,32.53016190552552,32.915401458740234,31.00966121569664,67.52369560482275,40.99473004619628,2018,9
2019-01-07,33.06923469503744,33.875789642333984,41.19242824426528,78.63155300917886,46.692251397703885,2018,9
2019-01-08,29.925004182162198,32.4798469543457,38.8835877204786,68.07194399314491,42.34009571253286,2018,9
2019-01-09,30.20792378079036,32.83781814575195,37.904810375568374,51.034314259564376,37.996216640418766,2018,9
2019-01-10,18.176243101833357,22.10179328918457,20.06843795141266,27.538642645236873,21.971279246916865,2018,9
2019-01-11,16.84303440313805,18.714603424072266,18.834633017139215,39.56117738876162,23.488362058277787,2018,9
2019-01-12,19.561761114530483,20.470272064208984,24.832588449043882,58.2049033319838,30.767381239941788,2018,9
2019-01-13,25.935122878075788,25.810800552368164,34.58747223648758,63.58300196981808,37.4790994091874,2018,9
2019-01-14,18.88360639280854,17.973825454711914,20.47228445794144,56.4900470936911,28.45494084978825,2018,9
2019-01-15,16.310374398274476,17.2405948638916,18.162310632291003,47.31924577134452,24.7581314164504,2018,9
2019-01-16,19.733127826726783,18.66681480407715,23.281039634092217,48.042591135064576,27.430893349990182,2018,9
2019-01-17,16.120885609020007,17.347074508666992,15.120859354697416,40.88822952123744,22.369262248405462,2018,9
2019-01-18,18.650530986732253,18.87346839904785,21.91458647277557,44.58565328849592,26.006059786762897,2018,9
2019-01-19,15.853903304563083,17.324739456176758,17.94342508740715,31.57462458297221,20.6741731077798,2018,9
2019-01-20,13.676440977474204,17.275997161865234,16.529889052031375,29.396798900988518,19.219781523089832,2018,9
2019-01-21,14.598999323694475,17.36617088317871,16.930741905531224,37.62157468711364,21.629371699879513,2018,9
2019-01-22,14.519450334631909,17.190031051635742,16.444108933795718,42.56911583197933,22.680676538010676,2018,9
2019-01-23,13.254308878763744,17.238994598388672,17.04692022879112,37.91790869513665,21.364533100270044,2018,9
2019-01-24,14.068730244986094,17.316219329833984,20.015766942717427,40.941158580375145,23.085468774478162,2018,9
2019-01-25,14.740616093250852,17.29037857055664,18.533419950958564,57.774923960138686,27.084834643726182,2018,9
2019-01-26,26.21302426948466,32.976402282714844,46.159779302732346,59.87390570322021,41.305777889538014,2018,9
2019-01-27,21.530964047762822,28.40023422241211,36.634976736043875,70.40095056245156,39.24178139216759,2018,9
2019-01-28,17.01214646636522,18.745254516601562,2.1719882082606086,43.84141588504147,20.442701269067214,2018,9
2019-01-29,16.206264231367932,16.736534118652344,13.468923794607274,42.49093908829516,22.225665308230674,2018,9
2019-01-30,17.27183920563725,15.688178062438965,19.69006740971439,29.4258298110865,20.518978622219276,2018,9
2019-01-31,19.851635677278125,18.757396697998047,27.557725435446134,32.11695997942753,24.57092944753746,2018,9
2019-02-01,22.05025442436005,21.091413497924805,24.292134786704167,30.77526852476284,24.552267808437964,2018,9
2019-02-02,18.744736534883938,17.627338409423828,19.059346237296765,35.94414993062758,22.843892778058027,2018,9
2019-02-03,18.600871876255166,18.31251335144043,18.19438258976531,37.968826899953484,23.2691486793536,2018,9
2019-02-04,18.351511126300785,17.47251319885254,21.24815191246919,54.85748562138414,27.982415464751664,2018,9
2019-02-05,20.24879262174424,18.27627944946289,24.826130203762215,49.27121261127989,28.15560372156231,2018,9
2019-02-06,18.421132628792666,17.487415313720703,21.742981652042616,47.5939257823369,26.311363844223223,2018,9
2019-02-07,26.836540455820778,23.89280128479004,24.80138553478919,64.06522818562972,34.89898886525744,2018,9
2019-02-08,36.34064870847781,52.77303695678711,89.60962817986226,75.14544982858584,63.46719091842825,2018,9
2019-02-09,27.056833608321366,27.947214126586914,28.87028111766575,60.75528694539151,36.15740394949139,2018,9
2019-02-10,32.40649824901356,33.17557907104492,50.486747852373334,57.60775261351978,43.4191444464879,2018,9
2019-02-11,20.509632511102144,20.85595703125,11.827700975896553,47.205594113245084,25.099721157873446,2018,9
2019-02-12,18.642845968324995,17.296327590942383,17.501911249058615,44.12706067314408,24.392036370367517,2018,9
2019-02-13,18.462113183146997,17.465116500854492,17.843926243295552,45.085204690230604,24.714090154381914,2018,9
2019-02-14,17.955436656756063,18.267131805419922,19.667162241658456,41.62265300176127,24.378095926398927,2018,9
2019-02-15,18.182961501027805,17.27801513671875,21.092827938463152,42.66377211709665,24.80439417332659,2018,9
2019-02-16,18.520054217359824,17.171035766601562,17.731760347116936,52.82045866668656,26.56082724944122,2018,9
2019-02-17,21.54733323765266,20.003202438354492,17.524292979611225,61.49400515222818,30.14220845196164,2018,9
2019-02-18,17.9523165491581,16.167705535888672,14.91656526922151,52.92141808914307,25.489501360852834,2018,9
2019-02-19,19.326239567041195,15.845842361450195,14.87148716626653,49.703139162246174,24.936677064251025,2018,9
2019-02-20,19.960211154829313,17.150419235229492,17.10190235867339,55.13448586108222,27.3367546524536,2018,9
2019-02-21,19.815878662079232,18.28583526611328,19.256164179978036,52.95232923172849,27.57755183497476,2018,9
2019-02-22,19.57678925480014,19.298656463623047,19.156559892029357,60.96330496919673,29.748827644912318,2018,9
2019-02-23,18.941561928708936,17.37275505065918,19.083254333321115,51.47938563357238,26.7192392365654,2018,9
2019-02-24,17.77288511666712,16.56328773498535,17.924581408177605,47.47969463083084,24.935112222665232,2018,9
2019-02-25,17.986667755251887,15.636115074157715,18.125010233713827,52.78501264778102,26.133201427726114,2018,9
2019-02-26,18.482177825657566,15.857526779174805,18.14954562468399,54.337250128461086,26.70662508949436,2018,9
2019-02-27,17.34796045219697,15.119867324829102,16.812370117367827,44.535314347397815,23.453878060447927,2018,9
2019-02-28,19.92795553682578,17.26449966430664,18.39013468003058,64.92220984636747,30.126199931882617,2018,9
2019-03-01,18.106013261168787,17.091398239135742,15.580639836098866,55.79844625780275,26.644124398551536,2018,9
2019-03-02,23.34915636441299,22.618223190307617,30.120995489997327,72.05562793967796,37.03600074609898,2018,9
2019-03-03,26.66544788787808,25.40853500366211,32.162371052941296,76.99287874668596,40.30730817279186,2018,9
2019-03-04,24.246743100031576,19.384994506835938,13.36972261079822,57.369294139583694,28.59268858931236,2018,9
2019-03-05,34.08121373074821,41.25564956665039,52.940225365359126,66.4294164204415,48.6766262707998,2018,9
2019-03-06,28.92166208530593,29.043930053710938,30.532365256666665,75.5288086478037,41.0066915108718,2018,9
2019-03-07,27.232318393602995,25.736774444580078,22.770408429179568,65.57211752105525,35.32790469710447,2018,9
2019-03-08,22.45745000330744,19.899852752685547,18.070736944723404,62.03524200630059,30.615820426754247,2018,9
2019-03-09,22.619814556784167,19.67214012145996,18.070736944723404,63.80876256106173,31.042863546007315,2018,9
2019-03-10,27.29313672643628,31.899311065673828,36.14919497097363,79.35584989669127,43.67437316494375,2018,9
2019-03-11,24.492678795133042,23.16135597229004,19.786279010434395,63.3062131274303,32.68663172632195,2018,9
2019-03-12,36.44167669844037,53.925235748291016,61.161002010141296,81.74886465724873,58.31919477853035,2018,9
2019-03-13,28.46792843827421,37.361507415771484,39.23113222901187,76.2689939411797,45.33239050605932,2018,9
2019-03-14,33.43742031635087,50.68989944458008,56.562750320067906,102.36516002218728,60.76380752579654,2018,9
2019-03-15,26.373839121398035,39.88378143310547,39.31413326304171,104.51131790125685,52.52076792970051,2018,9
2019-03-16,30.980611008602448,39.0770378112793,29.861915076251204,76.28922995444965,44.05219846264565,2018,9
2019-03-17,22.938102038232476,22.552898406982422,21.19246490807071,58.300911496333256,31.246094212404717,2018,9
2019-03-18,18.49256328480704,17.821090698242188,16.4707202238272,51.397130687901864,26.045376223694575,2018,9
2019-03-19,17.715714958663213,17.33486557006836,15.4396575523508,47.377648321790794,24.466971600718292,2018,9
2019-03-20,16.237368002166832,17.448163986206055,13.720565098263002,37.95343467368965,21.339882940081385,2018,9
2019-03-21,15.292494945965819,17.63935661315918,12.818424286735198,38.958725176286066,21.177250255536567,2018,9
2019-03-22,15.40966372529907,16.54447364807129,12.215101122514058,50.485933932982626,23.66379310721676,2018,9
2019-03-23,15.662744883945448,14.743413925170898,12.543860381267882,43.25007655209024,21.55002393561862,2018,9
2019-03-24,15.827855106860438,13.969892501831055,10.219039807319406,46.70904981517299,21.681459307795972,2018,9
2019-03-25,15.982625313973816,15.127711296081543,11.1913005219249,53.19600550092203,23.87441065822557,2018,9
2019-03-26,16.004820082456273,13.69057846069336,11.155307827417086,44.67674276981478,21.381862285095373,2018,9
2019-03-27,16.502952497178917,14.649432182312012,15.429664657416623,48.612167857482746,23.798554298597573,2018,9
2019-03-28,17.206531051203967,14.5467529296875,14.19111743574844,44.720400707822634,22.666200531115635,2018,9
2019-03-29,17.344039446358607,12.857221603393555,13.531524522504258,42.90129186629457,21.658519359637747,2018,9
2019-03-30,16.959724845821942,12.52640151977539,11.705184140716732,43.02310466700329,21.053603793329337,2018,9
2019-03-31,17.232249442600732,12.66016960144043,11.261308143643037,50.8292684544233,22.995748910526874,2018,9
2019-04-01,17.94207180785569,11.903148651123047,10.27382781951376,54.02860755083822,23.53691395733268,2018,9
2019-04-02,19.166545033927356,11.054609298706055,10.056555741822796,59.59230503706798,24.96750377788105,2018,9
2019-04-03,18.662002484776412,11.032870292663574,10.350556823289859,53.66752052205626,23.428237530696528,2018,9
2019-04-04,23.5719135241061,14.987356185913086,18.34252590015099,57.128696728856845,28.507623084756755,2018,9
2019-04-05,26.73236779002764,20.32462501525879,19.394745882245385,61.50088754917165,31.988156559175867,2018,9
2019-04-06,22.711398891917817,15.746618270874023,15.844712362240129,52.91700212772692,26.804932913189724,2018,9
2019-04-07,21.067308770057323,13.426309585571289,11.865478130323305,54.845131755683674,25.301057060408898,2018,9
2019-04-08,20.74078158750516,13.443445205688477,12.128341177005742,55.0881633352289,25.35018282635707,2018,9
2019-04-09,20.065728255641798,13.219208717346191,13.280673562107095,50.578016178866754,24.285906678490463,2018,9
2019-04-10,18.51719623710716,12.774864196777344,12.916653144279545,44.32580946062764,22.133630759697922,2018,9
2019-04-11,19.198864919069127,12.860257148742676,13.819064187458418,39.901456237594665,21.44491062321622,2018,9
2019-04-12,19.647089610045324,12.934345245361328,18.25525306331759,42.08551190459926,23.230549955830874,2018,9
2019-04-13,22.59085024379962,14.741761207580566,23.843723097634598,50.025589809671295,27.80048108967152,2018,9
2019-04-14,24.137648048977578,16.41524314880371,21.271653976335102,52.7430798645738,28.64190625967255,2018,9
2019-04-15,26.50850631990163,18.109907150268555,28.186437113957037,67.54780510075898,35.08816392122155,2018,9
2019-04-16,21.464882810857016,16.46819305419922,23.73614848172563,47.29307308921532,27.240574358999297,2018,9
2019-04-17,20.04995916550978,13.949564933776855,17.304805219710733,49.04288048308532,25.086802450520672,2018,9
2019-04-18,22.25885599342071,23.941143035888672,40.8277740027977,59.36071385712898,36.59712172230902,2018,9
2019-04-19,21.34382997575465,23.874767303466797,32.16431635757782,54.13254301137932,32.87886416204464,2018,9
2019-04-20,21.557085782309038,25.437759399414062,33.36361550452197,54.30396689819549,33.66560689611014,2018,9
2019-04-21,21.39627864871683,24.054349899291992,31.413792872371204,54.58772451491214,32.86303648382304,2018,9
2019-04-22,21.353165297519265,22.714998245239258,32.090331578640885,59.06424973357505,33.80568621374361,2018,9
2019-04-23,22.068182935149323,24.314659118652344,36.79482705858082,58.47839966709627,35.414017194869686,2018,9
2019-04-24,21.6088590242735,20.79811668395996,27.56921937821826,54.89503237168061,31.21780686453308,2018,9
2019-04-25,22.972685195140073,21.195903778076172,27.18847825528669,58.544601647620276,32.4754172190308,2018,9
2019-04-26,23.465780303231472,20.258289337158203,25.968149648638963,64.14032268037894,33.45813549235189,2018,9
2019-04-27,27.658934033913265,33.92979049682617,46.014006066999826,78.10681771989842,46.42738707940942,2018,9
2019-04-28,21.494359713737023,20.32052993774414,28.341366322862484,51.56495526365477,30.430302809499604,2018,9
2019-04-29,19.724005904411907,16.940933227539062,23.395020378275944,49.011465039139026,27.267856137341486,2018,9
2019-04-30,19.934561419206553,16.940933227539062,20.173383921023795,49.08132122102717,26.532549947199144,2018,9
2019-05-01,18.937190426234455,16.788349151611328,20.804078861601194,46.526913701038126,25.764133035121276,2018,9
2019-05-02,19.12801893800761,14.292333602905273,15.92836271731541,56.03236671827452,26.345270494125703,2018,9
2019-05-03,18.78751528019618,14.530655860900879,17.434506789094918,50.47230411478468,25.306245511244164,2018,9
2019-05-04,19.587083469713512,15.092697143554688,18.17191374615758,50.99146270540947,25.960789266208813,2018,9
2019-05-05,18.433661121956657,14.04979133605957,20.007169379940887,43.64700232526659,24.034406040805926,2018,9
2019-05-06,18.439626519550952,13.705046653747559,19.513034117149612,42.4037103791211,23.51535441739231,2018,9
2019-05-07,19.305420420626866,14.326704025268555,20.80402683617471,51.31459682539083,26.43768702686524,2018,9
2019-05-08,30.20380133853191,43.62751007080078,52.73220767970351,61.18181177166534,46.93633271517538,2018,9
2019-05-09,22.834462768269443,24.95949935913086,30.392210816305365,62.468646271883,35.16370480389717,2018,9
2019-05-10,19.66626401689891,18.597753524780273,25.522560068825896,43.44845517019093,26.808758195174,2018,9
2019-05-11,20.375268352364056,17.48172950744629,20.981308982942604,48.36374211965538,26.80051224060208,2018,9
2019-05-12,20.337065402374332,18.19293785095215,22.72713184481113,46.23522218780789,26.873089321486376,2018,9
2019-05-13,21.38766819503264,19.33457374572754,23.184406186057142,49.46105772127012,28.34192646202186,2018,9
2019-05-14,22.157369194963742,20.717206954956055,26.249402662742654,53.74552354649637,30.717375589789704,2018,9
2019-05-15,22.068249203478324,26.72198486328125,44.440182128289294,56.65039629109729,37.470203121536535,2018,9
2019-05-16,20.454607833419427,21.453279495239258,29.091656313746423,54.06321194132772,31.26568889593321,2018,9
2019-05-17,18.333009243435022,17.403257369995117,26.502546326019655,42.213417161381294,26.113057525207772,2018,9
2019-05-18,18.390027359197173,17.4306583404541,22.118650763697648,45.08089349999819,25.755057490836776,2018,9
2019-05-19,18.54944070994423,17.392202377319336,21.52326522787394,48.85983601561618,26.581186082688422,2018,9
2019-05-20,18.602886153752273,17.00249671936035,17.762110798932703,48.597238130873,25.49118295072958,2018,9
2019-05-21,19.288981512149057,17.22296142578125,21.836677480678222,50.49624628344168,27.211216675512553,2018,9
2019-05-22,18.765425425488864,21.113344192504883,21.743689278757238,51.08907356036447,28.177883114278863,2018,9
2019-05-23,18.350034770219047,16.165666580200195,16.34318004840624,49.45981247121936,25.07967346751121,2018,9
2019-05-24,17.985920369291872,15.57522964477539,20.412329383467757,52.8530598745088,26.706634818010954,2018,9
2019-05-25,18.602145174561553,14.37082290649414,18.78784851004163,51.00345915064333,25.691068935435162,2018,9
2019-05-26,18.915147658300544,16.13522720336914,17.721727591747296,56.35717141367716,27.282318466773532,2018,9
2019-05-27,18.32578053580288,15.208727836608887,16.81594561967834,57.026810499965386,26.844316123013876,2018,9
2019-05-28,18.179085361966834,13.31241512298584,19.554910566670493,56.04687961950326,26.773322667781606,2018,9
2019-05-29,19.178247310044846,15.931407928466797,20.770200030171853,56.87219153184297,28.188011700131618,2018,9
2019-05-30,19.67915866488661,16.042909622192383,19.705041428113784,63.36871150504706,29.69895530505996,2018,9
2019-05-31,20.18113539802535,14.247955322265625,15.310541721815179,54.526662934983904,26.06657384427251,2018,9
2019-06-01,21.115841232141985,16.06847381591797,4.1502928732828686,51.69553573737264,23.257535914678865,2018,9
2019-06-02,20.942635415058664,15.85069751739502,15.834957462874064,62.96675077853057,28.898760293464576,2018,9
2019-06-03,20.00547408923026,13.62855052947998,8.213560625234015,55.87446026861406,24.430511378139578,2018,9
2019-06-04,20.09687587065176,14.50109577178955,6.71878496835536,56.2488382265513,24.39139870933699,2018,9
2019-06-05,18.69898725939539,12.814352989196777,2.3231639338278725,53.73832351516091,21.89370692439524,2018,9
2019-06-06,19.560636505191248,12.841289520263672,9.6758491147501,51.894582790552704,23.49308948268943,2018,9
2019-06-07,25.306566245307078,36.52770233154297,33.40959771485088,55.41912568859271,37.66574799507341,2018,9
2019-06-08,23.605812189606944,20.835969924926758,-0.17050086676470483,61.62954490486233,26.47520653815783,2018,9
2019-06-09,20.378001297109858,14.007969856262207,8.163144809864372,46.29464256028925,22.21093963088142,2018,9
2019-06-10,19.420501953010127,13.284197807312012,11.401646265280652,45.553385915758476,22.414932985340318,2018,9
2019-06-11,23.876948460068135,22.068986892700195,28.58315274970751,56.49015297645655,32.7548102697331,2018,9
2019-06-12,19.691425840032846,14.431212425231934,12.73218721782564,46.13373277515364,23.247139564561017,2018,9
2019-06-13,22.5418067878711,19.352703094482422,18.49935728846551,54.568179737886375,28.74051172717635,2018,9
2019-06-14,19.911171135803805,17.234689712524414,13.485520285856126,54.39618687286319,26.256892001761884,2018,9
2019-06-15,19.30272929570529,15.952322006225586,7.91441153855812,51.4183045696371,23.646941852531526,2018,9
2019-06-16,21.568366931626162,16.28082847595215,13.954606103224087,57.12388176596465,27.23192081919176,2018,9
2019-06-17,31.53871885060621,27.882362365722656,26.026187081792994,96.75758601412579,45.55121357806191,2018,9
2019-06-18,32.875172154705446,31.226308822631836,25.10290699397159,83.60134505661193,43.201433256980195,2018,9
2019-06-19,33.50046432411878,31.00052833557129,17.331796361391802,89.26418504772343,42.77424351720133,2018,9
2019-06-20,34.16413391483033,33.31901550292969,21.56648891310407,93.69882028090686,45.68711465294274,2018,9
2019-06-21,37.92821543252529,34.47945022583008,19.19943382725697,89.58639372780117,45.29837330335337,2018,9
2019-06-22,41.6210491560059,41.29543685913086,37.889527941604236,95.36352625461504,54.04238505283901,2018,9
2019-06-23,40.57674599928993,37.96479034423828,37.692597133260854,97.80745622990827,53.51039742667433,2018,9
2019-06-24,41.39763017590992,36.591251373291016,26.23342770513909,88.88505606304265,48.27684132934567,2018,9
2019-06-25,42.57527239969478,36.73320770263672,22.500881763585372,88.64615787468423,47.61387993515028,2018,9
2019-06-26,44.672843216743885,36.85440444946289,27.373366506066294,89.61867439813426,49.62982214260183,2018,9
2019-06-27,50.575804844960714,54.12765121459961,59.98220260180163,93.96986951661704,64.66388204449476,2018,9
2019-06-28,51.88931169368804,54.90970230102539,63.59609474295502,106.56637647388524,69.24037130288843,2018,9
2019-06-29,50.3631410869557,49.55131149291992,49.734925033677996,93.32092538318963,60.74257574918581,2018,9
2019-06-30,48.27927448689954,42.87263488769531,36.27264491867678,101.86410917717232,57.32216586761099,2018,9
2019-07-01,47.369027091529965,37.69981002807617,22.242046626561702,92.76802893801813,50.019728171046495,2018,9
2019-07-02,50.32230535473413,41.93061447143555,32.3168652719468,88.56284470682183,53.28315745123458,2018,9
2019-07-03,52.43748954025517,42.595272064208984,40.3034521317114,82.96581306090641,54.57550669927049,2018,9
2019-07-04,55.17324381889014,48.627113342285156,56.47020803079239,82.38510502639757,60.66391755459132,2018,9
2019-07-05,52.50252742054862,40.88854217529297,44.21865907769842,67.66342544690708,51.31828853011177,2018,9
2019-07-06,50.926645407912744,31.831615447998047,31.720234421622827,71.46813338936789,46.48665716672538,2018,9
2019-07-07,49.78272207991946,29.2332820892334,26.745406035495172,69.83927179906972,43.900170500929434,2018,9
2019-07-08,50.23286452253814,29.510465621948242,22.120165478335867,67.85367004009915,42.42929141573035,2018,9
2019-07-09,70.17121294158339,57.69337463378906,53.473353266161915,98.87473307601387,70.05316847938705,2018,9
2019-07-10,71.5973382621672,69.84735107421875,69.57283701373397,114.75317527345359,81.44267540589337,2018,9
2019-07-11,72.28945791107427,62.91917419433594,62.44444504341306,116.42928347402764,78.52059015571272,2018,9
2019-07-12,72.04794083481336,62.00040817260742,65.00147947137785,119.16616422498399,79.55399817594565,2018,9
2019-07-13,73.97928663254177,63.20894241333008,57.960362180955514,114.42962424881934,77.39455386891167,2018,9
2019-07-14,74.70970460619618,77.03307342529297,84.01731847950767,111.48096732664663,86.81026595941086,2018,9
2019-07-15,75.3837864019144,78.55463409423828,90.58802320079234,112.78957983993712,89.32900588422054,2018,9
2019-07-16,74.95849718109085,79.983154296875,92.42255796465888,112.42448267802975,89.94717303016361,2018,9
2019-07-17,75.74457002170658,70.50142669677734,96.10765945229551,114.66932167236213,89.2557444607854,2018,9
2019-07-18,77.59212381166184,70.1904525756836,97.43936103628519,119.2101958942587,91.10803332947233,2018,9
2019-07-19,78.85556943092236,76.59156036376953,94.31805424672775,117.9457950722235,91.92774477841078,2018,9
2019-07-20,78.29710827339285,70.83873748779297,88.28773288495829,126.1627132333978,90.89657296988548,2018,9
2019-07-21,81.81838413290731,81.08379364013672,106.30668435077504,121.38560554762725,97.64861691786157,2018,9
2019-07-22,82.77326819003333,83.42182159423828,137.14445567412997,124.15179734715582,106.87283570138935,2018,9
2019-07-23,85.0637347049474,95.21681213378906,132.5017354940167,113.16024997546941,106.48563307705565,2018,9
2019-07-24,86.45364873355066,95.1414794921875,134.78330052605364,115.06176480591195,107.86004838942594,2018,9
2019-07-25,91.05952619141247,97.4868392944336,132.26477664997336,117.47813425828355,109.57231909852574,2018,9
2019-07-26,91.50085040547957,85.82559967041016,121.07205072464737,120.40096733692155,104.69986703436467,2018,9
2019-07-27,97.81576846466518,101.63843536376953,142.7493615683417,118.22762529219868,115.10779767224378,2018,9
2019-07-28,100.79442145287689,112.24456787109375,136.55553450269952,118.35730256214441,116.98795659720365,2018,9
2019-07-29,103.2132445089767,111.04684448242188,128.73730273582285,130.3859904377829,118.34584554125107,2018,9
2019-07-30,103.84792322858407,116.56594848632812,133.87061943429237,132.06593771779202,121.58760721674915,2018,9
2019-07-31,106.14899944675915,110.85963439941406,104.99106088576194,126.7080482817967,112.17693575343297,2018,9
2019-08-01,110.5041992093274,116.82476043701172,127.14960504973531,123.08499369591789,119.39088959799808,2018,9
2019-08-02,113.35095237553114,122.57168579101562,130.3627640548267,122.5344324409631,122.20495866558414,2018,9
2019-08-03,118.60060529313341,134.77816772460938,147.2024938704941,130.68421840086762,132.81637132227613,2018,9
2019-08-04,125.81548243444394,144.19052124023438,159.76106661493208,127.95869880817834,139.4314422744472,2018,9
2019-08-05,128.59657419573182,155.18519592285156,164.74293379485457,133.664585158663,145.54732226802525,2018,9
2019-08-06,126.00051789513152,146.59161376953125,170.72424352595135,138.58933641532988,145.476427901486,2018,9
2019-08-07,130.55407900680322,155.95077514648438,180.7383081468806,132.3996518420277,149.91070353554898,2018,9
2019-08-08,130.44019006694683,164.2760009765625,207.23558867930814,123.384564020694,156.33408593587785,2018,9
2019-08-09,132.95479145137776,177.95962524414062,216.79755485386593,144.52088645463965,168.05821450100598,2018,9
2019-08-10,131.70933373576068,171.05931091308594,201.78093739764114,149.37740904845273,163.48174777373512,2018,9
2019-08-11,134.28355115381805,169.3210906982422,153.22693015117795,131.97238727238343,147.2009898189054,2018,9
2019-08-12,133.52102844431067,174.55857849121094,178.14976027796018,127.63384017568505,153.46580184729171,2018,9
2019-08-13,135.16807404157888,175.31948852539062,182.47130352908752,125.00034704737955,154.48980328585915,2018,9
2019-08-14,136.19551197281857,177.23983764648438,174.71151111756168,121.82934397140711,152.49405117706792,2018,9
2019-08-15,136.41945913314748,176.3094940185547,196.92885117476715,124.29336982982333,158.48779353907315,2018,9
2019-08-16,137.66189947480316,177.6711883544922,217.3630098755131,132.58964746571286,166.32143629263032,2018,9
2019-08-17,139.6084593976182,173.9580078125,190.00899264833419,126.20923492397104,157.44617369560584,2018,9
2019-08-18,140.65083476091,177.20404052734375,202.7931551320254,125.23231965996537,161.47008752006113,2018,9
2019-08-19,141.03798500554592,177.8368377685547,187.22289250146068,124.40796014784397,157.6264188558513,2018,9
2019-08-20,140.88326393746004,177.58560180664062,205.7088405593817,120.17046378867451,161.08704252303923,2018,9
2019-08-21,142.66508532774955,177.76576232910156,199.33680733864816,118.10787931064424,159.46888357653586,2018,9
2019-08-22,137.22888910027396,163.32644653320312,190.09285203503276,114.0026968641482,151.1627211331645,2018,9
2019-08-23,136.65100881731448,167.29991149902344,179.38427311074597,113.0359388325007,149.09278306489617,2018,9
2019-08-24,135.72059113961785,167.60862731933594,170.3821149841726,121.57604000013153,148.82184336081448,2018,9
2019-08-25,130.2717135642051,160.0937957763672,179.9556854490596,108.24474524781307,144.64148500936125,2018,9
2019-08-26,128.0080984463428,161.05645751953125,195.8445108071529,104.82363080062014,147.43317439341178,2018,9
2019-08-27,125.19859045580432,160.27914428710938,187.6001154201704,103.59878833069777,144.16915962344547,2018,9
2019-08-28,123.16006660024516,155.63079833984375,190.92553596496214,112.88796932548361,145.65109255763366,2018,9
2019-08-29,123.35535204147598,155.92625427246094,183.33421915427215,118.87656774502918,145.37309830330955,2018,9
2019-08-30,124.95902779822285,159.86294555664062,180.24397634549965,119.54770146115281,146.15341279037898,2018,9
2019-08-31,122.25582148611527,159.03114318847656,191.5537738614521,122.06615077758953,148.72672232840836,2018,9
2019-09-01,119.21168644538392,155.58419799804688,190.82938306624197,116.6424506973872,145.56692955176499,2018,9
2019-09-02,101.79602163711884,124.98126220703125,149.56021338649532,106.16837631085693,120.62646838537557,2018,9
2019-09-03,100.07628873148553,122.83106231689453,141.9297385991047,109.52981101864314,118.59172516653197,2018,9
2019-09-04,96.42502617709366,117.24851989746094,151.1996985606962,120.41502834190705,121.32206824428945,2018,9
2019-09-05,88.61224076578144,97.72053527832031,138.86036653642785,112.61901918227908,109.45304044070218,2018,9
2019-09-06,88.11936586079142,91.84709167480469,133.6798271890754,109.91486225089263,105.89028674389104,2018,9
2019-09-07,85.59368640979619,86.25731658935547,136.2205907017124,102.55307188873464,102.65616639739967,2018,9
2019-09-08,47.70321530277866,45.107887268066406,72.99762221456623,36.88560932220966,50.67358352690524,2018,9
2019-09-09,39.03346340587759,40.977752685546875,48.6777636336841,37.35708282578307,41.51151563772291,2018,9
2019-09-10,27.063013893633162,24.733783721923828,19.296894785715757,41.125271620746084,28.05474100550471,2018,9
2019-09-11,27.253506367080313,24.80311393737793,18.77889295689282,52.93725922904575,30.9431931225992,2018,9
2019-09-12,24.14610710828004,22.351673126220703,12.740195321153488,48.75883160316975,26.999201789705996,2018,9
2019-09-13,17.82383547131385,18.17632484436035,17.68269680117142,39.134645115014706,23.204375557965083,2018,9
2019-09-14,15.752147658487745,17.876171112060547,13.383986462171505,39.38743878422981,21.5999360042374,2018,9
2019-09-15,13.780429256916612,16.172819137573242,11.229345269846661,38.02752271933181,19.80252909591708,2018,9
2019-09-16,11.87321602434514,12.443074226379395,10.37110999621145,35.045993846805004,17.43334852343525,2018,9
2019-09-17,11.780673214305324,13.103513717651367,11.248295852580027,37.68310752448797,18.45389757725617,2018,9
2019-09-18,12.3304022048669,13.549860000610352,15.363874167346113,39.84730283341682,20.272859801560045,2018,9
2019-09-19,11.83151503522942,12.831567764282227,13.248964117180025,38.73499594689664,19.161760715897078,2018,9
2019-09-20,15.990518894262946,15.95862865447998,15.341245739274761,56.89572191011317,26.046528799532716,2018,9
2019-09-21,17.70228529468145,16.20564842224121,17.019515096949654,61.89133329945266,28.204695528331243,2018,9
2019-09-22,17.627145242175448,12.540681838989258,15.24527677173987,52.72588589781773,24.53474743768058,2018,9
2019-09-23,19.835131365509152,15.1022367477417,12.586559271277505,56.86210715142662,26.096508633988748,2018,9
2019-09-24,29.553827719806904,34.54347229003906,46.741137024768186,63.09219730410592,43.48265858468002,2018,9
2019-09-25,55.17542123142332,59.37122344970703,68.87923519185051,116.06116136112662,74.87176030852687,2018,9
2019-09-26,61.11390407431163,55.66489791870117,64.32161393343219,116.96232711535886,74.51568576045096,2018,9
2019-09-27,63.44742777950411,58.959754943847656,71.82757252778593,116.24616961818032,77.6202312173295,2018,9
2019-09-28,65.10030974206552,64.39449310302734,79.43747528335011,119.41154836283523,82.08595662281955,2018,9
2019-09-29,62.82272131665035,57.84994125366211,57.480638858731474,122.08780572911857,75.06027678954064,2018,9
2019-09-30,66.05133148984781,60.719200134277344,63.606038842988795,109.33622170796517,74.92819804376978,2018,9
2019-10-01,56.28051690217623,46.013099670410156,39.054191882721156,91.2291842570068,58.144248178078584,2018,9
2019-10-02,56.95132271511399,45.32683563232422,40.081386268073395,83.50866843300811,56.46705326212992,2018,9
2019-10-03,55.607532117028924,44.842002868652344,44.26131198224901,93.35339378155366,59.51606018737098,2018,9
2019-10-04,57.33457846256934,63.15454864501953,64.18929487855408,106.6387049713517,72.82928173937367,2018,9
2019-10-05,54.44173123116969,46.53932571411133,37.64817136885458,86.2598044813854,56.22225819888025,2018,9
2019-10-06,54.23095584120104,44.034122467041016,23.171036203830457,93.41383699517128,53.71248787681095,2018,9
2019-10-07,63.96438421323239,56.487548828125,62.14730166728506,106.95827942505393,72.3893785334241,2018,9
2019-10-08,63.84163496231034,57.18511199951172,56.0216124693572,112.70537792628727,72.43843433936664,2018,9
2019-10-09,63.96571852170752,55.4193000793457,54.36813676737884,111.25389997880072,71.2517638368082,2018,9
2019-10-10,62.28529121203178,55.57379150390625,53.72245456329726,116.13546649786889,71.92925094427605,2018,9
2019-10-11,63.05408217873084,64.1781005859375,63.88049872242891,123.51230565033266,78.65624678435748,2018,9
2019-10-12,63.37544654166515,58.04180908203125,56.19454268936897,104.35184088475502,70.4909097994551,2018,9
2019-10-13,63.70600989170809,62.24488067626953,61.88187757362639,106.56700859206693,73.59994418341773,2018,9
2019-10-14,63.69221075893468,61.372779846191406,63.86124168395821,99.11407042429364,72.01007567834448,2018,9
2019-10-15,63.673594275841346,59.67805480957031,57.38834400847961,106.61661312384129,71.83915155443313,2018,9
2019-10-16,62.210179662285945,56.23724365234375,62.691194061054695,116.09939618892611,74.30950339115262,2018,9
2019-10-17,64.73952621120777,60.57460021972656,66.19583401335406,117.18340989655641,77.1733425852112,2018,9
2019-10-18,64.23046983295691,57.473670959472656,59.334465151823046,125.38900608063662,76.60690300622231,2018,9
2019-10-19,60.8919003376599,52.101783752441406,47.90526913664018,114.70979443458526,68.9021869153317,2018,9
2019-10-20,62.970724383117606,56.30563735961914,54.53435764492524,106.26223812131767,70.01823937724492,2018,9
2019-10-21,62.31414504603367,55.95966339111328,54.33107046391745,106.69250369624082,69.8243456493263,2018,9
2019-10-22,55.00632031808762,45.45230484008789,39.70409742825042,81.46704338440846,55.4074414927086,2018,9
2019-10-23,52.69422596489734,40.52505874633789,33.82698660787831,76.91764239492214,50.990978428508924,2018,9
2019-10-24,50.30189614998871,37.94839859008789,25.774376513913925,87.91116258043927,50.48395845860745,2018,9
2019-10-25,55.82379393907484,72.12872314453125,77.13787180168976,94.00565551568158,74.77401110024437,2018,9
2019-10-26,58.132340273704045,67.91647338867188,70.77847738527983,96.40372894345455,73.30775499777758,2018,9
2019-10-27,52.25097059371627,44.84206771850586,39.94039526334746,61.275771421928646,49.57730124937456,2018,9
2019-10-28,50.57401891502977,41.39140319824219,28.761237671099043,60.161151560432764,45.22195283620094,2018,9
2019-10-29,51.278150241757125,45.085147857666016,41.23603142718987,66.71654473759257,51.0789685660514,2018,9
2019-10-30,55.37622495560572,59.858036041259766,81.82751559094179,71.8523205518086,67.22852428490397,2018,9
2019-10-31,49.82951801228308,44.59553146362305,36.59114083197121,68.14308615497833,49.78981911571392,2018,9
2019-11-01,51.28142060872883,46.2940559387207,40.54787011179311,81.34030715312379,54.86591345309161,2018,9
2019-11-02,55.829301881868695,82.21060180664062,111.84419619646873,93.40667443946037,85.8226935811096,2018,9
2019-11-03,50.89267579692546,46.62030792236328,37.74391967788985,76.34697453292979,52.90096948252709,2018,9
2019-11-04,24.279203023913833,27.383190155029297,24.65604499047346,48.42538921852498,31.18595684698539,2018,9
2019-11-05,19.014324276133326,23.695215225219727,15.345640781140622,48.86723740154208,26.730604421008938,2018,9
2019-11-06,16.155443179270797,17.711048126220703,13.4638006862784,44.26134420300083,22.897909048692682,2018,9
2019-11-07,14.20775438854197,16.298852920532227,11.189266501569337,42.281765904053266,20.9944099286742,2018,9
2019-11-08,12.794668354819139,13.781728744506836,12.528060623005771,35.20601112744748,18.577617212444807,2018,9
2019-11-09,19.857405813435975,19.463829040527344,35.183888389351644,49.10692691458174,30.903012539474176,2018,9
2019-11-10,16.505122040740005,16.89502716064453,22.120759569398427,43.27294541350769,24.698463546072666,2018,9
2019-11-11,20.830622679979918,19.7477970123291,28.99283304488676,58.719959723785294,32.072803115245264,2018,9
2019-11-12,20.12077952597528,19.869321823120117,25.4374422348768,58.16897146669342,30.899128762666404,2018,9
2019-11-13,23.6477803092471,25.15193748474121,42.11432070420023,43.25768382484793,33.54293058075912,2018,9
2019-11-14,24.321157547675288,26.438106536865234,49.62008670734268,32.918118612601596,33.3243673511212,2018,9
2019-11-15,19.18043177589035,18.0220890045166,27.480788871829958,44.147947799164285,27.2078143628503,2018,9
2019-11-16,15.978987224120056,15.402356147766113,19.94234203565564,41.92589037199862,23.312393944885105,2018,9
2019-11-17,13.8323960872077,13.506579399108887,16.676070752769615,34.51011919264195,19.63129135793204,2018,9
2019-11-18,13.433663150971693,13.791046142578125,13.28210409583113,36.012746803354,19.12989004818374,2018,9
2019-11-19,15.245399423631607,13.581210136413574,15.119973389055193,52.988770824428194,24.23383844338214,2018,9
2019-11-20,20.400597039374183,18.772687911987305,23.510094738739923,61.69037256904628,31.093438064786923,2018,9
2019-11-21,29.731029566156003,40.1544303894043,55.992143561778185,47.40418311594972,43.320446658322055,2018,9
2019-11-22,33.9097444838777,38.93765640258789,69.21122419899245,67.28863227174675,52.3368143393012,2018,9
2019-11-23,39.68829042125778,48.71123123168945,51.53338103646694,68.14670071242355,52.019900850459436,2018,9
2019-11-24,31.700498800342267,35.48015594482422,36.86933875558798,69.69944806240333,43.43736039078945,2018,9
2019-11-25,32.49057073417328,34.50856018066406,31.680394169526394,77.2865637736619,43.9915222145064,2018,9
2019-11-26,42.35223372061345,43.406959533691406,39.10791143193502,87.43324923596106,53.075088480550235,2018,9
2019-11-27,39.674770056461995,40.78884506225586,57.24075107679065,74.777614787686,53.12049524579862,2018,9
2019-11-28,33.537740561686334,33.283809661865234,41.89911991958948,70.00194104876672,44.68065279797695,2018,9
2019-11-29,33.32363284859235,31.7598819732666,36.46144751086998,58.52519546798355,40.01753945017812,2018,9
2019-11-30,38.51999718751624,37.730499267578125,53.329874080357946,63.049690707814634,48.157515310816734,2018,9
2019-12-01,34.222551363585886,33.445438385009766,37.69596957298422,57.93378774881188,40.82443676759794,2018,9
2019-12-02,31.895547152837526,30.62816047668457,32.87117561980433,50.680722558822325,36.518901452037184,2018,9
2019-12-03,32.71356686521409,31.35167694091797,34.177870008050164,58.13417309150665,39.09432172642222,2018,9
2019-12-04,32.23510687732998,30.48172378540039,28.140486418873113,54.91587821465124,36.44329882406368,2018,9
2019-12-05,36.88243061734424,38.11317825317383,36.21206107329207,79.27209877064568,47.619942178613954,2018,9
2019-12-06,30.999172497693593,31.81555938720703,38.447143860192206,67.32061311397914,42.14562221476799,2018,9
2019-12-07,23.909539716116,23.933155059814453,26.223441641546493,57.81634876601288,32.970621295872455,2018,9
2019-12-08,38.238022993063595,56.36787033081055,78.42919570637119,78.60493546488304,62.9100061237821,2018,9
2019-12-09,22.266617538216334,29.638280868530273,26.87125373960039,60.1028384982186,34.7197476611414,2018,9
2019-12-10,23.4842067406972,25.382156372070312,22.8869217572442,58.45736536360292,32.552662558403654,2018,9
2019-12-11,17.63455669025485,18.679601669311523,15.417671071096278,47.27852099295383,24.75258760590412,2018,9
2019-12-12,26.475894678482103,28.11471176147461,20.402265587503898,54.776725031637554,32.44239926477454,2018,9
2019-12-13,22.95031806612081,31.404220581054688,28.407627061450338,64.50347857724694,36.816411071468195,2018,9
2019-12-14,27.98937327577674,33.9389533996582,27.390814713857633,60.242518998302536,37.39041509689878,2018,9
2019-12-15,21.280341021078044,24.758068084716797,21.45151453785357,58.07458087213168,31.391126128945025,2018,9
2019-12-16,16.161382360434704,18.411649703979492,14.740086590498112,37.327626707122825,21.66018634050878,2018,9
2019-12-17,17.55863701155959,18.150394439697266,21.14849788334663,5.055413702535917,15.47823575928485,2019,2
2019-12-18,41.31786896010536,43.82076644897461,53.450720163502034,30.491398264059143,42.27018845916029,2019,2
2019-12-19,35.14377068017584,39.06629180908203,53.336833787687375,38.615761119615755,41.54066434914024,2019,2
2019-12-20,23.925281713919535,23.803171157836914,25.938240404595465,2.259596550913269,18.981572456816295,2019,2
2019-12-21,27.94322125526835,24.834104537963867,23.350940610426026,13.103455133529819,22.307930384297016,2019,2
2019-12-22,32.18384318390709,28.844364166259766,27.907463520418553,4.927098603043406,23.465692368407204,2019,2
2019-12-23,26.691913364851835,24.638090133666992,27.012361820971538,11.063652733619778,22.351504513277536,2019,2
2019-12-24,35.667806155774066,32.88869857788086,28.349122607276513,11.206781976462846,27.02810232934857,2019,2
2019-12-25,17.945176703607704,21.06269645690918,19.1763703969034,3.599297512395321,15.4458852674539,2019,2
2019-12-26,39.02541858922012,40.268455505371094,49.46549103814924,25.359163555591415,38.52963217208297,2019,2
2019-12-27,19.61195186418431,21.059959411621094,24.467792739144674,10.568441125165329,18.927036285028848,2019,2
2019-12-28,16.756703125401806,18.25487518310547,19.748503231293338,5.78006200806845,15.135035886967264,2019,2
2019-12-29,14.843521038436394,16.545175552368164,12.968970535381468,3.7906109619574373,12.037069522035864,2019,2
2019-12-30,13.388852374180694,15.426916122436523,11.036436741778916,-3.371729314797756,9.120118980899594,2019,2
2019-12-31,14.220171740262833,14.213726043701172,14.099816575490717,3.4082393471926604,11.485488426661846,2019,2
2020-01-01,13.823097021481546,13.479174613952637,10.309164822176093,-0.643754216787034,9.24192056020581,2019,2
2020-01-02,18.831976249399332,16.802879333496094,14.023850368230317,10.193033240957414,14.962934798020788,2019,2
2020-01-03,18.913529741815164,18.349462509155273,12.588230315514165,8.166747341220262,14.504492476926217,2019,2
2020-01-04,14.727780691506196,14.486893653869629,5.799393557301357,0.5564790561309039,8.892636739702022,2019,2
2020-01-05,13.102741884040025,12.522496223449707,5.767169230922602,5.907027797723874,9.324858784034053,2019,2
2020-01-06,20.52861075561502,16.73055076599121,10.497527800791532,11.825284666602453,14.895493497250055,2019,2
2020-01-07,19.583474157769142,18.45132827758789,12.56832041403463,9.862013913848722,15.116284190810097,2019,2
2020-01-08,16.875247844417082,16.85897445678711,11.144556875806526,7.244987653887771,13.03094170772462,2019,2
2020-01-09,29.006549096841965,24.351341247558594,18.081126347891097,17.39831292579631,22.209332404521994,2019,2
2020-01-10,16.23048646996598,18.88429832458496,9.475629850919548,7.267796820455128,12.964552866481405,2019,2
2020-01-11,29.655198193973163,28.89030647277832,20.341034883184424,19.83836323732182,24.68122569681443,2019,2
2020-01-12,29.294439760974015,25.814640045166016,21.199559412095155,21.44099478376024,24.437408500498854,2019,2
2020-01-13,37.80328919044526,38.5208625793457,36.474551291051995,24.707395506896773,34.376524641934935,2019,2
2020-01-14,41.94514355487394,41.844825744628906,43.368796094281954,37.745794605605525,41.226139999847575,2019,2
2020-01-15,24.754093757429644,23.529632568359375,15.357673899114111,10.72090224248951,18.59057561684816,2019,2
2020-01-16,40.295591849753876,43.75444793701172,37.084135080412466,26.44555749709084,36.89493309106722,2019,2
2020-01-17,27.43974718946385,23.61231231689453,12.214674798881651,7.416164870663604,17.67072479397591,2019,2
2020-01-18,17.383442044522074,20.224462509155273,6.170094738396609,0.7247163435773398,11.125678908912823,2019,2
2020-01-19,15.60379714146521,17.18227195739746,5.87965707288495,0.7749866721280103,9.860178210968908,2019,2
2020-01-20,14.068409588599557,17.165529251098633,8.698008824487754,0.0956765648797333,10.006906057266418,2019,2
2020-01-21,13.78493529901616,17.309743881225586,10.11224787976652,-0.10856238654796968,10.274591168365074,2019,2
2020-01-22,13.176475078432981,16.440143585205078,9.17975228406191,3.3443096337599822,10.535170145364988,2019,2
2020-01-23,15.486245876311353,20.253246307373047,11.810068729763833,8.58262863896511,14.033047388103336,2019,2
2020-01-24,13.588939302424642,15.8768310546875,10.513122510668289,0.6577392675827944,10.159158033840807,2019,2
2020-01-25,14.067071880896371,17.32657241821289,12.41545257896848,7.01592137258924,12.706254562666745,2019,2
2020-01-26,17.198279040511217,18.212430953979492,13.06197746543872,8.032196202025226,14.126220915488664,2019,2
2020-01-27,25.103901094637944,23.895065307617188,18.360282291986206,14.051930192557228,20.35279472169964,2019,2
2020-01-28,27.161813992421074,25.796100616455078,23.29547954022612,13.594551780696788,22.461986482449763,2019,2
2020-01-29,19.214470928415786,23.861679077148438,20.386217682113816,10.004132814442425,18.366625125530117,2019,2
2020-01-30,23.562578890348515,22.69002914428711,15.433689603767858,11.950200987572327,18.409124656493955,2019,2
2020-01-31,24.437963912509122,22.44753646850586,14.017324567307497,14.010010685544382,18.728208908466716,2019,2
2020-02-01,26.45321304492018,22.54638671875,13.584206666768699,15.907393941427733,19.622800092966653,2019,2
2020-02-02,33.59551768741851,30.21581268310547,23.449486662465603,25.31093316592814,28.14293754972943,2019,2
2020-02-03,30.626552266700376,23.88521385192871,21.1040919550444,13.13092766133158,22.186696433751266,2019,2
2020-02-04,31.11045729114922,28.800189971923828,23.37898831913169,14.012570034090437,24.325551404073792,2019,2
2020-02-05,17.19410033270562,19.400564193725586,13.281291779538419,3.1952580396104278,13.267803586395013,2019,2
2020-02-06,17.030483405972497,16.94363021850586,12.268656914294954,8.425043824994018,13.666953590941834,2019,2
2020-02-07,22.8343555251389,21.409297943115234,12.670449656998667,14.604201755551811,17.879576220201155,2019,2
2020-02-08,26.789325980655356,22.83524513244629,19.033792271628066,21.79813886205698,22.614125561696675,2019,2
2020-02-09,37.13470491328351,38.99629592895508,35.99757795670065,66.62093448167303,44.68737832015307,2019,2
2020-02-10,40.037341479857474,44.13106918334961,38.28215640672743,33.88308935116213,39.08341410527416,2019,2
2020-02-11,38.15249679613494,38.47105407714844,36.29630248428807,25.68378490643463,34.650909566001516,2019,2
2020-02-12,28.277275569641194,24.33932876586914,18.071004862755544,11.51955035914703,20.551789889353227,2019,2
2020-02-13,41.36810268761577,41.961116790771484,43.1784338238361,33.531026491262736,40.009669948371524,2019,2
2020-02-14,31.714356506068825,25.437070846557617,21.876854152303803,19.469475226424073,24.62443918283858,2019,2
2020-02-15,44.75654459370926,51.53781509399414,56.87538659979207,43.30235469941541,49.118025246727726,2019,2
2020-02-16,46.30110912056902,52.0675048828125,41.29555178352937,19.20457246941425,39.717184564081286,2019,2
2020-02-17,42.98501485847222,42.163978576660156,47.35573867881367,31.572079890755038,41.01920300117528,2019,2
2020-02-18,41.091228808104184,40.759674072265625,49.08590391308381,44.98050086059556,43.979326913512296,2019,2
2020-02-19,31.33560290461456,26.701749801635742,29.895608275739594,26.644956462999566,28.644479361247363,2019,2
2020-02-20,39.04896559069298,36.189517974853516,35.631310569601936,39.535591676733105,37.60134645297038,2019,2
2020-02-21,37.387671875007754,33.767337799072266,23.60765713819919,30.25895285284254,31.255404916280437,2019,2
2020-02-22,44.36143953675333,44.492027282714844,48.39930890291532,43.15257998516868,45.10133892688804,2019,2
2020-02-23,42.7447112689924,40.4913330078125,47.071005122986676,53.8150343005649,46.03052092508912,2019,2
2020-02-24,44.416879825648536,43.1199951171875,50.833287335314516,45.57497698986325,45.98628481700345,2019,2
2020-02-25,40.15052532748747,38.666297912597656,27.520992116213176,33.50782885420758,34.961411052626474,2019,2
2020-02-26,33.45665934097096,28.958345413208008,26.947213799340975,36.82828294445146,31.54762537449285,2019,2
2020-02-27,32.6665528792716,27.78700065612793,21.9436924354843,23.67399061131797,26.51780914555045,2019,2
2020-02-28,40.68012662113743,37.20008850097656,41.18998022185188,47.90826906075071,41.74461610117915,2019,2
2020-02-29,42.73263447218763,47.153160095214844,43.40697440124259,52.00274847704485,46.323879361422485,2019,2
2020-03-01,33.81582631707209,32.781551361083984,27.88304827043819,45.29991681252541,34.945085690279925,2019,2
2020-03-02,25.274093907055875,22.68574333190918,14.257641344911283,22.493116048091267,21.177648657991902,2019,2
2020-03-03,21.746562881454302,20.6450138092041,7.935465982536297,19.635636378726545,17.49066976298031,2019,2
2020-03-04,24.35656681796839,19.415264129638672,11.157263291483245,28.421137384266608,20.837557905839226,2019,2
2020-03-05,33.88798507101138,31.491863250732422,20.490412509779627,28.607146011347798,28.619351710717805,2019,2
2020-03-06,23.37604122207477,21.680191040039062,12.026348849399037,12.958005566401209,17.51014666947852,2019,2
2020-03-07,30.63549177182078,22.45309829711914,8.770632441878584,17.46586425558063,19.831271691599785,2019,2
2020-03-08,40.63584868125424,34.11027908325195,27.633964071307496,29.10261766973315,32.87067737638671,2019,2
2020-03-09,36.46506706148738,29.09503173828125,23.12020652659136,24.298469281091304,28.244693651862825,2019,2
2020-03-10,42.34675403440165,38.871498107910156,40.0057875268156,38.80120416625484,40.00631095884556,2019,2
2020-03-11,38.63652831216469,35.08135223388672,21.340256015722883,26.649586020956832,30.426930645682784,2019,2
2020-03-12,40.699180874247446,36.05546188354492,25.516937523411176,22.45600210522585,31.181895596607347,2019,2
2020-03-13,26.5578517150588,23.438825607299805,17.06819239164179,10.81062736980147,19.468874270950465,2019,2
2020-03-14,26.873451721717245,23.03647232055664,10.221098758546786,13.658376352253006,18.44734978826842,2019,2
2020-03-15,32.256551346736344,27.90215301513672,15.16440812592815,19.917412732515242,23.810131305079114,2019,2
2020-03-16,20.475321503524427,20.049341201782227,7.352745999010298,10.617750788380118,14.623789873174267,2019,2
2020-03-17,26.257069921949554,21.116912841796875,8.87227663000219,16.57939066364795,18.20641251434914,2019,2
2020-03-18,25.68568147275368,20.992956161499023,12.099862989921549,13.355421432675188,18.03348051421236,2019,2
2020-03-19,24.51127993137546,20.889360427856445,13.480439589068965,15.455822142585717,18.584225522721646,2019,2
2020-03-20,26.064017545124226,22.48648452758789,13.914224558759267,19.392807932883365,20.464383641088688,2019,2
2020-03-21,18.480559125416963,18.974266052246094,8.498637716924257,21.60245012525813,16.88897825496136,2019,2
2020-03-22,17.853677366174036,16.079416275024414,6.580132334962601,26.20372018836087,16.67923654113048,2019,2
2020-03-23,17.99703527975393,14.989899635314941,6.418291721547612,24.914513531564488,16.079935042045243,2019,2
2020-03-24,17.113149286525328,12.552107810974121,6.829901976323103,23.918168802523702,15.103331969086563,2019,2
2020-03-25,17.136752597300987,12.184294700622559,7.6932054520090505,25.291112779902463,15.576341382458764,2019,2
2020-03-26,19.822425363978052,15.968536376953125,15.000897448486938,21.816740290902626,18.152149870080187,2019,2
2020-03-27,19.531916302431625,15.618734359741211,10.318681120289334,17.951494354124158,15.855206534146582,2019,2
2020-03-28,25.25353018183483,20.14813804626465,15.366245383864374,18.96981789475349,19.934432876679338,2019,2
2020-03-29,28.614183939127916,21.796571731567383,24.382780682269598,37.66715932751935,28.11517392012106,2019,2
2020-03-30,23.483160102806302,20.307024002075195,21.363737430233908,27.75572938910823,23.227412731055907,2019,2
2020-03-31,24.72963163983588,20.406105041503906,22.351551599102436,30.39746962875347,24.47118947729892,2019,2
2020-04-01,20.484567250653587,16.468488693237305,17.160207605033076,23.547697749876114,19.415240324700022,2019,2
2020-04-02,22.03792975729323,17.722414016723633,14.584135286338723,25.802033202380613,20.03662806568405,2019,2
2020-04-03,19.68643723361255,15.637657165527344,10.400596055718102,23.6204735550282,17.33629100247155,2019,2
2020-04-04,22.027843621841452,18.760051727294922,17.088990851235664,26.135383062718375,21.003067315772604,2019,2
2020-04-05,27.762569707943843,20.871309280395508,27.731367270507402,31.32197758047988,26.92180595983166,2019,2
2020-04-06,22.38214721762931,18.949689865112305,19.739576027955007,16.644564514126344,19.428994406205742,2019,2
2020-04-07,19.234914686553587,15.810683250427246,16.65956787105217,24.301609980056945,19.00169394702249,2019,2
2020-04-08,18.885546813364474,15.396302223205566,18.395212712878187,23.194654808775518,18.967929139555935,2019,2
2020-04-09,18.503858804790177,13.08154296875,15.135108282518198,25.534408718650404,18.063729693677196,2019,2
2020-04-10,19.914170626891778,15.58708381652832,15.217262841188916,28.662814587010928,19.845332967904984,2019,2
2020-04-11,17.888771229264908,15.12022876739502,10.543542471013865,23.574541662337303,16.781771032502775,2019,2
2020-04-12,16.65648251458817,12.258979797363281,9.317287626745282,11.520475109081342,12.438306261944518,2019,2
2020-04-13,23.64335872941178,17.50204086303711,20.772087641066197,39.80997055320324,25.431864446679583,2019,2
2020-04-14,19.30630175269952,18.31096649169922,16.554997538622658,17.393434746295426,17.891425132329207,2019,2
2020-04-15,17.93458984093521,16.945587158203125,16.65930744126785,28.97737428025122,20.129214680164353,2019,2
2020-04-16,18.594784819183552,17.940128326416016,17.432429145271268,27.988265418823467,20.488901927423576,2019,2
2020-04-17,19.82517419457055,18.381669998168945,20.967094655764747,14.360847521824194,18.38369659258211,2019,2
2020-04-18,18.23753455881989,18.13797378540039,20.641862535345116,26.969064204719523,20.99660877107123,2019,2
2020-04-19,17.38177681768687,16.772916793823242,17.423577278926974,27.87203169590301,19.86257564658502,2019,2
2020-04-20,21.477397791554846,20.431716918945312,19.006634195076085,33.669978904804445,23.646431952595172,2019,2
2020-04-21,18.5215204023791,19.37449836730957,17.568411393948043,29.735254705533077,21.299921217292447,2019,2
2020-04-22,16.506214668829777,15.80018138885498,15.708305836021236,25.50805753366717,18.38068985684329,2019,2
2020-04-23,15.766922202524809,15.07558822631836,12.534694261562223,23.5549004710492,16.733026290363647,2019,2
2020-04-24,13.912317570394688,12.485004425048828,10.656463039512653,21.99970443853374,14.763372368372478,2019,2
2020-04-25,13.58744000759954,11.924121856689453,11.591357441051242,24.86518878189056,15.492027021807699,2019,2
2020-04-26,12.914833556853022,11.484996795654297,10.331899028012064,22.95356465656854,14.42132350927198,2019,2
2020-04-27,12.260029126774866,10.602682113647461,9.673448867383717,19.153528866391177,12.922422243549306,2019,2
2020-04-28,12.971619528972697,10.417288780212402,9.161690822394613,19.475867005157152,13.006616534184214,2019,2
2020-04-29,17.249754601185455,14.141366958618164,15.396472146019672,32.910738275206455,19.92458299525744,2019,2
2020-04-30,19.063261047356384,14.290164947509766,12.8902371810748,30.446341402260845,19.17250114455045,2019,2
2020-05-01,18.62496175474096,14.139931678771973,11.818691977371067,27.882184974929892,18.116442596453474,2019,2
2020-05-02,15.136481107151376,10.466035842895508,8.529965572373946,21.58057042252084,13.928263236235416,2019,2
2020-05-03,13.612882815281061,10.759440422058105,8.052069547165443,11.045617134774009,10.867502479819656,2019,2
2020-05-04,14.426009836198089,14.119576454162598,11.522975112571304,16.763577537930594,14.208034735215646,2019,2
2020-05-05,17.647693843977013,16.303735733032227,20.261143394329633,25.29799197214585,19.87764123587118,2019,2
2020-05-06,16.872613886387594,16.617595672607422,15.302162698875332,27.29111641831455,19.02087216904623,2019,2
2020-05-07,14.131621101158139,14.197799682617188,8.494102607133863,10.071751285456564,11.723818669091438,2019,2
2020-05-08,12.323406232047216,11.560888290405273,7.437792500724173,6.762514188378248,9.521150302888728,2019,2
2020-05-09,11.609894681156748,10.387662887573242,6.138090685410901,21.210043612038874,12.33642296654494,2019,2
2020-05-10,12.598979861428706,13.45081615447998,10.870737418007138,26.01851960676981,15.734763260171409,2019,2
2020-05-11,14.651787894986327,15.98157787322998,18.493726348003392,18.201325871857332,16.83210449701926,2019,2
2020-05-12,12.066609393581107,13.017921447753906,11.81555266973135,21.993834784128794,14.72347957379879,2019,2
2020-05-13,11.244832317177478,10.543561935424805,9.587636910306447,9.506412129147042,10.220610823013942,2019,2
2020-05-14,11.168584238503906,10.149308204650879,9.82138489302341,13.697174406861087,11.20911293575982,2019,2
2020-05-15,10.544918233733966,9.300386428833008,7.752062405377934,20.544877062681323,12.035561032656558,2019,2
2020-05-16,10.020837576205608,8.744067192077637,7.409050922038948,20.449238703547483,11.655798598467419,2019,2
2020-05-17,10.771965169666174,9.914597511291504,8.307433450520946,22.087238592187568,12.770308680916548,2019,2
2020-05-18,10.700389904456335,9.834969520568848,7.422698122402375,13.500752706674136,10.364702563525423,2019,2
2020-05-19,9.762549586119423,9.016401290893555,7.783970974741274,20.02132881774454,11.646062667374698,2019,2
2020-05-20,10.575194339767991,9.923530578613281,10.340346774594474,21.201576568219124,13.010162065298717,2019,2
2020-05-21,10.054129155253307,8.995107650756836,6.571442835355953,21.390746640191814,11.752856570389477,2019,2
2020-05-22,14.711596500241905,13.550841331481934,14.667641217000492,33.76244307684617,19.173130531392623,2019,2
2020-05-23,18.98079121543853,21.17098045349121,18.397395670211356,31.862935214205983,22.603025638336767,2019,2
2020-05-24,13.64983747484833,16.746055603027344,12.077580928751166,23.829213693565094,16.575671925047985,2019,2
2020-05-25,11.469764690768256,12.855534553527832,6.62946914190307,19.495445492887406,12.61255346977164,2019,2
2020-05-26,10.715501628636021,10.615226745605469,7.424586786730753,12.205485326981398,10.24020012198841,2019,2
2020-05-27,10.341841465398902,11.363903045654297,12.940694556854274,13.800621244382272,12.111765078072436,2019,2
2020-05-28,11.339853956691535,13.623636245727539,12.697737945040542,21.08886338619763,14.687522883414312,2019,2
2020-05-29,12.665904979834833,16.022855758666992,14.983544487312477,26.776133000824828,17.61210955665978,2019,2
2020-05-30,11.072546071751832,13.859979629516602,7.564604287169034,20.19262585499466,13.172438960858031,2019,2
2020-05-31,10.548852102767276,12.163211822509766,8.833422815342955,19.950055204641906,12.873885486315476,2019,2
2020-06-01,9.710462252652409,10.948512077331543,7.304934007820845,18.929033347673432,11.723235421369557,2019,2
2020-06-02,8.817567315937994,9.67557144165039,4.90638455317905,18.546074645743055,10.486399489127622,2019,2
2020-06-03,8.926667654543843,9.06350326538086,6.0370673034390006,16.71246422699599,10.184925612589923,2019,2
2020-06-04,10.836806769548991,11.737903594970703,-0.09461232817220296,18.68162248128403,10.29043012940788,2019,2
2020-06-05,12.966222444419927,13.111044883728027,6.404356922166849,25.21470846270138,14.424083178254046,2019,2
2020-06-06,13.744771081736292,13.205689430236816,9.243464350420917,22.774520358080714,14.742111305118685,2019,2
2020-06-07,10.288864430574979,11.450431823730469,7.701596864506199,18.7094061977226,12.037574829133561,2019,2
2020-06-08,9.41056775610879,9.357978820800781,7.464743655301059,16.472669431297227,10.676489915876964,2019,2
2020-06-09,9.37901372148419,8.357601165771484,3.7655451859687683,16.914721846062875,9.60422047982183,2019,2
2020-06-10,9.784639062669804,8.58670425415039,5.940481018333886,17.701899852535654,10.503431046922433,2019,2
2020-06-11,12.923934541675242,14.315727233886719,18.266754306564202,31.460677529097723,19.241773402805972,2019,2
2020-06-12,9.409576980888488,9.512226104736328,10.420717249611968,16.298793144827286,11.410328370016018,2019,2
2020-06-13,8.943061594871493,8.864336013793945,5.997137998084121,17.788747135088506,10.398320685459517,2019,2
2020-06-14,8.37733523455808,8.325581550598145,5.123592050634114,16.476149734544364,9.575664642583677,2019,2
2020-06-15,7.687544137057048,7.422658920288086,4.563824162619366,18.24290724110086,9.47923361526634,2019,2
2020-06-16,6.753495456685705,6.541003704071045,3.838240684455115,17.7017071935768,8.708611759697167,2019,2
2020-06-17,6.595130363414141,6.541003704071045,4.63633191455294,17.78119754765003,8.88841588242204,2019,2
2020-06-18,6.460428710717536,6.458992004394531,3.8387872852526175,14.80528187579665,7.890872469040334,2019,2
2020-06-19,5.891962365786025,6.326754093170166,3.867365439201076,12.100243417327954,7.046581328871305,2019,2
2020-06-20,4.770421115396407,6.249991416931152,4.665167488871251,13.7802510074438,7.366457757160653,2019,2
2020-06-21,4.188037325943429,6.3102545738220215,3.2773993534678145,11.122751310360146,6.224610640898353,2019,2
2020-06-22,3.556049669341293,6.20377779006958,2.9703629142370414,13.942780383956519,6.668242689401108,2019,2
2020-06-23,7.9087982916164945,10.30914306640625,11.678692231350844,15.901362154897287,11.44949893606772,2019,2
2020-06-24,7.815906846146272,9.603264808654785,6.7443457678866325,20.56413703423855,11.18191361423156,2019,2
2020-06-25,7.49116459489626,9.177721977233887,5.27747605844043,13.888459958532403,8.958705647275746,2019,2
2020-06-26,8.928534659408028,10.259686470031738,8.201019085791888,11.806462624870138,9.798925710025449,2019,2
2020-06-27,12.826807884018592,12.930331230163574,12.119616335918918,23.85241799904962,15.432293362287677,2019,2
2020-06-28,13.268719710863724,13.022159576416016,10.149576302987853,19.215659751784976,13.914028835513141,2019,2
2020-06-29,14.151992712751309,13.593999862670898,9.968696251855924,23.55986432557993,15.318638288214515,2019,2
2020-06-30,12.691253392946463,12.797182083129883,7.578161037398795,10.831415550520704,10.97450301599896,2019,2
2020-07-01,15.182162677261967,13.32628059387207,12.325260819443367,21.422609064124153,15.56407828867539,2019,2
2020-07-02,14.383646239690625,13.504164695739746,6.834520662165305,7.215945686779834,10.484569321093877,2019,2
2020-07-03,16.1294237722936,14.089415550231934,11.180871981873143,18.026268578851685,14.85649497081259,2019,2
2020-07-04,18.01478175484988,14.6443510055542,15.88138320112449,15.990827451190151,16.13283585317968,2019,2
2020-07-05,25.04634349800111,21.719099044799805,32.652117034427306,22.870940290601702,25.57212496695748,2019,2
2020-07-06,20.848938201130608,19.36528968811035,18.847515021156333,10.240522347507293,17.325566314476145,2019,2
2020-07-07,17.765569545096344,17.38839340209961,14.987902665138188,7.930458573085348,14.51808104635487,2019,2
2020-07-08,21.19908933681964,18.799732208251953,17.291845366324146,7.8151885351840225,16.27646386164494,2019,2
2020-07-09,21.46594391293215,18.359769821166992,21.25419360720664,9.920226640960552,17.750033495566583,2019,2
2020-07-10,17.01939544934359,17.999479293823242,15.593234133278324,9.087562292413319,14.924917792214618,2019,2
2020-07-11,14.74018448361858,14.351570129394531,10.799361316556531,4.5303395431526,11.105363868180559,2019,2
2020-07-12,12.714750052836179,11.50953483581543,5.566743507193368,4.463705162180416,8.563683389506348,2019,2
2020-07-13,13.148245950394232,13.883137702941895,7.9901676857415,7.521989715912037,10.635885263747415,2019,2
2020-07-14,14.51165554027609,14.74029541015625,10.155268817350162,7.455968883484042,11.715797162816635,2019,2
2020-07-15,14.105739457992296,14.396857261657715,10.624493770870945,8.069797811137397,11.799222075414589,2019,2
2020-07-16,13.303190258091515,14.433245658874512,11.814428189838626,8.703744678772003,12.063652196394164,2019,2
2020-07-17,12.127532895804338,12.653352737426758,10.037269359076888,7.439584820791085,10.564434953274766,2019,2
2020-07-18,13.13493500939739,13.048575401306152,10.431087698667739,15.49260478104443,13.026800722603927,2019,2
2020-07-19,11.391058705695068,10.509016036987305,4.612291879204858,12.902379947541982,9.853686642357303,2019,2
2020-07-20,10.803184171775557,8.947221755981445,4.541013619473109,12.515376836218438,9.201699095862137,2019,2
2020-07-21,9.97075035814625,8.507176399230957,4.138588625303674,10.950132232003385,8.391661903671066,2019,2
2020-07-22,9.900776557176078,8.823467254638672,4.386343547228782,5.786182572114448,7.224192482789496,2019,2
2020-07-23,12.368897026910561,11.187073707580566,7.376853562036573,7.022280133722299,9.488776107562499,2019,2
2020-07-24,12.523941125130222,11.881162643432617,9.582054497488429,14.425211027937708,12.103092323497243,2019,2
2020-07-25,16.59282590145277,13.9954833984375,12.063890346474196,8.584420077032226,12.809154930849173,2019,2
2020-07-26,15.749607626976351,13.783764839172363,9.763406426027888,9.97107022659157,12.316962279692044,2019,2
2020-07-27,17.100951275490328,14.987069129943848,15.138081939780546,17.079639662606027,16.07643550195519,2019,2
2020-07-28,14.552196254476574,13.57558536529541,7.495859115798285,6.711177887231431,10.583704655700425,2019,2
2020-07-29,11.52807672926906,9.923975944519043,2.2043329944505348,10.883569448240062,8.634988779119675,2019,2
2020-07-30,12.946634771050189,12.837141036987305,7.380482662417617,13.567344086523127,11.68290063924456,2019,2
2020-07-31,12.015097862813553,12.531505584716797,12.412296441639942,12.453318970596436,12.353054714941683,2019,2
2020-08-01,13.449319576806303,12.652144432067871,11.088506685506891,5.15564083772875,10.586402883027453,2019,2
2020-08-02,12.961673919195896,12.602520942687988,9.40284531546045,13.760500615910543,12.181885198313719,2019,2
2020-08-03,11.161261913965832,9.928534507751465,6.877749574912114,10.969483862557949,9.73425746479684,2019,2
2020-08-04,12.769613548341788,12.466204643249512,10.240851894445912,13.722326970439708,12.29974926411923,2019,2
2020-08-05,15.246347765890096,13.815765380859375,13.750480499058657,17.477090954533345,15.072421150085368,2019,2
2020-08-06,11.942682936078551,11.802070617675781,12.153902109822765,2.8042175518186934,9.675718303848948,2019,2
2020-08-07,10.809598629518971,11.180258750915527,11.006920508409692,9.61113982289499,10.651979427934796,2019,2
2020-08-08,10.799204940286826,11.477458000183105,14.756593666066298,11.114403254358168,12.036914965223598,2019,2
2020-08-09,9.78727320730974,10.850404739379883,14.509115522108228,9.882171100428577,11.257241142306608,2019,2
2020-08-10,11.57661172235844,12.26230525970459,20.867826969408966,10.130203468897763,13.709236855092438,2019,2
2020-08-11,9.906764919201944,10.917594909667969,19.678967759222715,0.8149006067767015,10.329557048717334,2019,2
2020-08-12,9.735223738761166,11.017395973205566,21.8027121090663,1.9743298490664198,11.132415417524863,2019,2
2020-08-13,16.91312362643414,22.033952713012695,26.390724085438517,-3.0804164773937615,15.5643459868729,2019,2
2020-08-14,12.112684871317992,15.139032363891602,16.37618366820091,-4.662372434720075,9.741382117172607,2019,2
2020-08-15,12.208302094456808,11.941250801086426,14.198981318476388,-8.48831196557871,7.465055562110228,2019,2
2020-08-16,10.898796940609671,11.406015396118164,9.837221734379028,-4.249622613389055,6.973102864429452,2019,2
2020-08-17,9.616758093827897,9.998842239379883,8.475590441618543,-4.390048989373922,5.9252854463631,2019,2
2020-08-18,10.741607574321375,13.323162078857422,16.263968189955598,12.229401506401055,13.139534837383861,2019,2
2020-08-19,18.32448447376928,21.48388671875,28.958292820978393,22.787980189143063,22.888661050660183,2019,2
2020-08-20,24.41322296138351,28.458206176757812,32.80603288658081,7.841562225871963,23.379756062648525,2019,2
2020-08-21,25.646992031622535,31.536197662353516,38.07300040479777,40.25349380154682,33.877420975080156,2019,2
2020-08-22,22.070120219501703,22.384937286376953,20.4603079658645,19.476243496863944,21.097902242151775,2019,2
2020-08-23,20.564350046304124,21.94591522216797,19.386127816786054,15.618320904649538,19.378678497476923,2019,2
2020-08-24,23.182965502087672,24.18379783630371,25.18748202272314,14.855684962878195,21.85248258099818,2019,2
2020-08-25,33.303235724170754,38.553993225097656,51.290513743151195,37.79858684301275,40.236582383858085,2019,2
2020-08-26,23.0839043027217,23.494091033935547,32.93038224547014,19.582813976109612,24.77279788955925,2019,2
2020-08-27,22.46155333391596,26.66164207458496,26.00469058429284,8.759108358127316,20.97174858773027,2019,2
2020-08-28,23.500660606956476,24.577987670898438,22.9236876671796,9.968770187411993,20.242776533111623,2019,2
2020-08-29,16.348035491712125,19.4566707611084,19.467543333125285,10.293131823769963,16.391345352428942,2019,2
2020-08-30,14.438113048535326,15.39384937286377,16.7706773167961,-1.0592551547833455,11.385846145852963,2019,2
2020-08-31,12.735947674866283,12.978282928466797,16.15856907986232,-7.910909368754007,8.490472578610348,2019,2
2020-09-01,12.318027831458917,12.24824333190918,13.35297079519696,-9.946235824410603,6.993251533538612,2019,2
2020-09-02,11.78604573610273,11.44596004486084,13.164698460965893,8.272802682444778,11.16737673109356,2019,2
2020-09-03,12.399031457539508,13.56755542755127,12.792696096876908,9.761160910180367,12.130110973037013,2019,2
2020-09-04,10.75941662678501,11.073201179504395,10.132828610664285,8.219438243966357,10.046221165230012,2019,2
2020-09-05,10.080568861617998,9.742402076721191,8.57910102756309,-6.855539142819439,5.3866332057707105,2019,2
2020-09-06,9.755162303037087,9.39540958404541,7.124810683978138,-7.083441412576915,4.7979852896209305,2019,2
2020-09-07,9.272577304180286,9.299595832824707,6.2533830488002335,8.104381145215578,8.232484332755202,2019,2
2020-09-08,9.184704885920409,9.308789253234863,5.573767854563541,8.689328497464752,8.189147622795891,2019,2
2020-09-09,8.950709603711582,9.3508939743042,5.962440703147077,8.479914505749543,8.1859896967281,2019,2
2020-09-10,8.880881372099005,9.118969917297363,7.442356346714354,5.213790661129396,7.663999574310029,2019,2
2020-09-11,8.870586283612537,7.980799198150635,7.8819148596961615,6.267186369856029,7.75012167782884,2019,2
2020-09-12,8.277350758001381,7.787659168243408,8.241271686040388,7.701352321017625,8.001908483325701,2019,2
2020-09-13,7.886377985609241,8.439709663391113,6.870940483181381,6.420776536919918,7.404451167275413,2019,2
2020-09-14,8.736351873632609,9.757423400878906,11.812706895681758,9.650366771261782,9.989212235363762,2019,2
2020-09-15,7.7446097718457425,9.207345962524414,10.171735727134102,5.797311586139525,8.230250761910945,2019,2
2020-09-16,7.430380045063529,9.697394371032715,14.175823249722976,7.678761543590904,9.74558980235253,2019,2
2020-09-17,9.471210229453376,13.81813907623291,14.52736281532971,17.777146867095908,13.898464747027976,2019,2
2020-09-18,11.313234717061981,15.193459510803223,23.464177543642112,19.537432864847396,17.37707615908868,2019,2
2020-09-19,9.790578755975584,13.907827377319336,18.679298582200992,13.439481423047846,13.954296534635938,2019,2
2020-09-20,8.263504268993508,10.835915565490723,12.591777303551822,10.737051944394517,10.607062270607642,2019,2
2020-09-21,8.034378643239204,10.729122161865234,11.344846366026323,6.903710657920572,9.253014457262832,2019,2
2020-09-22,7.6834853554357485,9.316781044006348,10.719876138883894,5.735839263453819,8.363995450444953,2019,2
2020-09-23,8.21016125149282,9.310409545898438,7.362351333749799,8.64658887393505,8.382377751269027,2019,2
2020-09-24,13.047223487539824,13.458101272583008,11.105101063570867,13.19445589556283,12.701220429814134,2019,2
2020-09-25,11.462483114670007,13.192314147949219,10.214484828142481,10.239779684991307,11.277265443938253,2019,2
2020-09-26,9.084120939565612,9.285733222961426,6.878442634545464,7.485476036575262,8.18344320841194,2019,2
2020-09-27,9.291517027212313,9.26131820678711,5.609662358736449,8.826869913621193,8.247341876589267,2019,2
2020-09-28,8.545614396368766,8.623586654663086,4.8179712932506575,6.197856961997614,7.04625732657003,2019,2
2020-09-29,8.005437252673001,7.328582763671875,3.410509367514072,6.257118544212721,6.250411982017917,2019,2
2020-09-30,16.892655211718363,14.08901596069336,15.59536755944328,13.947043937716332,15.131020667392834,2019,2
2020-10-01,13.538338184703935,10.472625732421875,4.627919529682778,10.83243963537186,9.867830770545112,2019,2
2020-10-02,19.04790970571702,18.394561767578125,11.48626621590591,15.628016318909525,16.139188502027647,2019,2
2020-10-03,22.879020263133036,21.110397338867188,28.147083170152452,23.998363760201286,24.03371613308849,2019,2
2020-10-04,27.903051206713183,27.41946792602539,28.01117234655234,23.530019800026338,26.715927819829314,2019,2
2020-10-05,22.411709330242083,21.27638053894043,17.7136664517695,22.37947890604069,20.945308806748177,2019,2
2020-10-06,30.46539822051042,30.152481079101562,34.95399481574821,24.608781542447176,30.045163914451845,2019,2
2020-10-07,17.797914600004045,20.695880889892578,17.463387362976928,10.75770165404174,16.678721126728824,2019,2
2020-10-08,22.589828482949176,20.76788330078125,24.394885789316344,18.14246057406487,21.47376453677791,2019,2
2020-10-09,17.197604372009952,16.73295021057129,15.772414382303603,10.1928631044268,14.97395801732791,2019,2
2020-10-10,15.161578907860473,16.0638484954834,12.433362485656428,8.939403373502062,13.14954831562559,2019,2
2020-10-11,12.583786026882878,14.156852722167969,10.894158125048115,6.4992648714378465,11.033515436384201,2019,2
2020-10-12,11.719029015044754,11.440199851989746,8.893012920597814,7.582970147270439,9.908802983725687,2019,2
2020-10-13,13.41533547899473,11.880239486694336,9.465451715374309,9.429137347727904,11.04754100719782,2019,2
2020-10-14,11.163690885438193,11.057701110839844,8.711961836623155,10.995273421554637,10.482156813613956,2019,2
2020-10-15,10.117872747881135,9.63370418548584,6.90021263216109,7.422870296194249,8.51866496543058,2019,2
2020-10-16,9.99938926716075,9.481134414672852,6.20065118165813,6.601812334361496,8.070746799463308,2019,2
2020-10-17,10.862567262007955,10.026247024536133,5.477264240547876,11.980221122410706,9.586574912375667,2019,2
2020-10-18,9.976288527127297,9.66145133972168,6.297999128915155,7.167951485590757,8.275922620338722,2019,2
2020-10-19,13.239165687379295,12.868047714233398,11.490635619858546,11.33966242835053,12.234377862455442,2019,2
2020-10-20,14.647454497080346,13.335766792297363,11.909565555555893,-3.890802086350673,9.000496189645732,2019,2
2020-10-21,11.672135154022419,10.071399688720703,7.044369127189855,-7.889672435012064,5.2245578837302284,2019,2
2020-10-22,12.077771061496277,9.638921737670898,4.617237665914809,-3.6680576174008834,5.666468211920275,2019,2
2020-10-23,10.623526597777401,8.813080787658691,3.992268343080575,-10.490193769615832,3.2346704897252083,2019,2
2020-10-24,20.360778627835792,15.884963989257812,15.451377719458858,6.05900037372424,14.439030177569174,2019,2
2020-10-25,14.804521204617851,14.912787437438965,7.372726385220935,-6.566952443157591,7.63077064603004,2019,2
2020-10-26,16.860981639385738,13.970151901245117,9.409698338458417,-2.4881611964217427,9.438167670666882,2019,2
2020-10-27,19.06440070121067,14.522978782653809,10.894112944997946,-2.4248254431349103,10.51416674643188,2019,2
2020-10-28,21.30401658895464,14.912162780761719,14.035636066748383,0.15448925878631847,12.601576173812765,2019,2
2020-10-29,23.090380038057507,14.372535705566406,14.458072605474273,-1.2678257824471864,12.663290641662748,2019,2
2020-10-30,21.791052688847078,15.382780075073242,14.59401361262977,-1.647982601316114,12.529965943808492,2019,2
2020-10-31,28.43352644056756,21.20135498046875,20.174654514217515,3.4480686495552213,18.31440114620226,2019,2
2020-11-01,32.717188037941966,29.966064453125,31.115959233230086,2.402410761745882,24.050405621510734,2019,2
2020-11-02,32.06282121360289,30.400897979736328,35.119364212848225,16.309090370887084,28.473043444268633,2019,2
2020-11-03,28.096671584663603,27.44002342224121,26.110312209275072,-1.0390648700176346,20.15198558654056,2019,2
2020-11-04,15.377850702951587,18.849979400634766,15.290650997776712,-11.377725132120458,9.535188992310651,2019,2
2020-11-05,13.069261102668499,15.8113431930542,12.031246492016525,-9.730897857222956,7.7952382326290675,2019,2
2020-11-06,18.331981160060753,20.630165100097656,18.66867941773413,20.733818138439624,19.591160954083037,2019,2
2020-11-07,17.781958250625447,19.692562103271484,17.252462465725042,17.52138602337118,18.06209221074829,2019,2
2020-11-08,13.091759224549406,15.47934341430664,13.169453512140246,9.559682655043334,12.825059701509906,2019,2
2020-11-09,16.096102419293086,16.333206176757812,13.172166037332241,10.371809359372959,13.993320998189025,2019,2
2020-11-10,12.677774305518893,13.754341125488281,9.354110739103625,-9.047124003284555,6.6847755417065615,2019,2
2020-11-11,20.825380273762313,16.700035095214844,15.554544235311349,-0.9440312680806198,13.03398208405197,2019,2
2020-11-12,19.94336134300348,18.699535369873047,15.544064600543912,-0.05024400220198366,13.534179327804614,2019,2
2020-11-13,17.204698871025602,17.88542366027832,13.835646852382917,-2.711469528822488,11.553574963716086,2019,2
2020-11-14,25.926092767384606,20.92676544189453,19.32765371485829,4.877037523069577,17.76438736180175,2019,2
2020-11-15,28.236192336829237,26.24221420288086,24.070358194892894,3.437884600480995,20.496662333770995,2019,2
2020-11-16,23.009418247674105,21.319305419921875,17.869663161032324,3.9901456792969316,16.547133126981308,2019,2
2020-11-17,17.860917581079935,19.13737678527832,14.605704940315924,-1.5686660716314123,12.50883330876069,2019,2
2020-11-18,21.57519979186779,19.28319549560547,15.951811089303325,1.092913766934375,14.47578003592774,2019,2
2020-11-19,22.194310211432647,19.198394775390625,15.402404950786169,1.3775862482143477,14.543174046455949,2019,2
2020-11-20,14.8740233912058,14.92970085144043,8.588214502532116,13.132822198518715,12.881190235924265,2019,2
2020-11-21,16.147316217381952,15.14881420135498,9.759798557555765,15.809405611094485,14.216333646846795,2019,2
2020-11-22,12.408780025846806,11.583345413208008,9.880438059866114,9.892960213193534,10.941380928028615,2019,2
2020-11-23,11.771712732682696,10.85063362121582,9.016520666537756,12.031409222260551,10.917569060674206,2019,2
2020-11-24,15.333912060270595,14.205883026123047,11.14590266135407,-2.6238369180694088,9.515465207419576,2019,2
2020-11-25,16.6944019761727,15.463048934936523,13.52437017370862,5.227050001644686,12.727217771615631,2019,2
2020-11-26,12.715682642690814,11.144136428833008,8.510603582301092,10.337026701879415,10.676862338926083,2019,2
2020-11-27,11.912199560261438,10.291434288024902,9.681572316530092,14.355913174536743,11.560279834838294,2019,2
2020-11-28,18.30872758116216,14.774909019470215,16.53541017698723,2.6948516859564418,13.078474615894011,2019,2
2020-11-29,13.125529523166149,10.603018760681152,10.823957496705845,13.316090971700875,11.967149188063505,2019,2
2020-11-30,12.447051666488848,9.64826488494873,6.671459644265613,-3.4451210373931236,6.330413789577516,2019,2
2020-12-01,10.906333993343532,9.637834548950195,8.981667193922808,-3.0784283964869648,6.611851834932393,2019,2
2020-12-02,10.376704684320439,8.863797187805176,6.35700302252868,-2.7916299395708286,5.701468738770866,2019,2
2020-12-03,18.532728770096217,14.5126371383667,15.516712180623845,4.376193564207062,13.234567913323454,2019,2
2020-12-04,21.859124942330308,17.01678466796875,18.868981694744924,13.673045151489069,17.854484114133264,2019,2
2020-12-05,17.746425161438058,17.518922805786133,17.492646937213745,3.1400925541520994,13.974521864647508,2019,2
2020-12-06,14.736163215338031,13.756756782531738,12.454213869975343,-7.972839915346977,8.243573488124532,2019,2
2020-12-07,13.274757737173907,11.490703582763672,10.876324130954025,-7.0829535227956,7.139707982024001,2019,2
2020-12-08,12.42042032189574,10.230563163757324,6.7216447784117355,-5.056801376628577,6.078956721859056,2019,2
2020-12-09,14.313328930999427,10.695008277893066,5.234960081841551,0.460413537927133,7.675927707165293,2019,2
2020-12-10,13.906512231238244,10.226079940795898,7.267781739711519,3.8842761700117396,8.821162520439351,2019,2
2020-12-11,16.990059187229072,10.996598243713379,6.782928391234134,-0.6974245886385724,8.518040308384503,2019,2
2020-12-12,17.77133765759864,12.954861640930176,8.957978498094914,8.37118749301692,12.013841322410162,2019,2
2020-12-13,23.477410035740682,14.75057315826416,15.072621082847,16.650333484985694,17.487734440459384,2019,2
2020-12-14,26.009942327285057,15.57886028289795,16.18864297814383,17.874371120998113,18.912954177331237,2019,2
2020-12-15,18.5275841950342,16.795879364013672,13.379456928770715,8.854071691347647,14.38924804479156,2019,2
2019-12-17,0.5585094452654895,5.219644069671631,-0.5486664899523354,-1.3204765859200123,0.9772526097661931,2019,4
2019-12-18,11.909284863877673,21.305343627929688,16.212848098849918,-1.6083705086877327,11.954776520492386,2019,4
2019-12-19,15.28286936909919,21.52317237854004,15.825836868588333,0.21800199879551663,13.212470153755769,2019,4
2019-12-20,11.457273729441846,16.6848201751709,4.585982789531553,2.553152524946036,8.820307304772582,2019,4
2019-12-21,10.931797077215727,15.131645202636719,2.008164211651069,3.0371869076181532,7.777198349780417,2019,4
2019-12-22,15.7392996806413,16.093828201293945,6.354805971316142,3.1357041479882177,10.3309095003099,2019,4
2019-12-23,11.988737987603782,13.3011474609375,2.037035953447687,3.9159874084773794,7.810727202616588,2019,4
2019-12-24,15.150423497860304,19.16720962524414,4.613805909326844,4.140117662361861,10.767889173698286,2019,4
2019-12-25,12.312272736154306,15.022253036499023,3.2660069203236435,6.253097491355639,9.213407546083154,2019,4
2019-12-26,23.32445611142303,28.203744888305664,13.51850945795277,4.8869083780497835,17.483404708932813,2019,4
2019-12-27,14.420426098204732,18.417133331298828,3.145560271581881,6.820224913157441,10.700836153560719,2019,4
2019-12-28,12.96275017083215,14.744976043701172,0.516260436248171,6.861719864911596,8.771426628923273,2019,4
2019-12-29,12.222280408473555,12.340927124023438,1.038513885419226,7.407858340279583,8.25239493954895,2019,4
2019-12-30,11.581233659481825,11.949634552001953,-0.7725842978524583,8.268834559417261,7.756779618262145,2019,4
2019-12-31,11.682614063166426,11.261289596557617,0.9670692331410354,8.390664979347905,8.075409468053246,2019,4
2020-01-01,11.916007298422816,10.614891052246094,1.3125919558731984,8.7019885086957,8.136369703809452,2019,4
2020-01-02,11.947223886953857,10.495626449584961,3.370395229485664,7.9466378157846265,8.439970845452276,2019,4
2020-01-03,11.80000155180826,9.446508407592773,0.2515231026056826,7.774741032214818,7.318193523555383,2019,4
2020-01-04,11.317195756186857,9.265016555786133,-0.049383595012675946,8.316374729781886,7.21230086168555,2019,4
2020-01-05,11.258112293681938,9.731894493103027,1.949706821013598,8.618202043623505,7.889478912855518,2019,4
2020-01-06,20.018531298898264,16.877376556396484,11.694790504771825,18.21705371979424,16.701938019965205,2019,4
2020-01-07,18.738823728661572,17.678625106811523,11.077714232774316,15.445604684034903,15.735191938070578,2019,4
2020-01-08,17.528162604782857,14.480748176574707,6.192248419245552,11.859034189548229,12.515048347537835,2019,4
2020-01-09,28.256248059665545,19.82692527770996,11.905827497698565,15.700390912337046,18.92234793685278,2019,4
2020-01-10,16.488253679485076,14.90778923034668,3.8761246904047515,10.578675069101383,11.462710667334473,2019,4
2020-01-11,30.322200152244452,23.015539169311523,9.103849767883277,19.144508982250514,20.39652451792244,2019,4
2020-01-12,28.431182563316074,22.954431533813477,11.299120507784117,19.118315238814134,20.450762460931948,2019,4
2020-01-13,38.02508838838593,36.34718322753906,20.683331226191896,19.70731627167477,28.690729778447917,2019,4
2020-01-14,42.936903422680395,43.33097457885742,39.57365750312468,25.38873726950594,37.80756819354211,2019,4
2020-01-15,22.53120076185145,21.51850128173828,9.451677204998544,12.533933630399655,16.508828219746984,2019,4
2020-01-16,40.466425881219024,39.66228485107422,29.71704268877227,20.076019131789984,32.48044313821387,2019,4
2020-01-17,29.84758938919109,24.02590560913086,15.560061553105829,13.850077742379323,20.820908573451774,2019,4
2020-01-18,16.91528795489157,20.624048233032227,9.344233451039091,6.385281558376068,13.317212799334737,2019,4
2020-01-19,15.31472249346471,17.642961502075195,8.464879853189947,6.509403699096014,11.982991886956468,2019,4
2020-01-20,13.510151445331685,17.01009178161621,6.208111444525776,5.863382336949688,10.647934252105841,2019,4
2020-01-21,13.054154784829185,16.264734268188477,8.276967232903964,6.247807550678243,10.960915959149968,2019,4
2020-01-22,12.104844150410731,15.144421577453613,5.742349237813591,8.990290411179126,10.495476344214264,2019,4
2020-01-23,12.630131276618128,14.69941520690918,9.326128811673916,10.642802570609629,11.824619466452713,2019,4
2020-01-24,11.803846199976778,12.63728141784668,6.98617940684946,7.6964318288910665,9.780934713390996,2019,4
2020-01-25,11.552101355700113,13.507940292358398,8.680438053709734,9.298469115447146,10.759737204303848,2019,4
2020-01-26,17.246054778862238,15.907736778259277,5.460302523902872,14.613394246455787,13.306872081870043,2019,4
2020-01-27,22.69968969153249,19.080310821533203,9.19864810705815,14.710456956343982,16.422276394116956,2019,4
2020-01-28,24.321808978724643,19.152509689331055,8.294485809807432,14.19355156068023,16.49058900963584,2019,4
2020-01-29,17.849406234954728,17.735258102416992,8.094595742469545,11.316779441442108,13.749009880320843,2019,4
2020-01-30,20.9686263874231,18.799766540527344,7.451533134444501,15.14711953870497,15.59176140027498,2019,4
2020-01-31,22.138614130183427,19.175817489624023,9.376978659021207,14.481153477984074,16.293140939203184,2019,4
2020-02-01,24.92287161683658,19.73177719116211,11.853819738572556,15.375236721112413,17.970926316920913,2019,4
2020-02-02,33.03344719767182,25.93862533569336,15.412654592906625,18.03945997885107,23.106046776280717,2019,4
2020-02-03,29.58733817189235,22.876338958740234,12.373337074717542,16.334363873500944,20.29284451971277,2019,4
2020-02-04,32.44054509878748,27.88291358947754,16.296841405991174,16.152876521771674,23.193294154006967,2019,4
2020-02-05,17.862271298616317,19.79914665222168,10.585804884838623,8.425431035921331,14.16816346789949,2019,4
2020-02-06,17.682692170557754,16.658153533935547,10.171765852579872,10.248440216580335,13.690262943413378,2019,4
2020-02-07,21.47999631854215,20.08591651916504,12.924919885737712,15.490291927776825,17.49528116280543,2019,4
2020-02-08,26.871602786558565,21.414682388305664,14.942665257171118,16.10566187530147,19.833653076834203,2019,4
2020-02-09,39.870859320410304,41.85783004760742,40.06855215702841,33.72907828129591,38.88157995158551,2019,4
2020-02-10,41.407905842361664,44.1982307434082,44.91333667831093,24.816609973325463,38.83402080935156,2019,4
2020-02-11,38.794234861132054,39.24516296386719,31.11327235592936,19.388678138193377,32.13533707978049,2019,4
2020-02-12,31.918949194231768,25.31992530822754,19.984988763800057,15.638624883713486,23.215622037493215,2019,4
2020-02-13,43.46076502751641,43.18362045288086,40.47752151853268,26.14802146039487,38.3174821148312,2019,4
2020-02-14,34.598625614583604,29.851137161254883,26.297339994843814,19.53995646251964,27.571764808300482,2019,4
2020-02-15,45.83867378197095,52.577484130859375,58.89778467241801,28.666287722650974,46.49505757697483,2019,4
2020-02-16,47.91745363310772,57.21198654174805,62.30518776661577,26.549968875373523,48.496149204211264,2019,4
2020-02-17,44.79887218109489,44.0692138671875,39.21305662537866,20.591385707864816,37.168132095381466,2019,4
2020-02-18,42.75248273935159,42.09490203857422,34.80431927694799,20.772101078498633,35.10595128334311,2019,4
2020-02-19,32.914467162251626,29.84756088256836,16.100411512246527,16.004207240611706,23.716661699419554,2019,4
2020-02-20,41.46685729587579,39.118324279785156,28.519142097745426,18.710599653352926,31.95373083168983,2019,4
2020-02-21,40.177075663064336,38.2774658203125,30.369064114594263,17.24874238976081,31.518086996932976,2019,4
2020-02-22,45.391509385944545,50.144649505615234,38.90158864065405,23.678180410114873,39.52898198558217,2019,4
2020-02-23,44.21413272738924,42.7082633972168,33.08799206477973,22.907739483850946,35.72953191830918,2019,4
2020-02-24,46.06390969866469,44.69477844238281,42.30061021180992,24.89331062057427,39.488152243357916,2019,4
2020-02-25,43.057136849184715,41.4613151550293,33.38170530628276,20.42638846726267,34.581636444439866,2019,4
2020-02-26,34.55428809831692,27.578903198242188,21.269905077744415,14.806916124969428,24.552503124818237,2019,4
2020-02-27,31.892022308222447,25.79330825805664,21.60793141746721,11.882946788892916,22.794052193159807,2019,4
2020-02-28,43.154052694537455,45.97914123535156,45.558243740139325,25.742075901150542,40.10837839279472,2019,4
2020-02-29,45.064452582753084,52.50287628173828,58.229865002168424,22.144263936641984,44.48536445082544,2019,4
2020-03-01,36.73858091345037,32.47589874267578,22.668032528511922,18.716739458682675,27.649812910830185,2019,4
2020-03-02,26.039065672641755,23.505205154418945,14.715153723702294,11.749566843475806,19.002247848559698,2019,4
2020-03-03,23.419652530027143,21.369112014770508,11.73234337807672,11.306192832426497,16.956825188825217,2019,4
2020-03-04,26.86064160374936,26.217126846313477,23.506972214566964,14.57108619408985,22.788956714679912,2019,4
2020-03-05,31.769968928744177,28.822330474853516,25.25558993045868,14.168288241390641,25.004044393861754,2019,4
2020-03-06,25.929879973860256,22.8869686126709,18.98377468130155,12.214484581823996,20.003776962414175,2019,4
2020-03-07,32.956073218915414,27.612560272216797,19.159988221056217,17.51408769888583,24.310677352768565,2019,4
2020-03-08,42.4386896353493,36.60307312011719,24.606670599705197,18.880086011597548,30.63212984169231,2019,4
2020-03-09,39.531057922637395,31.522724151611328,24.873069759372882,18.723424785779375,28.662569154850242,2019,4
2020-03-10,45.03742710384503,43.424869537353516,40.68436270538428,23.63481449713677,38.1953684609299,2019,4
2020-03-11,42.732737387645656,38.29399108886719,27.941190390044913,17.660866498161433,31.657196341179798,2019,4
2020-03-12,42.32540832409622,37.18896484375,32.58278136294314,15.6100457166764,31.92680006186644,2019,4
2020-03-13,29.161939138988682,24.47658920288086,18.53916117861577,13.092434544662304,21.317531016286907,2019,4
2020-03-14,29.41596255502221,25.866230010986328,16.26968604557644,15.708792838068682,21.815167862413418,2019,4
2020-03-15,35.456752318569656,31.01244354248047,29.730931295980835,17.813503342667563,28.50340762492463,2019,4
2020-03-16,22.461631690723035,20.991479873657227,14.245981714989654,7.620757986388051,16.329962816439494,2019,4
2020-03-17,26.547691985419377,21.457836151123047,11.24996847062898,12.11518527291268,17.84267047002102,2019,4
2020-03-18,24.348838430740482,21.664337158203125,8.903319146382094,7.509988691819722,15.606620856786357,2019,4
2020-03-19,21.924867729287154,18.874412536621094,9.083075406416718,8.700471078727404,14.645706687763093,2019,4
2020-03-20,23.61655596058946,20.89108657836914,14.442259215865443,9.058702271197195,17.002151006505308,2019,4
2020-03-21,19.11742054142591,16.564435958862305,9.753455423267985,6.772058777929847,13.051842675371514,2019,4
2020-03-22,18.486527992058463,15.312943458557129,8.588238406836572,7.445342373057295,12.458263057627365,2019,4
2020-03-23,18.814652338282205,12.885783195495605,7.747872558240918,7.110721488328692,11.639757395086855,2019,4
2020-03-24,18.104444031588372,12.21840763092041,7.440336957656363,6.82461658292744,11.146951300773146,2019,4
2020-03-25,18.067902522618652,11.951360702514648,3.227952394883238,6.941807140748735,10.047255690191319,2019,4
2020-03-26,19.59306709202684,12.893945693969727,11.559522314698723,8.237222066941328,13.070939291909156,2019,4
2020-03-27,19.443331474887753,11.850584030151367,10.663900255694708,4.494048760377517,11.612966130277837,2019,4
2020-03-28,22.630313049614966,15.8474702835083,16.769336167957572,8.491772789001004,15.934723072520462,2019,4
2020-03-29,28.504724985245726,19.79086685180664,23.05404822140963,9.996253630279838,20.33647342218546,2019,4
2020-03-30,21.84382467986187,15.555283546447754,19.550125943412507,5.646995887617643,15.649057514334944,2019,4
2020-03-31,23.159195031873868,17.889190673828125,20.887369690662425,6.095447132548174,17.007800632228147,2019,4
2020-04-01,20.83433585626,15.767303466796875,13.706708925070714,10.901096389000228,15.302361159281954,2019,4
2020-04-02,22.030728390407084,16.585636138916016,10.783936234386523,14.869466594080016,16.06744183944741,2019,4
2020-04-03,20.752223517354228,14.857635498046875,12.827843036770346,13.289872405341143,15.431893614378147,2019,4
2020-04-04,22.998089117086746,16.49527931213379,17.15856102371301,14.111457129136767,17.690846645517578,2019,4
2020-04-05,31.68279245990142,21.913549423217773,31.101369504832522,21.708786682337333,26.60162451757226,2019,4
2020-04-06,23.124022985757243,17.217756271362305,18.35563619351308,17.262263747781095,18.98991979960343,2019,4
2020-04-07,22.726855166100318,16.044063568115234,16.51121424883105,19.777580150458107,18.76492828337618,2019,4
2020-04-08,23.008240237414473,15.923077583312988,19.28803969060812,19.360515757691665,19.39496831725681,2019,4
2020-04-09,22.30669362647836,15.47269058227539,15.077926023426723,18.638664218921704,17.873993612775546,2019,4
2020-04-10,21.845540541758588,13.61505126953125,13.70159929420379,18.96705654295955,17.032311912113293,2019,4
2020-04-11,59.16105958626164,74.64997100830078,82.29514287531595,110.76321880885777,81.71734806968404,2019,4
2020-04-12,71.31522330684479,90.32029724121094,102.83149606701302,110.97407183548795,93.86027211263918,2019,4
2020-04-13,71.02411848108513,90.48470306396484,108.63814772514912,113.78491576512052,95.98297125882989,2019,4
2020-04-14,71.46111752941201,84.46851348876953,94.9868703041437,108.0378017845988,89.73857577673101,2019,4
2020-04-15,72.87340361053113,85.52326202392578,92.623920579005,109.72124623108657,90.18545811113712,2019,4
2020-04-16,76.90575809776756,88.95916748046875,96.00433651554697,109.37178108367024,92.81026079436339,2019,4
2020-04-17,76.3983328166178,84.797119140625,92.99734217295247,113.7233941840792,91.97904707856861,2019,4
2020-04-18,75.61217910737591,79.7656478881836,86.85084763687159,110.68140838982356,88.22752075556366,2019,4
2020-04-19,79.6211492608934,79.0714111328125,88.28921801975454,110.16090602649894,89.28567110998983,2019,4
2020-04-20,78.46666452626899,79.72322845458984,96.20437481925609,112.0736669706472,91.61698369269052,2019,4
2020-04-21,82.28671845596062,88.4942398071289,107.70181914100844,112.58180995907713,97.76614684079378,2019,4
2020-04-22,83.17891314042943,99.17188262939453,117.84154990638388,109.4137339184581,102.40151989866648,2019,4
2020-04-23,84.56952419863129,99.00311279296875,136.35660137419208,111.7202615128452,107.91237496965933,2019,4
2020-04-24,83.81069522480412,90.98847961425781,125.61419921529838,113.0612982177833,103.36866806803592,2019,4
2020-04-25,81.90912937963547,82.38566589355469,102.92004260788785,112.80659326767692,95.00535778718874,2019,4
2020-04-26,80.33122584824699,79.38863372802734,101.5545607000206,112.50993975161225,93.44609000697679,2019,4
2020-04-27,79.79687357777033,78.38619232177734,113.58215508082908,112.71410691949663,96.11983197496835,2019,4
2020-04-28,79.36616039420875,76.25575256347656,84.9740995263701,112.43422391720622,88.2575591003154,2019,4
2020-04-29,78.52596131959082,74.28324890136719,102.34452335815358,110.98945603820883,91.53579740433011,2019,4
2020-04-30,75.8210942488841,70.81437683105469,87.30529732824361,112.21568173092183,86.53911253477605,2019,4
2020-05-01,75.83440647520413,69.4284896850586,87.44046791320025,112.89252649073266,86.39897264104891,2019,4
2020-05-02,77.05005866190703,70.28350830078125,88.89824111571009,108.2699682079882,86.12544407159665,2019,4
2020-05-03,81.07923165219265,79.99781799316406,86.3885873104362,111.77109194914333,89.80918222623406,2019,4
2020-05-04,82.06440470625435,83.47010803222656,88.34984043650184,111.21471334821057,91.27476663079833,2019,4
2020-05-05,84.22738734173413,89.04681396484375,107.36523508189093,114.40828754731487,98.76193098394592,2019,4
2020-05-06,85.8019914694385,91.83065795898438,87.32851118880383,109.38188734327666,93.58576199012585,2019,4
2020-05-07,86.51056954695572,102.33731842041016,98.11484630739906,109.85711561180699,99.20496247164297,2019,4
2020-05-08,89.10658661009998,110.56352233886719,97.9548814907033,110.27854947447481,101.97588497853631,2019,4
2020-05-09,90.09850206772226,109.76336669921875,92.45479698348846,107.80604165837235,100.03067685220046,2019,4
2020-05-10,86.48520525666385,98.00424194335938,80.18628041942424,111.7106631026788,94.09659768053156,2019,4
2020-05-11,87.61324705679725,101.36226654052734,100.0253331934894,111.98831487401824,100.24729041620807,2019,4
2020-05-12,88.39455538971721,99.6055679321289,88.83783223006635,104.55911171131403,95.34926681580662,2019,4
2020-05-13,87.45930485129855,93.24468994140625,93.23408530610628,108.36404545684289,95.5755313889135,2019,4
2020-05-14,89.06835963682636,95.97405242919922,92.66791436743307,106.23028828629464,95.98515367993832,2019,4
2020-05-15,85.93537895921386,83.1213150024414,73.62216343072838,104.63142858146045,86.82757149346102,2019,4
2020-05-16,84.61928620200938,75.1283950805664,65.04374714192045,105.62972169036466,82.60528752871522,2019,4
2020-05-17,82.81662065247907,70.16011810302734,58.257038820997195,107.17257681895514,79.60158859886468,2019,4
2020-05-18,81.3946748515451,69.44185638427734,60.363473814225955,106.61542299281987,79.45385701071707,2019,4
2020-05-19,78.77398687311147,69.2140121459961,57.91849977196133,107.51208815699758,78.35464673701662,2019,4
2020-05-20,83.81911005773799,98.12641906738281,108.2893488583932,106.74339883897018,99.24456920562105,2019,4
2020-05-21,83.98075442940574,94.54820251464844,100.10647037306707,108.32322022337203,96.73966188512333,2019,4
2020-05-22,79.97418843108656,85.77998352050781,80.42614546089081,112.97535913200633,89.78891913612287,2019,4
2020-05-23,74.53339530430631,78.75897216796875,70.72979725960843,112.25600206165477,84.06954169838457,2019,4
2020-05-24,75.02040585776203,70.85731506347656,62.68361565090629,107.57374731020033,79.0337709705863,2019,4
2020-05-25,76.90917701486079,80.13937377929688,75.91570368417499,103.63820493153285,84.15061485246638,2019,4
2020-05-26,75.73803008766623,72.38377380371094,64.5518607459081,104.30197489494788,79.24390988305828,2019,4
2020-05-27,79.14846556176575,88.36672973632812,96.66513226136736,104.23246026980951,92.10319695731769,2019,4
2020-05-28,77.89634563542397,95.92642974853516,96.09807368939785,106.45498938918615,94.09395961563578,2019,4
2020-05-29,76.84895356039289,92.99813842773438,93.73978294678845,106.86805049400495,92.61373135723017,2019,4
2020-05-30,75.86349556323496,95.76494598388672,97.45050954544531,105.85828129085863,93.73430809585639,2019,4
2020-05-31,75.26407214875205,98.3250503540039,104.64287508827003,105.41157558975401,95.91089329519501,2019,4
2020-06-01,73.62175995937315,96.29459381103516,116.49956305704899,103.72128201849235,97.5342997114874,2019,4
2020-06-02,74.11860590260629,89.13334655761719,111.42617886055308,103.78575881044415,94.61597253280519,2019,4
2020-06-03,72.48397113360446,78.34785461425781,105.60492370880213,108.8220186687942,91.31469203136466,2019,4
2020-06-04,69.83222726960301,70.28634643554688,69.6535548173201,106.09216652674586,78.96607376230396,2019,4
2020-06-05,69.84516419613134,68.6959457397461,69.22686439918277,106.14959036185292,78.47939117422828,2019,4
2020-06-06,70.28252510284368,63.679019927978516,61.5624843113697,109.64789649426298,76.29298145911372,2019,4
2020-06-07,68.29269063766581,63.1849250793457,55.40986385358246,105.96535944808863,73.21320975467066,2019,4
2020-06-08,71.69989789870694,72.54119110107422,62.31252194053022,104.49482511828201,77.76210901464835,2019,4
2020-06-09,68.23952950441118,64.02603912353516,49.86123837254203,104.59380893695935,71.68015398436192,2019,4
2020-06-10,73.23001104368969,66.66441345214844,65.21377030964462,106.05682813761507,77.79125573577446,2019,4
2020-06-11,77.22308649578625,81.93242645263672,95.15802061645823,109.91211369878272,91.05641181591598,2019,4
2020-06-12,75.01771550465551,85.461669921875,87.0882114150101,107.63134904879719,88.79973647258444,2019,4
2020-06-13,75.940657403039,88.29930114746094,83.5622570444662,104.97989271506505,88.19552707750779,2019,4
2020-06-14,72.0654009557689,89.48015594482422,81.12004991275037,104.15153225913572,86.7042847681198,2019,4
2020-06-15,73.3326638786638,88.67253875732422,77.78008628585609,102.96378717242605,85.68726902356754,2019,4
2020-06-16,73.5707314127795,86.51274108886719,78.64449289410692,103.30289899177482,85.5077160968821,2019,4
2020-06-17,77.66658964973692,81.79749298095703,76.78042246073856,103.24778154165674,84.87307165827232,2019,4
2020-06-18,78.06320207597652,78.61445617675781,75.94934504325121,107.04167350590875,84.91716920047357,2019,4
2020-06-19,73.99532516076499,73.91191101074219,65.99492045302938,97.09806465647006,77.75005532025165,2019,4
2020-06-20,78.89567413997368,81.03570556640625,75.53998727694379,94.21178616841445,82.42078828793454,2019,4
2020-06-21,74.30670650829725,73.78515625,72.5485322652097,96.61756759805576,79.31449065539067,2019,4
2020-06-22,77.04730056562731,80.55492401123047,75.40359659190041,94.8159400817856,81.95544031263594,2019,4
2020-06-23,77.13475730433156,81.39366912841797,70.4773892914042,91.99607952921237,80.25047381334153,2019,4
2020-06-24,82.25801826596302,90.86394500732422,83.11874180378175,92.63184004150499,87.21813627964349,2019,4
2020-06-25,81.84994437050409,98.97489166259766,86.6323083387782,93.26478680219444,90.18048279351859,2019,4
2020-06-26,76.98475348886166,85.19097137451172,73.20197129018057,93.88512214568001,82.31570457480848,2019,4
2020-06-27,73.0532518376915,80.92811584472656,62.97494692588781,97.18053445542176,78.53421226593191,2019,4
2020-06-28,72.28171067176969,71.74711608886719,52.341439210891004,97.69486482452692,73.5162826990137,2019,4
2020-06-29,70.7539358729114,68.8687744140625,52.5831779261866,98.21026497400247,72.60403829679075,2019,4
2020-06-30,72.25703739536038,66.4494400024414,53.63739577688218,94.80886268624364,71.78818396523191,2019,4
2020-07-01,72.51399978157347,66.08563995361328,56.04109369101874,94.40400579583125,72.26118480550919,2019,4
2020-07-02,71.16577056553872,65.00244140625,54.22531854655348,94.83990492796022,71.3083588615756,2019,4
2020-07-03,70.59817759409245,65.03414154052734,61.26743603374326,97.37815402432935,73.5694772981731,2019,4
2020-07-04,72.19783850307266,65.18986511230469,55.451580307910135,99.79732865789848,73.1591531452965,2019,4
2020-07-05,70.9574579329653,72.06181335449219,76.84220554710458,100.15957135412756,80.00526204717241,2019,4
2020-07-06,51.00517702378307,42.00510787963867,30.495065028945415,13.425138034939561,34.232621991826676,2019,4
2020-07-07,46.272860424340074,27.333847045898438,17.152767728584237,13.231839515077287,25.99782867847501,2019,4
2020-07-08,44.12431381915063,27.678773880004883,12.806342224022352,15.05454043955822,24.91599259068402,2019,4
2020-07-09,41.78249817723612,27.240474700927734,7.571502593668301,13.91136686234282,22.626460583543743,2019,4
2020-07-10,37.37044523863559,26.63475799560547,12.391736193643034,11.561543081078348,21.989620627240612,2019,4
2020-07-11,33.11110993357765,22.06346893310547,9.873525261439452,8.157653346903476,18.301439368756512,2019,4
2020-07-12,30.597150445383434,17.2938175201416,3.824043661667139,6.250874603489692,14.491471557670467,2019,4
2020-07-13,25.936240255191088,17.51682472229004,8.052200234705833,12.760866503760763,16.06653292898693,2019,4
2020-07-14,25.067207170333646,19.139320373535156,11.573952418603143,13.916727952208486,17.42430197867011,2019,4
2020-07-15,18.22423193569615,17.19799041748047,11.660147629554237,2.0007758414238204,12.270786456038671,2019,4
2020-07-16,17.203870870738786,15.640402793884277,7.946865322171247,0.3448190874137733,10.283989518552021,2019,4
2020-07-17,16.937485958938588,14.156932830810547,9.470657412447613,-0.7103923699305001,9.963670958066562,2019,4
2020-07-18,15.458476706390265,12.319497108459473,10.206908955435388,-0.0005425357722392832,9.496085058628221,2019,4
2020-07-19,14.17997327594136,12.162711143493652,8.177950706366623,0.6237328334625794,8.786091989816054,2019,4
2020-07-20,13.211635194632487,10.721944808959961,6.823015585344077,-2.47686646269921,7.069932281559328,2019,4
2020-07-21,12.674542839380086,9.426619529724121,5.814476614602731,-2.8630197340484607,6.26315481241462,2019,4
2020-07-22,11.977257131316316,9.600208282470703,6.657905938760178,-3.5088904159874836,6.1816202341399284,2019,4
2020-07-23,11.192322547755579,10.049920082092285,7.208885541306223,1.113062020609508,7.391047547940899,2019,4
2020-07-24,10.773884329816305,9.834441184997559,10.093468546176819,1.2847310015229407,7.996631265628405,2019,4
2020-07-25,14.16126945587302,13.767772674560547,14.819780602662227,2.4784119975642724,11.306808682665016,2019,4
2020-07-26,12.749515353994353,13.648466110229492,14.170403949568243,2.7996419549959644,10.842006842197012,2019,4
2020-07-27,14.315468466288758,14.524221420288086,10.234593768086665,4.505399564960696,10.89492080490605,2019,4
2020-07-28,12.860477699180354,13.526254653930664,10.734650004910069,1.8411487139772014,9.740632767999571,2019,4
2020-07-29,12.04932386729638,13.080419540405273,13.20774239617371,-2.0656690932661936,9.067954177652293,2019,4
2020-07-30,11.773594779437765,11.391945838928223,11.100972009735347,-2.147667765737764,8.029711215590893,2019,4
2020-07-31,11.522810424814077,14.916003227233887,14.947317959490174,1.5196308415743758,10.726440613278127,2019,4
2020-08-01,11.855542864914026,13.578153610229492,9.473301531807314,3.2065862255824307,9.528396058133318,2019,4
2020-08-02,10.79327270268426,10.83415412902832,7.592304549789728,0.5835541427645339,7.45082138106671,2019,4
2020-08-03,10.333911852532633,10.199553489685059,7.7005864132147,-0.7231205740141773,6.877732795354554,2019,4
2020-08-04,12.726498562096587,13.18263053894043,13.182452066723123,2.5663143059362206,10.41447386842409,2019,4
2020-08-05,13.012900067991247,14.136775016784668,13.763687798461726,3.1936057650080727,11.026742162061428,2019,4
2020-08-06,12.120033997776888,13.232068061828613,14.442769394405554,-0.06805337591402782,9.931704519524256,2019,4
2020-08-07,11.531711725280232,11.537663459777832,12.526993902664428,-2.104689381717117,8.372919926501345,2019,4
2020-08-08,11.648185321560586,11.848047256469727,13.830571358628163,-0.11661962367380951,9.302546078246166,2019,4
2020-08-09,11.95297580496627,15.698527336120605,19.37628854138952,-0.6652230768987435,11.590642151394414,2019,4
2020-08-10,12.07273152319797,14.891767501831055,18.284417419441997,-0.06535975687256101,11.295889171899615,2019,4
2020-08-11,11.39296133104717,16.688861846923828,20.076685428073475,-1.342514667656241,11.703998484597058,2019,4
2020-08-12,11.49722074287576,16.839014053344727,16.30312687458544,-1.6761176320566182,10.740811009687327,2019,4
2020-08-13,17.83059379485354,28.94880485534668,34.6339062159861,1.4248862864946616,20.709547788170248,2019,4
2020-08-14,14.94559847810381,21.829139709472656,23.09095279196305,0.9386559285059128,15.201086727011358,2019,4
2020-08-15,14.797169958702924,19.15678596496582,22.343250997031312,1.5067868837184335,14.450998451104622,2019,4
2020-08-16,13.594075446464299,16.23912811279297,14.842598124590637,1.7157851091468643,11.597896698248693,2019,4
2020-08-17,12.145088332376307,15.63949203491211,13.865132499443458,0.11852864485883785,10.442060377897679,2019,4
2020-08-18,12.64348149103028,18.343931198120117,21.208626924073464,1.2908088828805386,13.3717121240261,2019,4
2020-08-19,23.0840344648886,33.60319519042969,39.50624510194063,6.16239108489091,25.588966460537456,2019,4
2020-08-20,26.600149716316324,37.164764404296875,50.95945828326021,7.413575635173878,30.534487009761826,2019,4
2020-08-21,29.099043335745776,37.35124206542969,52.4268401575187,14.581433101631564,33.364639665081434,2019,4
2020-08-22,25.455944705999375,26.57004737854004,39.88050695879537,6.480866690227348,24.59684143339053,2019,4
2020-08-23,23.855639876585833,25.140972137451172,25.95175887261273,5.483559723000143,20.10798265241247,2019,4
2020-08-24,23.27527424176582,25.76987648010254,25.183219557350885,2.2815557237776556,19.127481500749226,2019,4
2020-08-25,35.29028492147062,43.956661224365234,57.07267979452578,11.95888015790549,37.069626524566786,2019,4
2020-08-26,24.406507880078106,34.021392822265625,33.320311763722025,4.898468469170787,24.161670233809133,2019,4
2020-08-27,23.037967759257768,25.81098747253418,25.372943657871865,2.591926105383836,19.20345624876191,2019,4
2020-08-28,21.921279990008905,23.44692611694336,16.74555271595182,1.003321858878822,15.779270170445727,2019,4
2020-08-29,16.552438738743817,20.647693634033203,18.546701923952778,-0.30511164699976856,13.860430662432508,2019,4
2020-08-30,16.027519137595554,17.029022216796875,17.235812213883467,-0.9653444341004898,12.331752283543853,2019,4
2020-08-31,15.226492924002038,16.848966598510742,17.786247746246474,-0.7247316259037966,12.284243910713865,2019,4
2020-09-01,14.550473106261355,15.565641403198242,11.722345126626628,0.3375411157541084,10.544000187960084,2019,4
2020-09-02,13.643726513395558,14.510965347290039,1.0299228208744153,2.320305331837943,7.876230003349488,2019,4
2020-09-03,14.511282764146284,14.875936508178711,1.4201825095141893,3.1464942413239942,8.488474005790794,2019,4
2020-09-04,12.653576732503103,11.466378211975098,-6.069059924222857,1.0181829601417043,4.767269495099263,2019,4
2020-09-05,12.065455077388968,10.730982780456543,-5.435649566678336,0.49181256784567395,4.463150214753212,2019,4
2020-09-06,11.89999693398532,9.792876243591309,-1.8825072741546722,0.5531934463146939,5.090889837434163,2019,4
2020-09-07,11.267831117840055,9.625958442687988,5.791505088095444,1.998681154776742,7.1709939508500575,2019,4
2020-09-08,11.00734327670883,9.453408241271973,6.741242610028973,3.12459134675934,7.5816463686922795,2019,4
2020-09-09,10.504936404801157,9.188321113586426,2.1586714551610404,2.9803036746098197,6.208058162039611,2019,4
2020-09-10,10.714587259549463,9.172566413879395,5.595490273293079,0.13956808131970533,6.40555300701041,2019,4
2020-09-11,11.229540155150419,9.34144115447998,8.055542841224806,4.190508352630545,8.204258125871437,2019,4
2020-09-12,11.428387511398608,10.911776542663574,7.552112525586004,3.8955360572008644,8.446953159212264,2019,4
2020-09-13,11.758411288383888,18.258901596069336,25.853996750280654,2.624715587259317,14.624006305498298,2019,4
2020-09-14,15.21008526554253,24.96784210205078,32.776083819319915,14.807513084732815,21.94038106791151,2019,4
2020-09-15,16.41002860990246,24.9215030670166,33.881726187771605,16.426468961420422,22.90993170652777,2019,4
2020-09-16,18.694752729327284,28.719144821166992,38.89732990598646,15.657449396590334,25.49216921326777,2019,4
2020-09-17,20.249438559127075,32.228233337402344,41.22132423960916,17.78535245005555,27.871087146548533,2019,4
2020-09-18,21.61954886705682,32.23491287231445,45.31181005777832,18.329063416665676,29.373833803453817,2019,4
2020-09-19,22.407826116816704,30.399822235107422,53.20517796127304,18.773990329117396,31.19670416057864,2019,4
2020-09-20,22.603926236652253,30.00650978088379,48.04894467358511,16.634204120795953,29.32339620297928,2019,4
2020-09-21,19.589849840673633,29.889328002929688,41.47440839735663,2.743889845556607,23.424369021629143,2019,4
2020-09-22,15.921570622198212,20.34103775024414,21.02663292693172,2.9605763169285524,15.062454404075655,2019,4
2020-09-23,16.219857962534142,17.196292877197266,14.839282800563566,4.943555460491087,13.299747275196516,2019,4
2020-09-24,19.570578574702246,21.692214965820312,22.676585533023175,6.19513459005306,17.5336284158997,2019,4
2020-09-25,17.25058312655187,20.170185089111328,22.734445740083373,5.135323885827123,16.322634460393424,2019,4
2020-09-26,14.735949565278723,14.918037414550781,17.362179401868616,1.2564512030304371,12.06815439618214,2019,4
2020-09-27,13.606007344109278,12.262990951538086,13.505709882753516,2.5307864366021082,10.476373653750747,2019,4
2020-09-28,12.754409966516546,11.07308292388916,8.251166515430423,5.908002634250209,9.496665510021586,2019,4
2020-09-29,11.351556049740326,10.339255332946777,9.418866432093298,3.4642419277002485,8.643479935620162,2019,4
2020-09-30,18.332991409971438,16.292978286743164,20.449010416541963,9.587771436412055,16.165687887417157,2019,4
2020-10-01,15.140533751363641,12.961905479431152,10.258336390994442,-4.285610385474451,8.518791309078697,2019,4
2020-10-02,20.14690152408565,18.286359786987305,17.31118863991431,1.951391559598001,14.423960377646315,2019,4
2020-10-03,23.235304819503998,18.385751724243164,21.22304159115845,2.9771623572729755,16.455315123044645,2019,4
2020-10-04,28.975669589652412,24.059593200683594,25.073117161631377,6.364251035630023,21.11815774689935,2019,4
2020-10-05,22.582160418695842,21.48725700378418,15.386833228302173,3.1744991356929155,15.657687446618777,2019,4
2020-10-06,31.801999731477935,31.023021697998047,27.329942595940253,6.2775027051456505,24.10811668264047,2019,4
2020-10-07,18.42411742977249,21.217823028564453,20.461877161857988,-0.588885332677858,14.878733071879267,2019,4
2020-10-08,22.98247271730303,21.743911743164062,23.461496704442425,3.7112561416116243,17.974784326630285,2019,4
2020-10-09,38.526340342669975,39.997493743896484,45.85290370931529,67.49531142329258,47.96801230479358,2019,4
2020-10-10,41.450882286676034,38.30318832397461,50.48419614261141,68.69847378102385,49.73418513357147,2019,4
2020-10-11,43.098376763952245,42.239742279052734,60.10789979352995,67.83925180430364,53.321317660209644,2019,4
2020-10-12,45.83850334242753,42.529808044433594,47.91327374942438,68.77690486373945,51.26462250000624,2019,4
2020-10-13,47.74730811512615,38.47089767456055,51.540023717705246,68.23756984715598,51.49894983863698,2019,4
2020-10-14,51.365531821164865,41.878849029541016,66.10205178219846,68.97940477584991,57.08145935218856,2019,4
2020-10-15,50.24690656690056,39.75579071044922,49.81796825902863,67.37971242885693,51.80009449130884,2019,4
2020-10-16,49.799344746177596,39.803768157958984,55.409880844876525,66.67993274221098,52.92323162280602,2019,4
2020-10-17,49.0552331384542,41.69402313232422,53.89131417575746,69.71338949863001,53.58848998629148,2019,4
2020-10-18,50.40941856190898,42.31325912475586,59.21933897573923,68.64198544057645,55.14600052574512,2019,4
2020-10-19,51.558623265492365,43.14229965209961,73.24380490524258,73.25247621843059,60.29930101031629,2019,4
2020-10-20,56.89124343981652,45.30451202392578,58.834428891513106,73.56999314386127,58.65004437477917,2019,4
2020-10-21,51.75140610961836,45.65385437011719,45.47700914311407,69.76207280692977,53.161085607444846,2019,4
2020-10-22,47.19176947562715,41.2783088684082,34.94217342995448,68.929342066833,48.08539846020571,2019,4
2020-10-23,44.45226830864074,37.08369827270508,33.61466204789019,69.47567239160524,46.15657525521031,2019,4
2020-10-24,47.92562972991168,41.73302459716797,41.14066171805024,77.35724635914788,52.03914060106945,2019,4
2020-10-25,45.93946751289778,38.853240966796875,36.36679081776266,71.47901098619086,48.15962757091204,2019,4
2020-10-26,47.470726430442454,38.66069412231445,34.18733847310559,72.25415146373626,48.14322762239969,2019,4
2020-10-27,46.36219809849576,38.14101791381836,34.78887287692452,73.48927724257669,48.19534153295383,2019,4
2020-10-28,46.67521892920406,38.346839904785156,35.01534622500903,74.57167284240452,48.65226947535069,2019,4
2020-10-29,47.43045276768627,40.65034866333008,36.59042063066459,76.43909541793835,50.27757936990482,2019,4
2020-10-30,49.0697458473602,38.62101745605469,41.1424270522591,74.09983871046846,50.73325726653562,2019,4
2020-10-31,51.16813903654633,46.0776481628418,40.125812226276764,77.66628309039108,53.75947062901399,2019,4
2020-11-01,52.416286855986755,58.009544372558594,64.99584558787403,78.86474310502919,63.571604980362146,2019,4
2020-11-02,50.622841373186446,52.47258377075195,59.95795102655301,81.37736610508898,61.1076855688951,2019,4
2020-11-03,32.842818084605774,35.134307861328125,26.007428534624772,4.049847383972139,24.5086004661327,2019,4
2020-11-04,34.29468858847913,33.75748825073242,32.13457883538308,22.42268207986875,30.652359438615846,2019,4
2020-11-05,35.07307726521036,33.23910903930664,31.94655734271205,22.489308964488266,30.68701315292933,2019,4
2020-11-06,33.60982651099333,34.35001754760742,39.33271774582837,27.808871544894668,33.77535833733094,2019,4
2020-11-07,31.643774722775493,32.82785415649414,35.62186210575038,27.346234534507243,31.859931379881814,2019,4
2020-11-08,16.832410991426638,21.517885208129883,15.735049009455787,1.3578211651162437,13.860791593532138,2019,4
2020-11-09,17.363568527715184,20.00493621826172,14.190332073841477,2.1329252629557445,13.422940520693531,2019,4
2020-11-10,13.24857641326673,16.065391540527344,3.9492389503819165,1.8435893624870303,8.776699066665755,2019,4
2020-11-11,23.903031445915854,22.97889518737793,11.455103753882973,8.216843150738178,16.638468384478735,2019,4
2020-11-12,19.637787724925094,22.060712814331055,5.001533893663266,5.884075710106405,13.146027535756453,2019,4
2020-11-13,16.959513454832834,19.76155662536621,10.087499946298232,5.182417067277434,12.997746773443676,2019,4
2020-11-14,25.47191428028986,23.325733184814453,14.124307789938543,10.679309736703022,18.40031624793647,2019,4
2020-11-15,28.906727227281614,31.938940048217773,14.216243179503605,11.235618635051399,21.574382272513596,2019,4
2020-11-16,23.842557154471827,22.481740951538086,13.389120421327322,9.688377525821618,17.350449013289712,2019,4
2020-11-17,17.95493808467559,21.57675552368164,5.919696724593356,6.744487881672523,13.048969553655777,2019,4
2020-11-18,21.383486031179977,21.204275131225586,4.09026737328691,8.236384348782305,13.728603221118696,2019,4
2020-11-19,19.650415512160208,20.092191696166992,7.3675540099824675,7.468229333157204,13.644597637866719,2019,4
2020-11-20,15.375750591158464,17.51132583618164,9.018335544918347,6.019866272788702,11.981319561261788,2019,4
2020-11-21,17.020412920364592,19.201684951782227,6.9231183252657456,7.827505879908355,12.743180519330231,2019,4
2020-11-22,13.002149709514244,14.935546875,7.200961410658553,2.8366166649430884,9.49381866502897,2019,4
2020-11-23,12.000632129506739,12.203936576843262,6.778558556746639,4.276126307548331,8.814813392661243,2019,4
2020-11-24,16.36676057998141,15.576821327209473,3.8728348579850973,6.713037676065657,10.63236361031041,2019,4
2020-11-25,14.206976662708861,14.065757751464844,-3.117925116651512,4.775115114352062,7.482481102968563,2019,4
2020-11-26,12.214007891502241,11.698974609375,7.018046823486226,2.6879654737922056,8.404748699538919,2019,4
2020-11-27,11.830349040568136,11.67934513092041,6.438388976422753,4.409120518966601,8.589300916719475,2019,4
2020-11-28,13.891812662411713,11.810511589050293,10.238654358172923,5.934451724501075,10.468857583534,2019,4
2020-11-29,11.828119626461522,10.16909408569336,8.286055890861707,4.0831802962532855,8.591612474817468,2019,4
2020-11-30,13.240531119654907,11.119338989257812,9.08588629224993,7.165604320255648,10.152840180354573,2019,4
2020-12-01,10.612052902332517,9.178116798400879,2.7991452078102355,1.9065203996851565,6.123958827057196,2019,4
2020-12-02,10.13680059295282,8.650359153747559,1.6301352036648222,3.9199095119941347,6.084301115589834,2019,4
2020-12-03,16.178128417809987,12.74039077758789,8.173292910029755,6.864856590557915,10.989167173996387,2019,4
2020-12-04,20.200087164832492,15.356407165527344,10.774583046944022,9.49258071591279,13.955914523304163,2019,4
2020-12-05,14.690009175478869,11.012406349182129,4.567604126788746,5.5822146744366705,8.963058581471604,2019,4
2020-12-06,11.79054541002589,9.646056175231934,2.8571124972003235,1.2151588805387696,6.3772182407492295,2019,4
2020-12-07,11.259215752736592,10.379121780395508,5.9785922954977035,1.769732817204952,7.34666566145869,2019,4
2020-12-08,18.084736842578653,15.36351203918457,12.459392621829808,28.364425910761046,18.568016853588517,2019,4
2020-12-09,23.645396387261727,18.901233673095703,15.256316808662907,31.503421659218194,22.326592132059634,2019,4
2020-12-10,24.743826071853213,21.8126277923584,15.73702494349845,29.890840545955175,23.046079838416308,2019,4
2020-12-11,26.447730767143202,23.444690704345703,17.635969818428265,31.589652028487496,24.779510829601165,2019,4
2020-12-12,25.755973440194047,26.131376266479492,15.387391977755755,31.60470984326712,24.719862881924104,2019,4
2020-12-13,27.209335151789112,23.738677978515625,14.75694742243827,15.34864049428504,20.26340026175701,2019,4
2020-12-14,27.833415364627932,23.88461685180664,15.843216542443432,12.772328165574638,20.08339423111316,2019,4
2020-12-15,19.08692683701525,22.357521057128906,10.445567237385477,9.172957019610958,15.265743037785146,2019,4
2019-12-17,18.612450353224414,19.251184463500977,21.24788796369598,12.839659717236856,17.98779562441456,2019,9
2019-12-18,31.352508537502647,51.288516998291016,56.012269583623194,33.4455549014083,43.02471250520628,2019,9
2019-12-19,26.223180684469042,39.932090759277344,38.45981405982518,12.059366360632346,29.16861296605098,2019,9
2019-12-20,24.29490263931261,25.64811134338379,23.723465491921743,-1.6178455206457798,18.012158488493093,2019,9
2019-12-21,22.55122279547001,20.186569213867188,18.063005153454696,5.560001399454755,16.590199640561664,2019,9
2019-12-22,27.218844230164457,26.210205078125,33.49835705310242,12.64677799781623,24.893546089802026,2019,9
2019-12-23,18.55270785030502,20.492830276489258,19.737931900810185,13.033641874965532,17.954277975642498,2019,9
2019-12-24,28.125290136783594,28.029638290405273,29.126332300400517,16.300576707596093,25.39545935879637,2019,9
2019-12-25,17.799193697173607,20.865522384643555,19.890439527721902,-0.3097519965936826,14.561350903236345,2019,9
2019-12-26,33.16589051947111,46.63622283935547,57.224243543476774,18.733000072447695,38.93983924368776,2019,9
2019-12-27,17.566366863096572,23.522254943847656,25.007776804929893,2.4273975061562325,17.13094902950759,2019,9
2019-12-28,15.279524018053984,19.23842430114746,18.64240156070528,5.000618525957471,14.540242101466049,2019,9
2019-12-29,13.720226979045202,15.912099838256836,16.027418526843395,2.7194824286798607,12.094806943206324,2019,9
2019-12-30,13.532573947224638,15.471854209899902,11.627827200219851,-4.385033856165229,9.06180537529479,2019,9
2019-12-31,13.58672978653402,13.405963897705078,9.38548104082784,-2.8271100324381706,8.387766173157193,2019,9
2020-01-01,13.479498389009178,12.955657005310059,8.687782488551218,-4.3998422818615595,7.680773900252225,2019,9
2020-01-02,13.414901402063172,12.76791000366211,10.80466842089609,6.184423100104212,10.792975731681397,2019,9
2020-01-03,12.669195487815191,11.69243335723877,9.282763750610275,9.569787202272593,10.803544949484207,2019,9
2020-01-04,11.7754977825909,10.864051818847656,9.84282576646285,5.558982132633041,9.510339375133611,2019,9
2020-01-05,11.64945295904414,10.068883895874023,8.844172143416612,3.5349482198580233,8.5243643045482,2019,9
2020-01-06,20.471448823161325,16.370132446289062,15.511621042087315,22.733109152391677,18.771577865982344,2019,9
2020-01-07,18.194508201493605,16.69879722595215,14.458794288474516,22.8155255263107,18.041906310557742,2019,9
2020-01-08,20.59470689469235,17.909353256225586,20.147873364332778,18.23238142793297,19.22107873579592,2019,9
2020-01-09,32.919525932948474,29.300933837890625,45.88983844610651,24.427370374279263,33.13441714780622,2019,9
2020-01-10,19.892807687184316,19.331541061401367,22.03031444179374,13.23519536369141,18.62246463851771,2019,9
2020-01-11,32.3770854960175,30.1326961517334,34.50285263831691,29.38848368741835,31.600279493371538,2019,9
2020-01-12,31.78698405195099,25.33026123046875,31.049111688630315,24.33740961061133,28.12594164541535,2019,9
2020-01-13,42.34483432778296,42.59395980834961,54.87969201705691,28.943520126336317,42.190501569881455,2019,9
2020-01-14,47.72492955341788,58.80278778076172,87.40689575203442,35.76440826686428,57.42475533826958,2019,9
2020-01-15,29.76689665956854,28.30055809020996,36.080941389389466,9.942728063426564,26.022781050648632,2019,9
2020-01-16,35.686919740578986,47.89649200439453,67.97102917783904,22.907290579172468,43.61543287549625,2019,9
2020-01-17,22.46143201399306,25.375280380249023,23.07295443567735,15.057274689936655,21.49173537996402,2019,9
2020-01-18,17.577441117885712,20.34581184387207,20.48988653902952,-0.9114302197613,14.3754273202565,2019,9
2020-01-19,16.378945138617276,17.067075729370117,16.940999698490835,-2.258390371578699,12.032157548724882,2019,9
2020-01-20,15.41888755682202,16.889978408813477,16.45154093585706,-0.2315698158731152,12.13220927140486,2019,9
2020-01-21,14.37495986311221,16.65518569946289,17.30286909432198,0.009827864367750294,12.085710630316207,2019,9
2020-01-22,13.679609081230103,15.370296478271484,14.949824719272625,1.8179239260667046,11.45441355121023,2019,9
2020-01-23,13.611216148256146,14.924678802490234,15.796411937684738,3.603862151512196,11.984042259985829,2019,9
2020-01-24,13.090241248739698,12.199892044067383,11.620711723839609,1.7924832101340868,9.675832056695194,2019,9
2020-01-25,12.666866566479541,13.083392143249512,8.570966435185621,4.939352553070428,9.815144424496276,2019,9
2020-01-26,12.794242160240971,11.65655517578125,7.2990149137290805,13.264621941989034,11.253608547935084,2019,9
2020-01-27,14.559474728289688,10.946619987487793,8.791717329395,21.688640367149333,13.996613103080453,2019,9
2020-01-28,16.0074052035412,11.047947883605957,8.843688466233672,21.418737668954137,14.32944480558374,2019,9
2020-01-29,14.928872945607615,9.773836135864258,7.579839911598785,15.981741292364617,12.066072571358818,2019,9
2020-01-30,14.17435404436248,9.737648010253906,6.882783897548416,17.84200656063792,12.15919812820068,2019,9
2020-01-31,14.38450494355586,9.768346786499023,6.846898094399463,19.228384906684816,12.557033682784791,2019,9
2020-02-01,21.8500452267781,14.384666442871094,13.788299843648788,23.208377221193736,18.30784718362293,2019,9
2020-02-02,30.727051511383085,22.82756996154785,26.652459333947903,28.28491122605545,27.122998008233573,2019,9
2020-02-03,31.420154475322413,22.580415725708008,23.383736251284944,24.319325521458296,25.425907993443417,2019,9
2020-02-04,33.637831302866296,26.557804107666016,25.527378604091446,26.53049740415384,28.0633778546944,2019,9
2020-02-05,21.06708141455418,19.217222213745117,18.661174289880964,2.930142073809506,15.468904997997441,2019,9
2020-02-06,20.739175424020655,17.190635681152344,18.386212319934486,8.24045144190434,16.139118716752957,2019,9
2020-02-07,25.013393289244917,22.01566505432129,31.881211646057523,19.125133067352763,24.508850764244123,2019,9
2020-02-08,30.607942919921573,22.900388717651367,26.497325311860912,24.359292182282125,26.091237282928994,2019,9
2020-02-09,44.09228292947039,50.48348617553711,72.0937298043556,59.65269671385944,56.58054890580564,2019,9
2020-02-10,47.27663375956893,56.42550277709961,86.74892025751622,43.9641148948276,58.60379292225309,2019,9
2020-02-11,42.52300574440082,42.91791534423828,54.47817403228145,30.3229745934212,42.56051742858544,2019,9
2020-02-12,32.90786980613767,26.21786117553711,36.82590453801707,16.33404086767427,28.07141909684153,2019,9
2020-02-13,45.901603238681695,57.225154876708984,91.81733683599766,29.531164858589435,56.118814952494446,2019,9
2020-02-14,35.705128396144005,29.820030212402344,34.94646930966197,16.302241666807717,29.19346739625401,2019,9
2020-02-15,49.217474684962646,70.5882339477539,106.7175598720338,42.45586374461597,67.24478306234158,2019,9
2020-02-16,51.110192160438494,73.029052734375,104.47802038011683,39.41373211016031,67.00774934627266,2019,9
2020-02-17,46.66363679453576,47.82557678222656,53.464736420832125,29.39367613145511,44.33690653226239,2019,9
2020-02-18,44.50955768697337,42.639244079589844,47.20061432142112,27.817873958417387,40.54182251160043,2019,9
2020-02-19,34.399216010814285,30.17312240600586,31.418317986921224,22.578657175377764,29.64232839477978,2019,9
2020-02-20,42.178471733201874,40.68812561035156,47.75107491791252,26.092245881989392,39.17747953586383,2019,9
2020-02-21,40.64581980084559,39.552616119384766,42.186391038061394,25.88155956024591,37.06659662963441,2019,9
2020-02-22,46.085975949671905,51.21318435668945,64.10721297862061,35.616680150846584,49.25576335895713,2019,9
2020-02-23,43.159071343706024,42.77406311035156,51.68535505262504,30.79214435082664,42.10265846437732,2019,9
2020-02-24,45.682632865341446,49.19757843017578,53.07169619794917,35.64883013731364,45.90018440769501,2019,9
2020-02-25,45.84313667391221,44.15972900390625,54.60308202888041,25.143740833698473,42.43742213509934,2019,9
2020-02-26,36.81294776671993,32.210792541503906,39.08296319777827,21.14674370928904,32.31336180382279,2019,9
2020-02-27,36.74696917012553,34.175350189208984,40.04609000487345,15.02698535823248,31.498848680610113,2019,9
2020-02-28,42.984034641838335,41.556678771972656,54.778713457417936,29.880010262335787,42.29985928339118,2019,9
2020-02-29,46.89773119917528,69.04684448242188,87.73802362130183,33.19593986553621,59.219634792108806,2019,9
2020-03-01,37.24045055746457,37.47605514526367,36.368967276507924,19.39919865063655,32.62116790746818,2019,9
2020-03-02,26.867936002268973,27.220909118652344,23.57773414370843,14.962233970503739,23.157203308783373,2019,9
2020-03-03,22.87936764685005,22.2576847076416,19.734371580167814,12.19738334101632,19.267201818918945,2019,9
2020-03-04,26.4431026216325,21.59827995300293,23.843715457893097,8.39284416107428,20.069485548400703,2019,9
2020-03-05,39.306772335545304,45.077972412109375,62.963513245581396,13.388347173996642,40.18415129180818,2019,9
2020-03-06,25.313639600241885,25.143274307250977,29.09654097189469,12.545417905034185,23.024718196105432,2019,9
2020-03-07,30.848018676282273,24.933135986328125,26.199553816078737,23.007437196992868,26.2470364189205,2019,9
2020-03-08,43.17681180148453,39.41204833984375,46.24197513067599,28.71259729212276,39.385858141031754,2019,9
2020-03-09,39.31684775048834,33.992374420166016,44.986451712424945,25.827384291226217,36.03076454357638,2019,9
2020-03-10,46.75924351135123,46.60087585449219,64.47041540471561,34.53042442067827,48.09023979780933,2019,9
2020-03-11,41.64770434935331,39.672245025634766,44.00547882767988,24.169362787713546,37.37369774759538,2019,9
2020-03-12,43.63099135573535,39.608642578125,55.9713725981797,28.038660870327284,41.81241685059183,2019,9
2020-03-13,31.245926096748576,24.530502319335938,33.498167062437055,14.43285584737761,25.926862831474796,2019,9
2020-03-14,26.271218577802788,23.729890823364258,22.335276371579916,16.516311726405426,22.213174374788096,2019,9
2020-03-15,34.37544104357844,34.04209899902344,42.67706413594709,16.533808711311536,31.907103222465125,2019,9
2020-03-16,21.75985918905245,20.304349899291992,19.473629117996428,3.1069728913767776,16.161202774429412,2019,9
2020-03-17,25.582585317957786,21.62649917602539,22.868940192604054,16.832413707391865,21.727609598494773,2019,9
2020-03-18,26.708957948487182,23.298892974853516,24.648802879011804,14.92391298770682,22.39514169751483,2019,9
2020-03-19,31.38853763408013,26.062219619750977,42.11865301056446,8.44890312500501,27.004578347350147,2019,9
2020-03-20,29.555535713507485,25.336532592773438,33.214410169359326,7.702650925431655,23.952282350267975,2019,9
2020-03-21,20.814547340218454,19.38224983215332,18.77601518747374,12.326039661028837,17.824713005218587,2019,9
2020-03-22,18.786859122586367,16.38134002685547,16.17675578075269,3.611194816048389,13.739037436560727,2019,9
2020-03-23,18.656391361081102,15.54888916015625,13.195375958483625,5.89603550279535,13.324172995629082,2019,9
2020-03-24,18.13596678931862,14.704740524291992,11.864367087148329,7.626486685450303,13.08289027155231,2019,9
2020-03-25,17.917655365896678,12.887484550476074,11.413428908117629,4.922448833000352,11.785254414372684,2019,9
2020-03-26,20.856046356716348,16.628740310668945,15.312605311517439,0.20515428410912762,13.250636565752965,2019,9
2020-03-27,19.847363306026416,16.376646041870117,13.029941520041936,0.42644540134558895,12.420099067321015,2019,9
2020-03-28,25.213129942234122,21.01296615600586,24.265157330597244,10.68534166560466,20.294148773610473,2019,9
2020-03-29,28.681620704854794,22.870176315307617,33.591331130055856,15.196939750293595,25.085016975127967,2019,9
2020-03-30,24.764120461870586,22.295419692993164,24.639864984374125,6.169205198816165,19.467152584513514,2019,9
2020-03-31,25.02160796711921,21.93436050415039,24.942226194411035,5.282206515774526,19.29510029536379,2019,9
2020-04-01,21.26879823199677,17.715118408203125,21.04297573355299,3.8105977891609655,15.959372540728463,2019,9
2020-04-02,21.96162147588554,18.737014770507812,16.940150439250353,13.592006212029688,17.807698224418345,2019,9
2020-04-03,19.812313452428704,15.993559837341309,13.652549559151892,9.263196366482688,14.680404803851149,2019,9
2020-04-04,23.123308576555058,19.507892608642578,17.91809121149518,15.087786167811238,18.909269641126016,2019,9
2020-04-05,29.173514593267544,21.394668579101562,25.73016422363195,21.248854734403913,24.386800532601242,2019,9
2020-04-06,22.848505563041364,19.31010627746582,18.0922586813286,11.62340771684211,17.968569559669476,2019,9
2020-04-07,21.349308323952965,16.10477638244629,16.4281620497999,8.037099362516443,15.4798365296789,2019,9
2020-04-08,19.929298248218657,15.66696834564209,14.034612254808554,4.233817077327743,13.46617398149926,2019,9
2020-04-09,19.56207000678652,15.199206352233887,11.376400209399277,3.77743276533549,12.478777333438794,2019,9
2020-04-10,19.58707548106127,13.551411628723145,11.90061010037232,7.824055541372346,13.21578818788227,2019,9
2020-04-11,18.98700466256634,13.58768081665039,8.570264991198094,6.261985958762303,11.85173410729428,2019,9
2020-04-12,17.766797911439383,12.7310209274292,8.883501046458047,5.341682418989514,11.180750576079037,2019,9
2020-04-13,23.568553521762997,18.31159782409668,25.688776832309497,10.969946135493295,19.634718578415615,2019,9
2020-04-14,20.728499965298653,15.38470458984375,17.543759562320112,5.523129916575606,14.79502350850953,2019,9
2020-04-15,56.416683617271296,78.14986419677734,61.18706172896615,80.77809296106267,69.13292562601936,2019,9
2020-04-16,71.73864761157834,94.77619171142578,96.5415346979265,83.47591165504222,86.63307141899323,2019,9
2020-04-17,74.83032115743707,91.27947235107422,89.45072282838636,88.63031010910424,86.04770661150047,2019,9
2020-04-18,74.05446008703137,88.1164779663086,95.08954787134434,88.75138476551572,86.50296767255,2019,9
2020-04-19,78.63179576531381,93.9499740600586,94.17077083652197,82.02661410723815,87.19478869228314,2019,9
2020-04-20,80.15843284183678,92.56240844726562,99.64909155523227,82.8916977374202,88.81540764543873,2019,9
2020-04-21,82.03685065909185,97.72722625732422,106.86291333988956,83.17610584081346,92.45077402427977,2019,9
2020-04-22,82.55173615645703,99.01139831542969,119.8567688511278,77.96950809570289,94.84735285467936,2019,9
2020-04-23,83.14728055280088,98.9172592163086,136.12028658314028,77.41015658367704,98.89874573398168,2019,9
2020-04-24,82.97595318538282,96.75231170654297,137.29336050249495,78.78956544754928,98.95279771049252,2019,9
2020-04-25,81.43893148242213,95.23204803466797,118.63619885997338,79.40618312099048,93.67834037451348,2019,9
2020-04-26,80.01800251212612,93.59260559082031,103.71364048292597,82.08155309628896,89.85145042054035,2019,9
2020-04-27,79.97349305471568,87.62049102783203,105.70035906729007,84.3080260399799,89.40059229745442,2019,9
2020-04-28,79.52986227139078,88.8704605102539,115.2733666631566,87.01526138101875,92.67223770645501,2019,9
2020-04-29,78.08126508237152,87.20609283447266,110.11891429572296,98.99639521622593,93.60066685719828,2019,9
2020-04-30,76.52043419524283,78.49359130859375,82.92208357340175,100.95960743220891,84.72392912736181,2019,9
2020-05-01,76.84361732928647,73.38121795654297,104.51843762309086,97.68419950492677,88.10686810346176,2019,9
2020-05-02,76.54103947270492,74.172607421875,98.41566118961218,84.06013948440844,83.29736189215015,2019,9
2020-05-03,79.56634770891516,80.36920166015625,109.13987241958169,90.42971098467693,89.87628319333251,2019,9
2020-05-04,82.27432799382026,84.46292877197266,124.89108904900613,87.85055644082557,94.86972556390616,2019,9
2020-05-05,82.98909620244666,89.45655822753906,144.2756921148526,94.39215304369932,102.7783748971344,2019,9
2020-05-06,84.82953513240378,92.06450653076172,127.2585066681827,84.25029907195773,97.10071185082649,2019,9
2020-05-07,87.40742262425472,101.96387481689453,129.46477943340727,86.65293562011948,101.372253123669,2019,9
2020-05-08,90.61352179214572,108.98917388916016,120.44541787373178,82.0516919663742,100.52495138035297,2019,9
2020-05-09,91.55358484013017,108.38792419433594,130.28479595220685,77.72568910045132,101.98799852178107,2019,9
2020-05-10,88.51254918962421,98.60688018798828,109.05777165204108,87.47733419449469,95.91363380603707,2019,9
2020-05-11,88.83371565452418,102.112548828125,121.927628015121,90.68040759642035,100.88857502354763,2019,9
2020-05-12,88.461215922512,98.0532455444336,100.07708820521005,77.69473541862538,91.07157127269525,2019,9
2020-05-13,88.4197953543913,93.8985824584961,118.3711338268069,83.80889962049982,96.12460281504852,2019,9
2020-05-14,89.43835752614966,96.88739013671875,117.85953881101055,79.29030480392598,95.86889781945123,2019,9
2020-05-15,86.32495402430128,84.66551971435547,85.0554353952108,80.00509140922324,84.0127501357727,2019,9
2020-05-16,84.55419844210729,83.76504516601562,98.90837243997075,81.87650881184271,87.27603121498409,2019,9
2020-05-17,81.60847351214295,76.58930969238281,82.094737140498,85.50326478059037,81.44894628140354,2019,9
2020-05-18,77.53412370594448,73.2921371459961,73.3764968799572,80.8406216366602,76.26084484213949,2019,9
2020-05-19,77.01948334937458,70.89129638671875,66.65100135425395,84.0350115643404,74.64919816367191,2019,9
2020-05-20,81.30911112727341,89.81489562988281,108.90362881170192,78.84879933042593,89.71910872482103,2019,9
2020-05-21,76.64671365104061,89.79142761230469,99.21620730147431,82.76923548165293,87.10589601161813,2019,9
2020-05-22,73.74510551595526,83.72299194335938,79.72460192861173,97.3162279467047,83.62723183365777,2019,9
2020-05-23,71.69785330981827,75.90205383300781,71.68469442963536,101.42859928191032,80.17830021359293,2019,9
2020-05-24,72.54672544840955,72.69378662109375,64.32815547788225,86.46149912126535,74.00754166716271,2019,9
2020-05-25,73.67725339655114,78.07129669189453,65.66896521175497,73.88778538671065,72.82632517172782,2019,9
2020-05-26,47.028325053575074,37.95219039916992,29.37094346452644,-1.3856995611180452,28.241439839038346,2019,9
2020-05-27,43.749379816919614,30.772993087768555,30.578485120739956,-2.7337565516429194,25.5917753684463,2019,9
2020-05-28,28.400087752292137,26.6215877532959,21.861651115113055,-8.772184552541752,17.02778551703984,2019,9
2020-05-29,25.818233697759673,29.990230560302734,26.152207830759348,-4.636791906234905,19.330970045646712,2019,9
2020-05-30,57.20714841066825,62.460304260253906,55.30932898276938,67.14786896951856,60.531162655802525,2019,9
2020-05-31,73.04203921812552,78.34867095947266,82.72614179082973,65.30312206331791,74.85499350793646,2019,9
2020-06-01,76.05079645184811,81.4265365600586,97.74018877033232,62.066795993752116,79.32107944399779,2019,9
2020-06-02,74.49429801275463,85.887451171875,92.04924314782676,65.55224723821371,79.49580989266752,2019,9
2020-06-03,72.28810139942094,79.88294982910156,77.40441065937712,75.4831715347876,76.2646583556718,2019,9
2020-06-04,71.63412839526309,70.31132507324219,52.803562275852364,76.3675709827497,67.77914668177684,2019,9
2020-06-05,72.79436353632998,73.05770874023438,61.968758265659496,94.15009204474299,75.4927306467417,2019,9
2020-06-06,70.36657057535946,64.9792709350586,55.27948300175337,97.55601797703895,72.04533562230259,2019,9
2020-06-07,70.58020076630834,64.62657928466797,60.183428079806035,85.30184438720693,70.17301312949732,2019,9
2020-06-08,73.63021277481761,71.9328384399414,66.4053817032716,79.11474136235648,72.77079357009677,2019,9
2020-06-09,71.55991957676376,65.07792663574219,58.469508877919594,71.9358822671235,66.76080933938727,2019,9
2020-06-10,75.92453185040337,75.4573745727539,76.6464355557186,74.02854960656794,75.51422289636095,2019,9
2020-06-11,80.57196086550462,85.84849548339844,104.84244598300285,77.84855102169719,87.27786333840078,2019,9
2020-06-12,81.95494619061147,91.27174377441406,113.36473335962674,74.63124380577892,90.3056667826078,2019,9
2020-06-13,81.32662691794077,91.44359588623047,108.47189128600886,68.64029619196612,87.47060257053654,2019,9
2020-06-14,79.95669769833468,90.93610382080078,111.5935567875292,67.02787550628013,87.3785584532362,2019,9
2020-06-15,80.2550886013071,90.84696960449219,120.8756477186057,63.23161093055121,88.80232921373904,2019,9
2020-06-16,83.07846035454946,91.91155242919922,129.3959674345895,64.79230818904216,92.29457210184509,2019,9
2020-06-17,87.48931730578389,95.004150390625,141.43467652779202,78.40050701362404,100.58216280945624,2019,9
2020-06-18,88.60106029225888,91.30619812011719,132.8176213109557,87.60641933079106,100.08282476353071,2019,9
2020-06-19,89.0255492079962,86.97334289550781,100.19484884524893,90.42916014238108,91.65572527278351,2019,9
2020-06-20,93.45623992744916,91.08529663085938,96.04887337062839,69.31969748955129,87.47752685462206,2019,9
2020-06-21,90.25284708119239,88.69461059570312,91.07190930854041,77.54522676626752,86.89114843792586,2019,9
2020-06-22,93.34242480435996,90.8689193725586,93.03206724884731,66.81396049937086,86.01434298128419,2019,9
2020-06-23,99.88114179691239,113.74443054199219,135.0435607109122,65.5617758237316,103.55772721838709,2019,9
2020-06-24,108.172292476397,134.2791290283203,163.51282100374948,69.70714645379695,118.91784724056593,2019,9
2020-06-25,120.7480582479607,149.29452514648438,164.91647865318396,69.32529882680217,126.0710902186078,2019,9
2020-06-26,127.89790387488848,143.92193603515625,150.97684731309636,72.34025531013864,123.78423563331992,2019,9
2020-06-27,126.66495621978137,139.8745574951172,134.92775017556826,82.0192773430368,120.87163530837591,2019,9
2020-06-28,127.11632625108999,138.08743286132812,128.828163504044,84.55169954851058,119.64590554124317,2019,9
2020-06-29,126.20060706142935,138.0082244873047,126.65434914820186,82.84354001713734,118.42668017851831,2019,9
2020-06-30,130.68005750801154,142.26585388183594,135.9727295485249,74.11087673070318,120.7573794172689,2019,9
2020-07-01,132.63227776880012,154.15179443359375,141.57889009949153,77.4782512181826,126.46030338001701,2019,9
2020-07-02,130.08895674491728,146.87384033203125,116.73424002984206,74.43210468593773,117.03228544818208,2019,9
2020-07-03,112.17575194891336,117.79381561279297,91.56423536647071,81.11123891405902,100.661260460559,2019,9
2020-07-04,110.32672532852624,107.94058990478516,67.74015390575696,83.61300775817817,92.40511922431163,2019,9
2020-07-05,110.39516158784807,110.27223205566406,83.37902404602603,94.55445616429739,99.65021846345888,2019,9
2020-07-06,73.45562308289881,59.3320198059082,56.39841361128699,6.017485857151165,48.80088558931129,2019,9
2020-07-07,63.02055273662364,45.131587982177734,37.078597848306764,3.127692714163352,37.08960782031787,2019,9
2020-07-08,58.29499239440198,42.90452575683594,18.108683481915644,10.174182009697269,32.37059591071271,2019,9
2020-07-09,51.777364664875314,29.859386444091797,15.787986287123728,2.196170726777602,24.905227030717107,2019,9
2020-07-10,47.59663190079917,27.661623001098633,20.462234988674215,-6.870253826002163,22.212559016142464,2019,9
2020-07-11,43.494627798705416,25.058149337768555,13.911924688772803,-1.7362100165817225,20.18212295216626,2019,9
2020-07-12,38.46465661755062,23.887643814086914,8.284075160046374,-4.558468532403552,16.519476764820087,2019,9
2020-07-13,22.314716603428792,19.72916030883789,3.801880350401789,-1.2608040386039434,11.146238306016132,2019,9
2020-07-14,19.141750888379086,19.967525482177734,8.991144943597956,-4.478321420581871,10.905524973393225,2019,9
2020-07-15,17.016270290933733,19.32966423034668,8.03890602881271,-8.28813209775798,9.024177113083786,2019,9
2020-07-16,15.529237755514874,16.209197998046875,5.319033234327995,-7.788425521675013,7.317260866553682,2019,9
2020-07-17,13.687832402222053,15.184735298156738,7.527834587755019,-7.981001496805408,7.104850197832101,2019,9
2020-07-18,12.336691816290978,12.59183406829834,9.15681161590958,-9.462028935981717,6.155827141129296,2019,9
2020-07-19,11.940903733538171,12.445191383361816,8.328703068531585,-7.759390690510344,6.238851873730308,2019,9
2020-07-20,11.531617756695649,11.807381629943848,11.008131035124402,-9.142790195310255,6.301085056613411,2019,9
2020-07-21,11.206410848686032,10.673724174499512,8.178643897799247,-13.979564130668887,4.019803697578976,2019,9
2020-07-22,10.663044727986414,10.040401458740234,7.0211348987821784,-9.555849113974798,4.542182992883507,2019,9
2020-07-23,9.912045081560128,9.978352546691895,7.83870532505921,-6.1309372026974245,5.399541437653452,2019,9
2020-07-24,9.693394619016273,9.659114837646484,10.80707725500708,-9.06086387692967,5.274680708685042,2019,9
2020-07-25,13.421542760167208,16.22219467163086,15.557658287680605,-7.130876364473366,9.517629838751326,2019,9
2020-07-26,11.245412699909435,16.0374698638916,13.784381705419742,-5.458573327899792,8.902172735330247,2019,9
2020-07-27,13.475995491933773,17.82842254638672,16.518874621002585,3.604632282544351,12.856981235466856,2019,9
2020-07-28,11.152764200183494,17.01961326599121,14.81066775026927,-5.848209717840589,9.283708874650847,2019,9
2020-07-29,10.270167819311373,14.240580558776855,10.39647058967417,-11.931126375744796,5.744023148004402,2019,9
2020-07-30,10.693887620237634,13.183223724365234,13.052294701173308,-5.635995124487884,7.823352730322073,2019,9
2020-07-31,10.594285761561348,13.729317665100098,11.58671275712998,1.0662250122486228,9.244135299010011,2019,9
2020-08-01,14.69239066247433,17.063610076904297,16.40673090978475,4.739876994581493,13.225652160936217,2019,9
2020-08-02,16.029592680679915,17.255128860473633,19.377384032386153,2.3987928762851283,13.765224612456207,2019,9
2020-08-03,18.140035727652453,16.281526565551758,21.941918300896088,4.946677247717474,15.327539460454442,2019,9
2020-08-04,19.96646954013747,17.102569580078125,20.680658802925837,4.205354392180219,15.488763078830411,2019,9
2020-08-05,22.054694334681535,21.027616500854492,23.43294980373404,11.01782810314559,19.383272185603914,2019,9
2020-08-06,23.263624458492753,19.24036979675293,25.005412998302102,-0.19284311396610576,16.82914103489542,2019,9
2020-08-07,24.59736767512144,18.972991943359375,21.594996763127963,-1.6200879447992236,15.886317109202388,2019,9
2020-08-08,24.59459230694628,19.570619583129883,21.050676699960214,-1.991133271731222,15.806188829576287,2019,9
2020-08-09,25.44383477040825,19.032756805419922,21.43066655632883,1.2681163644907443,16.793843624161937,2019,9
2020-08-10,25.37217421610576,20.127063751220703,20.71674614569014,-3.2850574777331545,15.732731658820862,2019,9
2020-08-11,25.11393925585276,18.939210891723633,18.162412517829388,-3.676037905783005,14.634881189905693,2019,9
2020-08-12,25.618570926620695,19.047317504882812,21.094809651269387,-2.0114145776228654,15.937320876287506,2019,9
2020-08-13,23.868675387984023,33.26829147338867,23.502354088575338,-7.9114447657293105,18.18196904605468,2019,9
2020-08-14,17.658924767317988,20.205604553222656,15.190840600831493,-17.258228929089682,8.949285248070613,2019,9
2020-08-15,20.641477029945072,20.31618309020996,15.647664743084318,-15.444056778891863,10.290317021086873,2019,9
2020-08-16,16.63127955879177,16.417255401611328,11.876071978495748,-15.526617935775828,7.349497250780755,2019,9
2020-08-17,15.505402287839429,15.942155838012695,11.869217474347897,-13.78302406938898,7.383437882702761,2019,9
2020-08-18,13.954806060828117,15.994359016418457,12.794457499120616,-14.607003819728881,7.034154689159578,2019,9
2020-08-19,22.55311552798392,29.941987991333008,33.277600364932944,-2.168930301436916,20.900943395703237,2019,9
2020-08-20,27.20788367598016,42.05232620239258,41.21132036855868,-0.1911332562831376,27.57009924766207,2019,9
2020-08-21,29.261280783663256,35.10110855102539,43.7976978305378,9.954511997383463,29.528649790652477,2019,9
2020-08-22,23.812376638729905,24.30710220336914,24.930660608797268,-0.7006927221931392,18.087361682175793,2019,9
2020-08-23,20.98724691571157,23.59088134765625,21.791089414198712,-1.6835480259813167,16.171417412896304,2019,9
2020-08-24,22.289903655991726,26.753721237182617,25.54405448557757,-10.777723782332583,15.952488899104832,2019,9
2020-08-25,34.33683983593392,49.064579010009766,75.07380688693786,15.679613213219227,43.53870973652519,2019,9
2020-08-26,21.195095637780437,34.80864334106445,34.74445470591762,-4.305109349895105,21.610771083716852,2019,9
2020-08-27,25.206754358242232,39.42334747314453,37.6727280843423,-9.583145220068726,23.179921173915083,2019,9
2020-08-28,25.101926767700498,33.37644958496094,20.363188095707443,-8.476022757497415,17.591385422717863,2019,9
2020-08-29,18.426012847220637,23.05580711364746,18.68410505735423,-11.36190893943241,12.201004019697478,2019,9
2020-08-30,16.019249602269966,20.329710006713867,18.970615020024898,-17.473161127529558,9.461603375369792,2019,9
2020-08-31,14.887502931607777,17.186979293823242,16.536773718324483,-18.241799058377843,7.592364221344415,2019,9
2020-09-01,13.869688026283193,17.417768478393555,15.151862642752166,-16.851743382348154,7.396893941270189,2019,9
2020-09-02,13.601015649490945,16.290571212768555,13.098511905558528,-12.375137532821654,7.653740308749093,2019,9
2020-09-03,26.002151305597938,30.290130615234375,26.893352443053715,4.170969000484234,21.839150841092565,2019,9
2020-09-04,30.061029348355284,30.227643966674805,25.616945353174508,2.9968632842968717,22.225620488125365,2019,9
2020-09-05,30.558190483337064,30.41324806213379,28.15515093810753,3.6536094174888945,23.19504972526682,2019,9
2020-09-06,32.65186683148605,31.456390380859375,32.0054175167044,0.4492715032933532,24.14073655808579,2019,9
2020-09-07,32.55849323019783,30.74907875061035,31.101606809230212,3.0137198938726044,24.35572467097775,2019,9
2020-09-08,33.133062270363766,31.03633689880371,28.610598191749368,3.887734180690302,24.166932885401785,2019,9
2020-09-09,34.00035307429308,31.323543548583984,27.8522281255874,3.662242508217254,24.20959181417043,2019,9
2020-09-10,36.32171225490745,32.111778259277344,35.194032578624444,-0.41096452199148814,25.80413964270444,2019,9
2020-09-11,34.443849436948156,31.835969924926758,33.138979590003665,-3.5386009969224403,23.970049488739036,2019,9
2020-09-12,35.31613431456397,31.839155197143555,29.773922862038475,1.549116157677851,24.61958213285596,2019,9
2020-09-13,38.6581629634605,35.72364044189453,36.602893119454606,1.9636939405943963,28.237097616351008,2019,9
2020-09-14,41.569381801557505,38.322322845458984,41.222293567764815,14.353859071094384,33.86696432146892,2019,9
2020-09-15,38.93482987357894,32.76854705810547,36.15113293587477,5.896548065666359,28.43776448330638,2019,9
2020-09-16,41.161904705219584,36.639678955078125,38.328096306137276,2.1402068549578814,29.56747170534822,2019,9
2020-09-17,45.14327604633041,40.701168060302734,51.46816417321618,17.35338904448261,38.66649933108298,2019,9
2020-09-18,32.197250981966924,27.690811157226562,41.4545899962352,2.7004575600215333,26.010777423862557,2019,9
2020-09-19,21.865790186855467,23.248371124267578,28.220767163036623,-0.9530113833362961,18.095479272705845,2019,9
2020-09-20,16.45245258032535,20.651126861572266,22.33253907884188,-9.907062276713141,12.38226406100659,2019,9
2020-09-21,15.094133196967306,17.773334503173828,16.785595632859014,-13.754762088394898,8.974575311151312,2019,9
2020-09-22,12.926659348423483,16.570507049560547,19.66699193889549,-24.80225371731353,6.0904761548914985,2019,9
2020-09-23,14.789176830175688,16.294904708862305,17.203325670532305,-13.998372639478177,8.57225864252303,2019,9
2020-09-24,20.999109503433466,23.994829177856445,30.142827016533847,-4.120090679898205,17.75416875448139,2019,9
2020-09-25,16.368166552091417,22.34467887878418,23.317350159913875,-8.692837406456771,13.334339546083175,2019,9
2020-09-26,14.2620704834788,16.893274307250977,20.08913000795181,-19.373002766425373,7.967868008064054,2019,9
2020-09-27,13.298763543408388,18.45978546142578,20.49900517753014,-15.821517567773647,9.109009153647666,2019,9
2020-09-28,11.47844469669997,14.74338150024414,11.849677710730868,-9.691957393344197,7.094886628582696,2019,9
2020-09-29,10.555623460883098,11.715653419494629,9.211686416516363,-13.528183172714932,4.48869503104479,2019,9
2020-09-30,17.387061383770146,22.083349227905273,26.8913021060783,-2.629219344842255,15.933123343227866,2019,9
2020-10-01,15.65933774000287,19.36532974243164,13.02118375530304,-19.41571852186975,7.1575331789669505,2019,9
2020-10-02,32.31276713810309,49.02991485595703,45.28467731362853,12.52686667677284,34.78855649611537,2019,9
2020-10-03,38.046181568262824,45.92317199707031,54.94980986724128,25.010287156489966,40.98236264726609,2019,9
2020-10-04,41.72152179132195,55.39763259887695,61.25310118122753,26.981810156440787,46.3385164319668,2019,9
2020-10-05,38.10724705512422,42.08928298950195,45.5838333039601,32.042981216242175,39.45583614120711,2019,9
2020-10-06,45.59486867326382,53.67039489746094,68.63876575135637,35.791216107590174,50.923811357417826,2019,9
2020-10-07,39.917165466450335,40.90381622314453,49.14834112988454,9.104847181336474,34.76854250020398,2019,9
2020-10-08,56.66241635700297,55.851295471191406,74.83642164195145,93.84670473062286,70.29920955019216,2019,9
2020-10-09,59.261072513394154,57.04049301147461,62.53581688283079,58.79898841245384,59.40909270503835,2019,9
2020-10-10,62.03232060700821,57.82929992675781,66.23780231918451,56.5829662513774,60.670597276081985,2019,9
2020-10-11,61.19699715463412,57.7967529296875,66.51272229400028,55.21471205554808,60.1802961084675,2019,9
2020-10-12,63.362720497631116,61.754573822021484,69.5303175506561,55.71305044534574,62.59016557891361,2019,9
2020-10-13,64.1096505824832,58.757389068603516,66.09180854203419,59.08268035505969,62.01038213704515,2019,9
2020-10-14,69.95957966842529,71.42579650878906,87.98284694416407,49.49763143691209,69.71646363957262,2019,9
2020-10-15,66.46325819498453,65.53912353515625,71.89570315347886,50.72769783042871,63.656445678512085,2019,9
2020-10-16,67.9469924228457,73.38362121582031,101.26739370969052,70.7382114897646,78.33405470953028,2019,9
2020-10-17,67.1692687150128,73.49322509765625,99.40994821765888,76.66068780842943,79.18328245968934,2019,9
2020-10-18,68.05092399501,76.92109680175781,104.6421264320681,72.34737021994039,80.49037936219408,2019,9
2020-10-19,68.75740161191055,78.24467468261719,112.17737700245331,90.27527688596547,87.36368254573662,2019,9
2020-10-20,71.26065990777165,77.53291320800781,107.08891618110296,98.94373653649802,88.7065564583451,2019,9
2020-10-21,67.72672710399556,70.0234603881836,99.04074760495583,84.61707961998012,80.35200367927878,2019,9
2020-10-22,65.23467828256162,62.88404846191406,82.36530171665858,72.58676252908428,70.76769774755464,2019,9
2020-10-23,61.48445125503272,51.58126449584961,57.40489653725973,61.49697031872654,57.99189565171715,2019,9
2020-10-24,62.643471130996566,57.71523666381836,74.46045852305993,84.35128683144899,69.79261328733097,2019,9
2020-10-25,60.6327509941293,52.743614196777344,54.90625217286914,60.19452318113031,57.11928513622652,2019,9
2020-10-26,61.34019583696097,53.174896240234375,58.77614591031278,73.1217982693166,61.60325906420618,2019,9
2020-10-27,61.18997881351339,53.50156021118164,55.54399476907811,67.8556991721032,59.52280824146908,2019,9
2020-10-28,60.76533000819741,53.001399993896484,53.831326082366644,69.27123850323966,59.21732364692505,2019,9
2020-10-29,61.80331497750757,55.562164306640625,53.258572519716786,78.70281788229285,62.33171742153945,2019,9
2020-10-30,64.32969761787827,59.3971061706543,51.219072776156196,73.92710527468311,62.218245459842976,2019,9
2020-10-31,64.56865357404676,63.414215087890625,59.21396521729334,84.81029768242166,68.0017828904131,2019,9
2020-11-01,66.01092249041642,70.93619537353516,77.64060656988414,91.95209872539394,76.6349557898074,2019,9
2020-11-02,62.90916491473211,58.52958297729492,65.09514004088403,96.66761341192128,70.80037533620808,2019,9
2020-11-03,37.01134167056757,46.42961883544922,47.06378863910964,0.7821547685443875,32.8217259784177,2019,9
2020-11-04,21.08010470091765,26.948572158813477,27.544733687065406,-19.12476716760375,14.112160844798197,2019,9
2020-11-05,18.040491420122386,24.638137817382812,21.69021723637805,-26.452530554292604,9.479078979897661,2019,9
2020-11-06,21.27986520961693,30.20956802368164,28.818660687130528,-9.894087959846615,17.60350149014562,2019,9
2020-11-07,20.768574746594624,29.366411209106445,33.422652596389355,2.6880608824502374,21.561424858635164,2019,9
2020-11-08,27.97129317316363,33.04463577270508,42.79709648329916,21.579932618256997,31.348239511856214,2019,9
2020-11-09,33.46946927041687,32.988616943359375,38.82930624370704,25.605385642765867,32.72319452506229,2019,9
2020-11-10,28.960512100009637,30.394664764404297,32.02701424161943,21.981037665100295,28.340807192783416,2019,9
2020-11-11,39.303153733610536,39.036197662353516,36.99086071852813,37.7876158924865,38.279457001744674,2019,9
2020-11-12,37.563209368712734,33.06910705566406,27.70606752179995,30.953771656491583,32.323038900667086,2019,9
2020-11-13,22.89589993974248,23.098674774169922,22.026830096600953,3.922398592019121,17.98595085063312,2019,9
2020-11-14,32.22722301530107,30.698137283325195,30.882421769327255,23.55591577092698,29.340924459720128,2019,9
2020-11-15,37.61274980653818,37.427490234375,37.35361041954883,19.19932438320285,32.898293710916214,2019,9
2020-11-16,36.07605367817341,32.78924560546875,28.781481544435234,35.46318893581858,33.277492440973994,2019,9
2020-11-17,36.37057669074574,32.30534744262695,32.112125727449204,28.527899309557924,32.32898729259496,2019,9
2020-11-18,37.245965129570855,32.980525970458984,30.727632884252653,33.58851286469118,33.635659212243425,2019,9
2020-11-19,36.9372459987812,32.161293029785156,29.649342903695064,32.884259814884516,32.90803543678649,2019,9
2020-11-20,30.809501994207196,28.98046875,26.98484371587014,23.426871743245556,27.550421550830723,2019,9
2020-11-21,35.24107437422976,32.12392044067383,24.454790899884948,29.50234555594841,30.330532817684237,2019,9
2020-11-22,17.516850306295193,19.71222686767578,17.10886279884206,-7.979689339370481,11.58956265836064,2019,9
2020-11-23,14.393327766996771,16.353544235229492,15.68016912868229,-2.19209172973639,11.05873735029304,2019,9
2020-11-24,18.527792671322366,20.970796585083008,18.179827022209224,8.742211026921602,16.60515682638405,2019,9
2020-11-25,17.424570610862784,16.511680603027344,16.415531466143772,2.8462300447870774,13.299503181205246,2019,9
2020-11-26,13.451522562244978,14.743583679199219,12.956372448533337,-14.026341839339235,6.781284212659576,2019,9
2020-11-27,21.817449117800656,22.275320053100586,25.282358071965337,6.956805517748187,19.08298319015369,2019,9
2020-11-28,28.01490942342796,29.892505645751953,41.211036856844075,16.15552500829464,28.818494233579656,2019,9
2020-11-29,26.219739238344026,28.46849822998047,29.49432727718376,8.721383055922246,23.225986950357626,2019,9
2020-11-30,25.931809122648154,28.360258102416992,24.33938692392279,20.000806471002683,24.65806515499765,2019,9
2020-12-01,26.46598995822463,27.848155975341797,27.746106877751934,0.8436050260825425,20.725964459350223,2019,9
2020-12-02,25.86325514822321,27.64199447631836,23.135769447765725,9.637847866700689,21.569716734752,2019,9
2020-12-03,38.39407158973117,39.00931167602539,41.22456712714486,19.256059579298864,34.47100249305007,2019,9
2020-12-04,39.1228068102707,37.30644226074219,35.69001060467251,18.894706769032226,32.753491611179406,2019,9
2020-12-05,30.48186278058212,29.4638729095459,23.537624840531443,8.812451767774405,23.07395307460847,2019,9
2020-12-06,30.027009715752694,28.82078742980957,27.334884870828716,-0.9684194734635909,21.30356563573185,2019,9
2020-12-07,31.18682435683151,30.19496726989746,29.652393965535786,-7.747938459890001,20.821561783093685,2019,9
2020-12-08,17.16833090698993,20.064960479736328,16.95640353076074,-13.808540339892179,10.095288644398703,2019,9
2020-12-09,26.278915356570426,21.938798904418945,23.267250173435315,-6.949584793476305,16.133844910237094,2019,9
2020-12-10,18.403569982478928,18.970767974853516,19.108048873744572,-10.939215296967724,11.385792883527323,2019,9
2020-12-11,23.04889017868183,18.865697860717773,15.973538118782649,-3.407364601479564,13.620190389175672,2019,9
2020-12-12,19.693108223026705,19.024784088134766,15.365672791401717,-2.235805169786701,12.96193998319412,2019,9
2020-12-13,26.046318884078485,23.368465423583984,26.0526392880803,16.03761541351132,22.876259752313523,2019,9
2020-12-14,28.571864256292898,24.902545928955078,23.919083656152125,9.733444876186788,21.78173467939672,2019,9
2020-12-15,21.958801921274166,22.64243507385254,20.96214625710593,-2.8568398044585663,15.676635861943515,2019,9
2020-12-17,20.984972028399035,20.95557403564453,18.482799825745957,20.505909436552724,20.23231383158556,2020,2
2020-12-18,46.46915903457845,61.2484245300293,70.86646493242093,62.92850350335847,60.37813800009678,2020,2
2020-12-19,31.531155954131503,31.450502395629883,28.6852672038833,26.753865955973698,29.605197877404596,2020,2
2020-12-20,20.40923367080914,22.73128318786621,19.79355268888078,19.280524415433337,20.553648490747367,2020,2
2020-12-21,36.71439524260364,31.996976852416992,43.312179812998515,34.679529095799275,36.675770250954606,2020,2
2020-12-22,22.901194294199744,23.00316047668457,28.94725490330252,23.523484324013282,24.59377349955003,2020,2
2020-12-23,31.97639258877026,29.95339584350586,34.93448754674358,27.219281014797357,31.020889248454267,2020,2
2020-12-24,22.123463767836732,21.656518936157227,19.357256714660185,15.552840514459245,19.67251998327835,2020,2
2020-12-25,19.677779048820764,20.274276733398438,18.086936583165865,7.8013644867391765,16.46008921303106,2020,2
2020-12-26,38.86949656134553,37.49163055419922,41.703496290457856,38.61581736772259,39.1701101934313,2020,2
2020-12-27,45.763949146266675,42.20418167114258,48.97038126278318,41.3001598900125,44.55966799255123,2020,2
2020-12-28,37.823475681787905,28.81940269470215,44.46217829459177,32.630346481876515,35.93385078823958,2020,2
2020-12-29,23.345598555754606,22.147146224975586,28.863077088666397,13.45924120852054,21.953765769479283,2020,2
2020-12-30,21.543389284211862,21.443429946899414,20.364062407039892,8.06938310965699,17.855066186952037,2020,2
2020-12-31,21.396559609082335,20.701414108276367,26.96984962600446,20.769701850768662,22.459381298532954,2020,2
2021-01-01,25.273607830902822,23.077136993408203,38.927270291628005,36.326128907931505,30.901036005967633,2020,2
2021-01-02,20.764753238852244,21.850330352783203,32.46407393641857,7.234956051669876,20.578528394930977,2020,2
2021-01-03,21.62326083401619,21.29682159423828,31.637221185710644,13.664264580953771,22.055392048729722,2020,2
2021-01-04,22.649227767503167,20.22672462463379,20.611153924286064,22.117356650569477,21.40111574174812,2020,2
2021-01-05,20.965568325083986,18.366579055786133,18.026718102112373,18.700073737835424,19.01473480520448,2020,2
2021-01-06,21.67065617204831,19.327028274536133,27.67835825652423,11.80002918195535,20.119017971266008,2020,2
2021-01-07,20.19793467813337,19.545063018798828,27.985112391503733,6.764839804758619,18.623237473298637,2020,2
2021-01-08,20.33822721965898,19.59406089782715,27.20325866883415,10.337676042182446,19.368305707125682,2020,2
2021-01-09,21.389702744622642,19.76661491394043,30.976489380926864,17.710160722457985,22.46074194048698,2020,2
2021-01-10,20.029755558940693,19.380897521972656,21.079725897567695,9.771931259015412,17.565577559374116,2020,2
2021-01-11,23.668724992540618,20.696075439453125,21.33518036590161,21.59949850738293,21.82486982631957,2020,2
2021-01-12,43.29308182758618,54.70610046386719,69.76872170874401,57.75895668678853,56.38171517174648,2020,2
2021-01-13,40.784720717409556,40.3099250793457,51.34309566288773,40.96144249833456,43.34979598949438,2020,2
2021-01-14,37.64762137705628,31.309009552001953,41.917708321775436,39.83844394878403,37.67819579990443,2020,2
2021-01-15,23.222775370997148,22.512863159179688,20.872570693314266,12.654150142533663,19.815589841506192,2020,2
2021-01-16,30.859064911475656,26.521602630615234,34.924194136463385,35.09613903970835,31.850250179565656,2020,2
2021-01-17,20.95189840950254,19.842531204223633,15.746253575524982,10.684139097671201,16.80620557173059,2020,2
2021-01-18,18.866202803433687,18.657535552978516,17.165293386270704,16.535698202565516,17.806182486312107,2020,2
2021-01-19,44.83429004048756,53.786659240722656,61.64046121804547,63.594980106911116,55.96409765154171,2020,2
2021-01-20,53.39694225813465,62.35895538330078,76.30573940259798,63.77916556390876,63.960200651985545,2020,2
2021-01-21,28.689612751755252,29.397146224975586,26.51684796179165,20.075958373392655,26.169891327978785,2020,2
2021-01-22,22.674733254017955,22.83592414855957,16.95560562502308,17.58106364026726,20.011831666966966,2020,2
2021-01-23,21.00443976382573,20.954805374145508,20.0557939319706,9.736179368709852,17.937804609662923,2020,2
2021-01-24,30.71831667814295,28.320960998535156,38.56219650060638,26.732374596037086,31.083462193330398,2020,2
2021-01-25,21.58565483222835,21.93181800842285,21.592846577025636,11.270286099351633,19.095151379257118,2020,2
2021-01-26,20.155952801220423,20.68779182434082,17.345991953152907,14.90469881538123,18.273608848523843,2020,2
2021-01-27,19.46466711958424,18.958087921142578,15.169151510678947,15.729839003475682,17.330436388720365,2020,2
2021-01-28,38.68763162829308,34.10101318359375,32.62459715395099,38.4451771302851,35.96460477403073,2020,2
2021-01-29,37.819128478606004,33.52092361450195,41.00392037897964,32.96524453257541,36.32730425116576,2020,2
2021-01-30,39.072746056348954,34.65871047973633,50.575077008957486,44.89654335441518,42.30076922486449,2020,2
2021-01-31,33.30001442869579,27.860347747802734,49.08027579829235,25.623109807590325,33.9659369455953,2020,2
2021-02-01,27.66357424279546,23.172409057617188,38.99759892574706,23.023173536894518,28.214188940763556,2020,2
2021-02-02,46.866848293515865,43.787723541259766,55.205688811771054,43.03880380021697,47.22476611169091,2020,2
2021-02-03,27.323674233552932,26.047834396362305,22.241036265792822,19.89660509860194,23.8772874985775,2020,2
2021-02-04,22.01619580539523,20.924623489379883,21.4538088567739,12.016425660870336,19.10276345310484,2020,2
2021-02-05,21.177086185031417,19.202133178710938,21.682172797886558,13.604637715462625,18.916507469272883,2020,2
2021-02-06,25.797841610789092,21.41617774963379,30.654938157661373,14.488899883687226,23.08946435044287,2020,2
2021-02-07,26.229627098647573,21.632152557373047,25.395352996724206,30.785706693427628,26.01070983654311,2020,2
2021-02-08,28.60705798026351,23.094701766967773,25.847786359712835,38.30896273249038,28.964627209858627,2020,2
2021-02-09,34.64144240979718,28.616804122924805,48.9138689665152,47.34103960112229,39.87828877508987,2020,2
2021-02-10,27.004493487132162,25.92884063720703,38.65353424528007,35.091317496972884,31.669546466648036,2020,2
2021-02-11,33.3228290927661,28.638349533081055,40.4120713732589,46.94446195929406,37.32942798960003,2020,2
2021-02-12,39.985254315353366,36.037696838378906,46.49791300203707,51.56289235746674,43.520939128309024,2020,2
2021-02-13,34.91460835774047,28.422378540039062,43.50984904057277,32.80990140805597,34.91418433660207,2020,2
2021-02-14,43.00058663580333,38.813655853271484,48.230482604180814,37.0596564586566,41.77609538797806,2020,2
2021-02-15,28.071028242637684,24.26721954345703,32.59208772844985,24.05876988051341,27.247276348764494,2020,2
2021-02-16,33.72743404220206,26.89719009399414,42.61062948576333,36.11651100955389,34.83794115787836,2020,2
2021-02-17,51.611363312973566,44.680416107177734,69.73220890692848,50.4175167903709,54.11037627936267,2020,2
2021-02-18,36.29336992302689,31.18699836730957,34.52736535621873,33.98472834305352,33.998115497402175,2020,2
2021-02-19,55.96119051281715,69.00115966796875,75.98034614873575,49.389788268556984,62.583121149519656,2020,2
2021-02-20,55.65056957716715,54.125118255615234,71.61368139427393,49.50453045023997,57.72347491932407,2020,2
2021-02-21,32.758534732645266,30.76400375366211,29.242763478511343,12.098191057028133,26.215873255461712,2020,2
2021-02-22,25.31541986275273,23.463621139526367,24.40120941350524,17.666615221886442,22.711716409417697,2020,2
2021-02-23,43.574678890350945,43.66936111450195,47.57740288651753,33.575901209947986,42.099336025329606,2020,2
2021-02-24,42.923864829596475,38.983699798583984,39.39321501219855,35.23544519298481,39.13405620834096,2020,2
2021-02-25,24.969578478273046,25.217195510864258,21.150449084318463,15.888039684060223,21.806315689378998,2020,2
2021-02-26,21.118301317238807,22.226318359375,15.8120754199369,10.435170546419567,17.39796641074257,2020,2
2021-02-27,20.846289508424004,20.974082946777344,17.624120856432913,11.963252094838266,17.851936351618132,2020,2
2021-02-28,20.707243893141463,19.457429885864258,17.906032131000888,21.871644587098928,19.985587624276384,2020,2
2021-03-01,22.66500374510697,20.83782196044922,20.617356646966954,27.717815222547767,22.95949939376773,2020,2
2021-03-02,21.621429411582177,19.180301666259766,17.779443754312773,22.641772641398763,20.30573686838837,2020,2
2021-03-03,20.552347060111323,18.293397903442383,16.381071471819908,14.798784127935422,17.50640014082726,2020,2
2021-03-04,20.729951360256322,17.60323715209961,16.202032388938697,15.818054475563294,17.58831884421448,2020,2
2021-03-05,21.39748285392945,18.255033493041992,18.162231168149624,25.76661892444306,20.89534160989103,2020,2
2021-03-06,20.941965779551875,17.63233757019043,16.236143259154804,15.394755996395737,17.55130065132321,2020,2
2021-03-07,21.173868963002857,17.334026336669922,15.438016940789028,10.092495394416726,16.009601908719635,2020,2
2021-03-08,21.35762494203031,17.204328536987305,12.134436279058237,10.66516329967426,15.340388264437529,2020,2
2021-03-09,21.080029604061508,17.16023826599121,12.681235243517692,15.184337943613913,16.52646026429608,2020,2
2021-03-10,46.121671015461786,43.85693359375,46.732495053325785,44.657006728875004,45.34202659785315,2020,2
2021-03-11,47.77094731784984,46.31494903564453,55.434109595248735,43.80515164371907,48.331289398115544,2020,2
2021-03-12,44.08547586982797,42.260719299316406,45.03879392193543,35.80896097432722,41.798487516351756,2020,2
2021-03-13,46.58108972125948,43.40109634399414,52.78804814452935,39.60337717221501,45.59340284549949,2020,2
2021-03-14,39.824688094373435,37.635311126708984,39.96682185807521,29.635217649064334,36.765509682055495,2020,2
2021-03-15,28.31193295239629,24.25360679626465,20.854931197094952,19.605244464853293,23.2564288526523,2020,2
2021-03-16,23.46381816762166,21.099519729614258,14.195992208225467,17.257187583414577,19.00412942221899,2020,2
2021-03-17,19.961624470391584,19.306882858276367,13.414109091362441,10.790065719506348,15.868170534884186,2020,2
2021-03-18,18.107220675584177,18.8065128326416,13.197233766928214,13.568187000950477,15.919788569026117,2020,2
2021-03-19,18.84272761216527,18.070003509521484,13.226446713435362,18.392726296145536,17.132976032816913,2020,2
2021-03-20,18.116503004640595,17.39823341369629,11.043283470245122,11.52359354679946,14.520403358845366,2020,2
2021-03-21,18.59506738983415,17.44605827331543,11.392422190701627,13.518012728458038,15.237890145577312,2020,2
2021-03-22,18.09274760667201,17.07732582092285,11.428327901016125,10.316871495874333,14.228818206121328,2020,2
2021-03-23,17.68219701792609,17.242156982421875,9.80133124872519,16.64462186990535,15.342576779744626,2020,2
2021-03-24,17.131365206864583,16.81169319152832,8.717259330899848,13.6059131372393,14.066557716633014,2020,2
2021-03-25,20.765139391842194,19.001220703125,7.433949077391012,23.505801237457028,17.67652760245381,2020,2
2021-03-26,31.184932700167188,28.946155548095703,13.431166138587374,34.79197628528465,27.08855766803373,2020,2
2021-03-27,23.07245566488503,23.51456642150879,11.229517971056744,23.680547499252263,20.374271889175706,2020,2
2021-03-28,33.36735112976858,29.78694725036621,15.899977323495254,32.63750159880103,27.922944325607766,2020,2
2021-03-29,21.50930694527505,21.342304229736328,12.832717481355944,17.858926263642132,18.38581373000236,2020,2
2021-03-30,20.17275517794866,19.094520568847656,11.089219006025143,16.933102115963305,16.822399217196192,2020,2
2021-03-31,19.676709870765468,18.13826560974121,11.047373424215928,12.437874999871875,15.325055976148619,2020,2
2021-04-01,19.918517553508178,19.498924255371094,10.88227276483878,27.0362023795508,19.333979238317212,2020,2
2021-04-02,20.011362472614774,20.051166534423828,12.96470271254943,28.087961810313594,20.278798382475408,2020,2
2021-04-03,19.13231943797898,18.539613723754883,12.600783204713721,21.189282207822934,17.86549964356763,2020,2
2021-04-04,19.850831976159064,17.386838912963867,11.668653181948294,13.146291031757736,15.51315377570724,2020,2
2021-04-05,23.288549721004838,18.803586959838867,14.817388640404145,22.39319242614186,19.82567943684743,2020,2
2021-04-06,21.628175978402872,17.46907615661621,12.498083734388423,17.04622630062951,17.160390542509255,2020,2
2021-04-07,19.68424530191394,16.756431579589844,11.650265715679422,11.474531435038266,14.891368508055368,2020,2
2021-04-08,17.76050515006379,16.652210235595703,8.682066391685291,14.106996400649685,14.300444544498617,2020,2
2021-04-09,17.68779209749299,16.108707427978516,7.456204189762462,12.40866634294411,13.415342514544518,2020,2
2021-04-10,17.73765582007858,16.05918312072754,9.30101591698646,16.44262101629729,14.885118968522466,2020,2
2021-04-11,17.595817738547158,15.716267585754395,9.802282882917265,13.87120124671889,14.246392363484427,2020,2
2021-04-12,16.72656072477257,15.609030723571777,9.602733786150312,14.208149671544884,14.036618726509886,2020,2
2021-04-13,16.48247864044783,15.609030723571777,9.832709884047597,8.943718173956292,12.716984355505874,2020,2
2021-04-14,16.23296069720432,15.663965225219727,9.03130242847308,11.266313811032468,13.0486355404824,2020,2
2021-04-15,16.149331592346616,15.792855262756348,9.18132649663848,17.039558177752294,14.540767882373434,2020,2
2021-04-16,16.11028713594839,15.792855262756348,9.363534563849424,13.706881327083584,13.743389572409436,2020,2
2021-04-17,15.727999674930512,15.449929237365723,7.982328317755088,12.955727701323687,13.028996232843753,2020,2
2021-04-18,14.409009587539732,13.645280838012695,7.041403327729851,10.662101768019019,11.439448880325324,2020,2
2021-04-19,13.835365260971525,12.618319511413574,7.373161046809787,12.607931294946848,11.608694278535435,2020,2
2021-04-20,13.494109854340273,12.093924522399902,8.091869267700236,12.66510627756986,11.58625248050257,2020,2
2021-04-21,13.684917760131981,11.460819244384766,7.609529625512203,21.203521699364742,13.489697082348423,2020,2
2021-04-22,15.357435378097332,12.941903114318848,8.33958770685183,26.505482604340138,15.786102200902038,2020,2
2021-04-23,15.420348027159745,13.27114486694336,8.332387801664606,26.954350060643076,15.994557689102699,2020,2
2021-04-24,16.1748065743087,13.719172477722168,7.093747122184525,29.291361451076924,16.56977190632308,2020,2
2021-04-25,18.470365251098585,14.724030494689941,6.5737866981358195,35.00587293059811,18.693513843630612,2020,2
2021-04-26,16.405837866251346,12.494274139404297,6.632918934353513,25.032863473059116,15.141473603267068,2020,2
2021-04-27,15.751118200200336,11.38349723815918,6.986199029153081,11.598610951955136,11.429856354866935,2020,2
2021-04-28,15.934320516550715,11.908485412597656,9.450600296747416,17.266385413273508,13.639947909792323,2020,2
2021-04-29,14.820445831906033,11.041500091552734,8.85764887915095,9.03295314634132,10.93813698723776,2020,2
2021-04-30,15.447332141734599,12.011628150939941,8.518991899200223,12.572888642381074,12.13771020856396,2020,2
2021-05-01,14.136171394149537,11.211873054504395,8.130522928759342,12.500150717752476,11.494679523791437,2020,2
2021-05-02,13.167481381015623,10.705020904541016,7.4250868800932155,11.600834530402562,10.724605924013105,2020,2
2021-05-03,34.28929535537902,29.32932472229004,23.98248332663649,42.22781147285539,32.457228719290235,2020,2
2021-05-04,32.31905654158242,32.118194580078125,26.07867263654319,30.544807647536825,30.265182851435142,2020,2
2021-05-05,19.150698714514967,20.771509170532227,15.882644128147774,18.75721820078666,18.640517553495407,2020,2
2021-05-06,17.694260783268856,17.429841995239258,14.900707700959058,12.741863084230513,15.691668390924423,2020,2
2021-05-07,16.88687115052886,17.052282333374023,11.774378882880336,14.735635436652862,15.11229195085902,2020,2
2021-05-08,36.52413257969114,34.3375129699707,28.886360095778542,35.63309907334799,33.845276179697095,2020,2
2021-05-09,25.35935966617054,23.82855796813965,19.78008055730074,30.595671721572597,24.890917478295883,2020,2
2021-05-10,24.018474176459716,22.109989166259766,17.287528387720762,27.236861472785975,22.663213300806554,2020,2
2021-05-11,22.156592838377897,20.841718673706055,16.42125330021088,15.661294965172846,18.77021494436692,2020,2
2021-05-12,24.642615887370017,22.91129493713379,19.50794805967535,12.802656024645698,19.96612872720621,2020,2
2021-05-13,40.31983754223154,52.70002365112305,56.90649626317996,85.74368489837316,58.91751058872693,2020,2
2021-05-14,22.852189042086838,31.82771873474121,28.518583176062243,18.204661056956603,25.350788002461726,2020,2
2021-05-15,20.81658754003081,23.00234603881836,19.420155720553876,10.449827515074032,18.42222920361927,2020,2
2021-05-16,24.15787682087123,23.96518325805664,19.790287022616067,11.764653831197398,19.91950023318533,2020,2
2021-05-17,23.654106805789226,23.9234561920166,17.93175868352028,11.602867199127683,19.278047220113447,2020,2
2021-05-18,23.599878238968632,22.439672470092773,18.21479939086606,26.771017109182893,22.75634180227759,2020,2
2021-05-19,18.431518420508127,20.59817886352539,16.30707390565393,18.619652929253448,18.489106029735225,2020,2
2021-05-20,41.74502528882233,41.96674346923828,42.96587020329749,36.63151754350978,40.82728912621697,2020,2
2021-05-21,51.378254690989316,63.116798400878906,66.03066023429996,69.0403773660954,62.39152267306589,2020,2
2021-05-22,36.32483600304727,36.14177322387695,35.80847107119574,27.827937196708238,34.02575437370705,2020,2
2021-05-23,35.38998946862248,29.689908981323242,25.85754085106565,28.615622755784948,29.888265514199077,2020,2
2021-05-24,31.78932921708936,26.886327743530273,35.915811931309484,27.4149315939153,30.501600121461102,2020,2
2021-05-25,29.10129759826064,26.060632705688477,40.029698957431314,18.53595111060824,28.431895092997166,2020,2
2021-05-26,21.86942432054511,20.344255447387695,33.0547254209197,15.678229235309693,22.73665860604055,2020,2
2021-05-27,18.86192461320814,19.139596939086914,30.17702110031164,12.976213234696797,20.288688971825874,2020,2
2021-05-28,18.318736810304596,18.586776733398438,31.1425987800528,12.90232209963985,20.237608605848923,2020,2
2021-05-29,18.601803602978084,17.395174026489258,29.95451161817161,15.390122418361292,20.33540291650006,2020,2
2021-05-30,18.506684750515504,17.341087341308594,28.18275417741996,16.01163001738551,20.010539071657394,2020,2
2021-05-31,17.71957179220698,17.09606170654297,28.169220869361855,16.91327272797011,19.974531774020477,2020,2
2021-06-01,19.403338935586305,17.778947830200195,29.6226758540747,20.6603296223082,21.86632306054235,2020,2
2021-06-02,18.569992908935223,16.754547119140625,31.924589390621716,13.71570047306541,20.241207472940744,2020,2
2021-06-03,16.946667704085552,16.652210235595703,27.638100337415533,13.484864945378936,18.68046080561893,2020,2
2021-06-04,16.648410070070955,16.108707427978516,25.53676667838525,12.353421143619608,17.661826330013582,2020,2
2021-06-05,15.777928925553475,15.674540519714355,28.024889746862826,14.889270678812089,18.591657467735686,2020,2
2021-06-06,14.355218591676827,15.674540519714355,20.690102033410213,12.441390452826797,15.790312899407049,2020,2
2021-06-07,12.368259544414608,15.567303657531738,15.576735554229417,13.145550591322726,14.164462336874621,2020,2
2021-06-08,11.421845003825416,15.512423515319824,10.246595649998342,11.250969973674398,12.107958535704494,2020,2
2021-06-09,11.918987759415678,13.603553771972656,11.57001909148221,15.574863309600971,13.166855983117879,2020,2
2021-06-10,11.765833127473169,12.233661651611328,9.854589898160741,15.873282638812253,12.431841829014374,2020,2
2021-06-11,12.08889932001925,12.420927047729492,10.189563987729818,17.95291746119858,13.163076954169286,2020,2
2021-06-12,10.971721929057285,11.207080841064453,8.209178416970296,16.11779635397069,11.626444385265682,2020,2
2021-06-13,10.61161693591086,11.566938400268555,9.145374989606063,11.280663086767944,10.651148353138355,2020,2
2021-06-14,10.372562079002723,10.999773025512695,5.513338880960628,15.551896279985133,10.609392566365294,2020,2
2021-06-15,9.899911484733618,11.430526733398438,9.552674566142683,12.754741340220962,10.909463531123924,2020,2
2021-06-16,9.8533612729552,10.999773025512695,6.017175907413355,13.975764217085711,10.21151860574174,2020,2
2021-06-17,10.894725296891686,11.599442481994629,7.650296038816707,19.601403600613608,12.436466854579157,2020,2
2021-06-18,9.818590354174958,10.999773025512695,7.170953806692667,11.99383700419691,9.995788547644308,2020,2
2021-06-19,12.206904644628892,12.8778657913208,9.662824443317007,16.377123297197663,12.78117954411609,2020,2
2021-06-20,12.387636454387685,12.534512519836426,10.989431042527242,13.384570965368248,12.3240377455299,2020,2
2021-06-21,12.37577657937235,11.895540237426758,10.437481480943873,13.710400029456965,12.104799581799986,2020,2
2021-06-22,11.131172820175092,11.35295295715332,9.226072332279443,11.991128811335695,10.925331730235888,2020,2
2021-06-23,10.012869703940112,10.663293838500977,6.743148447938451,13.768773934818416,10.297021481299488,2020,2
2021-06-24,10.532479416060248,10.557378768920898,5.638710199347453,14.881956987851552,10.402631343045037,2020,2
2021-06-25,13.065371686076695,12.371123313903809,8.72505330907158,21.846013240898625,14.001890387487677,2020,2
2021-06-26,11.237440547104573,11.329458236694336,7.566277536669214,13.015987628673875,10.7872909872855,2020,2
2021-06-27,19.654340824403192,20.30132484436035,20.83202349172558,14.992918836498546,18.945151999246917,2020,2
2021-06-28,21.353939486937527,20.55398178100586,14.1354626298661,11.100660374954206,16.786011068190923,2020,2
2021-06-29,17.407035212448804,16.66428565979004,13.209491782241871,8.318697311853537,13.899877491583563,2020,2
2021-06-30,17.458204153231886,17.28987693786621,10.293314030893134,12.037046320944002,14.26961036073381,2020,2
2021-07-01,17.554452894382912,16.004486083984375,15.402201709995463,14.171299075439016,15.78310994095044,2020,2
2021-07-02,17.24229336673307,16.136451721191406,10.220067114977136,10.312726874674205,13.477884769393953,2020,2
2021-07-03,18.070750860698876,15.947613716125488,9.409331762274457,16.77258366699738,15.050070001524052,2020,2
2021-07-04,22.65205106376495,21.83827781677246,17.25169159907508,15.044859776321747,19.19672006398356,2020,2
2021-07-05,21.01546184885114,20.555803298950195,15.312137074549778,17.26516203793559,18.537141065071673,2020,2
2021-07-06,22.718984869628297,20.046934127807617,17.21012962669609,26.1053618896826,21.52035262845365,2020,2
2021-07-07,19.89087097650359,18.509902954101562,21.28375491876243,21.939116281080686,20.405911282612067,2020,2
2021-07-08,18.73212780001537,16.652210235595703,14.68475838245026,12.447531303931214,15.629156930498137,2020,2
2021-07-09,18.65749975505731,16.652210235595703,11.685545966496335,10.926288898043156,14.480386213798125,2020,2
2021-07-10,22.19140584347627,19.66171646118164,14.734363977190656,10.753180147984503,16.83516660745827,2020,2
2021-07-11,22.81742261288949,20.23299789428711,16.48446957596758,13.026275304061224,18.14029134680135,2020,2
2021-07-12,22.875044409330062,21.697223663330078,18.155172473830902,12.786248986603868,18.878422383273726,2020,2
2021-07-13,20.155144365769747,19.4993953704834,13.868256163841641,20.35234325694333,18.46878478925953,2020,2
2021-07-14,19.209685020765843,17.896896362304688,11.058656070633761,19.309508476182405,16.868686482471674,2020,2
2021-07-15,18.530276360583994,16.454303741455078,5.667480184362729,15.317944851961627,13.992501284590858,2020,2
2021-07-16,18.225655912572048,16.37816047668457,9.843181222469047,10.570048804955743,13.754261604170352,2020,2
2021-07-17,18.545948804038897,16.593570709228516,14.014631040198749,9.611394390208185,14.691386235918587,2020,2
2021-07-18,18.494908109375448,17.075096130371094,13.719414696484703,11.031287839307986,15.080176693884807,2020,2
2021-07-19,18.314800628471755,16.902542114257812,13.55622681067278,10.302772098742711,14.769085413036265,2020,2
2021-07-20,18.034471268674995,16.95473861694336,16.460754638415217,8.582406492943369,15.008092754244235,2020,2
2021-07-21,18.2441226578078,16.95473861694336,21.02260469416047,9.404729650543878,16.406548904863875,2020,2
2021-07-22,18.490562974693212,17.1646728515625,19.015119249364382,14.051936859308123,17.180572983732056,2020,2
2021-07-23,18.744498650028635,17.1646728515625,20.910592722108515,18.142884939671383,18.740662290842756,2020,2
2021-07-24,21.105923707679377,17.854473114013672,16.604083995527596,11.858847475119429,16.85583207308502,2020,2
2021-07-25,18.550495911709724,16.175912857055664,16.709771470447695,11.038636215966969,15.618704113795014,2020,2
2021-07-26,18.261300265113967,16.641756057739258,16.517325545476304,14.969349165211227,16.59743275838519,2020,2
2021-07-27,18.3034629708246,15.65173053741455,16.573821472113444,12.959169690413386,15.872046167691494,2020,2
2021-07-28,24.085535983828233,18.89893913269043,19.7256207003887,27.156846732310925,22.466735637304573,2020,2
2021-07-29,18.8410395381416,17.439937591552734,15.351811071020496,18.915835754453273,17.637155988792024,2020,2
2021-07-30,38.55590696893046,34.68110275268555,30.07042396358983,38.477140586486065,35.446143567922974,2020,2
2021-07-31,23.05590753749004,21.48752212524414,17.20435122874668,18.18079059611922,19.98214287190002,2020,2
2021-08-01,18.374106278064673,17.764556884765625,13.238706409267108,14.537679984752517,15.97876238921248,2020,2
2021-08-02,21.240289276141258,17.811283111572266,11.464313199755853,9.981275608609318,15.124290299019671,2020,2
2021-08-03,16.866143011015218,16.513107299804688,11.012854358650573,6.517249853325691,12.727338630699041,2020,2
2021-08-04,16.897823577557997,16.1695613861084,9.276203965148852,9.665861791981438,13.002362680199173,2020,2
2021-08-05,20.854328969747918,18.05998420715332,11.187620197781383,23.710663042062944,18.45314910418639,2020,2
2021-08-06,25.647245954572632,20.977251052856445,18.532493414764634,28.213117774980446,23.34252704929354,2020,2
2021-08-07,27.66982309710559,25.673110961914062,21.52175568846124,26.975510463186588,25.460050052666872,2020,2
2021-08-08,26.083325899962393,22.441505432128906,20.79845758631078,25.078532270785033,23.600455297296776,2020,2
2021-08-09,25.888751674148,25.17241668701172,23.715614546142568,17.59580017746019,23.093145771190617,2020,2
2021-08-10,19.44893591172015,19.854747772216797,15.167816017814399,12.708528383166565,16.795007021229477,2020,2
2021-08-11,19.86642023457013,19.06224250793457,13.15132697496599,19.25257912873067,17.83314221155034,2020,2
2021-08-12,18.386911705496622,17.874385833740234,10.866109744212228,16.108668513529807,15.809018949244724,2020,2
2021-08-13,19.05687321011729,20.213518142700195,17.462151514746555,20.22978266349676,19.2405813827652,2020,2
2021-08-14,19.28144537718667,20.90831184387207,23.857297574207614,16.642138091444743,20.17229822167777,2020,2
2021-08-15,20.368795741766967,20.25227165222168,19.30955446919177,21.587893721296627,20.37962889611926,2020,2
2021-08-16,22.52913849842384,20.49278450012207,20.47625965015116,23.030519635457903,21.632175571038744,2020,2
2021-08-17,23.159930259446796,19.969465255737305,17.428082142859658,21.628348147701256,20.546456451436253,2020,2
2021-08-18,21.140512660086628,18.946931838989258,16.75826356535571,17.867820646769417,18.678382177800252,2020,2
2021-08-19,20.059652076072418,17.530860900878906,14.9686375507747,15.076861175892695,16.90900292590468,2020,2
2021-08-20,20.036973423836574,18.518009185791016,18.31584169739219,13.173319916201242,17.511036055805253,2020,2
2021-08-21,22.30956139093612,21.50200843811035,22.06274975111381,14.212276287275099,20.021648966858848,2020,2
2021-08-22,19.817977756108977,20.270185470581055,24.026950825857636,17.355465295381173,20.36764483698221,2020,2
2021-08-23,19.321380677843848,18.198270797729492,18.46444212309339,9.211413515006024,16.29887677841819,2020,2
2021-08-24,19.608403673158964,17.59600257873535,17.57232993914589,16.874064867278452,17.912700264579662,2020,2
2021-08-25,19.58064908483812,17.511123657226562,18.22993248615863,12.549517143426536,16.967805592912462,2020,2
2021-08-26,19.036951126664597,17.4582576751709,14.096483320992636,8.663828210621617,14.813880083362438,2020,2
2021-08-27,18.593530422854418,17.511123657226562,14.473512570118656,11.054579140348164,15.40818644763695,2020,2
2021-08-28,18.276637910614827,17.469451904296875,12.099835233178057,9.28755468404142,14.283369933032793,2020,2
2021-08-29,18.398022764147267,17.296897888183594,11.65871059718562,10.855881549782747,14.552378199824808,2020,2
2021-08-30,18.752975812073576,17.502531051635742,13.740557608940854,12.084404288501897,15.520117190288016,2020,2
2021-08-31,19.7716961473066,21.137310028076172,18.207816864192633,16.344518153243314,18.86533529820468,2020,2
2021-09-01,19.910390340722724,22.200151443481445,26.323566532511865,16.2811360778593,21.178811098643834,2020,2
2021-09-02,20.504834297263866,23.688243865966797,30.723529885582074,21.49193577307277,24.10213595547138,2020,2
2021-09-03,19.78306021022545,21.501590728759766,21.950456216766167,12.005118561864984,18.810056429404092,2020,2
2021-09-04,19.4878076309239,18.779705047607422,18.652721436591754,11.48095892737459,17.100298260624417,2020,2
2021-09-05,19.279798629641284,17.528255462646484,15.540728737181729,11.510184305250782,15.96474178368007,2020,2
2021-09-06,19.062189438293146,18.393157958984375,15.60043999720846,9.852884106067583,15.727167875138392,2020,2
2021-09-07,19.960003616602542,22.828876495361328,29.87531710329566,19.332910664254502,22.99927696987851,2020,2
2021-09-08,19.670150780935025,23.70304298400879,27.68082529609992,9.168950893918318,20.055742488740513,2020,2
2021-09-09,21.924434150652942,22.913341522216797,21.050544603832186,9.054533909272651,18.735713546493646,2020,2
2021-09-10,19.14119579525518,18.524320602416992,11.594171612375684,13.366962240089135,15.656662562534247,2020,2
2021-09-11,18.519746336239532,17.57267189025879,8.596522314602955,10.301261346671117,13.7475504719431,2020,2
2021-09-12,17.913867993890708,17.093027114868164,6.801022732101225,5.492820424965641,11.825184566456434,2020,2
2021-09-13,19.77851199913131,17.615421295166016,9.065642240554713,10.260424852720467,14.180000096893126,2020,2
2021-09-14,18.87936192578228,16.955049514770508,11.438080586939328,8.468267534265438,13.935189890439387,2020,2
2021-09-15,18.289833734938433,16.793909072875977,10.502475697748162,7.672291753262677,13.314627564706312,2020,2
2021-09-16,18.524703417451253,17.700958251953125,12.611934721558654,7.745096417665094,14.145673202157031,2020,2
2021-09-17,18.97772901074856,20.237653732299805,17.888299082952184,11.625738804534576,17.182355157633783,2020,2
2021-09-18,19.043904684209522,18.06052589416504,15.190761395776311,11.222099757376258,15.879322932881783,2020,2
2021-09-19,17.510731761632968,17.034223556518555,12.63526555532985,10.864305194161544,14.51113151691073,2020,2
2021-09-20,17.19122451724133,17.034223556518555,12.023422162471217,9.246924299312251,13.873948633885838,2020,2
2021-09-21,17.074509489889376,16.79363441467285,9.148548302547006,7.800808318318467,12.704375131356926,2020,2
2021-09-22,16.56205717444659,16.79363441467285,10.074152852171943,7.195872521741411,12.6564292407582,2020,2
2021-09-23,16.765710863634546,16.490720748901367,11.569658080992186,12.287336732356543,14.27835660647116,2020,2
2021-09-24,16.222537421970042,15.95742130279541,9.724122313573996,10.480361959242442,13.096110749395475,2020,2
2021-09-25,16.472320093078935,16.42572784423828,10.853087114910098,9.802259485229214,13.388348634364132,2020,2
2021-09-26,16.836296365132434,15.726930618286133,7.344544551144227,16.046728905345198,13.988625109976997,2020,2
2021-09-27,27.25306342419755,24.915468215942383,19.617166182097144,31.056200945264532,25.7104746918754,2020,2
2021-09-28,31.817812422491034,27.92031478881836,27.025299129199077,33.34949075742156,30.028229274482506,2020,2
2021-09-29,19.972566409306136,20.103723526000977,16.433648749959197,11.8003307480238,17.07756735832253,2020,2
2021-09-30,31.858171477180314,26.94572639465332,27.95882478915996,40.348978782175095,31.77792536079217,2020,2
2021-10-01,22.689381726791847,21.15399169921875,19.256064672347417,18.49391757388276,20.398338918060197,2020,2
2021-10-02,26.76039020667383,24.361982345581055,20.95729491628525,18.979001513785242,22.764667245581343,2020,2
2021-10-03,24.56781498553608,22.381290435791016,17.658895574459216,18.136369512744075,20.686092627132595,2020,2
2021-10-04,29.206631604965544,27.096050262451172,24.923859740561735,24.73395518314625,26.490124197781174,2020,2
2021-10-05,29.363568000918296,22.310426712036133,20.689033382424597,22.285894820637097,23.66223072900403,2020,2
2021-10-06,21.27255974944608,19.31903648376465,16.187370871689506,13.944054767520395,17.680755468105158,2020,2
2021-10-07,20.11806398696992,18.180341720581055,16.751239732755693,12.044887017217762,16.773633114381106,2020,2
2021-10-08,20.45052535827139,17.22675323486328,14.250156621995348,9.887627401688256,15.453765654204568,2020,2
2021-10-09,18.82675925425889,17.31591796875,13.433247717603656,9.20650078326289,14.695606430968859,2020,2
2021-10-10,17.757793030879032,16.275678634643555,9.312626352075984,9.624237662237284,13.242583919958962,2020,2
2021-10-11,16.779998319345765,16.195255279541016,13.41686939304316,6.102101991160999,13.123556245772734,2020,2
2021-10-12,16.73124743971403,15.037899017333984,8.445064935562582,7.870207813466468,12.021104801519265,2020,2
2021-10-13,15.89812095430245,12.5,7.946282483888859,5.858593999613477,10.550749359451196,2020,2
2021-10-14,14.897335924778327,12.09063720703125,7.627630702932388,7.329266750522388,10.486217646316087,2020,2
2021-10-15,13.761168563681029,11.827264785766602,8.993736679161689,8.323953230385715,10.72653081474876,2020,2
2021-10-16,14.099972710270059,11.486839294433594,22.060583495844412,8.902954144857235,14.137587411351324,2020,2
2021-10-17,14.404418901414111,11.81428050994873,16.528962443786693,8.250901860238738,12.749640928847068,2020,2
2021-10-18,14.590457094293928,11.870914459228516,14.453315484456144,12.380305021036973,13.32374801475389,2020,2
2021-10-19,26.837736023482474,23.757570266723633,23.80393617619345,26.904973091422693,25.32605388945556,2020,2
2021-10-20,30.778461796838698,28.851716995239258,31.82750174848013,38.819151905877185,32.569208111608816,2020,2
2021-10-21,19.871818284564412,20.46111488342285,17.11436398770105,12.338216099375797,17.44637831376603,2020,2
2021-10-22,18.65269935627858,17.737049102783203,16.21002040289914,9.295201873774442,15.473742683933839,2020,2
2021-10-23,19.37383409104871,21.604982376098633,23.525997855393104,13.000331452169831,19.376286443677568,2020,2
2021-10-24,19.78023412129855,19.710126876831055,18.934144613426348,16.025905776520368,18.61260284701908,2020,2
2021-10-25,18.40013696376907,17.688072204589844,13.607987884028393,13.681403291189753,15.844400085894264,2020,2
2021-10-26,19.324797522292656,18.819786071777344,12.976700807769028,17.422403354342492,17.13592193904538,2020,2
2021-10-27,21.673021471130617,19.469053268432617,16.64006776068007,21.554725557854727,19.83421701452451,2020,2
2021-10-28,41.01407734666907,43.16910171508789,47.30956638809475,51.2356835557181,45.68210725139245,2020,2
2021-10-29,43.76218227405356,39.91366195678711,44.24015737659581,47.80541984271495,43.93035536253785,2020,2
2021-10-30,32.16224601713139,27.620771408081055,30.54871570147058,18.169943617781083,27.125419186116027,2020,2
2021-10-31,53.446223372769836,60.23879623413086,66.99191430598368,53.11601532402042,58.4482373092262,2020,2
2021-11-01,30.507141289636976,28.4491024017334,26.737454426710002,14.690552242047168,25.096062590031885,2020,2
2021-11-02,22.568738852586662,21.455934524536133,17.25912050847531,8.795365155822019,17.51978976035503,2020,2
2021-11-03,19.334574019606567,19.511817932128906,17.15191624883869,8.761429595678099,16.189934449063063,2020,2
2021-11-04,17.787997108247186,18.836706161499023,16.897359970757286,10.686101208148113,16.0520411121629,2020,2
2021-11-05,17.119339510318095,17.61343002319336,16.860905590355483,6.454282527245878,14.511989412778206,2020,2
2021-11-06,21.18859722718713,19.249223709106445,17.178486236204048,20.12069729642068,19.43425111722958,2020,2
2021-11-07,17.99394980360467,17.85150909423828,15.176343821944565,15.623456991076951,16.661314927716116,2020,2
2021-11-08,17.52928138775441,16.677934646606445,11.965404977719828,9.185268791328188,13.839472450852217,2020,2
2021-11-09,18.998335077575188,17.001144409179688,11.61560189598472,12.216009970426386,14.957772838291495,2020,2
2021-11-10,18.130873540750443,16.4576416015625,9.93743360199649,10.524903503134503,13.762713061860984,2020,2
2021-11-11,18.384283569643564,16.094018936157227,2.821435340300908,12.557729271131182,12.46436677930822,2020,2
2021-11-12,27.265527216964994,21.57271957397461,10.442216690030701,25.320550601165888,21.15025352053405,2020,2
2021-11-13,20.16653671981539,18.503320693969727,10.161338671406215,20.105237519919264,17.23410840127765,2020,2
2021-11-14,18.257916652093947,16.967588424682617,8.739754975603867,8.58774122111127,13.138250318372926,2020,2
2021-11-15,17.96070524518649,17.0037841796875,7.230970482137716,8.302840961528977,12.62457521713517,2020,2
2021-11-16,17.30275211006513,15.741905212402344,0.06822088113872599,10.532698380341152,10.911394145986838,2020,2
2021-11-17,16.776691522688232,16.32638168334961,5.804656050998819,10.91799134256203,12.456430149899674,2020,2
2021-11-18,16.173843305313444,15.674540519714355,4.887042240543883,13.676819997157349,12.603061515682256,2020,2
2021-11-19,15.767896837638203,15.512423515319824,5.266743616266853,10.161529368281828,11.677148334376676,2020,2
2021-11-20,15.111706756583857,13.893448829650879,5.66170425170242,8.479469105898552,10.786582235958926,2020,2
2021-11-21,14.259803022833928,12.370955467224121,6.9834023908986245,13.216060769375366,11.70755541258301,2020,2
2021-11-22,13.710243402043716,12.266668319702148,5.478887249512374,12.615913708405506,11.017928169915937,2020,2
2021-11-23,13.228054784208721,11.292935371398926,6.454806320885488,8.180595750702526,9.789098056798917,2020,2
2021-11-24,12.398513112595394,10.7529878616333,6.174827182179403,7.244987777816566,9.142828983556166,2020,2
2021-11-25,12.521682027292652,11.062740325927734,6.4948270434561195,9.894590010565684,9.993459851810547,2020,2
2021-11-26,30.177599525637127,26.47810173034668,29.21955849269284,28.18016730303252,28.513856762927293,2020,2
2021-11-27,39.56946472446524,37.44159698486328,56.67451419490178,37.34626250740467,42.75795960290874,2020,2
2021-11-28,18.63275079833573,20.683446884155273,24.969729232125452,10.391905100783278,18.669458003849932,2020,2
2021-11-29,17.088586763717732,17.429841995239258,16.729866765495355,9.223937727368405,15.118058312955188,2020,2
2021-11-30,32.34340650324108,26.377378463745117,31.211301155862976,33.78705716798212,30.92978582270782,2020,2
2021-12-01,44.24018792365948,39.97414779663086,56.801106278978615,49.48857855555767,47.62600513870665,2020,2
2021-12-02,23.350206749041128,22.2265625,25.502344114664552,9.143847165858443,20.055740132391033,2020,2
2021-12-03,22.346366315138425,22.13770294189453,23.94131234347667,17.277110952478743,21.42562313824709,2020,2
2021-12-04,32.01723182082381,25.11918067932129,26.219367940629784,28.632227287865426,27.997001932160074,2020,2
2021-12-05,24.406098297382723,21.218475341796875,21.20649936847438,20.40663844890204,21.809427864139007,2020,2
2021-12-06,17.44869380848417,18.291337966918945,16.9419790692694,13.355329067943874,16.509334978154097,2020,2
2021-12-07,39.869522723221806,33.09358596801758,40.2155091728737,29.655966152658355,35.70864600419286,2020,2
2021-12-08,35.636683915420114,31.968822479248047,30.504947360214175,20.588745704564634,29.674799864861743,2020,2
2021-12-09,32.71281808642689,29.018882751464844,28.685771439044153,27.79525576665114,29.553182010896755,2020,2
2021-12-10,29.716430052823466,24.924423217773438,27.95367187297198,17.1988303783166,24.948338880471372,2020,2
2021-12-11,19.157401883029408,19.084806442260742,17.511567002868528,13.641482681489101,17.348814502411948,2020,2
2021-12-12,21.760023850824897,19.314945220947266,17.026209988802073,23.199175828514278,20.325088722272127,2020,2
2021-12-13,21.709206294030615,19.26420021057129,16.77286647615089,20.43473626255707,19.545252310827465,2020,2
2021-12-14,18.99262387775968,17.98295021057129,13.93141973379768,14.820131958310563,16.431781445109806,2020,2
2021-12-15,18.119629917593553,17.238222122192383,9.58232300528822,19.812240978070523,16.18810400578617,2020,2
2021-12-16,16.179796174157346,16.876447677612305,10.180662269746545,20.812030593692963,16.01223417880229,2020,2
2020-12-17,20.526321708276814,18.035179138183594,15.086541916578858,16.075733436720423,17.43094404993992,2020,4
2020-12-18,45.21972996021836,59.78358459472656,63.105526828562574,46.4242777735677,53.6332797892688,2020,4
2020-12-19,30.750376268880636,31.5457820892334,30.631442058067893,18.14403732766607,27.767909435962,2020,4
2020-12-20,18.83426319920395,22.019025802612305,17.346294023124553,10.455052497224736,17.163658880541387,2020,4
2020-12-21,36.794473093178475,32.53191375732422,38.644809968054766,26.812368085911977,33.69589122611736,2020,4
2020-12-22,21.968897746815873,22.944021224975586,24.636275437185247,15.335939053258633,21.221283365558833,2020,4
2020-12-23,29.61482558424554,27.130386352539062,25.58196685536625,16.74734212059501,24.768630228186463,2020,4
2020-12-24,19.80067177520029,19.81096076965332,17.451319690037046,4.221678060134909,15.321157573756391,2020,4
2020-12-25,17.86194584448192,18.216205596923828,14.883001967334543,3.9914456433604952,13.738149763025197,2020,4
2020-12-26,39.926130332634926,36.02662658691406,37.04698994014077,22.340913555160892,33.83516510371266,2020,4
2020-12-27,42.65147881410745,39.78557586669922,34.69068648438791,22.05453098286771,34.79556803701557,2020,4
2020-12-28,29.590920908443003,27.128530502319336,24.265924213689026,11.895899556365137,23.220318795204125,2020,4
2020-12-29,21.122464350713827,20.187902450561523,15.988586536137314,5.899935776193528,15.799722278401548,2020,4
2020-12-30,20.047675678665293,18.740955352783203,15.635650858847862,5.0342061712393305,14.864622015383922,2020,4
2020-12-31,20.055809357408002,17.48806381225586,15.56886586145267,4.868178397954352,14.495229357267721,2020,4
2021-01-01,27.608032422898535,22.947511672973633,26.83781852085864,24.906815733418888,25.57504458753742,2020,4
2021-01-02,19.90266273379236,19.141441345214844,16.31355014748741,2.5357082908713195,14.473340629341484,2020,4
2021-01-03,20.403059698768804,17.943862915039062,16.431583611776276,5.847120761020742,15.15640674665122,2020,4
2021-01-04,21.20295278507912,18.826826095581055,17.45774564137823,11.252236394011081,17.184940229012373,2020,4
2021-01-05,19.526818127017727,17.199888229370117,15.671374719691272,9.573129101060612,15.492802544284931,2020,4
2021-01-06,20.34929095000189,17.09349822998047,15.344655110519797,5.804022543968316,14.647866708617617,2020,4
2021-01-07,20.141608203864305,16.71733283996582,12.028091270607739,2.8415545933877304,12.9321467269564,2020,4
2021-01-08,19.649205328346465,16.680355072021484,11.80386825584602,5.550938978040998,13.421091908563742,2020,4
2021-01-09,20.63293769950287,16.54999542236328,12.204720011428163,7.2708476726410325,14.164625201483839,2020,4
2021-01-10,19.593816854411667,16.207069396972656,9.016949915353226,5.223487380080348,12.510330886704475,2020,4
2021-01-11,24.229618937439966,19.45647621154785,15.635117705339693,16.592929308582328,18.97853554072746,2020,4
2021-01-12,41.590110131656594,37.48478698730469,44.03939346641327,31.33137808077689,38.61141716653786,2020,4
2021-01-13,36.23422013354435,32.550048828125,39.88305381125408,25.145916957819722,33.453309932685784,2020,4
2021-01-14,29.28331406644439,24.98680305480957,27.392829022051625,16.25319567695662,24.479035455065553,2020,4
2021-01-15,21.046098071955825,19.585309982299805,17.499730281971665,5.99170910093498,16.03071185929057,2020,4
2021-01-16,27.686963591673436,22.804058074951172,30.500453757717334,19.717869619691502,25.17733626100836,2020,4
2021-01-17,18.83678548014641,19.188297271728516,13.562119492025635,9.27310560286665,15.215076961691803,2020,4
2021-01-18,19.90153240259928,18.41921615600586,14.080137122479082,12.351793406841871,16.18816977198152,2020,4
2021-01-19,44.831100365946696,52.49406051635742,55.89274905412799,37.3402376969316,47.63953690834093,2020,4
2021-01-20,52.917890638359886,61.397705078125,76.71811059866863,49.272412783367216,60.07652977463019,2020,4
2021-01-21,26.67509611724365,28.407663345336914,22.17775905221932,11.825373334300927,22.271472962275205,2020,4
2021-01-22,19.711723738030365,21.90839958190918,18.643603621095387,8.816638275461315,17.270091304124062,2020,4
2021-01-23,19.900936014293364,20.529296875,17.2460917811586,5.251474281337348,15.731949737947328,2020,4
2021-01-24,27.183504392783426,23.560087203979492,22.63978067312283,8.80619088779352,20.547390789419815,2020,4
2021-01-25,19.95035425206707,20.618131637573242,19.14958261082999,4.930157286585493,16.162056446763952,2020,4
2021-01-26,20.533227999023815,19.841278076171875,18.230936997740972,13.82408503382981,18.107382026691617,2020,4
2021-01-27,19.679705044321075,18.60843276977539,15.336277538062967,13.809036163359782,16.858362878879802,2020,4
2021-01-28,42.36124759132067,37.90336608886719,34.059359543859614,31.06215823838067,36.34653286560704,2020,4
2021-01-29,37.045237049624006,32.21103286743164,34.98785874267338,21.384668478473444,31.407199284550618,2020,4
2021-01-30,35.58019615956683,30.134977340698242,30.68659304949268,28.10211571443112,31.12597056604722,2020,4
2021-01-31,31.253519485447406,24.80299186706543,27.430098565442652,14.7053737549642,24.547995918229923,2020,4
2021-02-01,25.83721280825987,21.012542724609375,31.398037736342204,13.476239645982362,22.931008228798454,2020,4
2021-02-02,45.93554969271292,39.88560485839844,42.90377608130391,26.67978956911783,38.85118005038328,2020,4
2021-02-03,24.41215044345167,23.30278205871582,22.969645143494358,11.28557440304801,20.492538012177462,2020,4
2021-02-04,21.242455105434306,20.177696228027344,19.6553732211565,11.637307185393158,18.178207935002824,2020,4
2021-02-05,20.722147312403234,18.77821159362793,19.891027806492403,11.053991926818915,17.61134465983562,2020,4
2021-02-06,23.008742611749827,18.51894187927246,21.618171599242018,7.507480710518365,17.663334200195667,2020,4
2021-02-07,23.731899203124904,19.408935546875,23.389337416779426,15.222127436077097,20.438074900714106,2020,4
2021-02-08,26.308999243338228,21.594635009765625,24.043821569276613,17.64158201311686,22.39725945887433,2020,4
2021-02-09,29.42684576039959,22.719226837158203,28.083181362445057,22.680525219981952,25.727444794996202,2020,4
2021-02-10,22.900172579152855,20.465848922729492,23.96099599028363,16.33501662990231,20.915508530517073,2020,4
2021-02-11,26.44877160433223,21.554540634155273,29.377729915438778,20.54063213951213,24.4804185733596,2020,4
2021-02-12,29.595474506175712,25.392885208129883,35.797439789183294,22.87977980142275,28.416394826227908,2020,4
2021-02-13,31.343791729267085,26.283279418945312,39.63286186099932,19.036278810940203,29.07405295503798,2020,4
2021-02-14,45.554163229508994,40.95791244506836,48.897858801650365,28.495511449308353,40.97636148138402,2020,4
2021-02-15,26.266932034627338,23.128890991210938,30.274840242216364,17.819327898606083,24.372497791665182,2020,4
2021-02-16,32.035303968566794,27.738317489624023,29.823491948806737,25.874541171202566,28.86791364455003,2020,4
2021-02-17,50.03455443105209,43.565792083740234,61.14444923397281,33.65241124967977,47.09930174961123,2020,4
2021-02-18,33.46875418940193,29.781068801879883,33.68966888196804,18.891176957679928,28.957667207732445,2020,4
2021-02-19,55.32932967779731,53.553592681884766,70.23361347535626,32.69738478759867,52.95348015565926,2020,4
2021-02-20,56.06645251200984,54.17277908325195,69.13538807139248,36.91490155499857,54.07238030541321,2020,4
2021-02-21,31.815683672782,29.821008682250977,28.718957103977406,14.300131063520634,26.163945130632754,2020,4
2021-02-22,25.001937985755436,23.13911247253418,23.236965176739602,13.173125535142695,21.13778529254298,2020,4
2021-02-23,46.442772226635775,47.472198486328125,51.297541508477266,24.14794963934889,42.34011546519751,2020,4
2021-02-24,49.04991664379731,43.56824493408203,48.8550450065846,32.11391465599257,43.396780310114124,2020,4
2021-02-25,25.22961080219043,26.054258346557617,26.50142189886947,14.38929433166951,23.043646344821756,2020,4
2021-02-26,21.56386528476144,21.6320858001709,21.165247653171992,12.436488166286836,19.199421726097793,2020,4
2021-02-27,21.62834864842405,20.374561309814453,18.773109736185237,13.82268369426133,18.649675847171267,2020,4
2021-02-28,21.903027882332665,19.266164779663086,18.976662073474223,17.334737298988696,19.370148008614667,2020,4
2021-03-01,23.33629525196975,19.174293518066406,19.853624687919933,19.1459565399867,20.3775424994857,2020,4
2021-03-02,21.7953580204042,19.402544021606445,22.34764154799046,14.519684665134028,19.51630706378378,2020,4
2021-03-03,20.35822464125385,18.347484588623047,18.747973945330635,12.3217782467895,17.44386535549926,2020,4
2021-03-04,20.466432925157665,17.372447967529297,15.720848857449905,11.677544600619875,16.309318587689184,2020,4
2021-03-05,21.0761358466329,17.555923461914062,17.62127681941471,15.188409543619297,17.860436417895244,2020,4
2021-03-06,20.63828557559716,17.41553497314453,16.578834921345056,9.593121955836441,16.056444356480796,2020,4
2021-03-07,20.32835635314898,17.33008575439453,16.631200721679058,6.468799676536802,15.189610626439842,2020,4
2021-03-08,21.217459864838474,17.122743606567383,15.430789498442024,9.741980246912359,15.878243304190061,2020,4
2021-03-09,21.76796908311144,17.16023826599121,12.56426006893214,13.476051187030965,16.24212965126644,2020,4
2021-03-10,47.4366907998848,56.97418975830078,45.01130756410799,31.37811127667507,45.20007484974216,2020,4
2021-03-11,47.915596625941326,46.18632888793945,53.683135680854704,27.36047017691172,43.7863828429118,2020,4
2021-03-12,47.6278479259949,46.16387939453125,54.672917202200765,26.678493300305036,43.78578445575799,2020,4
2021-03-13,46.922094047578774,44.160911560058594,58.512594188903954,25.93240638845049,43.882001546247956,2020,4
2021-03-14,39.80520170496854,37.80217361450195,40.654256356684286,21.913134210258345,35.04369147160328,2020,4
2021-03-15,28.891904239157817,24.96974754333496,21.694600564078424,19.758542110731497,23.828698614325674,2020,4
2021-03-16,25.462608699805912,21.546281814575195,16.51508823308197,18.849478860757042,20.59336440205503,2020,4
2021-03-17,21.60680853278564,19.978452682495117,17.389670678601913,14.612333952424553,18.396816461576805,2020,4
2021-03-18,19.71253063965542,18.93903160095215,17.659146878801828,13.210839957153512,17.380387269140726,2020,4
2021-03-19,20.55380043839498,18.340347290039062,18.33261121072883,21.454630991579883,19.670347482685692,2020,4
2021-03-20,19.748287980525298,17.039888381958008,17.148202373403674,17.908045512925696,17.961106062203168,2020,4
2021-03-21,19.617102011699203,17.39823341369629,18.559224446464892,18.925144453991734,18.62492608146303,2020,4
2021-03-22,19.258995657749345,16.87049674987793,17.047122846666106,13.516811572477755,16.673356706692783,2020,4
2021-03-23,19.77054034465994,17.518430709838867,18.118259884907296,19.628004246282668,18.75880879642219,2020,4
2021-03-24,18.73442192556344,16.81169319152832,15.656003974841433,16.40411117820125,16.90155756753361,2020,4
2021-03-25,22.889760133891542,19.29775619506836,17.0882190555907,19.120278521905306,19.599003476613976,2020,4
2021-03-26,36.13723255269538,30.319650650024414,28.23214127100434,26.968331463223034,30.414338984236792,2020,4
2021-03-27,25.674344572513384,23.89979362487793,22.02964894954578,20.31202032387511,22.978951867703053,2020,4
2021-03-28,35.39212373959237,28.168256759643555,27.93094278168554,29.053259957390992,30.136145809578114,2020,4
2021-03-29,24.392764621035507,20.899477005004883,24.050193059261424,22.719626032736617,23.015515179509606,2020,4
2021-03-30,22.745778368682576,19.540273666381836,24.854931690372485,25.576341764559412,23.179331372499078,2020,4
2021-03-31,22.858782941367835,18.88089370727539,24.401822771033103,28.885327109770962,23.756706632361826,2020,4
2021-04-01,22.964775836162396,19.054183959960938,30.162056110926578,32.05436538629118,26.058845323335273,2020,4
2021-04-02,22.704083287861398,19.204648971557617,22.88882265151204,29.181798945645692,23.494838464144188,2020,4
2021-04-03,22.110545306225315,18.359840393066406,22.700005513267698,25.355901811545657,22.13157325602627,2020,4
2021-04-04,21.948827638896205,17.46693992614746,21.878867714523118,20.711030468964328,20.50141643713278,2020,4
2021-04-05,23.973587820778146,18.54103660583496,25.02575899931674,22.82360607980314,22.590997376433247,2020,4
2021-04-06,22.282389673487973,16.87825584411621,18.48864455534155,19.165984324242565,19.203818599297072,2020,4
2021-04-07,22.003756373183847,16.833641052246094,16.37100030863815,20.95224995682758,19.040161922723918,2020,4
2021-04-08,21.106783551679293,16.533445358276367,16.58421078287559,25.11523738328561,19.834919269029214,2020,4
2021-04-09,19.773092261766735,15.796365737915039,15.727302447808855,22.72156917273349,18.504582405056027,2020,4
2021-04-10,20.267708661354252,16.01861572265625,17.11109299825679,25.647773666680646,19.761297762236985,2020,4
2021-04-11,20.72949647692281,15.75464153289795,14.123359202044838,19.68623341737625,17.573432657310462,2020,4
2021-04-12,20.516408661792493,15.592521667480469,11.823556896839133,23.358827105632596,17.822828582936175,2020,4
2021-04-13,20.552869353505958,15.80716609954834,11.551036107289665,23.16641418451374,17.769371436214424,2020,4
2021-04-14,20.686178997196052,15.87295150756836,12.667538736067527,24.182401238096183,18.352267619732032,2020,4
2021-04-15,21.10552829874233,15.92703628540039,12.134571124476162,24.579983281071833,18.436779747422676,2020,4
2021-04-16,20.755970641032206,15.83122730255127,11.608141489812745,22.58917908044482,17.69612962846026,2020,4
2021-04-17,20.529290986632088,15.83122730255127,10.86157628960933,22.347163409791698,17.392314497146096,2020,4
2021-04-18,20.461859177983964,15.530025482177734,12.331726137228225,22.35527956390899,17.669722590324728,2020,4
2021-04-19,20.232731166906706,15.87295150756836,11.597836321819411,22.731945557719488,17.60886613850349,2020,4
2021-04-20,20.364503177196973,16.380334854125977,16.050100694842254,26.427991511477384,19.805732559410647,2020,4
2021-04-21,20.54631552652943,16.616962432861328,21.369311684116347,30.909809290085178,22.360599733398068,2020,4
2021-04-22,21.364030331897656,17.199262619018555,20.652372962790942,26.247033846043195,21.365674939937584,2020,4
2021-04-23,22.51090065060342,18.532852172851562,24.378463256512635,26.995424510260925,23.104410147557132,2020,4
2021-04-24,26.737898911610586,22.30860137939453,27.62816885143751,31.4949993915478,27.042417133497608,2020,4
2021-04-25,25.979472281697245,23.335277557373047,32.95740326592415,33.52807282786283,28.950056483214315,2020,4
2021-04-26,22.53621022507577,19.17424201965332,20.93323359080624,25.948509148662698,22.148048746049508,2020,4
2021-04-27,19.697177139656244,17.236724853515625,15.918854724263099,21.914054853612512,18.69170289276187,2020,4
2021-04-28,20.366867487940333,16.996292114257812,17.35540547381672,27.986423689459713,20.676247191368645,2020,4
2021-04-29,19.493814334758053,16.86475944519043,16.298011774356198,22.77472289842878,18.857827113183365,2020,4
2021-04-30,22.434920922207887,18.29752540588379,18.341519208464906,20.07082198916791,19.786196881431124,2020,4
2021-05-01,20.027142422111147,16.75570297241211,16.335083785938686,20.932127406946876,18.512514146852205,2020,4
2021-05-02,19.12833735874198,16.73230743408203,16.383343337673573,21.986096404963924,18.55752113386538,2020,4
2021-05-03,42.72535651843027,40.78569793701172,51.17047258395622,37.39015810397272,43.01792128584273,2020,4
2021-05-04,40.472767253254254,35.250831604003906,45.61248710471895,29.48480074112574,37.70522167577572,2020,4
2021-05-05,25.54586383578672,21.977298736572266,27.52582216536814,21.37463501468578,24.105904938103226,2020,4
2021-05-06,20.952773877347287,18.929229736328125,19.127801282470244,17.499975737438074,19.127445158395933,2020,4
2021-05-07,20.08555574842625,17.42754364013672,16.82326849318239,22.29435737494538,19.157681314172684,2020,4
2021-05-08,45.31654820881032,54.638160705566406,64.52495141525428,51.548613750321465,54.00706851998812,2020,4
2021-05-09,34.6454462587242,36.12404251098633,31.118918213696293,32.60023367826223,33.62216016541726,2020,4
2021-05-10,33.5528197263664,25.03590202331543,23.73472782029426,23.989560397787717,26.57825249194095,2020,4
2021-05-11,26.93726069722923,22.209794998168945,20.52983378308576,21.491421226262666,22.79207767618665,2020,4
2021-05-12,28.48885354067416,23.41606903076172,18.818501618024104,23.470265047742956,23.548422309300733,2020,4
2021-05-13,33.63658362948024,26.109464645385742,24.625743428559343,30.783267629611974,28.788764833259325,2020,4
2021-05-14,25.801165693590274,20.935239791870117,18.169569756645263,23.38600552085585,22.072995190740375,2020,4
2021-05-15,25.624860663519875,21.673171997070312,17.800550897905268,23.92309293176244,22.255419122564472,2020,4
2021-05-16,28.087070928903266,24.478784561157227,21.882909953183766,24.60965091632572,24.764604089892494,2020,4
2021-05-17,27.157326374423086,23.794071197509766,23.09081678273734,22.154131860213948,24.049086553721036,2020,4
2021-05-18,22.063289521500465,20.27422523498535,17.50673091046538,22.727726544753914,20.64299305292628,2020,4
2021-05-19,20.492447104045105,18.370712280273438,15.057793231307032,21.360205383863317,18.820289499872224,2020,4
2021-05-20,42.5082310008682,41.61261749267578,43.12329756167617,37.90778179366641,41.287981962221636,2020,4
2021-05-21,52.78798252333055,61.64522171020508,70.12681086394127,44.670146733454885,57.30754045773295,2020,4
2021-05-22,35.892919120803406,34.12507247924805,25.969428517479574,25.658357092351853,30.41144430247072,2020,4
2021-05-23,37.616858254760665,29.526687622070312,25.790659757629676,29.520715472445666,30.613730276726578,2020,4
2021-05-24,34.42839977511156,26.366241455078125,22.810163400956586,24.076722049927433,26.920381670268426,2020,4
2021-05-25,31.845366564377873,25.237764358520508,27.735382770592466,26.241577172435456,27.765022716481575,2020,4
2021-05-26,25.31073662776464,20.76740074157715,20.29763995805287,21.83071487566301,22.051623050764416,2020,4
2021-05-27,23.55068387419857,19.998615264892578,16.774114269173428,24.56633910649743,21.2224381286905,2020,4
2021-05-28,24.103660452252594,21.31166648864746,22.424379467820376,26.813990428835268,23.663424209388925,2020,4
2021-05-29,24.742229634627666,22.855815887451172,30.331585918335495,19.79918318816766,24.432203657145497,2020,4
2021-05-30,24.301033193700825,23.649288177490234,29.82530257985755,13.435271748041243,22.80272392477246,2020,4
2021-05-31,22.8790408504288,20.027587890625,19.30466860703162,11.714115565240213,18.481353228331407,2020,4
2021-06-01,23.847749985053834,23.471458435058594,33.38874515294219,14.204360601351937,23.72807854360164,2020,4
2021-06-02,23.594929379369308,23.415773391723633,31.130715583550685,12.521688734012502,22.66577677216403,2020,4
2021-06-03,20.88855615083882,20.811569213867188,19.39097258826816,9.865584912112594,17.73917071627169,2020,4
2021-06-04,20.52303560416398,19.170469284057617,20.81309886344024,14.323112873750734,18.707429156353143,2020,4
2021-06-05,20.29863691389055,17.594572067260742,12.151848992783899,28.435441921904726,19.620124973959978,2020,4
2021-06-06,21.01619358545746,18.01456642150879,12.286095538469665,28.759144229174634,20.018999943652638,2020,4
2021-06-07,28.713620336750306,31.370094299316406,25.980846006194298,67.91962425257545,38.496046223709115,2020,4
2021-06-08,32.390282070678325,37.07684326171875,28.19787464211306,68.28722063620698,41.48805515267928,2020,4
2021-06-09,33.634165981317366,38.343204498291016,32.19358670338225,68.59564228641733,43.19164986735199,2020,4
2021-06-10,34.55645966622479,37.896209716796875,26.7224647869388,69.05335917133242,42.05712333532322,2020,4
2021-06-11,33.78102549085234,38.58054733276367,21.474056198759026,68.83477967145728,40.66760217345808,2020,4
2021-06-12,35.3400947911631,39.638980865478516,20.951363303210574,68.49274403656277,41.105795749103734,2020,4
2021-06-13,39.75443438140821,50.77370834350586,51.26437743736001,70.64277845307365,53.108824653836926,2020,4
2021-06-14,38.88326617253711,54.460166931152344,42.40208935890679,69.57585108723725,51.33034338745837,2020,4
2021-06-15,40.709204046027715,60.559024810791016,47.241253851092516,68.84697427973984,54.33911424691277,2020,4
2021-06-16,38.490892333260454,54.91218185424805,45.16169125669062,68.44447183916012,51.75230932083981,2020,4
2021-06-17,38.797750991699054,57.63425064086914,37.95674871153594,70.1840013789429,51.143187930761755,2020,4
2021-06-18,39.158179419331,57.60177230834961,46.91917210420798,67.35668765165217,52.75895287088518,2020,4
2021-06-19,40.29134821164237,58.52082443237305,55.989315287002334,67.53467076046854,55.584039672871576,2020,4
2021-06-20,39.164608424303076,58.875484466552734,61.71741639914093,66.67606771144345,56.60839425036005,2020,4
2021-06-21,29.99174073685396,37.71841049194336,21.40463273397016,28.22412859268569,29.33472813886329,2020,4
2021-06-22,27.58964941126069,28.568557739257812,27.63737515424289,23.375641117039127,26.79280585545013,2020,4
2021-06-23,24.4812000719171,26.44586181640625,19.27559294855071,19.86938170169034,22.5180091346411,2020,4
2021-06-24,23.54951884265636,23.102798461914062,15.668503034301608,24.43702857171477,21.6894622276467,2020,4
2021-06-25,23.738815220274326,23.45621109008789,18.08189214755421,21.217319058287714,21.623559379051034,2020,4
2021-06-26,22.63023572229182,21.307628631591797,19.34529849189518,23.80956729993249,21.773182536427818,2020,4
2021-06-27,30.07168492282816,25.66127586364746,26.56184642585738,30.956263519062205,28.3127676828488,2020,4
2021-06-28,29.32148670726515,23.771434783935547,21.976992144062937,27.3821678955235,25.61302038269678,2020,4
2021-06-29,23.991131944908123,19.47891616821289,20.219974172171572,24.946639200650544,22.159165371485784,2020,4
2021-06-30,20.074454108457875,18.9062442779541,16.007997478855646,9.845739322836852,16.208608797026116,2020,4
2021-07-01,50.468908523253134,53.66640090942383,61.78084655130715,92.21149970137728,64.53191392134035,2020,4
2021-07-02,69.05419364648205,77.18595123291016,88.4249724976258,96.91483130423528,82.89498717031333,2020,4
2021-07-03,71.36971393046228,74.94209289550781,91.30513793444064,93.66504841064067,82.82049829276285,2020,4
2021-07-04,73.42024321267266,76.10762023925781,97.4488753329877,95.50232839836092,85.61976679581977,2020,4
2021-07-05,73.0402119538348,72.71903991699219,93.19974639667673,94.660737564845,83.40493395808718,2020,4
2021-07-06,72.89456035476161,69.82756805419922,84.97344279730207,93.5513722129097,80.31173585479316,2020,4
2021-07-07,75.87712152535983,70.40233612060547,82.24095886273362,92.94367219214124,80.36602217521005,2020,4
2021-07-08,78.73993339662974,70.6414794921875,77.19875067624481,96.27491047434624,80.71376850985207,2020,4
2021-07-09,81.41470260041625,74.24610900878906,79.86309541100589,94.66453072331043,82.5471094358804,2020,4
2021-07-10,81.28932331685475,75.64672088623047,85.46237068875536,93.42329019398055,83.95542627145528,2020,4
2021-07-11,85.20699302189993,77.25460815429688,96.68709510688404,94.38532641676888,88.38350567496244,2020,4
2021-07-12,83.50420127670472,75.87936401367188,103.16166500724819,93.03425476762044,88.89487126631131,2020,4
2021-07-13,82.85410949226485,74.8273696899414,103.61678606537853,93.46064266564957,88.6897269783086,2020,4
2021-07-14,79.70871349543421,70.76871490478516,90.20868414974579,90.83824716692227,82.88108992922186,2020,4
2021-07-15,77.71456322336286,69.6836929321289,74.48668029540964,87.85689373172673,77.43545754565704,2020,4
2021-07-16,80.4792358459089,78.54898834228516,89.42383961725082,87.96924974696503,84.10532838810248,2020,4
2021-07-17,82.73322182028195,81.67218017578125,101.55251640774942,91.27137388158881,89.30732307135037,2020,4
2021-07-18,83.20986148868961,88.08905029296875,113.447546367504,89.44928177826321,93.5489349818564,2020,4
2021-07-19,83.8292561468306,92.19027709960938,94.67918738353586,87.8084901268562,89.626802689208,2020,4
2021-07-20,82.7746125105479,87.15106964111328,103.19517845046666,86.95368348961667,90.01863602293612,2020,4
2021-07-21,82.0943350451901,91.44278717041016,107.64775946731511,86.63552478794799,91.95510161771584,2020,4
2021-07-22,85.65288235837092,96.1556396484375,107.97086153363101,91.31375391015004,95.27328436264736,2020,4
2021-07-23,87.62546280517772,99.32249450683594,107.00925782561336,94.73685782266116,97.17351824007204,2020,4
2021-07-24,91.36005035100565,96.50824737548828,92.56681709248171,94.81658460967388,93.81292485716239,2020,4
2021-07-25,85.92503627040645,89.60550689697266,79.51317298575725,91.45776450962416,86.62537016569013,2020,4
2021-07-26,81.76943696772483,83.42900848388672,77.89103428662645,89.46509316502183,83.13864322581496,2020,4
2021-07-27,81.34766651453474,80.59078216552734,72.56156440107264,89.79664716403579,81.07416506129263,2020,4
2021-07-28,77.73563363993998,72.78036499023438,64.82734277329152,92.17184527867838,76.87879667053606,2020,4
2021-07-29,81.0370898438444,76.63755798339844,72.20426415202941,91.48449031784413,80.34085057427909,2020,4
2021-07-30,77.72049463723317,72.02641296386719,71.35003182859832,98.63439953921582,79.93283474222864,2020,4
2021-07-31,76.70577637394736,69.90949249267578,63.802547311826046,89.8031495246819,75.05524142578277,2020,4
2021-08-01,77.71253034248949,70.1824722290039,67.23299214009957,89.91375643660798,76.26043778705024,2020,4
2021-08-02,78.70269237718357,69.00971221923828,65.8566156456247,86.17947669263836,74.93712423367123,2020,4
2021-08-03,81.89239300583243,74.18113708496094,73.1948865897041,90.55300920939574,79.9553564724733,2020,4
2021-08-04,79.43683918026616,73.07402038574219,71.07182046598895,86.86178524050969,77.61111631812675,2020,4
2021-08-05,79.46341682009621,75.70796966552734,71.59746139323244,82.72407525475863,77.37323078340366,2020,4
2021-08-06,77.79268590489735,71.33548736572266,63.16826996249525,87.05559903453572,74.83801056691274,2020,4
2021-08-07,78.84622324789017,72.0166015625,66.47573168278427,85.74167327005064,75.77005744080627,2020,4
2021-08-08,76.18608999228007,69.97949981689453,62.570897889065066,85.41179247479765,73.53707004325933,2020,4
2021-08-09,53.95566383904569,51.078853607177734,42.34660437048184,41.89147473545305,47.31814913803958,2020,4
2021-08-10,50.95521078174779,46.39906692504883,30.304301328485863,40.67398286554899,42.08314047520787,2020,4
2021-08-11,48.48234130884974,43.97856903076172,29.50745672362743,41.20327803424328,40.79291127437054,2020,4
2021-08-12,48.02137940207968,42.00714111328125,28.91152945734157,42.1736515685699,40.2784253853181,2020,4
2021-08-13,45.58227627119131,37.432151794433594,26.658265089975632,44.77555192269969,38.61206126957506,2020,4
2021-08-14,46.09962449456371,37.465694427490234,24.476149209223028,44.70078504903375,38.18556329507768,2020,4
2021-08-15,43.02032707362766,35.255340576171875,20.95033410339371,42.416937977996405,35.41073493279742,2020,4
2021-08-16,38.51585373652767,33.56651306152344,21.136968267732477,42.359441628152005,33.8946941734839,2020,4
2021-08-17,36.23784541063958,32.135498046875,19.70837501882911,44.90886540358142,33.24764596998128,2020,4
2021-08-18,32.373025082978835,30.84839630126953,19.049185394447722,43.93433523470887,31.55123550335124,2020,4
2021-08-19,20.979918776887853,22.156618118286133,12.768705485771774,0.0695745632429583,13.993704236047181,2020,4
2021-08-20,18.493394480384854,20.31218910217285,10.571984425062166,1.0179186706349235,12.5988716695637,2020,4
2021-08-21,23.06238320544287,20.518482208251953,11.243961583211112,1.7780992438843386,14.150731560197569,2020,4
2021-08-22,17.33248390131145,18.335391998291016,7.598158209702941,3.216896825327999,11.620732733658352,2020,4
2021-08-23,17.447623205001786,17.341087341308594,8.056110916084208,4.402177817134715,11.811749819882326,2020,4
2021-08-24,17.0718718017864,17.395174026489258,9.723078457473079,6.5632761693865875,12.688350113783832,2020,4
2021-08-25,16.641559948963316,17.150148391723633,9.135253365276082,1.206006459054561,11.0332420412544,2020,4
2021-08-26,16.143797244404315,16.913551330566406,6.531470320973664,0.36775073223443133,9.989142407044705,2020,4
2021-08-27,15.787509466922334,16.754547119140625,6.44505274275012,2.7018313036078405,10.422235158105229,2020,4
2021-08-28,14.239374879508373,16.754547119140625,5.756552650195293,-0.5084994586184388,9.060493797556465,2020,4
2021-08-29,13.149078365468673,16.45163345336914,7.195790497580113,1.965564244678018,9.690516640273987,2020,4
2021-08-30,12.480495912510104,16.0174560546875,7.27019174259494,2.432288113329725,9.550107955780568,2020,4
2021-08-31,58.76689961468015,68.92800903320312,76.05425549781668,76.83112197224864,70.14507152948715,2020,4
2021-09-01,72.60966115530707,83.81058502197266,88.29193196229608,85.63067837448033,82.58571412851403,2020,4
2021-09-02,74.85922678079396,79.09354400634766,84.72855660264327,89.38809190117178,82.01735482273916,2020,4
2021-09-03,75.49970902405249,81.3493423461914,91.75205099700989,82.40275345921928,82.75096395661826,2020,4
2021-09-04,77.29200855491217,81.13301086425781,85.80244195622573,82.0895424979897,81.57925096834634,2020,4
2021-09-05,81.76934937838122,82.91400146484375,86.8337529053523,79.80160619292717,82.82967748537611,2020,4
2021-09-06,80.37046070963818,84.831298828125,92.28524653166753,79.25530607511784,84.18557803613713,2020,4
2021-09-07,83.93571318388759,90.35195922851562,104.83644212869267,86.87905765669426,91.50079304944754,2020,4
2021-09-08,84.71776606342942,87.25556182861328,89.29361516453494,82.26060600718006,85.88188726593943,2020,4
2021-09-09,85.31152385423728,88.69290161132812,83.77124718897062,79.17427730728394,84.237487490455,2020,4
2021-09-10,82.32367588418586,78.13812255859375,54.89048453492366,81.14362239546938,74.12397634329317,2020,4
2021-09-11,80.72481589590707,70.97238159179688,59.65609330090358,80.61913059928008,72.9931053469719,2020,4
2021-09-12,83.05176164837867,75.1144790649414,71.30734952108855,78.57360935783117,77.01179989805995,2020,4
2021-09-13,86.77766186085991,76.27350616455078,82.60200656210775,81.10069489434906,81.68846737046687,2020,4
2021-09-14,86.09861790070046,74.00655364990234,63.86216619269471,80.57882012017856,76.13653946586902,2020,4
2021-09-15,84.36385080785072,68.26937103271484,57.816071714406526,70.08074101662842,70.13250864290012,2020,4
2021-09-16,83.01398083475021,70.60225677490234,65.84550376185197,68.74779688363614,72.05238456378517,2020,4
2021-09-17,86.85041794772917,73.49579620361328,72.49281439829913,70.73197359959295,75.89275053730863,2020,4
2021-09-18,82.65322263815675,70.83773803710938,67.89108300066167,73.25314150570965,73.65879629540936,2020,4
2021-09-19,79.82593984985726,66.12088775634766,54.654089608042966,69.21199703569421,67.45322856248552,2020,4
2021-09-20,78.26852010603271,70.5718994140625,66.60488280934503,71.1128123750611,71.63952867612534,2020,4
2021-09-21,79.18931557788834,70.78559112548828,68.084252063188,73.86601125009841,72.98129250416576,2020,4
2021-09-22,78.17448460882942,67.30564880371094,64.81789939508448,71.00061169027578,70.32466112447514,2020,4
2021-09-23,75.3276178656844,66.31710052490234,60.00456352004984,71.28034234304593,68.23240606342063,2020,4
2021-09-24,76.26523517925713,66.56312561035156,63.629345015488646,69.83529750092363,69.07325082650524,2020,4
2021-09-25,80.13092947276624,73.27908325195312,70.23920844190596,71.12802016895111,73.69431033389411,2020,4
2021-09-26,78.2937043095971,71.20362091064453,65.97379609447282,75.95046601428582,72.85539683225007,2020,4
2021-09-27,59.1075925357296,56.38386154174805,41.36267684923026,66.34743309336301,55.80039100501773,2020,4
2021-09-28,58.17300228081641,56.54494857788086,40.789254573892435,67.296963333654,55.70104219156093,2020,4
2021-09-29,52.942349354938194,53.243778228759766,37.31140510038346,61.683354701578224,51.29522184641491,2020,4
2021-09-30,56.289701262499,55.697486877441406,36.8690048679309,68.24420742133555,54.27510010730171,2020,4
2021-10-01,51.68224855969508,51.905357360839844,35.37503064514691,63.539810440618396,50.62561175157506,2020,4
2021-10-02,51.74994804867388,54.19420623779297,37.990763969166615,66.94616096970472,52.72026980633454,2020,4
2021-10-03,49.95273398913429,52.23003387451172,33.755195878499876,63.06700436404944,49.75124202654883,2020,4
2021-10-04,40.06191413952252,37.22171401977539,25.562495181742275,5.6488596800663435,27.12374575527663,2020,4
2021-10-05,36.52049858110655,29.886157989501953,20.10393866108013,12.600416441554575,24.7777529183108,2020,4
2021-10-06,24.589818923914528,24.533143997192383,14.926729570549147,8.570570686603354,18.155065794564855,2020,4
2021-10-07,22.52658302936642,23.017724990844727,12.371430707189814,10.815474604688443,17.182803333022353,2020,4
2021-10-08,22.678938327756324,21.94312858581543,11.774784358893092,9.973886037403556,16.5926843274671,2020,4
2021-10-09,20.865824521468713,20.60628318786621,10.260527724138433,9.173374261758976,15.226502423808082,2020,4
2021-10-10,18.94210194238277,18.429431915283203,8.567785329222845,9.761782912424653,13.925275524828368,2020,4
2021-10-11,18.319626787465815,17.078258514404297,9.130227342900017,8.839007808389042,13.341780113289794,2020,4
2021-10-12,18.224901667687693,17.078258514404297,8.65760944978305,9.032634509416916,13.248351035322989,2020,4
2021-10-13,17.973898820090234,16.550525665283203,7.5627137501805874,6.678120113300353,12.191314587213594,2020,4
2021-10-14,17.635392890268474,16.491718292236328,7.3781415911257175,8.069385397886826,12.393659542879337,2020,4
2021-10-15,17.55520981551544,15.75464153289795,5.399690591583427,10.083107416947882,12.198162339236175,2020,4
2021-10-16,18.044745728410113,16.097557067871094,7.088268197930276,9.313021824675499,12.635898204721745,2020,4
2021-10-17,18.427880430188893,16.097557067871094,6.766104180738829,10.18939100307026,12.87023317046727,2020,4
2021-10-18,19.160204212093586,15.99207592010498,6.405446842182551,13.265678700728383,13.705851418777375,2020,4
2021-10-19,30.89977908736136,23.488113403320312,13.2105189586617,19.538538674838275,21.784237531045413,2020,4
2021-10-20,32.05593093481567,25.725664138793945,14.067070830713346,14.986301333753946,21.708741809519225,2020,4
2021-10-21,20.588900250483533,18.66998863220215,8.459541176008578,5.752618805284283,13.367762215994636,2020,4
2021-10-22,19.13278313307903,16.73230743408203,6.661619886634485,6.997794986636678,12.381126360108055,2020,4
2021-10-23,19.79052181184083,17.217283248901367,7.566826849540071,10.20386073647352,13.694623161688948,2020,4
2021-10-24,20.212094538399352,17.014694213867188,7.140123629488869,9.631959706962057,13.499718022179367,2020,4
2021-10-25,28.054240164697802,30.844619750976562,24.630168985626618,56.14122755926026,34.91756411514031,2020,4
2021-10-26,31.55851308411772,35.20808792114258,28.099116191831957,59.900747838497736,38.6916162588975,2020,4
2021-10-27,36.74263392040237,37.946937561035156,33.06595666935625,61.86639777982026,42.40548148265351,2020,4
2021-10-28,43.733819187780874,44.868927001953125,42.94924954130136,66.92947246590923,49.62036704923615,2020,4
2021-10-29,42.206965867051935,45.720035552978516,37.683918816753675,67.24715244538869,48.2145181705432,2020,4
2021-10-30,38.28909808135959,45.888832092285156,34.27532072153254,56.06616145751099,43.62985308817207,2020,4
2021-10-31,49.92430959965681,60.5134391784668,57.51885551276796,61.57557774036094,57.38304550781312,2020,4
2021-11-01,36.80502544727396,46.57267379760742,41.136575976503735,50.61199721028315,43.78156810791707,2020,4
2021-11-02,34.44968391492425,47.18898391723633,29.96287595192294,47.36005929863192,39.74040077067886,2020,4
2021-11-03,32.8116204769989,47.29051208496094,27.23486219024435,45.26383709396095,38.150207961541284,2020,4
2021-11-04,32.45790570561464,47.62437438964844,28.022429532005805,43.957278241531505,38.0154969672001,2020,4
2021-11-05,30.515834148487414,45.812442779541016,25.60318489825231,45.34396762766244,36.81885736348579,2020,4
2021-11-06,32.656037169722225,45.833805084228516,27.470853411288502,54.38071654242492,40.085353051916044,2020,4
2021-11-07,28.04858277343109,44.84983825683594,29.488738019953136,47.2427446611808,37.40747592785024,2020,4
2021-11-08,27.870733544825985,44.11137771606445,24.931469976310474,53.15647898734919,37.517515056137526,2020,4
2021-11-09,27.950650572754483,44.591556549072266,28.01557261526363,56.619979751145465,39.29443987205896,2020,4
2021-11-10,18.96692275684161,28.720048904418945,18.291127285232513,0.4581545421334434,16.60906337215663,2020,4
2021-11-11,16.97174792303748,24.987001419067383,14.423719623943567,1.012622213884046,14.34877279498312,2020,4
2021-11-12,24.68983974198595,23.929555892944336,9.327687334429868,6.882524505793545,16.207401868788423,2020,4
2021-11-13,16.54503250142478,20.30529022216797,8.582322332031152,-1.270995165814731,11.040412472452294,2020,4
2021-11-14,16.177784558225365,19.177099227905273,9.33757166322966,-0.9339464449897408,10.93962725109264,2020,4
2021-11-15,15.984624018105926,18.532690048217773,10.644949635394928,-0.5442785954301756,11.154496276572113,2020,4
2021-11-16,14.511367420058297,16.483673095703125,1.803335995852708,-0.4526997348995607,8.086419194178642,2020,4
2021-11-17,12.603453176662992,16.563987731933594,4.607568905641556,1.7421576114604012,8.879291856424635,2020,4
2021-11-18,12.12523076889877,16.16751480102539,4.331781639005513,1.326709703982699,8.487809228228095,2020,4
2021-11-19,11.703526429758861,15.674540519714355,4.5183428351750194,0.40603606893598165,8.075611463396054,2020,4
2021-11-20,11.321498802899775,15.73117446899414,6.053878029760419,1.5650901579252832,8.667910364894905,2020,4
2021-11-21,11.28150575958357,15.831290245056152,6.671722535176862,-1.4975770816902,8.071735364531596,2020,4
2021-11-22,11.731980451186073,15.85534954071045,7.351950167507232,-1.808093277921654,8.282796720370525,2020,4
2021-11-23,11.572626565641759,15.751129150390625,7.803333926249501,-1.9851522632259715,8.28548434476398,2020,4
2021-11-24,11.58817750138177,15.728821754455566,7.417038440487268,-2.2509085911376348,8.120782276296742,2020,4
2021-11-25,11.159527909239408,15.408201217651367,6.4603027429661655,-4.028210666459582,7.249955300849339,2020,4
2021-11-26,21.42747533814039,21.207386016845703,16.942425050976222,6.198380687704614,16.44391677341673,2020,4
2021-11-27,25.284037854777328,27.470783233642578,31.411638402174507,3.2957984346411697,21.865564481308894,2020,4
2021-11-28,16.176255251972137,19.28821563720703,17.804915003724457,-1.3276493938124023,12.985434124772807,2020,4
2021-11-29,16.09651552521919,17.15662384033203,14.252609631640777,-2.3421417067467285,11.290901822611318,2020,4
2021-11-30,26.06262876753472,23.734039306640625,18.44914638065677,6.6570908143651595,18.72572631729932,2020,4
2021-12-01,31.331936447822805,27.786972045898438,30.0949068306725,9.836281383810327,24.76252417705102,2020,4
2021-12-02,17.377113493094534,20.092012405395508,17.95565566897754,-1.769784673927286,13.413749223385073,2020,4
2021-12-03,17.713154236653462,18.170324325561523,16.041754152770775,5.16796392105256,14.273299159009582,2020,4
2021-12-04,23.610043928069455,19.783048629760742,18.927618364915567,5.00680383401965,16.831878689191356,2020,4
2021-12-05,18.767365578684434,18.883859634399414,15.899232477679863,2.467273420490625,14.004432777813584,2020,4
2021-12-06,15.814605617577215,17.184005737304688,14.914493990017307,2.0648795361827856,12.494496220270499,2020,4
2021-12-07,35.432144852018986,30.761022567749023,27.373986423257985,8.870712838195942,25.609466670305483,2020,4
2021-12-08,30.51233794921928,30.519561767578125,26.606577097400198,7.793419389660177,23.857974050964444,2020,4
2021-12-09,25.77967499405945,25.021827697753906,26.569846912424936,10.409656886221164,21.94525162261486,2020,4
2021-12-10,21.801450696485514,21.00314712524414,19.69882110094728,6.080509478381585,17.145982100264632,2020,4
2021-12-11,16.444730429438614,17.925331115722656,13.980638291420059,9.363753654966661,14.428613372886996,2020,4
2021-12-12,18.442540393802755,18.201974868774414,12.159091496169614,9.786708677537824,14.647578859071153,2020,4
2021-12-13,18.208671636238872,18.330713272094727,14.008409543867394,11.347054909388618,15.473712340397404,2020,4
2021-12-14,16.873979354911487,17.05479621887207,10.1473225917172,12.096391548404643,14.043122428476348,2020,4
2021-12-15,16.256732101443365,16.891355514526367,8.20094791906507,12.577325901882062,13.481590359229216,2020,4
2021-12-16,14.747097324382306,16.41162109375,8.061101000788838,11.599482510735704,12.704825482414213,2020,4
2020-12-17,28.966938219897532,27.269298553466797,22.38245681878847,45.13435090348637,30.93826112390979,2020,9
2020-12-18,49.19576471982599,73.25117492675781,79.68981244504778,72.76487766901619,68.72540744016194,2020,9
2020-12-19,36.64501320133231,34.67036819458008,32.55523687055094,24.250618286961323,32.030309138356166,2020,9
2020-12-20,22.385289435588884,23.506744384765625,19.543075457878597,8.628780474966376,18.515972438299872,2020,9
2020-12-21,43.625329701400666,56.236778259277344,71.40708951742862,64.85218906482754,59.03034663573354,2020,9
2020-12-22,27.082900363322565,29.652292251586914,32.7894631573273,13.617016724743792,25.78541812424514,2020,9
2020-12-23,37.74387842582858,37.8050537109375,48.02385023094236,29.515404902406022,38.27204681752862,2020,9
2020-12-24,26.391610299260595,25.219331741333008,27.714837775085837,5.018292176406984,21.086017998021607,2020,9
2020-12-25,22.351027734885516,21.28737449645996,17.878050232926135,-6.934813976513464,13.645409621939539,2020,9
2020-12-26,44.70764292141851,54.38713073730469,64.43177139949238,56.08668837591178,54.90330835853183,2020,9
2020-12-27,50.97533163911051,64.8486099243164,79.72255372934679,43.266613067022746,59.70327708994911,2020,9
2020-12-28,47.33823943569893,42.474430084228516,58.197082758802715,24.382176459902347,43.09798218465813,2020,9
2020-12-29,36.97479400265143,26.27065086364746,35.33215585201604,10.80153305946866,27.344783444445895,2020,9
2020-12-30,27.68693319942759,21.566173553466797,21.17804060097986,-5.545438705529797,16.22142716208611,2020,9
2020-12-31,25.105389135179163,21.069000244140625,16.311481974694377,-3.753864535248514,14.683001704691414,2020,9
2021-01-01,38.017776227227706,47.275142669677734,59.66828314268374,21.057133260187157,41.504583824944085,2020,9
2021-01-02,26.978765508688895,27.37077522277832,22.188438826375567,-8.24117350850004,17.074201512335687,2020,9
2021-01-03,26.199942066361885,21.727680206298828,21.200302830126926,-5.405092591488085,15.93070812782489,2020,9
2021-01-04,25.358563229050674,20.216014862060547,17.07530819061183,-0.06138336590359472,15.647125728954864,2020,9
2021-01-05,24.09119295622309,18.204069137573242,17.7894530609045,-2.1019427704908153,14.495693096052504,2020,9
2021-01-06,24.463572275189698,17.623767852783203,16.662363930102778,-4.797047238620152,13.488164204863882,2020,9
2021-01-07,18.92872302425504,17.039888381958008,16.192556623707908,-10.702065788250437,10.364775560417629,2020,9
2021-01-08,17.91255656273068,17.073083877563477,15.699724969978224,-9.1197693221655,10.391399022026722,2020,9
2021-01-09,19.342084169669715,16.96579933166504,17.40869711074046,-8.783071862281464,11.23337718744844,2020,9
2021-01-10,18.232880222233526,16.556838989257812,12.828113690155382,-3.1001973489970354,11.129408888162422,2020,9
2021-01-11,35.93702699238236,46.775333404541016,59.671210169578174,47.12727512562021,47.37771142303043,2020,9
2021-01-12,48.2498564050283,61.9328727722168,89.92147725727355,67.92925366523447,67.00836502493827,2020,9
2021-01-13,44.440919965533425,57.59858322143555,75.72538853639082,67.83923449459374,61.401031554488384,2020,9
2021-01-14,45.20636056302503,40.9498176574707,63.65909053044867,38.30485573939866,47.03003112258577,2020,9
2021-01-15,26.097550440257557,23.991426467895508,29.560808115007266,-1.6824210105620594,19.491841003149567,2020,9
2021-01-16,30.794548346139546,27.032878875732422,44.30001910766327,23.491501042527243,31.404736843015623,2020,9
2021-01-17,20.71897726697913,21.03322410583496,25.47844665466194,4.88077323216358,18.027855314909903,2020,9
2021-01-18,22.699081334138945,22.8027400970459,28.252666387579374,22.17717459027851,23.982915602260682,2020,9
2021-01-19,47.40670502936595,57.178611755371094,72.14146183566575,63.75851130053451,60.121322480234326,2020,9
2021-01-20,55.57057590874543,66.79398345947266,84.50328389075645,69.2957938620809,69.04090928026386,2020,9
2021-01-21,35.2121404388531,32.66377639770508,33.939393568167695,15.515440145071313,29.332687637449293,2020,9
2021-01-22,22.81420206437127,22.823137283325195,21.78956790939048,1.1257039655604935,17.13815280566186,2020,9
2021-01-23,19.067372079747926,20.75318717956543,19.694141991297368,-7.512441767156702,13.000564870863506,2020,9
2021-01-24,32.095673810850265,28.91539764404297,33.9950927412492,17.440461818908233,28.111656503762667,2020,9
2021-01-25,21.251995546732,22.604515075683594,21.473789611554785,-6.423117832499795,14.726795600367645,2020,9
2021-01-26,19.67176639697541,21.191734313964844,19.008123194943263,11.104940543332386,17.74414111230398,2020,9
2021-01-27,36.64951063503138,34.54252624511719,44.520894827522206,45.14729350511239,40.215056303195794,2020,9
2021-01-28,49.79404845682144,63.38030242919922,74.72798785359903,68.28328887184735,64.04640690286676,2020,9
2021-01-29,48.888666987380304,44.657169342041016,48.18678443703124,38.04319892706303,44.9439549233789,2020,9
2021-01-30,45.47412117898565,43.84145736694336,62.68531669231867,33.306948011260175,46.32696081237697,2020,9
2021-01-31,35.37451361834503,29.809139251708984,38.924425003987416,4.939452893326376,27.261882691841947,2020,9
2021-02-01,31.413922165866087,27.482044219970703,32.1937323742651,20.84660608092526,27.984076210256788,2020,9
2021-02-02,52.35991040001777,62.49167251586914,76.54022105148583,55.71765583434345,61.777364950429046,2020,9
2021-02-03,29.36701934229353,31.564125061035156,26.984666557824966,15.069624393309951,25.7463588386159,2020,9
2021-02-04,23.017569216472676,25.065271377563477,22.78101660290517,8.980578700764656,19.961108974426494,2020,9
2021-02-05,20.380289800035616,21.510574340820312,24.22507593679308,10.480013109080243,19.14898829668231,2020,9
2021-02-06,21.88467843663892,20.994869232177734,23.71502791904946,-2.230328071877615,16.091061878997124,2020,9
2021-02-07,23.581862672307967,20.87998390197754,27.397464743199023,6.670615111501689,19.632481607246554,2020,9
2021-02-08,25.456991958274553,22.649436950683594,30.962455023047603,5.659726512501713,21.182152611126867,2020,9
2021-02-09,30.72915308961902,25.430017471313477,35.244549293695066,15.492069002325913,26.723947214238365,2020,9
2021-02-10,22.93798252629805,20.9088191986084,23.674388085903317,1.6797487097658035,17.300234630143894,2020,9
2021-02-11,29.189930244426645,26.40566062927246,36.53911281879076,22.072407621564565,28.551777828513607,2020,9
2021-02-12,38.105037250180686,33.997947692871094,46.36941010172128,30.020454345846492,37.12321234765489,2020,9
2021-02-13,39.13165426511291,33.10017395019531,48.89487342120921,29.479535868928792,37.651559376361554,2020,9
2021-02-14,51.60069085396615,62.38021469116211,76.31952938481805,60.933033563449094,62.80836712334885,2020,9
2021-02-15,31.49778583960279,30.90218734741211,36.49879007215223,25.15106449555893,31.012456938681517,2020,9
2021-02-16,41.745272858420925,39.205509185791016,60.10575942649851,39.49650968945599,45.13826279004161,2020,9
2021-02-17,53.60792719702525,66.29619598388672,100.1365893010813,59.34580676875402,69.84662981268681,2020,9
2021-02-18,42.418139137876004,40.81853103637695,48.302139174799414,32.56194524952893,41.02518864964533,2020,9
2021-02-19,57.702586721792564,78.33849334716797,104.3738489492285,74.08243246581983,78.6243403710022,2020,9
2021-02-20,58.06184745439344,78.92800903320312,104.29995215573477,75.8498831425911,79.2849229464806,2020,9
2021-02-21,36.00913697017947,43.0637321472168,52.398712899895,13.452335958865568,36.23097949403921,2020,9
2021-02-22,27.448538078240084,31.548858642578125,37.61477477785766,7.644830127735059,26.064250406602735,2020,9
2021-02-23,48.29184605951538,56.213462829589844,52.93447777966964,39.91645288431555,49.3390598882726,2020,9
2021-02-24,50.886379583392745,60.40370178222656,66.24790585258663,50.83248701051868,57.092618557181154,2020,9
2021-02-25,27.280642128882135,32.089637756347656,27.760854216929378,12.302015616644276,24.85828742970086,2020,9
2021-02-26,20.443770060158904,26.458311080932617,20.756151404317787,-0.05071320109188804,16.901879836079353,2020,9
2021-02-27,19.892572949723892,23.50343132019043,18.049865783171334,1.245736524237607,15.672901644330816,2020,9
2021-02-28,20.104485656622927,22.310924530029297,17.78013001983906,4.028602459792971,16.056035666571063,2020,9
2021-03-01,21.899606958116557,22.764772415161133,21.237580296201426,9.27642506504759,18.794596183631676,2020,9
2021-03-02,21.393585702856726,22.61917495727539,19.11029707307345,1.6216884313468256,16.1861865411381,2020,9
2021-03-03,19.81867533754297,20.52109146118164,18.196186287294054,-2.5354185180205526,14.000133641999529,2020,9
2021-03-04,20.265985389023548,18.632280349731445,16.497084907419595,-8.932731655034939,11.615654747784912,2020,9
2021-03-05,20.62901548603963,18.025611877441406,17.271139748704485,-3.5764979600293074,13.087317288039054,2020,9
2021-03-06,19.81797271437036,17.62554359436035,16.826921290709596,-9.592581925764783,11.169463918418879,2020,9
2021-03-07,19.71323985986724,17.263132095336914,16.456781396504056,-8.017541291729238,11.353903014994744,2020,9
2021-03-08,20.203081132576944,17.263132095336914,16.220540054459402,-4.798036088959368,12.222179298353474,2020,9
2021-03-09,20.192581528315984,17.16023826599121,16.726542326746088,6.20126307289053,15.070156298485951,2020,9
2021-03-10,46.838578502260994,61.33283996582031,72.79642657100906,54.71283375958396,58.920169699668584,2020,9
2021-03-11,50.53812138057226,64.39974212646484,73.57328722815885,42.52743960418822,57.759647584846036,2020,9
2021-03-12,51.51554622346803,67.24461364746094,76.71663579485288,48.65320700777543,61.03250066838931,2020,9
2021-03-13,45.48623237307543,45.54328536987305,53.68579072718257,34.40236751066615,44.7794189951993,2020,9
2021-03-14,34.257759826937985,37.8238525390625,44.046140584141895,21.497883624825963,34.40640914374209,2020,9
2021-03-15,24.185427713782236,25.705045700073242,27.615507262123458,17.881474707499848,23.846863845869695,2020,9
2021-03-16,19.52423269336803,22.715370178222656,20.469793093115445,16.377270325433688,19.771666572534954,2020,9
2021-03-17,18.204950969223404,22.715370178222656,16.105734406891603,13.039360462227314,17.51635400414124,2020,9
2021-03-18,16.93982699448971,21.86797332763672,16.891860923772,13.82735551595949,17.381754190464477,2020,9
2021-03-19,16.443426939264377,20.224987030029297,15.552596748246984,13.159817640240082,16.345207089445186,2020,9
2021-03-20,16.314160576628403,18.27815055847168,13.254151694110682,11.957237481973639,14.9509250777961,2020,9
2021-03-21,16.47389199189123,17.39823341369629,13.43484715317674,11.649592008686508,14.739141141862692,2020,9
2021-03-22,16.48273475898369,17.330488204956055,12.550193768898746,12.37915371708836,14.685642612481711,2020,9
2021-03-23,16.25468576087145,17.02950096130371,10.924872843221932,14.002907687132613,14.552991813132428,2020,9
2021-03-24,15.511604759836281,16.61235237121582,7.807131314312997,13.020431150086669,13.237879898862943,2020,9
2021-03-25,14.743720760988786,16.952226638793945,7.09750047250367,17.61933787214525,14.103196436107911,2020,9
2021-03-26,20.006105805442083,23.953250885009766,9.227944017822955,19.566902990876468,18.18855092478782,2020,9
2021-03-27,17.07588906865738,19.373910903930664,10.33914636911553,17.77240300905024,16.140337337688454,2020,9
2021-03-28,30.66261405708819,28.498085021972656,18.202891445405275,28.972021146137624,26.583902917650935,2020,9
2021-03-29,27.260772173740687,24.869016647338867,18.241458053975297,20.228152833066556,22.649849927030353,2020,9
2021-03-30,26.6167740949784,22.842012405395508,18.82848215943906,21.961437691509964,22.562176587830734,2020,9
2021-03-31,20.968800148062808,19.571077346801758,14.960792902436905,19.791663104178088,18.82308337536989,2020,9
2021-04-01,26.96666515453744,22.59443473815918,15.980911168181045,27.481423972830225,23.25585875842697,2020,9
2021-04-02,27.125799633390148,22.663410186767578,18.759146130875592,23.315842391956615,22.966049585747484,2020,9
2021-04-03,26.860144064210715,22.70047378540039,20.72989199595843,17.73029090777248,22.005200188335504,2020,9
2021-04-04,22.79653108789506,19.6752986907959,16.697723773053678,22.4942201726383,20.415943431095734,2020,9
2021-04-05,22.81560597139914,17.849206924438477,16.541684316943513,27.675564562475383,21.22051544381413,2020,9
2021-04-06,22.787649788929922,17.06077003479004,15.455788343405388,25.795982316153207,20.27504762081964,2020,9
2021-04-07,22.333721441128002,16.791114807128906,12.229940665194885,13.368778557505376,16.180888867739295,2020,9
2021-04-08,20.52208903629408,16.550525665283203,10.734567059020995,11.70123392372044,14.87710392107968,2020,9
2021-04-09,19.74666916032063,16.23053550720215,11.168471395830428,5.533516552308299,13.169798153915377,2020,9
2021-04-10,20.53412456273637,16.139284133911133,12.693750696343576,8.637721218899905,14.501220152972746,2020,9
2021-04-11,20.566114103959524,15.796365737915039,10.8014745550412,8.880268206217792,14.011055650783387,2020,9
2021-04-12,19.733409500900724,15.689128875732422,9.329377566075557,15.195466406547045,14.986845587313937,2020,9
2021-04-13,19.705079507031552,15.689128875732422,10.420108501005581,7.910217645071505,13.431133632210265,2020,9
2021-04-14,19.578000534582493,15.794011116027832,10.105965903804243,7.842586579649357,13.33014103351598,2020,9
2021-04-15,19.68439302408814,15.92703628540039,10.850162666246952,5.5689007578274285,13.007623183390727,2020,9
2021-04-16,19.630795548007374,15.87295150756836,10.730371530981534,5.368881247512249,12.900749958517379,2020,9
2021-04-17,19.020038356861665,15.530025482177734,9.482753394850189,5.804952357485291,12.45944239784372,2020,9
2021-04-18,18.590198589938282,15.530025482177734,9.096909861146216,9.757325187134061,13.243614780099072,2020,9
2021-04-19,18.905708624094608,15.87295150756836,8.156419291116016,8.536501936788863,12.867895339891962,2020,9
2021-04-20,18.426380392897897,15.87295150756836,9.718116840902967,10.29889705431387,13.579086448920773,2020,9
2021-04-21,18.312193068108826,15.92703628540039,10.031586694798786,13.113998171639686,14.346203554986923,2020,9
2021-04-22,20.77886722378396,17.52614974975586,11.006018251771508,12.457183924362365,15.442054787418424,2020,9
2021-04-23,24.90261916647577,19.304426193237305,11.811440425693108,28.560852799144836,21.144834646137756,2020,9
2021-04-24,26.89770602241596,20.83124542236328,11.018764638647227,27.193998040761553,21.485428531047006,2020,9
2021-04-25,26.615208178950663,20.3808536529541,8.989279711311447,22.541457587240608,19.631699782614206,2020,9
2021-04-26,21.18502483733438,18.046571731567383,8.172652489990877,14.337622930604692,15.435467997374335,2020,9
2021-04-27,18.65977050874274,16.72319984436035,8.328168328195925,14.443960611511887,14.538774823202726,2020,9
2021-04-28,19.44734787559821,17.03801918029785,11.970273312581595,9.843809039238387,14.574862351929012,2020,9
2021-04-29,18.642263156373023,16.350072860717773,9.38205804681769,3.984880210746887,12.089818568663842,2020,9
2021-04-30,21.350631154273056,17.557558059692383,8.347042226714095,3.9122163946626145,12.791861958835538,2020,9
2021-05-01,19.103155911586263,16.17970085144043,5.676924473183579,1.392748173667318,10.588132352469398,2020,9
2021-05-02,18.10487771979978,16.289026260375977,5.377005090218221,9.947165554998396,12.429518656348094,2020,9
2021-05-03,41.91917591453687,58.59239196777344,49.515560676200096,47.451829053564055,49.36973940301861,2020,9
2021-05-04,39.91406476792253,46.68010711669922,30.850403017449935,29.589147234087555,36.75843053403981,2020,9
2021-05-05,24.2884853046599,29.62523651123047,15.313697123998335,11.963326933856006,20.29768646843618,2020,9
2021-05-06,20.023619197699432,21.674203872680664,9.858083246988945,3.5699560830515686,13.781465600105154,2020,9
2021-05-07,19.368882858813155,19.847198486328125,10.880032686143984,12.795742915980647,15.722964236816477,2020,9
2021-05-08,42.87629192696817,58.128170013427734,60.50275986592261,58.62759512475209,55.03370423276765,2020,9
2021-05-09,33.34187006764587,37.347923278808594,30.96409132708006,33.997895934173,33.91294515192688,2020,9
2021-05-10,31.879717700989158,26.774272918701172,19.96646640297264,16.917257335825884,23.884428589622214,2020,9
2021-05-11,25.139409077598746,23.491775512695312,23.1044921151668,11.062509614997467,20.699546580114582,2020,9
2021-05-12,27.921157871743254,29.57402992248535,39.11450695114299,15.94445804518783,28.138538197639857,2020,9
2021-05-13,34.6152283500441,34.82543182373047,45.65933315052929,26.42490241393667,35.38122393456013,2020,9
2021-05-14,28.771624262899024,25.8337459564209,29.779043179807672,14.56570254660491,24.737528986433126,2020,9
2021-05-15,29.95055287078418,25.017065048217773,25.743771207633795,15.221996585002746,23.983346427909623,2020,9
2021-05-16,29.23955684982967,30.381582260131836,34.57480578324326,10.435898958654946,26.15796096296493,2020,9
2021-05-17,26.61652147282158,27.668346405029297,27.171974054129343,4.657727952563473,21.528642471135925,2020,9
2021-05-18,21.086277158682236,22.09600257873535,17.043059212528505,8.737050376382633,17.24059733158218,2020,9
2021-05-19,20.77540893302087,20.831098556518555,21.000631219893837,9.40123167324624,18.002092595669875,2020,9
2021-05-20,40.73853279319012,44.38036346435547,41.762435737336574,38.34433476833672,41.306416690804724,2020,9
2021-05-21,52.21280730510531,73.37744140625,73.05528896446053,47.17061242014993,61.45403752399144,2020,9
2021-05-22,39.02490462517368,38.47994613647461,33.64755723299601,19.985569328275652,32.78449433072999,2020,9
2021-05-23,36.609244266099026,31.609159469604492,32.07937273263846,18.431240534350053,29.682254250673008,2020,9
2021-05-24,33.33349623904609,27.222169876098633,36.58803004198889,15.034578275360087,28.044568608123424,2020,9
2021-05-25,30.07689432298323,28.66352653503418,45.78894664367389,10.540957848238257,28.76758133748239,2020,9
2021-05-26,23.167222391215816,22.493459701538086,38.45919188012158,1.4506761973974314,21.392637542568227,2020,9
2021-05-27,21.49125835185233,21.265047073364258,31.945994149188056,6.1949771554830555,20.224319182471927,2020,9
2021-05-28,21.684049735673455,20.06085205078125,32.1459745152016,13.508040587573724,21.84972922230751,2020,9
2021-05-29,23.019037695199618,19.220928192138672,33.020394040671164,18.737080985252618,23.499360228315517,2020,9
2021-05-30,22.430012915701493,18.121387481689453,29.89639066117892,15.129071879153233,21.394215734430773,2020,9
2021-05-31,21.872574274945045,17.982666015625,33.018416258966305,17.555027721628964,22.607171067791327,2020,9
2021-06-01,23.55920110260679,18.769298553466797,32.18719277558618,22.48117067426877,24.249215776482135,2020,9
2021-06-02,21.69360817911433,17.13404083251953,31.900550069549507,17.166587571624376,21.973696663201938,2020,9
2021-06-03,19.174573302974277,16.075868606567383,27.878111272329743,13.832082018276434,19.240158800036962,2020,9
2021-06-04,19.19814130000788,15.699687957763672,33.25549487294609,12.564096756278637,20.17935522174907,2020,9
2021-06-05,18.657180552572083,15.703805923461914,27.71116439722926,13.10987674505457,18.795506904579458,2020,9
2021-06-06,19.344800893454632,15.497442245483398,22.040643757149304,12.904157958482237,17.446761213642393,2020,9
2021-06-07,18.078605711309226,13.172811508178711,18.93845334563662,11.723099026378346,15.478242397875725,2020,9
2021-06-08,18.42202840181686,11.970706939697266,12.121531412396443,9.47327163980302,12.996884598428398,2020,9
2021-06-09,18.617038159138836,11.551216125488281,10.411030510513479,12.286645749912001,13.216482636263148,2020,9
2021-06-10,19.473949550867413,10.636907577514648,11.089139320140786,7.117736271243562,12.079433179941603,2020,9
2021-06-11,19.431771611358236,9.789224624633789,1.2589748200923097,13.55654273280664,11.009128447222743,2020,9
2021-06-12,20.300177007759306,10.030876159667969,5.498327549275663,11.89928720360933,11.932166980078065,2020,9
2021-06-13,22.207193268840303,11.170763969421387,7.1305510790612265,16.024499827973983,14.133252036324224,2020,9
2021-06-14,21.35169082674608,10.342973709106445,0.538513854126932,13.100995630915556,11.333543505223753,2020,9
2021-06-15,21.16156977706738,10.441390037536621,5.707522668950562,7.406295719791558,11.179194550836531,2020,9
2021-06-16,20.239091500589883,10.355657577514648,2.035056699827779,10.279366663036686,10.72729311024225,2020,9
2021-06-17,20.695622331111046,10.283123016357422,4.634812310531877,14.034399043919187,12.411989175479883,2020,9
2021-06-18,20.8729620312163,10.283123016357422,4.118389349935897,10.430028627609172,11.4261257562797,2020,9
2021-06-19,25.6927427923249,14.311637878417969,11.839610455279486,15.145469493527681,16.747365154887508,2020,9
2021-06-20,23.85969365913462,12.718280792236328,18.905764284912102,26.693142164066597,20.54422022508741,2020,9
2021-06-21,22.443979199997127,12.665879249572754,12.588300315645412,18.448573517852555,16.536683070766962,2020,9
2021-06-22,21.974192766513944,11.771760940551758,9.094632217434215,14.261871387270201,14.275614327942531,2020,9
2021-06-23,21.32803168711147,10.877193450927734,4.575090437482527,13.323209401627985,12.52588124428743,2020,9
2021-06-24,21.345543292945784,10.448585510253906,6.486079511512341,14.113469942417652,13.098419564282421,2020,9
2021-06-25,21.993526451515987,11.74148178100586,6.906552595941499,21.133758219171828,15.443829761908795,2020,9
2021-06-26,21.249193757172502,10.992902755737305,6.1413216242367055,8.67912459660382,11.765635683437583,2020,9
2021-06-27,26.81265820844601,24.274429321289062,30.03366686756821,23.846585323244536,26.241834930136957,2020,9
2021-06-28,26.654602815227225,26.493982315063477,34.32363341972622,20.27473723728717,26.936738946826022,2020,9
2021-06-29,22.854299048177744,17.92540168762207,23.44550123979461,14.027126600896178,19.56308214412265,2020,9
2021-06-30,19.28536431976791,17.296239852905273,17.136973550810954,6.241386087395007,14.989990952719785,2020,9
2021-07-01,54.375469654784126,63.7142448425293,64.50253970854016,86.78358859801288,67.34396070096662,2020,9
2021-07-02,76.69977296970548,82.7536392211914,79.703676213613,85.54938270073839,81.17661777631207,2020,9
2021-07-03,77.4561408171471,77.70320892333984,82.65620352725384,91.05836101714492,82.21847857122142,2020,9
2021-07-04,78.63785296213966,82.74768829345703,92.4973567930234,94.27591879630093,87.03970421123026,2020,9
2021-07-05,79.97686046140484,82.59100341796875,95.27265778653384,113.08201052226988,92.73063304704434,2020,9
2021-07-06,79.70610654662312,76.05445098876953,92.27107317429879,108.97159850276503,89.25080730311413,2020,9
2021-07-07,82.32819472612194,79.95026397705078,106.42796859358788,120.50839680771807,97.30370602611967,2020,9
2021-07-08,81.52830640341656,73.64189147949219,78.7738827080056,101.43365325143998,83.84443346058859,2020,9
2021-07-09,82.64730364982314,79.92179870605469,76.31616299709715,97.3868417452464,84.06802677455534,2020,9
2021-07-10,82.1172164160356,85.12210083007812,98.73359665879562,108.75575511883198,93.68216725593533,2020,9
2021-07-11,86.67543819836446,97.20629119873047,119.42499618261942,131.923318496441,108.80751101903883,2020,9
2021-07-12,86.60532256238201,98.4765396118164,111.56742301416344,105.04619300203896,100.42386954760022,2020,9
2021-07-13,85.7474637770554,93.67244720458984,110.83333171162424,102.45042375994167,98.17591661330279,2020,9
2021-07-14,84.60796024330584,82.39037322998047,102.54976332655212,94.86262852971046,91.10268133238722,2020,9
2021-07-15,83.31302265987068,76.55999755859375,85.09522231897319,81.63610543537936,81.65108699320425,2020,9
2021-07-16,84.66869044025735,82.18629455566406,99.54842842990917,78.24362248745629,86.16175897832173,2020,9
2021-07-17,86.78442397092321,83.51556396484375,112.98701875419209,77.5487481646017,90.2089387136402,2020,9
2021-07-18,87.03923475368279,87.88480377197266,104.47149554462501,78.34965005660914,89.4362960317224,2020,9
2021-07-19,86.47594382028497,91.88174438476562,106.60281840139417,77.92259077496493,90.72077434535242,2020,9
2021-07-20,86.00062645367395,90.85843658447266,108.12320695075826,79.10268966854115,91.02123991436149,2020,9
2021-07-21,87.70060319854103,94.55342864990234,116.26559490141732,99.76931339572039,99.57223503639528,2020,9
2021-07-22,91.7614887118116,103.46730041503906,115.84969556456386,98.89904799344933,102.49438317121596,2020,9
2021-07-23,92.66858648483158,105.01583862304688,119.37469125102817,111.90299911347459,107.24052886809531,2020,9
2021-07-24,96.00011487510803,103.98314666748047,122.6783164004649,96.93393705131182,104.8988787485913,2020,9
2021-07-25,97.78664399831543,98.5282211303711,107.36206129062593,101.56686679557852,101.31094830372274,2020,9
2021-07-26,96.66857810158213,99.89704132080078,112.1027323009999,105.21325265054199,103.4704010934812,2020,9
2021-07-27,97.21782180869603,96.07855987548828,92.95906925732942,101.43176318479365,96.92180353157684,2020,9
2021-07-28,97.55172509189086,92.49016571044922,88.02585873492816,113.47231171902928,97.88501531407438,2020,9
2021-07-29,99.55922053817963,91.1651382446289,88.71417669958362,113.46131586613723,98.22496283713234,2020,9
2021-07-30,100.66471134135976,89.34254455566406,96.48302833106368,101.1652093209001,96.9138733872469,2020,9
2021-07-31,103.1147353418944,84.4601821899414,90.48530086561254,85.6426928817886,90.92572781980924,2020,9
2021-08-01,102.81469041713083,84.16883087158203,87.36246868884487,81.87045434419912,89.05411108043921,2020,9
2021-08-02,108.32459187397856,88.48038482666016,92.4387588811485,101.32244599093285,97.64154539318002,2020,9
2021-08-03,110.67651467432111,91.95693969726562,96.06433229224845,98.644552679197,99.33558483575806,2020,9
2021-08-04,113.89437009698727,91.55050659179688,101.23718554129424,97.0005828387063,100.92066126719617,2020,9
2021-08-05,117.31770237661556,91.9242172241211,106.5834754586864,101.97207251976613,104.4493668947973,2020,9
2021-08-06,116.49065877933162,88.61538696289062,99.31041136484936,111.16217111265507,103.89465705493167,2020,9
2021-08-07,118.03434960329636,88.60081481933594,102.27138204186086,105.8760937313301,103.69566004895582,2020,9
2021-08-08,116.24128667961475,88.76210021972656,100.23898523631357,109.16129926168085,103.60091784933394,2020,9
2021-08-09,90.52457106382616,70.52142333984375,82.97135491242611,68.55344121518827,78.14269763282107,2020,9
2021-08-10,82.36912341003267,66.97787475585938,65.7329492397018,63.9314875871331,69.75285874818174,2020,9
2021-08-11,77.85113265938536,63.78135681152344,61.670766312220714,61.080563183440496,66.0959547416425,2020,9
2021-08-12,76.48332541354239,63.388153076171875,58.999515479427274,59.261967016988535,64.53324024653251,2020,9
2021-08-13,74.00065201605761,65.5562744140625,60.86538814443191,65.55799740063284,66.49507799379622,2020,9
2021-08-14,75.98934374522575,66.32118225097656,58.017375332038036,62.37662289109104,65.67613105483285,2020,9
2021-08-15,75.64715965613566,67.07176208496094,60.8795033175401,66.42704554009381,67.50636764968263,2020,9
2021-08-16,75.48189184044857,67.75171661376953,67.0277693636958,69.92581135537864,70.04679729332312,2020,9
2021-08-17,74.7270901754461,67.31368255615234,54.893021930498584,70.74709415229412,66.92022220359779,2020,9
2021-08-18,73.58198160816185,67.4541244506836,63.046841907290236,69.21082868519132,68.32344416283175,2020,9
2021-08-19,50.9607003456404,48.85892868041992,45.14733986533421,14.423497226845981,39.84761652956013,2020,9
2021-08-20,48.9725019998751,48.19398498535156,45.92366289409966,14.208362016744864,39.3246279740178,2020,9
2021-08-21,48.0696351861655,48.08430480957031,46.14732836439708,21.062788022381522,40.8410140956286,2020,9
2021-08-22,48.36253283954505,44.94554138183594,43.766649253628806,20.55236969334108,39.40677329208772,2020,9
2021-08-23,34.35696534947916,33.03132629394531,32.22058995586131,-11.2303154906494,22.094641527159094,2020,9
2021-08-24,24.71606125063104,26.56248664855957,24.51689467753323,-3.207671846371177,18.14694268258817,2020,9
2021-08-25,20.516406927005487,23.20399284362793,21.582268249053623,-5.872942024974989,14.857431498678014,2020,9
2021-08-26,17.653310020574782,21.14799690246582,16.652322339407352,-7.561186587820718,11.973110668656808,2020,9
2021-08-27,16.325697745113526,19.54058074951172,16.34198409198092,-6.742276137518626,11.366496612271884,2020,9
2021-08-28,15.298652456934626,18.416799545288086,14.355408809481425,-11.282590656531688,9.197067538793112,2020,9
2021-08-29,12.908959274747426,17.826522827148438,15.52066291858462,-0.8612325222530117,11.348728124556867,2020,9
2021-08-30,11.247516613618533,17.27928352355957,15.589938542062518,-3.811248091825888,10.076372646853683,2020,9
2021-08-31,32.32773718774601,37.03738021850586,39.04184978351571,53.844120345143295,40.56277188372772,2020,9
2021-09-01,37.96205996854593,43.78201675415039,46.434527070010816,55.164964502706304,45.83589207385336,2020,9
2021-09-02,42.29677387573494,50.62994384765625,60.377691602195775,60.89825421178652,53.550665884343374,2020,9
2021-09-03,46.14816665137415,56.53154754638672,59.01717943024394,50.04952072360568,52.936603587902624,2020,9
2021-09-04,57.852308184064796,56.59403991699219,58.191136488141446,57.23681778437168,57.46857559339253,2020,9
2021-09-05,61.87454242129279,57.94478988647461,58.214683741839956,58.26858016302487,59.07564905315805,2020,9
2021-09-06,64.526374019691,60.74188232421875,69.60878144673765,54.3442774743045,62.30532881623798,2020,9
2021-09-07,67.50431632859663,66.43596649169922,68.1934195752868,67.33035917423986,67.36601539245562,2020,9
2021-09-08,63.43412907332242,59.77199935913086,63.13705005333044,60.96042021519108,61.8258996752437,2020,9
2021-09-09,63.00031091130673,58.45013427734375,49.703790567390776,54.831674307656414,56.49647751592442,2020,9
2021-09-10,61.82167432649182,58.344242095947266,54.7800526297635,64.22387978303826,59.792462208810214,2020,9
2021-09-11,61.679213176366765,57.59917068481445,54.65948105654893,59.002592322758254,58.23511431012211,2020,9
2021-09-12,63.19172227326662,58.871883392333984,57.78609681334682,55.8981130379376,58.93695387922126,2020,9
2021-09-13,64.612173861925,62.13577651977539,62.346585918589554,59.31503844460251,62.10239368622311,2020,9
2021-09-14,62.22393796757798,60.59973907470703,61.04409152267729,49.063469775110036,58.23280958501809,2020,9
2021-09-15,60.86065088346848,58.070186614990234,56.254082806575944,47.607375239828244,55.698073886215724,2020,9
2021-09-16,61.71958039218543,56.9227294921875,49.229106852265325,48.45653085244798,54.08198689727156,2020,9
2021-09-17,63.20313680307885,59.68235397338867,58.93660026472636,54.037194899920735,58.964821485278655,2020,9
2021-09-18,62.607338199377445,57.88105773925781,57.39888743598366,51.95697750969522,57.46106522107853,2020,9
2021-09-19,60.90585353340488,55.52834701538086,52.855622614311095,58.49631495883948,56.94653453048407,2020,9
2021-09-20,61.822171055652284,55.005706787109375,53.69374258911629,61.889903488235014,58.10288098002824,2020,9
2021-09-21,60.92915249968324,55.91373062133789,51.013033825984756,56.92998309215368,56.19647500978989,2020,9
2021-09-22,61.4552504039208,54.939613342285156,53.59780991174904,60.87723080265724,57.717476115153055,2020,9
2021-09-23,58.46598824029629,54.89555358886719,50.76651692481373,62.51503260483911,56.66077283970408,2020,9
2021-09-24,59.528055477460654,55.14238357543945,53.04643679676197,54.7264466404271,55.61083062252229,2020,9
2021-09-25,59.06087419710473,57.158790588378906,57.01998633907159,51.55490727173952,56.19863959907369,2020,9
2021-09-26,59.47156953730441,58.28396224975586,55.904123317339874,65.84071142657302,59.87509163274329,2020,9
2021-09-27,55.42646827382733,49.488441467285156,50.137728243382504,58.116202393863816,53.292210094589706,2020,9
2021-09-28,53.7941433285272,48.1732292175293,45.08338970191351,57.85762861174422,51.227097714928554,2020,9
2021-09-29,51.94327564362074,45.831504821777344,34.52917084688293,51.30876956064323,45.90318021823106,2020,9
2021-09-30,53.22924646386352,45.89057159423828,34.35064620460573,61.40410129801569,48.71864139018081,2020,9
2021-10-01,51.118845971375436,44.429901123046875,33.18224513533954,51.62248002494954,45.08836806367785,2020,9
2021-10-02,49.78927585188526,43.182804107666016,31.567540227521107,50.527124228661094,43.76668610393337,2020,9
2021-10-03,48.83036056551169,38.460262298583984,23.609526450319947,54.70348095112098,41.40090756638415,2020,9
2021-10-04,50.86936797741103,39.0091552734375,32.64282291154421,66.13185881133319,47.163301243431484,2020,9
2021-10-05,59.121738174610456,45.92970275878906,43.14188343332453,73.13943309395759,55.33318936517041,2020,9
2021-10-06,57.063720421799445,52.46110534667969,42.68274467798564,52.44989583816157,51.16436657115659,2020,9
2021-10-07,60.531247938486054,57.36922073364258,43.84556225518418,51.657212940462706,53.350810966943875,2020,9
2021-10-08,59.07170209397185,54.53339767456055,53.8415392973463,47.188757407465886,53.65884911833614,2020,9
2021-10-09,58.29412399396966,51.58956527709961,60.80871952819704,45.496134165728954,54.047135741248816,2020,9
2021-10-10,57.50874151151775,50.95100402832031,64.64989973489192,49.866528034256916,55.74404332724673,2020,9
2021-10-11,56.16725784317237,51.85942840576172,61.32746157670607,49.74796849979658,54.77552908135918,2020,9
2021-10-12,57.01701784409458,49.773128509521484,55.721479923090875,56.73320318482861,54.81120736538389,2020,9
2021-10-13,55.68273520505803,49.56364440917969,52.93817109644408,42.38747676884958,50.143006869882846,2020,9
2021-10-14,56.86206896015523,50.53718948364258,72.91110749882647,41.37810043314187,55.42211659394154,2020,9
2021-10-15,55.92810037519844,51.324398040771484,73.60156429208743,40.69800965028836,55.38801808958643,2020,9
2021-10-16,57.12080561018066,53.033267974853516,77.55270555828025,41.025151913888465,57.182982764300725,2020,9
2021-10-17,56.26303182816181,52.91299819946289,77.75801286845733,45.05671758181393,57.99769011947399,2020,9
2021-10-18,54.332614660578905,51.745609283447266,75.5816930993451,50.49533845917142,58.038813875635675,2020,9
2021-10-19,53.425223144125276,50.9881477355957,39.15848032410153,68.99426007888673,53.14152782067731,2020,9
2021-10-20,52.24001574869406,49.38764572143555,28.36347544913072,64.8529252919155,48.71101555279395,2020,9
2021-10-21,49.85778616028288,47.11162185668945,43.91578944138097,48.14638585403347,47.25789582809669,2020,9
2021-10-22,47.97677906053015,45.784671783447266,42.78965095028387,45.79181098441434,45.5857281946689,2020,9
2021-10-23,47.85371631675015,46.72238540649414,39.67406566824583,50.714058144622086,46.241056384028056,2020,9
2021-10-24,48.134262719386996,47.43882751464844,36.752065638744405,52.341432652008635,46.166647131197124,2020,9
2021-10-25,36.58308537001354,29.92186737060547,18.72565592691394,6.149218647509812,22.844956828760694,2020,9
2021-10-26,29.695204082640952,25.790264129638672,13.918792758880853,17.998379583100558,21.85066013856526,2020,9
2021-10-27,30.77974930265955,23.765243530273438,8.767020054821941,18.08752125813885,20.349883536473445,2020,9
2021-10-28,33.77902578219286,25.2408447265625,13.27451993934825,31.941269014667824,26.05891486569286,2020,9
2021-10-29,32.86487994788096,23.313661575317383,13.280489532154341,30.487042567089254,24.986518405610482,2020,9
2021-10-30,23.378152789872633,20.28917694091797,8.097094423012875,9.018489630649754,15.195728446113307,2020,9
2021-10-31,40.7386090027182,37.27204132080078,31.79586041358914,38.77696256964482,37.14586832668823,2020,9
2021-11-01,26.11746806420227,22.729673385620117,13.784524633141274,12.38805299021925,18.754929768295728,2020,9
2021-11-02,21.62131307164466,19.09010124206543,9.675183747262672,-0.6968183856220271,12.422444918837684,2020,9
2021-11-03,16.94931693879677,17.314363479614258,11.325467676718905,-8.28900155076164,9.325036636092072,2020,9
2021-11-04,15.990259950747694,16.9650821685791,9.474623618704134,-11.987339679070299,7.610656514740158,2020,9
2021-11-05,14.39248479870327,16.88349723815918,7.99753543543911,-11.588358737883697,6.921289683604467,2020,9
2021-11-06,16.126021095716688,18.429502487182617,7.612876133115396,13.65102560589203,13.954856330476684,2020,9
2021-11-07,14.684696660709434,16.561052322387695,7.405938402188253,-0.18594154218977366,9.616436460773903,2020,9
2021-11-08,12.884762231519312,16.619131088256836,6.5367141953025,-11.950118502591023,6.022622253121906,2020,9
2021-11-09,12.087034101284338,16.21767807006836,5.834578773030768,-4.790391454922609,7.337224872365215,2020,9
2021-11-10,11.650570450417433,15.641460418701172,5.652146964980029,-7.735301734613149,6.302219024871371,2020,9
2021-11-11,11.540317008184267,16.126426696777344,6.454303327635359,-6.126687889552436,6.998589785761133,2020,9
2021-11-12,14.896141049203454,18.898923873901367,8.580856655984313,20.952433904268204,15.832088870839334,2020,9
2021-11-13,12.24067166772913,16.262794494628906,6.624616328901261,-1.7454667618956137,8.345653932340921,2020,9
2021-11-14,11.395535596933398,16.248088836669922,5.994016986732266,-13.043511877643441,5.148532385673036,2020,9
2021-11-15,11.670826292561966,15.984381675720215,7.610075531057323,-14.253855204999608,5.252857073584973,2020,9
2021-11-16,11.065607125476738,15.641460418701172,6.645703921940366,-5.782315967822868,6.892613874573852,2020,9
2021-11-17,10.295412166708527,15.641460418701172,5.5013933249745826,-0.32035146024266936,7.779478612535403,2020,9
2021-11-18,11.902812186942784,16.662630081176758,7.2367641139053,7.679989780298044,10.870549040580721,2020,9
2021-11-19,11.147443614158613,15.91351318359375,6.146402318302271,-10.03260445007724,5.793688666494348,2020,9
2021-11-20,10.735607649556494,15.431757926940918,5.783055080919825,-6.4400210815800065,6.377599893959307,2020,9
2021-11-21,10.144461429295097,13.732589721679688,4.096593154464508,-4.071603112587084,5.975510298213052,2020,9
2021-11-22,10.30527000052241,12.464569091796875,6.106889883677157,-13.46577677274739,3.8527380508122633,2020,9
2021-11-23,10.496714656720863,12.011577606201172,7.02574685010536,-16.36095908837399,3.2932700061633513,2020,9
2021-11-24,10.320264694961466,11.078897476196289,5.9240997163939655,-15.69668937409864,2.90664312836327,2020,9
2021-11-25,9.93679620030026,10.696353912353516,5.707117016131424,-8.178479962991542,4.540446791448414,2020,9
2021-11-26,17.87860257539759,17.026222229003906,13.830586727538307,23.992050111373715,18.18186541082838,2020,9
2021-11-27,31.450317663365176,38.12784194946289,39.34209409306968,32.22022972116673,35.28512085676612,2020,9
2021-11-28,16.97680726663384,20.370325088500977,17.383512299049613,-1.6021583728816182,13.282121570325703,2020,9
2021-11-29,16.19710270620306,17.39676284790039,14.584170008970121,-6.3791424273161965,10.449723283939344,2020,9
2021-11-30,25.57166619640784,25.073888778686523,18.818362117887034,22.768640059369304,23.058139288087677,2020,9
2021-12-01,25.123989151743444,24.111534118652344,21.221551407819387,24.725406447720708,23.79562028148397,2020,9
2021-12-02,16.265714971558012,19.084806442260742,15.474934409610317,-5.449092688517723,11.344090783727836,2020,9
2021-12-03,23.130893239441036,25.25704002380371,22.694670511398904,28.73734777782785,24.954987888117873,2020,9
2021-12-04,32.219157324083184,28.600839614868164,28.185404517301187,43.390726577477636,33.099032008432545,2020,9
2021-12-05,33.17616788993375,30.735383987426758,25.962586801963614,35.68458261356557,31.38968032322242,2020,9
2021-12-06,28.079577619075895,28.70163917541504,27.48394382006787,28.035779525038045,28.075235034899208,2020,9
2021-12-07,39.4416980074296,38.64093780517578,39.82410278402077,48.708545199031576,41.65382094891443,2020,9
2021-12-08,43.47271482404919,43.92310333251953,37.97843825393042,48.73332463175821,43.52689526056434,2020,9
2021-12-09,34.06593238078361,35.41246032714844,31.62516687228458,35.28504803661089,34.09715190420688,2020,9
2021-12-10,37.034301076786534,31.855510711669922,28.707784153839516,39.46640367567889,34.26599990449371,2020,9
2021-12-11,29.661039694112965,30.225568771362305,25.174277634207755,31.205784120348717,29.066667555007932,2020,9
2021-12-12,32.210731172503536,31.515920639038086,26.768168527550383,41.707186649738205,33.05050174720755,2020,9
2021-12-13,31.36327248718031,31.33893394470215,26.759710744214978,34.8677180135877,31.082408797421287,2020,9
2021-12-14,29.034569496307032,30.282203674316406,25.10371852166511,36.367669319710615,30.19704025299979,2020,9
2021-12-15,29.514621494943956,30.490697860717773,26.381737727249025,29.57128338132145,28.989585116058052,2020,9
2021-12-16,29.060077743087625,30.073488235473633,28.2854668609854,30.82873587631515,29.561942178965452,2020,9
2021-12-17,11.081880800997855,10.937019348144531,8.668810089436732,14.684688443486358,11.34309967051637,2021,2
2021-12-18,11.149323346138171,10.966875076293945,5.611869975704504,14.096931426189535,10.456249956081539,2021,2
2021-12-19,11.224010104091843,10.988082885742188,6.247821179182423,17.439576664831655,11.474872708462026,2021,2
2021-12-20,11.988586916830153,11.058581352233887,6.327544365226372,15.47954124478835,11.21356346976969,2021,2
2021-12-21,14.834930873638493,11.974382400512695,10.616761075935349,18.781152131171048,14.051806620314396,2021,2
2021-12-22,16.05558145194764,11.931422233581543,10.108144832910867,15.640794202162228,13.433985680150569,2021,2
2021-12-23,14.769585517354907,11.334244728088379,6.8620026493640385,10.768477055419066,10.933577487556597,2021,2
2021-12-24,18.22472196668609,14.248083114624023,12.416190012162197,9.828093579851465,13.679272168330943,2021,2
2021-12-25,24.37000956623912,18.580163955688477,32.88872827271914,15.078759348815861,22.729415285865652,2021,2
2021-12-26,16.48478071069852,15.561298370361328,17.757010440563498,6.545378680125894,14.087117050437309,2021,2
2021-12-27,21.326035863986387,17.46517562866211,21.02142792107167,17.841661038378763,19.413575113024734,2021,2
2021-12-28,37.90131726309157,31.184520721435547,36.21612873693964,38.88778140159464,36.04743703076535,2021,2
2021-12-29,40.16680705287969,36.80394744873047,39.205216622530024,33.313126957503044,37.372274520410805,2021,2
2021-12-30,34.35168441835329,32.50368118286133,35.787067273440464,33.54660180480724,34.04725866986558,2021,2
2021-12-31,44.123723628471645,36.463565826416016,45.87190572154351,43.26873568551951,42.43198271548767,2021,2
2022-01-01,36.77925602081109,26.39327049255371,29.50319497358247,26.07844482245432,29.688541577350396,2021,2
2022-01-02,44.538154946680166,36.41453552246094,49.069314439316145,36.86046858015569,41.72061837215323,2021,2
2022-01-03,29.239283902871033,25.132129669189453,37.98295047222582,16.425141682377593,27.194876431665975,2021,2
2022-01-04,27.482778404577495,21.35469627380371,28.132585227337525,20.644958422363818,24.403754582020635,2021,2
2022-01-05,21.7846133584768,19.715330123901367,22.288486927989283,10.347986667742635,18.53410426952752,2021,2
2022-01-06,30.947794887890645,25.104019165039062,33.66757623060704,33.210958058342754,30.732587085469874,2021,2
2022-01-07,37.27134573794306,27.45676040649414,38.97712374140608,28.10449997808903,32.95243246598307,2021,2
2022-01-08,54.512904994602366,45.08207702636719,60.60975748857053,53.16145960417047,53.341549778427634,2021,2
2022-01-09,26.721660125853482,26.634098052978516,32.96765234788395,12.226877908193776,24.63757210872743,2021,2
2022-01-10,24.70430999157167,22.288686752319336,35.274130724933,10.757591335405374,23.25617970105735,2021,2
2022-01-11,21.532921355870414,19.872177124023438,26.987394997577297,10.689517427487157,19.770502726239577,2021,2
2022-01-12,20.94444585246907,19.014245986938477,26.049095364873217,10.261245599925585,19.067258201051587,2021,2
2022-01-13,21.667012191640126,19.056795120239258,26.244973111500887,10.15495711257485,19.28093438398878,2021,2
2022-01-14,21.711208230456837,18.772472381591797,21.34974087048335,15.893063901561199,19.43162134602329,2021,2
2022-01-15,20.9110571264124,18.75038719177246,21.33680353293029,9.532478872270651,17.632681680846453,2021,2
2022-01-16,19.424745555645842,18.223989486694336,22.52051557707648,12.018130998989674,18.046845404601584,2021,2
2022-01-17,20.258479863484517,18.31222915649414,20.133088611326205,9.101458336792911,16.951313992024446,2021,2
2022-01-18,20.601426836050898,18.525686264038086,23.365519135232553,8.850801446545344,17.83585842046672,2021,2
2022-01-19,19.14596183055788,18.223989486694336,24.469073006121505,13.280447997612569,18.779868080246573,2021,2
2022-01-20,19.723996963115837,18.05723762512207,20.62552565728262,11.151293308435353,17.38951338848897,2021,2
2022-01-21,20.49824728010965,18.479076385498047,23.5793807706868,8.93852462640377,17.873807265674568,2021,2
2022-01-22,19.92111343207486,18.223989486694336,20.775581144343008,10.541769006320827,17.365613267358256,2021,2
2022-01-23,21.23062122485273,18.34096908569336,22.414786682253574,16.25063550771754,19.559253125129302,2021,2
2022-01-24,21.994047753734357,19.3415584564209,27.669271662917087,22.781277040014434,22.946538728271694,2021,2
2022-01-25,22.113334626196963,19.658681869506836,34.60550649139831,12.804073563816992,22.295399137729774,2021,2
2022-01-26,19.340656928983016,18.95665168762207,28.687513084718482,12.619332369332993,19.90103851766414,2021,2
2022-01-27,19.63830567384474,18.490495681762695,26.66737244673836,15.990989023836384,20.196790706545542,2021,2
2022-01-28,19.626214600647376,18.95665168762207,25.016682046135532,12.429209922440199,19.00718956421129,2021,2
2022-01-29,36.41241249721511,32.32980728149414,49.29082436177719,50.13631587308711,42.04234000339339,2021,2
2022-01-30,22.690644637563917,23.618396759033203,33.370514854064325,18.343941298454624,24.505874387279018,2021,2
2022-01-31,26.793384825588245,26.19331169128418,30.69675144948011,21.388260453294635,26.26792710491179,2021,2
2022-02-01,30.473635764984408,28.963977813720703,36.27652424997348,22.68407700710117,29.59955370894494,2021,2
2022-02-02,22.078065655477182,23.008642196655273,25.958128548843916,16.676529891087807,21.930341573016047,2021,2
2022-02-03,18.544591596164242,19.13455581665039,18.698280987226127,18.26697205992067,18.661100114990354,2021,2
2022-02-04,28.078446229893498,24.124114990234375,24.706549916137053,32.3088374514675,27.304487146933106,2021,2
2022-02-05,27.387553701074538,24.574495315551758,24.16964811617013,22.380491306354042,24.62804710978762,2021,2
2022-02-06,47.5777546980252,42.99144744873047,58.6734657716212,43.60712378876713,48.212447926786,2021,2
2022-02-07,24.113662381309442,24.388673782348633,28.325865996465243,12.743768927216053,22.39299277183484,2021,2
2022-02-08,22.16362584204559,19.470993041992188,20.790742009774803,19.53196598594063,20.489331719938303,2021,2
2022-02-09,20.042318667899153,17.63123321533203,18.940220709382096,17.19129321156552,18.4512664510447,2021,2
2022-02-10,20.020717141664612,17.30712127685547,19.848189659890142,17.421604252645732,18.64940808276399,2021,2
2022-02-11,19.55624920543717,17.002758026123047,19.969915666365527,10.48576354638037,16.753671611076527,2021,2
2022-02-12,20.766057968111422,17.33614158630371,18.81145238723848,19.498580270050002,19.103058052925903,2021,2
2022-02-13,33.65929461064917,29.12468147277832,30.660015226674304,38.703024333161565,33.03675391081584,2021,2
2022-02-14,25.3683379374126,22.567262649536133,22.051253949667924,21.456761421960792,22.860903989644363,2021,2
2022-02-15,32.11752502424844,28.704347610473633,30.164589448685252,33.48314963137688,31.117402928696052,2021,2
2022-02-16,64.60766492417916,83.81544494628906,103.92376276516791,51.690324565164104,76.00929930020007,2021,2
2022-02-17,37.339271142019484,35.85136413574219,41.6293441506634,25.906092655864164,35.18151802107231,2021,2
2022-02-18,56.627871878221505,56.87239456176758,64.37676750521008,40.17569082324215,54.51318119211033,2021,2
2022-02-19,44.18937688189522,39.13269805908203,39.89655472851162,36.390434916168765,39.902266146414405,2021,2
2022-02-20,65.8276104471867,93.20352935791016,107.34681395553876,57.59352209959847,80.99286896505853,2021,2
2022-02-21,48.06713442049159,40.95757293701172,43.08128222416144,30.09005494446092,40.549011131531415,2021,2
2022-02-22,44.23504570608827,36.13159942626953,36.85064399830942,29.009862657450455,36.55678794702942,2021,2
2022-02-23,30.9748666480904,26.775793075561523,22.89502467791646,19.62018008021916,25.066466120446886,2021,2
2022-02-24,45.26421022795145,37.46630096435547,40.90410358595244,36.10999462148026,39.93615234993491,2021,2
2022-02-25,28.27243738066483,26.33989906311035,27.517125913033368,10.704064768450321,23.208381781314717,2021,2
2022-02-26,25.86634609774749,23.0030517578125,27.687546310946253,17.39943251544138,23.489094170486904,2021,2
2022-02-27,23.286299366342107,22.250802993774414,24.03098033497152,16.86321132464091,21.607823504932238,2021,2
2022-02-28,24.878152681129457,20.57661247253418,24.272771507722048,22.842521363619582,23.142514506251317,2021,2
2022-03-01,29.232258331709026,24.106767654418945,35.67149046620007,24.43182362512751,28.360585019363885,2021,2
2022-03-02,29.438727258215152,22.109956741333008,30.007684278784694,32.61855598639847,28.54373106618283,2021,2
2022-03-03,27.310186595445153,20.499507904052734,25.83635104282946,19.66258906602791,23.327158652088812,2021,2
2022-03-04,21.845839538980268,17.30795669555664,16.91123038732309,12.514298474450149,17.144831274077536,2021,2
2022-03-05,21.432435824481708,17.241994857788086,17.620847187804028,13.608093045685537,17.47584272893984,2021,2
2022-03-06,21.62119008690979,17.516368865966797,21.930431795530108,27.07246524493522,22.03511399833548,2021,2
2022-03-07,22.92609563294881,18.844545364379883,23.56221533047931,33.807255540328676,24.785027967034168,2021,2
2022-03-08,20.51383952298866,18.04473304748535,18.95943125938517,18.540871991459504,19.01471895532967,2021,2
2022-03-09,23.475607666760904,20.33102798461914,23.322066847405413,20.980550212556214,22.027313177835417,2021,2
2022-03-10,19.638049386821407,17.870555877685547,17.351341250167383,15.4688678023317,17.58220357925151,2021,2
2022-03-11,27.677551125741566,23.42136573791504,28.972249141102832,26.590787093896306,26.665488274663936,2021,2
2022-03-12,35.12931770971069,33.976200103759766,41.24242761208383,29.521592916749633,34.96738458557598,2021,2
2022-03-13,23.4768283911697,24.923847198486328,30.792013834289545,20.02163807024636,24.803581873547984,2021,2
2022-03-14,21.906039039488768,20.746267318725586,31.47764815984176,11.789359986358514,21.479828626103657,2021,2
2022-03-15,21.508332622282044,19.27464485168457,31.542626877440707,15.53556986885374,21.965293555065266,2021,2
2022-03-16,20.74236132846467,19.442880630493164,32.91973647736553,13.727143384213983,21.708030455134338,2021,2
2022-03-17,20.21902359487781,18.853378295898438,32.528412670312015,14.679134065700978,21.569987156697312,2021,2
2022-03-18,21.074572925293566,19.48954963684082,35.44975911844447,20.245267237218997,24.064787229449465,2021,2
2022-03-19,30.026419858863967,31.073043823242188,50.24696670020507,47.5650213894024,39.72786294292841,2021,2
2022-03-20,25.31055536062804,23.983325958251953,40.92571612614846,25.426123485738394,28.911430232691714,2021,2
2022-03-21,22.728517094962314,20.140121459960938,30.921117221677115,17.894474694879804,22.921057617870044,2021,2
2022-03-22,22.605774497008266,18.498676300048828,32.30433061621046,19.5573332366875,23.24152866248876,2021,2
2022-03-23,22.381341019847387,19.319726943969727,35.00361436278045,15.572527518883106,23.069302461370167,2021,2
2022-03-24,21.81126289972514,19.7968692779541,44.82880258413311,12.971047170968808,24.85199548319529,2021,2
2022-03-25,21.06341939849601,19.73068618774414,50.86374720569344,16.224304381638788,26.970539293393095,2021,2
2022-03-26,22.451741087332714,18.758663177490234,38.90585741409786,25.811764955291352,26.48200665855304,2021,2
2022-03-27,22.711454106819954,18.565589904785156,29.14123206271182,19.811964580295133,22.557560163653015,2021,2
2022-03-28,22.50405432216094,18.565589904785156,28.878122087453406,15.358838315146926,21.326651157386607,2021,2
2022-03-29,22.716708702390605,19.009660720825195,34.45164278994844,13.672973842465138,22.462746513907344,2021,2
2022-03-30,21.041858739214646,18.210180282592773,29.74706901295402,13.357588108725157,20.589174035871647,2021,2
2022-03-31,22.349316036003007,18.85642433166504,29.183168943497307,25.61201987478951,24.000232296488715,2021,2
2022-04-01,21.558599229878634,18.258670806884766,27.446780696197152,17.05755811725652,21.08040221255427,2021,2
2022-04-02,21.195193323645462,18.511615753173828,30.088835952003663,11.175199350380854,20.24271109480095,2021,2
2022-04-03,21.075274295898723,18.986148834228516,30.595853517417904,11.209814102306286,20.466772687462857,2021,2
2022-04-04,24.41908155642816,20.55935287475586,33.719687071305394,17.919193188937083,24.154328672856625,2021,2
2022-04-05,25.041909179122893,20.783308029174805,29.31170794125081,21.77983766953368,24.22919070477055,2021,2
2022-04-06,33.92567686035628,31.34058952331543,41.39904900741047,31.056919191010888,34.43055864552326,2021,2
2022-04-07,36.59439053819283,36.700477600097656,42.023967420149454,31.604387064843518,36.730805655820866,2021,2
2022-04-08,24.652320001484785,23.880901336669922,28.759194799540886,14.665078002211805,22.98937353497685,2021,2
2022-04-09,21.986965308001775,19.583616256713867,27.048918381890477,13.594740637718544,20.553560146081164,2021,2
2022-04-10,21.81140067914581,18.90514373779297,26.35240206384004,18.782586347918556,21.46288320717434,2021,2
2022-04-11,22.22003725423361,19.51354217529297,28.936462760422838,27.443311519304892,24.528338427313578,2021,2
2022-04-12,21.210696134368558,18.705305099487305,27.73640101542694,18.417992440206145,21.517598672372237,2021,2
2022-04-13,22.023781463658313,19.82883071899414,30.781192391222284,16.171286469917,22.20127276094793,2021,2
2022-04-14,20.816620057919273,18.62859535217285,29.922615226297737,8.94097907978659,19.577202429044114,2021,2
2022-04-15,20.829031160609418,18.6252384185791,31.09033571219608,11.300226033995763,20.461207831345092,2021,2
2022-04-16,21.2623263060033,18.57939910888672,27.8999074747332,16.96622003439949,21.17696323100568,2021,2
2022-04-17,20.49656854734729,18.516613006591797,28.289423321441102,14.881548509061979,20.546038346110542,2021,2
2022-04-18,19.594197664530324,18.1888427734375,27.43142394208598,9.672799962761871,18.72181608570392,2021,2
2022-04-19,20.598829550640986,18.56719207763672,30.841808111021432,10.331289311160157,20.084779762614826,2021,2
2022-04-20,20.514440098929402,18.898107528686523,37.877561099230796,13.96140623389389,22.81287874018515,2021,2
2022-04-21,21.147453710534567,18.550701141357422,32.44357802872414,19.59975124539967,22.93537103150395,2021,2
2022-04-22,22.77158492563374,19.53617286682129,31.354698139023427,33.91464755028344,26.894275870440474,2021,2
2022-04-23,22.55087776153526,18.82795524597168,31.02289188082166,26.257268990277325,24.66474846965148,2021,2
2022-04-24,22.49699295294667,18.466569900512695,31.19789031773567,19.508439185592547,22.917473089196896,2021,2
2022-04-25,22.402635051152334,18.509227752685547,30.29166061338669,19.56685971532638,22.69259578313774,2021,2
2022-04-26,22.323541287227012,18.685510635375977,30.50652886965288,21.937643396483416,23.36330604718482,2021,2
2022-04-27,22.788547218462146,18.995323181152344,29.38334171994508,25.054423701329974,24.055408955222383,2021,2
2022-04-28,22.40764348910465,19.055002212524414,37.71131332780777,18.40514657536684,24.39477640120092,2021,2
2022-04-29,22.32211234364507,19.055002212524414,44.494036542591,15.978154661103309,25.46232643996595,2021,2
2022-04-30,21.95725866297009,19.018564224243164,48.65898330192338,13.45524206719286,25.772512064082374,2021,2
2022-05-01,23.27791080012416,20.391096115112305,48.101181158552656,9.106871881250527,25.21926498875991,2021,2
2022-05-02,20.860150294296115,18.428054809570312,47.043545714961084,10.046297874676098,24.094512173375904,2021,2
2022-05-03,20.056844439448593,18.302799224853516,38.34552243699015,8.482971605591983,21.297034426721062,2021,2
2022-05-04,19.50785533089571,17.969711303710938,28.143109860198514,13.125320625977508,19.68649928019567,2021,2
2022-05-05,19.879847269475796,18.003398895263672,28.100714671935208,14.142208893399745,20.031542432518602,2021,2
2022-05-06,19.655562141585815,18.359619140625,28.15003664730811,17.132554693718244,20.824443155809295,2021,2
2022-05-07,19.756032302824945,18.074190139770508,28.72063881597001,11.647698741043277,19.549639999902183,2021,2
2022-05-08,20.313797254102248,18.107454299926758,28.451034197124788,14.89943507472309,20.44293020646922,2021,2
2022-05-09,19.74923127967163,18.255014419555664,29.18914534448301,16.542659943548514,20.934012746814705,2021,2
2022-05-10,20.11219992574006,18.823244094848633,28.47515297554406,17.78817103757832,21.29969200842777,2021,2
2022-05-11,22.706153654153553,21.175180435180664,34.27949023386147,23.82437331279615,25.496299408997963,2021,2
2022-05-12,19.57036968027509,18.296159744262695,27.772408945638848,15.446222766631106,20.271290284201935,2021,2
2022-05-13,19.51407176468967,18.40850257873535,27.90705351332691,18.6491547688733,21.11969565640631,2021,2
2022-05-14,19.705688761595564,18.095630645751953,29.97399470703429,12.408178215332086,20.045873082428475,2021,2
2022-05-15,21.306131139971196,19.928112030029297,31.197688430676337,20.396188957916657,23.207030139648374,2021,2
2022-05-16,19.900104702179984,19.02882194519043,31.30975934223983,16.133354099598773,21.593010022302256,2021,2
2022-05-17,20.97458750308744,20.050504684448242,32.861866461979005,18.556517132950805,23.110868945616375,2021,2
2022-05-18,19.694932425985797,19.056804656982422,33.57478639886915,15.449001265111997,21.943881186737343,2021,2
2022-05-19,18.83423797861892,18.748506546020508,32.52455078738657,12.09401665318999,20.550327991304,2021,2
2022-05-20,19.503258585467133,18.926259994506836,33.581620750461326,17.914999711574854,22.481534760502537,2021,2
2022-05-21,18.995616516135364,18.748506546020508,32.37261819575672,12.178218453964964,20.573739927969388,2021,2
2022-05-22,19.612879275550988,18.82308578491211,33.1412281449324,9.182175800873239,20.189842251567185,2021,2
2022-05-23,21.846136851784156,22.30194091796875,34.930595518443845,13.640161553122036,23.179708710329695,2021,2
2022-05-24,19.58438655737167,19.979007720947266,33.18066757872741,16.080276978973586,22.206084709004983,2021,2
2022-05-25,23.636987016626843,20.772293090820312,35.83910418778439,26.030895509170165,26.569819951100428,2021,2
2022-05-26,23.59451201933676,20.39698600769043,34.019735388904216,23.688516049666177,25.424937366399394,2021,2
2022-05-27,21.081989433398117,18.879852294921875,33.756603561898864,16.33873217410766,22.51429436608163,2021,2
2022-05-28,19.443550955643037,18.563098907470703,31.71322168675165,10.253583143671257,19.99336367338416,2021,2
2022-05-29,21.22173253505832,20.468185424804688,32.683440694054376,10.04197547190343,21.103833531455205,2021,2
2022-05-30,20.36912053667219,18.814441680908203,31.350945983303877,8.74977049519481,19.82106967401977,2021,2
2022-05-31,20.199382990383235,18.814441680908203,31.761644342098304,13.367630594052567,21.035774901860577,2021,2
2022-06-01,20.30803763525346,18.64461898803711,31.665566163813203,8.493681746595788,19.77797613342489,2021,2
2022-06-02,20.91683693836923,19.167959213256836,32.41173450607811,14.737077364288247,21.808402005498102,2021,2
2022-06-03,20.741891276891785,19.176603317260742,32.692873510328205,13.592013547375736,21.550845412964115,2021,2
2022-06-04,22.7538441175259,22.87409019470215,43.218400740803055,23.769617427974904,28.153988120251505,2021,2
2022-06-05,22.055831988860863,20.635896682739258,40.21422231754918,15.837545720972903,24.685874177530547,2021,2
2022-06-06,20.96005613190355,19.155948638916016,34.008159082444514,14.444656844540164,22.14220517445106,2021,2
2022-06-07,21.127145929217193,19.235734939575195,35.0489159192449,16.328056304203646,22.934963273060234,2021,2
2022-06-08,26.529231109975882,26.179107666015625,41.95538189775172,27.942369755921654,30.65152260741622,2021,2
2022-06-09,22.562749030808348,20.711021423339844,36.585333189503274,21.025048231425423,25.221037968769224,2021,2
2022-06-10,22.335345437714736,19.247739791870117,33.75201334790571,21.613114250355622,24.237053206961544,2021,2
2022-06-11,23.486274215846997,20.278976440429688,35.22605543329388,26.19144399837493,26.295687521986373,2021,2
2022-06-12,21.84128040060537,19.161270141601562,34.88610699252444,19.591781697182782,23.87010980797854,2021,2
2022-06-13,20.803576920891842,18.81474494934082,35.07579912637356,14.554880641842024,22.31225040961206,2021,2
2022-06-14,20.425306570352117,18.61542510986328,32.518555156402286,12.481723240051052,21.010252519167185,2021,2
2022-06-15,19.85264149944066,18.778003692626953,32.421577417742434,13.368240094678862,21.10511567612223,2021,2
2022-06-16,20.70277088566131,19.680227279663086,34.97981378468651,12.739035751570247,22.025461925395287,2021,2
2022-06-17,20.787137224059524,19.800073623657227,37.474964520375124,19.020607841053952,24.270695802286454,2021,2
2022-06-18,23.226813688931905,24.054645538330078,42.5001025216905,17.949712110842878,26.93281846494884,2021,2
2022-06-19,21.490155121774567,21.047826766967773,39.360222375218456,11.427323867178336,23.33138203278478,2021,2
2022-06-20,22.642125397507574,19.27593421936035,37.66015098899486,18.120115147728868,24.42458143839791,2021,2
2022-06-21,21.198938936617797,19.17186737060547,39.80490016862875,11.382588389104974,22.889573716239248,2021,2
2022-06-22,20.994703023741913,19.93144416809082,52.561211181087515,13.217497482802566,26.676213963930707,2021,2
2022-06-23,21.196642992980085,19.203397750854492,45.28926547624617,11.340068009686654,24.25734355744185,2021,2
2022-06-24,21.48711873008637,19.247739791870117,41.327812592227566,21.258906819919407,25.83039448352586,2021,2
2022-06-25,22.297230131709558,20.24519920349121,36.893721473697795,27.459515306776886,26.723916528918863,2021,2
2022-06-26,24.564516414818144,22.358112335205078,42.689597825596266,30.6698587428344,30.07052132961347,2021,2
2022-06-27,22.20036202986573,19.91102409362793,36.719256249478576,24.277246114818848,25.77697212194777,2021,2
2022-06-28,23.602963945524323,20.385013580322266,26.119043968096005,22.455785661881254,23.140701788955962,2021,2
2022-06-29,21.77187874700788,19.3083438873291,18.464174286084404,11.059800901982351,17.651049455600933,2021,2
2022-06-30,19.563552498208878,18.715377807617188,20.34907361127499,12.393591288734942,17.755398801459,2021,2
2022-07-01,20.881701711705432,19.575754165649414,30.109766224053587,19.98903697678789,22.63906476954908,2021,2
2022-07-02,20.86377109049605,19.123661041259766,28.36996830677035,19.906623870467193,22.06600607724834,2021,2
2022-07-03,20.266196293339625,19.089500427246094,30.63288107702593,17.58035590841304,21.892233426506174,2021,2
2022-07-04,19.72554265232551,18.95654296875,30.31250227774569,13.766855627618325,20.690360881609884,2021,2
2022-07-05,20.152611584160663,18.185840606689453,23.457485930920324,15.812633449912962,19.402142892920853,2021,2
2022-07-06,20.201702743649506,18.37025260925293,23.144179836228275,17.762326085122652,19.86961531856334,2021,2
2022-07-07,21.242869463720687,19.365468978881836,29.771256840312944,16.42822891602388,21.701956049734836,2021,2
2022-07-08,21.08141105070447,18.478099822998047,30.17741788718774,11.032528447340592,20.192364302057715,2021,2
2022-07-09,21.04917305954102,18.478099822998047,31.139210366703637,12.015561551035503,20.67051120006955,2021,2
2022-07-10,21.42249949528821,19.18838119506836,28.16812196372823,12.121713893877338,20.225179136990533,2021,2
2022-07-11,21.46285072052793,19.048044204711914,29.19414665402706,11.87360818258938,20.39466244046407,2021,2
2022-07-12,21.093003442833837,18.95585823059082,35.40097505269175,8.103584946674925,20.888355418197833,2021,2
2022-07-13,20.649642251918223,18.028783798217773,29.973637960579985,12.084825676456362,20.184222421793084,2021,2
2022-07-14,20.47070649364541,17.451862335205078,24.103226854313842,17.597854668846068,19.9059125880026,2021,2
2022-07-15,19.830861974984632,17.491365432739258,22.892670404697668,13.087137117105577,18.325508732381785,2021,2
2022-07-16,21.209948502294427,18.059778213500977,28.07014963323558,12.290792236319946,19.907667146337733,2021,2
2022-07-17,21.335012991057276,19.178668975830078,30.130102263002314,15.986349511215572,21.657533435276306,2021,2
2022-07-18,21.021926235814924,20.01126480102539,32.06287643189672,15.260568867513575,22.08915908406265,2021,2
2022-07-19,21.34406802311454,18.9277400970459,25.58093115375632,17.996103356118834,20.9622106575089,2021,2
2022-07-20,20.75956496505946,17.97286033630371,18.82748770862499,19.469725408577673,19.25740960464146,2021,2
2022-07-21,20.52728032106939,17.821582794189453,15.343948639623505,16.764290496904465,17.614275562946702,2021,2
2022-07-22,20.01627192187874,17.296689987182617,9.037832680363168,17.087512740344554,15.859576832442269,2021,2
2022-07-23,20.02490678825762,17.65985107421875,9.870431589807021,18.379793491614755,16.483745735974537,2021,2
2022-07-24,24.91950621913492,23.274511337280273,16.25046701471388,29.690018567639502,23.53362578469214,2021,2
2022-07-25,23.046458918150115,20.67330551147461,9.202662807432077,25.016521301636367,19.484737134673292,2021,2
2022-07-26,20.20947669182701,17.118553161621094,9.281114949152945,13.214989805778227,14.956033652094817,2021,2
2022-07-27,18.576322319362696,16.63873291015625,4.823452979319178,11.50405734499597,12.885641388458524,2021,2
2022-07-28,18.952845905383096,16.410446166992188,7.101745459141257,9.287409095621955,12.938111656784624,2021,2
2022-07-29,20.91702939135694,17.91237449645996,17.60461844542782,11.340827178305481,16.94371237788755,2021,2
2022-07-30,20.649401924120802,18.061723709106445,23.125644502497664,13.478336121811981,18.828776564384224,2021,2
2022-07-31,21.029886848327475,18.868799209594727,22.95280567249704,15.075206595855299,19.481674581568633,2021,2
2022-08-01,20.996033596174797,18.706897735595703,24.552627779720467,14.876859518196854,19.783104657421955,2021,2
2022-08-02,21.526871294494885,19.26119613647461,25.91650390977834,19.75673513449958,21.615326618811853,2021,2
2022-08-03,21.212116190965425,18.9964656829834,25.126567015371325,14.924502248010292,20.064912784332613,2021,2
2022-08-04,21.18315474062213,18.688976287841797,27.022386384890876,10.45315104790516,19.336917115314993,2021,2
2022-08-05,20.805508894394126,18.778003692626953,29.537245136585486,12.78480364911243,20.476390343179748,2021,2
2022-08-06,20.868861290219186,19.161937713623047,33.7676235540623,13.021088994831807,21.704877888184086,2021,2
2022-08-07,21.18563318907146,19.222368240356445,34.62807083881555,11.213187859668736,21.56231503197805,2021,2
2022-08-08,21.434396997367294,19.263547897338867,35.954125369035225,12.798521587032784,22.362647962693543,2021,2
2022-08-09,22.071226605215358,19.795625686645508,38.08482228542541,14.409251645676536,23.5902315557407,2021,2
2022-08-10,22.835476914553475,20.35662269592285,56.19876524673582,15.817911465363274,28.80219408064385,2021,2
2022-08-11,23.187024735963195,20.35662269592285,71.49514030010343,15.721976320752946,32.690191013185604,2021,2
2022-08-12,22.741975616440396,20.327882766723633,78.61768042019213,16.50574780586628,34.54832165230561,2021,2
2022-08-13,22.740682340452263,19.772226333618164,65.12176100187142,18.906591918464844,31.635315398601673,2021,2
2022-08-14,22.743324844233904,20.194293975830078,83.83506879892175,14.105954528087327,35.21966053676827,2021,2
2022-08-15,21.57317039009272,19.82416343688965,75.37433660252093,11.247670996934731,32.00483535660951,2021,2
2022-08-16,21.52481402917889,19.222267150878906,62.8429533257314,9.669166501685217,28.3148002518686,2021,2
2022-08-17,22.76605602628364,22.157819747924805,37.28864058019849,9.904093395236957,23.02915243741097,2021,2
2022-08-18,20.40853141745354,17.19782257080078,18.21272314371685,10.72015247586767,16.63480740195971,2021,2
2022-08-19,19.987610513044796,16.608469009399414,5.86984200034182,11.484241241175335,13.487540690990341,2021,2
2022-08-20,20.007559702172728,16.031766891479492,12.275341998452799,13.13400013425405,15.362167181589768,2021,2
2022-08-21,20.48544737582207,16.37034797668457,27.40804427577162,9.476592412954108,18.43510801030809,2021,2
2022-08-22,19.825300750237787,15.648177146911621,21.268594186520513,11.279833670360976,17.005476438507724,2021,2
2022-08-23,19.910824559980014,16.91562271118164,25.923863366608344,9.262798025661372,18.003277165857842,2021,2
2022-08-24,20.4370100877802,17.640336990356445,21.010801877131208,8.872626374057099,16.990193832331236,2021,2
2022-08-25,19.856624029660583,17.12583351135254,22.029803501259657,8.323351876625162,16.833903229724484,2021,2
2022-08-26,19.28620290660872,16.807899475097656,20.654470871097146,6.010319297616019,15.689723137604886,2021,2
2022-08-27,19.624598471913636,17.066450119018555,22.1259207690545,8.381845693947646,16.799703763483585,2021,2
2022-08-28,20.68868775625196,17.62552833557129,24.499269840932804,11.693549267340876,18.62675880002423,2021,2
2022-08-29,20.15416896566778,16.92974281311035,22.560878577073627,17.91792377807279,19.390678533481136,2021,2
2022-08-30,20.725844579091255,18.631418228149414,32.91717785738554,18.235980000068448,22.627605166173666,2021,2
2022-08-31,21.236389903268964,18.150562286376953,33.46924552596401,21.328157809017803,23.546088881156933,2021,2
2022-09-01,21.12995998365483,18.478307723999023,43.824051631232514,16.151326878223532,24.895911554277475,2021,2
2022-09-02,20.174233996508793,17.893943786621094,44.310124415437116,10.692993224414476,23.26782385574537,2021,2
2022-09-03,19.782024827917255,17.013168334960938,27.30176309217359,9.593865514165074,18.422705442304213,2021,2
2022-09-04,21.336576861119774,17.418251037597656,20.122791208839665,14.931261344100616,18.45222011291443,2021,2
2022-09-05,20.359061947062724,17.577259063720703,22.894268797424044,11.48796746822076,18.07963931910706,2021,2
2022-09-06,19.775767576063135,16.72896385192871,20.207021799205485,12.5140917403367,17.306461241883508,2021,2
2022-09-07,20.38968086565203,17.02439308166504,20.239624526245382,13.202618535809565,17.714079252343,2021,2
2022-09-08,18.82434007966896,15.910383224487305,12.82885710042658,9.84124795675262,14.351207090333865,2021,2
2022-09-09,19.25517931178703,15.226877212524414,10.413725868651158,5.861021740556348,12.689201033379737,2021,2
2022-09-10,19.022449358600177,13.008434295654297,13.765083383060261,5.406093533045777,12.800515142590129,2021,2
2022-09-11,19.341775257268804,12.820035934448242,14.285319753885965,10.231108054020929,14.169559749905986,2021,2
2022-09-12,20.860095240353907,13.252806663513184,18.99531376554798,11.5330035607393,16.160304807538594,2021,2
2022-09-13,19.951108215515266,12.116192817687988,28.282252749350757,17.62713418837526,19.49417199273232,2021,2
2022-09-14,19.16591814472961,10.973577499389648,18.833278238730372,9.586113781381934,14.63972191605789,2021,2
2022-09-15,19.48867490855843,11.908881187438965,19.47416744728803,5.940180116909495,14.20297591504873,2021,2
2022-09-16,18.130384200696373,11.799647331237793,19.787466244023044,5.583864715247847,13.825340622801265,2021,2
2022-09-17,17.35082406151801,11.081732749938965,19.66726593638889,5.441706853386227,13.385382400308023,2021,2
2022-09-18,17.158103865959013,11.081732749938965,19.791173681179178,4.873445485136068,13.226113945553307,2021,2
2022-09-19,17.2122272327749,11.273887634277344,19.943150036855297,6.387931443513622,13.70429908685529,2021,2
2022-09-20,17.20292440184513,11.273887634277344,21.73330379618295,6.491811669996797,14.175481875575555,2021,2
2022-09-21,17.408838581385268,11.300175666809082,21.75985188219704,7.155115667741049,14.40599544953311,2021,2
2022-09-22,17.864992297624507,11.067886352539062,20.418765034964906,9.333317275643779,14.671240240193065,2021,2
2022-09-23,18.267705841438573,11.044047355651855,20.335105699280135,9.547253579024444,14.79852811884875,2021,2
2022-09-24,17.621353894192513,11.089130401611328,19.98621177596677,6.475075749363964,13.792942955283644,2021,2
2022-09-25,17.72209643743367,10.926443099975586,17.845191498270644,6.83849354146667,13.333056144286642,2021,2
2022-09-26,21.147783509993317,11.631484985351562,18.5557986180243,11.254827019313819,15.64747353317075,2021,2
2022-09-27,19.319172410368303,11.166157722473145,20.579909790636727,7.791422560481463,14.71416562098991,2021,2
2022-09-28,17.86994443760583,10.836843490600586,14.65160601529523,6.233084475334097,12.397869604708935,2021,2
2022-09-29,17.946907777887223,10.887046813964844,11.695223451339247,7.390024860717489,11.979800725977201,2021,2
2022-09-30,18.384068146717773,11.400728225708008,10.413838823819011,14.690939224459353,13.722393605176038,2021,2
2022-10-01,19.084008817868643,11.134533882141113,6.313751461101855,8.937293510282238,11.367396917848462,2021,2
2022-10-02,17.998236564774437,10.771785736083984,7.114970175094207,17.71362666998425,13.39965478648422,2021,2
2022-10-03,17.51295174017566,10.771785736083984,7.114970175094207,16.96471318819244,13.091105209886573,2021,2
2022-10-04,18.535184845143355,10.771785736083984,6.649010314432474,4.780624411520797,10.184151326795153,2021,2
2022-10-05,19.27681029593134,10.966565132141113,6.782482309093979,0.3100862474588122,9.333985996156311,2021,2
2022-10-06,17.8759750189626,10.771785736083984,6.387610090864062,8.220745371768839,10.814029054419873,2021,2
2022-10-07,18.035527378021555,10.73941707611084,5.491752269539523,5.128068395721073,9.848691279848248,2021,2
2022-10-08,17.15682082700993,10.784500122070312,5.2976257176604,20.39298100161168,13.407981917088081,2021,2
2022-10-09,17.0255344054112,10.73941707611084,5.14569312603053,13.938384677241054,11.712257321198406,2021,2
2022-10-10,16.601657794148444,10.73941707611084,10.007410549346472,14.678846891065993,13.006833077667938,2021,2
2022-10-11,16.210569906244604,10.784500122070312,11.781368691506492,19.621155042684723,14.599398440626533,2021,2
2022-10-12,15.929743581524905,10.784500122070312,12.115275892820147,18.50077187086096,14.332572866819081,2021,2
2022-10-13,14.849180160294873,11.153992652893066,17.258504739438166,22.876245763567187,16.534480829048324,2021,2
2022-10-14,13.253064496058697,10.784500122070312,16.127574196601145,18.65228897464776,14.704356947344479,2021,2
2022-10-15,12.495543745677601,10.934196472167969,16.13878082419288,0.5011265959020998,10.017411909485139,2021,2
2022-10-16,11.635412720966253,10.73941707611084,15.920049695402723,9.847164579710002,12.035511018047455,2021,2
2022-10-17,11.318574803267868,10.73941707611084,15.477924203277256,15.419327003562566,13.238810771554633,2021,2
2022-10-18,10.99482651876732,10.73941707611084,15.244973977816004,14.040100254983031,12.754829456919298,2021,2
2022-10-19,10.785326723307794,10.73941707611084,9.886239947086253,11.566937916422333,10.744480415731804,2021,2
2022-10-20,10.23941700363181,10.73941707611084,9.708512278821672,17.8470752633791,12.133605405485856,2021,2
2022-10-21,11.035673833494277,10.934196472167969,9.125991458584265,0.14983290643197078,7.811423667669621,2021,2
2022-10-22,10.263051144062068,10.73941707611084,7.176195649253998,14.591611752618853,10.69256890551144,2021,2
2022-10-23,9.978356892887005,10.73941707611084,5.873770981493558,17.417348322243818,11.002223318183805,2021,2
2022-10-24,9.968783867288517,10.73941707611084,6.088011880767642,5.196832520529494,7.998261336174123,2021,2
2022-10-25,9.788988219796023,10.73941707611084,5.323622382145377,9.501188758645455,8.838304109174423,2021,2
2022-10-26,9.586281066332067,10.73941707611084,5.323622382145377,7.5636916048030685,8.303253032347838,2021,2
2022-10-27,9.193202820120561,10.73941707611084,5.223292597915131,9.025769912317347,8.54542060161597,2021,2
2022-10-28,9.213188661661171,10.73941707611084,5.223292597915131,10.850052290262154,9.006487656487323,2021,2
2022-10-29,9.137558262669701,10.73941707611084,5.223292597915131,7.531945221282243,8.158053289494479,2021,2
2022-10-30,8.95431127980369,10.73941707611084,5.223292597915131,7.722954580264236,8.159993883523473,2021,2
2022-10-31,8.823093019638765,10.73941707611084,5.194911012153189,6.536112965337104,7.823383518309974,2021,2
2022-11-01,12.83427068391439,13.15127182006836,6.8948636423845295,-3.5611026418220253,7.329825876136313,2021,2
2022-11-02,11.52341977774402,11.305553436279297,7.920074950740405,-1.1391205678369762,7.402481899231686,2021,2
2022-11-03,10.289167186578657,10.824775695800781,6.670561549910956,14.416508198355794,10.550253157661547,2021,2
2022-11-04,9.902134147425732,10.76329231262207,4.8279159374038265,15.82088636108483,10.328557189634115,2021,2
2022-11-05,9.788408756376082,10.73941707611084,5.223292597915131,12.678881271870132,9.607499925568046,2021,2
2022-11-06,9.838980148537281,10.73941707611084,5.194911012153189,6.454998423542865,8.057076665086043,2021,2
2022-11-07,14.882721072628685,13.909821510314941,9.007315993961608,-4.137527103062769,8.415582868460618,2021,2
2022-11-08,12.150408453943363,11.166631698608398,7.457668067000389,-0.19659330668487884,7.644528728216819,2021,2
2022-11-09,11.24612681791174,11.1553316116333,6.74432196337465,4.943769429749565,8.522387455667314,2021,2
2022-11-10,11.2119555703008,10.845742225646973,5.5284061112761504,6.302492845022428,8.47214918806159,2021,2
2022-11-11,10.8127658713239,10.73941707611084,5.556787697038092,8.986010807330711,9.023745362950887,2021,2
2022-11-12,10.539883545195396,10.73941707611084,5.556787697038092,10.76023370846111,9.39908050670136,2021,2
2022-11-13,10.45132718521105,10.73941707611084,5.5284061112761504,6.7493722171466,8.36713064743616,2021,2
2022-11-14,10.113251901241247,10.73941707611084,5.479188225153491,13.428012738858873,9.939967485341114,2021,2
2022-11-15,10.048451059330729,10.775856971740723,5.679873857982971,10.064429453114286,9.142152835542177,2021,2
2022-11-16,9.837094595474829,10.73941707611084,5.459284134189584,13.994878741044793,10.007668636705013,2021,2
2022-11-17,9.689542926617563,10.73941707611084,5.459284134189584,7.659125224638551,8.386842340389133,2021,2
2022-11-18,9.459547704318144,10.73941707611084,5.8139105288909265,11.590024722188494,9.400725007877101,2021,2
2022-11-19,9.596132549616609,11.009295463562012,10.97941745524146,22.300884680672173,13.471432537273063,2021,2
2022-11-20,9.430982804713615,10.73941707611084,7.169855612092842,10.511332759576709,9.462897063123501,2021,2
2022-11-21,9.785885739963577,10.833671569824219,6.052294312744695,4.159586691989013,7.707859578630376,2021,2
2022-11-22,9.764046912963327,10.775856971740723,5.526869020415637,5.1176118891104,7.796096198557521,2021,2
2022-11-23,10.997476640180603,11.377140998840332,6.1669789643990285,-0.24958454702882493,7.073003014097784,2021,2
2022-11-24,13.934183766200926,13.244763374328613,7.223151400028999,-3.399859224891156,7.7505598289168445,2021,2
2022-11-25,10.976124933096566,10.869817733764648,5.3736510994447535,10.954711522204358,9.543576322127581,2021,2
2022-11-26,12.708337301427507,12.565653800964355,8.51649656271092,6.256854066000319,10.011835432775776,2021,2
2022-11-27,10.853386502604893,10.893692970275879,6.79880502184395,16.646133322600193,11.298004454331227,2021,2
2022-11-28,10.931172167006805,11.669777870178223,6.882519097719786,11.579154255653492,10.265655847639577,2021,2
2022-11-29,11.103517633406755,11.321135520935059,10.53898627543739,23.107396403992414,14.017758958442904,2021,2
2022-11-30,10.993309660129945,11.284393310546875,12.97412953333491,24.160056547248246,14.852972262814994,2021,2
2022-12-01,11.028478040615122,11.284393310546875,13.16175279911316,23.476317829090384,14.737735494841385,2021,2
2022-12-02,11.177813562469023,11.284393310546875,13.39173709524075,23.314650717412164,14.792148671417202,2021,2
2022-12-03,10.893284268450925,10.914900779724121,8.980767181829965,20.397200197655287,12.796538106915076,2021,2
2022-12-04,11.134289087750403,10.914900779724121,7.934231825601466,22.21566448221958,13.049771543823892,2021,2
2022-12-05,11.561099954067918,11.284393310546875,13.458732898714814,24.017047146611223,15.080318327485209,2021,2
2022-12-06,11.69036207781821,11.284393310546875,14.275283958815724,24.355003821657792,15.401260792209648,2021,2
2022-12-07,11.67131449752603,11.284393310546875,14.275283958815724,24.44655631339707,15.419387020071426,2021,2
2022-12-08,11.688733842899213,11.284393310546875,15.006038121563325,24.926767200091916,15.726483118775331,2021,2
2022-12-09,12.49968510650845,17.92228126525879,43.721162401774606,25.274675809492944,24.8544511457587,2021,2
2022-12-10,13.449301938190272,22.559467315673828,38.50026698878082,23.623351240581922,24.533096870806713,2021,2
2022-12-11,13.228915084788298,20.01551055908203,51.850378161357284,23.745148953977612,27.209988189801308,2021,2
2022-12-12,13.41497211033606,24.657127380371094,70.33696459158863,24.575776772281227,33.24621021364425,2021,2
2022-12-13,13.237695026964195,25.063478469848633,58.732200144651856,23.490880290148137,30.13106348290321,2021,2
2022-12-14,13.377913484149959,25.231462478637695,65.09217297114535,24.25654960942855,31.989524635840386,2021,2
2022-12-15,13.56555645465993,25.007112503051758,67.27353869498786,24.6763621477753,32.630642450118714,2021,2
2022-12-16,13.854001119796639,20.116037368774414,58.3616298463954,23.213247428781674,28.88622894093703,2021,2
2021-12-17,10.712488005999548,12.507652282714844,11.096817109628462,12.838299557682385,11.788814239006308,2021,4
2021-12-18,10.813256440936815,11.915107727050781,9.312365671725304,11.321776474941547,10.840626578663613,2021,4
2021-12-19,10.716717794816793,11.300518035888672,8.514613986569097,14.299401418427191,11.20781280892544,2021,4
2021-12-20,10.592977892879853,11.021541595458984,7.969934908374248,12.163115177075591,10.436892393447168,2021,4
2021-12-21,12.810458192296673,11.822080612182617,14.266582218029445,17.021527651155537,13.980162168416069,2021,4
2021-12-22,13.688055167267754,11.822080612182617,14.297065967185508,14.896286065999812,13.675871953158923,2021,4
2021-12-23,11.669820079677898,11.282430648803711,8.741361021932839,13.284734175027195,11.244586481360411,2021,4
2021-12-24,12.910805710420735,12.157671928405762,8.934172415423301,12.092353148794905,11.523750800761176,2021,4
2021-12-25,20.398063492693176,16.833152770996094,28.889177765287556,13.491116288154162,19.902877579282745,2021,4
2021-12-26,14.022050370568685,14.980778694152832,17.014031082005044,9.570717053784005,13.896894300127641,2021,4
2021-12-27,14.281821048047034,12.937604904174805,16.071912240851017,14.46816132617507,14.439874879811983,2021,4
2021-12-28,28.488020321520562,23.503202438354492,27.287027833203997,22.801639919009133,25.519972628022046,2021,4
2021-12-29,32.74121834904538,28.115846633911133,26.63626732431565,19.772363837794018,26.816424036266547,2021,4
2021-12-30,24.03502541244852,22.695161819458008,17.934917301073295,16.380269996573922,20.26134363238844,2021,4
2021-12-31,30.801147534389298,25.68610191345215,22.37530453081997,24.16230745104207,25.756215357425873,2021,4
2022-01-01,30.867798125797215,23.00609016418457,21.447847284531537,16.68873364687274,23.00261730534652,2021,4
2022-01-02,37.72919080102802,30.240697860717773,38.67562490581399,18.628617260870758,31.318532707107632,2021,4
2022-01-03,26.25827149784794,23.059377670288086,25.49314509466303,14.61039808163579,22.355298086108714,2021,4
2022-01-04,19.26830139812091,18.63887596130371,21.868502872358793,8.666323783041967,17.110501003706347,2021,4
2022-01-05,17.033483456494405,17.187524795532227,17.73473804808396,7.823585201006884,14.944832875279369,2021,4
2022-01-06,19.786000094465596,17.952085494995117,24.67317000488196,13.062064385688585,18.868329995007812,2021,4
2022-01-07,28.06236332845367,23.487255096435547,38.866150472594505,15.252031064732545,26.41694999055407,2021,4
2022-01-08,40.866211880644435,37.35026931762695,58.83813775809289,26.01947009603645,40.76852226310019,2021,4
2022-01-09,21.079232420154707,22.791030883789062,26.81504948857273,11.308275620058975,20.49839710314387,2021,4
2022-01-10,20.760318956480784,19.892719268798828,31.47537573785685,11.617035645895635,20.936362402258027,2021,4
2022-01-11,18.465773335542302,17.996910095214844,23.566608198070476,12.84492943944338,18.21855526706775,2021,4
2022-01-12,17.99818313886119,17.91390609741211,21.509007133450773,11.146844857744806,17.14198530686722,2021,4
2022-01-13,18.44642598209403,17.621273040771484,21.783501136064473,9.803436743063301,16.91365922549832,2021,4
2022-01-14,18.654531437866755,17.591995239257812,21.425953702926105,12.746775862154466,17.604814060551284,2021,4
2022-01-15,17.514107342994073,17.375720977783203,19.914705122732514,10.847240556478077,16.412943499996967,2021,4
2022-01-16,16.988858711274883,17.129844665527344,17.8554435373893,11.89592582194673,15.967518184034564,2021,4
2022-01-17,16.748666875687306,16.814773559570312,18.650078218935615,8.117532049496358,15.0827626759224,2021,4
2022-01-18,17.408717910636902,16.87682342529297,18.87156372341508,11.06751140169996,16.05615411526123,2021,4
2022-01-19,16.28723947749525,16.36009407043457,16.81656109282164,11.064696953734883,15.132147898621586,2021,4
2022-01-20,17.94076300602577,17.314010620117188,29.665573269541245,9.414972367257617,18.583829815735456,2021,4
2022-01-21,17.86125608665668,17.918458938598633,29.365707869901662,8.93764213361911,18.52076625719402,2021,4
2022-01-22,19.610572882731592,18.41583251953125,32.74123474193737,8.402419613226684,19.792514939356725,2021,4
2022-01-23,21.468517266572324,19.4771671295166,36.727574215920214,13.898899550569014,22.893039540644537,2021,4
2022-01-24,19.30645739930831,17.495656967163086,24.982242233831958,17.20613635231852,19.74762323815547,2021,4
2022-01-25,19.268767458945824,17.564828872680664,23.278963459539078,13.801858801856739,18.478604648255576,2021,4
2022-01-26,16.97073554817625,16.66107749938965,18.895637685539036,11.504913515985667,16.00809106227265,2021,4
2022-01-27,17.322727200469185,16.164413452148438,18.910437039674598,13.643775474394126,16.510338291671587,2021,4
2022-01-28,17.058344828073036,15.845358848571777,19.175017029883545,12.619662787185371,16.174595873428434,2021,4
2022-01-29,22.35673085201385,18.5551700592041,22.737596341864414,18.23936786524261,20.472216279581247,2021,4
2022-01-30,17.39496587861938,16.53080940246582,18.572259030076633,13.27851395692417,16.4441370670215,2021,4
2022-01-31,24.02193793925157,23.11431312561035,19.469138294714764,9.33453365514501,18.984980753680425,2021,4
2022-02-01,29.054040873036236,28.8232479095459,27.00135143718904,16.13179655316347,25.25260919323366,2021,4
2022-02-02,19.358198538243293,21.943513870239258,17.037020231809638,13.046802294424353,17.846383733679136,2021,4
2022-02-03,19.66482049970023,19.96784782409668,19.130820352348977,18.499497437043697,19.315746528297396,2021,4
2022-02-04,23.50978731630206,21.199317932128906,18.04214931547798,16.007449778445007,19.689676085588488,2021,4
2022-02-05,27.00795970449238,24.412172317504883,16.852175264407446,14.967213338289763,20.80988015617362,2021,4
2022-02-06,46.47577867075174,43.3843879699707,48.32408009393989,28.350817722198038,41.63376611421509,2021,4
2022-02-07,23.133102231258096,24.482666015625,29.448060109915,11.103543213847272,22.041842892661343,2021,4
2022-02-08,22.747157788239157,21.660741806030273,23.166743191428555,19.89014217266751,21.866196239591375,2021,4
2022-02-09,20.515989843661732,18.600292205810547,19.216031454396898,17.88488523004126,19.05429968347761,2021,4
2022-02-10,17.22527108049806,17.156814575195312,16.07528381517903,7.867277340524666,14.581161702849268,2021,4
2022-02-11,17.07514105232792,18.271526336669922,21.312742701273123,9.586285533511589,16.561423905945638,2021,4
2022-02-12,18.038537791379753,17.314647674560547,17.506428185612513,13.94254931579815,16.70054074183774,2021,4
2022-02-13,31.011377105281593,29.488895416259766,33.445078922739334,24.54885108259399,29.623550631718672,2021,4
2022-02-14,20.955917728654846,22.804183959960938,21.839875576280125,14.561899190362082,20.0404691138145,2021,4
2022-02-15,29.205934583690848,28.100011825561523,28.92257850374014,21.910401554666176,27.034731616914673,2021,4
2022-02-16,60.32036633448527,53.10520553588867,60.912466993125854,29.80032923545495,51.034592024738686,2021,4
2022-02-17,32.89195389287178,34.348785400390625,32.67279228666352,16.761495327527502,29.168756726863357,2021,4
2022-02-18,52.981959516737646,44.280818939208984,54.91830878495567,23.686816045139643,43.96697582151048,2021,4
2022-02-19,40.26007609311092,37.627845764160156,30.975714120411826,17.628889584382772,31.623131390516416,2021,4
2022-02-20,60.217766686860735,89.38690948486328,60.00256151309041,30.22131697296848,59.95713866444573,2021,4
2022-02-21,44.24596859289512,40.517269134521484,32.61857085617613,16.02250683433647,33.351078854482296,2021,4
2022-02-22,36.20204373041515,33.75123596191406,24.83192356659844,18.444668346168996,28.307467901274162,2021,4
2022-02-23,25.733471581556334,26.11370086669922,18.138852521345726,13.28625978898216,20.81807118964586,2021,4
2022-02-24,34.01440644450735,33.32606887817383,24.32595532836865,18.619477914336432,27.571477141346566,2021,4
2022-02-25,23.06690095774172,25.286022186279297,18.13306579560312,7.713037079973409,18.549756504899385,2021,4
2022-02-26,20.92048274437566,22.522262573242188,19.35576293243617,12.017352191696862,18.70396511043772,2021,4
2022-02-27,19.22676124959392,21.278858184814453,18.199918772787157,10.535533068695294,17.310267818972704,2021,4
2022-02-28,18.65325876611319,19.524429321289062,16.271207755176242,14.67824248569253,17.281784582067758,2021,4
2022-03-01,22.500166326079015,18.211240768432617,20.479380535531106,23.226420138520236,21.104301942140744,2021,4
2022-03-02,20.980761815213096,17.58137321472168,18.85651166272627,19.799521360110838,19.30454201319297,2021,4
2022-03-03,20.168916767435405,17.971202850341797,17.794662134837008,14.622017610918654,17.639199840883215,2021,4
2022-03-04,19.43043438603127,16.876863479614258,13.543023079351872,8.42847341935104,14.569698591087107,2021,4
2022-03-05,19.666728996984602,16.89984893798828,13.499600233626749,12.66990214684942,15.684020078862265,2021,4
2022-03-06,20.01776983931156,17.12378692626953,10.695042243330507,19.954610606379447,16.94780240382276,2021,4
2022-03-07,21.23843530386455,17.37451171875,9.864879909036667,23.319225560819724,17.949263123117735,2021,4
2022-03-08,19.276002805022802,17.206632614135742,10.975209983968726,12.32864998589299,14.946623847255065,2021,4
2022-03-09,22.346785352417605,20.338224411010742,12.71688440552795,16.752436604930267,18.03858269347164,2021,4
2022-03-10,20.27366119376869,17.462366104125977,12.084707941323854,12.45367967516153,15.568603728595013,2021,4
2022-03-11,23.831797739285324,23.659860610961914,13.80429044245961,23.473381582443345,21.192332593787548,2021,4
2022-03-12,29.863933722344974,29.32536506652832,19.424815266427313,18.342804926066375,24.239229745341746,2021,4
2022-03-13,20.786504814795066,22.314390182495117,14.864182323710507,13.532121061409885,17.874299595602643,2021,4
2022-03-14,20.32874231354181,18.51517105102539,12.8132417243767,11.230923608107648,15.722019674262889,2021,4
2022-03-15,20.519453064260478,17.657419204711914,13.68793908708636,12.307754769799455,16.043141531464553,2021,4
2022-03-16,20.113858758073764,17.378429412841797,12.913668240660456,14.618830003201703,16.25619660369443,2021,4
2022-03-17,18.07168658076968,16.696224212646484,9.014136016142878,8.56248908227387,13.086133972958228,2021,4
2022-03-18,20.136743045820772,16.090530395507812,10.839343635402283,11.5832567070016,14.662468445933117,2021,4
2022-03-19,22.994343855319475,17.86835479736328,11.798324510221104,23.292087677247604,18.988277710037867,2021,4
2022-03-20,20.52893388406048,17.322214126586914,10.139147579395454,14.473778903409105,15.616018623362988,2021,4
2022-03-21,20.023120775955885,17.316022872924805,11.338476152884253,14.435455550992998,15.778268838189486,2021,4
2022-03-22,20.196505988654113,16.813974380493164,12.357005009714955,11.241383493161258,15.152217218005871,2021,4
2022-03-23,20.153559417675968,16.924114227294922,12.570436087316988,9.42653580698765,14.768661384818882,2021,4
2022-03-24,19.717682596649723,17.29360580444336,15.8170090958681,9.366999436206553,15.548824233291935,2021,4
2022-03-25,20.177337152535518,17.191869735717773,21.791613900484084,11.971588538006948,17.78310233168608,2021,4
2022-03-26,20.813209601083418,17.047096252441406,17.837590398089958,14.336163693325695,17.50851498623512,2021,4
2022-03-27,20.372061584375263,16.972517013549805,18.383349935650635,10.7168440004483,16.611193133506,2021,4
2022-03-28,22.048231578965417,18.06536293029785,25.68319409881643,15.470209441259756,20.316749512334862,2021,4
2022-03-29,21.733978631511658,18.1527156829834,28.06287334707235,17.74210234861797,21.422917502546348,2021,4
2022-03-30,19.82267453868054,17.414079666137695,22.760354048935607,13.199699866386378,18.299202030035058,2021,4
2022-03-31,19.921793509861565,17.593856811523438,19.24889990905227,16.451341513530704,18.303972935991993,2021,4
2022-04-01,18.904413541482363,16.33925437927246,17.431745441859377,4.834188706401035,14.37740051725381,2021,4
2022-04-02,18.81867424978875,16.285232543945312,19.7129572212506,9.97548619811057,16.19808755327381,2021,4
2022-04-03,19.379703760461332,15.513696670532227,17.580985445234464,6.563195738424271,14.759395403663074,2021,4
2022-04-04,21.65487253758283,16.20488929748535,25.69473349790553,13.340042028972894,19.22363434048665,2021,4
2022-04-05,24.015919775031552,18.000995635986328,21.74216801801621,12.752982445467813,19.128016468625475,2021,4
2022-04-06,32.57302177262291,27.75304412841797,32.018994073828075,15.37908254450083,26.931035629842444,2021,4
2022-04-07,32.95465711336338,30.904279708862305,26.712640077462442,12.047622566360936,25.654799866512263,2021,4
2022-04-08,21.745830284052154,22.023056030273438,19.844550227362152,9.07341943739419,18.171713994770485,2021,4
2022-04-09,19.051520410622565,17.882736206054688,17.42007662820563,4.406658312751169,14.690247889408512,2021,4
2022-04-10,19.83317279335895,17.62180519104004,18.372556213058807,8.042114753883174,15.967412237835244,2021,4
2022-04-11,19.943032392803477,17.94491958618164,19.626147412860416,13.427007318331261,17.7352766775442,2021,4
2022-04-12,60.38937946246098,83.2039566040039,88.16538265469183,89.44777834550327,80.30162426666499,2021,4
2022-04-13,68.13571628678997,87.28041076660156,98.88533432529299,91.9408227598793,86.56057103464096,2021,4
2022-04-14,69.21158583127337,86.46603393554688,104.66145562972329,89.18445706141546,87.38088311448975,2021,4
2022-04-15,69.63551042523581,86.95005798339844,98.36150628091455,87.19386807687061,85.53523569160485,2021,4
2022-04-16,70.04953457981578,83.91952514648438,96.25152515151248,85.52068771368697,83.9353181478749,2021,4
2022-04-17,70.8661511006827,80.94183349609375,99.77522739005539,89.05521955740112,85.15960788605824,2021,4
2022-04-18,69.01954518899355,68.2043228149414,79.3106245991065,86.84975981841667,75.84606310536454,2021,4
2022-04-19,75.48608655478705,70.46994018554688,67.78245141580035,85.86566392913359,74.90103552131697,2021,4
2022-04-20,82.3188356479716,82.7961196899414,108.31385470120006,86.53797166340772,89.99169542563018,2021,4
2022-04-21,85.00850369579977,82.22566986083984,88.77259957541911,88.95054764742136,86.23933019487004,2021,4
2022-04-22,94.4204526872944,86.46929168701172,96.15510192102452,100.02383386473815,94.2671700400172,2021,4
2022-04-23,96.52303406493266,87.7922134399414,93.78135974044811,98.20090973789917,94.07437924580533,2021,4
2022-04-24,100.05222566469135,89.86471557617188,85.06001199422532,90.03528527380071,91.25305962722231,2021,4
2022-04-25,102.50695644163612,94.11214447021484,95.68816208750847,88.02388736294384,95.08278759057583,2021,4
2022-04-26,99.31404251685211,94.72624206542969,101.50142565998188,88.51371931789969,96.01385739004084,2021,4
2022-04-27,104.3621420089526,96.96855163574219,115.9634405669385,95.86364338237593,103.28944439850231,2021,4
2022-04-28,101.12055126834855,95.5125503540039,130.46973628983673,91.03474224882015,104.53439504025235,2021,4
2022-04-29,99.85543906748285,94.92801666259766,132.14074193924134,90.11369255085076,104.25947255504316,2021,4
2022-04-30,96.26367527320943,93.3207015991211,137.37824240463837,89.751969805757,104.17864727068147,2021,4
2022-05-01,93.8648966898193,87.28489685058594,151.0102726094559,93.68948982496909,106.46238899370756,2021,4
2022-05-02,88.11292250869609,83.05667877197266,117.87539781289207,93.3621283308601,95.60178185610523,2021,4
2022-05-03,85.01701886765734,77.642822265625,100.11683428100373,88.86942830579214,87.91152593001955,2021,4
2022-05-04,81.73570623586987,69.47472381591797,83.50016746903985,88.69741850833157,80.85200400728982,2021,4
2022-05-05,77.41230248779146,70.09315490722656,72.53733346375371,84.5637939175696,76.15164619408534,2021,4
2022-05-06,80.24016307172865,68.51337432861328,75.90241655573654,90.33902992790598,78.74874597099611,2021,4
2022-05-07,78.39883750984885,67.86735534667969,62.97764951744242,85.11065202982991,73.58862360095021,2021,4
2022-05-08,82.97666136322573,77.08177947998047,64.70197813585658,83.87268500046275,77.15827599488138,2021,4
2022-05-09,79.6073788925871,71.60722351074219,58.73820346292291,87.414675918529,74.3418704461953,2021,4
2022-05-10,73.51101198476782,69.1965560913086,60.23369035048632,88.55666271888711,72.87448028636246,2021,4
2022-05-11,75.90199910957142,68.39228057861328,63.17448155900997,90.91215969820989,74.59523023635114,2021,4
2022-05-12,75.39985237672101,66.1313247680664,61.5601873332649,88.38557324199886,72.8692344300128,2021,4
2022-05-13,74.07457204615139,66.3321762084961,56.43653237470391,85.95098229342979,70.6985657306953,2021,4
2022-05-14,78.32554858277068,74.17707824707031,70.15880994217106,88.82867262103856,77.87252734826265,2021,4
2022-05-15,79.79160907359979,76.90261840820312,75.61876300376498,92.43509617647626,81.18702166551103,2021,4
2022-05-16,75.10006186676691,71.88151550292969,60.729453974323455,90.34191438844707,74.51323643311679,2021,4
2022-05-17,75.76540550022939,77.56792449951172,71.74623784702376,87.6239803733638,78.17588705503218,2021,4
2022-05-18,79.77790646608352,77.63467407226562,75.43132958244779,88.4936237165052,80.33438345932552,2021,4
2022-05-19,73.16530919559078,72.49898529052734,63.19590707278826,85.2091309281719,73.51733312176958,2021,4
2022-05-20,73.9798264488489,72.29694366455078,63.31678469487961,90.09880718424613,74.92309049813134,2021,4
2022-05-21,71.27069089550837,67.52700805664062,57.77913415229108,84.46516264846629,70.26049893822659,2021,4
2022-05-22,77.01328661292754,74.70707702636719,68.4382166864066,87.77850342944718,76.98427093878713,2021,4
2022-05-23,77.81646771588898,71.01512908935547,60.80094305070257,91.1152924374209,75.18695807334198,2021,4
2022-05-24,76.10913600468434,71.30670166015625,63.96874042955248,85.53009478811283,74.22866822062647,2021,4
2022-05-25,78.33842397612408,70.7925796508789,65.37702556369456,93.06051207840844,76.8921353172765,2021,4
2022-05-26,75.10663578567764,71.6382827758789,64.87942441161043,92.43617789311205,76.01513021656976,2021,4
2022-05-27,78.2154214909577,71.60936737060547,60.48300506512039,81.6829847757349,72.9976946756046,2021,4
2022-05-28,81.49647650362861,76.43573760986328,66.91408059359037,82.45267982919546,76.82474363406943,2021,4
2022-05-29,86.86119966905198,81.55239868164062,79.0519023758535,89.8326919271417,84.32454816342195,2021,4
2022-05-30,82.79135163552911,72.39446258544922,67.30018980495959,87.42047316155481,77.47661929687318,2021,4
2022-05-31,79.5434348169148,72.26129150390625,67.55295552034464,85.14792803897984,76.12640247003638,2021,4
2022-06-01,78.86279628212691,72.84852600097656,71.16753581937024,84.77503769930493,76.91347395044465,2021,4
2022-06-02,83.71927806676875,82.21659851074219,72.31678916060687,84.71646833020662,80.74228351708112,2021,4
2022-06-03,81.28968483985847,83.17757415771484,78.21703885248857,90.84267184102491,83.3817424227717,2021,4
2022-06-04,88.58099641367443,87.58345794677734,92.0346673165782,101.36966953608881,92.39219780327969,2021,4
2022-06-05,86.32562048491239,85.14926147460938,90.56750858680643,96.46511241822999,89.62687574113954,2021,4
2022-06-06,81.03496276030491,84.23268127441406,78.96018516698997,84.3368893587548,82.14117964011592,2021,4
2022-06-07,83.804447629208,88.52383422851562,78.64412977837597,90.6524686128338,85.40622006223334,2021,4
2022-06-08,75.19148922499437,83.08121490478516,72.28547661096061,89.36872131304581,79.98172551344649,2021,4
2022-06-09,73.9743479866063,77.93376159667969,66.45129340277474,87.15464673406971,76.37851243003261,2021,4
2022-06-10,73.60468927359733,73.35977935791016,62.614784287265415,86.68417614836785,74.06585726678519,2021,4
2022-06-11,72.36736393309752,73.41242980957031,67.94675665617872,84.98329252140817,74.67746073006367,2021,4
2022-06-12,75.40016144737298,72.0840072631836,73.7648786781051,84.02161604760926,76.31766585906773,2021,4
2022-06-13,76.54526925255593,72.00421905517578,78.97460815511974,83.92593049405382,77.86250673922632,2021,4
2022-06-14,77.652725792053,76.79357147216797,79.52747081801625,86.10882927779288,80.02064934000752,2021,4
2022-06-15,76.17512393088997,72.3150634765625,72.22108736039472,81.45919097039604,75.54261643456081,2021,4
2022-06-16,78.01267537048933,83.44912719726562,80.29461437268246,86.87866441538524,82.15877033895566,2021,4
2022-06-17,80.25938279420572,80.92089080810547,79.77793048398722,81.18240460651597,80.53515217320358,2021,4
2022-06-18,82.2634677369756,77.41381072998047,92.3594210260025,97.25390720943183,87.3226516755976,2021,4
2022-06-19,85.52591896224979,80.36971282958984,83.92446775752181,94.06572190107569,85.97145536260928,2021,4
2022-06-20,88.90612464144125,85.63445281982422,89.80561606857918,88.94188165817789,88.32201879700563,2021,4
2022-06-21,84.22673571798337,89.8310775756836,86.18840209236055,86.0415807453787,86.57194903285156,2021,4
2022-06-22,85.30852539969908,98.23524475097656,114.01204661140069,87.49121040725355,96.26175679233248,2021,4
2022-06-23,83.3077069780391,100.03495025634766,106.77897069727852,87.33482725619037,94.3641137969639,2021,4
2022-06-24,42.78039084259094,46.77141571044922,38.95519105860244,14.632620311016938,35.784904480664885,2021,4
2022-06-25,36.71277172835718,36.72751998901367,18.498456276774345,10.156508310762755,25.52381407622699,2021,4
2022-06-26,31.80023563553266,29.175764083862305,16.2914462315434,5.32075721455262,20.647050791372745,2021,4
2022-06-27,28.401421273918245,27.070947647094727,23.814324195557496,6.865842559833565,21.538133919101007,2021,4
2022-06-28,29.318981593006296,25.318613052368164,17.243900997122324,14.92180134087729,21.70082424584352,2021,4
2022-06-29,26.659727296424908,24.1784725189209,16.31994314101598,9.428862443779833,19.146751350035405,2021,4
2022-06-30,20.426414945721056,22.45152473449707,15.573116571827036,8.027939508579996,16.61974894015629,2021,4
2022-07-01,21.057845075320646,22.55771827697754,25.311868298315396,10.066326155795194,19.748439451602195,2021,4
2022-07-02,20.71294439923108,21.801149368286133,22.70312127825307,11.15801139744138,19.093806610802915,2021,4
2022-07-03,18.519555053714804,20.147981643676758,30.216083337850876,9.233413005171384,19.529258260103457,2021,4
2022-07-04,17.932735259969405,19.21781349182129,36.18069611505286,9.346488027416148,20.669433223564923,2021,4
2022-07-05,18.43748570341791,19.091798782348633,36.475064448653704,9.073863247235453,20.769553045413925,2021,4
2022-07-06,18.48409183519091,18.883716583251953,30.29418626102603,7.518156453088624,18.795037783139378,2021,4
2022-07-07,19.088093919152605,18.254884719848633,34.1298411024814,5.351782559804969,19.206150575321903,2021,4
2022-07-08,19.44103423025949,17.340621948242188,29.061606848140194,3.0162623543394123,17.21488134524532,2021,4
2022-07-09,19.215087190424097,17.146970748901367,29.78985444927349,3.6938219644460943,17.461433588261265,2021,4
2022-07-10,19.998154547035778,17.255008697509766,30.5445677573012,7.097464390055345,18.723798847975523,2021,4
2022-07-11,19.958804768388248,17.20992660522461,29.437085178982507,4.924255138653935,17.882517922812326,2021,4
2022-07-12,18.907707879478217,16.96005630493164,28.507601570740036,10.211163512257972,18.646632316851964,2021,4
2022-07-13,18.764639819123598,16.434017181396484,22.08627439990818,7.802924002428208,16.27196385071412,2021,4
2022-07-14,18.622709341086026,15.335082054138184,19.544134090994092,4.891629410423212,14.598388724160378,2021,4
2022-07-15,18.64720711508124,12.764472007751465,19.592943914291983,5.9190218542826045,14.230911222851823,2021,4
2022-07-16,20.328963180234787,13.054442405700684,22.65374090169344,5.936460856313545,15.493401835985614,2021,4
2022-07-17,20.429491495758445,12.866631507873535,20.384162044075087,5.0190666488487725,14.674837924138957,2021,4
2022-07-18,19.95636537330158,12.356209754943848,20.851170325622295,6.737760045496541,14.975376374841066,2021,4
2022-07-19,19.421730168779415,11.9656400680542,20.295932070994564,8.851997236944905,15.13382488619327,2021,4
2022-07-20,18.580199455704573,11.194903373718262,14.196696556863362,14.713800181063577,14.671399891837442,2021,4
2022-07-21,18.92596372846701,10.926273345947266,10.311274166965601,6.1902393286217094,11.588437642500397,2021,4
2022-07-22,18.78927501677569,10.840914726257324,10.105582282836972,8.456181582281653,12.047988402037909,2021,4
2022-07-23,19.339978414533586,11.31332778930664,10.553759720373774,16.49756335533736,14.426157319887839,2021,4
2022-07-24,20.582391549119603,12.555180549621582,10.695100732369646,16.34696616503971,15.044909749037636,2021,4
2022-07-25,71.74656135010034,81.74645233154297,99.36019509051184,91.82290654008494,86.16902882806002,2021,4
2022-07-26,88.20730232032516,98.84512329101562,138.77528186983395,89.90722803974727,103.93373388023049,2021,4
2022-07-27,93.69391199355923,108.03741455078125,120.86647030839742,89.8639524433518,103.11543732402244,2021,4
2022-07-28,99.85619580911838,115.93009948730469,151.16891000963145,89.68839200912616,114.16089932879517,2021,4
2022-07-29,107.7973759703212,118.1404800415039,142.53499254917824,86.89213611307801,113.84124616852034,2021,4
2022-07-30,103.86510125604123,113.69042205810547,120.79553414365832,92.50993618721402,107.71524841125475,2021,4
2022-07-31,109.17203369653724,116.2275619506836,143.64113889445267,94.05723871228749,115.77449331349024,2021,4
2022-08-01,106.67145760520249,115.1892318725586,117.45277716389721,89.26055399587615,107.14350515938361,2021,4
2022-08-02,109.3137142084718,111.673095703125,121.07638323773719,93.98530660160071,109.01212493773367,2021,4
2022-08-03,107.04415548401211,112.53938293457031,119.12234059200759,89.3331070201544,107.0097465076861,2021,4
2022-08-04,107.38739899198852,113.46966552734375,121.83097376911526,87.67173267054314,107.58994273974766,2021,4
2022-08-05,107.1953195088156,111.47532653808594,120.39041750351099,87.10232088075806,106.54084610779265,2021,4
2022-08-06,108.74513347049248,114.2493896484375,118.44758736737708,85.7350997816592,106.79430256699156,2021,4
2022-08-07,110.14757825037239,122.18131256103516,139.08935927094262,84.9461057513429,114.09108895842326,2021,4
2022-08-08,116.48533419357388,128.8397674560547,139.57531971145954,86.79334859756808,117.92344248966404,2021,4
2022-08-09,119.94635601300364,131.70066833496094,139.86881582564803,87.74482184696043,119.81516550514326,2021,4
2022-08-10,122.08144287744156,139.59274291992188,185.1309346742179,86.40300039960101,133.30203021779556,2021,4
2022-08-11,121.72135631706192,141.31776428222656,185.1266990130471,85.84766334826239,133.50337074014948,2021,4
2022-08-12,119.35822389008861,138.3170623779297,224.23916125646065,86.82284431800161,142.18432296062014,2021,4
2022-08-13,112.54243576402986,128.09849548339844,179.3054286240295,88.50025444183159,127.11165357832235,2021,4
2022-08-14,106.54673145923282,123.7820816040039,162.6841797126053,86.33215492809096,119.83628692598325,2021,4
2022-08-15,107.42859390623079,126.03484344482422,166.23168514946263,91.52669339905748,122.80545397489378,2021,4
2022-08-16,109.78349086215695,113.72715759277344,157.81574363622707,90.08679185100776,117.85329598554131,2021,4
2022-08-17,111.79907042884501,111.49083709716797,146.88333970850093,91.64672750138585,115.45499368397495,2021,4
2022-08-18,101.9931034632602,101.01591491699219,117.04104732323556,88.81278582176239,102.21571288131258,2021,4
2022-08-19,96.7219863189807,88.58244323730469,115.63346536158221,86.2079693355913,96.78646606336473,2021,4
2022-08-20,93.1119836382421,77.34469604492188,111.07814578849849,88.25101360481337,92.44645976911895,2021,4
2022-08-21,97.83993379948173,81.2645263671875,115.43327511634068,89.93882301789725,96.1191395752268,2021,4
2022-08-22,102.32870458597964,79.38282012939453,97.38454557365905,89.84381632339995,92.23497165310829,2021,4
2022-08-23,98.71160999178196,73.82791137695312,76.53246117634325,85.41924558690276,83.62280703299527,2021,4
2022-08-24,100.22884318720408,74.08169555664062,78.17844363529814,80.95051334093606,83.35987393001972,2021,4
2022-08-25,92.20652627245411,68.18841552734375,49.62780764887578,76.73951352899142,71.69056574441626,2021,4
2022-08-26,88.80433150822056,71.29219818115234,65.70780049162393,78.36789055833574,76.04305518483315,2021,4
2022-08-27,90.76248242928983,83.08747100830078,98.28495668385953,81.04483797218518,88.29493702340883,2021,4
2022-08-28,94.97550024408245,84.68470001220703,102.77816966863128,83.0278965161556,91.36656661026909,2021,4
2022-08-29,95.25545848639257,90.87882232666016,107.94313122181524,86.02328392775277,95.02517399065519,2021,4
2022-08-30,94.31748854462982,92.1998062133789,106.96169095213213,87.19433174388718,95.16832936350701,2021,4
2022-08-31,93.22272194022929,95.74383544921875,108.58520008875747,87.66441800706977,96.30404387131881,2021,4
2022-09-01,95.33493658526106,105.92436218261719,129.08786964299367,84.70041072465747,103.76189478388235,2021,4
2022-09-02,99.69428766461972,106.05491638183594,155.65703461243638,82.25443910162633,110.91516944012957,2021,4
2022-09-03,100.12569731244211,97.82154083251953,103.01989177404604,81.47417321652546,95.61032578388328,2021,4
2022-09-04,101.9760637375049,101.41619110107422,96.3571199955959,82.39335300379493,95.53568195949248,2021,4
2022-09-05,102.48661827178127,96.51901245117188,81.26022538022993,78.89334846247621,89.78980114141481,2021,4
2022-09-06,101.25350716737343,98.53585815429688,80.88931577218362,78.29115167422634,89.74245819202007,2021,4
2022-09-07,97.62387058815972,97.76276397705078,79.0661948563376,78.6303397363391,88.27079228947181,2021,4
2022-09-08,97.43743269226536,94.06945037841797,72.50559237924193,79.88153138001462,85.97350170748497,2021,4
2022-09-09,95.53822613094084,84.7335433959961,64.64872647501092,79.05171371234654,80.9930524285736,2021,4
2022-09-10,92.13886931512005,84.89228057861328,70.8760595917654,76.14504341453349,81.01306322500805,2021,4
2022-09-11,95.26557760150979,86.16664123535156,74.21355143934025,78.65232448920233,83.57452369135098,2021,4
2022-09-12,103.1017917036315,93.47126770019531,86.48209166553467,80.309544258547,90.84117383197713,2021,4
2022-09-13,102.33028508521228,92.48294830322266,106.07022650873328,83.97487427288573,96.21458354251348,2021,4
2022-09-14,97.39231348904228,77.80892944335938,76.0831851163594,80.49300976156415,82.94435945258131,2021,4
2022-09-15,98.16273617528554,77.0404052734375,68.97688461338107,79.4007416559294,80.89519192950837,2021,4
2022-09-16,92.99181705393192,70.59496307373047,62.61106685994528,77.39094104873566,75.89719700908583,2021,4
2022-09-17,88.57436929262347,74.02245330810547,68.11406278924207,77.55065203729629,77.06538435681682,2021,4
2022-09-18,88.96514769040218,74.22315979003906,70.44755927839644,76.68036464940546,77.57905785206079,2021,4
2022-09-19,89.95900433595102,77.54115295410156,88.64211458212245,79.67800327429426,83.95506878661732,2021,4
2022-09-20,87.57920824330537,75.58289337158203,92.99364890412785,78.49377837344198,83.66238222311432,2021,4
2022-09-21,89.53017866640278,78.89046478271484,85.40370413125014,77.91096034061822,82.9338269802465,2021,4
2022-09-22,45.92049576315415,36.46806335449219,35.76139246129564,11.46493289787435,32.403721119204086,2021,4
2022-09-23,42.35112212382185,29.96796226501465,24.392999285701904,13.066645197714069,27.444682218063118,2021,4
2022-09-24,36.64901703290932,27.472261428833008,21.158792921375696,10.874630331054496,24.038675428543126,2021,4
2022-09-25,32.37650433452344,26.8304386138916,24.464964461428906,11.092039347071314,23.690986689228815,2021,4
2022-09-26,37.05628960033279,26.0074405670166,25.97456108499522,14.495999903772978,25.883572789029397,2021,4
2022-09-27,31.23235151299604,22.54872703552246,20.988320960384794,12.285663258212052,21.763765691778836,2021,4
2022-09-28,25.914198635087665,20.834487915039062,18.689386122601004,11.094417899462687,19.133122643047603,2021,4
2022-09-29,23.517235895093584,20.9534912109375,21.961410585936875,11.248020302400606,19.420039498592143,2021,4
2022-09-30,25.55159787955519,19.609338760375977,21.293100080891236,20.09629760459213,21.63758358135363,2021,4
2022-10-01,23.154176942970683,18.825225830078125,16.670469386162985,14.459879602716748,18.277437940482134,2021,4
2022-10-02,19.818193495793988,17.626794815063477,16.54901125522966,11.96006966954676,16.48851730890847,2021,4
2022-10-03,18.666108717435147,17.56593132019043,15.919970685017722,11.316013480990739,15.867006050908511,2021,4
2022-10-04,19.533652417021216,17.732267379760742,13.762048405384618,19.51869170845466,17.636664977655307,2021,4
2022-10-05,25.898907848938975,22.833332061767578,15.508366463863098,22.128514111886524,21.592280121614046,2021,4
2022-10-06,19.35736419477378,19.090715408325195,11.152578584568062,11.645418966098235,15.311519288441318,2021,4
2022-10-07,18.808692928170135,17.776517868041992,11.151664195120988,13.747322976618785,15.371049491987973,2021,4
2022-10-08,16.757226049051194,17.01436996459961,9.641044112439502,10.356470795657437,13.442277730436937,2021,4
2022-10-09,18.165479757640675,17.62774085998535,11.75694793735799,19.732117730456732,16.820571571360187,2021,4
2022-10-10,17.59910321827942,16.87686538696289,9.905175987464014,16.267957819736317,15.162275603110661,2021,4
2022-10-11,18.120903168756033,17.672822952270508,11.943980559592774,16.66558114949992,16.10082195752981,2021,4
2022-10-12,18.85251761595621,17.1980037689209,10.461146460394868,21.405268633892753,16.97923411979118,2021,4
2022-10-13,18.97705840705235,17.85527801513672,12.135564842703223,16.95134562166723,16.479811721639884,2021,4
2022-10-14,19.35719421577668,17.2209415435791,10.855667241684701,20.106905381220216,16.885177095565176,2021,4
2022-10-15,23.553210509566334,19.668046951293945,11.738212441281467,21.548929228389397,19.127099782632786,2021,4
2022-10-16,22.67665650282445,18.905384063720703,12.95438607607469,20.95106007695605,18.871871679893975,2021,4
2022-10-17,21.013029495480424,17.642175674438477,9.596925872605755,17.770037184748972,16.505542056818406,2021,4
2022-10-18,24.23232792382543,22.04080581665039,21.832158835815545,27.03261714575337,23.78447743051118,2021,4
2022-10-19,25.33355187259539,20.342348098754883,28.151019637681973,31.9815913656416,26.452127743668463,2021,4
2022-10-20,68.16183821131565,65.0488510131836,68.55122380268371,86.62231407288266,72.09605677501641,2021,4
2022-10-21,73.55517250407436,74.68620300292969,89.57527868179702,98.21697513517712,84.00840733099454,2021,4
2022-10-22,77.08783230594376,76.92961883544922,91.9743878117095,89.47647552017129,83.86707861831844,2021,4
2022-10-23,78.16585495548928,80.50259399414062,105.20771068985086,88.51853255307367,88.09867304813861,2021,4
2022-10-24,69.31758315156111,68.85157775878906,87.75852675856032,87.98242278555207,78.47752761361565,2021,4
2022-10-25,76.76032942715551,81.1993408203125,107.85565428997816,89.47546345630114,88.82269699843683,2021,4
2022-10-26,73.73609786148414,74.05464172363281,87.13612016561203,89.81840389928104,81.18631591250251,2021,4
2022-10-27,48.83748152286758,50.66280746459961,65.42541732902255,56.8261596606852,55.43796649429373,2021,4
2022-10-28,52.973056589854494,47.586997985839844,48.85210780407959,62.17487622617854,52.89675965148811,2021,4
2022-10-29,47.90063545033315,46.62968063354492,52.491434962743874,59.84065888604455,51.71560248316662,2021,4
2022-10-30,45.67556054226077,42.74510192871094,41.7546723843236,59.8896510171906,47.51624646812148,2021,4
2022-10-31,53.17213379503375,46.070709228515625,47.457878145813595,58.26758242606041,51.242075898855845,2021,4
2022-11-01,56.26315868187546,47.67159652709961,49.17844406682816,67.11026715592953,55.0558666079332,2021,4
2022-11-02,54.568700711152886,47.11345291137695,50.090829763726944,70.68827997737135,55.61531584090703,2021,4
2022-11-03,48.80457909269881,41.87118911743164,42.21549556699368,56.59365765365058,47.37123035769368,2021,4
2022-11-04,47.30175939556049,35.57606887817383,34.71531387442178,56.19417473485221,43.44682922075208,2021,4
2022-11-05,45.57991519068233,35.17889404296875,33.303489313629875,60.13955611157584,43.5504636647142,2021,4
2022-11-06,46.582212167389756,35.163848876953125,33.69587498606694,58.61209736092064,43.51350834783261,2021,4
2022-11-07,56.79152302131148,48.28767776489258,46.98884460928379,75.46150733584768,56.88238818283388,2021,4
2022-11-08,52.948082891774405,44.899383544921875,45.00522849108852,71.32172770768773,53.54360565886813,2021,4
2022-11-09,47.72938079688294,35.90565872192383,35.9014091863392,58.89526564287782,44.607928587005944,2021,4
2022-11-10,47.41894461298683,33.906856536865234,29.377687049971335,45.87875143306018,39.145559908220896,2021,4
2022-11-11,47.74450507464551,34.77803039550781,33.15925168234443,45.44874785338474,40.28263375147062,2021,4
2022-11-12,47.81073987423898,36.50764083862305,39.13067605447983,42.233287297189676,41.42058601613289,2021,4
2022-11-13,44.37140703607031,34.96198654174805,35.23856577680991,40.14125479083401,38.67830353636557,2021,4
2022-11-14,46.259601095357645,36.25502014160156,37.18924696627811,42.939458196029186,40.66083159981663,2021,4
2022-11-15,47.556993339988615,36.8738899230957,34.89447623608992,51.44142403160559,42.69169588269496,2021,4
2022-11-16,47.35258791175265,37.377506256103516,36.6682597810201,45.168821367194546,41.6417938290177,2021,4
2022-11-17,46.388786337085904,33.642086029052734,31.06819561439961,43.80900085337102,38.72701720847732,2021,4
2022-11-18,44.97784156536121,33.87120056152344,31.92532897314176,40.36333219036869,37.78442582259878,2021,4
2022-11-19,43.95688472936221,34.59627151489258,41.28792637193015,37.630978230953716,39.368015211784666,2021,4
2022-11-20,40.748794462671256,32.12223434448242,29.716334721843275,37.24131987919461,34.95717085204789,2021,4
2022-11-21,38.94594235481017,29.624963760375977,28.887388490354002,17.137460226266043,28.648938707951547,2021,4
2022-11-22,39.728629863585695,29.262853622436523,23.114196112847125,22.887425886810142,28.74827637141987,2021,4
2022-11-23,46.4601632930792,35.20514678955078,36.95203465714678,24.559363303003572,35.79417701069509,2021,4
2022-11-24,50.92266408357553,38.07646942138672,37.00395105867278,22.57115064975764,37.14355880334817,2021,4
2022-11-25,30.77888814255434,25.36319923400879,22.05492046967246,14.117381722536171,23.078597392192936,2021,4
2022-11-26,41.76007667555288,35.38197708129883,56.363849098093006,34.55800730873849,42.0159775409208,2021,4
2022-11-27,27.305487854909188,24.43878936767578,21.021890689813283,14.778351492916475,21.886129851328683,2021,4
2022-11-28,21.504898850303533,20.575925827026367,16.51284515437029,13.385071177887218,17.994685252396852,2021,4
2022-11-29,19.760910022997848,19.702537536621094,22.311822949754834,13.744215459115834,18.8798714921224,2021,4
2022-11-30,20.315567661118063,20.041505813598633,25.541756780682555,16.790611323095973,20.672360394623805,2021,4
2022-12-01,17.98645046668055,18.29548454284668,21.088397348336645,11.436484191667164,17.20170413738276,2021,4
2022-12-02,17.703107968372876,18.037796020507812,25.37693625052112,14.86815691881603,18.99649928955446,2021,4
2022-12-03,19.142735389931218,17.582172393798828,20.654932382872722,23.41371417750969,20.198388586028116,2021,4
2022-12-04,18.88912973249119,17.719058990478516,23.724540007858618,28.10795771199505,22.11017161070584,2021,4
2022-12-05,18.423970409164756,17.73822593688965,26.999893809906986,25.580209608964815,22.18557494123155,2021,4
2022-12-06,17.261592250918373,17.695892333984375,26.260758328991116,19.54752269217117,20.191441401516258,2021,4
2022-12-07,16.04633893647536,17.568944931030273,21.169606359710805,11.979958864479766,16.69121227292405,2021,4
2022-12-08,15.536291430339473,17.367446899414062,20.20151544460699,11.911793079536356,16.25426171347422,2021,4
2022-12-09,15.865449934553377,23.908466339111328,39.732593110286345,13.019089351682773,23.131399683908455,2021,4
2022-12-10,19.44096883467629,27.07508087158203,35.25748117123979,15.366822114654934,24.28508824803826,2021,4
2022-12-11,18.793716005470582,21.449920654296875,42.409682247944914,12.780189217024304,23.85837703118417,2021,4
2022-12-12,21.0077401717,26.20998764038086,58.72084119629258,18.813194571559837,31.187940894983317,2021,4
2022-12-13,20.337241857207623,25.836130142211914,57.423137441608695,18.365353356082814,30.490465699277763,2021,4
2022-12-14,20.055961052149993,25.96855354309082,56.186991922890165,17.56099799433928,29.94312612811757,2021,4
2022-12-15,20.259030825304226,25.59076690673828,58.49816799207463,13.049596847411411,29.349390642882135,2021,4
2022-12-16,19.4987343592056,20.36429214477539,60.382234208206754,15.502771968970384,28.93700817028953,2021,4
2021-12-17,23.203752566686227,28.63265609741211,25.05951786759658,14.708180359434749,22.901026722782415,2021,9
2021-12-18,25.23719233894208,28.9428653717041,21.893244739585008,17.4315010954912,23.376200886430595,2021,9
2021-12-19,25.989504206727414,29.781557083129883,24.109974559310654,15.710328810313158,23.89784116487028,2021,9
2021-12-20,17.129209307516504,22.022361755371094,16.72452090836833,-7.061725123512815,12.203591711935779,2021,9
2021-12-21,19.294079502022157,19.52574920654297,19.81732250140965,5.063101193736898,15.925063100927918,2021,9
2021-12-22,20.75804419477917,18.717693328857422,19.59526166767137,7.742526753832152,16.70338148628503,2021,9
2021-12-23,15.3071698394804,17.44254493713379,16.075334418852183,-6.024373795777983,10.700168849922099,2021,9
2021-12-24,14.800166312523944,17.367677688598633,14.299060973479989,-10.1411115355545,9.081448359762016,2021,9
2021-12-25,14.523648590918866,18.298730850219727,19.06188186025223,-5.523459040925026,11.590200565116449,2021,9
2021-12-26,13.389900283907378,16.81624984741211,13.975085778359238,-16.11606182224914,7.0162935218573965,2021,9
2021-12-27,13.88058017456693,17.38445281982422,16.92282326459239,0.39077640164461513,12.14465816515704,2021,9
2021-12-28,26.122359084745383,27.69275665283203,24.572416665879558,20.647266804676022,24.75869980203325,2021,9
2021-12-29,25.6815326955129,28.88596534729004,21.32421160972409,17.203705959517023,23.273853903011013,2021,9
2021-12-30,22.55929742322996,24.10447883605957,19.31215805733406,13.502165148554326,19.86952486629448,2021,9
2021-12-31,28.33840239877474,24.856760025024414,21.580308724051076,19.133743724773268,23.477303718155873,2021,9
2022-01-01,29.02208172231757,23.72114372253418,20.387685706731503,6.257010609063293,19.846980440161637,2021,9
2022-01-02,30.941043998276324,25.640457153320312,20.405331067874823,4.814232857715048,20.450266269296627,2021,9
2022-01-03,20.604392373896747,19.06755256652832,15.918450420744113,-5.708052744137415,12.470585654257942,2021,9
2022-01-04,18.94081667108466,17.68037986755371,15.923279715746276,-6.338220357972592,11.551563974103015,2021,9
2022-01-05,16.661869744570236,16.975093841552734,13.277618578717384,-17.37734689856541,7.384308816568736,2021,9
2022-01-06,17.79630762148189,17.35791015625,14.309053175595661,-3.6657631562775634,11.449376949262497,2021,9
2022-01-07,20.66711822344675,17.95018768310547,13.951315770893899,-3.2928453321990716,12.318944086311761,2021,9
2022-01-08,32.142769623931315,28.3260498046875,23.247867149785513,13.35528846028248,24.267993759671704,2021,9
2022-01-09,18.257474478528465,21.543941497802734,15.283934822404504,-11.54099974662854,10.88608776302679,2021,9
2022-01-10,17.21227235031645,18.169858932495117,14.392878103985002,-23.26818418589138,6.626706300226298,2021,9
2022-01-11,16.391567039545023,17.21286964416504,12.50617254655681,-25.281855620435284,5.207188402457898,2021,9
2022-01-12,16.140865865528923,17.591360092163086,10.779223504189485,-28.380745341559653,4.032676030080461,2021,9
2022-01-13,16.717440673333616,18.050798416137695,18.603440100054673,-26.853950363144698,6.62943220659532,2021,9
2022-01-14,17.597287008161334,18.20196533203125,21.545022412209317,-20.120005217477317,9.306067383731147,2021,9
2022-01-15,16.8809012866161,17.272769927978516,18.56192935812969,-23.5479477025178,7.291913217551627,2021,9
2022-01-16,15.953709912174403,16.840538024902344,16.972114595336834,-14.766740480756482,8.749905512914275,2021,9
2022-01-17,15.770883655957967,16.64095115661621,16.049175949055865,-28.561506201626383,4.974876140000915,2021,9
2022-01-18,16.099834310550495,16.97422218322754,22.476286698471384,-27.577654626648005,6.993172141400352,2021,9
2022-01-19,15.773279865352198,16.4410457611084,18.501672275072554,-13.24409283497539,9.367976266639438,2021,9
2022-01-20,15.000854161191443,15.58025074005127,15.89574522107735,-24.603109773185672,5.468435087283597,2021,9
2022-01-21,14.578738856998912,15.552508354187012,21.024666820749417,-28.216040123248465,5.734968477171718,2021,9
2022-01-22,13.44571598482602,14.830390930175781,18.221778715680458,-21.241697157312935,6.314047118342332,2021,9
2022-01-23,13.865387126795884,13.98613452911377,22.341488858238485,-19.673490316956602,7.629880049297885,2021,9
2022-01-24,15.404282396175583,13.94105052947998,24.497376435369702,-11.993510499748783,10.46229971531912,2021,9
2022-01-25,15.993214809863034,14.33905029296875,27.15867996118894,-25.18081540077468,8.077532415811511,2021,9
2022-01-26,14.936602795455567,13.170954704284668,22.64534700017297,-22.383339762142185,7.092391184442754,2021,9
2022-01-27,15.857679724923283,13.837345123291016,27.58299434273072,-15.01901035900617,10.56475220798471,2021,9
2022-01-28,16.09681612274114,13.535371780395508,29.18845518401262,-21.370214980241826,9.36260702672686,2021,9
2022-01-29,21.761788792644822,16.701444625854492,35.52122806510416,-5.800080696283317,17.046095196830038,2021,9
2022-01-30,17.436016036236914,15.246953010559082,25.847972071312437,-20.520341865165577,9.502649813235713,2021,9
2022-01-31,25.19027079192129,18.461265563964844,23.218719872075017,1.469147105490137,17.08485083336282,2021,9
2022-02-01,29.123712137295254,28.688138961791992,31.85490288173993,2.045665874856468,22.928104963920912,2021,9
2022-02-02,18.70932250059284,21.807849884033203,19.97655952340008,-13.379595655941493,11.778534063021157,2021,9
2022-02-03,18.15284394651337,18.205778121948242,18.646152474333178,-10.783208659958014,11.055391470709194,2021,9
2022-02-04,24.058823264816628,21.365917205810547,18.985704654216427,-2.308153267319234,15.52557296438109,2021,9
2022-02-05,28.189807160281664,25.586347579956055,20.050908768161275,2.0765615206125005,18.975906257252873,2021,9
2022-02-06,42.928111020593846,38.606929779052734,36.56840972802629,19.253608164497926,34.3392646730427,2021,9
2022-02-07,22.66698316256695,23.203153610229492,21.311073280100736,-15.354073752005249,12.95678407522298,2021,9
2022-02-08,20.600281313632113,20.162979125976562,16.49825032718218,-6.440290274688191,12.705305123025664,2021,9
2022-02-09,17.905755893141293,17.26498794555664,16.765433746259045,-16.84909346924421,8.771771028928192,2021,9
2022-02-10,18.172495434402443,17.05393409729004,15.035065311430099,-21.399950455105632,7.215386097004236,2021,9
2022-02-11,18.29296563940542,16.740568161010742,11.951955552504998,-25.455211249471887,5.382569525862319,2021,9
2022-02-12,20.83691706154777,18.57228660583496,10.95916377493507,-3.0334812792615082,11.833721540764072,2021,9
2022-02-13,32.58849685808641,27.961833953857422,21.915534073652005,7.937216876450442,22.600770440511567,2021,9
2022-02-14,22.639237040621996,21.97752571105957,16.690434475130147,-10.907805674195288,12.599847888154105,2021,9
2022-02-15,29.289630859923413,25.039453506469727,21.374488423861862,-1.005654361854944,18.674479607100018,2021,9
2022-02-16,55.81276995375444,48.86439895629883,56.71927487348317,27.949479859749054,47.33648091082137,2021,9
2022-02-17,36.80044073608789,30.878252029418945,30.14113215569174,0.6633399028991178,24.62079120602442,2021,9
2022-02-18,53.044314740384316,49.59528732299805,49.927829264456314,24.25091203405423,44.20458584047323,2021,9
2022-02-19,45.723180677124894,40.425048828125,37.7271257242539,4.488920621387436,32.091068962722815,2021,9
2022-02-20,63.75552247102207,70.81160736083984,73.83666296146222,28.771058808079054,59.2937129003508,2021,9
2022-02-21,48.31463595121705,46.011775970458984,38.97984318072247,11.029318063807231,36.08389329155143,2021,9
2022-02-22,40.148313557359934,35.91770553588867,35.631454918559356,-5.211168623503884,26.62157634707602,2021,9
2022-02-23,29.233585697915775,27.48107147216797,27.887815601287368,-13.662941140619974,17.734882907687783,2021,9
2022-02-24,38.716356528587376,33.174049377441406,27.781373953528234,-1.2887565681924826,24.59575582284113,2021,9
2022-02-25,26.004039548068203,25.670053482055664,23.884720148108602,-18.118654975335424,14.360039550724261,2021,9
2022-02-26,23.95464126778407,22.6297664642334,22.909375577960393,-9.110411696874564,15.095842903275823,2021,9
2022-02-27,21.755703335791733,21.028656005859375,21.826486690443794,-11.993717211279538,13.154282205203844,2021,9
2022-02-28,19.82410773781376,19.567800521850586,25.582505160759148,-17.056081502438133,11.979582979496342,2021,9
2022-03-01,22.920036117559903,19.349224090576172,33.13976037727158,-16.350786626887036,14.764558489630156,2021,9
2022-03-02,22.13473361052929,20.55099868774414,30.72955174844462,-4.63444197328565,17.195210518358103,2021,9
2022-03-03,19.55218180661521,18.57212257385254,25.66240016728328,-14.961657124044173,12.206261855926714,2021,9
2022-03-04,18.055338610185064,17.068063735961914,16.707604060623442,-21.907095991765374,7.48097760375126,2021,9
2022-03-05,19.6887591833809,17.05362319946289,17.080598829884128,-21.36640365817867,8.11414438863731,2021,9
2022-03-06,19.86553563154443,17.02545166015625,17.14214552098253,-12.614494018318084,10.354659698591282,2021,9
2022-03-07,22.106234795929705,19.26137924194336,17.14058829777359,-0.9060460622551076,14.400539068347888,2021,9
2022-03-08,21.11109250695355,19.54489517211914,21.381951820098102,-6.133629611657419,13.976077471878344,2021,9
2022-03-09,22.24294897299267,20.849506378173828,22.38476622863974,-5.207107262960502,15.067528579211434,2021,9
2022-03-10,18.973001459767485,17.876611709594727,22.029761790073355,-12.665398157937844,11.55349420037443,2021,9
2022-03-11,21.874163802842734,20.23269271850586,21.428095705297892,0.722648756854781,16.064400245875316,2021,9
2022-03-12,30.937698227594986,28.83936309814453,26.643917322717314,4.544388957162191,22.74134190140476,2021,9
2022-03-13,20.468801826534172,22.237680435180664,20.81471644835343,-13.048748607577405,12.618112525622717,2021,9
2022-03-14,18.775363085161946,18.51517105102539,19.51767105970553,-26.409638583685236,7.599641653051908,2021,9
2022-03-15,19.421860450739636,17.555620193481445,16.799301048947143,-20.135362147442386,8.41035488643146,2021,9
2022-03-16,18.658039494518114,17.889009475708008,20.47881490491116,-21.188017813065876,8.959461515517852,2021,9
2022-03-17,17.054378187012695,16.755054473876953,16.63432000478646,-21.23083814245829,7.303228630804455,2021,9
2022-03-18,18.398484713028775,17.316022872924805,20.06469924587422,-15.965710437394332,9.953374098608368,2021,9
2022-03-19,28.15430040065258,28.23412322998047,40.72369080006765,12.303039916430386,27.35378858678277,2021,9
2022-03-20,22.123165816834877,23.62285614013672,26.372474938500897,-3.9622875806548805,17.0390523287044,2021,9
2022-03-21,19.75897510968,19.303152084350586,18.997164449114802,-9.704608269879941,12.088670843316361,2021,9
2022-03-22,18.91165965050637,17.549400329589844,22.000892310118193,-17.014390659661043,10.361890407638338,2021,9
2022-03-23,18.88405161614552,17.274532318115234,20.20007145066502,-21.540363416548317,8.704572992094365,2021,9
2022-03-24,19.20056868685777,17.614137649536133,25.068371985270815,-21.125692683216094,10.189346409612156,2021,9
2022-03-25,18.571533192909715,17.090373992919922,28.4678865062147,-18.835921008657373,11.32346817084674,2021,9
2022-03-26,19.308476047364188,17.281543731689453,23.456996688824947,-12.629417699722627,11.854399692038992,2021,9
2022-03-27,18.853395240718815,16.899337768554688,19.33593173756134,-16.047954981013564,9.760177441455319,2021,9
2022-03-28,18.49369445186663,16.85637664794922,18.98488065988443,-19.412306062328913,8.730661424342841,2021,9
2022-03-29,18.520185301600335,17.300447463989258,25.435599488377523,-23.300140096475495,9.489023039372904,2021,9
2022-03-30,17.521930494784467,16.440486907958984,18.06571403054488,-24.900083514454742,6.782011979708399,2021,9
2022-03-31,18.747734664604373,16.432809829711914,19.573649017831336,-8.262297479779122,11.622974008092125,2021,9
2022-04-01,17.986586261473793,15.849042892456055,17.913135699133573,-18.608774498112478,8.284997588737735,2021,9
2022-04-02,17.448998447763643,15.646370887756348,21.39560613937732,-27.239005682659695,6.812992448059404,2021,9
2022-04-03,17.954155707398098,15.168922424316406,16.97172996541552,-27.041869324213327,5.763234693229175,2021,9
2022-04-04,19.772513871591748,13.551441192626953,16.29440566002021,-12.104556302244788,9.378451105498531,2021,9
2022-04-05,21.967660693015674,15.268928527832031,15.455154862058066,-7.22372214409631,11.367005484702364,2021,9
2022-04-06,33.03959553707395,25.677427291870117,26.466712864077586,10.106767203920256,23.822625724235476,2021,9
2022-04-07,31.86749108363952,26.042200088500977,22.575480947382378,-2.25853941760969,19.556658175478297,2021,9
2022-04-08,20.29741746072927,18.551733016967773,17.69680535012068,-21.954730461853334,8.647806341491098,2021,9
2022-04-09,17.812010606108256,17.060331344604492,16.03554116334982,-29.198236436598233,5.4274116693660845,2021,9
2022-04-10,19.569729069240996,18.193761825561523,17.19369013504625,-10.916659946737202,11.010130270777893,2021,9
2022-04-11,19.995586680075935,18.380807876586914,18.39214832889486,-5.8460834901300665,12.73061484885691,2021,9
2022-04-12,17.14387664752479,17.382034301757812,16.432039995194195,-23.39336329098682,6.891146913372495,2021,9
2022-04-13,71.18050166548021,80.0794677734375,80.53320835741604,59.29843273801432,72.77290263358702,2021,9
2022-04-14,84.69146682891532,97.13543701171875,104.82658679191222,61.730189765071025,87.09592009940434,2021,9
2022-04-15,87.94134767224493,106.062255859375,117.98980754571826,57.56824560566344,92.39041417075042,2021,9
2022-04-16,87.46691194899309,103.54023742675781,97.14670927808419,66.4691062408024,88.65574122365936,2021,9
2022-04-17,86.28668013460832,96.56257629394531,96.60732571262702,72.04548937235276,87.87551787838336,2021,9
2022-04-18,89.15159098122678,94.2940444946289,87.57052335871883,64.9826987148951,83.9997143873674,2021,9
2022-04-19,91.69046183918881,90.07949829101562,86.5822588974133,67.01279293195148,83.8412529898923,2021,9
2022-04-20,91.90150661539725,94.91899108886719,123.08329193269113,61.49615260264495,92.84998555990012,2021,9
2022-04-21,94.97720376837862,95.67932891845703,108.44604594892772,68.13783345182193,91.81010302189634,2021,9
2022-04-22,101.31668799600152,108.13070678710938,109.32798740468873,78.42063817419958,99.2990050904998,2021,9
2022-04-23,108.78597923276547,108.15520477294922,114.19305925659613,74.5180105849278,101.41306346180966,2021,9
2022-04-24,106.53108001477098,108.29531860351562,111.16345183510019,68.53334218017963,98.6307981583916,2021,9
2022-04-25,107.50810708909658,110.27996826171875,111.76703857644853,64.87173683958778,98.60671269171291,2021,9
2022-04-26,105.70690003121459,106.53038024902344,101.65975295147807,66.91762863457043,95.20366546657164,2021,9
2022-04-27,108.50637211620068,112.02824401855469,115.3066135211787,70.73515865988745,101.64409707895538,2021,9
2022-04-28,104.42671431811559,115.1065673828125,135.37699651536218,63.94976398946189,104.71501055143804,2021,9
2022-04-29,104.97415828348267,114.16282653808594,136.79430306610658,62.794740475118566,104.68150709069843,2021,9
2022-04-30,102.9356280908015,115.60438537597656,125.3671393762305,60.03039420073966,100.98438676093706,2021,9
2022-05-01,102.30149858098879,112.9970703125,130.49080861207887,61.50428249062602,101.82341499904841,2021,9
2022-05-02,102.36723560988062,112.57012176513672,131.93909091468518,57.78902147712406,101.16636744170664,2021,9
2022-05-03,98.83761783620987,107.98148345947266,105.74829115387702,58.14405047970178,92.67786073231532,2021,9
2022-05-04,96.2654388330745,100.16771697998047,86.2164015264407,64.10403225083178,86.68839739758187,2021,9
2022-05-05,94.52513966524415,98.86058044433594,70.42586704773328,61.97900971487703,81.4476492180476,2021,9
2022-05-06,90.58636419903462,98.13678741455078,71.01766263607797,71.75429878046842,82.87377825753293,2021,9
2022-05-07,88.44342041318585,99.21436309814453,66.99295297732931,65.14992308108742,79.95016489243677,2021,9
2022-05-08,91.13204959211438,101.25125122070312,68.75344141000885,63.835798371890256,81.24313514867914,2021,9
2022-05-09,88.51036607054262,98.50452423095703,62.57434606025854,73.76530514082168,80.83863537564497,2021,9
2022-05-10,84.57766285342986,99.10401153564453,63.66468086305117,73.60410045031679,80.23761392561059,2021,9
2022-05-11,85.6969507400267,96.52044677734375,64.84974463317374,77.10293451118201,81.04251916543154,2021,9
2022-05-12,85.48713712357002,96.44102478027344,66.99907747170732,72.11252289286395,80.25994056710368,2021,9
2022-05-13,84.33211220951293,95.97573852539062,64.20728800383488,73.08970206045592,79.40121019979858,2021,9
2022-05-14,86.20328818226947,99.50589752197266,71.91602590561955,66.6609933750718,81.07155124623338,2021,9
2022-05-15,89.49256568176366,100.60150909423828,76.1744680267454,73.26870747997162,84.88431257067974,2021,9
2022-05-16,85.1698196657621,98.61904907226562,66.70100703330937,73.46613600666768,80.9890029445012,2021,9
2022-05-17,85.8138847283741,101.5005874633789,73.72433173846912,72.3775294646382,83.35408334871508,2021,9
2022-05-18,87.08781984976493,98.00843048095703,65.25223377206254,71.92873600567412,80.56930502711465,2021,9
2022-05-19,84.79776834178554,96.68778991699219,66.66398532180342,62.29768505898567,77.61180715989171,2021,9
2022-05-20,82.4886560545988,96.25823211669922,64.19268553612876,73.47746261190434,79.10425907983279,2021,9
2022-05-21,78.54025631092188,95.39319610595703,62.1361736168392,66.09308286593216,75.54067722491257,2021,9
2022-05-22,82.36569803953836,91.468994140625,69.62994457967221,68.51746063333661,77.99552434829305,2021,9
2022-05-23,83.77395966292453,89.08785247802734,66.9205193949509,70.56205422167207,77.58609643939371,2021,9
2022-05-24,81.51059634697258,86.09234619140625,63.67417406691792,69.17428048601889,75.11284927282891,2021,9
2022-05-25,82.11427278019256,86.77394104003906,70.44689779472594,83.5018382152212,80.70923745754469,2021,9
2022-05-26,79.00956137163351,87.70973205566406,66.73376432219014,82.76096273400904,79.05350512087418,2021,9
2022-05-27,82.07748051089563,84.36248779296875,60.96784048347689,68.10343737271216,73.87781154001335,2021,9
2022-05-28,83.93720644035628,87.03939056396484,69.87866776681133,64.65084635056215,76.37652778042366,2021,9
2022-05-29,85.86958936672785,87.98741912841797,72.254639700114,59.05099500847799,76.29066080093445,2021,9
2022-05-30,87.56074399548501,87.1180648803711,71.93526245409834,61.73517658338641,77.08731197833521,2021,9
2022-05-31,87.56063763325874,84.12309265136719,74.53355628786126,67.08810307344078,78.32634741148199,2021,9
2022-06-01,89.2857365965878,87.26548767089844,80.82515170517807,63.88154664356248,80.31448065405671,2021,9
2022-06-02,89.94504523649111,87.9496841430664,73.57083983484655,63.79828719258692,78.81596410174775,2021,9
2022-06-03,90.54660606296422,94.1644058227539,83.43330255312446,68.7227925103619,84.21677673730112,2021,9
2022-06-04,97.49926270716077,102.3946533203125,113.98898352606764,79.05988735876599,98.23569672807673,2021,9
2022-06-05,101.931447775312,108.14360046386719,117.81652810505675,67.79764216209722,98.9223046265833,2021,9
2022-06-06,93.7264100814531,100.22708129882812,103.03606064803543,84.95592206024705,95.48636852214094,2021,9
2022-06-07,91.60985033821161,109.14552307128906,117.12327650964916,84.47567043749501,100.58858008916121,2021,9
2022-06-08,87.01137697026432,105.53119659423828,108.83975501351685,98.26680833492279,99.91228422823556,2021,9
2022-06-09,84.1727618083634,104.65870666503906,106.52073174570923,87.24114478907038,95.64833625204551,2021,9
2022-06-10,80.55922008345092,101.78629302978516,98.61965098789442,70.73035447184907,87.92387964324489,2021,9
2022-06-11,76.62456451247385,100.53466033935547,95.57548069720265,75.03916962933698,86.94346879459223,2021,9
2022-06-12,81.16335147236472,101.41775512695312,103.57006864293368,71.15613970404257,89.32682873657352,2021,9
2022-06-13,81.7646599236985,101.56806945800781,106.35880476579484,63.587725754613594,88.31981497552869,2021,9
2022-06-14,81.40703441686634,100.96470642089844,90.14186596592913,63.62642780030588,84.03500865099994,2021,9
2022-06-15,79.9460382275899,97.39225769042969,79.21249378008389,65.05703923722353,80.40195723383175,2021,9
2022-06-16,79.34748958591851,100.33698272705078,83.1563067465364,66.48785881284411,82.33215946808744,2021,9
2022-06-17,82.60178901746973,103.20873260498047,82.53570466221517,71.38860481970357,84.93370777609223,2021,9
2022-06-18,83.71309708868868,108.03143310546875,81.63046970183322,76.87925167883964,87.56356289370757,2021,9
2022-06-19,89.69573593794554,107.85543823242188,92.35987510593067,71.8973451452243,90.4520986053806,2021,9
2022-06-20,91.85212580914352,107.04927062988281,85.32754837865767,76.39094092838911,90.15497143651828,2021,9
2022-06-21,88.02279851175004,104.18156433105469,84.1216747424547,68.03645652229429,86.09062352688844,2021,9
2022-06-22,89.52238829369148,108.7465591430664,105.46764083230259,70.17455400056099,93.47778556740536,2021,9
2022-06-23,86.71173957000181,106.30955505371094,91.60779338806363,71.16891806459623,88.94950151909316,2021,9
2022-06-24,55.46654565426103,60.96027374267578,44.95033762169517,5.003358497588259,41.59512887905506,2021,9
2022-06-25,50.2534685372442,50.03556442260742,29.958561718055442,6.979752323996273,34.30683675047584,2021,9
2022-06-26,49.409458833487854,46.255859375,21.256697186526974,8.061575812298763,31.2458978018284,2021,9
2022-06-27,46.01200769877732,43.749610900878906,23.976020273275175,3.6327781854450834,29.342604264594122,2021,9
2022-06-28,49.34014480821656,43.38454055786133,24.753930324090387,30.971768114578545,37.112595951186705,2021,9
2022-06-29,48.449087492754806,41.09889221191406,20.678743319683658,15.074217356964859,31.325235095329347,2021,9
2022-06-30,49.131484330822616,38.183937072753906,20.891332961497447,17.645027186913673,31.46294538799691,2021,9
2022-07-01,48.03612783879381,37.42699432373047,25.50650112710153,25.86780709011989,34.20935759493643,2021,9
2022-07-02,47.306119542156615,37.22437286376953,30.26715124863393,24.131063181040496,34.73217670890014,2021,9
2022-07-03,47.07700535279068,37.128910064697266,34.667456493121726,21.241259591587543,35.02865787554931,2021,9
2022-07-04,46.00159348703732,36.49597930908203,34.600651330593074,19.201410151810997,34.07490856963086,2021,9
2022-07-05,47.22462935459144,35.63428497314453,37.26536601966277,18.03855971522676,34.54071001565638,2021,9
2022-07-06,49.10723767952616,36.648677825927734,51.77804609877704,21.81771924536732,39.83792021239956,2021,9
2022-07-07,51.69954868123568,36.812442779541016,57.99994184085168,25.888954730126805,43.1002220079388,2021,9
2022-07-08,55.14354430203635,36.2348747253418,57.548124766003234,18.324209334647158,41.81268828200713,2021,9
2022-07-09,57.78112843464608,36.29917907714844,57.39067215697027,21.929665891197075,43.35016138999046,2021,9
2022-07-10,60.286713516489655,37.15270233154297,58.444796720921936,20.778860000054657,44.165768142252304,2021,9
2022-07-11,60.875046493637555,38.42679977416992,58.01709007546235,20.184561091756585,44.375874358756604,2021,9
2022-07-12,61.06511541277416,38.49479675292969,77.84692856277752,24.54987060637189,50.48917783371331,2021,9
2022-07-13,58.61820802052449,35.49453353881836,53.48856116506094,22.99934762823049,42.65016258815857,2021,9
2022-07-14,56.528918114113644,34.30541229248047,54.9437152524687,26.179821178019814,42.98946670927066,2021,9
2022-07-15,58.19920133474456,34.66012191772461,50.13261959840552,22.381473167446877,41.34335400458039,2021,9
2022-07-16,62.06491435026949,37.10761642456055,62.25230236653179,20.531166064483912,45.48899980146143,2021,9
2022-07-17,61.922080622058026,38.062522888183594,58.56216136076738,30.142320860709212,47.17227143292955,2021,9
2022-07-18,61.8803197172297,38.430885314941406,59.57416388721077,26.600863243304737,46.62155804067165,2021,9
2022-07-19,60.50927025793337,37.46131896972656,53.35413999848406,35.334833775482686,46.66489075040666,2021,9
2022-07-20,54.989408896314764,34.63432693481445,50.91357499590646,25.210838507614433,41.43703733366252,2021,9
2022-07-21,55.918052305681755,33.996116638183594,52.483438762597004,25.363026830370295,41.94015863420816,2021,9
2022-07-22,56.73510480855134,33.806793212890625,51.00156278607654,21.983614831252915,40.88176890969285,2021,9
2022-07-23,53.482086626330386,33.812965393066406,49.837532382989956,25.785763923136706,40.72958708138086,2021,9
2022-07-24,54.42187816892091,34.323272705078125,46.65528692611548,34.697260552508745,42.52442458815581,2021,9
2022-07-25,53.86955699136542,32.93010330200195,43.307194473332004,30.830354308517478,40.234302268804214,2021,9
2022-07-26,54.47745746107445,32.794960021972656,39.78929886102334,22.961002676909082,37.505679755244884,2021,9
2022-07-27,53.94669787051831,33.757049560546875,34.96697944374644,18.458155720597084,35.282220648852174,2021,9
2022-07-28,55.0238356020091,36.01762390136719,52.16304823655859,13.538866536988444,39.18584356923083,2021,9
2022-07-29,56.7734957868607,35.509735107421875,51.18344312996633,16.453719281638847,39.98009832647194,2021,9
2022-07-30,51.35680377497514,33.50299072265625,44.23418310276169,22.87081461157053,37.9911980529909,2021,9
2022-07-31,51.24523203655867,34.294307708740234,45.40510721519955,24.533599883044033,38.86956171088562,2021,9
2022-08-01,54.03638732346641,35.21090316772461,49.94419568771196,13.940856553952578,38.28308568321389,2021,9
2022-08-02,51.55735632812214,34.19218444824219,47.77265978172744,22.607566089013112,39.03244166177622,2021,9
2022-08-03,51.824415413749115,34.96330642700195,50.939876923342986,23.72270410729525,40.36257571784732,2021,9
2022-08-04,49.394861641810046,33.75645065307617,44.50355508159503,23.873419346237448,37.88207168067968,2021,9
2022-08-05,48.44264189330283,33.686309814453125,40.00938230307886,24.97359658303909,36.77798264846848,2021,9
2022-08-06,50.73887898140331,34.71145248413086,37.67058258787949,26.837226416579604,37.48953511749831,2021,9
2022-08-07,52.57616551863284,34.928680419921875,41.10814599785595,26.766791459756924,38.8449458490419,2021,9
2022-08-08,53.483730887233236,35.64313507080078,40.61438480011844,26.937090916823173,39.16958541874391,2021,9
2022-08-09,53.605729601344784,35.73185729980469,41.892371844389444,27.117438083130402,39.586849207167326,2021,9
2022-08-10,53.72128454772458,36.975826263427734,61.62213397532349,27.686027616529692,45.00131810075137,2021,9
2022-08-11,53.833849870302494,37.68678665161133,71.59470010490016,27.851249546420327,47.741646543308576,2021,9
2022-08-12,53.99031391166018,37.68678665161133,74.4254364758648,27.708208985041857,48.45268650604454,2021,9
2022-08-13,53.68084394931431,36.4821891784668,65.00645788537305,27.450004187533573,45.654873800171934,2021,9
2022-08-14,53.63595979234011,36.89173126220703,81.02913463440339,27.847758050759744,49.85114593492757,2021,9
2022-08-15,52.58383904298543,37.56332015991211,79.91132271218397,21.967111303994123,48.006398304768915,2021,9
2022-08-16,50.75969029193019,36.472591400146484,80.32646082259998,21.97381682043074,47.38313983377685,2021,9
2022-08-17,49.982053392568424,34.68050003051758,60.566579354341954,21.387541286216766,41.654168515911174,2021,9
2022-08-18,47.280862154388956,34.51057434082031,52.41722132656938,10.625607599152623,36.20856635523282,2021,9
2022-08-19,46.94902951928977,34.51057434082031,48.5515952961154,9.853643169348793,34.966210581393575,2021,9
2022-08-20,46.58406200592175,34.51057434082031,48.91590625786459,10.344634011836064,35.08879415411068,2021,9
2022-08-21,47.02351785320151,35.76163101196289,71.51579727591745,13.243055126313983,41.88600031684896,2021,9
2022-08-22,46.4837724485528,34.95806121826172,52.58579012355746,11.880748437690677,36.477093057015665,2021,9
2022-08-23,44.45959368853339,34.25385284423828,53.4444160400925,11.769916364005674,35.98194473421746,2021,9
2022-08-24,41.945588253663736,33.27054214477539,44.751666429983196,12.195239267589592,33.04075902400298,2021,9
2022-08-25,39.621813668760076,32.823055267333984,35.997731519131534,11.184800216100179,29.906850167831443,2021,9
2022-08-26,37.55143692332629,32.953609466552734,31.647393940355865,12.414145942633226,28.64164656821703,2021,9
2022-08-27,38.83964186628296,34.912723541259766,55.11311502383046,13.320166065713586,35.54641162427169,2021,9
2022-08-28,37.05430604313294,32.953609466552734,41.797270285470184,13.02580107815659,31.207746718328114,2021,9
2022-08-29,36.107141866495994,32.953609466552734,29.873680811193008,13.194821747781326,28.032313473005765,2021,9
2022-08-30,34.08708347575753,32.58772277832031,29.685103531431245,12.974126124752182,27.333508977565323,2021,9
2022-08-31,33.46238321127306,32.58772277832031,28.62314229010814,13.264255468846507,26.984375937137003,2021,9
2022-09-01,32.60039360293738,33.70822525024414,36.30656175891164,13.854944970042261,29.117531395533852,2021,9
2022-09-02,32.48116751394018,33.70822525024414,42.61549651418482,13.978076188014292,30.695741366595854,2021,9
2022-09-03,30.24218759873338,31.858837127685547,28.984049878859004,10.458835784820032,25.385977597524487,2021,9
2022-09-04,28.98551935646897,31.744287490844727,26.741044249283416,8.153676503299742,23.906131899974213,2021,9
2022-09-05,28.240572844811147,29.69840431213379,21.689480410836214,3.9546605451488688,20.895779528232506,2021,9
2022-09-06,27.510078603621725,28.830671310424805,21.556763717598376,3.975310472250449,20.468206025973835,2021,9
2022-09-07,26.996666074192373,28.830671310424805,21.545969408242435,3.4150138420444023,20.197080158726003,2021,9
2022-09-08,26.115380263755814,28.830671310424805,21.689480410836214,4.3486221500852835,20.246038533775526,2021,9
2022-09-09,25.34855279270615,28.830671310424805,20.03071470690317,2.5839419023166883,19.198470178087703,2021,9
2022-09-10,26.379996060130683,29.1817684173584,20.69875346831946,6.939390537487675,20.799977120824053,2021,9
2022-09-11,25.681868931246093,28.830671310424805,19.357684200263815,4.97320260780949,19.710856762436052,2021,9
2022-09-12,22.143331213602252,23.8256893157959,14.246802286717033,3.9192974351941032,16.033780062827322,2021,9
2022-09-13,20.518799530625913,21.08671760559082,17.507294181054306,4.213079877831397,15.831472798775609,2021,9
2022-09-14,20.335411889502108,18.202674865722656,13.179874913485273,3.1345657749227556,13.713131860908199,2021,9
2022-09-15,19.39480832025828,17.29119873046875,9.16006483442908,2.2215841115281165,12.016913999171056,2021,9
2022-09-16,18.381681649655977,17.29119873046875,6.154502296781033,2.09502241550323,10.980601273102247,2021,9
2022-09-17,18.373422802949175,16.884370803833008,6.04099008845166,3.676060596546286,11.243711072945032,2021,9
2022-09-18,18.09083950109582,16.736379623413086,6.164897833241947,3.3903664979771904,11.09562086393201,2021,9
2022-09-19,18.061882132932347,16.237348556518555,10.85895239696071,4.710101076195485,12.467071040651774,2021,9
2022-09-20,18.267425336002887,16.237348556518555,12.76834636925702,4.96433578077859,13.059364010639262,2021,9
2022-09-21,18.361781308235965,15.8678560256958,7.538976438987642,4.008166650754475,11.44419510591847,2021,9
2022-09-22,18.99396941587477,15.584724426269531,6.943535853365107,3.220775359956221,11.185751263866408,2021,9
2022-09-23,19.29207599067844,15.591983795166016,5.751016977402846,3.2913388810908017,10.981603911084527,2021,9
2022-09-24,18.18409179521908,15.339401245117188,5.443433209390654,3.871141859128265,10.709517027213796,2021,9
2022-09-25,18.024383429244605,13.748990058898926,5.424217310998621,2.4809860365955743,9.91964420893443,2021,9
2022-09-26,19.953436141895033,13.08839225769043,6.109181828862423,-6.041126355731585,8.277470968179076,2021,9
2022-09-27,18.61055244166742,12.23757553100586,5.473435197121281,-5.055832731593931,7.816432609550157,2021,9
2022-09-28,17.322421611707146,11.453855514526367,5.230347867162205,-1.237754722050525,8.192217567836298,2021,9
2022-09-29,17.19693756685898,11.41446590423584,5.424217310998621,-1.2539900390712262,8.195407685755555,2021,9
2022-09-30,16.70404462911375,11.241934776306152,5.424217310998621,-4.256391646677791,7.278451267435182,2021,9
2022-10-01,17.081667679370334,11.375458717346191,5.473435197121281,-1.4826985836251794,8.111965752553157,2021,9
2022-10-02,16.63142731060962,11.241934776306152,5.576149902628492,3.0745491410106567,9.13101528263873,2021,9
2022-10-03,16.10636862185842,11.241934776306152,5.576149902628492,2.782316780422761,8.926692520303956,2021,9
2022-10-04,15.97113185465318,11.375458717346191,5.473435197121281,-0.811229537176736,8.00219905798598,2021,9
2022-10-05,16.243416040041442,11.436712265014648,6.109181828862423,-2.3318038351520656,7.864376574691612,2021,9
2022-10-06,15.29010730224234,11.241934776306152,5.369100089645385,-0.045946916468800225,7.96379881293127,2021,9
2022-10-07,13.365950653909913,11.241934776306152,5.473435197121281,-1.0945591845683893,7.24669036069224,2021,9
2022-10-08,12.138031123954436,11.287017822265625,5.576149902628492,3.9391611484616575,8.235089999327553,2021,9
2022-10-09,11.741018599926605,11.241934776306152,5.424217310998621,1.8841896763964172,7.572840090906949,2021,9
2022-10-10,11.550814575976107,11.241934776306152,5.167592872970496,2.0978235069711175,7.5145414330559674,2021,9
2022-10-11,11.541341925050666,11.287017822265625,6.014028453334751,3.6358724403431637,8.119565160248552,2021,9
2022-10-12,11.195155264350248,11.287017822265625,5.181594825962596,1.1946928948849234,7.214615201865848,2021,9
2022-10-13,11.410010943906657,11.656510353088379,10.489394453118901,2.5518769005368043,9.026948162662686,2021,9
2022-10-14,11.233379755294429,11.420541763305664,7.430426653571565,1.1953876344515777,7.819933951655809,2021,9
2022-10-15,12.381073146454126,11.436712265014648,7.168984011586843,-4.555391574965373,6.607844462022562,2021,9
2022-10-16,11.23791452460738,11.241934776306152,5.654201607126213,-1.6333016651759777,6.625187310715942,2021,9
2022-10-17,11.0215504997674,11.241934776306152,5.424217310998621,0.09733797752626572,6.94626014114961,2021,9
2022-10-18,10.687001938606375,11.241934776306152,5.346114043740836,-0.36579769870623124,6.727313264986783,2021,9
2022-10-19,10.793122116536345,11.375458717346191,6.044951100199281,-1.174991704930136,6.7596350572879205,2021,9
2022-10-20,10.371473746258035,11.375458717346191,5.575646107255307,0.7760328042133366,7.024652843768217,2021,9
2022-10-21,12.295239076041954,11.57023811340332,6.031078561604637,-4.837468059076826,6.264771922993271,2021,9
2022-10-22,10.901984540106366,11.375458717346191,5.423713515625438,-0.313806529211071,6.846837560966731,2021,9
2022-10-23,10.608679983122931,11.241934776306152,5.575646107255307,0.544679278311726,6.992735036249029,2021,9
2022-10-24,10.59941354949608,11.241934776306152,5.0007768531976,-3.3440459922848262,5.874519796678752,2021,9
2022-10-25,10.431299101411096,11.375458717346191,5.423713515625438,-2.020996194871664,6.302368784877765,2021,9
2022-10-26,10.37481424466494,11.375458717346191,5.029158438959541,-4.733572604397182,5.511464699143373,2021,9
2022-10-27,10.308334348921123,11.375458717346191,5.423713515625438,-4.308926303830894,5.699645069515464,2021,9
2022-10-28,10.372759630188924,11.375458717346191,5.423713515625438,-3.7709177043660205,5.850253539698633,2021,9
2022-10-29,10.5072550757031,11.375458717346191,5.423713515625438,-4.855936182652666,5.612622781505515,2021,9
2022-10-30,10.652556586297251,11.375458717346191,5.423713515625438,-4.834889864195951,5.654209738768232,2021,9
2022-10-31,10.59318459779351,11.241934776306152,5.395331929863496,-5.249340090347591,5.495277803403892,2021,9
2022-11-01,15.875473333784285,14.583924293518066,8.520596523383203,-8.475377148628631,7.626154250514231,2021,9
2022-11-02,14.94640757872864,12.26659870147705,7.013281272444457,-7.753122212547517,6.618291335025658,2021,9
2022-11-03,11.81757074953171,11.657849311828613,5.15224459990442,-2.888737599227845,6.434731765509225,2021,9
2022-11-04,11.28437406189543,11.97535514831543,5.028336855114133,-2.4891148134982544,6.449737812956685,2021,9
2022-11-05,11.18478365978691,11.241934776306152,5.423713515625438,-3.5244266864096403,6.0815013163272145,2021,9
2022-11-06,11.074611553628424,11.327293395996094,5.395331929863496,-5.532688134364609,5.566137186280851,2021,9
2022-11-07,17.176717740471233,15.342470169067383,8.203640918601911,-8.919790322116512,7.950759626506004,2021,9
2022-11-08,16.05097746695711,12.843927383422852,7.090880744329057,-7.723132489265062,7.06566327636099,2021,9
2022-11-09,14.874152869752857,11.657849311828613,4.923177381313,-6.148863696704343,6.326578966547531,2021,9
2022-11-10,12.972643826482987,12.108878135681152,5.395331929863496,-6.358439601037933,6.029603572747425,2021,9
2022-11-11,11.821446059901062,11.399333953857422,5.423713515625438,-5.560617309384877,5.770969054999761,2021,9
2022-11-12,11.520815279851858,11.327293395996094,5.423713515625438,-5.050329386288023,5.805373201296342,2021,9
2022-11-13,11.628028593780323,11.375458717346191,5.395331929863496,-6.3656080830824955,5.508302789476878,2021,9
2022-11-14,16.885904047255195,17.503704071044922,12.378397347302046,18.11849252085323,16.22162449661385,2021,9
2022-11-15,19.74080765473397,21.207788467407227,13.894048377044978,17.006066677037374,17.96217779405589,2021,9
2022-11-16,21.42296270476336,22.756528854370117,13.894048377044978,18.19387080705853,19.06685268580925,2021,9
2022-11-17,21.984709288007576,25.266389846801758,14.292038457371177,16.14261920868251,19.421439200215758,2021,9
2022-11-18,22.936561410255564,25.331836700439453,15.940930741554645,17.32932901057749,20.384664465706784,2021,9
2022-11-19,24.31566587193336,26.775638580322266,25.531850820293354,20.65415375061665,24.319327255791407,2021,9
2022-11-20,23.463867247972626,25.737323760986328,21.208553783911423,16.880741206177838,21.822621499762057,2021,9
2022-11-21,24.045156045735432,25.479827880859375,21.247256940619074,14.822098768337291,21.39858490888779,2021,9
2022-11-22,24.287301126203467,25.479827880859375,20.650302861807667,15.068746218328265,21.37154452179969,2021,9
2022-11-23,27.473887385776493,26.646360397338867,20.64799804271181,13.319599843529396,22.021961417339142,2021,9
2022-11-24,32.39055388996235,30.92685317993164,25.699869157541084,12.269258851074632,25.321633769627425,2021,9
2022-11-25,25.98017122448045,29.22985076904297,21.50400428476119,16.740250127677548,23.36356910149054,2021,9
2022-11-26,25.24956410955774,29.650569915771484,23.188875753053814,15.200755028097298,23.32244120162008,2021,9
2022-11-27,24.598167487963806,30.092761993408203,22.324550838520896,18.419970307932907,23.858862656956454,2021,9
2022-11-28,24.58054308662907,30.466304779052734,22.20064309373061,16.763129873838814,23.50265520831281,2021,9
2022-11-29,25.173716277385836,32.05480194091797,29.492483386558767,20.340753151455537,26.76543868907953,2021,9
2022-11-30,26.45306660502884,32.92251968383789,33.82081416768741,20.61348853779061,28.452472248586183,2021,9
2022-12-01,25.997252082886746,32.92251968383789,39.50016595176648,19.305218828187485,29.431289136669655,2021,9
2022-12-02,26.425376544961313,32.92251968383789,42.34882523001371,19.194131998253177,30.222713364266518,2021,9
2022-12-03,26.846745697497067,32.062896728515625,33.32876703221909,18.213387795969915,27.612949313550423,2021,9
2022-12-04,27.16506513217212,32.062896728515625,30.411746065774786,18.72622828267093,27.091484052283366,2021,9
2022-12-05,26.958815671418254,32.92251968383789,36.24071243258515,18.643146101948922,28.691298472447556,2021,9
2022-12-06,19.917090940790047,25.194049835205078,32.6723587980967,-3.1495381235444313,18.658490362636847,2021,9
2022-12-07,18.690327165701657,20.800451278686523,32.6723587980967,-3.1823542479913485,17.24519574862338,2021,9
2022-12-08,18.766922882333997,19.37391471862793,32.6723587980967,-3.0928365200284276,16.93008996975755,2021,9
2022-12-09,20.450322060686428,25.44097137451172,53.014190672136664,-3.0453013940095914,23.965045678331307,2021,9
2022-12-10,20.91835861848075,26.007883071899414,42.09011353286419,-3.6286458009216105,21.346927355580682,2021,9
2022-12-11,20.303907911884348,21.306365966796875,45.22366206176554,-3.6528778472045005,20.795264523310564,2021,9
2022-12-12,21.24249233416867,26.140995025634766,57.578313580355314,-3.8963651174580605,25.266358955675173,2021,9
2022-12-13,21.018864801825384,25.583585739135742,62.849606814708885,-4.301610886893684,26.28761161719408,2021,9
2022-12-14,20.733768946557383,25.751569747924805,63.97365364671016,-4.123259206983324,26.58393328355226,2021,9
2022-12-15,18.89746707390289,25.215225219726562,61.55346812314271,-4.939462935976568,25.1816743701989,2021,9
2022-12-16,18.014041777524564,20.176158905029297,60.49731778924051,-5.464426675293797,23.305772949125146,2021,9
2022-12-17,3.906356398266964,4.074270248413086,-1.3403922539782562,3.0213419356386932,2.415394082085122,2022,2
2022-12-18,8.653214511208693,9.651703834533691,6.586872918724045,-7.900445710315717,4.247836388537678,2022,2
2022-12-19,16.42066025495284,18.87456512451172,12.678347941194906,-15.958822066376662,8.0036878135707,2022,2
2022-12-20,14.43056692203067,18.235158920288086,9.698563556755097,2.7923765690501687,11.289166492031006,2022,2
2022-12-21,10.524087611099915,16.317644119262695,6.012579537266301,5.264417574941061,9.529682210642495,2022,2
2022-12-22,10.03607880404571,15.651540756225586,4.803046702446524,3.4376801766735343,8.482086609847837,2022,2
2022-12-23,13.391020007205624,19.021549224853516,9.278556541381601,-1.4575703066913088,10.058388866687359,2022,2
2022-12-24,10.957006766780038,16.9310359954834,5.457523819207816,3.2890144052524852,9.158645246680935,2022,2
2022-12-25,12.942650707851914,18.588693618774414,8.723750368275253,4.79878568594323,11.263470095211202,2022,2
2022-12-26,12.335037942649878,17.572214126586914,7.9641985489431955,5.653808332324239,10.881314737626056,2022,2
2022-12-27,15.113681659910862,19.454824447631836,9.71418226359189,-1.1251958888262674,10.789373120577078,2022,2
2022-12-28,19.568897038308148,23.985132217407227,15.032624795173282,-7.523136938190177,12.765879278174621,2022,2
2022-12-29,18.888606412126485,21.184831619262695,11.266539910234089,-1.8681979466996856,12.367944998730895,2022,2
2022-12-30,21.20268225876095,22.041671752929688,13.149085925726352,-2.8848069793481095,13.377158239517222,2022,2
2022-12-31,24.868062090832343,26.052186965942383,14.078375513043486,-1.3753555678900002,15.905817250482052,2022,2
2023-01-01,22.112262103590062,20.580476760864258,13.533231888936383,0.6957985080562783,14.230442315361746,2022,2
2023-01-02,17.23690497049221,17.934185028076172,12.35992027479019,15.787942569811593,15.82973821079254,2022,2
2023-01-03,25.481312103487962,24.864730834960938,16.96240549470258,-1.3932876145728552,16.478790204644657,2022,2
2023-01-04,25.697857588945567,24.29227638244629,18.413631761246346,-6.994534360505071,15.352307843033284,2022,2
2023-01-05,19.401311348321983,19.536340713500977,15.866645587394244,3.27185372008377,14.519037842325243,2022,2
2023-01-06,19.628757466140257,18.62775230407715,16.272561839335587,3.476154272816949,14.501306470592485,2022,2
2023-01-07,29.78179331790527,26.673261642456055,23.994805172425757,-3.7165414885869836,19.183329661050024,2022,2
2023-01-08,27.63145756243334,21.581092834472656,18.863807364724224,0.8678415807739635,17.236049835601047,2022,2
2023-01-09,24.988568159571248,19.601192474365234,19.027816239242807,2.1974440272533444,16.453755225108157,2022,2
2023-01-10,25.632301665775337,21.141685485839844,19.701328910334414,-1.9968337798531266,16.11962057052412,2022,2
2023-01-11,31.646129697257507,25.06905746459961,24.164449096192936,-5.07754648291668,18.950522443783345,2022,2
2023-01-12,36.99087098143559,31.496557235717773,28.50872302501051,-8.340170265624442,22.16399524413486,2022,2
2023-01-13,24.36676285839824,22.792179107666016,25.10141471356677,2.1001819076089534,18.590134646809997,2022,2
2023-01-14,34.954989246385715,27.71668243408203,32.95744048022669,-3.0927882606501074,23.13408097501108,2022,2
2023-01-15,29.20687872768398,26.562374114990234,25.664055268905884,6.858741958250727,22.073012517457705,2022,2
2023-01-16,21.704435037707036,19.40206527709961,17.68186835570485,9.025186098910723,16.953388692355553,2022,2
2023-01-17,19.17661862027999,18.068078994750977,16.58283756893463,19.582038750043573,18.35239348350229,2022,2
2023-01-18,19.333746685859637,18.200315475463867,16.017119894052442,8.85088904213194,15.600517774376971,2022,2
2023-01-19,17.520215130471072,17.73130989074707,15.180904778025536,19.907913573027027,17.585085843067677,2022,2
2023-01-20,16.786924617162235,17.526695251464844,12.107009302770592,21.734643120837056,17.038818073058682,2022,2
2023-01-21,17.602540779499062,17.430492401123047,12.367640260215008,19.607899244384036,16.752143171305292,2022,2
2023-01-22,17.122611901482955,17.430492401123047,11.962524284475238,17.260977762828816,15.944151587477513,2022,2
2023-01-23,16.459479878995143,17.430492401123047,11.42552984369567,22.401943886864615,16.929361502669618,2022,2
2023-01-24,17.802858214030945,17.692628860473633,12.558613297516242,22.494750911789662,17.637212820952623,2022,2
2023-01-25,17.50365705718674,17.476247787475586,9.858008724612235,15.828117965203429,15.166507883619499,2022,2
2023-01-26,17.19182481162543,17.430492401123047,10.632058268787711,20.669801053059025,16.4810441336488,2022,2
2023-01-27,17.01130728233336,17.430492401123047,11.49180397520484,21.077865767775837,16.752867356609272,2022,2
2023-01-28,16.997472361423387,17.430492401123047,13.13879304761089,21.854419059067638,17.35529421730624,2022,2
2023-01-29,16.088987298933777,17.38004493713379,10.062518624576146,10.37664696318247,13.477049455956543,2022,2
2023-01-30,15.677177847301463,17.38004493713379,9.316839754565454,11.458565108723235,13.458156911930985,2022,2
2023-01-31,14.876709302579886,17.293485641479492,8.46709030214881,4.288658765270882,11.231486002869767,2022,2
2023-02-01,14.546332238942545,17.026037216186523,7.6206332705334,3.2785598656774573,10.617890647834981,2022,2
2023-02-02,14.723050238189339,17.08201789855957,8.188818833422125,2.0598697951365157,10.513439191326887,2022,2
2023-02-03,13.79264699031904,16.88585090637207,7.7112638301774545,7.5433419955781185,11.483275930611672,2022,2
2023-02-04,13.662766941121626,16.88585090637207,7.352712637665305,16.087931463519855,13.497315487169715,2022,2
2023-02-05,14.018869171315707,16.936298370361328,8.678853521278317,20.08805063271525,14.930517923917652,2022,2
2023-02-06,14.310802033630848,17.014694213867188,9.066613893671779,18.373663975017294,14.691443529046778,2022,2
2023-02-07,14.79081103357614,17.014694213867188,9.090160802102163,20.561070376908788,15.36418410661357,2022,2
2023-02-08,14.798046240399803,17.014694213867188,9.102075583237486,19.044343611902924,14.989789912351851,2022,2
2023-02-09,14.537912500514654,16.96424674987793,7.86994098391037,16.09398176406768,13.86652049959266,2022,2
2023-02-10,14.378663515975878,16.96424674987793,7.86994098391037,16.04679266812121,13.814910979471346,2022,2
2023-02-11,14.586795005347044,17.014694213867188,9.090160802102163,20.668044849300934,15.339923717654331,2022,2
2023-02-12,14.326530851924582,16.96424674987793,7.86994098391037,14.564761994806645,13.43137014512988,2022,2
2023-02-13,15.84966285080646,18.048629760742188,11.689397405556079,14.44042724755617,15.007029316165225,2022,2
2023-02-14,15.897279228010532,18.377817153930664,12.663984030732424,12.992537987901246,14.982904600143716,2022,2
2023-02-15,16.469900396235964,18.462448120117188,15.55035902793291,11.692714867634159,15.543855602980054,2022,2
2023-02-16,19.718844004165046,18.313196182250977,16.58128127295355,16.868814779587616,17.8705340597393,2022,2
2023-02-17,20.98516628656966,18.313196182250977,17.08793511464932,18.1107839546387,18.624270384527165,2022,2
2023-02-18,26.991957405759305,23.87742042541504,27.39599102502439,24.424863994211407,25.672558212602535,2022,2
2023-02-19,21.00671121477731,18.755964279174805,20.58304528575685,12.445857106608633,18.1978944715794,2022,2
2023-02-20,19.803726177815705,17.89202117919922,17.627765113995206,12.988726700131275,17.078059792785353,2022,2
2023-02-21,20.128276140694766,17.986780166625977,15.865539408703203,9.65712600381889,15.909430429960707,2022,2
2023-02-22,20.090521702143825,17.7003173828125,19.75624357483385,12.329987029288652,17.46926742226971,2022,2
2023-02-23,21.33374049871842,18.55681800842285,18.869960665080832,17.535385190142588,19.073976090591174,2022,2
2023-02-24,20.240281613272586,17.942468643188477,17.156004417512698,9.983798038800412,16.330638178193542,2022,2
2023-02-25,21.054549170714523,18.655006408691406,18.77323031174924,18.534763521640453,19.254387353198908,2022,2
2023-02-26,20.774879365305022,18.73968505859375,19.067058422387404,18.415487252741013,19.2492775247568,2022,2
2023-02-27,20.538228827893356,18.702350616455078,19.668762566778422,17.31770348498518,19.056761374028007,2022,2
2023-02-28,19.984242647184246,18.60141372680664,18.58026552197857,12.063508370997388,17.30735756674171,2022,2
2023-03-01,20.6391389179415,18.912212371826172,20.06371879391307,19.65754351110718,19.81815339869698,2022,2
2023-03-02,19.785002630880054,18.73968505859375,19.2129480425142,15.87422062631768,18.40296408957642,2022,2
2023-03-03,20.13398721002514,18.73968505859375,19.271581475740692,14.982112274313703,18.28184150466832,2022,2
2023-03-04,20.701449125634117,18.792253494262695,18.36389056980958,14.844309990050663,18.175475794939263,2022,2
2023-03-05,19.45127222759752,17.942468643188477,17.287020891078832,10.437122628103852,16.27947109749217,2022,2
2023-03-06,18.933948975691074,17.822792053222656,14.311365818447578,16.59947906008962,16.916896476862732,2022,2
2023-03-07,19.54418293575024,17.89649772644043,12.863513861752757,16.763999897563703,16.767048605376782,2022,2
2023-03-08,32.57337740123222,35.045013427734375,44.44936848335533,52.60983591723048,41.1693988073881,2022,2
2023-03-09,34.613289338802396,37.19195556640625,45.280020560115524,41.40887389947322,39.623534841199344,2022,2
2023-03-10,26.295322331715475,25.26006507873535,27.96611844113798,26.16126027101233,26.420691530650288,2022,2
2023-03-11,21.580356210243565,19.913311004638672,24.62039170689827,21.113970361714777,21.807007320873822,2022,2
2023-03-12,26.245507728108173,20.863189697265625,21.327305733631114,28.916971608461992,24.338243691866726,2022,2
2023-03-13,59.2445600351323,85.42509460449219,91.92847717710949,68.22675961515402,76.20622285797201,2022,2
2023-03-14,32.47179221777684,37.84648513793945,36.82201039339403,25.321888404360053,33.11554403836759,2022,2
2023-03-15,23.949155319051545,26.525920867919922,24.20737637349734,12.66557703853747,21.83700739975157,2022,2
2023-03-16,22.636642310068893,21.168367385864258,18.602163209329724,18.8012675574694,20.30211011568307,2022,2
2023-03-17,19.681126721060092,19.796714782714844,18.536455951380027,14.910466685523328,18.231191035169573,2022,2
2023-03-18,18.60900366397103,19.27290916442871,18.934709453515598,11.494760378018551,17.077845664983474,2022,2
2023-03-19,18.04392185906007,19.27290916442871,18.029353511526338,12.186637616113309,16.883205537782107,2022,2
2023-03-20,19.088241940729148,19.526384353637695,19.11644129083298,18.64999957170536,19.095266789226297,2022,2
2023-03-21,21.172870538960304,18.88792610168457,18.012413224203694,24.448850707190562,20.63051514300978,2022,2
2023-03-22,39.118955581004975,35.832679748535156,36.21213792139199,44.19261148226072,38.83909618329821,2022,2
2023-03-23,39.98367008473457,37.027339935302734,38.67010868941432,40.28593422053898,38.99176323249765,2022,2
2023-03-24,37.30311105991345,33.771549224853516,31.92066907444338,30.127676620657105,33.280751494966864,2022,2
2023-03-25,31.633921330006654,24.33401870727539,21.628495923411524,23.38185907588246,25.244573759144007,2022,2
2023-03-26,26.07868453701499,20.824460983276367,18.025898055027493,12.012656669864253,19.23542506129578,2022,2
2023-03-27,21.615739632724235,19.998794555664062,18.519885816435714,13.219019953227892,18.338359989512973,2022,2
2023-03-28,20.79146206256396,19.517961502075195,18.15138079655552,17.24476443709588,18.92639219957264,2022,2
2023-03-29,26.45367067555679,22.000926971435547,22.450696124170573,26.21047393266464,24.27894192595689,2022,2
2023-03-30,33.83067134811925,28.99496078491211,29.86029876329183,32.25265926136346,31.234647539421662,2022,2
2023-03-31,66.68132874527718,96.00336456298828,87.20450685819404,61.63295685698522,77.88053925586118,2022,2
2023-04-01,33.14133185635547,37.934261322021484,36.463568653596425,20.263912284457504,31.95076852910772,2022,2
2023-04-02,27.69348020935403,29.07590675354004,25.24216577891902,13.513160776847002,23.881178379665023,2022,2
2023-04-03,24.399227989872028,25.409687042236328,23.59088745141465,19.694453544266523,23.27356400694738,2022,2
2023-04-04,21.975452098922148,21.617895126342773,21.196160419687576,15.038554598702465,19.95701556091374,2022,2
2023-04-05,20.316318554904186,20.026870727539062,19.288777350587388,11.888439434738682,17.88010151694233,2022,2
2023-04-06,21.755578701845618,19.833999633789062,17.287793194934256,19.791225823419257,19.667149338497047,2022,2
2023-04-07,20.91269632351768,20.159011840820312,17.78124380153164,12.028804792761079,17.72043918965768,2022,2
2023-04-08,19.071447396340183,18.8333740234375,18.253240556884904,18.78383231385926,18.73547357263046,2022,2
2023-04-09,18.544608618573033,18.50040054321289,18.673365792727,18.83631299080615,18.63867198632977,2022,2
2023-04-10,23.54896959350174,20.374853134155273,18.91730015796256,28.835414898677715,22.91913444607432,2022,2
2023-04-11,27.027626039275255,27.106569290161133,25.52896421001156,28.01247668758102,26.918909056757244,2022,2
2023-04-12,49.1437103512167,45.544921875,42.75908178827959,47.12715487937785,46.143717223468535,2022,2
2023-04-13,24.573289824954415,26.505800247192383,21.320886099281353,19.223587759004896,22.905890982608263,2022,2
2023-04-14,20.712412378655426,20.194238662719727,19.417945046186524,25.60499364575377,21.482397433328863,2022,2
2023-04-15,18.867580114258796,18.588157653808594,18.944610500102925,10.6044659034884,16.75120354291468,2022,2
2023-04-16,19.702550716825346,18.261512756347656,17.10643821762073,10.45381829421282,16.38107999625164,2022,2
2023-04-17,20.587721927265864,18.748905181884766,16.961518784877228,12.089458102411093,17.096900999109735,2022,2
2023-04-18,21.065627843683988,18.941621780395508,17.03640079144787,30.460161341296608,21.875952939205995,2022,2
2023-04-19,20.62527741368024,18.941621780395508,16.336149794632696,28.284668351411508,21.046929335029986,2022,2
2023-04-20,20.90615416219069,19.059429168701172,15.340698869107745,32.46918518823431,21.94386684705848,2022,2
2023-04-21,20.513933217093335,18.753644943237305,16.373591477386167,19.53726342935241,18.794608266767305,2022,2
2023-04-22,19.317081983876523,18.64661979675293,16.64721395418288,13.14981703891641,16.940183193432183,2022,2
2023-04-23,17.519217873891638,17.7989559173584,13.92332627647849,14.136719197657875,15.8445548163466,2022,2
2023-04-24,17.48939337246599,17.541749954223633,13.377068802237009,15.073626759555422,15.870459722120515,2022,2
2023-04-25,18.44334593918126,18.36223602294922,14.034738232117482,18.495037309256812,17.33383937587619,2022,2
2023-04-26,19.45023934219718,18.941621780395508,12.681509674250309,25.57732916983364,19.162674991669157,2022,2
2023-04-27,22.818125402995516,24.74744987487793,19.21738714159015,25.452787520045764,23.05893748487734,2022,2
2023-04-28,18.242590913968606,19.01436996459961,12.301362766990815,17.159757041896796,16.679520171863956,2022,2
2023-04-29,19.472096723411205,18.520442962646484,13.536768548333116,12.757037333510624,16.07158639197536,2022,2
2023-04-30,18.941186166114743,17.978824615478516,11.638294639843146,13.093054812211957,15.41284005841209,2022,2
2023-05-01,18.094021496206427,17.62396240234375,10.815967510843018,15.717456828073555,15.562852059366687,2022,2
2023-05-02,19.479260902678966,18.34870719909668,11.37543654345514,13.647985722226391,15.712847591864293,2022,2
2023-05-03,20.88671982159731,19.573585510253906,11.820276871980584,33.37542680594215,21.41400225244349,2022,2
2023-05-04,20.12990431262578,18.765836715698242,13.554691842266854,26.513541372334494,19.740993560731344,2022,2
2023-05-05,18.88800318115336,17.88387680053711,11.458970041260194,17.340616861397926,16.392866721087145,2022,2
2023-05-06,19.544785551660336,18.056259155273438,12.12879585919719,16.83862890451489,16.642117367661463,2022,2
2023-05-07,18.61896582397739,17.476247787475586,9.306262036098516,13.16738634171832,14.642215497317453,2022,2
2023-05-08,21.395195774572088,22.59208869934082,14.132339342690923,12.914436322984724,17.75851503489714,2022,2
2023-05-09,22.1205579844379,23.861461639404297,15.926469722413154,18.06188797514224,19.992594330349398,2022,2
2023-05-10,19.194512283298675,18.70045280456543,12.781827350841102,18.965281324168036,17.41051844071831,2022,2
2023-05-11,18.748117058338256,17.748987197875977,11.644891085096651,13.265008867984474,15.351751052323838,2022,2
2023-05-12,20.764836927946487,18.39579963684082,12.202720742854636,13.321847676509993,16.171301246037984,2022,2
2023-05-13,21.368219302469758,18.595685958862305,11.36457341389583,14.244837154636427,16.39332895746608,2022,2
2023-05-14,19.443281864323268,17.78390121459961,10.873027539668966,13.825523930404245,15.481433637249022,2022,2
2023-05-15,18.43940839125985,17.73946762084961,10.607573814217451,20.75716525087201,16.88590376929973,2022,2
2023-05-16,18.422060018721627,17.551490783691406,10.32253000401018,13.715574915100364,15.002913930380892,2022,2
2023-05-17,18.706598116285168,17.505735397338867,10.061332472927143,11.38311689469776,14.414195720312232,2022,2
2023-05-18,19.009185590739452,17.505735397338867,10.406558076784021,15.098059156460629,15.504884555330742,2022,2
2023-05-19,18.864863442412187,17.430492401123047,11.54065925082234,15.417878690345404,15.813473446175745,2022,2
2023-05-20,20.286286498357846,18.22535514831543,10.452518970409095,14.519182832496714,15.87083586239477,2022,2
2023-05-21,19.67095152791127,18.08968734741211,10.155297147350998,14.559432980803486,15.618842250869466,2022,2
2023-05-22,18.871501151014527,17.675933837890625,8.073005140971357,15.656517050251638,15.069239295032038,2022,2
2023-05-23,18.964635849645955,17.691030502319336,8.200365728461378,10.871218567478618,13.931812661976323,2022,2
2023-05-24,18.95147226880965,17.601938247680664,8.343042160700419,15.033140354131639,14.982398257830594,2022,2
2023-05-25,20.028634178593162,18.113693237304688,8.826551790321615,13.448706668601293,15.10439646870519,2022,2
2023-05-26,20.96694731481911,18.626319885253906,10.149574303795358,20.628345038640497,17.592796635627217,2022,2
2023-05-27,20.239682422338124,18.448284149169922,7.969309345586796,16.0960473930108,15.688330827526409,2022,2
2023-05-28,20.406782981988925,18.370899200439453,8.839261604891984,14.665262874994657,15.570551665578755,2022,2
2023-05-29,21.322283929187943,18.87604331970215,13.383745793444316,24.48658729568768,19.517165084505525,2022,2
2023-05-30,22.21922904244344,18.947059631347656,11.504433644695148,28.796206823154648,20.366732285410222,2022,2
2023-05-31,22.19030471743357,18.831554412841797,12.537523656569586,26.352142893158803,19.977881420000937,2022,2
2023-06-01,22.373413005667622,18.759082794189453,10.15941626804643,23.7004373040445,18.748087342987,2022,2
2023-06-02,22.541980449221143,18.906797409057617,12.144181350594673,25.932453933059573,19.88135328548325,2022,2
2023-06-03,22.385115020297544,18.58655548095703,9.41165283487915,18.93586765858707,17.3297977486802,2022,2
2023-06-04,22.42668275551115,18.58655548095703,7.288937822978532,19.366295723457355,16.91711794572602,2022,2
2023-06-05,22.885599114059776,18.699798583984375,6.316056371236048,19.188800918725306,16.772563747001374,2022,2
2023-06-06,23.13722484419471,18.759082794189453,9.606889269652527,22.60169254225443,18.526222362572778,2022,2
2023-06-07,23.408812277228208,18.906797409057617,11.444821988985064,26.017480883793453,19.944478139766083,2022,2
2023-06-08,23.3627195696051,18.947059631347656,13.00898503726446,29.297855447912596,21.154154921532452,2022,2
2023-06-09,23.716704447914218,19.11301040649414,12.699530355006322,25.6351402385719,20.291096361996644,2022,2
2023-06-10,23.48485853999418,18.576814651489258,12.219380072203624,18.795692884414418,18.26918653702537,2022,2
2023-06-11,21.836604939714352,18.306306838989258,12.726789553270914,15.451929855855147,17.080407796957417,2022,2
2023-06-12,21.826387562616297,17.78390121459961,10.757687777207954,17.188858590708826,16.88920878628317,2022,2
2023-06-13,22.191769037378478,18.504451751708984,13.369979250129282,13.453813948327001,16.880003496885937,2022,2
2023-06-14,22.733731872258303,19.187652587890625,10.921248292703833,15.255049969650605,17.02442068062584,2022,2
2023-06-15,22.28413170525359,18.492849349975586,9.935928075438799,13.864420962107094,16.144332523193764,2022,2
2023-06-16,22.361428883731886,18.85147476196289,10.389225207839917,12.364948644859492,15.991769374598547,2022,2
2023-06-17,22.82012030389444,19.08547019958496,14.839144750724747,15.896010199623694,18.160186363456962,2022,2
2023-06-18,21.276753627136536,17.78390121459961,9.863225307686733,11.417729704151142,15.085402463393505,2022,2
2023-06-19,21.437088789692535,17.85289764404297,10.172663719257201,19.10827749707434,17.142731912516762,2022,2
2023-06-20,22.74460384971058,21.745710372924805,14.39531272795173,14.12183646091174,18.25186585287471,2022,2
2023-06-21,21.870039747159773,17.99466323852539,10.264204679317038,14.793638003235994,16.23063641705955,2022,2
2023-06-22,21.445829964327253,17.668638229370117,12.223861816477243,16.481343836358835,16.954918461633362,2022,2
2023-06-23,21.49067617105696,18.009706497192383,11.108477749691549,21.405402920837368,18.003565834694562,2022,2
2023-06-24,22.544823708889727,18.45335578918457,14.822999764461231,20.102348533143974,18.980881948919873,2022,2
2023-06-25,22.633530894757325,18.241727828979492,10.978921809621168,25.610215201984715,19.366098933835676,2022,2
2023-06-26,22.205017262863645,18.127361297607422,26.70748640329734,22.627746267191547,22.416902807739987,2022,2
2023-06-27,22.01394733711923,18.309791564941406,32.666326017302715,23.248815321222846,24.059720060146553,2022,2
2023-06-28,21.80163843318956,18.534494400024414,37.83057523224692,21.251471425577158,24.85454487275951,2022,2
2023-06-29,21.583773860519965,18.477535247802734,27.659537215347093,20.602023968084964,22.080717572938692,2022,2
2023-06-30,23.50840574144627,20.60424041748047,42.037596473460354,28.443167695282984,28.648352581917518,2022,2
2023-07-01,25.273519389005184,22.258663177490234,56.55218452321993,31.41329756055906,33.87441616256861,2022,2
2023-07-02,23.20479836232344,19.318843841552734,56.20552534059178,24.213609706865093,30.73569431283326,2022,2
2023-07-03,24.233562036132383,20.600618362426758,53.426958184316746,29.545146561081687,31.951571285989395,2022,2
2023-07-04,24.348707660001416,20.781890869140625,44.37524240961951,17.2227165156139,26.682139363593862,2022,2
2023-07-05,24.00494040020906,18.895002365112305,51.21776996880444,25.233784919649988,29.83787441344395,2022,2
2023-07-06,22.791595830666814,18.55109977722168,37.691364056027204,28.526351377845323,26.890102760440257,2022,2
2023-07-07,23.690441055704742,19.171003341674805,36.69986650977694,25.219969404610648,26.195320077941783,2022,2
2023-07-08,22.211034928454136,17.94786834716797,22.994749826461227,21.803350080421616,21.23925079562624,2022,2
2023-07-09,21.908555931521864,17.73946762084961,19.736002295501628,24.26668907223639,20.912678730027373,2022,2
2023-07-10,22.4160095552753,18.419172286987305,19.157819489837962,28.50333685454598,22.124084546661635,2022,2
2023-07-11,21.191141499376823,17.96118927001953,14.864260552741255,24.97457275945444,19.74779102039801,2022,2
2023-07-12,20.678695443811602,17.796995162963867,10.83586842726242,24.788766567817124,18.525081400463755,2022,2
2023-07-13,20.06984493697481,17.703983306884766,8.648315373560097,25.046056371152954,17.867049997143155,2022,2
2023-07-14,20.51437412857791,17.933612823486328,6.737081553203985,25.060813239347553,17.561470436153947,2022,2
2023-07-15,21.22195829633568,18.28898048400879,1.2768883273603446,31.539163290438708,18.08174759953588,2022,2
2023-07-16,20.039115967513066,18.51665687561035,5.315978007684124,27.18891907487229,17.765167481419958,2022,2
2023-07-17,19.067538383843562,17.95107650756836,6.062173347685262,20.856523608512077,15.984327961902315,2022,2
2023-07-18,19.00949870532526,17.499191284179688,6.928723405211669,22.03211556880431,16.367382240880232,2022,2
2023-07-19,19.201592363276614,17.67290687561035,7.8490710388647145,23.461529370079838,17.04627491195788,2022,2
2023-07-20,18.749948773437,17.596603393554688,11.89654549958655,17.64716453003246,16.472565549152673,2022,2
2023-07-21,18.48236672336435,17.516006469726562,8.984272783461984,20.129723009182158,16.278092246433765,2022,2
2023-07-22,30.163376479727365,33.17876052856445,37.36005804898328,48.1487360978613,37.212732788784095,2022,2
2023-07-23,22.75045864208226,22.93079376220703,19.655852933932216,23.50743611417722,22.211135363099682,2022,2
2023-07-24,20.261839349907103,18.56292724609375,18.408920048103088,17.4314798833695,18.66629163186836,2022,2
2023-07-25,19.728548146023012,18.14524269104004,17.73803514188126,17.583650683479625,18.298869165605986,2022,2
2023-07-26,19.616649945771353,17.70114517211914,16.1511364506685,15.526214520633756,17.24878652229819,2022,2
2023-07-27,19.982956975558697,17.730924606323242,12.717321445143286,20.986710127608532,17.854478288658438,2022,2
2023-07-28,19.6452093153302,17.663721084594727,9.929063059772178,16.806699361247222,16.01117320523608,2022,2
2023-07-29,20.020703268884905,18.369579315185547,7.8061055637794245,23.66056780182387,17.464238987418437,2022,2
2023-07-30,22.665820825384152,21.045547485351562,17.65325352537461,29.905029082734004,22.81741272971108,2022,2
2023-07-31,22.425948540918814,21.365291595458984,22.782503752175412,30.07826834188605,24.163003057609814,2022,2
2023-08-01,18.374544249763616,18.08963394165039,16.226172096881935,22.125415017603423,18.70394132647484,2022,2
2023-08-02,26.53739226118923,26.522701263427734,38.52325677653111,44.10935510289366,33.92317635101043,2022,2
2023-08-03,21.319043958381407,19.31443977355957,23.972415499477044,26.10122616129107,22.676781348177272,2022,2
2023-08-04,18.2574645111897,17.920927047729492,18.63596546205467,17.55552079888411,18.092469454964494,2022,2
2023-08-05,26.781066636330976,26.38144302368164,41.05247659183893,43.37420347600794,34.39729743196487,2022,2
2023-08-06,19.623205614177238,19.205894470214844,24.11185414132897,19.9780136556897,20.729741970352688,2022,2
2023-08-07,17.08262238740994,17.773212432861328,16.793505433189488,12.638779314845817,16.072029892076642,2022,2
2023-08-08,17.12072864270125,17.71951675415039,14.22046898507232,20.230341685675707,17.322764016899917,2022,2
2023-08-09,17.10262245582017,17.66352653503418,14.064142033980165,3.7087144110732098,13.13475135897693,2022,2
2023-08-10,17.62022734946222,18.18724822998047,13.025098302100156,20.868783889100605,17.425339442660864,2022,2
2023-08-11,17.629981839686376,17.88167953491211,9.612456399670142,25.9967102311099,17.780207001344635,2022,2
2023-08-12,18.20216640637721,18.346635818481445,7.566626712862444,29.63386634758552,18.437323821326654,2022,2
2023-08-13,17.423459538649812,17.96118927001953,8.25042994255688,21.327263440108595,16.240585547833703,2022,2
2023-08-14,17.578206641912875,17.66422462463379,8.399911905388315,24.475278103201674,17.029405318784164,2022,2
2023-08-15,16.299324918544656,17.476247787475586,8.172644184663339,11.894679382054978,13.46072406818464,2022,2
2023-08-16,16.54221826222792,17.743350982666016,8.82875829093378,1.1668894605660212,11.070304249098433,2022,2
2023-08-17,17.33139711161252,18.4804630279541,10.297202555597122,15.958101801411448,15.516791124143797,2022,2
2023-08-18,19.15859052007462,19.30324935913086,11.912430966159246,28.99749863883263,19.84294237104934,2022,2
2023-08-19,17.95965709162962,18.014442443847656,6.385331738451577,26.64324808896956,17.250669840724605,2022,2
2023-08-20,17.8896581728529,17.476247787475586,7.102281229526808,11.794624543479877,13.565702933333794,2022,2
2023-08-21,17.924854043365457,17.464962005615234,6.23107108335866,14.433127792772574,14.01350373127798,2022,2
2023-08-22,17.521576335475604,17.446744918823242,5.900499906887869,13.97357416635048,13.710598831884298,2022,2
2023-08-23,18.9212483682952,18.36505889892578,18.19633504192723,7.796047997125706,15.819672576568477,2022,2
2023-08-24,17.957606765512036,17.78390121459961,13.373872489826672,7.27249832587579,14.096969698953528,2022,2
2023-08-25,17.695419971597232,17.526695251464844,9.87994838261833,9.342596603781331,13.611165052365434,2022,2
2023-08-26,17.601014888723412,17.38004493713379,7.8822893749989,8.669648784275118,12.883249496282804,2022,2
2023-08-27,17.099687628939193,17.38004493713379,6.359755054131336,9.232853788526826,12.518085352182785,2022,2
2023-08-28,17.192470580535325,17.203746795654297,6.944087184184353,9.08955619855975,12.607465189733432,2022,2
2023-08-29,16.932426363904256,16.936298370361328,6.504798476184499,9.52028147733301,12.473451171945772,2022,2
2023-08-30,16.969702831395388,16.936298370361328,7.375989783425585,6.064991295023703,11.836745570051502,2022,2
2023-08-31,17.5935138346685,17.16592788696289,8.05323903670983,9.430305248706587,13.060746501761951,2022,2
2023-09-01,17.391096775288133,16.936298370361328,8.540035834030824,7.52188019171531,12.5973277928489,2022,2
2023-09-02,18.205870175647185,17.16592788696289,10.201338137325564,8.962449595989433,13.633896448981268,2022,2
2023-09-03,19.531200398681815,18.25083351135254,17.33762751010726,11.435403054251601,16.638766118598305,2022,2
2023-09-04,19.770488753632634,18.813121795654297,19.910672166788288,20.42914297115587,19.730856421807772,2022,2
2023-09-05,19.781901338838203,18.97408103942871,23.003671726299615,16.65324360647889,19.603224427761354,2022,2
2023-09-06,20.20038433187005,19.182214736938477,30.950642835202153,8.701176055789745,19.75860448995011,2022,2
2023-09-07,20.32622537332195,20.740869522094727,36.20735962642432,10.686534579271282,21.99024727527807,2022,2
2023-09-08,18.849843998180955,19.99738883972168,33.0134039452498,6.895666848530682,19.68907590792078,2022,2
2023-09-09,20.206459748494204,20.87140655517578,35.58282320944436,7.0474488081085065,20.927034580305715,2022,2
2023-09-10,19.868387662275495,18.672733306884766,29.834849600262526,11.414983113572852,19.947738420748912,2022,2
2023-09-11,18.458949790369303,17.922489166259766,22.476339022528244,9.545148726021164,17.100731676294618,2022,2
2023-09-12,17.845382119170846,17.49178123474121,18.28106346810137,9.799517385873617,15.85443605197176,2022,2
2023-09-13,18.551421019287876,17.59482765197754,22.90639112140072,8.936221193534342,16.997215246550116,2022,2
2023-09-14,18.205503611795976,17.526695251464844,23.14477564249228,8.14478298732175,16.75543937326871,2022,2
2023-09-15,19.19116148658257,18.177261352539062,19.009004078940922,10.96417712144296,16.835401009876378,2022,2
2023-09-16,19.5319648207783,18.387680053710938,20.925185963085827,12.520349491025915,17.841295082150243,2022,2
2023-09-17,19.611292241174816,18.828378677368164,20.529299734957956,22.007051235642756,20.24400547228592,2022,2
2023-09-18,18.293051703957214,17.921430587768555,15.71281551562183,16.080503305811053,17.001950278289662,2022,2
2023-09-19,23.110190820343995,20.036611557006836,17.16034815676405,26.986550731291892,21.823425316351695,2022,2
2023-09-20,22.323481614798375,21.02260398864746,21.008987412859483,28.773355552144327,23.28210714211241,2022,2
2023-09-21,17.666712618751266,17.78390121459961,16.074143219065984,11.00213241415752,15.631722366643595,2022,2
2023-09-22,16.493629793130264,17.49178123474121,13.753090833298609,9.948519736717763,14.421755399471962,2022,2
2023-09-23,16.208450419288592,17.395578384399414,10.843344268958111,12.389263852711764,14.209159231339472,2022,2
2023-09-24,20.16092806788277,20.809377670288086,16.006584155855776,27.107424600053093,21.021078623519934,2022,2
2023-09-25,17.235962472032504,17.591629028320312,12.166034534224059,13.982328040411186,15.243988518747017,2022,2
2023-09-26,17.339794186735634,17.476247787475586,10.682230156080015,10.664235487130343,14.040626904355394,2022,2
2023-09-27,18.733704906806654,18.57048797607422,14.509139524261206,21.600855530003223,18.353546984286325,2022,2
2023-09-28,17.52192583653759,17.73345375061035,9.733825208344962,11.788851733547071,14.194514132259993,2022,2
2023-09-29,16.968677156773484,17.476247787475586,9.807174220535824,12.866751649003817,14.279712703447178,2022,2
2023-09-30,17.326171157508785,17.527755737304688,9.434735410673673,14.289683958754935,14.64458656606052,2022,2
2023-10-01,17.32254799335646,17.446744918823242,9.201304565805088,10.987013760818632,13.739402809700856,2022,2
2023-10-02,17.988881453064252,17.854473114013672,10.077691745123312,11.191294804263665,14.278085279116224,2022,2
2023-10-03,16.691155430464786,17.476247787475586,6.755825262172123,9.14014425984426,12.51584318498919,2022,2
2023-10-04,16.218311078443346,17.38004493713379,5.6656546555702425,8.344381480720317,11.902098037966924,2022,2
2023-10-05,15.410580402117617,17.38004493713379,6.511664641153198,10.658501688850466,12.490197917313766,2022,2
2023-10-06,13.159084930684042,17.15329933166504,6.08025203699927,10.485241297653797,11.719469399250539,2022,2
2023-10-07,13.089128708243027,17.10063362121582,9.326033147030296,7.63087524761712,11.786667681026566,2022,2
2023-10-08,13.633349296049454,18.106536865234375,15.374584239783513,6.841678786912865,13.48903729699505,2022,2
2023-10-09,13.932859103003999,18.17643165588379,17.1531378972504,5.382795081057749,13.661305934298984,2022,2
2023-10-10,12.610907000639,17.651138305664062,13.058517916476715,8.633344905443899,12.988477032055918,2022,2
2023-10-11,11.478332543004148,17.476247787475586,11.537921697730061,8.798326121289406,12.322707037374801,2022,2
2023-10-12,11.379749387766468,17.400192260742188,7.589717422338024,17.09860586471772,13.3670662338911,2022,2
2023-10-13,21.248273989651068,26.214282989501953,26.45191877674175,39.5775841772955,28.373014983297566,2022,2
2023-10-14,14.066728337100402,19.028606414794922,13.480737957161175,9.109025109457821,13.92127445462858,2022,2
2023-10-15,13.775539357999685,18.442846298217773,16.976993082599268,10.95705231167327,15.038107762622499,2022,2
2023-10-16,13.735410074038615,19.01350975036621,17.010539956851556,25.508673730888898,18.81703337803632,2022,2
2023-10-17,20.70425800264315,27.48282814025879,33.93167863170211,41.149694870094756,30.8171149111747,2022,2
2023-10-18,19.822021695271083,23.22002601623535,22.7854419536469,31.34859448791307,24.2940210382666,2022,2
2023-10-19,18.53191439306195,19.104536056518555,15.93900322077405,9.485563508410564,15.76525429469128,2022,2
2023-10-20,17.233529926744826,17.748987197875977,15.377021759139476,8.57740481649888,14.734235925064787,2022,2
2023-10-21,15.643487876475884,17.49178123474121,13.410273648499889,10.593057739799223,14.284650124879052,2022,2
2023-10-22,14.182728774197075,17.430492401123047,12.040238004945824,9.826529899589515,13.369997269963864,2022,2
2023-10-23,13.712974232301056,18.22770881652832,13.379671533533742,13.329654078115912,14.662502165119758,2022,2
2023-10-24,13.575808444809786,18.232698440551758,12.262327406917473,11.547810715086888,13.904661251841476,2022,2
2023-10-25,13.529790363882448,18.232698440551758,12.85995363674266,10.814279617567793,13.859180514686164,2022,2
2023-10-26,11.974078481497552,17.600690841674805,10.042060821629498,11.221873833250394,12.709675994513061,2022,2
2023-10-27,11.66129755649457,17.476247787475586,9.40429953866242,11.733195693924916,12.568760144139372,2022,2
2023-10-28,12.148205694871185,17.568017959594727,8.944140790445966,15.192361708015474,13.463181538231838,2022,2
2023-10-29,12.592704716549491,17.568017959594727,8.269712469929322,17.444239133521226,13.968668569898693,2022,2
2023-10-30,12.099958568592609,17.38004493713379,8.489139051005981,12.994017799040947,12.740790088943331,2022,2
2023-10-31,11.595542634345996,17.38004493713379,7.5935326966136225,12.737603879316698,12.326681036852527,2022,2
2023-11-01,17.71825609769151,20.518220901489258,20.60338648619477,33.48646199226701,23.081581369410635,2022,2
2023-11-02,24.53219947545217,23.909059524536133,23.38464232699712,30.518171919636412,25.58601831165546,2022,2
2023-11-03,16.249444538879224,18.70045280456543,15.683896882683813,18.347545071558084,17.245334824421636,2022,2
2023-11-04,14.94257899865837,17.89670181274414,15.268526486550918,18.333857964507246,16.61041631561517,2022,2
2023-11-05,14.168275395825477,17.819944381713867,10.749090196424838,16.450072986989788,14.796845740238492,2022,2
2023-11-06,13.67166482278237,17.66422462463379,10.552674594270243,21.99423269295343,15.970699183659958,2022,2
2023-11-07,12.027760133651148,17.476247787475586,9.683595197079592,10.389727650246192,12.39433269211313,2022,2
2023-11-08,13.672708029775324,17.661029815673828,8.672056435321776,21.805681421009766,15.452868925445173,2022,2
2023-11-09,16.432528200554945,19.516870498657227,7.327301064483106,19.318599884294635,15.648824911997478,2022,2
2023-11-10,14.386856462433778,17.921430587768555,7.844701736647301,11.887476025025842,13.010116202968868,2022,2
2023-11-11,13.493604753473248,17.756324768066406,8.534806698521217,12.706474092049648,13.12280257802763,2022,2
2023-11-12,12.345782825712316,17.640583038330078,7.532101458828271,14.985018909720823,13.125871558147871,2022,2
2023-11-13,25.77943768716647,27.266883850097656,19.883664560555534,32.514299074435144,26.361071293063702,2022,2
2023-11-14,18.26963211462277,22.488935470581055,14.110312374612025,16.87173035074875,17.935152577641148,2022,2
2023-11-15,14.659534286270443,18.512479782104492,12.839665517711268,8.513001367422442,13.63117023837716,2022,2
2023-11-16,13.659871114306846,18.085418701171875,12.690729600160315,19.656171742688898,16.023047789581984,2022,2
2023-11-17,12.065426188636778,17.61622428894043,10.359974974904265,11.817767251508839,12.964848175997577,2022,2
2023-11-18,16.290210212296785,18.73676109313965,10.1685004605413,20.970243141215562,16.541428726798323,2022,2
2023-11-19,29.3669591827821,31.034616470336914,27.778775908523347,33.39712222501816,30.394368446665126,2022,2
2023-11-20,24.060504151821245,24.869165420532227,22.16556077293737,27.92244431919122,24.754418666120515,2022,2
2023-11-21,16.672290512899806,18.866655349731445,16.30557415871074,14.624765550148,16.617321392872498,2022,2
2023-11-22,14.724480592254451,17.748987197875977,14.03032418130135,9.54492333148096,14.012178825728185,2022,2
2023-11-23,14.65088751593778,17.81647491455078,11.589611068095474,18.3336101311195,15.597645907425884,2022,2
2023-11-24,12.547926208034227,17.476247787475586,12.284674962986445,8.635668274942232,12.736129308359622,2022,2
2023-11-25,12.859832070372104,18.12969970703125,11.045934599388488,11.644836374354572,13.420075687786603,2022,2
2023-11-26,11.99075321693053,17.765026092529297,10.810768565105429,12.862945072626845,13.357373236798024,2022,2
2023-11-27,12.41175577629217,17.66422462463379,11.049469130042201,19.08982539566312,15.053818731657818,2022,2
2023-11-28,11.633584742878401,17.526695251464844,8.678993050657683,7.774618282207768,11.403472831802175,2022,2
2023-11-29,11.843144189720379,18.08943748474121,9.457013550007806,6.152745398832911,11.385585155825577,2022,2
2023-11-30,13.393033316562676,18.807477951049805,8.501706958512282,29.932891986910043,17.6587775532587,2022,2
2023-12-01,12.2503529461154,18.392398834228516,8.702988452181048,4.258793735224501,10.901133491937365,2022,2
2023-12-02,12.71472008689792,17.963083267211914,6.768639844321635,7.369103419596154,11.203886654506906,2022,2
2023-12-03,12.159025591169664,17.640583038330078,6.339179372502078,8.893521239832358,11.258077310458546,2022,2
2023-12-04,23.90347419537231,28.34543228149414,38.646528375581745,50.3896431965014,35.3212695122374,2022,2
2023-12-05,16.731736479731623,22.408432006835938,25.53215568474501,26.77177312233517,22.861024323411932,2022,2
2023-12-06,16.059050403587143,19.516691207885742,17.46055727141895,19.381524570766004,18.104455863414458,2022,2
2023-12-07,24.524628808357576,28.110275268554688,46.407089669956044,44.51508706756555,35.88927020360847,2022,2
2023-12-08,15.747893854901353,21.76622200012207,23.19094137729234,19.93079148573095,20.158962179511676,2022,2
2023-12-09,34.214774577548766,31.8049373626709,35.15412298827532,39.146071507625585,35.07997660903014,2022,2
2023-12-10,27.297551137702413,28.86936378479004,28.66348316819763,22.647665189237046,26.869515819981782,2022,2
2023-12-11,17.115031025209106,22.29159164428711,21.956239594492104,13.280903874694529,18.660941534670712,2022,2
2023-12-12,15.943731497133657,18.14049530029297,17.336289507478643,17.344972302978306,17.191372151970892,2022,2
2023-12-13,14.102693508187183,17.61622428894043,18.01752773766004,7.409103913277203,14.286387362016214,2022,2
2023-12-14,12.484055981999076,17.49178123474121,16.574294785170732,8.539448492789345,13.772395123675093,2022,2
2023-12-15,11.993548847231272,17.430492401123047,15.151056332465137,11.700504932877424,14.06890062842422,2022,2
2023-12-16,11.7315026226227,17.430492401123047,12.3544864145829,12.479520997594722,13.499000608980843,2022,2
2022-12-17,5.479332954012171,6.456905841827393,1.813893902484355,5.071618847014825,4.705437886334686,2022,4
2022-12-18,11.861085000389012,12.889439582824707,16.078919457187638,-10.38647871541687,7.610741331246121,2022,4
2022-12-19,20.85852923049784,18.755844116210938,19.129343975440047,-22.32092484191343,9.105698120058848,2022,4
2022-12-20,16.718141211354133,18.602558135986328,15.840396283156634,1.2911805781328374,13.113069052157485,2022,4
2022-12-21,13.133186104585665,16.71283721923828,12.643477725615623,4.073136404300337,11.640659363434976,2022,4
2022-12-22,11.281414338242833,16.604717254638672,10.119568456157847,2.038915082039182,10.011153782769632,2022,4
2022-12-23,14.487016477959106,19.175617218017578,11.667412234459025,-5.103042436051311,10.056750873596098,2022,4
2022-12-24,10.987429592368711,16.79065704345703,5.5301364485326845,0.49384570694164687,8.45051719782502,2022,4
2022-12-25,13.549010417726315,19.410200119018555,8.226212174802075,2.443170880764562,10.907148398077878,2022,4
2022-12-26,11.298456184830318,16.890850067138672,7.757421270099027,2.353994723377788,9.575180561361451,2022,4
2022-12-27,14.933651874880097,21.19937515258789,10.937044040312616,-6.306275549153856,10.190948879656688,2022,4
2022-12-28,19.301540163093627,24.631607055664062,16.10436667385628,-15.650183761998488,11.09683253265387,2022,4
2022-12-29,19.03404372581414,22.09263801574707,13.784037313243166,-8.80078591422251,11.527483285145468,2022,4
2022-12-30,21.517026958821095,22.699216842651367,14.958989572649418,-10.110686390994271,12.2661367457819,2022,4
2022-12-31,24.224728964196057,25.54864501953125,15.62445027321964,-7.957812431123834,14.360002956455778,2022,4
2023-01-01,22.47483345410341,22.91659164428711,14.4201634736656,-5.610523090220765,13.55026637045884,2022,4
2023-01-02,15.578016236836113,18.405229568481445,10.862147050606946,12.9003012918173,14.43642353693545,2022,4
2023-01-03,23.32096324290318,24.900423049926758,18.62470542028455,-8.930511202527068,14.478895127646851,2022,4
2023-01-04,25.127033125324957,24.515348434448242,21.441873525498288,-16.91226988123227,13.542996301009802,2022,4
2023-01-05,18.345607261515525,19.357267379760742,15.961045683619059,-4.0118399735329096,12.413020087840605,2022,4
2023-01-06,17.335860630631615,18.239599227905273,15.03059574900926,-6.436058130961875,11.042499369146068,2022,4
2023-01-07,24.806015114339022,24.6422119140625,20.225914966525977,-16.15105557913021,13.38077160394932,2022,4
2023-01-08,21.375120172175055,22.22855567932129,16.963854259825712,-10.193671688205363,12.593464605779173,2022,4
2023-01-09,18.679954863140523,19.21303939819336,16.90255722297101,-8.546932389561384,11.562154773685878,2022,4
2023-01-10,21.32981725207799,20.75353240966797,16.98628053080692,-14.22840332179019,11.210306717690672,2022,4
2023-01-11,25.868534325867323,26.036293029785156,21.93243829132503,-18.41620519567602,13.855265112825373,2022,4
2023-01-12,27.97206471815726,29.113969802856445,24.423965236847792,-22.833508018475776,14.66912293484643,2022,4
2023-01-13,19.276391542125296,21.99987030029297,16.127158647772927,-9.024328403478014,12.094773021678295,2022,4
2023-01-14,25.52869738766204,25.014909744262695,24.515925720845885,-15.985989495877563,14.768385839223264,2022,4
2023-01-15,21.892662269907895,22.360193252563477,20.262599503130094,-2.8067780199764396,15.427169251406257,2022,4
2023-01-16,15.81908174373038,17.73016357421875,16.17958316664275,0.03249705275011294,12.440331384335497,2022,4
2023-01-17,15.60769317752476,17.501115798950195,15.682966428614419,14.032997014809395,15.706193104974693,2022,4
2023-01-18,14.115878869501076,17.623994827270508,14.107292745396064,-0.25708283343843874,11.397520902182302,2022,4
2023-01-19,12.473689762292732,17.297109603881836,11.882844427890067,14.422286950279352,14.018982686085996,2022,4
2023-01-20,11.640642074204232,16.933454513549805,11.634128251580973,16.838093068461255,14.261579476949066,2022,4
2023-01-21,11.442646146146343,16.70671272277832,10.687019137067287,14.004254444198791,13.210158112547687,2022,4
2023-01-22,10.987431602781284,16.70671272277832,10.433826357411771,10.882946461053495,12.252729286006218,2022,4
2023-01-23,11.186386211888252,16.254934310913086,10.426388179622867,17.719998508105235,13.89692680263236,2022,4
2023-01-24,11.665462547064417,15.307544708251953,9.571775492569985,17.85103038825482,13.598953284035293,2022,4
2023-01-25,10.863667526972364,12.844367980957031,7.631077957231837,9.000924306309825,10.085009442867765,2022,4
2023-01-26,10.968086059056128,12.372991561889648,8.978455968112517,15.45248106955362,11.943003664652979,2022,4
2023-01-27,11.132216568248937,12.144685745239258,8.978455968112517,16.014011124802753,12.067342351600864,2022,4
2023-01-28,11.111080640400585,11.638792037963867,7.7684129147696455,17.068648785272877,11.896733594601745,2022,4
2023-01-29,10.62162373670387,11.638792037963867,6.685803796308602,1.8368195467017383,7.69575977941952,2022,4
2023-01-30,10.537136384195811,10.987110137939453,5.851397355202449,3.303285206558323,7.669732270974009,2022,4
2023-01-31,10.80361903061908,11.032654762268066,5.713896465537714,-6.196627508043049,5.338385687595453,2022,4
2023-02-01,10.944833087101262,10.912156105041504,5.039789837227766,-7.505880940100242,4.847724522317572,2022,4
2023-02-02,11.16511150018187,11.08705997467041,5.607975400116494,-9.090060066098225,4.692521702217638,2022,4
2023-02-03,10.907109115614812,10.771968841552734,6.104027482293379,-1.7629232459301978,6.505045548382682,2022,4
2023-02-04,10.522315883794729,10.748406410217285,5.745476289781229,9.635408169007786,9.162901688200257,2022,4
2023-02-05,10.809748153804268,10.771968841552734,7.182722649972595,14.994806452928293,10.939811524564472,2022,4
2023-02-06,10.828011560490538,10.748406410217285,7.159175741542212,12.7598536676551,10.373861844976284,2022,4
2023-02-07,11.07911295299677,10.748406410217285,6.992662785340241,15.713281905972654,11.133366013631736,2022,4
2023-02-08,10.985730342203373,10.748406410217285,6.678748043048006,13.744540076059502,10.539356217882043,2022,4
2023-02-09,10.665373388276908,10.748406410217285,5.661337490570095,9.871693075467137,9.236702591132856,2022,4
2023-02-10,10.562182789956374,10.748406410217285,5.851397355202449,9.859532202641322,9.255379689504359,2022,4
2023-02-11,10.80807024655116,10.748406410217285,7.1067296217466795,16.05453899707485,11.179436318897494,2022,4
2023-02-12,10.5695285533798,10.748406410217285,5.965464191608888,7.994957111532708,8.81958906668467,2022,4
2023-02-13,10.52595438728043,10.748406410217285,5.965464191608888,1.837536921059252,7.269340477541464,2022,4
2023-02-14,10.440223700329746,10.748406410217285,5.965464191608888,6.941083367151757,8.523794417326918,2022,4
2023-02-15,10.738480689674738,10.813908576965332,6.413847309854624,7.777091392444362,8.935831992234764,2022,4
2023-02-16,11.122832614528434,10.888593673706055,5.531982371890579,-6.826290982985292,5.179279419284944,2022,4
2023-02-17,11.335615479070256,10.888593673706055,5.722042236522933,-7.0304299784205355,5.228955352719677,2022,4
2023-02-18,14.484738619360103,13.325545310974121,8.124727986029269,-13.492824543070409,5.610546843323271,2022,4
2023-02-19,11.63200182615131,10.843049049377441,6.1257640044050925,1.6527488052049009,7.563390921284686,2022,4
2023-02-20,10.83975172546628,11.154194831848145,5.29135756329894,4.896610567117303,8.045478671932667,2022,4
2023-02-21,11.149908357109663,10.771968841552734,7.2967894863790335,17.090339549071807,11.57725155852831,2022,4
2023-02-22,11.12400341210951,10.748406410217285,6.065081205052638,1.9783462647295682,7.478959323027251,2022,4
2023-02-23,11.191982349093324,10.837471008300781,6.494510177172238,10.414065339219718,9.734507218446515,2022,4
2023-02-24,11.046865992835418,10.748406410217285,7.182799726760047,13.2903667356252,10.567109716359488,2022,4
2023-02-25,11.125685824773146,10.748406410217285,7.155128501302593,12.618214002240778,10.41185868463345,2022,4
2023-02-26,11.506693731275364,10.748406410217285,7.396406499822784,15.744165898720485,11.34891813500898,2022,4
2023-02-27,11.293272600761915,10.748406410217285,7.726838334004346,13.901780596963555,10.917574485486774,2022,4
2023-02-28,11.47275096230638,10.748406410217285,8.242727722064242,15.030164574226918,11.373512417203706,2022,4
2023-03-01,11.125302039627202,10.748406410217285,7.9895349424087385,12.136064659055426,10.499827012827163,2022,4
2023-03-02,11.637127189403527,10.748406410217285,8.230812940928919,16.642723342257725,11.814767470701865,2022,4
2023-03-03,11.740570451236259,10.748406410217285,8.814144564784204,16.91040533527938,12.053381690379283,2022,4
2023-03-04,11.706581449978593,10.748406410217285,7.982096764619834,18.68618130296071,12.280816481944104,2022,4
2023-03-05,11.761007404744515,10.748406410217285,8.230812940928919,16.882615757271648,11.905710628290592,2022,4
2023-03-06,11.45602058061659,10.748406410217285,6.899487646158791,-0.8415046700417204,7.065602491737735,2022,4
2023-03-07,11.219834021228971,10.748406410217285,6.065081205052638,10.407869574265943,9.610297802691209,2022,4
2023-03-08,16.902508069028034,15.166504859924316,11.811295341060644,11.140372293310884,13.755170140830968,2022,4
2023-03-09,18.042681745272546,15.486090660095215,13.612670802897325,3.8419631060700006,12.745851578583771,2022,4
2023-03-10,14.446410158145433,12.91429328918457,8.596136033978201,-0.549686100337194,8.851788345242753,2022,4
2023-03-11,13.702508411382077,12.899223327636719,8.055069148264872,-0.17074269311254575,8.62151454854278,2022,4
2023-03-12,14.266770630755254,13.066962242126465,7.590357042459069,-8.245851878664402,6.669559509169096,2022,4
2023-03-13,19.883799601014626,18.727821350097656,14.446869558407709,-20.38162808967963,8.169215604960092,2022,4
2023-03-14,16.15403375519469,16.044879913330078,9.878363638640323,-5.288876182518489,9.19710028116165,2022,4
2023-03-15,15.26190991121793,15.363702774047852,9.88816653600087,7.099072677928495,11.903212974798787,2022,4
2023-03-16,14.228348620470026,13.100326538085938,9.62282569244601,4.591104226849257,10.385651269462809,2022,4
2023-03-17,13.746704205544733,13.401366233825684,9.384248682843756,11.418209334148026,11.987632114090548,2022,4
2023-03-18,12.617137261406848,12.094239234924316,8.229105977565967,8.633594050997452,10.393519131223645,2022,4
2023-03-19,11.717764054670363,11.638792037963867,7.717947381662912,6.47034511649596,9.386212147698274,2022,4
2023-03-20,12.742591144358384,11.892267227172852,10.309042904937591,14.567979214822415,12.377970122822811,2022,4
2023-03-21,14.020797269917969,12.063183784484863,9.32630737641512,14.50455940885894,12.478711959919224,2022,4
2023-03-22,27.918732032916278,22.856882095336914,25.581337927230244,21.17187093282937,24.382205747078203,2022,4
2023-03-23,27.573184448956894,26.114276885986328,26.66934511998224,17.296709192932074,24.413378911964383,2022,4
2023-03-24,30.203323038225115,27.863847732543945,27.44414741407199,15.051683683358993,25.140750467050008,2022,4
2023-03-25,24.510608639543243,22.995229721069336,21.588940390447906,12.326269317129906,20.3552620170476,2022,4
2023-03-26,19.069694480401182,18.749149322509766,18.046036163704095,11.88375209673085,16.937158015836474,2022,4
2023-03-27,18.578298594090978,18.615671157836914,19.044684353785488,9.555937358028165,16.448647865935385,2022,4
2023-03-28,19.598812034591656,18.624155044555664,18.81529510235837,15.329612360010726,18.091968635379104,2022,4
2023-03-29,23.546906460260946,22.052621841430664,20.281718007557686,23.85028995284724,22.432884065524135,2022,4
2023-03-30,30.488714752731163,27.770526885986328,27.556051536332443,24.87243502931115,27.67193205109027,2022,4
2023-03-31,57.7780953106811,74.76201629638672,58.703478562499456,35.32837025945307,56.64299010725508,2022,4
2023-04-01,34.33513584439444,33.57853317260742,27.33812516804902,15.051702502970805,27.57587417200542,2022,4
2023-04-02,28.481631478077023,25.862964630126953,23.53152861017809,16.269522631971878,23.536411837588485,2022,4
2023-04-03,25.763573058593245,21.90557098388672,23.748766814008555,15.759988194161787,21.794474762662578,2022,4
2023-04-04,24.080865451412052,20.612228393554688,21.697583657641566,14.099919891905015,20.12264934862833,2022,4
2023-04-05,23.04072021232187,19.692724227905273,19.39317264378981,17.923233325439305,20.012462602364067,2022,4
2023-04-06,23.963762520704194,19.51738739013672,15.783060021486286,13.203850009768324,18.11701498552388,2022,4
2023-04-07,22.910110562360654,19.982892990112305,19.04779321189788,12.377313037813103,18.57952745054599,2022,4
2023-04-08,22.340268287080782,18.788118362426758,18.571532848236235,13.536703746606108,18.30915581108747,2022,4
2023-04-09,21.52755408445613,18.777931213378906,19.037350372481566,15.397020128433216,18.684963949687454,2022,4
2023-04-10,29.512739676817098,24.10498809814453,23.541457804049966,25.65282325504331,25.703002208513723,2022,4
2023-04-11,33.190803185353126,28.020244598388672,26.249546484417436,23.234033344588333,27.673656903186895,2022,4
2023-04-12,44.76330412043503,37.586761474609375,36.33139766097489,23.433555962552536,35.52875480464296,2022,4
2023-04-13,28.915984658178147,23.386775970458984,17.635244367115252,12.704574312557048,20.660644827077356,2022,4
2023-04-14,26.72639227535741,19.087339401245117,18.143788344861665,21.240891329085482,21.29960283763742,2022,4
2023-04-15,23.188940776170416,17.84041404724121,22.659331404286835,10.44029127455281,18.532244375562815,2022,4
2023-04-16,22.690710610451287,17.679468154907227,19.42958051123483,17.665363637562667,19.366280728539003,2022,4
2023-04-17,24.09609412929094,18.376480102539062,20.499166080231973,18.046963815745396,20.254676031951842,2022,4
2023-04-18,23.55646561975472,18.941621780395508,19.242571216638712,23.624340331796873,21.341249737146452,2022,4
2023-04-19,23.794646320479266,18.753644943237305,20.291847113962977,27.026538878745093,22.466669314106163,2022,4
2023-04-20,22.8240390451162,18.96641731262207,18.086263590865112,23.152041026916898,20.757190243880068,2022,4
2023-04-21,22.134920375986816,18.581117630004883,20.080923719837784,20.969672031458785,20.44165843932207,2022,4
2023-04-22,22.35612822185342,18.92191505432129,20.822598421181418,22.106188349921727,21.051707511819465,2022,4
2023-04-23,20.187493032933,17.56937026977539,14.965904066332351,14.412764625762922,16.783882998700914,2022,4
2023-04-24,19.488211309275975,17.215961456298828,13.413779858009054,15.883644627406772,16.500399312747657,2022,4
2023-04-25,20.457131135237574,18.208026885986328,12.99057817740382,14.962305880662319,16.65451051982251,2022,4
2023-04-26,21.168562500400117,18.394140243530273,13.799297678676636,23.852001560521686,19.303500495782178,2022,4
2023-04-27,24.51580480006563,24.171663284301758,19.15201945990121,28.623997347873683,24.11587122303557,2022,4
2023-04-28,20.71158300257751,18.72199058532715,12.732749664853579,17.964390349984832,17.532678400685768,2022,4
2023-04-29,21.358261626976226,18.60293197631836,15.492452691506294,19.728990447976336,18.795659185694305,2022,4
2023-04-30,20.75665292877181,18.103456497192383,14.044276455741933,17.574104201880587,17.61962252089668,2022,4
2023-05-01,19.321571148289866,17.456026077270508,8.205055907227704,12.645237305887704,14.406972609668944,2022,4
2023-05-02,20.7729963632119,18.252504348754883,11.204202333349428,12.135698023282542,15.59135026714969,2022,4
2023-05-03,22.468098463509143,18.851423263549805,11.685747323589563,21.24328876780057,18.56213945461227,2022,4
2023-05-04,22.12501455487099,18.765836715698242,12.781331784008568,24.66658443187182,19.584691871612407,2022,4
2023-05-05,20.991790964485904,17.995502471923828,10.170801256832185,16.77307128951334,16.482791495688815,2022,4
2023-05-06,20.990174584927033,17.82667350769043,9.771437135230848,16.65275157462736,16.310259200618916,2022,4
2023-05-07,19.716269373219234,17.246662139892578,8.149140369043854,17.967738324001523,15.769952551539298,2022,4
2023-05-08,23.326373440029464,21.697336196899414,14.081913982578984,28.00412060161956,21.777436055281854,2022,4
2023-05-09,24.08029364166537,21.77754783630371,13.472767801919051,23.97251881945439,20.825782024835632,2022,4
2023-05-10,21.031878768638855,17.83710479736328,8.529746580608906,18.165981243465,16.39117784751901,2022,4
2023-05-11,19.276537273407445,17.262195587158203,7.683389050528185,15.246912670465981,14.867258645389953,2022,4
2023-05-12,20.779672616774082,18.091428756713867,11.335916908781082,18.185069072977143,17.09802183881154,2022,4
2023-05-13,21.66177696788434,18.296855926513672,12.46466866385475,16.127712573987484,17.13775353306006,2022,4
2023-05-14,19.982109134006855,17.5543155670166,8.452334100186857,16.491126661461763,15.619971365668018,2022,4
2023-05-15,18.97251377337517,17.2257022857666,8.572157837057116,11.723115825510472,14.123372430427342,2022,4
2023-05-16,18.436683209508875,16.958250045776367,8.375940973250643,12.054568980132265,13.956360802167037,2022,4
2023-05-17,19.024916955668512,16.78195571899414,7.319421712507288,13.42169680345534,14.13699779765632,2022,4
2023-05-18,18.703581227504813,16.78195571899414,5.634411460187192,11.171763472837311,13.072927969880865,2022,4
2023-05-19,18.67964783338336,16.254934310913086,6.582674187828958,14.335339002087025,13.963148833553106,2022,4
2023-05-20,20.28137230666887,16.150238037109375,8.051787988812956,16.095496624160837,15.14472373918801,2022,4
2023-05-21,20.696138033827214,16.150238037109375,9.327340514769649,17.124507739842784,15.824556081387254,2022,4
2023-05-22,55.73892182701667,52.947021484375,53.439205500529404,93.21424293804145,63.83484793749063,2022,4
2023-05-23,69.29299593506374,72.56300354003906,72.83856423985722,98.56436815279798,78.3147329669395,2022,4
2023-05-24,72.07935508634944,70.29961395263672,72.39547735873569,90.75769479895546,76.38303529916932,2022,4
2023-05-25,80.36132833405163,85.783447265625,87.47054030454113,95.52206888681606,87.28434619775845,2022,4
2023-05-26,81.9281784995725,90.92009735107422,96.78821563040587,96.04264785625874,91.41978483432783,2022,4
2023-05-27,84.18650929275479,105.46536254882812,114.27677045155811,95.13738472350975,99.76650675416269,2022,4
2023-05-28,47.04021342299874,62.845977783203125,57.78724343345367,18.282673992527904,46.48902715804586,2022,4
2023-05-29,43.18396656327374,44.110050201416016,46.5024126945425,21.49555527789162,38.82299618428097,2022,4
2023-05-30,39.44049270461111,34.41761016845703,32.33871175524398,23.164778072679887,32.340398175248,2022,4
2023-05-31,39.49114021013256,34.61203384399414,34.56763056653086,33.59402370253893,35.56620708079912,2022,4
2023-06-01,38.46615801897606,35.246551513671875,29.837025230141276,27.925758522588787,32.8688733213445,2022,4
2023-06-02,37.986548459674935,33.570369720458984,29.5589459946526,29.04184234808291,32.53942663071736,2022,4
2023-06-03,39.181863665561785,33.047122955322266,27.29655604446451,24.15107230687456,30.91915374305578,2022,4
2023-06-04,38.43710723713132,31.310562133789062,28.182802415281767,25.86220819063053,30.948169994208172,2022,4
2023-06-05,36.91521662008057,30.06256866455078,30.304429630998175,25.427640276848557,30.67746379811952,2022,4
2023-06-06,35.18947077372883,29.526029586791992,37.88571690546787,29.444110171430857,33.01133185935489,2022,4
2023-06-07,35.47755942201617,29.4274959564209,36.14605340241179,27.990531239942804,32.26041000519792,2022,4
2023-06-08,35.36723766946969,28.983091354370117,31.091216986855326,28.40436938727423,30.96147884949234,2022,4
2023-06-09,35.56277329602221,29.568546295166016,35.572689250736666,30.245934532893664,32.73748584370464,2022,4
2023-06-10,32.86517897163795,29.667259216308594,35.710644367727404,32.35998945280684,32.6507680021202,2022,4
2023-06-11,32.487488578480416,28.625362396240234,35.28611782943014,26.617430891174045,30.754099923831212,2022,4
2023-06-12,30.286628734364367,27.61705780029297,28.639072630887892,24.77626948446283,27.829757162502016,2022,4
2023-06-13,31.92312010889537,28.727649688720703,31.882364141006455,24.268950561561333,29.200521125045967,2022,4
2023-06-14,34.1347191834344,30.286853790283203,30.650188932908424,25.024661055428112,30.024105740513534,2022,4
2023-06-15,34.53723479617688,29.37141990661621,31.777122489876636,20.913474777726634,29.14981299259909,2022,4
2023-06-16,34.39133819385022,29.29972267150879,30.376793944445254,19.89268727762225,28.49013552185663,2022,4
2023-06-17,33.3360364900103,29.64298439025879,33.08700433048682,28.50725983281228,31.143321260892048,2022,4
2023-06-18,31.06425308776142,27.94900894165039,29.336392231206766,28.649376864844413,29.249757781365744,2022,4
2023-06-19,31.72420580126342,27.920263290405273,28.2597067067962,23.595068147850824,27.874810986578932,2022,4
2023-06-20,28.265064888800506,26.269685745239258,23.895600847098148,14.967107400787144,23.349364720481265,2022,4
2023-06-21,24.676265880960603,20.465105056762695,16.221358723895047,15.357064466353266,19.179948531992903,2022,4
2023-06-22,21.74157793785313,18.935707092285156,17.916155270848403,11.04702236494074,17.410115666481857,2022,4
2023-06-23,20.598521218422363,18.12849998474121,16.783480634345864,12.837432295357194,17.086983533216657,2022,4
2023-06-24,21.055977356334154,18.687097549438477,22.747929156762215,11.347532240462561,18.45963407574935,2022,4
2023-06-25,20.553756807132267,18.012142181396484,16.270261816042588,14.960116060837835,17.449069216352292,2022,4
2023-06-26,20.29709239357209,17.634435653686523,29.14347000360023,15.319345600867399,20.598585912931558,2022,4
2023-06-27,20.04376024154093,17.713809967041016,19.612183348293687,18.870796353094622,19.060137477492564,2022,4
2023-06-28,19.59074475687713,17.846012115478516,34.14315670900958,17.86857530792848,22.362122222323425,2022,4
2023-06-29,19.09193554907202,17.70413589477539,30.223206032150834,12.126336229108945,19.7864034262768,2022,4
2023-06-30,21.068845935492053,19.502300262451172,28.042470965007595,18.938705457722428,21.88808065516831,2022,4
2023-07-01,21.327157535674665,19.627702713012695,36.26535337936104,12.09772609307509,22.329484930280874,2022,4
2023-07-02,19.781286322474685,18.80510139465332,41.260705390576796,13.504851932589128,23.337986260073485,2022,4
2023-07-03,20.694794773094536,18.89667320251465,38.09030374092423,13.699277778639177,22.845262373793144,2022,4
2023-07-04,22.49314359085142,22.047956466674805,31.804346079910317,19.083585105820724,23.857257810814318,2022,4
2023-07-05,46.791975146988726,70.2562484741211,81.5043766764973,82.20264709457005,70.1888118480443,2022,4
2023-07-06,59.0520815312238,88.37898254394531,83.17820053777791,86.95710713328835,79.39159293655884,2022,4
2023-07-07,77.2941136576881,92.65142822265625,90.58573494098164,75.75753405155872,84.07220271822118,2022,4
2023-07-08,69.06439431664535,86.14305877685547,82.50688785866022,85.38878801709343,80.77578224231361,2022,4
2023-07-09,72.26411075288142,92.10359191894531,80.47200142748339,81.82093845337113,81.66516063817032,2022,4
2023-07-10,72.78821098813205,89.4563980102539,73.24742756436292,89.25743819126606,81.18736868850374,2022,4
2023-07-11,66.2497559355852,83.59296417236328,56.40060485684262,86.77220684176068,73.25388295163795,2022,4
2023-07-12,67.08088713849746,81.47283172607422,61.16201176794999,85.06811731581429,73.69596198708399,2022,4
2023-07-13,68.70700241157394,73.66680908203125,60.95792754364964,83.88778550713668,71.80488113609788,2022,4
2023-07-14,80.05240714304304,83.61381530761719,77.95903595418203,89.07321255130967,82.67461773903798,2022,4
2023-07-15,70.55114432185441,76.03795623779297,49.701735106980564,85.81657559057032,70.52685281429956,2022,4
2023-07-16,68.61342109570046,72.0833511352539,60.376443098324394,82.80708828920744,70.97007590462155,2022,4
2023-07-17,71.31619331378324,75.25482177734375,64.9511041432605,80.49183030941286,73.00348738595008,2022,4
2023-07-18,73.17525111901361,75.64666748046875,67.55739426910195,84.50563581876877,75.22123717183827,2022,4
2023-07-19,77.45396343309403,75.10953521728516,69.10844149327156,80.11495636897244,75.4467241281558,2022,4
2023-07-20,78.33517814910796,77.96620178222656,84.74743540844554,82.58955459150253,80.90959248282064,2022,4
2023-07-21,77.74055034579372,73.35211181640625,80.99915256055911,83.93908520636971,79.0077249822822,2022,4
2023-07-22,76.30795799982435,71.90476989746094,70.39779807645864,88.26444872791775,76.71874367541541,2022,4
2023-07-23,72.5488992206597,70.8232192993164,69.94963167347142,82.83950352791902,74.04031343034164,2022,4
2023-07-24,86.81602274539974,79.81683349609375,98.06817735750455,87.22003446698741,87.98026701649636,2022,4
2023-07-25,86.55115166929589,74.07563781738281,87.5832040560316,79.58749168745672,81.94937130754175,2022,4
2023-07-26,91.31064082005804,75.73417663574219,99.75360928055433,87.84405868874543,88.66062135627499,2022,4
2023-07-27,89.13779135765989,70.31399536132812,81.6852505393131,84.86711289102323,81.50103753733109,2022,4
2023-07-28,90.51174617689446,69.99274444580078,76.00359951855867,85.0150361746745,80.38078157898211,2022,4
2023-07-29,84.607664901849,66.02303314208984,55.68286432588174,82.9495158583924,72.31576955705324,2022,4
2023-07-30,85.31800646211862,66.47675323486328,66.08381959289815,85.50977936414642,75.84708966350661,2022,4
2023-07-31,86.95046912301954,66.09750366210938,55.723174584497016,92.55047668661943,75.33040601406135,2022,4
2023-08-01,91.799793390806,69.41140747070312,58.407287855434596,88.1217409563423,76.9350574183215,2022,4
2023-08-02,91.09794294673954,69.18287658691406,71.39156092486768,100.28675907467628,82.9897848832994,2022,4
2023-08-03,94.17062416948563,70.4344253540039,71.33625247094047,88.77459857916851,81.17897514339963,2022,4
2023-08-04,94.24476520622217,70.41424560546875,72.82715386040036,81.13272242343557,79.6547217738817,2022,4
2023-08-05,91.8947883578469,73.07193756103516,96.394746238352,103.41788620072036,91.19483958948861,2022,4
2023-08-06,91.83210686323908,70.12588500976562,82.84750698201242,82.3850665525212,81.79764135188458,2022,4
2023-08-07,91.1305417051533,71.25565338134766,74.41606601698128,78.84596859149605,78.91205742374457,2022,4
2023-08-08,89.60086847456824,68.98351287841797,75.41274582098373,88.10779085005032,80.52622950600507,2022,4
2023-08-09,95.18937139120482,74.22956085205078,76.52151873701362,74.45494967232672,80.09885016314898,2022,4
2023-08-10,98.0267238726123,77.89751434326172,82.58437284111736,82.2859115196466,85.19863064415951,2022,4
2023-08-11,44.450635887412545,35.6398811340332,38.91851181095128,13.73445846792132,33.18587182507959,2022,4
2023-08-12,34.866729331572756,28.57749366760254,24.637495484207133,20.810123131878484,27.22296040381523,2022,4
2023-08-13,26.985423099024874,26.076061248779297,19.006492310909355,17.064253359370646,22.28305750452104,2022,4
2023-08-14,23.16641515524022,22.44667625427246,15.63191043027176,18.34647355280869,19.89786884814828,2022,4
2023-08-15,19.155461728783216,21.41737937927246,12.963629959265099,6.5236485230191885,15.015029897584991,2022,4
2023-08-16,18.64755862637431,21.01253318786621,12.807560160237058,-1.5211377951147629,12.736628544840704,2022,4
2023-08-17,18.18062457994708,20.091997146606445,12.479868222975602,13.178030773467475,15.982630180749151,2022,4
2023-08-18,20.13101161506129,18.842531204223633,10.29824968906093,26.762514961509908,19.00857686746394,2022,4
2023-08-19,16.98318521481265,16.83253288269043,0.08584723119404465,16.656156482408193,12.63943045277633,2022,4
2023-08-20,17.604200462097467,17.20901107788086,3.8606317506660695,6.695207390755412,11.342262670349953,2022,4
2023-08-21,17.284140147644784,16.41761016845703,3.7710033759671093,12.219248889658148,12.423000645431769,2022,4
2023-08-22,16.533618201622918,15.59360408782959,3.6368299212317767,6.915007453331993,10.66976491600407,2022,4
2023-08-23,18.01479893055258,16.3528995513916,12.344997410353708,10.912432344090837,14.406282059097181,2022,4
2023-08-24,16.873563389406783,15.036368370056152,9.459672510507309,12.583010305631978,13.488153643900556,2022,4
2023-08-25,16.58132197008951,12.894814491271973,7.35526888339102,12.605609486681345,12.35925370785846,2022,4
2023-08-26,15.794603680008482,12.322545051574707,5.0154285593942785,14.086979686036463,11.804889244253483,2022,4
2023-08-27,13.056238279585868,12.094239234924316,4.4355301338483795,15.26942204996885,11.213857424581855,2022,4
2023-08-28,10.984816817395457,11.638792037963867,5.054607431348048,15.47308856030288,10.787826211752563,2022,4
2023-08-29,10.863348689946632,11.638792037963867,6.133364118755576,15.511811377282132,11.036829055987052,2022,4
2023-08-30,10.426875324866337,10.987110137939453,6.6087181218881605,13.5185886424789,10.385323056793212,2022,4
2023-08-31,10.914902978971462,11.170886039733887,7.2240875882319955,13.424346065299941,10.683555668059322,2022,4
2023-09-01,10.41218718200288,10.771968841552734,6.646056527953132,10.943905881849666,9.693529608339603,2022,4
2023-09-02,11.902110724523112,11.660717964172363,8.19544373910165,10.805091893450813,10.640841080311985,2022,4
2023-09-03,12.19270615785434,12.44539737701416,9.090931100805939,9.771496592958098,10.875132807158135,2022,4
2023-09-04,11.401770759542766,12.217833518981934,9.700307019484177,8.94768095660408,10.56689806365324,2022,4
2023-09-05,11.46024513336371,12.726827621459961,10.013539243648465,10.546832079106247,11.186861019394595,2022,4
2023-09-06,12.190331693239111,12.93496322631836,16.562957624382467,8.481318427450068,12.542392742847502,2022,4
2023-09-07,12.129412030631148,14.41726303100586,18.333465672703486,11.305433974894731,14.046393677308807,2022,4
2023-09-08,11.8522067524004,14.005651473999023,20.97714201616888,8.53211025661668,13.841777624796244,2022,4
2023-09-09,12.468841925609041,15.18840503692627,23.951441347008288,8.375509083069623,14.996049348153305,2022,4
2023-09-10,11.979702114763485,13.45931625366211,20.23786295878266,12.72779430469391,14.60116890797554,2022,4
2023-09-11,10.427387258461415,12.050682067871094,14.912458100114078,13.47819534631175,12.717180693189585,2022,4
2023-09-12,9.829903282352833,11.815949440002441,10.045327792064862,12.229930279366735,10.980277698446717,2022,4
2023-09-13,11.930153769336256,11.816244125366211,15.812389826260732,15.64257506228741,13.800340695812654,2022,4
2023-09-14,11.988541993126809,11.297582626342773,16.210632353636203,17.250168269932857,14.186731310759662,2022,4
2023-09-15,11.296279798120242,11.955135345458984,13.591594818399132,10.015229309547474,11.714559817881458,2022,4
2023-09-16,11.725460149918327,11.843462944030762,16.92610961612016,19.946263047417798,15.110323939371764,2022,4
2023-09-17,11.170601404883302,12.182357788085938,12.192764137787137,21.026350934838902,14.143018566398819,2022,4
2023-09-18,11.502423778610154,10.785136222839355,5.076125045368114,15.827792975669917,10.797869505621884,2022,4
2023-09-19,13.921272868960875,12.36323356628418,7.014360807412347,17.616731374576347,12.728899654308437,2022,4
2023-09-20,12.090882825395104,11.054584503173828,5.687400987331291,18.225189530053505,11.764514461488432,2022,4
2023-09-21,11.010233552876631,11.154194831848145,6.691513589234169,17.253874637709437,11.527454152917095,2022,4
2023-09-22,10.165642254218401,10.771968841552734,4.50029124582641,13.626934016454308,9.766209089512964,2022,4
2023-09-23,10.099766810391388,11.050387382507324,5.971701185698645,13.725594271922693,10.211862412630012,2022,4
2023-09-24,12.712477383515298,11.838570594787598,10.197823818082352,17.50483465893919,13.063426613831108,2022,4
2023-09-25,10.761881640595464,10.843049049377441,7.137560862617548,12.753961073997244,10.374113156646924,2022,4
2023-09-26,10.29243492638045,11.114837646484375,5.805781184368945,14.164388351824277,10.344360527264513,2022,4
2023-09-27,12.507626871835287,12.201147079467773,12.049992585062476,16.100342770779704,13.21477732678631,2022,4
2023-09-28,10.502095940309058,11.121467590332031,8.336836013294509,17.184066941879358,11.78611662145374,2022,4
2023-09-29,10.174365223958645,11.177757263183594,4.607496543182505,11.331561616625654,9.3227951617376,2022,4
2023-09-30,10.359482617955384,11.432586669921875,6.40063602261825,14.937712598479552,10.782604477243765,2022,4
2023-10-01,10.176453118618197,10.933311462402344,11.630634606269817,17.97501408336168,12.678853317663009,2022,4
2023-10-02,9.893107140296207,11.114837646484375,9.307891835572986,18.59174878964071,12.22689635299857,2022,4
2023-10-03,9.758898054467323,10.70165729522705,-2.81750417293365,12.599857524543824,7.560727175326138,2022,4
2023-10-04,17.38278041300643,22.10944366455078,13.103400432898846,60.066325802691026,28.165487578286772,2022,4
2023-10-05,23.44978677815211,26.865947723388672,20.141141055245992,62.491160144922105,33.23700892542722,2022,4
2023-10-06,24.93529323941777,28.871952056884766,18.178717976185304,60.73392422638985,33.17997187471943,2022,4
2023-10-07,27.915626119172423,35.08047103881836,32.162471082195104,61.404590428733876,39.14078966722994,2022,4
2023-10-08,33.84102950855981,42.13740539550781,53.79025652139852,60.01354140007002,47.44555820638404,2022,4
2023-10-09,36.44079955452066,42.97426223754883,64.16797300534662,60.36071339247529,50.985937047472845,2022,4
2023-10-10,34.90462337640603,39.97556686401367,51.06060570709802,61.14800330880265,46.77219981408009,2022,4
2023-10-11,34.325596533065436,37.68278884887695,46.439624465796484,62.51961751845576,45.241906841548655,2022,4
2023-10-12,34.416443391817445,37.436092376708984,37.291979340281415,62.34633279772108,42.87271197663223,2022,4
2023-10-13,31.39998009882404,32.745723724365234,25.105355007855696,59.60370432625269,37.21369078932442,2022,4
2023-10-14,28.87835896590508,33.08626174926758,22.957779137848615,53.962385773777115,34.7211964066996,2022,4
2023-10-15,31.25821377250395,36.948997497558594,39.16701285250256,54.17926798710064,40.388373027416435,2022,4
2023-10-16,31.48145296140294,36.18291473388672,45.156422505132475,63.812461623065715,44.15831295587196,2022,4
2023-10-17,32.09210090263783,37.553062438964844,63.06351375678747,73.99922911312242,51.676976552878145,2022,4
2023-10-18,33.16571660633153,37.047672271728516,58.292885460187684,73.68529944717054,50.547893446354564,2022,4
2023-10-19,31.13492860826551,35.11461639404297,40.19459477659782,52.92474724481649,39.842221755930694,2022,4
2023-10-20,28.456831683848012,32.323787689208984,30.442328464349558,51.54946522305008,35.69310326511416,2022,4
2023-10-21,26.70014021738604,32.3129997253418,30.290647855510926,54.61138894234318,35.97879418514549,2022,4
2023-10-22,27.069767262653343,33.48406219482422,36.93110075954562,54.053417879447565,37.88458702411769,2022,4
2023-10-23,27.605021303384905,34.28528594970703,37.69840616062006,54.31913777353363,38.47696279681141,2022,4
2023-10-24,27.78291783407043,35.12530517578125,38.94887305579366,57.12031692766958,39.744353248328736,2022,4
2023-10-25,28.11641611521345,36.652000427246094,42.10475081475006,57.9054074416401,41.19464369971243,2022,4
2023-10-26,26.773618690228112,32.42092514038086,29.62376405762091,54.29142575344625,35.777433410419036,2022,4
2023-10-27,21.25176428810874,24.26419448852539,20.121849531117196,15.573050644794156,20.30271473813637,2022,4
2023-10-28,19.358471676092513,20.541296005249023,16.692829000965368,16.72910912113155,18.330426450859612,2022,4
2023-10-29,19.775776720903444,19.502609252929688,13.816504754957473,18.959280370398105,18.013542774797177,2022,4
2023-10-30,18.635082167060165,19.220434188842773,11.292570055909124,17.303533218619712,16.61290490760794,2022,4
2023-10-31,18.25617015418521,18.83467674255371,8.641458087753941,16.288387137793528,15.505173030571598,2022,4
2023-11-01,19.939263413956127,18.495580673217773,5.93392274511215,16.364682639579534,15.183362367966396,2022,4
2023-11-02,27.529250453135315,23.8304443359375,14.408975088125159,24.794240778658462,22.64072766396411,2022,4
2023-11-03,19.7477497879719,18.470867156982422,7.308981126850887,11.680600176331756,14.302049562034242,2022,4
2023-11-04,17.482415758572472,17.86470603942871,7.762693796082925,14.41794755631477,14.38194078759972,2022,4
2023-11-05,18.59461968397936,17.59035873413086,5.220731835374691,10.957521101901799,13.090807838846677,2022,4
2023-11-06,16.700716296440074,17.235376358032227,2.6504425174909265,11.706905492659336,12.073360166155643,2022,4
2023-11-07,16.741796684721482,17.03072166442871,2.346239623962961,10.560873014097334,11.66990774680262,2022,4
2023-11-08,15.279605107500162,16.84423828125,3.638035103785846,12.346285327458277,12.02704095499857,2022,4
2023-11-09,16.656195216632895,18.696887969970703,4.172924176209096,10.681879123397957,12.551971621552662,2022,4
2023-11-10,14.918307596071077,17.465099334716797,4.483769310992658,7.0347817369765355,10.975489494689265,2022,4
2023-11-11,12.211290784003515,17.25113296508789,5.214227924982733,19.702014865708968,13.594666634945776,2022,4
2023-11-12,10.886269152543624,16.883007049560547,5.2295869017213175,6.288279747997725,9.821785712955805,2022,4
2023-11-13,18.93132568950634,24.242326736450195,13.790408334050047,-14.52210453029985,10.610489057426683,2022,4
2023-11-14,20.165452034031627,23.214651107788086,11.443307063884946,7.224700471207514,15.512027669228043,2022,4
2023-11-15,14.214494869912444,18.282894134521484,8.438825539614326,8.114074575553976,12.262572279900558,2022,4
2023-11-16,18.016726726762787,21.46723747253418,12.891546368594431,16.560283713823644,17.23394857042876,2022,4
2023-11-17,15.290275436236321,17.73016357421875,8.380130567398838,7.017024884371098,12.104398615556251,2022,4
2023-11-18,14.133642853209828,17.63678741455078,6.212462456176224,-9.167431514051506,7.203865302471332,2022,4
2023-11-19,20.097948472641573,23.23451042175293,10.774278530259602,-17.86171442926819,9.061255748846479,2022,4
2023-11-20,17.989361976441447,19.304262161254883,9.863542738955895,-9.231548254271003,9.481404655595304,2022,4
2023-11-21,14.949573805144839,17.503868103027344,6.570270816581327,9.744604302899186,12.192079256913173,2022,4
2023-11-22,13.14687211349075,17.353965759277344,4.4088503086685975,13.216268828495098,12.031489252482947,2022,4
2023-11-23,12.320073901170371,17.158634185791016,4.694859914421537,6.822081309762515,10.24891232778636,2022,4
2023-11-24,10.928612503583404,16.656265258789062,6.567520308914061,6.347987567615613,10.125096409725534,2022,4
2023-11-25,12.012484522311597,17.672840118408203,8.02344426329992,9.880323354107071,11.897273064531698,2022,4
2023-11-26,11.151765607416372,16.846559524536133,7.350706628475039,10.533133799344691,11.470541389943058,2022,4
2023-11-27,12.832211775272715,18.770700454711914,11.035518951855725,6.994630965456553,12.408265536824226,2022,4
2023-11-28,11.387051760245628,17.54069709777832,7.512488960365035,8.03049281916176,11.117682659387684,2022,4
2023-11-29,11.380156735003787,17.656646728515625,8.250018423681711,2.979767185189081,10.066647268097551,2022,4
2023-11-30,11.644293476225315,18.633968353271484,8.742177165875093,14.213004795127175,13.308360947624767,2022,4
2023-12-01,11.798959514103696,18.469995498657227,8.692299760132506,0.4022314700938203,9.840871560746812,2022,4
2023-12-02,11.609046571319304,18.469995498657227,8.121308758335104,2.3003049923597647,10.12516395516785,2022,4
2023-12-03,11.11253013538504,17.81433868408203,6.886234370541669,5.407814894812612,10.305229521205337,2022,4
2023-12-04,12.585264349871208,19.122241973876953,9.478054741165172,16.78987283761972,14.493858475633264,2022,4
2023-12-05,11.206832806170151,18.419801712036133,8.962701955414692,6.066127040043083,11.163865878416015,2022,4
2023-12-06,12.183448159733645,19.402149200439453,6.7985307442018525,5.66036316850896,11.011122818220977,2022,4
2023-12-07,14.943292869546433,21.189016342163086,10.676578134541957,22.8447548092372,17.41341053887217,2022,4
2023-12-08,12.68818860017983,17.930116653442383,8.283349834992077,16.167873180783857,13.767382067349537,2022,4
2023-12-09,24.97705735354192,29.977741241455078,20.48912979297042,12.37873361016871,21.95566549953403,2022,4
2023-12-10,26.470994397591596,32.4802360534668,25.21806618195317,11.867847141258226,24.009285943567445,2022,4
2023-12-11,16.06047894094029,22.457504272460938,16.748178864621288,10.287185685091904,16.388336940778604,2022,4
2023-12-12,16.989386979737475,20.17400360107422,18.13401043495,11.131116831383183,16.60712946178622,2022,4
2023-12-13,14.250304795834008,17.617938995361328,15.337366419975611,5.363760132761977,13.142342585983231,2022,4
2023-12-14,12.064395992441293,17.262195587158203,12.158400171207651,7.355392129596703,12.210095970100962,2022,4
2023-12-15,10.938318157796274,17.005342483520508,11.27452712979357,11.309680079844874,12.631966962738806,2022,4
2023-12-16,10.574259386126357,16.70671272277832,11.07875170570107,10.338153126122695,12.174469235182109,2022,4
2022-12-17,4.641178129241632,7.608216762542725,6.029370685716993,1.5879958459223573,4.966690355855926,2022,9
2022-12-18,7.471985646013725,10.252026557922363,6.420161421926931,-3.835253299013921,5.077230081712274,2022,9
2022-12-19,10.078596275007564,14.053908348083496,12.515236922548976,-9.885282442538013,6.690614775775504,2022,9
2022-12-20,8.064343083657638,10.854208946228027,7.388317486483622,0.3586741834625826,6.666385924957968,2022,9
2022-12-21,8.197428832712676,11.268095970153809,5.670603209922866,0.340765627312539,6.369223410025472,2022,9
2022-12-22,8.98554289316164,11.101802825927734,6.347580059866451,-0.5628567907303328,6.468017247056373,2022,9
2022-12-23,9.245022051565929,10.774188041687012,5.392674816845146,-3.608277830378814,5.450901769929819,2022,9
2022-12-24,9.244400539338278,11.072056770324707,6.347580059866451,-1.5159217858795628,6.287028895912469,2022,9
2022-12-25,9.574593436594565,11.072056770324707,6.347580059866451,-1.1228264658738532,6.467850950227968,2022,9
2022-12-26,9.606359214207988,11.048494338989258,6.453501125287671,-0.9926790946365287,6.5289188959620965,2022,9
2022-12-27,10.387148366327015,11.387147903442383,5.39891056385789,-4.655959816125751,5.629311754375384,2022,9
2022-12-28,13.861039981320463,14.728343963623047,12.187904502870843,-8.108133144699497,8.167288825778716,2022,9
2022-12-29,11.893046961167766,12.112753868103027,8.10107111128967,-5.5118833563897525,6.648747146042679,2022,9
2022-12-30,12.131291086171485,13.941000938415527,8.106266784276762,-6.232942264678332,6.986404136046361,2022,9
2022-12-31,12.258022749650852,14.978981018066406,6.972608286358977,-5.672483109481426,7.134282236148701,2022,9
2023-01-01,11.654074884788107,12.523605346679688,6.138201845252835,-4.81666115140046,6.374805231330043,2022,9
2023-01-02,10.83704975074256,12.068541526794434,7.432442944959289,2.5598658159477807,8.224475009611016,2022,9
2023-01-03,12.502424734035511,14.790167808532715,8.291219084916683,-6.177242941687048,7.351642171449464,2022,9
2023-01-04,15.73609066774863,16.029247283935547,13.36148883034152,-9.11678603702767,9.002510186249506,2022,9
2023-01-05,12.225241555102997,14.857748031616211,8.6692566741784,-4.11756324608,7.908670753704402,2022,9
2023-01-06,10.995223191693578,13.195438385009766,7.193898437078824,-4.13693779188058,6.811905555475396,2022,9
2023-01-07,14.745406864218682,16.389196395874023,12.377964367503196,-7.844151084763915,8.917104135707996,2022,9
2023-01-08,12.099313599252929,15.453751564025879,8.10107111128967,-5.659304377810326,7.498707974189538,2022,9
2023-01-09,11.049151026937034,13.977548599243164,6.6257128741900955,-5.094114974101931,6.6395743815670905,2022,9
2023-01-10,13.984631070154418,16.137264251708984,7.9727020318704405,-7.283049537028912,7.7028869541762335,2022,9
2023-01-11,15.52088829940528,19.861982345581055,12.757494237300474,-8.910153787755647,9.80755277363279,2022,9
2023-01-12,16.716007427838356,23.007104873657227,17.370266808211095,-10.623266549140876,11.617528140141449,2022,9
2023-01-13,14.520001227327342,18.744457244873047,12.122679802447866,-5.484978114020073,9.975540040157044,2022,9
2023-01-14,16.052791241526062,21.791593551635742,17.935999004142722,-8.154212593429499,11.906542800968758,2022,9
2023-01-15,14.036565721231606,17.96474838256836,14.490186015872263,-3.2525509803376913,10.809737284833634,2022,9
2023-01-16,11.905010179504496,17.546749114990234,12.000272285529528,-2.237582198840027,9.803612345296056,2022,9
2023-01-17,11.937248930838132,17.704999923706055,12.385757502532279,2.9728256053595956,11.250207990609015,2022,9
2023-01-18,10.927026399795604,17.546749114990234,10.537836703328688,-2.451041611049412,9.14014265176628,2022,9
2023-01-19,10.55868366424308,17.500993728637695,11.387392800158699,3.0145066423700833,10.61539420885239,2022,9
2023-01-20,10.481785189858059,17.500993728637695,10.917386473129756,3.8702224895987953,10.692596970306075,2022,9
2023-01-21,10.352120393487118,17.500993728637695,11.178017430574172,2.752594512931193,10.445931516407544,2022,9
2023-01-22,10.133738039790313,17.500993728637695,10.924824650918657,1.5268765919536627,10.021608252825082,2022,9
2023-01-23,10.148542502479527,17.500993728637695,10.917386473129756,4.044419143061795,10.652835461827193,2022,9
2023-01-24,10.335667156309292,17.682958602905273,12.100007446085817,4.04118848128509,11.039955421646368,2022,9
2023-01-25,10.008285705103084,17.546749114990234,9.75747971183102,0.6619900362655251,9.493626142047464,2022,9
2023-01-26,9.91379912511947,17.500993728637695,10.42042377942816,3.0345928369714272,10.217452367539188,2022,9
2023-01-27,10.035754284269576,17.500993728637695,11.16610264943885,3.1931790305729812,10.474007423229775,2022,9
2023-01-28,10.120243441831475,17.500993728637695,10.917386473129756,3.53714244581386,10.518941522353195,2022,9
2023-01-29,9.981611065774581,17.450546264648438,9.945882831247042,-2.240845605161468,8.784298639127147,2022,9
2023-01-30,9.980452041236074,17.450546264648438,8.9789138105165,-1.7419979085160868,8.66697855197123,2022,9
2023-01-31,10.498541292314359,17.59073257446289,8.039856228813983,-5.365285439771995,7.6909611639548086,2022,9
2023-02-01,10.634693410437418,17.59073257446289,7.365749600504044,-5.909678701884168,7.420374220880046,2022,9
2023-02-02,10.840154525678194,17.646713256835938,6.972608286358977,-6.557325986230957,7.225537520660538,2022,9
2023-02-03,10.51874436582668,17.546749114990234,6.347580059866451,-3.8551596922001856,7.6394784621207945,2022,9
2023-02-04,10.268923953764066,17.450546264648438,6.347580059866451,0.37746227519483,8.611128138368446,2022,9
2023-02-05,10.258956067218726,17.500993728637695,7.67372094347948,2.3402183614805594,9.443472275204115,2022,9
2023-02-06,10.217911061280837,17.500993728637695,8.48458047615522,1.4484511597836196,9.412984106464343,2022,9
2023-02-07,10.35034334839118,17.500993728637695,8.508127384585604,2.5071278584606986,9.716648080018794,2022,9
2023-02-08,10.288611101582777,17.500993728637695,8.520042165720927,1.7157679285598917,9.506353731125323,2022,9
2023-02-09,10.072778155640922,17.450546264648438,7.287907566393812,0.20885880579834648,8.755022698120378,2022,9
2023-02-10,9.97221501391974,17.450546264648438,6.453501125287671,0.15336588778316695,8.507407072909754,2022,9
2023-02-11,10.207906651594254,17.500993728637695,7.67372094347948,2.4313324286615874,9.453488438093252,2022,9
2023-02-12,10.094571319309916,17.450546264648438,7.287907566393812,-0.6486780813417212,8.54608676725261,2022,9
2023-02-13,10.121907140712164,17.450546264648438,6.183279986520056,-3.01386655001928,7.685466710465343,2022,9
2023-02-14,10.064343798896058,17.450546264648438,6.183279986520056,-1.0212380804417336,8.169232992405703,2022,9
2023-02-15,9.911554505405249,17.450546264648438,6.0935685897441605,0.19212295760427267,8.41194807935053,2022,9
2023-02-16,10.791238099343904,17.59073257446289,6.882086515443093,-5.181521693548717,7.520633873925293,2022,9
2023-02-17,11.18434712914763,17.59073257446289,7.094887562328304,-4.878321349314206,7.747911479156155,2022,9
2023-02-18,14.153343021406094,21.352075576782227,9.17070542854299,-7.639496288198767,9.259156934633136,2022,9
2023-02-19,11.343250163620688,17.949214935302734,6.3435797993162515,-2.9287066237318413,8.176834568626958,2022,9
2023-02-20,10.679253391810711,17.546749114990234,5.8934613333841614,-1.275234067561346,8.21105744315594,2022,9
2023-02-21,10.630975247714776,17.5728816986084,7.403499804711864,3.6627484681870435,9.817526304805522,2022,9
2023-02-22,10.381935122690425,17.450546264648438,7.0176864276262,-2.5530409385477952,8.074281719104317,2022,9
2023-02-23,10.13645193647054,17.450546264648438,6.297346822926494,0.7989143059708219,8.670814832504075,2022,9
2023-02-24,10.074378541529079,17.500993728637695,7.49401973268792,2.0402657205368797,9.277414430847893,2022,9
2023-02-25,10.043612814563335,17.500993728637695,7.693233000671723,1.3621785919460336,9.150004533954696,2022,9
2023-02-26,10.009479413029615,17.500993728637695,8.351973082224426,1.78818441105971,9.412657658737862,2022,9
2023-02-27,9.934248066646816,17.500993728637695,8.363887863359748,1.0376523999500264,9.209195514648572,2022,9
2023-02-28,9.936198753072409,17.500993728637695,8.363887863359748,1.8680244477444177,9.417276198203568,2022,9
2023-03-01,10.294597162539713,18.22770881652832,10.260017752763472,-8.791685587181146,7.4976595361625895,2022,9
2023-03-02,10.885810552984479,18.387680053710938,10.679142587476395,-14.114404277692783,6.459557229119756,2022,9
2023-03-03,11.890115753679325,18.633686065673828,11.342040863034422,-14.894873249997092,6.742742358097621,2022,9
2023-03-04,11.723044836553925,18.633686065673828,10.826230733290473,-13.494324631343893,6.922159251043583,2022,9
2023-03-05,11.34848406220908,17.854402542114258,9.475306954268186,-16.78837233828488,5.472455305076661,2022,9
2023-03-06,11.00191225409821,17.6944637298584,7.174289249925963,-4.964400276623515,7.726566239314764,2022,9
2023-03-07,11.132470663190347,17.737930297851562,7.921725889892869,-9.579086928014103,6.803259980730169,2022,9
2023-03-08,13.400001062348974,19.579967498779297,11.59683056542476,16.763146192970353,15.334986329880847,2022,9
2023-03-09,14.709194688162198,18.768177032470703,9.517795023040156,18.09546617184472,15.272658228879445,2022,9
2023-03-10,12.878617960564684,18.085765838623047,8.365676558207733,-0.8136738863413875,9.629096617763519,2022,9
2023-03-11,12.871582694210241,18.49018669128418,8.920990729983526,3.8838202590574156,11.04164509363384,2022,9
2023-03-12,19.430961970236098,24.00348472595215,15.488573169323706,17.971007287236304,19.223506788187066,2022,9
2023-03-13,40.15969205840971,39.25352478027344,29.722357648899102,36.46272674436117,36.399575307985856,2022,9
2023-03-14,20.90647643592247,24.575937271118164,17.97151691896274,-1.9976974917982595,15.36405828355128,2022,9
2023-03-15,17.26957193583077,19.62288475036621,17.50317041837725,2.4601893005474906,14.21395410128043,2022,9
2023-03-16,18.69118053021546,18.315505981445312,15.64672828449846,4.486294942158022,14.284927434579313,2022,9
2023-03-17,17.93472068997375,18.010669708251953,13.454465983883702,-3.3181907585910935,11.520416405879578,2022,9
2023-03-18,16.93106484981529,17.546749114990234,11.466746444788232,-13.681341893623923,8.065804628992456,2022,9
2023-03-19,16.479805455421502,17.450546264648438,11.21270118682266,-13.320074186570816,7.9557446800804446,2022,9
2023-03-20,16.73346782250625,17.598257064819336,10.101884843195226,-1.332314003012339,10.775323931877118,2022,9
2023-03-21,17.67585375722359,18.557323455810547,8.984922412813102,13.92168738603533,14.784946752970644,2022,9
2023-03-22,32.044040531903065,31.11821746826172,24.236996426940475,32.4649132515133,29.966041919654643,2022,9
2023-03-23,26.384211790692458,27.904541015625,19.789237601034227,12.734248471175604,21.703059719631824,2022,9
2023-03-24,25.628648170336444,27.87555503845215,20.595160219479943,11.525079773627397,21.406110800473982,2022,9
2023-03-25,22.104916038127723,22.12590217590332,16.36951629649461,6.196117782827798,16.699113073338363,2022,9
2023-03-26,20.567135112620953,18.23067855834961,16.115043745021758,-12.971437507216372,10.485354977193987,2022,9
2023-03-27,24.251663071698967,24.323497772216797,22.70311753728315,1.3490376620155828,18.156829010803627,2022,9
2023-03-28,24.682833688007214,26.022993087768555,22.893165806364973,16.768738316475655,22.5919327246541,2022,9
2023-03-29,27.713268645942318,27.202564239501953,30.359370095336953,34.27848328559985,29.88842156659527,2022,9
2023-03-30,29.29673327793635,26.47847557067871,28.822119889603403,30.450166511539628,28.761873812439525,2022,9
2023-03-31,51.476276327309414,73.66548919677734,58.00259071865397,53.75984502984215,59.226050318145724,2022,9
2023-04-01,34.74680913122012,42.02983093261719,38.49768723510342,13.10724522365377,32.095393130648624,2022,9
2023-04-02,31.79772700904161,37.47572326660156,36.12746455448495,2.651150273414917,27.01301627588576,2022,9
2023-04-03,27.24889106923497,27.7829532623291,24.88233745472179,-1.842469386996985,19.51792809982222,2022,9
2023-04-04,24.69464099564281,24.314712524414062,21.395974684604493,-6.956395288034432,15.862233229156736,2022,9
2023-04-05,21.97839279095291,20.81100845336914,18.990174413244752,-6.412863252714153,13.841678101213162,2022,9
2023-04-06,21.65582916996978,19.581621170043945,16.71612186925257,-1.9935057463196202,13.99001661573667,2022,9
2023-04-07,21.46592268664089,19.923858642578125,18.614749443018965,-7.647606799704697,13.089230993133322,2022,9
2023-04-08,21.707550300015612,20.172435760498047,17.352383564498556,4.562012894420956,15.948595629858293,2022,9
2023-04-09,21.031498121952602,18.740596771240234,17.836094736744517,6.266799442147423,15.968747268021195,2022,9
2023-04-10,22.682729387040833,18.88604736328125,14.457388445491903,12.96188314590443,17.247012085429603,2022,9
2023-04-11,26.79313912474044,23.221508026123047,16.83270260088008,20.528618127935168,21.843991969919685,2022,9
2023-04-12,34.79698991876807,29.638500213623047,31.670591699317498,24.29995236612607,30.10150854945867,2022,9
2023-04-13,23.56571074762658,22.17046546936035,17.767482426765085,-0.055410198299291835,15.862062111363182,2022,9
2023-04-14,22.204499667542958,18.74417495727539,17.789350431126017,6.688137454048672,16.356540627498262,2022,9
2023-04-15,20.92597967545676,17.92629051208496,16.52902892554575,-12.196520914158434,10.796194549732258,2022,9
2023-04-16,20.672186376744943,17.82821273803711,14.941919452707786,-11.161426023686943,10.570223135950725,2022,9
2023-04-17,21.705951232948006,18.376480102539062,13.30539359207336,-11.759286242606155,10.40713467123857,2022,9
2023-04-18,22.629050657587484,18.941621780395508,11.701237642446381,7.762314591759036,15.258556168047102,2022,9
2023-04-19,23.15081288032398,18.838565826416016,11.651623311911647,5.971609748496448,14.903152941787024,2022,9
2023-04-20,27.93167228811908,27.320497512817383,27.89461331112718,26.52511315168441,27.417974065937013,2022,9
2023-04-21,28.769104018907328,30.95591163635254,29.938849473794328,8.049267312567885,24.428283110405516,2022,9
2023-04-22,28.099869743537774,30.844650268554688,29.152400520583978,7.816680958004476,23.97840037267023,2022,9
2023-04-23,26.301129818430464,28.72408103942871,26.816587012678944,3.097375349759602,21.234793305074433,2022,9
2023-04-24,25.777540082671525,28.636537551879883,26.361813235188535,6.631773326155759,21.851916048973926,2022,9
2023-04-25,27.588093955203046,30.530916213989258,27.173949729445987,11.713569505523601,24.25163235104047,2022,9
2023-04-26,28.999415667869552,33.340999603271484,29.299298339726942,17.065267581751314,27.176245298154825,2022,9
2023-04-27,29.030895278285964,32.98830032348633,32.393115134996705,18.69812929743002,28.277610008549757,2022,9
2023-04-28,27.22671858062049,31.00965118408203,28.794857220871236,8.472399077645171,23.87590651580473,2022,9
2023-04-29,29.124802321969064,33.254478454589844,32.928569956403486,5.541451114596015,25.212325461889602,2022,9
2023-04-30,29.132510682138076,31.64946746826172,30.587211874613068,6.792254638355452,24.54036116584208,2022,9
2023-05-01,28.56655803131295,30.93888282775879,30.53195204060641,5.870673738269467,23.977016659486907,2022,9
2023-05-02,30.571520676370366,32.873260498046875,32.52105931614577,6.7627066874226,25.6821367944964,2022,9
2023-05-03,32.05576018481277,34.4287109375,36.23695865223129,32.70020971826977,33.855409873203456,2022,9
2023-05-04,26.700000108732603,25.49783706665039,23.932062000657435,7.2619415860869765,20.84796019053185,2022,9
2023-05-05,21.708052716397464,20.52670669555664,18.07194786496312,-6.475137261825044,13.457892503773046,2022,9
2023-05-06,19.836473381176596,19.424257278442383,18.207908742159937,-8.761167349291476,12.17686801312186,2022,9
2023-05-07,18.69785395313252,19.085220336914062,18.597749264931572,-12.067188356891428,11.078408799521682,2022,9
2023-05-08,18.657480794147695,18.08941650390625,16.49572795615754,-6.842986107315397,11.599909786724023,2022,9
2023-05-09,17.512607356411376,17.671192169189453,13.817824771038753,-7.105441650390688,10.474045661562224,2022,9
2023-05-10,17.372842981253388,17.6944637298584,9.905454257504086,-7.5412577116833575,9.357875814233129,2022,9
2023-05-11,17.13807552258458,17.546749114990234,8.032582666206226,-15.242329232675335,6.868769517776426,2022,9
2023-05-12,18.222732205039048,17.793798446655273,9.30368806634472,-14.185353653040366,7.7837162662496695,2022,9
2023-05-13,19.518710361002018,18.33847999572754,9.466589634480165,-14.55428889611386,8.192372773773966,2022,9
2023-05-14,17.776072822047038,17.854402542114258,8.481181210740198,-13.736853656330423,7.593700729642768,2022,9
2023-05-15,17.484234352266995,17.621992111206055,8.911520815883414,-12.588491132635681,7.8573140366801955,2022,9
2023-05-16,17.539219691865352,17.621992111206055,6.485494625045516,-16.12173681465005,6.38124240336672,2022,9
2023-05-17,17.798339317338133,17.672439575195312,6.619922913850971,-9.937986769579588,8.038178759201207,2022,9
2023-05-18,24.070968756521374,27.276138305664062,25.160948367342833,12.585153607638297,22.27330225929164,2022,9
2023-05-19,25.308734254840715,29.593202590942383,30.409919265387057,6.3068019105313695,22.90466450542538,2022,9
2023-05-20,28.52528874832485,32.44700622558594,30.659546486861363,10.355099200856337,25.496735165407124,2022,9
2023-05-21,30.734691494943828,33.41575622558594,30.987352052543073,10.04881504100748,26.29665370352008,2022,9
2023-05-22,30.097160653350066,30.760204315185547,31.20851808442878,11.536727910045457,25.900652740752463,2022,9
2023-05-23,29.479858575052983,33.00325393676758,30.230414475913392,7.893044526860791,25.151642878648687,2022,9
2023-05-24,31.14311845014329,34.15535354614258,29.298253284141392,11.697986509753868,26.573677947545285,2022,9
2023-05-25,33.94310378815201,36.186397552490234,34.21243066490304,13.165978855484319,29.376977715257397,2022,9
2023-05-26,36.65076950164528,36.615718841552734,35.555402790911074,19.152244402906717,31.99353388425395,2022,9
2023-05-27,36.0635168039475,35.332706451416016,33.99048051650984,17.545354369567356,30.733014535360176,2022,9
2023-05-28,36.037407445379365,34.493160247802734,32.59189377474496,20.6374916214341,30.939988272340287,2022,9
2023-05-29,35.59955284003692,34.100738525390625,35.12734220132348,19.596266911132396,31.105975119470855,2022,9
2023-05-30,38.259770713139325,36.758663177490234,37.670026147124105,23.379777157175553,34.017059298732306,2022,9
2023-05-31,33.31125492144959,26.035932540893555,31.40462513727693,8.040137043963732,24.697987410895955,2022,9
2023-06-01,30.900854851666928,21.81961441040039,22.759942010289564,-1.1409221140090366,18.58487228958696,2022,9
2023-06-02,28.840543637182613,20.93473243713379,20.72277100384599,3.382017147718102,18.470016056470122,2022,9
2023-06-03,27.18919237160596,20.291337966918945,19.20416738894772,-1.0733882832456203,16.40282736105675,2022,9
2023-06-04,24.701984529956924,20.166507720947266,15.935139972598108,-1.4218306802156633,14.845450385821659,2022,9
2023-06-05,23.04339828560951,19.07686996459961,13.604450929127093,-2.058423885372939,13.41657382349082,2022,9
2023-06-06,22.258293894491572,18.98569679260254,12.835836972277662,-1.8941284819364412,13.046424794358833,2022,9
2023-06-07,21.43592535196215,18.98569679260254,14.005281967386455,2.348421607490259,14.193831429860351,2022,9
2023-06-08,21.30466198823779,19.016864776611328,14.813243401018136,7.816701313901881,15.737867869942283,2022,9
2023-06-09,21.803596533659775,19.182815551757812,15.720236782529968,6.5131269332871895,15.804943950308685,2022,9
2023-06-10,21.005856913500455,18.581117630004883,12.992986573918348,-7.581154758119286,11.249701589826099,2022,9
2023-06-11,18.969541423784346,18.376808166503906,16.446911375815162,-4.898739166404933,12.22363044992462,2022,9
2023-06-12,18.627905820942903,17.854402542114258,13.06256521600501,-8.68299051694708,10.215470765528773,2022,9
2023-06-13,19.375150630794828,18.504451751708984,13.301135120940094,-7.800480554944343,10.845064237124891,2022,9
2023-06-14,20.34311522143041,19.318132400512695,13.20640839619586,1.400990793495616,13.567161702908646,2022,9
2023-06-15,19.24912049890799,18.427555084228516,12.220780128678959,-3.6893147111289117,11.552035250171638,2022,9
2023-06-16,20.13285215245147,18.921279907226562,13.83910807064294,-2.4592439084076254,12.608499055478337,2022,9
2023-06-17,20.271476679470336,19.089773178100586,14.962405291336092,-5.301973694807131,12.255420363524971,2022,9
2023-06-18,18.65830708893301,17.854402542114258,11.703732184309006,-11.387677435486928,9.207191094967337,2022,9
2023-06-19,18.864587180990746,17.923398971557617,11.439653615575544,-5.290795607497298,10.734211040156652,2022,9
2023-06-20,18.786142961170924,17.597196578979492,10.977809721875165,-7.753867722206358,9.901820384954805,2022,9
2023-06-21,18.793929427546782,17.597196578979492,9.581553516241392,-10.475110585839065,8.87439223423215,2022,9
2023-06-22,18.75646716196773,17.739139556884766,10.228292096141312,-6.3948563390766076,10.082260618979301,2022,9
2023-06-23,18.80588641931687,17.923398971557617,11.596277065830837,-5.3100911519682334,10.753867826184273,2022,9
2023-06-24,20.5042794238453,18.664073944091797,18.630531761412247,2.6108962426139577,15.102445342990826,2022,9
2023-06-25,19.6525736722182,18.31222915649414,15.466844163522207,6.679847567596681,15.027873639957807,2022,9
2023-06-26,19.388832395689285,18.290363311767578,30.99823335534434,2.8520763537654616,17.882376354141662,2022,9
2023-06-27,19.686879644441188,18.325082778930664,26.292391061426606,0.15822297293675192,16.115644114433806,2022,9
2023-06-28,19.749443562003314,18.391782760620117,24.32120113840495,-4.031130967138498,14.607824123472472,2022,9
2023-06-29,19.69519688046806,18.400325775146484,21.08231151295007,0.1243769531908292,14.825552780438862,2022,9
2023-06-30,20.227887145483805,18.5130558013916,23.371656474722823,7.826843269437397,17.484860672758906,2022,9
2023-07-01,20.8809367205431,20.066686630249023,40.04791551271873,10.640042132422636,22.908895248983374,2022,9
2023-07-02,19.826949233352167,19.24408531188965,42.858625001391175,4.540501527245176,21.61754026846954,2022,9
2023-07-03,20.67003346464477,19.335657119750977,45.825722420470385,15.593893891167511,25.35632672400841,2022,9
2023-07-04,19.603561182105466,18.447418212890625,32.65770873939307,-5.939487344014971,16.192300197593546,2022,9
2023-07-05,19.337339534400304,18.3854923248291,35.96407715699173,2.053292556450092,18.935050393167806,2022,9
2023-07-06,20.197879234227436,18.5130558013916,23.54628610045552,6.829714731382069,17.271733966864158,2022,9
2023-07-07,69.67371497190109,82.93082427978516,88.50200101052243,91.42461836121734,83.1327896558565,2022,9
2023-07-08,82.0108152275722,94.45244598388672,111.18454306383533,86.69364620545517,93.58536262018737,2022,9
2023-07-09,84.11293448219253,92.47513580322266,99.11029984265853,81.11779784734023,89.2040419938535,2022,9
2023-07-10,85.54120214990691,90.51295471191406,94.86970273803537,95.16619899439183,91.52251464856204,2022,9
2023-07-11,81.08826414281951,84.3968276977539,94.67270058859278,89.19065055826184,87.33711074685701,2022,9
2023-07-12,76.53633900340996,83.7486343383789,95.544263116927,88.116862962802,85.98652485537947,2022,9
2023-07-13,80.49797119826516,83.2691421508789,101.84532441487448,81.89458931749022,86.87675677037718,2022,9
2023-07-14,87.26676005681001,85.05796813964844,100.08140900020354,94.97685610393924,91.84574832515031,2022,9
2023-07-15,88.95444558911045,83.34363555908203,87.61725461960982,90.91164318395028,87.70674473793814,2022,9
2023-07-16,89.43130427098656,78.9476318359375,93.28288070305655,86.8268795014981,87.12217407786969,2022,9
2023-07-17,92.1821612619597,81.65129089355469,100.37564143793713,78.33096399516447,88.13501439715401,2022,9
2023-07-18,94.26583353579866,83.61991882324219,105.24405135856556,77.69178464219695,90.20539708995085,2022,9
2023-07-19,97.58602548962936,86.19112396240234,88.66805035027609,79.62870029247694,88.01847502369618,2022,9
2023-07-20,105.2649378908536,98.70790100097656,108.76187615016283,73.46977991603444,96.55112373950686,2022,9
2023-07-21,105.7134440105232,101.99629211425781,107.71894149235861,74.37761225803811,97.45157246879444,2022,9
2023-07-22,99.68905189277497,94.477783203125,103.79286524150665,104.01248061778179,100.4930452387971,2022,9
2023-07-23,101.30812881966156,90.74201965332031,97.04603747988708,83.40447373662312,93.12516492237302,2022,9
2023-07-24,111.78375547941751,103.33253479003906,124.55140346202695,78.89725556980463,104.64123732532204,2022,9
2023-07-25,105.79543336436993,105.25741577148438,142.81278614351228,75.67706407758544,107.385674839238,2022,9
2023-07-26,105.18536990992588,97.72171783447266,121.54895360393947,80.26705862041027,101.18077499218708,2022,9
2023-07-27,102.39363155543477,99.61055755615234,128.20872261356442,100.33655966240676,107.63736784688956,2022,9
2023-07-28,103.10010037320293,96.73066711425781,123.16331866015703,92.16607125341264,103.79003935025762,2022,9
2023-07-29,96.92628750096567,91.1822280883789,103.36623615273609,102.5391647307273,98.503479118202,2022,9
2023-07-30,98.44124784325194,86.28526306152344,91.40653502779828,105.12350944449193,95.31413884426641,2022,9
2023-07-31,98.82983221911245,89.71764373779297,88.74289064374592,119.52479111054387,99.2037894277988,2022,9
2023-08-01,98.49297234628163,89.85818481445312,89.83461563691587,108.90255570601008,96.77208212591518,2022,9
2023-08-02,97.62101931007443,89.11976623535156,109.74277456596435,130.61919928456507,106.77568984898885,2022,9
2023-08-03,103.23391669454294,93.32109832763672,112.36236247436172,101.7706389205525,102.67200410427347,2022,9
2023-08-04,102.62204916420075,92.8117446899414,104.96331460629443,96.6093392137189,99.25161191853887,2022,9
2023-08-05,101.59218941183875,89.33063507080078,107.71749208921946,129.15679330113232,106.94927746824783,2022,9
2023-08-06,100.3460958941542,89.12993621826172,97.82245335704688,96.26210242824035,95.89014697442579,2022,9
2023-08-07,100.1548943554231,89.7861328125,95.86191061375371,89.93332267928784,93.93406511524117,2022,9
2023-08-08,98.17180266531895,86.7994613647461,99.79251612181717,99.01447541068288,95.94456389064126,2022,9
2023-08-09,103.1392379370319,93.85704803466797,93.65208976110553,67.83822302928223,89.6216496905219,2022,9
2023-08-10,103.88174160601967,94.88421630859375,93.67809049700145,79.95701185707782,93.10026506717317,2022,9
2023-08-11,98.65704730501488,88.90296936035156,91.70904840647624,83.53699299761385,90.70151451736413,2022,9
2023-08-12,98.47825437232798,87.40129852294922,89.64529326271992,86.45627068893299,90.49527921173252,2022,9
2023-08-13,99.45907962938784,89.97932434082031,86.85790666123316,81.60697987739198,89.47582262720832,2022,9
2023-08-14,98.12759270031692,90.31529998779297,87.44694964034326,86.22823450526514,90.52951920842958,2022,9
2023-08-15,98.0262924493967,92.10536193847656,95.6890228885039,73.8459612152416,89.91665962290469,2022,9
2023-08-16,100.12719870945807,96.50210571289062,99.66996168040346,69.95422393299313,91.56337250893631,2022,9
2023-08-17,105.31447462199442,98.41985321044922,114.39390975897695,80.3420639128924,99.61757537607824,2022,9
2023-08-18,104.46054153224385,100.10862731933594,130.31346027782374,131.8266672997427,116.67732410728655,2022,9
2023-08-19,100.24535841412018,91.98593139648438,92.41472615648597,86.57713096871942,92.80578673395249,2022,9
2023-08-20,102.07703338643272,91.98686981201172,99.68622485683545,72.98060549297023,91.68268338706253,2022,9
2023-08-21,70.94588705020088,67.54778289794922,71.81300072250247,56.16771635065039,66.61859675532574,2022,9
2023-08-22,59.58344030703605,62.935970306396484,60.44083107492635,58.979883229105646,60.485031229366136,2022,9
2023-08-23,60.11711523080902,65.1974868774414,68.43049392029764,55.38361707053017,62.28217827476956,2022,9
2023-08-24,58.982475168484875,60.723907470703125,63.84949409797952,61.90449307309027,61.36509245256445,2022,9
2023-08-25,54.49974034550968,56.45384216308594,56.549983441603274,59.306455249504644,56.70250529992588,2022,9
2023-08-26,55.79427445375954,56.37247848510742,56.654847760380754,62.47189892684744,57.82337490652379,2022,9
2023-08-27,53.66184939649706,56.03880310058594,56.03115514008823,66.96549113384913,58.17432469275509,2022,9
2023-08-28,52.892902733922675,56.23039627075195,59.795592554791384,65.15449237841483,58.518345984470216,2022,9
2023-08-29,51.469057765570795,55.31372833251953,54.046950838741736,61.853550101543995,55.67082175959401,2022,9
2023-08-30,52.662900266302785,55.4248046875,58.20314423821665,60.86939841781207,56.79006190245788,2022,9
2023-08-31,56.001839853729386,58.60405349731445,77.49620779097076,103.00005247399778,73.7755384040031,2022,9
2023-09-01,35.537621980199745,36.35029983520508,36.19418359939624,-5.031578599041836,25.762631703939807,2022,9
2023-09-02,30.38393197887252,28.76014518737793,27.00903908343599,-5.300142343442623,20.213243476560955,2022,9
2023-09-03,27.308522597346837,28.096303939819336,22.734752684216758,-4.357615432111004,18.445490947317982,2022,9
2023-09-04,25.274295102268947,26.689594268798828,22.732004326119377,5.936903994641646,20.158199422957203,2022,9
2023-09-05,22.04481614005152,23.4469051361084,20.638450133414043,2.6871390419372716,17.204327612877808,2022,9
2023-09-06,20.87822863218783,21.723268508911133,26.523269604768352,-6.565725392817871,15.63976033826236,2022,9
2023-09-07,21.017712450903687,22.865877151489258,25.100185730939824,-1.9930135616318552,16.74769044292523,2022,9
2023-09-08,20.23509398397375,22.40786361694336,22.097924798734727,-0.5029630191573062,16.059479845123633,2022,9
2023-09-09,20.908712099950918,21.426681518554688,24.14765247049089,-0.34340649768484255,16.534909897827916,2022,9
2023-09-10,21.03071348395751,18.8179931640625,19.281318601089506,3.5320397472544798,15.665516249091,2022,9
2023-09-11,20.163281898646275,17.992990493774414,15.59366398859533,3.8911703325896383,14.410276678401415,2022,9
2023-09-12,19.768089186204655,17.56228256225586,12.871337721241968,8.562866265166,14.69114393371712,2022,9
2023-09-13,20.20698932659023,17.66012191772461,14.409405982567781,1.0520159017169632,13.332133282149897,2022,9
2023-09-14,19.659145918427054,17.597196578979492,15.95663923617399,-0.9957493485144226,13.05430809626653,2022,9
2023-09-15,21.146373223761923,18.332748413085938,13.312319738121346,7.848787560300977,15.160057233817547,2022,9
2023-09-16,21.572696476908085,18.633686065673828,14.268147824053854,3.619811452635904,14.523585454817919,2022,9
2023-09-17,25.22103310768616,22.249296188354492,25.15681241965935,35.88539160000726,27.128133328926815,2022,9
2023-09-18,23.077151907819022,17.928363800048828,9.664142990554971,17.303313524551122,16.993243055743484,2022,9
2023-09-19,35.75918875081787,34.33421325683594,29.225952839911727,88.0912739403559,46.85265719698036,2022,9
2023-09-20,38.71090515526275,43.01717758178711,45.009731743951974,89.30994501593344,54.01193987423382,2022,9
2023-09-21,40.13370313201835,41.016780853271484,39.85129122793256,57.36441567975634,44.59154772324469,2022,9
2023-09-22,40.33776624316104,41.80944061279297,41.375931856472356,59.68052343792453,45.80091553758773,2022,9
2023-09-23,43.0230974078159,42.24103927612305,41.645805865677104,60.914440140963016,46.956095672644764,2022,9
2023-09-24,45.72353246834261,43.365718841552734,43.46111631725917,81.5456275126061,53.523998784940154,2022,9
2023-09-25,45.89178886425367,42.65166473388672,38.88631890415752,62.88329301057262,47.578266378217634,2022,9
2023-09-26,46.73738781699303,42.93389892578125,45.38909280389678,60.73026397503501,48.94766088042651,2022,9
2023-09-27,49.01519208456259,43.510074615478516,50.37087661067541,75.27851885547108,54.5436655415469,2022,9
2023-09-28,48.249892220418964,43.28787612915039,50.099689930553865,61.79207407646839,50.8573830891479,2022,9
2023-09-29,45.65880057571984,42.59000015258789,52.462259488677525,61.93822634138599,50.66232163959281,2022,9
2023-09-30,46.959194342970214,42.12443923950195,52.03336626851406,66.29198833581364,51.85224704669997,2022,9
2023-10-01,44.93255973697146,42.379913330078125,52.48815781657799,62.35956065122067,50.54004788371206,2022,9
2023-10-02,48.60414570192629,47.21333694458008,64.60847572308725,61.429612667180926,55.463892759193634,2022,9
2023-10-03,43.31280881485379,45.55216979980469,48.63194228568981,66.87797101319904,51.09372297838683,2022,9
2023-10-04,40.41673322876288,43.94428253173828,50.58933385162993,63.309320669956186,49.56491757052182,2022,9
2023-10-05,39.983092480680064,43.571250915527344,51.320591414393235,62.116927509824,49.247965580106154,2022,9
2023-10-06,40.67745883220664,43.571250915527344,50.63770902916284,60.40906925564688,48.82387200813592,2022,9
2023-10-07,46.17196785485945,49.16550827026367,57.33025935447229,56.023519051771935,52.17281363284184,2022,9
2023-10-08,48.93047087869252,60.3216552734375,65.5146401859538,54.32363514794334,57.27260037150679,2022,9
2023-10-09,49.850805688311475,58.51723861694336,60.726056098766726,52.35278424997342,55.36172116349874,2022,9
2023-10-10,48.42230982907603,54.14636993408203,53.49625702190491,57.54087710668703,53.4014534729375,2022,9
2023-10-11,45.27794447853269,52.79275131225586,50.606293140908996,61.578547367316865,52.5638840747536,2022,9
2023-10-12,42.69101783653626,52.03820037841797,43.89862550098166,63.140762503945346,50.44215155497031,2022,9
2023-10-13,38.60502974132792,47.12130355834961,47.06417673267832,60.313614226714186,48.2760310647675,2022,9
2023-10-14,35.19119303274883,43.75257110595703,43.533019793215615,36.300922731263455,39.69442666579623,2022,9
2023-10-15,36.17984750498928,45.254940032958984,48.67590798702495,31.634727145269842,40.43635566756076,2022,9
2023-10-16,36.39255557599091,44.96455383300781,56.96748443678307,46.45756974410428,46.195540897471524,2022,9
2023-10-17,35.65343910393839,41.87675857543945,54.383822641026434,57.847524206509014,47.44038613172832,2022,9
2023-10-18,50.8364000013272,89.12725067138672,107.60227772318935,104.13574108472167,87.92541737015623,2022,9
2023-10-19,40.822838831271866,50.625179290771484,51.96394883418215,43.6290848238332,46.76026294501468,2022,9
2023-10-20,34.48450523219448,49.26936340332031,49.73459611304707,36.96768301288892,42.614036940362695,2022,9
2023-10-21,31.767437276513395,46.45137405395508,49.7254754619649,38.7965473280781,41.685208530127866,2022,9
2023-10-22,31.786637970314327,43.739986419677734,50.52741870831534,33.13448636894983,39.79713236681431,2022,9
2023-10-23,32.52205511651858,41.53804397583008,52.319989928790804,39.1139063665666,41.373498846926516,2022,9
2023-10-24,32.19525052118265,40.44878387451172,52.79386599292788,32.164977607761195,39.400719499095864,2022,9
2023-10-25,32.36047739322431,42.73502731323242,55.280768966726626,41.231839464989314,42.902028284543164,2022,9
2023-10-26,29.22546021307699,36.89332962036133,46.76055308806612,37.42530982554641,37.57616318676271,2022,9
2023-10-27,22.981773933003648,26.554208755493164,29.162766843625835,4.453987019889318,20.78818413800299,2022,9
2023-10-28,20.372726194206496,21.94086265563965,22.26412116766295,14.540664785825882,19.779593700833743,2022,9
2023-10-29,20.25033236020638,19.996286392211914,16.9506350619624,16.95647545501422,18.53843231734873,2022,9
2023-10-30,18.884391384533554,19.399831771850586,16.0458987701475,8.738000779715293,15.767030676561735,2022,9
2023-10-31,18.659334930147963,19.35776138305664,15.246191268706646,11.70075710929666,16.241011172801976,2022,9
2023-11-01,21.96101678870473,21.27120018005371,19.638030914081185,25.17059508916146,22.010210743000272,2022,9
2023-11-02,37.638157955968744,36.32640075683594,40.888004048095716,48.44570845573224,40.824567804158164,2022,9
2023-11-03,22.91383459297326,23.026485443115234,21.49361587902763,10.725614811614179,19.539887681682576,2022,9
2023-11-04,20.863477706554352,18.786487579345703,15.173969450765185,18.32113742435184,18.28626804025427,2022,9
2023-11-05,20.13456766708724,18.361858367919922,10.594684126120955,13.31240327272517,15.600878358463321,2022,9
2023-11-06,18.567288155409287,18.007465362548828,8.736665145427063,11.605310305973653,14.229182242339707,2022,9
2023-11-07,18.07557192026673,17.6944637298584,6.911200165689557,8.49376592372294,12.793750434884405,2022,9
2023-11-08,20.240214753293877,18.26004409790039,6.637997215869238,19.958341739998865,16.274149451765595,2022,9
2023-11-09,23.52410630646496,21.205623626708984,7.6681111217913625,22.80784837266362,18.80142235690723,2022,9
2023-11-10,21.66847719809341,18.819602966308594,7.341553107699497,21.99429736720694,17.45598265982711,2022,9
2023-11-11,18.927680146937035,18.013530731201172,7.213006763495752,3.726366110145701,11.970145937944917,2022,9
2023-11-12,23.816899695842842,21.330305099487305,18.073142014739922,32.06702385506684,23.821842666284226,2022,9
2023-11-13,34.77316121408178,31.181793212890625,28.574060999535554,33.301126113537144,31.957535385011276,2022,9
2023-11-14,25.932458018362325,23.44586181640625,18.654553140795475,18.757037650968158,21.69747765663305,2022,9
2023-11-15,19.665270024520975,18.598514556884766,15.956158566767588,5.440423793873464,14.915091735511698,2022,9
2023-11-16,19.092587063955254,18.305448532104492,15.996537122489155,14.665812884225197,17.015096400693523,2022,9
2023-11-17,18.25018274039315,17.904409408569336,13.595215897352732,7.757369743856728,14.376794447542986,2022,9
2023-11-18,27.13793439089552,23.746278762817383,19.181362949942724,27.922538290270772,24.4970285984816,2022,9
2023-11-19,42.836459257930386,37.500789642333984,35.69718568657483,42.665689782338596,39.67503109229445,2022,9
2023-11-20,30.907257128494212,26.237215042114258,23.4954102181409,20.92737428076375,25.39181416737828,2022,9
2023-11-21,23.004505604304054,19.064193725585938,16.873297455742637,6.112235111627321,16.26355797431499,2022,9
2023-11-22,19.173946096600456,18.03369903564453,13.26476139504445,2.7853547768378384,13.314440326031821,2022,9
2023-11-23,19.656961599081033,17.837909698486328,10.68681726740744,10.118960475472534,14.575162260111833,2022,9
2023-11-24,18.751470108176647,17.6944637298584,11.605403566063778,7.617963726469668,13.917325282642123,2022,9
2023-11-25,18.701228410761004,18.26323699951172,10.743457008205192,-5.242245801207346,10.616419154317642,2022,9
2023-11-26,17.826873405432618,17.830320358276367,9.864323365596459,3.9023597604100644,12.355969222428879,2022,9
2023-11-27,17.853415816217467,17.734725952148438,8.931688287212275,8.286317423841467,13.20153686985491,2022,9
2023-11-28,17.884415156398145,17.597196578979492,8.076040694928693,-7.430382241744567,9.031817547140442,2022,9
2023-11-29,17.78619904774843,18.10825538635254,9.868762556932474,-6.9097683162292505,9.713362168701046,2022,9
2023-11-30,20.017255400837133,18.758411407470703,9.326396129949613,13.151848528051424,15.313477866577218,2022,9
2023-12-01,18.69829091501,18.392398834228516,8.603444476191855,-7.236087586533678,9.614511659724172,2022,9
2023-12-02,18.091551812463987,17.995136260986328,6.891722132249565,-4.01666022402976,9.740437495417531,2022,9
2023-12-03,18.209870842645,17.737930297851562,5.295037436598972,0.649615305176173,10.473113470567927,2022,9
2023-12-04,33.25453901121906,32.729740142822266,44.24602432735039,48.454821604028204,39.671281271354985,2022,9
2023-12-05,21.63289952491884,22.792978286743164,24.684507175457643,6.597097800712099,18.926870696957934,2022,9
2023-12-06,19.34707275546702,19.368980407714844,17.58267611273635,5.738411963989691,15.509285309976978,2022,9
2023-12-07,32.05355891151711,33.0603141784668,44.401929967913745,45.64122998124591,38.78925825978589,2022,9
2023-12-08,21.499057954085163,22.91156768798828,26.937058426714323,13.666435400170286,21.253529867239514,2022,9
2023-12-09,37.9515150244382,32.50921630859375,34.40539132156986,37.83594461043675,35.67551681625964,2022,9
2023-12-10,36.942362068026576,32.56878662109375,31.40357508602354,28.705925460319555,32.405162308865854,2022,9
2023-12-11,22.217216276684372,24.3021183013916,22.330532003850752,10.10005816781689,19.737481187435904,2022,9
2023-12-12,16.83036642915572,20.366498947143555,18.03104589712485,7.037017687361001,15.566232240196282,2022,9
2023-12-13,15.778771044441177,18.094120025634766,18.909708661652424,5.406042320153581,14.547160512970487,2022,9
2023-12-14,12.830783000956831,17.86281967163086,17.289586175026976,-0.1175440792109903,11.96641119210092,2022,9
2023-12-15,11.059837479174352,17.669084548950195,16.036342601479607,-2.1807795532328385,10.646121269092829,2022,9
2023-12-16,10.725253812317968,17.597196578979492,14.673692205524224,-0.13674903420058016,10.714848390655277,2022,9
