bin,n,R2,RMSE,MAE,MASE,WAPE,Correlation,target,model,config,anchor_year,tower
1-7,6,0.532,6.713,5.863,0.1595,0.3226,0.834,observed,TFT,BASE,2018,2
8-30,21,-0.434,12.548,8.894,0.191,0.9551,0.389,observed,TFT,BASE,2018,2
31-90,32,0.224,11.332,7.968,0.1752,0.6862,0.541,observed,TFT,BASE,2018,2
91-180,43,-1.757,37.924,28.961,0.4711,1.8277,-0.238,observed,TFT,BASE,2018,2
181-270,0,,,,,,,observed,TFT,BASE,2018,2
271-365,0,,,,,,,observed,TFT,BASE,2018,2
1-7,7,-0.926,35.392,21.914,0.718,0.658,-0.137,gapfilled,TFT,BASE,2018,2
8-30,23,-0.997,11.066,8.517,0.1838,0.9658,0.299,gapfilled,TFT,BASE,2018,2
31-90,60,-1.565,35.386,23.828,0.6852,0.9445,-0.305,gapfilled,TFT,BASE,2018,2
91-180,90,-5.63,23.088,19.248,0.3873,2.4437,-0.409,gapfilled,TFT,BASE,2018,2
181-270,90,-4.825,11.624,9.084,0.1754,1.8668,0.112,gapfilled,TFT,BASE,2018,2
271-365,95,-9.754,34.387,32.096,0.7102,3.1407,0.476,gapfilled,TFT,BASE,2018,2
1-7,6,-7.064,27.867,27.452,0.7471,1.5107,0.91,observed,DLinear,BASE,2018,2
8-30,21,-15.796,42.948,37.789,0.8113,4.0581,0.541,observed,DLinear,BASE,2018,2
31-90,32,-4.321,29.663,26.035,0.5724,2.2419,0.275,observed,DLinear,BASE,2018,2
91-180,43,-2.376,41.963,34.192,0.5562,2.1578,-0.036,observed,DLinear,BASE,2018,2
181-270,0,,,,,,,observed,DLinear,BASE,2018,2
271-365,0,,,,,,,observed,DLinear,BASE,2018,2
1-7,7,-0.294,29.002,27.059,0.8866,0.8125,-0.071,gapfilled,DLinear,BASE,2018,2
8-30,23,-30.431,43.899,37.972,0.8196,4.306,0.578,gapfilled,DLinear,BASE,2018,2
31-90,60,-1.818,37.091,30.244,0.8697,1.1988,-0.198,gapfilled,DLinear,BASE,2018,2
91-180,90,-14.281,35.052,28.703,0.5775,3.6441,-0.173,gapfilled,DLinear,BASE,2018,2
181-270,90,-65.001,39.128,31.675,0.6115,6.5094,0.042,gapfilled,DLinear,BASE,2018,2
271-365,95,-3.416,22.035,17.649,0.3905,1.727,0.225,gapfilled,DLinear,BASE,2018,2
1-7,6,-3.225,20.172,16.829,0.458,0.9261,0.792,observed,LSTM,BASE,2018,2
8-30,21,-7.551,30.643,25.914,0.5563,2.7829,0.638,observed,LSTM,BASE,2018,2
31-90,32,-3.828,28.256,21.658,0.4762,1.865,0.545,observed,LSTM,BASE,2018,2
91-180,43,-2.005,39.593,31.646,0.5148,1.9972,-0.07,observed,LSTM,BASE,2018,2
181-270,0,,,,,,,observed,LSTM,BASE,2018,2
271-365,0,,,,,,,observed,LSTM,BASE,2018,2
1-7,7,-2.145,45.221,32.99,1.0809,0.9906,-0.135,gapfilled,LSTM,BASE,2018,2
8-30,23,-14.893,31.216,26.58,0.5737,3.0142,0.667,gapfilled,LSTM,BASE,2018,2
31-90,60,-3.146,44.987,36.939,1.0622,1.4642,-0.281,gapfilled,LSTM,BASE,2018,2
91-180,90,-10.075,29.84,25.55,0.5141,3.2438,-0.106,gapfilled,LSTM,BASE,2018,2
181-270,90,-34.541,28.713,27.419,0.5293,5.6347,0.035,gapfilled,LSTM,BASE,2018,2
271-365,95,-3.343,21.853,16.901,0.374,1.6539,-0.527,gapfilled,LSTM,BASE,2018,2
1-7,1,,,,,,,observed,TFT,BASE,2018,4
8-30,7,-0.084,8.897,6.353,0.4188,0.9084,-0.049,observed,TFT,BASE,2018,4
31-90,33,-0.506,19.676,12.922,0.7867,1.0592,-0.258,observed,TFT,BASE,2018,4
91-180,83,-2.641,36.599,30.706,1.6849,2.4853,0.115,observed,TFT,BASE,2018,4
181-270,72,-0.125,84.553,58.317,0.9545,0.8347,0.082,observed,TFT,BASE,2018,4
271-365,67,-0.041,63.251,27.093,0.89,0.8815,0.103,observed,TFT,BASE,2018,4
1-7,7,-2.153,37.837,31.831,2.1856,0.9793,0.308,gapfilled,TFT,BASE,2018,4
8-30,23,-1.534,18.787,14.25,1.2379,0.8785,-0.172,gapfilled,TFT,BASE,2018,4
31-90,60,-0.933,26.044,17.533,1.2024,0.8166,-0.249,gapfilled,TFT,BASE,2018,4
91-180,90,-4.408,32.981,27.793,1.8481,2.2631,-0.064,gapfilled,TFT,BASE,2018,4
181-270,90,-0.362,64.537,47.3,0.8904,0.7071,0.135,gapfilled,TFT,BASE,2018,4
271-365,95,0.157,36.014,23.41,0.8715,0.701,0.621,gapfilled,TFT,BASE,2018,4
1-7,1,,,,,,,observed,DLinear,BASE,2018,4
8-30,7,-8.041,25.689,19.852,1.3086,2.8387,-0.13,observed,DLinear,BASE,2018,4
31-90,33,-3.655,34.592,29.475,1.7945,2.416,-0.228,observed,DLinear,BASE,2018,4
91-180,83,-34.08,113.605,87.656,4.8099,7.0946,-0.092,observed,DLinear,BASE,2018,4
181-270,72,-1.344,122.048,93.472,1.5299,1.3379,0.027,observed,DLinear,BASE,2018,4
271-365,67,0.012,61.623,37.809,1.242,1.2302,0.416,observed,DLinear,BASE,2018,4
1-7,7,-0.693,27.723,24.744,1.699,0.7613,0.147,gapfilled,DLinear,BASE,2018,4
8-30,23,-11.922,42.424,38.634,3.3559,2.3816,0.71,gapfilled,DLinear,BASE,2018,4
31-90,60,-3.255,38.64,31.808,2.1813,1.4815,-0.342,gapfilled,DLinear,BASE,2018,4
91-180,90,-61.725,112.327,85.707,5.6992,6.9788,-0.211,gapfilled,DLinear,BASE,2018,4
181-270,90,-2.72,106.668,80.881,1.5226,1.2091,-0.021,gapfilled,DLinear,BASE,2018,4
271-365,95,-0.566,49.086,36.636,1.3638,1.0971,0.31,gapfilled,DLinear,BASE,2018,4
1-7,1,,,,,,,observed,LSTM,BASE,2018,4
8-30,7,-0.966,11.979,9.729,0.6413,1.3912,-0.61,observed,LSTM,BASE,2018,4
31-90,33,-0.852,21.819,14.695,0.8947,1.2045,-0.285,observed,LSTM,BASE,2018,4
91-180,83,-1.342,29.351,21.598,1.1851,1.748,0.204,observed,LSTM,BASE,2018,4
181-270,72,-0.347,92.51,62.873,1.0291,0.8999,0.108,observed,LSTM,BASE,2018,4
271-365,67,-0.097,64.917,28.309,0.9299,0.9211,0.143,observed,LSTM,BASE,2018,4
1-7,7,-3.332,44.347,34.48,2.3674,1.0608,-0.57,gapfilled,LSTM,BASE,2018,4
8-30,23,-0.782,15.753,12.82,1.1136,0.7903,0.235,gapfilled,LSTM,BASE,2018,4
31-90,60,-1.601,30.211,22.008,1.5093,1.0251,-0.31,gapfilled,LSTM,BASE,2018,4
91-180,90,-2.461,26.384,20.1,1.3366,1.6367,0.126,gapfilled,LSTM,BASE,2018,4
181-270,90,-0.901,76.245,55.974,1.0537,0.8367,0.05,gapfilled,LSTM,BASE,2018,4
271-365,95,-0.175,42.52,27.636,1.0288,0.8276,0.535,gapfilled,LSTM,BASE,2018,4
1-7,0,,,,,,,observed,TFT,BASE,2018,9
8-30,0,,,,,,,observed,TFT,BASE,2018,9
31-90,0,,,,,,,observed,TFT,BASE,2018,9
91-180,0,,,,,,,observed,TFT,BASE,2018,9
181-270,0,,,,,,,observed,TFT,BASE,2018,9
271-365,0,,,,,,,observed,TFT,BASE,2018,9
1-7,7,-0.469,69.962,37.727,1.3259,0.8299,-0.558,gapfilled,TFT,BASE,2018,9
8-30,23,-0.281,52.184,22.973,1.2121,0.7527,-0.145,gapfilled,TFT,BASE,2018,9
31-90,60,-0.458,52.553,29.586,1.2052,0.7994,0.04,gapfilled,TFT,BASE,2018,9
91-180,90,-4.527,26.2,22.472,2.9901,1.4725,-0.212,gapfilled,TFT,BASE,2018,9
181-270,90,-1.348,86.737,70.505,0.883,0.7377,0.099,gapfilled,TFT,BASE,2018,9
271-365,95,-0.46,33.128,22.299,1.1629,0.7523,0.199,gapfilled,TFT,BASE,2018,9
1-7,0,,,,,,,observed,DLinear,BASE,2018,9
8-30,0,,,,,,,observed,DLinear,BASE,2018,9
31-90,0,,,,,,,observed,DLinear,BASE,2018,9
91-180,0,,,,,,,observed,DLinear,BASE,2018,9
181-270,0,,,,,,,observed,DLinear,BASE,2018,9
271-365,0,,,,,,,observed,DLinear,BASE,2018,9
1-7,7,-1.336,88.218,60.487,2.1257,1.3305,-0.187,gapfilled,DLinear,BASE,2018,9
8-30,23,-1.706,75.829,56.447,2.9783,1.8495,0.143,gapfilled,DLinear,BASE,2018,9
31-90,60,-2.586,82.427,68.667,2.7973,1.8553,0.082,gapfilled,DLinear,BASE,2018,9
91-180,90,-44.741,75.373,66.053,8.7889,4.3281,0.141,gapfilled,DLinear,BASE,2018,9
181-270,90,-1.181,83.59,69.79,0.874,0.7302,0.486,gapfilled,DLinear,BASE,2018,9
271-365,95,-1.132,40.043,29.36,1.5311,0.9906,0.218,gapfilled,DLinear,BASE,2018,9
1-7,0,,,,,,,observed,LSTM,BASE,2018,9
8-30,0,,,,,,,observed,LSTM,BASE,2018,9
31-90,0,,,,,,,observed,LSTM,BASE,2018,9
91-180,0,,,,,,,observed,LSTM,BASE,2018,9
181-270,0,,,,,,,observed,LSTM,BASE,2018,9
271-365,0,,,,,,,observed,LSTM,BASE,2018,9
1-7,7,-0.651,74.168,56.831,1.9972,1.2501,0.77,gapfilled,LSTM,BASE,2018,9
8-30,23,-0.585,58.038,41.357,2.1821,1.3551,0.495,gapfilled,LSTM,BASE,2018,9
31-90,60,-1.517,69.051,47.964,1.9539,1.2959,-0.298,gapfilled,LSTM,BASE,2018,9
91-180,90,-0.696,14.514,11.542,1.5358,0.7563,0.368,gapfilled,LSTM,BASE,2018,9
181-270,90,-2.238,101.863,82.912,1.0384,0.8676,-0.323,gapfilled,LSTM,BASE,2018,9
271-365,95,-0.817,36.958,28.053,1.463,0.9465,0.149,gapfilled,LSTM,BASE,2018,9
1-7,6,-4.855,23.746,19.41,0.5282,1.0681,0.164,observed,TFT,BASE+species,2018,2
8-30,21,-0.847,14.242,11.509,0.2471,1.2359,0.44,observed,TFT,BASE+species,2018,2
31-90,32,-0.279,14.545,11.105,0.2442,0.9563,0.416,observed,TFT,BASE+species,2018,2
91-180,43,-1.1,33.099,23.96,0.3897,1.5121,-0.217,observed,TFT,BASE+species,2018,2
181-270,0,,,,,,,observed,TFT,BASE+species,2018,2
271-365,0,,,,,,,observed,TFT,BASE+species,2018,2
1-7,7,-2.478,47.558,35.489,1.1628,1.0656,-0.436,gapfilled,TFT,BASE+species,2018,2
8-30,23,-1.728,12.934,10.152,0.2191,1.1512,0.448,gapfilled,TFT,BASE+species,2018,2
31-90,60,-1.798,36.957,25.383,0.7299,1.0061,-0.286,gapfilled,TFT,BASE+species,2018,2
91-180,90,-3.033,18.007,14.129,0.2843,1.7938,-0.138,gapfilled,TFT,BASE+species,2018,2
181-270,90,-11.613,17.105,14.146,0.2731,2.9071,-0.091,gapfilled,TFT,BASE+species,2018,2
271-365,95,-3.414,22.03,14.328,0.317,1.4021,-0.553,gapfilled,TFT,BASE+species,2018,2
1-7,6,-3.203,20.12,19.161,0.5215,1.0544,-0.35,observed,DLinear,BASE+species,2018,2
8-30,21,-13.149,39.419,33.862,0.727,3.6364,0.585,observed,DLinear,BASE+species,2018,2
31-90,32,-5.039,31.602,25.334,0.557,2.1815,0.133,observed,DLinear,BASE+species,2018,2
91-180,43,-2.982,45.575,37.21,0.6053,2.3483,-0.227,observed,DLinear,BASE+species,2018,2
181-270,0,,,,,,,observed,DLinear,BASE+species,2018,2
271-365,0,,,,,,,observed,DLinear,BASE+species,2018,2
1-7,7,-0.629,32.549,25.512,0.8359,0.766,-0.476,gapfilled,DLinear,BASE+species,2018,2
8-30,23,-23.061,38.408,33.102,0.7145,3.7538,0.657,gapfilled,DLinear,BASE+species,2018,2
31-90,60,-13.107,82.983,62.897,1.8087,2.4931,-0.451,gapfilled,DLinear,BASE+species,2018,2
91-180,90,-19.812,40.907,32.612,0.6562,4.1403,-0.285,gapfilled,DLinear,BASE+species,2018,2
181-270,90,-87.292,45.256,36.514,0.7049,7.5037,0.062,gapfilled,DLinear,BASE+species,2018,2
271-365,95,-49.569,74.567,61.622,1.3635,6.03,-0.205,gapfilled,DLinear,BASE+species,2018,2
1-7,6,0.299,8.216,7.676,0.2089,0.4224,0.836,observed,LSTM,BASE+species,2018,2
8-30,21,-1.054,15.018,12.674,0.2721,1.361,0.697,observed,LSTM,BASE+species,2018,2
31-90,32,-0.391,15.167,11.585,0.2547,0.9976,0.534,observed,LSTM,BASE+species,2018,2
91-180,43,-0.866,31.198,23.021,0.3745,1.4528,-0.124,observed,LSTM,BASE+species,2018,2
181-270,0,,,,,,,observed,LSTM,BASE+species,2018,2
271-365,0,,,,,,,observed,LSTM,BASE+species,2018,2
1-7,7,-0.666,32.914,22.317,0.7312,0.6701,-0.02,gapfilled,LSTM,BASE+species,2018,2
8-30,23,-2.921,15.505,13.565,0.2928,1.5382,0.712,gapfilled,LSTM,BASE+species,2018,2
31-90,60,-0.595,27.9,20.851,0.5996,0.8265,0.041,gapfilled,LSTM,BASE+species,2018,2
91-180,90,-3.356,18.714,14.888,0.2996,1.8902,-0.095,gapfilled,LSTM,BASE+species,2018,2
181-270,90,-38.492,30.267,27.868,0.538,5.7269,-0.194,gapfilled,LSTM,BASE+species,2018,2
271-365,95,-1.124,15.282,11.61,0.2569,1.1361,-0.231,gapfilled,LSTM,BASE+species,2018,2
1-7,1,,,,,,,observed,TFT,BASE+species,2018,4
8-30,7,-4.674,20.351,14.817,0.9767,2.1188,-0.757,observed,TFT,BASE+species,2018,4
31-90,33,-1.348,24.569,16.925,1.0304,1.3873,-0.25,observed,TFT,BASE+species,2018,4
91-180,83,-0.235,21.314,15.748,0.8641,1.2745,0.124,observed,TFT,BASE+species,2018,4
181-270,72,-0.267,89.73,60.321,0.9873,0.8634,-0.045,observed,TFT,BASE+species,2018,4
271-365,67,-0.148,66.409,32.272,1.0601,1.05,-0.011,observed,TFT,BASE+species,2018,4
1-7,7,-6.715,59.181,49.364,3.3894,1.5187,-0.836,gapfilled,TFT,BASE+species,2018,4
8-30,23,-8.119,35.639,30.141,2.6182,1.8581,-0.279,gapfilled,TFT,BASE+species,2018,4
31-90,60,-2.07,32.822,24.424,1.6749,1.1376,-0.325,gapfilled,TFT,BASE+species,2018,4
91-180,90,-0.554,17.681,13.987,0.9301,1.1389,0.092,gapfilled,TFT,BASE+species,2018,4
181-270,90,-0.597,69.893,50.182,0.9447,0.7501,0.13,gapfilled,TFT,BASE+species,2018,4
271-365,95,-0.037,39.939,26.541,0.988,0.7948,0.419,gapfilled,TFT,BASE+species,2018,4
1-7,1,,,,,,,observed,DLinear,BASE+species,2018,4
8-30,7,-12.723,31.65,23.69,1.5616,3.3876,-0.564,observed,DLinear,BASE+species,2018,4
31-90,33,-18.312,70.46,52.884,3.2197,4.3347,-0.65,observed,DLinear,BASE+species,2018,4
91-180,83,-4.598,45.382,35.622,1.9546,2.8831,0.248,observed,DLinear,BASE+species,2018,4
181-270,72,-0.666,102.905,79.625,1.3033,1.1397,0.171,observed,DLinear,BASE+species,2018,4
271-365,67,-2.256,111.85,83.841,2.7541,2.7279,0.075,observed,DLinear,BASE+species,2018,4
1-7,7,-0.847,28.958,20.237,1.3895,0.6226,-0.186,gapfilled,DLinear,BASE+species,2018,4
8-30,23,-5.743,30.647,25.476,2.213,1.5705,0.617,gapfilled,DLinear,BASE+species,2018,4
31-90,60,-16.482,78.324,58.607,4.0192,2.7297,-0.613,gapfilled,DLinear,BASE+species,2018,4
91-180,90,-9.745,46.491,35.64,2.3699,2.902,0.136,gapfilled,DLinear,BASE+species,2018,4
181-270,90,-2.01,95.946,74.896,1.4099,1.1196,0.116,gapfilled,DLinear,BASE+species,2018,4
271-365,95,-5.684,101.408,86.045,3.2031,2.5766,0.28,gapfilled,DLinear,BASE+species,2018,4
1-7,1,,,,,,,observed,LSTM,BASE+species,2018,4
8-30,7,-1.746,14.158,10.155,0.6694,1.4521,-0.449,observed,LSTM,BASE+species,2018,4
31-90,33,-0.271,18.077,12.265,0.7467,1.0053,0.112,observed,LSTM,BASE+species,2018,4
91-180,83,-0.281,21.708,14.158,0.7769,1.1459,0.025,observed,LSTM,BASE+species,2018,4
181-270,72,-0.616,101.334,70.977,1.1617,1.0159,0.125,observed,LSTM,BASE+species,2018,4
271-365,67,-0.069,64.095,28.439,0.9342,0.9253,0.204,observed,LSTM,BASE+species,2018,4
1-7,7,-1.136,31.138,20.604,1.4147,0.6339,-0.477,gapfilled,LSTM,BASE+species,2018,4
8-30,23,-0.728,15.513,12.883,1.1191,0.7942,0.576,gapfilled,LSTM,BASE+species,2018,4
31-90,60,-0.925,25.992,18.97,1.3009,0.8835,-0.072,gapfilled,LSTM,BASE+species,2018,4
91-180,90,-0.731,18.661,13.604,0.9047,1.1078,-0.078,gapfilled,LSTM,BASE+species,2018,4
181-270,90,-1.554,88.37,69.244,1.3035,1.0351,-0.024,gapfilled,LSTM,BASE+species,2018,4
271-365,95,-0.245,43.775,28.518,1.0616,0.854,0.292,gapfilled,LSTM,BASE+species,2018,4
1-7,0,,,,,,,observed,TFT,BASE+species,2018,9
8-30,0,,,,,,,observed,TFT,BASE+species,2018,9
31-90,0,,,,,,,observed,TFT,BASE+species,2018,9
91-180,0,,,,,,,observed,TFT,BASE+species,2018,9
181-270,0,,,,,,,observed,TFT,BASE+species,2018,9
271-365,0,,,,,,,observed,TFT,BASE+species,2018,9
1-7,7,-0.645,74.032,44.227,1.5543,0.9729,-0.057,gapfilled,TFT,BASE+species,2018,9
8-30,23,-0.385,54.248,27.29,1.4399,0.8942,0.02,gapfilled,TFT,BASE+species,2018,9
31-90,60,-0.703,56.793,33.538,1.3662,0.9061,-0.199,gapfilled,TFT,BASE+species,2018,9
91-180,90,-13.601,42.584,31.881,4.2419,2.089,-0.13,gapfilled,TFT,BASE+species,2018,9
181-270,90,-1.308,85.989,71.562,0.8962,0.7488,0.192,gapfilled,TFT,BASE+species,2018,9
271-365,95,-0.311,31.391,22.212,1.1584,0.7494,0.351,gapfilled,TFT,BASE+species,2018,9
1-7,0,,,,,,,observed,DLinear,BASE+species,2018,9
8-30,0,,,,,,,observed,DLinear,BASE+species,2018,9
31-90,0,,,,,,,observed,DLinear,BASE+species,2018,9
91-180,0,,,,,,,observed,DLinear,BASE+species,2018,9
181-270,0,,,,,,,observed,DLinear,BASE+species,2018,9
271-365,0,,,,,,,observed,DLinear,BASE+species,2018,9
1-7,7,0.656,33.872,25.948,0.9119,0.5708,0.858,gapfilled,DLinear,BASE+species,2018,9
8-30,23,-0.656,59.329,43.145,2.2765,1.4137,0.078,gapfilled,DLinear,BASE+species,2018,9
31-90,60,-3.561,92.956,70.07,2.8544,1.8932,-0.266,gapfilled,DLinear,BASE+species,2018,9
91-180,90,-19.783,50.806,41.844,5.5676,2.7418,0.081,gapfilled,DLinear,BASE+species,2018,9
181-270,90,-3.282,117.141,100.096,1.2535,1.0474,0.149,gapfilled,DLinear,BASE+species,2018,9
271-365,95,-9.999,90.941,78.187,4.0775,2.638,0.157,gapfilled,DLinear,BASE+species,2018,9
1-7,0,,,,,,,observed,LSTM,BASE+species,2018,9
8-30,0,,,,,,,observed,LSTM,BASE+species,2018,9
31-90,0,,,,,,,observed,LSTM,BASE+species,2018,9
91-180,0,,,,,,,observed,LSTM,BASE+species,2018,9
181-270,0,,,,,,,observed,LSTM,BASE+species,2018,9
271-365,0,,,,,,,observed,LSTM,BASE+species,2018,9
1-7,7,0.028,56.909,30.888,1.0855,0.6794,0.701,gapfilled,LSTM,BASE+species,2018,9
8-30,23,-0.095,48.248,25.801,1.3613,0.8454,0.558,gapfilled,LSTM,BASE+species,2018,9
31-90,60,-0.768,57.87,35.271,1.4368,0.953,-0.328,gapfilled,LSTM,BASE+species,2018,9
91-180,90,-1.332,17.018,12.526,1.6667,0.8208,0.018,gapfilled,LSTM,BASE+species,2018,9
181-270,90,-2.373,103.959,85.749,1.0739,0.8972,-0.434,gapfilled,LSTM,BASE+species,2018,9
271-365,95,-0.238,30.507,19.739,1.0294,0.666,0.208,gapfilled,LSTM,BASE+species,2018,9
1-7,6,-2.157,17.437,16.941,0.461,0.9323,0.941,observed,TFT,BASE+arable,2018,2
8-30,21,-2.755,20.307,18.244,0.3917,1.9592,0.568,observed,TFT,BASE+arable,2018,2
31-90,32,-0.327,14.812,10.714,0.2356,0.9226,0.23,observed,TFT,BASE+arable,2018,2
91-180,43,-2.165,40.628,29.689,0.4829,1.8737,-0.262,observed,TFT,BASE+arable,2018,2
181-270,0,,,,,,,observed,TFT,BASE+arable,2018,2
271-365,0,,,,,,,observed,TFT,BASE+arable,2018,2
1-7,7,-1.671,41.677,32.744,1.0728,0.9832,0.083,gapfilled,TFT,BASE+arable,2018,2
8-30,23,-5.089,19.321,17.308,0.3736,1.9627,0.585,gapfilled,TFT,BASE+arable,2018,2
31-90,60,-0.936,30.745,22.853,0.6572,0.9058,0.213,gapfilled,TFT,BASE+arable,2018,2
91-180,90,-14.139,34.888,26.389,0.531,3.3502,-0.349,gapfilled,TFT,BASE+arable,2018,2
181-270,90,-26.497,25.256,22.829,0.4407,4.6914,-0.018,gapfilled,TFT,BASE+arable,2018,2
271-365,95,-5.447,26.624,24.699,0.5465,2.417,-0.527,gapfilled,TFT,BASE+arable,2018,2
1-7,6,-9.146,31.259,27.483,0.7479,1.5124,0.187,observed,DLinear,BASE+arable,2018,2
8-30,21,-21.908,50.157,44.4,0.9532,4.7681,0.406,observed,DLinear,BASE+arable,2018,2
31-90,32,-4.185,29.281,21.943,0.4824,1.8896,0.278,observed,DLinear,BASE+arable,2018,2
91-180,43,-1.479,35.959,30.109,0.4897,1.9001,-0.089,observed,DLinear,BASE+arable,2018,2
181-270,0,,,,,,,observed,DLinear,BASE+arable,2018,2
271-365,0,,,,,,,observed,DLinear,BASE+arable,2018,2
1-7,7,-0.067,26.335,21.76,0.713,0.6534,0.472,gapfilled,DLinear,BASE+arable,2018,2
8-30,23,-41.421,50.999,45.096,0.9734,5.114,0.493,gapfilled,DLinear,BASE+arable,2018,2
31-90,60,-2.579,41.796,33.344,0.9589,1.3217,-0.238,gapfilled,DLinear,BASE+arable,2018,2
91-180,90,-5.279,22.469,17.926,0.3607,2.2758,-0.218,gapfilled,DLinear,BASE+arable,2018,2
181-270,90,-203846443117.347,2174512.991,810675.889,15650.8916,166596.3805,0.154,gapfilled,DLinear,BASE+arable,2018,2
271-365,95,-826037041736.865,9530168.305,9507936.018,210383.1217,930405.6034,0.232,gapfilled,DLinear,BASE+arable,2018,2
1-7,6,-6.629,27.105,22.532,0.6132,1.2399,0.855,observed,LSTM,BASE+arable,2018,2
8-30,21,-7.232,30.067,24.705,0.5304,2.6531,0.67,observed,LSTM,BASE+arable,2018,2
31-90,32,-5.01,31.526,26.395,0.5803,2.2729,0.555,observed,LSTM,BASE+arable,2018,2
91-180,43,-2.698,43.921,36.901,0.6002,2.3288,-0.145,observed,LSTM,BASE+arable,2018,2
181-270,0,,,,,,,observed,LSTM,BASE+arable,2018,2
271-365,0,,,,,,,observed,LSTM,BASE+arable,2018,2
1-7,7,-1.385,39.378,33.865,1.1096,1.0169,-0.004,gapfilled,LSTM,BASE+arable,2018,2
8-30,23,-14.045,30.371,24.977,0.5391,2.8324,0.697,gapfilled,LSTM,BASE+arable,2018,2
31-90,60,-2.58,41.805,34.934,1.0046,1.3847,-0.415,gapfilled,LSTM,BASE+arable,2018,2
91-180,90,-14.697,35.525,31.091,0.6256,3.9473,-0.164,gapfilled,LSTM,BASE+arable,2018,2
181-270,90,-92.861,46.661,43.35,0.8369,8.9085,-0.098,gapfilled,LSTM,BASE+arable,2018,2
271-365,95,-1.213,15.6,14.398,0.3186,1.409,0.325,gapfilled,LSTM,BASE+arable,2018,2
1-7,1,,,,,,,observed,TFT,BASE+arable,2018,4
8-30,7,-8.388,26.178,18.271,1.2044,2.6126,-0.697,observed,TFT,BASE+arable,2018,4
31-90,33,-0.998,22.665,16.118,0.9813,1.3212,-0.214,observed,TFT,BASE+arable,2018,4
91-180,83,-0.462,23.193,18.369,1.0079,1.4867,0.214,observed,TFT,BASE+arable,2018,4
181-270,72,-0.191,87.005,57.972,0.9489,0.8298,0.196,observed,TFT,BASE+arable,2018,4
271-365,67,-0.228,68.69,30.265,0.9942,0.9847,-0.248,observed,TFT,BASE+arable,2018,4
1-7,7,-1.538,33.947,25.623,1.7593,0.7883,0.256,gapfilled,TFT,BASE+arable,2018,4
8-30,23,-2.255,21.293,15.798,1.3723,0.9739,0.254,gapfilled,TFT,BASE+arable,2018,4
31-90,60,-1.35,28.717,21.061,1.4443,0.981,-0.095,gapfilled,TFT,BASE+arable,2018,4
91-180,90,-1.339,21.69,17.374,1.1553,1.4147,-0.009,gapfilled,TFT,BASE+arable,2018,4
181-270,90,-0.475,67.173,48.177,0.9069,0.7202,0.329,gapfilled,TFT,BASE+arable,2018,4
271-365,95,-0.209,43.13,29.281,1.09,0.8768,0.334,gapfilled,TFT,BASE+arable,2018,4
1-7,1,,,,,,,observed,DLinear,BASE+arable,2018,4
8-30,7,-14.681,33.833,28.789,1.8978,4.1167,0.476,observed,DLinear,BASE+arable,2018,4
31-90,33,-3.759,34.977,28.553,1.7384,2.3404,-0.234,observed,DLinear,BASE+arable,2018,4
91-180,83,-7.792,56.872,45.633,2.504,3.6934,-0.114,observed,DLinear,BASE+arable,2018,4
181-270,72,-0.352,92.69,72.275,1.1829,1.0345,0.067,observed,DLinear,BASE+arable,2018,4
271-365,67,-0.205,68.044,40.748,1.3385,1.3258,0.195,observed,DLinear,BASE+arable,2018,4
1-7,7,-0.815,28.704,23.368,1.6045,0.7189,-0.108,gapfilled,DLinear,BASE+arable,2018,4
8-30,23,-13.185,44.45,39.774,3.455,2.4519,0.731,gapfilled,DLinear,BASE+arable,2018,4
31-90,60,-3.507,39.767,30.727,2.1072,1.4312,-0.364,gapfilled,DLinear,BASE+arable,2018,4
91-180,90,-14.558,55.943,43.518,2.8938,3.5435,-0.196,gapfilled,DLinear,BASE+arable,2018,4
181-270,90,-0.864,75.501,56.785,1.069,0.8489,0.021,gapfilled,DLinear,BASE+arable,2018,4
271-365,95,-0.909,54.192,40.265,1.4989,1.2057,0.098,gapfilled,DLinear,BASE+arable,2018,4
1-7,1,,,,,,,observed,LSTM,BASE+arable,2018,4
8-30,7,-3.531,18.187,13.16,0.8675,1.8818,-0.412,observed,LSTM,BASE+arable,2018,4
31-90,33,-1.006,22.707,16.844,1.0255,1.3807,-0.097,observed,LSTM,BASE+arable,2018,4
91-180,83,-5.283,48.079,39.607,2.1733,3.2056,0.224,observed,LSTM,BASE+arable,2018,4
181-270,72,-0.148,85.426,61.915,1.0134,0.8862,0.164,observed,LSTM,BASE+arable,2018,4
271-365,67,-0.089,64.668,28.696,0.9426,0.9336,0.064,observed,LSTM,BASE+arable,2018,4
1-7,7,-2.953,42.366,32.202,2.211,0.9907,-0.446,gapfilled,LSTM,BASE+arable,2018,4
8-30,23,-1.035,16.836,13.019,1.1309,0.8026,0.575,gapfilled,LSTM,BASE+arable,2018,4
31-90,60,-1.504,29.644,22.944,1.5734,1.0686,-0.183,gapfilled,LSTM,BASE+arable,2018,4
91-180,90,-9.292,45.499,37.458,2.4908,3.0501,0.133,gapfilled,LSTM,BASE+arable,2018,4
181-270,90,-0.601,69.967,54.255,1.0213,0.811,-0.006,gapfilled,LSTM,BASE+arable,2018,4
271-365,95,0.02,38.825,25.409,0.9459,0.7609,0.502,gapfilled,LSTM,BASE+arable,2018,4
1-7,0,,,,,,,observed,TFT,BASE+arable,2018,9
8-30,0,,,,,,,observed,TFT,BASE+arable,2018,9
31-90,0,,,,,,,observed,TFT,BASE+arable,2018,9
91-180,0,,,,,,,observed,TFT,BASE+arable,2018,9
181-270,0,,,,,,,observed,TFT,BASE+arable,2018,9
271-365,0,,,,,,,observed,TFT,BASE+arable,2018,9
1-7,7,-0.562,72.149,39.009,1.3709,0.8581,-0.33,gapfilled,TFT,BASE+arable,2018,9
8-30,23,-0.504,56.536,34.07,1.7976,1.1163,0.217,gapfilled,TFT,BASE+arable,2018,9
31-90,60,-0.649,55.9,32.891,1.3399,0.8886,-0.158,gapfilled,TFT,BASE+arable,2018,9
91-180,90,-5.847,29.163,23.275,3.0969,1.5251,-0.15,gapfilled,TFT,BASE+arable,2018,9
181-270,90,-1.458,88.742,74.461,0.9325,0.7791,0.502,gapfilled,TFT,BASE+arable,2018,9
271-365,95,-0.62,34.901,24.508,1.2781,0.8269,0.268,gapfilled,TFT,BASE+arable,2018,9
1-7,0,,,,,,,observed,DLinear,BASE+arable,2018,9
8-30,0,,,,,,,observed,DLinear,BASE+arable,2018,9
31-90,0,,,,,,,observed,DLinear,BASE+arable,2018,9
91-180,0,,,,,,,observed,DLinear,BASE+arable,2018,9
181-270,0,,,,,,,observed,DLinear,BASE+arable,2018,9
271-365,0,,,,,,,observed,DLinear,BASE+arable,2018,9
1-7,7,0.374,45.66,30.751,1.0807,0.6764,0.82,gapfilled,DLinear,BASE+arable,2018,9
8-30,23,0.06,44.699,30.641,1.6167,1.004,0.443,gapfilled,DLinear,BASE+arable,2018,9
31-90,60,-1.229,64.987,46.136,1.8795,1.2465,-0.047,gapfilled,DLinear,BASE+arable,2018,9
91-180,90,-12.687,41.23,35.509,4.7247,2.3267,0.164,gapfilled,DLinear,BASE+arable,2018,9
181-270,90,-0.598,71.554,56.438,0.7068,0.5905,0.371,gapfilled,DLinear,BASE+arable,2018,9
271-365,95,-1.205,40.722,27.931,1.4566,0.9424,0.113,gapfilled,DLinear,BASE+arable,2018,9
1-7,0,,,,,,,observed,LSTM,BASE+arable,2018,9
8-30,0,,,,,,,observed,LSTM,BASE+arable,2018,9
31-90,0,,,,,,,observed,LSTM,BASE+arable,2018,9
91-180,0,,,,,,,observed,LSTM,BASE+arable,2018,9
181-270,0,,,,,,,observed,LSTM,BASE+arable,2018,9
271-365,0,,,,,,,observed,LSTM,BASE+arable,2018,9
1-7,7,-0.185,62.842,41.301,1.4515,0.9085,0.892,gapfilled,LSTM,BASE+arable,2018,9
8-30,23,-0.658,59.356,40.682,2.1465,1.333,0.351,gapfilled,LSTM,BASE+arable,2018,9
31-90,60,-0.772,57.934,37.566,1.5303,1.015,-0.154,gapfilled,LSTM,BASE+arable,2018,9
91-180,90,-8.704,34.716,28.908,3.8464,1.8942,0.362,gapfilled,LSTM,BASE+arable,2018,9
181-270,90,-1.321,86.235,69.918,0.8756,0.7316,0.013,gapfilled,LSTM,BASE+arable,2018,9
271-365,95,-0.557,34.219,24.928,1.3,0.8411,-0.071,gapfilled,LSTM,BASE+arable,2018,9
1-7,6,-4.239,22.462,21.434,0.5833,1.1795,0.759,observed,TFT,BASE+flow,2018,2
8-30,21,-3.68,22.672,20.799,0.4465,2.2336,0.579,observed,TFT,BASE+flow,2018,2
31-90,32,-0.905,17.75,13.779,0.3029,1.1865,0.184,observed,TFT,BASE+flow,2018,2
91-180,43,-2.153,40.556,29.012,0.4719,1.8309,-0.256,observed,TFT,BASE+flow,2018,2
181-270,0,,,,,,,observed,TFT,BASE+flow,2018,2
271-365,0,,,,,,,observed,TFT,BASE+flow,2018,2
1-7,7,-2.15,45.26,37.15,1.2172,1.1155,0.033,gapfilled,TFT,BASE+flow,2018,2
8-30,23,-6.68,21.7,20.294,0.438,2.3014,0.588,gapfilled,TFT,BASE+flow,2018,2
31-90,60,-1.28,33.363,26.695,0.7677,1.0581,0.331,gapfilled,TFT,BASE+flow,2018,2
91-180,90,-13.146,33.725,25.54,0.5139,3.2425,-0.368,gapfilled,TFT,BASE+flow,2018,2
181-270,90,-29.809,26.733,24.288,0.4689,4.9912,-0.071,gapfilled,TFT,BASE+flow,2018,2
271-365,95,-2.519,19.672,15.774,0.349,1.5436,-0.094,gapfilled,TFT,BASE+flow,2018,2
1-7,6,-6.736,27.296,23.834,0.6486,1.3116,0.387,observed,DLinear,BASE+flow,2018,2
8-30,21,-13.141,39.408,35.042,0.7523,3.7631,0.6,observed,DLinear,BASE+flow,2018,2
31-90,32,-3.566,27.478,22.021,0.4842,1.8963,0.29,observed,DLinear,BASE+flow,2018,2
91-180,43,-3.222,46.926,39.752,0.6466,2.5087,-0.176,observed,DLinear,BASE+flow,2018,2
181-270,0,,,,,,,observed,DLinear,BASE+flow,2018,2
271-365,0,,,,,,,observed,DLinear,BASE+flow,2018,2
1-7,7,0.029,25.129,21.021,0.6887,0.6312,0.368,gapfilled,DLinear,BASE+flow,2018,2
8-30,23,-25.968,40.663,35.972,0.7764,4.0792,0.651,gapfilled,DLinear,BASE+flow,2018,2
31-90,60,-2.186,39.439,29.668,0.8532,1.176,-0.212,gapfilled,DLinear,BASE+flow,2018,2
91-180,90,-17.357,38.418,32.429,0.6525,4.1171,-0.246,gapfilled,DLinear,BASE+flow,2018,2
181-270,90,-81.041,43.624,36.331,0.7014,7.4662,-0.034,gapfilled,DLinear,BASE+flow,2018,2
271-365,95,-3.274,21.678,17.305,0.3829,1.6934,0.367,gapfilled,DLinear,BASE+flow,2018,2
1-7,6,-4.049,22.052,19.145,0.521,1.0535,0.841,observed,LSTM,BASE+flow,2018,2
8-30,21,-4.664,24.941,20.656,0.4435,2.2182,0.691,observed,LSTM,BASE+flow,2018,2
31-90,32,-4.279,29.544,24.116,0.5302,2.0766,0.576,observed,LSTM,BASE+flow,2018,2
91-180,43,-4.102,51.588,44.715,0.7273,2.8219,-0.113,observed,LSTM,BASE+flow,2018,2
181-270,0,,,,,,,observed,LSTM,BASE+flow,2018,2
271-365,0,,,,,,,observed,LSTM,BASE+flow,2018,2
1-7,7,-1.294,38.622,32.282,1.0577,0.9693,-0.028,gapfilled,LSTM,BASE+flow,2018,2
8-30,23,-9.389,25.238,21.049,0.4543,2.387,0.716,gapfilled,LSTM,BASE+flow,2018,2
31-90,60,-2.5,41.335,34.193,0.9833,1.3553,-0.369,gapfilled,LSTM,BASE+flow,2018,2
91-180,90,-23.52,44.402,39.494,0.7946,5.0141,-0.132,gapfilled,LSTM,BASE+flow,2018,2
181-270,90,-98.06,47.936,44.743,0.8638,9.1948,-0.14,gapfilled,LSTM,BASE+flow,2018,2
271-365,95,-2.301,19.051,14.675,0.3247,1.436,-0.364,gapfilled,LSTM,BASE+flow,2018,2
1-7,1,,,,,,,observed,TFT,BASE+flow,2018,4
8-30,7,-7.312,24.632,16.985,1.1196,2.4288,-0.728,observed,TFT,BASE+flow,2018,4
31-90,33,-1.439,25.039,16.902,1.0291,1.3854,-0.257,observed,TFT,BASE+flow,2018,4
91-180,83,-0.741,25.306,20.373,1.1179,1.6489,0.241,observed,TFT,BASE+flow,2018,4
181-270,72,-0.161,85.897,58.191,0.9524,0.8329,0.149,observed,TFT,BASE+flow,2018,4
271-365,67,-0.222,68.521,31.024,1.0191,1.0094,-0.141,observed,TFT,BASE+flow,2018,4
1-7,7,-3.391,44.649,39.159,2.6887,1.2048,0.306,gapfilled,TFT,BASE+flow,2018,4
8-30,23,-3.425,24.826,20.561,1.7861,1.2675,0.204,gapfilled,TFT,BASE+flow,2018,4
31-90,60,-1.965,32.258,23.081,1.5829,1.075,-0.087,gapfilled,TFT,BASE+flow,2018,4
91-180,90,-1.806,23.759,19.326,1.2851,1.5737,0.027,gapfilled,TFT,BASE+flow,2018,4
181-270,90,-0.399,65.404,47.457,0.8934,0.7094,0.284,gapfilled,TFT,BASE+flow,2018,4
271-365,95,-0.188,42.762,28.936,1.0772,0.8665,0.459,gapfilled,TFT,BASE+flow,2018,4
1-7,1,,,,,,,observed,DLinear,BASE+flow,2018,4
8-30,7,-12.232,31.078,28.717,1.893,4.1063,-0.945,observed,DLinear,BASE+flow,2018,4
31-90,33,-3.415,33.691,27.626,1.682,2.2644,-0.186,observed,DLinear,BASE+flow,2018,4
91-180,83,-52.734,140.602,106.319,5.834,8.6051,-0.11,observed,DLinear,BASE+flow,2018,4
181-270,72,-1.897,135.679,101.937,1.6684,1.459,0.046,observed,DLinear,BASE+flow,2018,4
271-365,67,0.047,60.514,37.382,1.228,1.2163,0.415,observed,DLinear,BASE+flow,2018,4
1-7,7,-2.458,39.622,37.94,2.605,1.1673,-0.448,gapfilled,DLinear,BASE+flow,2018,4
8-30,23,-13.082,44.288,41.232,3.5817,2.5418,0.68,gapfilled,DLinear,BASE+flow,2018,4
31-90,60,-3.093,37.9,31.227,2.1415,1.4544,-0.275,gapfilled,DLinear,BASE+flow,2018,4
91-180,90,-96.521,140.059,104.525,6.9506,8.5111,-0.23,gapfilled,DLinear,BASE+flow,2018,4
181-270,90,-3.999,123.645,93.736,1.7646,1.4012,-0.034,gapfilled,DLinear,BASE+flow,2018,4
271-365,95,-0.537,48.635,35.047,1.3047,1.0495,0.237,gapfilled,DLinear,BASE+flow,2018,4
1-7,1,,,,,,,observed,LSTM,BASE+flow,2018,4
8-30,7,-3.403,17.928,13.197,0.87,1.8872,-0.417,observed,LSTM,BASE+flow,2018,4
31-90,33,-0.799,21.506,15.576,0.9483,1.2767,0.008,observed,LSTM,BASE+flow,2018,4
91-180,83,-6.287,51.777,42.142,2.3124,3.4108,0.296,observed,LSTM,BASE+flow,2018,4
181-270,72,-0.154,85.636,60.451,0.9894,0.8652,0.217,observed,LSTM,BASE+flow,2018,4
271-365,67,-0.071,64.149,28.526,0.9371,0.9281,0.089,observed,LSTM,BASE+flow,2018,4
1-7,7,-2.759,41.31,30.709,2.1085,0.9448,-0.446,gapfilled,LSTM,BASE+flow,2018,4
8-30,23,-1.423,18.37,15.106,1.3122,0.9312,0.504,gapfilled,LSTM,BASE+flow,2018,4
31-90,60,-1.345,28.688,21.996,1.5085,1.0245,-0.104,gapfilled,LSTM,BASE+flow,2018,4
91-180,90,-11.227,49.593,40.402,2.6866,3.2898,0.219,gapfilled,LSTM,BASE+flow,2018,4
181-270,90,-0.559,69.056,52.376,0.986,0.7829,0.07,gapfilled,LSTM,BASE+flow,2018,4
271-365,95,0.053,38.172,24.637,0.9172,0.7378,0.524,gapfilled,LSTM,BASE+flow,2018,4
1-7,0,,,,,,,observed,TFT,BASE+flow,2018,9
8-30,0,,,,,,,observed,TFT,BASE+flow,2018,9
31-90,0,,,,,,,observed,TFT,BASE+flow,2018,9
91-180,0,,,,,,,observed,TFT,BASE+flow,2018,9
181-270,0,,,,,,,observed,TFT,BASE+flow,2018,9
271-365,0,,,,,,,observed,TFT,BASE+flow,2018,9
1-7,7,-0.642,73.962,46.63,1.6388,1.0257,0.115,gapfilled,TFT,BASE+flow,2018,9
8-30,23,-0.733,60.691,40.961,2.1612,1.3421,0.238,gapfilled,TFT,BASE+flow,2018,9
31-90,60,-0.687,56.529,33.584,1.3681,0.9074,-0.073,gapfilled,TFT,BASE+flow,2018,9
91-180,90,-7.378,32.258,25.843,3.4385,1.6933,-0.08,gapfilled,TFT,BASE+flow,2018,9
181-270,90,-1.4,87.688,73.821,0.9245,0.7724,0.425,gapfilled,TFT,BASE+flow,2018,9
271-365,95,-0.62,34.902,26.107,1.3615,0.8808,0.313,gapfilled,TFT,BASE+flow,2018,9
1-7,0,,,,,,,observed,DLinear,BASE+flow,2018,9
8-30,0,,,,,,,observed,DLinear,BASE+flow,2018,9
31-90,0,,,,,,,observed,DLinear,BASE+flow,2018,9
91-180,0,,,,,,,observed,DLinear,BASE+flow,2018,9
181-270,0,,,,,,,observed,DLinear,BASE+flow,2018,9
271-365,0,,,,,,,observed,DLinear,BASE+flow,2018,9
1-7,7,-1.54,91.997,68.325,2.4012,1.5029,0.047,gapfilled,DLinear,BASE+flow,2018,9
8-30,23,-3.098,93.326,80.556,4.2504,2.6395,0.292,gapfilled,DLinear,BASE+flow,2018,9
31-90,60,-4.211,99.361,84.244,3.4319,2.2761,0.122,gapfilled,DLinear,BASE+flow,2018,9
91-180,90,-78.13,99.137,85.584,11.3876,5.6078,0.15,gapfilled,DLinear,BASE+flow,2018,9
181-270,90,-2.226,101.677,83.847,1.0501,0.8773,0.489,gapfilled,DLinear,BASE+flow,2018,9
271-365,95,-1.194,40.617,30.265,1.5783,1.0211,0.138,gapfilled,DLinear,BASE+flow,2018,9
1-7,0,,,,,,,observed,LSTM,BASE+flow,2018,9
8-30,0,,,,,,,observed,LSTM,BASE+flow,2018,9
31-90,0,,,,,,,observed,LSTM,BASE+flow,2018,9
91-180,0,,,,,,,observed,LSTM,BASE+flow,2018,9
181-270,0,,,,,,,observed,LSTM,BASE+flow,2018,9
271-365,0,,,,,,,observed,LSTM,BASE+flow,2018,9
1-7,7,-0.269,65.027,43.778,1.5385,0.963,0.896,gapfilled,LSTM,BASE+flow,2018,9
8-30,23,-0.69,59.925,41.156,2.1715,1.3485,0.332,gapfilled,LSTM,BASE+flow,2018,9
31-90,60,-0.765,57.817,37.036,1.5087,1.0007,-0.149,gapfilled,LSTM,BASE+flow,2018,9
91-180,90,-14.669,44.115,35.972,4.7863,2.357,0.37,gapfilled,LSTM,BASE+flow,2018,9
181-270,90,-1.24,84.73,68.777,0.8613,0.7196,0.001,gapfilled,LSTM,BASE+flow,2018,9
271-365,95,-0.49,33.475,24.07,1.2552,0.8121,-0.039,gapfilled,LSTM,BASE+flow,2018,9
1-7,6,-1.663,16.013,15.13,0.4118,0.8326,0.89,observed,TFT,BASE+mgmt,2018,2
8-30,21,0.051,10.211,9.209,0.1977,0.989,0.387,observed,TFT,BASE+mgmt,2018,2
31-90,32,0.002,12.844,9.829,0.2161,0.8464,0.291,observed,TFT,BASE+mgmt,2018,2
91-180,43,-2.592,43.283,34.168,0.5558,2.1563,-0.27,observed,TFT,BASE+mgmt,2018,2
181-270,0,,,,,,,observed,TFT,BASE+mgmt,2018,2
271-365,0,,,,,,,observed,TFT,BASE+mgmt,2018,2
1-7,7,-1.56,40.802,31.086,1.0185,0.9334,-0.044,gapfilled,TFT,BASE+mgmt,2018,2
8-30,23,-0.132,8.329,7.341,0.1584,0.8324,0.378,gapfilled,TFT,BASE+mgmt,2018,2
31-90,60,-1.265,33.251,22.888,0.6582,0.9072,-0.424,gapfilled,TFT,BASE+mgmt,2018,2
91-180,90,-13.389,34.013,28.056,0.5645,3.5619,-0.293,gapfilled,TFT,BASE+mgmt,2018,2
181-270,90,-17.653,20.801,17.38,0.3355,3.5717,-0.144,gapfilled,TFT,BASE+mgmt,2018,2
271-365,95,-1.317,15.96,11.991,0.2653,1.1734,-0.184,gapfilled,TFT,BASE+mgmt,2018,2
1-7,6,-0.567,12.286,10.215,0.278,0.5621,0.739,observed,DLinear,BASE+mgmt,2018,2
8-30,21,-4.487,24.547,19.026,0.4085,2.0432,0.387,observed,DLinear,BASE+mgmt,2018,2
31-90,32,-5.058,31.65,25.815,0.5676,2.2229,0.184,observed,DLinear,BASE+mgmt,2018,2
91-180,43,-3.687,49.447,40.951,0.6661,2.5844,-0.107,observed,DLinear,BASE+mgmt,2018,2
181-270,0,,,,,,,observed,DLinear,BASE+mgmt,2018,2
271-365,0,,,,,,,observed,DLinear,BASE+mgmt,2018,2
1-7,7,-0.305,29.126,20.465,0.6705,0.6145,-0.127,gapfilled,DLinear,BASE+mgmt,2018,2
8-30,23,-8.437,24.054,19.812,0.4276,2.2466,0.477,gapfilled,DLinear,BASE+mgmt,2018,2
31-90,60,-2.818,43.173,34.927,1.0044,1.3844,-0.089,gapfilled,DLinear,BASE+mgmt,2018,2
91-180,90,-22.235,43.223,35.833,0.721,4.5493,-0.167,gapfilled,DLinear,BASE+mgmt,2018,2
181-270,90,-240.774,74.889,54.123,1.0449,11.1224,0.223,gapfilled,DLinear,BASE+mgmt,2018,2
271-365,95,-372.018,202.519,181.165,4.0086,17.728,0.488,gapfilled,DLinear,BASE+mgmt,2018,2
1-7,6,-1.345,15.028,11.552,0.3144,0.6357,0.79,observed,LSTM,BASE+mgmt,2018,2
8-30,21,-0.369,12.262,10.242,0.2199,1.0998,0.671,observed,LSTM,BASE+mgmt,2018,2
31-90,32,-0.288,14.596,11.459,0.2519,0.9868,0.592,observed,LSTM,BASE+mgmt,2018,2
91-180,43,-1.403,35.406,24.995,0.4066,1.5774,-0.091,observed,LSTM,BASE+mgmt,2018,2
181-270,0,,,,,,,observed,LSTM,BASE+mgmt,2018,2
271-365,0,,,,,,,observed,LSTM,BASE+mgmt,2018,2
1-7,7,-1.487,40.211,27.431,0.8988,0.8237,-0.07,gapfilled,LSTM,BASE+mgmt,2018,2
8-30,23,-1.713,12.897,11.14,0.2405,1.2633,0.676,gapfilled,LSTM,BASE+mgmt,2018,2
31-90,60,-1.485,34.832,25.073,0.721,0.9938,-0.331,gapfilled,LSTM,BASE+mgmt,2018,2
91-180,90,-7.198,25.674,17.135,0.3448,2.1754,-0.095,gapfilled,LSTM,BASE+mgmt,2018,2
181-270,90,-52.203,35.13,30.346,0.5859,6.2361,-0.421,gapfilled,LSTM,BASE+mgmt,2018,2
271-365,95,-4.068,23.606,19.0,0.4204,1.8593,-0.518,gapfilled,LSTM,BASE+mgmt,2018,2
1-7,1,,,,,,,observed,TFT,BASE+mgmt,2018,4
8-30,7,-0.55,10.637,7.49,0.4937,1.0711,-0.454,observed,TFT,BASE+mgmt,2018,4
31-90,33,-0.538,19.886,12.512,0.7618,1.0255,-0.395,observed,TFT,BASE+mgmt,2018,4
91-180,83,-0.565,23.994,18.178,0.9975,1.4713,0.109,observed,TFT,BASE+mgmt,2018,4
181-270,72,-0.231,88.442,60.378,0.9882,0.8642,0.121,observed,TFT,BASE+mgmt,2018,4
271-365,67,-0.008,62.238,26.764,0.8792,0.8708,0.235,observed,TFT,BASE+mgmt,2018,4
1-7,7,-1.631,34.561,28.056,1.9264,0.8632,0.394,gapfilled,TFT,BASE+mgmt,2018,4
8-30,23,-0.267,13.282,10.632,0.9235,0.6554,0.806,gapfilled,TFT,BASE+mgmt,2018,4
31-90,60,-1.358,28.763,21.249,1.4573,0.9897,-0.271,gapfilled,TFT,BASE+mgmt,2018,4
91-180,90,-0.96,19.857,15.965,1.0616,1.2999,0.036,gapfilled,TFT,BASE+mgmt,2018,4
181-270,90,-0.599,69.939,51.808,0.9753,0.7744,0.201,gapfilled,TFT,BASE+mgmt,2018,4
271-365,95,-0.023,39.664,24.989,0.9303,0.7483,0.503,gapfilled,TFT,BASE+mgmt,2018,4
1-7,1,,,,,,,observed,DLinear,BASE+mgmt,2018,4
8-30,7,-9.736,27.994,22.746,1.4994,3.2526,-0.741,observed,DLinear,BASE+mgmt,2018,4
31-90,33,-2.842,31.427,27.091,1.6494,2.2206,-0.228,observed,DLinear,BASE+mgmt,2018,4
91-180,83,-7.879,57.155,48.86,2.6811,3.9546,-0.08,observed,DLinear,BASE+mgmt,2018,4
181-270,72,-0.409,94.616,76.008,1.244,1.0879,0.039,observed,DLinear,BASE+mgmt,2018,4
271-365,67,-0.444,74.47,49.524,1.6268,1.6113,0.233,observed,DLinear,BASE+mgmt,2018,4
1-7,7,-0.93,29.601,27.396,1.881,0.8429,-0.429,gapfilled,DLinear,BASE+mgmt,2018,4
8-30,23,-6.977,33.332,30.28,2.6303,1.8667,0.667,gapfilled,DLinear,BASE+mgmt,2018,4
31-90,60,-2.457,34.829,28.723,1.9698,1.3378,-0.259,gapfilled,DLinear,BASE+mgmt,2018,4
91-180,90,-16.861,59.94,51.084,3.3969,4.1596,-0.277,gapfilled,DLinear,BASE+mgmt,2018,4
181-270,90,-1.356,84.883,66.75,1.2566,0.9978,-0.077,gapfilled,DLinear,BASE+mgmt,2018,4
271-365,95,-1.555,62.702,48.61,1.8096,1.4556,0.121,gapfilled,DLinear,BASE+mgmt,2018,4
1-7,1,,,,,,,observed,LSTM,BASE+mgmt,2018,4
8-30,7,-0.866,11.671,8.809,0.5807,1.2597,-0.368,observed,LSTM,BASE+mgmt,2018,4
31-90,33,-0.269,18.06,11.623,0.7076,0.9527,0.078,observed,LSTM,BASE+mgmt,2018,4
91-180,83,-2.0,33.224,24.697,1.3552,1.9989,-0.048,observed,LSTM,BASE+mgmt,2018,4
181-270,72,-0.148,85.413,60.491,0.9901,0.8658,0.103,observed,LSTM,BASE+mgmt,2018,4
271-365,67,-0.1,65.0,28.894,0.9492,0.9401,0.167,observed,LSTM,BASE+mgmt,2018,4
1-7,7,-2.617,40.522,30.932,2.1238,0.9517,-0.433,gapfilled,LSTM,BASE+mgmt,2018,4
8-30,23,-1.436,18.418,15.107,1.3123,0.9313,0.305,gapfilled,LSTM,BASE+mgmt,2018,4
31-90,60,-1.112,27.226,19.533,1.3395,0.9098,-0.16,gapfilled,LSTM,BASE+mgmt,2018,4
91-180,90,-3.875,31.314,23.443,1.5589,1.9089,-0.166,gapfilled,LSTM,BASE+mgmt,2018,4
181-270,90,-0.485,67.383,50.48,0.9503,0.7546,0.092,gapfilled,LSTM,BASE+mgmt,2018,4
271-365,95,-0.213,43.195,27.945,1.0403,0.8368,0.499,gapfilled,LSTM,BASE+mgmt,2018,4
1-7,0,,,,,,,observed,TFT,BASE+mgmt,2018,9
8-30,0,,,,,,,observed,TFT,BASE+mgmt,2018,9
31-90,0,,,,,,,observed,TFT,BASE+mgmt,2018,9
91-180,0,,,,,,,observed,TFT,BASE+mgmt,2018,9
181-270,0,,,,,,,observed,TFT,BASE+mgmt,2018,9
271-365,0,,,,,,,observed,TFT,BASE+mgmt,2018,9
1-7,7,-0.336,66.72,64.147,2.2544,1.411,0.427,gapfilled,TFT,BASE+mgmt,2018,9
8-30,23,-0.134,49.096,39.123,2.0643,1.2819,0.38,gapfilled,TFT,BASE+mgmt,2018,9
31-90,60,-0.206,47.792,28.3,1.1528,0.7646,-0.068,gapfilled,TFT,BASE+mgmt,2018,9
91-180,90,-14.92,44.466,38.113,5.0712,2.4973,0.159,gapfilled,TFT,BASE+mgmt,2018,9
181-270,90,-1.339,86.578,71.067,0.89,0.7436,-0.049,gapfilled,TFT,BASE+mgmt,2018,9
271-365,95,-0.339,31.728,20.521,1.0702,0.6924,0.276,gapfilled,TFT,BASE+mgmt,2018,9
1-7,0,,,,,,,observed,DLinear,BASE+mgmt,2018,9
8-30,0,,,,,,,observed,DLinear,BASE+mgmt,2018,9
31-90,0,,,,,,,observed,DLinear,BASE+mgmt,2018,9
91-180,0,,,,,,,observed,DLinear,BASE+mgmt,2018,9
181-270,0,,,,,,,observed,DLinear,BASE+mgmt,2018,9
271-365,0,,,,,,,observed,DLinear,BASE+mgmt,2018,9
1-7,7,-0.653,74.209,53.642,1.8852,1.1799,0.369,gapfilled,DLinear,BASE+mgmt,2018,9
8-30,23,-0.331,53.188,34.597,1.8254,1.1336,0.204,gapfilled,DLinear,BASE+mgmt,2018,9
31-90,60,-1.094,62.982,45.283,1.8447,1.2235,0.091,gapfilled,DLinear,BASE+mgmt,2018,9
91-180,90,-34.698,66.587,57.65,7.6707,3.7775,-0.161,gapfilled,DLinear,BASE+mgmt,2018,9
181-270,90,-1.404,87.776,69.947,0.876,0.7319,0.245,gapfilled,DLinear,BASE+mgmt,2018,9
271-365,95,-2.786,53.356,40.8,2.1278,1.3766,0.061,gapfilled,DLinear,BASE+mgmt,2018,9
1-7,0,,,,,,,observed,LSTM,BASE+mgmt,2018,9
8-30,0,,,,,,,observed,LSTM,BASE+mgmt,2018,9
31-90,0,,,,,,,observed,LSTM,BASE+mgmt,2018,9
91-180,0,,,,,,,observed,LSTM,BASE+mgmt,2018,9
181-270,0,,,,,,,observed,LSTM,BASE+mgmt,2018,9
271-365,0,,,,,,,observed,LSTM,BASE+mgmt,2018,9
1-7,7,-0.354,67.175,39.606,1.3919,0.8712,0.701,gapfilled,LSTM,BASE+mgmt,2018,9
8-30,23,-0.373,54.018,29.445,1.5536,0.9648,0.212,gapfilled,LSTM,BASE+mgmt,2018,9
31-90,60,-0.516,53.59,30.147,1.2281,0.8145,-0.085,gapfilled,LSTM,BASE+mgmt,2018,9
91-180,90,-0.48,13.559,8.971,1.1937,0.5878,0.117,gapfilled,LSTM,BASE+mgmt,2018,9
181-270,90,-1.76,94.042,76.616,0.9595,0.8017,0.081,gapfilled,LSTM,BASE+mgmt,2018,9
271-365,95,-0.98,38.587,28.513,1.487,0.962,0.16,gapfilled,LSTM,BASE+mgmt,2018,9
1-7,6,-1.122,14.296,13.903,0.3784,0.7651,0.964,observed,TFT,BASE+bodyweight,2018,2
8-30,21,-3.242,21.582,19.581,0.4204,2.1028,0.565,observed,TFT,BASE+bodyweight,2018,2
31-90,32,-0.763,17.074,13.022,0.2863,1.1214,0.002,observed,TFT,BASE+bodyweight,2018,2
91-180,43,-2.022,39.7,28.667,0.4663,1.8091,-0.25,observed,TFT,BASE+bodyweight,2018,2
181-270,0,,,,,,,observed,TFT,BASE+bodyweight,2018,2
271-365,0,,,,,,,observed,TFT,BASE+bodyweight,2018,2
1-7,7,-1.507,40.372,30.427,0.9969,0.9136,0.011,gapfilled,TFT,BASE+bodyweight,2018,2
8-30,23,-5.899,20.566,18.827,0.4064,2.135,0.573,gapfilled,TFT,BASE+bodyweight,2018,2
31-90,60,-0.968,30.993,24.205,0.6961,0.9594,0.39,gapfilled,TFT,BASE+bodyweight,2018,2
91-180,90,-10.274,30.108,23.341,0.4696,2.9633,-0.348,gapfilled,TFT,BASE+bodyweight,2018,2
181-270,90,-23.691,23.932,21.973,0.4242,4.5156,-0.052,gapfilled,TFT,BASE+bodyweight,2018,2
271-365,95,-2.806,20.456,16.192,0.3583,1.5845,-0.034,gapfilled,TFT,BASE+bodyweight,2018,2
1-7,6,-10.117,32.721,28.444,0.7741,1.5653,0.193,observed,DLinear,BASE+bodyweight,2018,2
8-30,21,-23.349,51.71,45.85,0.9843,4.9237,0.407,observed,DLinear,BASE+bodyweight,2018,2
31-90,32,-4.691,30.678,23.655,0.5201,2.037,0.279,observed,DLinear,BASE+bodyweight,2018,2
91-180,43,-1.649,37.174,31.189,0.5073,1.9683,-0.079,observed,DLinear,BASE+bodyweight,2018,2
181-270,0,,,,,,,observed,DLinear,BASE+bodyweight,2018,2
271-365,0,,,,,,,observed,DLinear,BASE+bodyweight,2018,2
1-7,7,-0.148,27.322,22.369,0.7329,0.6717,0.462,gapfilled,DLinear,BASE+bodyweight,2018,2
8-30,23,-43.966,52.506,46.54,1.0045,5.2776,0.495,gapfilled,DLinear,BASE+bodyweight,2018,2
31-90,60,-2.052,38.595,31.223,0.8979,1.2376,-0.14,gapfilled,DLinear,BASE+bodyweight,2018,2
91-180,90,-6.256,24.153,19.745,0.3973,2.5068,-0.203,gapfilled,DLinear,BASE+bodyweight,2018,2
181-270,90,-29.042,26.398,22.769,0.4396,4.6791,0.049,gapfilled,DLinear,BASE+bodyweight,2018,2
271-365,95,-4.976,25.633,19.505,0.4316,1.9087,0.066,gapfilled,DLinear,BASE+bodyweight,2018,2
1-7,6,-6.591,27.038,21.438,0.5834,1.1797,0.878,observed,LSTM,BASE+bodyweight,2018,2
8-30,21,-6.566,28.826,23.105,0.496,2.4812,0.678,observed,LSTM,BASE+bodyweight,2018,2
31-90,32,-3.226,26.435,21.418,0.4709,1.8444,0.579,observed,LSTM,BASE+bodyweight,2018,2
91-180,43,-3.203,46.819,38.824,0.6315,2.4501,-0.171,observed,LSTM,BASE+bodyweight,2018,2
181-270,0,,,,,,,observed,LSTM,BASE+bodyweight,2018,2
271-365,0,,,,,,,observed,LSTM,BASE+bodyweight,2018,2
1-7,7,-1.082,36.794,31.969,1.0475,0.9599,0.032,gapfilled,LSTM,BASE+bodyweight,2018,2
8-30,23,-12.98,29.277,23.536,0.508,2.669,0.704,gapfilled,LSTM,BASE+bodyweight,2018,2
31-90,60,-2.148,39.2,31.803,0.9146,1.2606,-0.391,gapfilled,LSTM,BASE+bodyweight,2018,2
91-180,90,-17.902,38.984,33.639,0.6768,4.2708,-0.161,gapfilled,LSTM,BASE+bodyweight,2018,2
181-270,90,-120.816,53.157,50.045,0.9662,10.2844,-0.102,gapfilled,LSTM,BASE+bodyweight,2018,2
271-365,95,-2.295,19.034,15.036,0.3327,1.4714,-0.418,gapfilled,LSTM,BASE+bodyweight,2018,2
1-7,1,,,,,,,observed,TFT,BASE+bodyweight,2018,4
8-30,7,-10.589,29.086,20.904,1.378,2.9892,-0.705,observed,TFT,BASE+bodyweight,2018,4
31-90,33,-1.403,24.855,16.992,1.0345,1.3927,-0.338,observed,TFT,BASE+bodyweight,2018,4
91-180,83,-0.497,23.469,17.53,0.9619,1.4188,0.132,observed,TFT,BASE+bodyweight,2018,4
181-270,72,-0.281,90.224,60.263,0.9863,0.8626,0.125,observed,TFT,BASE+bodyweight,2018,4
271-365,67,-0.356,72.172,32.998,1.084,1.0736,-0.319,observed,TFT,BASE+bodyweight,2018,4
1-7,7,-3.729,46.334,40.678,2.793,1.2515,0.166,gapfilled,TFT,BASE+bodyweight,2018,4
8-30,23,-4.196,26.903,22.98,1.9962,1.4167,0.289,gapfilled,TFT,BASE+bodyweight,2018,4
31-90,60,-1.942,32.133,23.188,1.5902,1.08,-0.163,gapfilled,TFT,BASE+bodyweight,2018,4
91-180,90,-1.518,22.507,17.394,1.1566,1.4163,-0.043,gapfilled,TFT,BASE+bodyweight,2018,4
181-270,90,-0.657,71.196,51.532,0.9701,0.7703,0.284,gapfilled,TFT,BASE+bodyweight,2018,4
271-365,95,-0.517,48.317,33.775,1.2573,1.0114,0.288,gapfilled,TFT,BASE+bodyweight,2018,4
1-7,1,,,,,,,observed,DLinear,BASE+bodyweight,2018,4
8-30,7,-14.181,33.288,28.146,1.8554,4.0248,0.491,observed,DLinear,BASE+bodyweight,2018,4
31-90,33,-2.806,31.28,25.967,1.581,2.1285,-0.097,observed,DLinear,BASE+bodyweight,2018,4
91-180,83,-6.654,53.067,42.237,2.3176,3.4185,-0.129,observed,DLinear,BASE+bodyweight,2018,4
181-270,72,-0.332,92.002,72.684,1.1896,1.0403,0.08,observed,DLinear,BASE+bodyweight,2018,4
271-365,67,-0.06,63.803,38.239,1.2561,1.2442,0.176,observed,DLinear,BASE+bodyweight,2018,4
1-7,7,-0.87,29.14,24.496,1.6819,0.7536,-0.084,gapfilled,DLinear,BASE+bodyweight,2018,4
8-30,23,-13.347,44.703,39.876,3.4638,2.4582,0.735,gapfilled,DLinear,BASE+bodyweight,2018,4
31-90,60,-2.624,35.661,28.107,1.9275,1.3091,-0.249,gapfilled,DLinear,BASE+bodyweight,2018,4
91-180,90,-12.584,52.272,40.497,2.6929,3.2975,-0.221,gapfilled,DLinear,BASE+bodyweight,2018,4
181-270,90,-0.772,73.606,56.078,1.0557,0.8383,0.039,gapfilled,DLinear,BASE+bodyweight,2018,4
271-365,95,-0.477,47.67,35.199,1.3103,1.054,0.112,gapfilled,DLinear,BASE+bodyweight,2018,4
1-7,1,,,,,,,observed,LSTM,BASE+bodyweight,2018,4
8-30,7,-3.654,18.432,13.616,0.8976,1.947,-0.498,observed,LSTM,BASE+bodyweight,2018,4
31-90,33,-0.66,20.657,14.722,0.8963,1.2067,0.064,observed,LSTM,BASE+bodyweight,2018,4
91-180,83,-3.803,42.036,33.763,1.8526,2.7327,0.218,observed,LSTM,BASE+bodyweight,2018,4
181-270,72,-0.162,85.916,62.24,1.0187,0.8909,0.167,observed,LSTM,BASE+bodyweight,2018,4
271-365,67,-0.055,63.677,28.209,0.9266,0.9178,0.108,observed,LSTM,BASE+bodyweight,2018,4
1-7,7,-2.987,42.543,32.107,2.2045,0.9878,-0.464,gapfilled,LSTM,BASE+bodyweight,2018,4
8-30,23,-1.606,19.054,15.323,1.3311,0.9446,0.572,gapfilled,LSTM,BASE+bodyweight,2018,4
31-90,60,-1.3,28.411,21.883,1.5007,1.0192,-0.042,gapfilled,LSTM,BASE+bodyweight,2018,4
91-180,90,-6.844,39.721,32.079,2.1332,2.6121,0.101,gapfilled,LSTM,BASE+bodyweight,2018,4
181-270,90,-0.638,70.786,55.665,1.0479,0.8321,0.011,gapfilled,LSTM,BASE+bodyweight,2018,4
271-365,95,0.115,36.898,23.784,0.8854,0.7122,0.568,gapfilled,LSTM,BASE+bodyweight,2018,4
1-7,0,,,,,,,observed,TFT,BASE+bodyweight,2018,9
8-30,0,,,,,,,observed,TFT,BASE+bodyweight,2018,9
31-90,0,,,,,,,observed,TFT,BASE+bodyweight,2018,9
91-180,0,,,,,,,observed,TFT,BASE+bodyweight,2018,9
181-270,0,,,,,,,observed,TFT,BASE+bodyweight,2018,9
271-365,0,,,,,,,observed,TFT,BASE+bodyweight,2018,9
1-7,7,-0.705,75.374,49.202,1.7291,1.0823,0.157,gapfilled,TFT,BASE+bodyweight,2018,9
8-30,23,-0.792,61.722,42.565,2.2458,1.3947,0.247,gapfilled,TFT,BASE+bodyweight,2018,9
31-90,60,-0.757,57.687,35.617,1.4509,0.9623,-0.087,gapfilled,TFT,BASE+bodyweight,2018,9
91-180,90,-2.947,22.142,18.245,2.4276,1.1955,-0.135,gapfilled,TFT,BASE+bodyweight,2018,9
181-270,90,-1.67,92.504,78.588,0.9842,0.8223,0.474,gapfilled,TFT,BASE+bodyweight,2018,9
271-365,95,-1.178,40.47,30.637,1.5977,1.0337,0.268,gapfilled,TFT,BASE+bodyweight,2018,9
1-7,0,,,,,,,observed,DLinear,BASE+bodyweight,2018,9
8-30,0,,,,,,,observed,DLinear,BASE+bodyweight,2018,9
31-90,0,,,,,,,observed,DLinear,BASE+bodyweight,2018,9
91-180,0,,,,,,,observed,DLinear,BASE+bodyweight,2018,9
181-270,0,,,,,,,observed,DLinear,BASE+bodyweight,2018,9
271-365,0,,,,,,,observed,DLinear,BASE+bodyweight,2018,9
1-7,7,0.435,43.372,28.794,1.0119,0.6334,0.827,gapfilled,DLinear,BASE+bodyweight,2018,9
8-30,23,0.101,43.713,30.04,1.585,0.9843,0.443,gapfilled,DLinear,BASE+bodyweight,2018,9
31-90,60,-0.982,61.273,45.024,1.8342,1.2165,-0.033,gapfilled,DLinear,BASE+bodyweight,2018,9
91-180,90,-10.695,38.113,32.397,4.3106,2.1228,0.099,gapfilled,DLinear,BASE+bodyweight,2018,9
181-270,90,-0.446,68.066,53.989,0.6761,0.5649,0.312,gapfilled,DLinear,BASE+bodyweight,2018,9
271-365,95,-0.737,36.136,25.926,1.3521,0.8747,0.169,gapfilled,DLinear,BASE+bodyweight,2018,9
1-7,0,,,,,,,observed,LSTM,BASE+bodyweight,2018,9
8-30,0,,,,,,,observed,LSTM,BASE+bodyweight,2018,9
31-90,0,,,,,,,observed,LSTM,BASE+bodyweight,2018,9
91-180,0,,,,,,,observed,LSTM,BASE+bodyweight,2018,9
181-270,0,,,,,,,observed,LSTM,BASE+bodyweight,2018,9
271-365,0,,,,,,,observed,LSTM,BASE+bodyweight,2018,9
1-7,7,-0.118,61.045,39.579,1.3909,0.8706,0.872,gapfilled,LSTM,BASE+bodyweight,2018,9
8-30,23,-0.6,58.306,42.076,2.2201,1.3787,0.461,gapfilled,LSTM,BASE+bodyweight,2018,9
31-90,60,-0.885,59.762,39.937,1.6269,1.079,-0.172,gapfilled,LSTM,BASE+bodyweight,2018,9
91-180,90,-3.793,24.399,20.849,2.7741,1.3661,0.285,gapfilled,LSTM,BASE+bodyweight,2018,9
181-270,90,-1.859,95.719,78.23,0.9797,0.8186,-0.373,gapfilled,LSTM,BASE+bodyweight,2018,9
271-365,95,-0.665,35.379,24.894,1.2983,0.8399,-0.049,gapfilled,LSTM,BASE+bodyweight,2018,9
1-7,6,0.598,6.219,3.884,0.1057,0.2138,0.799,observed,TFT,BASE+ALL,2018,2
8-30,21,-0.005,10.508,8.186,0.1758,0.8791,0.601,observed,TFT,BASE+ALL,2018,2
31-90,32,-1.711,21.174,17.651,0.3881,1.52,0.065,observed,TFT,BASE+ALL,2018,2
91-180,43,-1.385,35.272,25.784,0.4194,1.6272,-0.386,observed,TFT,BASE+ALL,2018,2
181-270,0,,,,,,,observed,TFT,BASE+ALL,2018,2
271-365,0,,,,,,,observed,TFT,BASE+ALL,2018,2
1-7,7,-0.453,30.738,17.843,0.5846,0.5358,0.11,gapfilled,TFT,BASE+ALL,2018,2
8-30,23,-0.182,8.512,6.113,0.1319,0.6932,0.614,gapfilled,TFT,BASE+ALL,2018,2
31-90,60,-1.384,34.111,24.727,0.7111,0.9801,-0.409,gapfilled,TFT,BASE+ALL,2018,2
91-180,90,-5.035,22.028,17.504,0.3522,2.2223,-0.348,gapfilled,TFT,BASE+ALL,2018,2
181-270,90,-19.566,21.842,20.333,0.3926,4.1785,0.041,gapfilled,TFT,BASE+ALL,2018,2
271-365,95,-3.816,23.012,18.29,0.4047,1.7898,-0.228,gapfilled,TFT,BASE+ALL,2018,2
1-7,6,-8.629,30.453,23.386,0.6364,1.2869,0.45,observed,DLinear,BASE+ALL,2018,2
8-30,21,-7.892,31.249,27.714,0.595,2.9762,0.397,observed,DLinear,BASE+ALL,2018,2
31-90,32,-2.853,25.241,20.803,0.4574,1.7914,0.209,observed,DLinear,BASE+ALL,2018,2
91-180,43,-1.957,39.27,29.394,0.4781,1.855,-0.216,observed,DLinear,BASE+ALL,2018,2
181-270,0,,,,,,,observed,DLinear,BASE+ALL,2018,2
271-365,0,,,,,,,observed,DLinear,BASE+ALL,2018,2
1-7,7,-0.224,28.214,20.778,0.6808,0.6239,0.324,gapfilled,DLinear,BASE+ALL,2018,2
8-30,23,-15.964,32.25,28.393,0.6128,3.2198,0.462,gapfilled,DLinear,BASE+ALL,2018,2
31-90,60,-4.207,50.415,39.809,1.1448,1.5779,-0.126,gapfilled,DLinear,BASE+ALL,2018,2
91-180,90,-9.947,29.668,22.146,0.4456,2.8116,-0.279,gapfilled,DLinear,BASE+ALL,2018,2
181-270,90,-17923541715.35,644796.027,249470.579,4816.2737,51266.9689,0.131,gapfilled,DLinear,BASE+ALL,2018,2
271-365,95,-77888514976.768,2926425.827,2911349.632,64419.7461,284892.116,0.118,gapfilled,DLinear,BASE+ALL,2018,2
1-7,6,-1.062,14.094,11.697,0.3183,0.6437,0.774,observed,LSTM,BASE+ALL,2018,2
8-30,21,-1.942,17.974,14.632,0.3141,1.5713,0.592,observed,LSTM,BASE+ALL,2018,2
31-90,32,-1.592,20.705,16.792,0.3692,1.446,0.606,observed,LSTM,BASE+ALL,2018,2
91-180,43,-1.246,34.225,26.726,0.4347,1.6867,-0.295,observed,LSTM,BASE+ALL,2018,2
181-270,0,,,,,,,observed,LSTM,BASE+ALL,2018,2
271-365,0,,,,,,,observed,LSTM,BASE+ALL,2018,2
1-7,7,-1.665,41.626,28.158,0.9226,0.8455,-0.144,gapfilled,LSTM,BASE+ALL,2018,2
8-30,23,-4.006,17.519,14.953,0.3227,1.6957,0.621,gapfilled,LSTM,BASE+ALL,2018,2
31-90,60,-2.224,39.669,30.835,0.8867,1.2222,-0.338,gapfilled,LSTM,BASE+ALL,2018,2
91-180,90,-6.797,25.037,19.779,0.398,2.5111,-0.139,gapfilled,LSTM,BASE+ALL,2018,2
181-270,90,-27.387,25.661,23.371,0.4512,4.8029,-0.04,gapfilled,LSTM,BASE+ALL,2018,2
271-365,95,-3.887,23.181,22.68,0.5019,2.2194,0.329,gapfilled,LSTM,BASE+ALL,2018,2
1-7,1,,,,,,,observed,TFT,BASE+ALL,2018,4
8-30,7,-3.012,17.113,12.576,0.829,1.7983,-0.507,observed,TFT,BASE+ALL,2018,4
31-90,33,-0.687,20.827,14.554,0.8861,1.193,-0.194,observed,TFT,BASE+ALL,2018,4
91-180,83,-0.537,23.779,17.92,0.9833,1.4504,0.144,observed,TFT,BASE+ALL,2018,4
181-270,72,-0.137,85.012,57.841,0.9467,0.8279,0.199,observed,TFT,BASE+ALL,2018,4
271-365,67,-0.13,65.9,28.711,0.9431,0.9341,-0.046,observed,TFT,BASE+ALL,2018,4
1-7,7,-2.122,37.647,30.408,2.0878,0.9355,-0.111,gapfilled,TFT,BASE+ALL,2018,4
8-30,23,-0.591,14.887,12.112,1.0521,0.7467,0.722,gapfilled,TFT,BASE+ALL,2018,4
31-90,60,-1.874,31.758,24.013,1.6468,1.1185,-0.303,gapfilled,TFT,BASE+ALL,2018,4
91-180,90,-1.284,21.434,16.494,1.0968,1.3431,0.076,gapfilled,TFT,BASE+ALL,2018,4
181-270,90,-0.467,66.985,46.706,0.8792,0.6982,0.265,gapfilled,TFT,BASE+ALL,2018,4
271-365,95,-0.162,42.277,27.657,1.0296,0.8282,0.436,gapfilled,TFT,BASE+ALL,2018,4
1-7,1,,,,,,,observed,DLinear,BASE+ALL,2018,4
8-30,7,-1.681,13.99,11.14,0.7343,1.5929,0.182,observed,DLinear,BASE+ALL,2018,4
31-90,33,-4.881,38.883,29.179,1.7765,2.3917,-0.21,observed,DLinear,BASE+ALL,2018,4
91-180,83,-10.433,64.854,54.03,2.9647,4.373,-0.108,observed,DLinear,BASE+ALL,2018,4
181-270,72,-0.649,102.381,80.032,1.3099,1.1455,0.067,observed,DLinear,BASE+ALL,2018,4
271-365,67,-0.864,84.616,55.186,1.8128,1.7956,0.015,observed,DLinear,BASE+ALL,2018,4
1-7,7,-0.612,27.05,22.327,1.533,0.6869,-0.018,gapfilled,DLinear,BASE+ALL,2018,4
8-30,23,-2.629,22.482,18.115,1.5736,1.1167,0.672,gapfilled,DLinear,BASE+ALL,2018,4
31-90,60,-4.167,42.582,32.292,2.2145,1.5041,-0.166,gapfilled,DLinear,BASE+ALL,2018,4
91-180,90,-20.678,66.034,55.613,3.6981,4.5284,-0.294,gapfilled,DLinear,BASE+ALL,2018,4
181-270,90,-1.953,95.038,76.494,1.44,1.1435,-0.035,gapfilled,DLinear,BASE+ALL,2018,4
271-365,95,-1.818,65.844,52.447,1.9524,1.5705,0.171,gapfilled,DLinear,BASE+ALL,2018,4
1-7,1,,,,,,,observed,LSTM,BASE+ALL,2018,4
8-30,7,-0.608,10.836,7.621,0.5024,1.0898,-0.491,observed,LSTM,BASE+ALL,2018,4
31-90,33,-0.668,20.71,13.875,0.8448,1.1373,-0.189,observed,LSTM,BASE+ALL,2018,4
91-180,83,-0.2,21.012,14.902,0.8177,1.2061,0.12,observed,LSTM,BASE+ALL,2018,4
181-270,72,-0.565,99.72,69.92,1.1444,1.0008,0.28,observed,LSTM,BASE+ALL,2018,4
271-365,67,-0.172,67.09,30.397,0.9985,0.989,-0.11,observed,LSTM,BASE+ALL,2018,4
1-7,7,-2.045,37.181,28.682,1.9693,0.8824,-0.531,gapfilled,LSTM,BASE+ALL,2018,4
8-30,23,-0.326,13.59,10.91,0.9477,0.6726,0.643,gapfilled,LSTM,BASE+ALL,2018,4
31-90,60,-1.334,28.621,20.836,1.4289,0.9705,-0.261,gapfilled,LSTM,BASE+ALL,2018,4
91-180,90,-0.896,19.527,13.852,0.9211,1.1279,-0.093,gapfilled,LSTM,BASE+ALL,2018,4
181-270,90,-1.485,87.174,68.568,1.2908,1.025,0.097,gapfilled,LSTM,BASE+ALL,2018,4
271-365,95,-0.156,42.181,27.494,1.0235,0.8233,0.446,gapfilled,LSTM,BASE+ALL,2018,4
1-7,0,,,,,,,observed,TFT,BASE+ALL,2018,9
8-30,0,,,,,,,observed,TFT,BASE+ALL,2018,9
31-90,0,,,,,,,observed,TFT,BASE+ALL,2018,9
91-180,0,,,,,,,observed,TFT,BASE+ALL,2018,9
181-270,0,,,,,,,observed,TFT,BASE+ALL,2018,9
271-365,0,,,,,,,observed,TFT,BASE+ALL,2018,9
1-7,7,-4.428,134.485,120.015,4.2178,2.6399,-0.747,gapfilled,TFT,BASE+ALL,2018,9
8-30,23,-3.169,94.13,80.341,4.239,2.6324,-0.11,gapfilled,TFT,BASE+ALL,2018,9
31-90,60,-2.633,82.964,68.796,2.8025,1.8587,-0.152,gapfilled,TFT,BASE+ALL,2018,9
91-180,90,-6.23,29.966,24.759,3.2944,1.6224,-0.234,gapfilled,TFT,BASE+ALL,2018,9
181-270,90,-2.252,102.087,88.986,1.1144,0.9311,0.323,gapfilled,TFT,BASE+ALL,2018,9
271-365,95,-0.664,35.367,22.323,1.1641,0.7532,-0.069,gapfilled,TFT,BASE+ALL,2018,9
1-7,0,,,,,,,observed,DLinear,BASE+ALL,2018,9
8-30,0,,,,,,,observed,DLinear,BASE+ALL,2018,9
31-90,0,,,,,,,observed,DLinear,BASE+ALL,2018,9
91-180,0,,,,,,,observed,DLinear,BASE+ALL,2018,9
181-270,0,,,,,,,observed,DLinear,BASE+ALL,2018,9
271-365,0,,,,,,,observed,DLinear,BASE+ALL,2018,9
1-7,7,-0.057,59.34,44.906,1.5782,0.9878,0.712,gapfilled,DLinear,BASE+ALL,2018,9
8-30,23,-0.95,64.373,49.899,2.6328,1.635,0.413,gapfilled,DLinear,BASE+ALL,2018,9
31-90,60,-2.086,76.455,57.87,2.3575,1.5635,0.001,gapfilled,DLinear,BASE+ALL,2018,9
91-180,90,-71.764,95.065,87.171,11.5988,5.7118,0.028,gapfilled,DLinear,BASE+ALL,2018,9
181-270,90,-1.566,90.686,76.976,0.964,0.8054,0.503,gapfilled,DLinear,BASE+ALL,2018,9
271-365,95,-2.223,49.228,37.38,1.9494,1.2612,0.172,gapfilled,DLinear,BASE+ALL,2018,9
1-7,0,,,,,,,observed,LSTM,BASE+ALL,2018,9
8-30,0,,,,,,,observed,LSTM,BASE+ALL,2018,9
31-90,0,,,,,,,observed,LSTM,BASE+ALL,2018,9
91-180,0,,,,,,,observed,LSTM,BASE+ALL,2018,9
181-270,0,,,,,,,observed,LSTM,BASE+ALL,2018,9
271-365,0,,,,,,,observed,LSTM,BASE+ALL,2018,9
1-7,7,-0.093,60.339,29.777,1.0465,0.655,0.765,gapfilled,LSTM,BASE+ALL,2018,9
8-30,23,-0.169,49.844,26.407,1.3933,0.8652,0.453,gapfilled,LSTM,BASE+ALL,2018,9
31-90,60,-0.728,57.214,34.999,1.4258,0.9456,-0.235,gapfilled,LSTM,BASE+ALL,2018,9
91-180,90,-1.018,15.83,13.649,1.8161,0.8943,0.298,gapfilled,LSTM,BASE+ALL,2018,9
181-270,90,-2.344,103.513,83.737,1.0487,0.8762,-0.41,gapfilled,LSTM,BASE+ALL,2018,9
271-365,95,-0.437,32.87,21.985,1.1465,0.7418,0.05,gapfilled,LSTM,BASE+ALL,2018,9
1-7,0,,,,,,,observed,TFT,BASE,2019,2
8-30,0,,,,,,,observed,TFT,BASE,2019,2
31-90,0,,,,,,,observed,TFT,BASE,2019,2
91-180,0,,,,,,,observed,TFT,BASE,2019,2
181-270,0,,,,,,,observed,TFT,BASE,2019,2
271-365,0,,,,,,,observed,TFT,BASE,2019,2
1-7,7,-1.105,47.657,37.229,1.308,0.8255,0.747,gapfilled,TFT,BASE,2019,2
8-30,23,-0.691,24.829,17.674,1.2413,0.7707,-0.174,gapfilled,TFT,BASE,2019,2
31-90,60,-0.731,40.842,26.102,1.4991,0.8353,-0.059,gapfilled,TFT,BASE,2019,2
91-180,90,-2.608,14.692,10.651,1.1492,0.9085,-0.173,gapfilled,TFT,BASE,2019,2
181-270,90,-0.451,27.095,18.743,1.1214,0.9495,-0.221,gapfilled,TFT,BASE,2019,2
271-365,95,-0.499,30.671,23.18,1.1395,0.8796,-0.395,gapfilled,TFT,BASE,2019,2
1-7,0,,,,,,,observed,DLinear,BASE,2019,2
8-30,0,,,,,,,observed,DLinear,BASE,2019,2
31-90,0,,,,,,,observed,DLinear,BASE,2019,2
91-180,0,,,,,,,observed,DLinear,BASE,2019,2
181-270,0,,,,,,,observed,DLinear,BASE,2019,2
271-365,0,,,,,,,observed,DLinear,BASE,2019,2
1-7,7,-0.42,39.134,27.056,0.9506,0.6,-0.456,gapfilled,DLinear,BASE,2019,2
8-30,23,-0.475,23.184,18.997,1.3342,0.8284,0.271,gapfilled,DLinear,BASE,2019,2
31-90,60,-1.553,49.597,32.475,1.8652,1.0393,-0.177,gapfilled,DLinear,BASE,2019,2
91-180,90,-11.655,27.516,21.167,2.2837,1.8053,-0.121,gapfilled,DLinear,BASE,2019,2
181-270,90,-1.839,37.897,29.234,1.7491,1.481,-0.35,gapfilled,DLinear,BASE,2019,2
271-365,95,-1.234,37.45,29.142,1.4326,1.1058,-0.141,gapfilled,DLinear,BASE,2019,2
1-7,0,,,,,,,observed,LSTM,BASE,2019,2
8-30,0,,,,,,,observed,LSTM,BASE,2019,2
31-90,0,,,,,,,observed,LSTM,BASE,2019,2
91-180,0,,,,,,,observed,LSTM,BASE,2019,2
181-270,0,,,,,,,observed,LSTM,BASE,2019,2
271-365,0,,,,,,,observed,LSTM,BASE,2019,2
1-7,7,-0.018,33.137,23.453,0.824,0.5201,0.631,gapfilled,LSTM,BASE,2019,2
8-30,23,-1.014,27.095,19.365,1.36,0.8444,0.055,gapfilled,LSTM,BASE,2019,2
31-90,60,-0.567,38.861,25.376,1.4574,0.8121,0.046,gapfilled,LSTM,BASE,2019,2
91-180,90,-8.37,23.676,19.467,2.1003,1.6604,0.111,gapfilled,LSTM,BASE,2019,2
181-270,90,-1.107,32.646,25.465,1.5236,1.2901,-0.22,gapfilled,LSTM,BASE,2019,2
271-365,95,-2.829,49.028,40.568,1.9943,1.5394,-0.529,gapfilled,LSTM,BASE,2019,2
1-7,0,,,,,,,observed,TFT,BASE,2019,4
8-30,8,-1.502,52.405,40.276,1.0532,1.0522,-0.517,observed,TFT,BASE,2019,4
31-90,32,-0.111,23.622,18.552,0.8478,0.8494,0.208,observed,TFT,BASE,2019,4
91-180,62,0.136,81.424,50.121,0.6592,0.6597,0.442,observed,TFT,BASE,2019,4
181-270,61,0.209,32.235,23.76,0.8435,0.8446,0.502,observed,TFT,BASE,2019,4
271-365,66,-0.066,54.486,24.96,0.9439,0.9458,0.014,observed,TFT,BASE,2019,4
1-7,7,-61.167,15.604,15.514,7.7724,7.6521,0.55,gapfilled,TFT,BASE,2019,4
8-30,23,-0.412,34.557,23.574,1.3031,1.3024,0.462,gapfilled,TFT,BASE,2019,4
31-90,60,-0.982,33.699,25.254,0.8736,0.8755,-0.138,gapfilled,TFT,BASE,2019,4
91-180,90,0.14,45.059,31.372,0.4503,0.4508,0.561,gapfilled,TFT,BASE,2019,4
181-270,90,0.267,32.198,21.896,0.6308,0.632,0.577,gapfilled,TFT,BASE,2019,4
271-365,95,-0.363,27.944,18.079,0.7002,0.702,0.074,gapfilled,TFT,BASE,2019,4
1-7,0,,,,,,,observed,DLinear,BASE,2019,4
8-30,8,-2.358,60.713,51.168,1.338,1.3367,-0.628,observed,DLinear,BASE,2019,4
31-90,32,-3.055,45.133,38.179,1.7447,1.7479,-0.07,observed,DLinear,BASE,2019,4
91-180,62,0.239,76.38,50.463,0.6636,0.6642,0.503,observed,DLinear,BASE,2019,4
181-270,61,-0.057,37.244,30.315,1.0762,1.0776,0.598,observed,DLinear,BASE,2019,4
271-365,66,0.088,50.385,28.667,1.0841,1.0862,0.375,observed,DLinear,BASE,2019,4
1-7,7,-302.96,34.503,33.072,16.5693,16.3129,-0.028,gapfilled,DLinear,BASE,2019,4
8-30,23,-1.351,44.593,34.679,1.9169,1.9159,-0.073,gapfilled,DLinear,BASE,2019,4
31-90,60,-3.208,49.099,36.877,1.2757,1.2784,-0.122,gapfilled,DLinear,BASE,2019,4
91-180,90,0.226,42.744,33.454,0.4802,0.4807,0.618,gapfilled,DLinear,BASE,2019,4
181-270,90,0.211,33.409,25.965,0.7481,0.7495,0.7,gapfilled,DLinear,BASE,2019,4
271-365,95,-0.389,28.218,22.203,0.86,0.8621,0.427,gapfilled,DLinear,BASE,2019,4
1-7,0,,,,,,,observed,LSTM,BASE,2019,4
8-30,8,-1.7,54.442,42.995,1.1243,1.1232,-0.242,observed,LSTM,BASE,2019,4
31-90,32,-0.019,22.621,17.699,0.8088,0.8103,0.074,observed,LSTM,BASE,2019,4
91-180,62,-0.191,95.592,59.924,0.7881,0.7888,0.394,observed,LSTM,BASE,2019,4
181-270,61,0.087,34.62,21.342,0.7577,0.7587,0.48,observed,LSTM,BASE,2019,4
271-365,66,-0.098,55.279,25.198,0.9529,0.9548,0.311,observed,LSTM,BASE,2019,4
1-7,7,-20.401,9.155,8.526,4.2716,4.2055,-0.111,gapfilled,LSTM,BASE,2019,4
8-30,23,-0.513,35.771,22.226,1.2286,1.2279,0.342,gapfilled,LSTM,BASE,2019,4
31-90,60,-0.365,27.968,20.935,0.7242,0.7257,0.245,gapfilled,LSTM,BASE,2019,4
91-180,90,-0.667,62.737,47.95,0.6883,0.689,0.465,gapfilled,LSTM,BASE,2019,4
181-270,90,-0.055,38.617,25.554,0.7362,0.7376,0.599,gapfilled,LSTM,BASE,2019,4
271-365,95,-0.866,32.699,23.675,0.917,0.9193,0.212,gapfilled,LSTM,BASE,2019,4
1-7,0,,,,,,,observed,TFT,BASE,2019,9
8-30,0,,,,,,,observed,TFT,BASE,2019,9
31-90,16,-0.683,26.053,21.119,1.2773,0.9286,0.536,observed,TFT,BASE,2019,9
91-180,81,0.063,69.15,46.147,0.8134,0.7468,0.345,observed,TFT,BASE,2019,9
181-270,49,0.131,62.73,42.095,1.09,1.071,0.513,observed,TFT,BASE,2019,9
271-365,49,-0.218,126.139,68.495,0.9666,0.9119,0.093,observed,TFT,BASE,2019,9
1-7,7,-0.04,12.052,6.462,0.8365,0.38,0.573,gapfilled,TFT,BASE,2019,9
8-30,23,-2.235,17.65,13.694,1.2701,0.6795,-0.273,gapfilled,TFT,BASE,2019,9
31-90,60,-0.797,37.88,24.662,1.2823,0.874,-0.061,gapfilled,TFT,BASE,2019,9
91-180,90,0.006,52.994,36.317,0.7219,0.6404,0.391,gapfilled,TFT,BASE,2019,9
181-270,90,0.303,51.42,36.931,0.8661,0.8216,0.659,gapfilled,TFT,BASE,2019,9
271-365,95,-0.209,68.754,41.984,0.905,0.7908,0.214,gapfilled,TFT,BASE,2019,9
1-7,0,,,,,,,observed,DLinear,BASE,2019,9
8-30,0,,,,,,,observed,DLinear,BASE,2019,9
31-90,16,-1.457,31.478,23.912,1.4462,1.0514,-0.265,observed,DLinear,BASE,2019,9
91-180,81,-0.083,74.327,59.526,1.0492,0.9633,0.298,observed,DLinear,BASE,2019,9
181-270,49,0.082,64.499,47.001,1.2171,1.1958,0.407,observed,DLinear,BASE,2019,9
271-365,49,0.155,105.065,58.416,0.8244,0.7777,0.567,observed,DLinear,BASE,2019,9
1-7,7,-8.9,37.175,34.35,4.4469,2.0198,-0.026,gapfilled,DLinear,BASE,2019,9
8-30,23,-5.178,24.393,22.36,2.0738,1.1096,-0.179,gapfilled,DLinear,BASE,2019,9
31-90,60,-1.458,44.306,29.972,1.5584,1.0622,-0.35,gapfilled,DLinear,BASE,2019,9
91-180,90,-0.119,56.221,44.261,0.8798,0.7805,0.43,gapfilled,DLinear,BASE,2019,9
181-270,90,0.429,46.549,36.547,0.8571,0.8131,0.66,gapfilled,DLinear,BASE,2019,9
271-365,95,0.408,48.106,31.289,0.6745,0.5893,0.675,gapfilled,DLinear,BASE,2019,9
1-7,0,,,,,,,observed,LSTM,BASE,2019,9
8-30,0,,,,,,,observed,LSTM,BASE,2019,9
31-90,16,-0.888,27.595,22.507,1.3613,0.9896,0.411,observed,LSTM,BASE,2019,9
91-180,81,-0.089,74.541,46.793,0.8248,0.7573,0.29,observed,LSTM,BASE,2019,9
181-270,49,0.076,64.705,37.834,0.9797,0.9626,0.35,observed,LSTM,BASE,2019,9
271-365,49,-0.634,146.14,86.171,1.216,1.1472,-0.432,observed,LSTM,BASE,2019,9
1-7,7,-1.947,20.281,16.25,2.1037,0.9555,0.176,gapfilled,LSTM,BASE,2019,9
8-30,23,-5.045,24.128,21.613,2.0045,1.0725,-0.099,gapfilled,LSTM,BASE,2019,9
31-90,60,-0.849,38.434,28.25,1.4689,1.0012,0.499,gapfilled,LSTM,BASE,2019,9
91-180,90,-0.168,57.431,39.363,0.7824,0.6941,0.373,gapfilled,LSTM,BASE,2019,9
181-270,90,-0.08,64.001,41.805,0.9804,0.9301,0.478,gapfilled,LSTM,BASE,2019,9
271-365,95,-1.074,90.051,63.014,1.3584,1.1869,-0.143,gapfilled,LSTM,BASE,2019,9
1-7,0,,,,,,,observed,TFT,BASE+species,2019,2
8-30,0,,,,,,,observed,TFT,BASE+species,2019,2
31-90,0,,,,,,,observed,TFT,BASE+species,2019,2
91-180,0,,,,,,,observed,TFT,BASE+species,2019,2
181-270,0,,,,,,,observed,TFT,BASE+species,2019,2
271-365,0,,,,,,,observed,TFT,BASE+species,2019,2
1-7,7,-0.73,43.206,31.716,1.1143,0.7033,0.789,gapfilled,TFT,BASE+species,2019,2
8-30,23,-0.238,21.238,15.451,1.0852,0.6738,-0.091,gapfilled,TFT,BASE+species,2019,2
31-90,60,-0.489,37.878,21.75,1.2492,0.696,0.025,gapfilled,TFT,BASE+species,2019,2
91-180,90,-2.252,13.949,11.935,1.2876,1.0179,0.21,gapfilled,TFT,BASE+species,2019,2
181-270,90,-0.606,28.501,19.172,1.1471,0.9713,0.031,gapfilled,TFT,BASE+species,2019,2
271-365,95,-0.548,31.172,23.859,1.1729,0.9053,0.037,gapfilled,TFT,BASE+species,2019,2
1-7,0,,,,,,,observed,DLinear,BASE+species,2019,2
8-30,0,,,,,,,observed,DLinear,BASE+species,2019,2
31-90,0,,,,,,,observed,DLinear,BASE+species,2019,2
91-180,0,,,,,,,observed,DLinear,BASE+species,2019,2
181-270,0,,,,,,,observed,DLinear,BASE+species,2019,2
271-365,0,,,,,,,observed,DLinear,BASE+species,2019,2
1-7,7,-0.762,43.594,28.405,0.998,0.6299,-0.339,gapfilled,DLinear,BASE+species,2019,2
8-30,23,-1.945,32.761,25.028,1.7578,1.0914,0.251,gapfilled,DLinear,BASE+species,2019,2
31-90,60,-3.139,63.151,42.446,2.4378,1.3583,-0.2,gapfilled,DLinear,BASE+species,2019,2
91-180,90,-16.008,31.898,25.639,2.7661,2.1867,-0.198,gapfilled,DLinear,BASE+species,2019,2
181-270,90,-1.762,37.382,31.469,1.8828,1.5942,-0.314,gapfilled,DLinear,BASE+species,2019,2
271-365,95,-1.845,42.258,32.636,1.6044,1.2384,-0.239,gapfilled,DLinear,BASE+species,2019,2
1-7,0,,,,,,,observed,LSTM,BASE+species,2019,2
8-30,0,,,,,,,observed,LSTM,BASE+species,2019,2
31-90,0,,,,,,,observed,LSTM,BASE+species,2019,2
91-180,0,,,,,,,observed,LSTM,BASE+species,2019,2
181-270,0,,,,,,,observed,LSTM,BASE+species,2019,2
271-365,0,,,,,,,observed,LSTM,BASE+species,2019,2
1-7,7,-0.867,44.879,35.101,1.2332,0.7783,0.574,gapfilled,LSTM,BASE+species,2019,2
8-30,23,-0.85,25.969,18.383,1.2911,0.8016,-0.138,gapfilled,LSTM,BASE+species,2019,2
31-90,60,-1.025,44.171,27.222,1.5635,0.8712,-0.335,gapfilled,LSTM,BASE+species,2019,2
91-180,90,-1.558,12.371,9.69,1.0454,0.8265,-0.101,gapfilled,LSTM,BASE+species,2019,2
181-270,90,-0.718,29.481,21.692,1.2979,1.0989,0.291,gapfilled,LSTM,BASE+species,2019,2
271-365,95,-0.688,32.553,25.117,1.2348,0.9531,-0.147,gapfilled,LSTM,BASE+species,2019,2
1-7,0,,,,,,,observed,TFT,BASE+species,2019,4
8-30,8,-2.554,62.466,53.101,1.3886,1.3872,0.16,observed,TFT,BASE+species,2019,4
31-90,32,-0.135,23.873,19.039,0.87,0.8717,-0.219,observed,TFT,BASE+species,2019,4
91-180,62,0.062,84.821,50.009,0.6577,0.6583,0.434,observed,TFT,BASE+species,2019,4
181-270,61,0.282,30.698,21.701,0.7704,0.7714,0.539,observed,TFT,BASE+species,2019,4
271-365,66,0.008,52.557,22.385,0.8465,0.8482,0.164,observed,TFT,BASE+species,2019,4
1-7,7,-85.397,18.395,18.115,9.0757,8.9353,-0.042,gapfilled,TFT,BASE+species,2019,4
8-30,23,-1.095,42.097,29.999,1.6583,1.6574,-0.235,gapfilled,TFT,BASE+species,2019,4
31-90,60,-0.24,26.651,19.567,0.6769,0.6783,0.237,gapfilled,TFT,BASE+species,2019,4
91-180,90,0.026,47.96,32.569,0.4675,0.468,0.543,gapfilled,TFT,BASE+species,2019,4
181-270,90,0.377,29.688,17.882,0.5152,0.5162,0.694,gapfilled,TFT,BASE+species,2019,4
271-365,95,-0.202,26.249,16.894,0.6543,0.6559,0.167,gapfilled,TFT,BASE+species,2019,4
1-7,0,,,,,,,observed,DLinear,BASE+species,2019,4
8-30,8,-1.351,50.808,42.06,1.0999,1.0988,-0.805,observed,DLinear,BASE+species,2019,4
31-90,32,-5.746,58.21,46.173,2.11,2.1139,-0.072,observed,DLinear,BASE+species,2019,4
91-180,62,0.202,78.23,51.4,0.676,0.6766,0.498,observed,DLinear,BASE+species,2019,4
181-270,61,0.139,33.624,26.966,0.9573,0.9586,0.579,observed,DLinear,BASE+species,2019,4
271-365,66,-0.106,55.478,35.634,1.3475,1.3502,0.252,observed,DLinear,BASE+species,2019,4
1-7,7,-420.472,40.629,39.324,19.7013,19.3965,-0.094,gapfilled,DLinear,BASE+species,2019,4
8-30,23,-0.874,39.813,30.639,1.6936,1.6927,0.031,gapfilled,DLinear,BASE+species,2019,4
31-90,60,-5.695,61.937,47.663,1.6488,1.6523,-0.142,gapfilled,DLinear,BASE+species,2019,4
91-180,90,0.183,43.932,33.754,0.4845,0.485,0.624,gapfilled,DLinear,BASE+species,2019,4
181-270,90,0.417,28.702,21.129,0.6088,0.6099,0.678,gapfilled,DLinear,BASE+species,2019,4
271-365,95,-0.827,32.358,25.355,0.9821,0.9845,0.359,gapfilled,DLinear,BASE+species,2019,4
1-7,0,,,,,,,observed,LSTM,BASE+species,2019,4
8-30,8,-1.504,52.435,41.518,1.0857,1.0846,0.028,observed,LSTM,BASE+species,2019,4
31-90,32,-0.426,26.764,20.84,0.9523,0.9541,-0.497,observed,LSTM,BASE+species,2019,4
91-180,62,0.138,81.287,51.234,0.6738,0.6744,0.444,observed,LSTM,BASE+species,2019,4
181-270,61,-0.66,46.686,28.474,1.0109,1.0122,0.544,observed,LSTM,BASE+species,2019,4
271-365,66,0.365,42.043,20.935,0.7917,0.7933,0.719,observed,LSTM,BASE+species,2019,4
1-7,7,-64.943,16.071,14.984,7.5072,7.391,-0.451,gapfilled,LSTM,BASE+species,2019,4
8-30,23,-0.506,35.686,25.722,1.4218,1.4211,0.556,gapfilled,LSTM,BASE+species,2019,4
31-90,60,-0.765,31.796,23.627,0.8173,0.8191,-0.299,gapfilled,LSTM,BASE+species,2019,4
91-180,90,-0.031,49.351,34.87,0.5006,0.501,0.545,gapfilled,LSTM,BASE+species,2019,4
181-270,90,-0.033,38.208,24.632,0.7097,0.711,0.688,gapfilled,LSTM,BASE+species,2019,4
271-365,95,-0.972,33.616,21.817,0.845,0.8471,0.477,gapfilled,LSTM,BASE+species,2019,4
1-7,0,,,,,,,observed,TFT,BASE+species,2019,9
8-30,0,,,,,,,observed,TFT,BASE+species,2019,9
31-90,16,-0.144,21.476,15.662,0.9472,0.6886,0.175,observed,TFT,BASE+species,2019,9
91-180,81,0.069,68.928,44.24,0.7798,0.716,0.33,observed,TFT,BASE+species,2019,9
181-270,49,0.196,60.346,37.914,0.9818,0.9646,0.595,observed,TFT,BASE+species,2019,9
271-365,49,-0.231,126.85,71.389,1.0074,0.9504,0.045,observed,TFT,BASE+species,2019,9
1-7,7,0.006,11.782,8.969,1.1611,0.5274,0.107,gapfilled,TFT,BASE+species,2019,9
8-30,23,-0.069,10.147,6.768,0.6278,0.3359,0.332,gapfilled,TFT,BASE+species,2019,9
31-90,60,-0.316,32.42,17.307,0.8999,0.6133,-0.075,gapfilled,TFT,BASE+species,2019,9
91-180,90,0.112,50.073,33.944,0.6747,0.5986,0.425,gapfilled,TFT,BASE+species,2019,9
181-270,90,0.295,51.703,34.115,0.8001,0.759,0.706,gapfilled,TFT,BASE+species,2019,9
271-365,95,-0.286,70.911,43.823,0.9447,0.8254,0.03,gapfilled,TFT,BASE+species,2019,9
1-7,0,,,,,,,observed,DLinear,BASE+species,2019,9
8-30,0,,,,,,,observed,DLinear,BASE+species,2019,9
31-90,16,-3.824,44.107,35.185,2.128,1.547,-0.244,observed,DLinear,BASE+species,2019,9
91-180,81,0.008,71.15,53.706,0.9466,0.8692,0.305,observed,DLinear,BASE+species,2019,9
181-270,49,0.078,64.629,47.505,1.2301,1.2086,0.427,observed,DLinear,BASE+species,2019,9
271-365,49,0.114,107.575,63.721,0.8992,0.8483,0.622,observed,DLinear,BASE+species,2019,9
1-7,7,-8.054,35.552,32.776,4.243,1.9272,-0.171,gapfilled,DLinear,BASE+species,2019,9
8-30,23,-5.344,24.718,19.344,1.7941,0.9599,-0.243,gapfilled,DLinear,BASE+species,2019,9
31-90,60,-3.087,57.133,39.822,2.0705,1.4113,-0.361,gapfilled,DLinear,BASE+species,2019,9
91-180,90,0.046,51.902,39.28,0.7808,0.6926,0.449,gapfilled,DLinear,BASE+species,2019,9
181-270,90,0.366,49.019,37.997,0.8911,0.8454,0.62,gapfilled,DLinear,BASE+species,2019,9
271-365,95,0.243,54.408,35.859,0.773,0.6754,0.656,gapfilled,DLinear,BASE+species,2019,9
1-7,0,,,,,,,observed,LSTM,BASE+species,2019,9
8-30,0,,,,,,,observed,LSTM,BASE+species,2019,9
31-90,16,-0.595,25.361,18.337,1.109,0.8063,-0.721,observed,LSTM,BASE+species,2019,9
91-180,81,0.098,67.837,43.965,0.7749,0.7115,0.389,observed,LSTM,BASE+species,2019,9
181-270,49,0.107,63.617,40.187,1.0406,1.0225,0.4,observed,LSTM,BASE+species,2019,9
271-365,49,-0.077,118.618,65.796,0.9285,0.8759,0.72,observed,LSTM,BASE+species,2019,9
1-7,7,-0.325,13.599,8.636,1.118,0.5078,-0.157,gapfilled,LSTM,BASE+species,2019,9
8-30,23,-1.706,16.143,11.333,1.0511,0.5624,-0.43,gapfilled,LSTM,BASE+species,2019,9
31-90,60,-0.536,35.032,20.655,1.074,0.732,-0.045,gapfilled,LSTM,BASE+species,2019,9
91-180,90,0.152,48.932,32.431,0.6446,0.5719,0.495,gapfilled,LSTM,BASE+species,2019,9
181-270,90,0.347,49.76,35.311,0.8281,0.7856,0.676,gapfilled,LSTM,BASE+species,2019,9
271-365,95,0.056,60.761,37.588,0.8103,0.708,0.59,gapfilled,LSTM,BASE+species,2019,9
1-7,0,,,,,,,observed,TFT,BASE+arable,2019,2
8-30,0,,,,,,,observed,TFT,BASE+arable,2019,2
31-90,0,,,,,,,observed,TFT,BASE+arable,2019,2
91-180,0,,,,,,,observed,TFT,BASE+arable,2019,2
181-270,0,,,,,,,observed,TFT,BASE+arable,2019,2
271-365,0,,,,,,,observed,TFT,BASE+arable,2019,2
1-7,7,-0.725,43.14,31.484,1.1062,0.6981,0.47,gapfilled,TFT,BASE+arable,2019,2
8-30,23,-0.986,26.904,20.808,1.4614,0.9074,0.409,gapfilled,TFT,BASE+arable,2019,2
31-90,60,-0.691,40.371,26.112,1.4997,0.8356,-0.031,gapfilled,TFT,BASE+arable,2019,2
91-180,90,-10.017,25.673,18.799,2.0282,1.6034,-0.135,gapfilled,TFT,BASE+arable,2019,2
181-270,90,-1.729,37.159,27.951,1.6723,1.416,-0.268,gapfilled,TFT,BASE+arable,2019,2
271-365,95,-0.803,33.638,26.588,1.307,1.0089,-0.242,gapfilled,TFT,BASE+arable,2019,2
1-7,0,,,,,,,observed,DLinear,BASE+arable,2019,2
8-30,0,,,,,,,observed,DLinear,BASE+arable,2019,2
31-90,0,,,,,,,observed,DLinear,BASE+arable,2019,2
91-180,0,,,,,,,observed,DLinear,BASE+arable,2019,2
181-270,0,,,,,,,observed,DLinear,BASE+arable,2019,2
271-365,0,,,,,,,observed,DLinear,BASE+arable,2019,2
1-7,7,-26.496,172.228,165.055,5.799,3.66,-0.537,gapfilled,DLinear,BASE+arable,2019,2
8-30,23,-166.335,246.953,245.683,17.2553,10.7135,0.147,gapfilled,DLinear,BASE+arable,2019,2
31-90,60,-43.426,206.896,202.505,11.6307,6.4805,-0.122,gapfilled,DLinear,BASE+arable,2019,2
91-180,90,-859.776,226.928,225.247,24.3017,19.2114,-0.041,gapfilled,DLinear,BASE+arable,2019,2
181-270,90,-92.792,217.838,214.862,12.8554,10.8849,-0.263,gapfilled,DLinear,BASE+arable,2019,2
271-365,95,-69.75,210.744,207.517,10.2015,7.8744,-0.092,gapfilled,DLinear,BASE+arable,2019,2
1-7,0,,,,,,,observed,LSTM,BASE+arable,2019,2
8-30,0,,,,,,,observed,LSTM,BASE+arable,2019,2
31-90,0,,,,,,,observed,LSTM,BASE+arable,2019,2
91-180,0,,,,,,,observed,LSTM,BASE+arable,2019,2
181-270,0,,,,,,,observed,LSTM,BASE+arable,2019,2
271-365,0,,,,,,,observed,LSTM,BASE+arable,2019,2
1-7,7,0.176,29.812,23.589,0.8288,0.5231,0.499,gapfilled,LSTM,BASE+arable,2019,2
8-30,23,-0.518,23.525,19.263,1.3529,0.84,-0.017,gapfilled,LSTM,BASE+arable,2019,2
31-90,60,-0.435,37.179,23.232,1.3343,0.7435,-0.152,gapfilled,LSTM,BASE+arable,2019,2
91-180,90,-9.336,24.867,20.283,2.1883,1.73,0.213,gapfilled,LSTM,BASE+arable,2019,2
181-270,90,-1.701,36.966,27.888,1.6685,1.4128,-0.222,gapfilled,LSTM,BASE+arable,2019,2
271-365,95,-2.823,48.989,38.693,1.9021,1.4682,-0.502,gapfilled,LSTM,BASE+arable,2019,2
1-7,0,,,,,,,observed,TFT,BASE+arable,2019,4
8-30,8,-1.589,53.318,41.566,1.0869,1.0859,-0.575,observed,TFT,BASE+arable,2019,4
31-90,32,-0.065,23.13,17.822,0.8144,0.8159,0.1,observed,TFT,BASE+arable,2019,4
91-180,62,0.028,86.326,49.837,0.6554,0.656,0.542,observed,TFT,BASE+arable,2019,4
181-270,61,-0.021,36.603,26.136,0.9279,0.9291,0.196,observed,TFT,BASE+arable,2019,4
271-365,66,-0.16,56.826,24.82,0.9386,0.9405,0.104,observed,TFT,BASE+arable,2019,4
1-7,7,-54.539,14.749,13.873,6.9504,6.8428,-0.453,gapfilled,TFT,BASE+arable,2019,4
8-30,23,-0.515,35.798,22.517,1.2446,1.244,0.099,gapfilled,TFT,BASE+arable,2019,4
31-90,60,-0.403,28.352,20.994,0.7263,0.7278,0.517,gapfilled,TFT,BASE+arable,2019,4
91-180,90,-0.163,52.42,38.31,0.5499,0.5505,0.621,gapfilled,TFT,BASE+arable,2019,4
181-270,90,-0.091,39.273,25.794,0.7431,0.7445,0.318,gapfilled,TFT,BASE+arable,2019,4
271-365,95,-0.874,32.775,22.412,0.8681,0.8702,0.142,gapfilled,TFT,BASE+arable,2019,4
1-7,0,,,,,,,observed,DLinear,BASE+arable,2019,4
8-30,8,-1.768,55.129,44.967,1.1759,1.1747,-0.681,observed,DLinear,BASE+arable,2019,4
31-90,32,-2.912,44.326,36.984,1.6901,1.6933,-0.111,observed,DLinear,BASE+arable,2019,4
91-180,62,0.216,77.53,50.03,0.658,0.6585,0.505,observed,DLinear,BASE+arable,2019,4
181-270,61,-0.766,48.156,39.426,1.3997,1.4015,0.6,observed,DLinear,BASE+arable,2019,4
271-365,66,0.02,52.245,31.006,1.1725,1.1749,0.382,observed,DLinear,BASE+arable,2019,4
1-7,7,-378.688,38.563,36.836,18.4549,18.1694,-0.257,gapfilled,DLinear,BASE+arable,2019,4
8-30,23,-1.099,42.142,33.045,1.8266,1.8256,0.032,gapfilled,DLinear,BASE+arable,2019,4
31-90,60,-3.199,49.051,37.469,1.2962,1.2989,-0.117,gapfilled,DLinear,BASE+arable,2019,4
91-180,90,0.229,42.682,32.91,0.4724,0.4729,0.63,gapfilled,DLinear,BASE+arable,2019,4
181-270,90,-0.347,43.635,34.272,0.9874,0.9893,0.683,gapfilled,DLinear,BASE+arable,2019,4
271-365,95,-0.997,33.828,25.573,0.9905,0.993,0.386,gapfilled,DLinear,BASE+arable,2019,4
1-7,0,,,,,,,observed,LSTM,BASE+arable,2019,4
8-30,8,-1.492,52.309,40.798,1.0668,1.0658,0.106,observed,LSTM,BASE+arable,2019,4
31-90,32,-0.091,23.41,17.983,0.8218,0.8233,0.097,observed,LSTM,BASE+arable,2019,4
91-180,62,-0.121,92.739,56.176,0.7388,0.7394,0.469,observed,LSTM,BASE+arable,2019,4
181-270,61,-0.177,39.314,24.882,0.8833,0.8845,0.201,observed,LSTM,BASE+arable,2019,4
271-365,66,0.035,51.83,23.296,0.8809,0.8827,0.393,observed,LSTM,BASE+arable,2019,4
1-7,7,-44.549,13.357,12.423,6.2242,6.1278,-0.629,gapfilled,LSTM,BASE+arable,2019,4
8-30,23,-0.369,34.036,22.01,1.2167,1.216,0.533,gapfilled,LSTM,BASE+arable,2019,4
31-90,60,-0.773,31.869,23.123,0.7999,0.8016,-0.072,gapfilled,LSTM,BASE+arable,2019,4
91-180,90,-0.532,60.144,45.151,0.6481,0.6488,0.513,gapfilled,LSTM,BASE+arable,2019,4
181-270,90,-0.289,42.695,27.904,0.8039,0.8055,0.367,gapfilled,LSTM,BASE+arable,2019,4
271-365,95,-0.302,27.32,18.461,0.715,0.7168,0.327,gapfilled,LSTM,BASE+arable,2019,4
1-7,0,,,,,,,observed,TFT,BASE+arable,2019,9
8-30,0,,,,,,,observed,TFT,BASE+arable,2019,9
31-90,16,-0.425,23.972,18.626,1.1266,0.819,0.528,observed,TFT,BASE+arable,2019,9
91-180,81,-0.012,71.843,44.39,0.7824,0.7184,0.344,observed,TFT,BASE+arable,2019,9
181-270,49,0.042,65.871,41.045,1.0629,1.0443,0.209,observed,TFT,BASE+arable,2019,9
271-365,49,-0.309,130.796,71.867,1.0142,0.9567,0.253,observed,TFT,BASE+arable,2019,9
1-7,7,0.099,11.214,7.085,0.9172,0.4166,0.386,gapfilled,TFT,BASE+arable,2019,9
8-30,23,-1.396,15.191,11.353,1.0529,0.5633,0.106,gapfilled,TFT,BASE+arable,2019,9
31-90,60,-0.462,34.174,21.282,1.1066,0.7542,0.181,gapfilled,TFT,BASE+arable,2019,9
91-180,90,-0.071,54.992,36.157,0.7187,0.6376,0.407,gapfilled,TFT,BASE+arable,2019,9
181-270,90,-0.046,62.984,41.866,0.9819,0.9314,0.307,gapfilled,TFT,BASE+arable,2019,9
271-365,95,-0.49,76.336,47.852,1.0315,0.9013,0.302,gapfilled,TFT,BASE+arable,2019,9
1-7,0,,,,,,,observed,DLinear,BASE+arable,2019,9
8-30,0,,,,,,,observed,DLinear,BASE+arable,2019,9
31-90,16,-1.696,32.975,25.178,1.5228,1.1071,-0.151,observed,DLinear,BASE+arable,2019,9
91-180,81,-0.048,73.117,55.415,0.9768,0.8968,0.274,observed,DLinear,BASE+arable,2019,9
181-270,49,-0.099,70.555,53.847,1.3944,1.37,0.286,observed,DLinear,BASE+arable,2019,9
271-365,49,0.033,112.39,64.313,0.9076,0.8562,0.513,observed,DLinear,BASE+arable,2019,9
1-7,7,-6.922,33.256,30.564,3.9567,1.7972,0.103,gapfilled,DLinear,BASE+arable,2019,9
8-30,23,-5.283,24.599,20.832,1.9321,1.0337,-0.198,gapfilled,DLinear,BASE+arable,2019,9
31-90,60,-1.721,46.619,30.809,1.6019,1.0918,-0.291,gapfilled,DLinear,BASE+arable,2019,9
91-180,90,-0.027,53.85,40.541,0.8058,0.7149,0.424,gapfilled,DLinear,BASE+arable,2019,9
181-270,90,0.247,53.443,42.853,1.005,0.9534,0.572,gapfilled,DLinear,BASE+arable,2019,9
271-365,95,0.205,55.749,37.809,0.815,0.7121,0.628,gapfilled,DLinear,BASE+arable,2019,9
1-7,0,,,,,,,observed,LSTM,BASE+arable,2019,9
8-30,0,,,,,,,observed,LSTM,BASE+arable,2019,9
31-90,16,-0.803,26.968,19.608,1.186,0.8622,-0.511,observed,LSTM,BASE+arable,2019,9
91-180,81,-0.068,73.831,45.532,0.8026,0.7369,0.298,observed,LSTM,BASE+arable,2019,9
181-270,49,-0.081,69.977,47.03,1.2178,1.1966,-0.005,observed,LSTM,BASE+arable,2019,9
271-365,49,-0.358,133.204,74.694,1.0541,0.9944,-0.125,observed,LSTM,BASE+arable,2019,9
1-7,7,-1.246,17.708,9.255,1.1981,0.5442,-0.765,gapfilled,LSTM,BASE+arable,2019,9
8-30,23,-3.104,19.881,15.476,1.4354,0.768,-0.466,gapfilled,LSTM,BASE+arable,2019,9
31-90,60,-0.57,35.411,22.396,1.1645,0.7937,0.123,gapfilled,LSTM,BASE+arable,2019,9
91-180,90,-0.141,56.765,37.196,0.7393,0.6559,0.352,gapfilled,LSTM,BASE+arable,2019,9
181-270,90,-0.05,63.094,45.063,1.0568,1.0026,0.078,gapfilled,LSTM,BASE+arable,2019,9
271-365,95,-0.421,74.536,47.214,1.0178,0.8893,0.132,gapfilled,LSTM,BASE+arable,2019,9
1-7,0,,,,,,,observed,TFT,BASE+flow,2019,2
8-30,0,,,,,,,observed,TFT,BASE+flow,2019,2
31-90,0,,,,,,,observed,TFT,BASE+flow,2019,2
91-180,0,,,,,,,observed,TFT,BASE+flow,2019,2
181-270,0,,,,,,,observed,TFT,BASE+flow,2019,2
271-365,0,,,,,,,observed,TFT,BASE+flow,2019,2
1-7,7,-0.691,42.717,33.781,1.1868,0.7491,0.95,gapfilled,TFT,BASE+flow,2019,2
8-30,23,-0.477,23.201,17.623,1.2377,0.7685,0.415,gapfilled,TFT,BASE+flow,2019,2
31-90,60,-0.361,36.213,20.021,1.1499,0.6407,0.227,gapfilled,TFT,BASE+flow,2019,2
91-180,90,-12.821,28.755,21.752,2.3468,1.8552,-0.213,gapfilled,TFT,BASE+flow,2019,2
181-270,90,-1.684,36.851,27.245,1.6301,1.3802,-0.401,gapfilled,TFT,BASE+flow,2019,2
271-365,95,-1.57,40.165,32.772,1.6111,1.2436,-0.135,gapfilled,TFT,BASE+flow,2019,2
1-7,0,,,,,,,observed,DLinear,BASE+flow,2019,2
8-30,0,,,,,,,observed,DLinear,BASE+flow,2019,2
31-90,0,,,,,,,observed,DLinear,BASE+flow,2019,2
91-180,0,,,,,,,observed,DLinear,BASE+flow,2019,2
181-270,0,,,,,,,observed,DLinear,BASE+flow,2019,2
271-365,0,,,,,,,observed,DLinear,BASE+flow,2019,2
1-7,7,-0.151,35.236,25.416,0.8929,0.5636,0.097,gapfilled,DLinear,BASE+flow,2019,2
8-30,23,-0.611,24.231,19.674,1.3818,0.8579,0.262,gapfilled,DLinear,BASE+flow,2019,2
31-90,60,-1.218,46.23,29.828,1.7132,0.9545,-0.077,gapfilled,DLinear,BASE+flow,2019,2
91-180,90,-13.369,29.32,23.757,2.5631,2.0263,-0.075,gapfilled,DLinear,BASE+flow,2019,2
181-270,90,-1.342,34.421,25.267,1.5117,1.28,-0.208,gapfilled,DLinear,BASE+flow,2019,2
271-365,95,-0.981,35.26,28.327,1.3925,1.0749,-0.017,gapfilled,DLinear,BASE+flow,2019,2
1-7,0,,,,,,,observed,LSTM,BASE+flow,2019,2
8-30,0,,,,,,,observed,LSTM,BASE+flow,2019,2
31-90,0,,,,,,,observed,LSTM,BASE+flow,2019,2
91-180,0,,,,,,,observed,LSTM,BASE+flow,2019,2
181-270,0,,,,,,,observed,LSTM,BASE+flow,2019,2
271-365,0,,,,,,,observed,LSTM,BASE+flow,2019,2
1-7,7,-1.184,48.541,37.523,1.3183,0.832,0.4,gapfilled,LSTM,BASE+flow,2019,2
8-30,23,-0.851,25.973,19.121,1.343,0.8338,-0.044,gapfilled,LSTM,BASE+flow,2019,2
31-90,60,-0.593,39.177,24.121,1.3854,0.7719,0.098,gapfilled,LSTM,BASE+flow,2019,2
91-180,90,-1.413,12.014,9.534,1.0287,0.8132,-0.021,gapfilled,LSTM,BASE+flow,2019,2
181-270,90,-0.568,28.169,20.606,1.2329,1.0439,-0.19,gapfilled,LSTM,BASE+flow,2019,2
271-365,95,-0.806,33.671,27.454,1.3496,1.0418,-0.275,gapfilled,LSTM,BASE+flow,2019,2
1-7,0,,,,,,,observed,TFT,BASE+flow,2019,4
8-30,8,-1.989,57.282,45.045,1.1779,1.1768,-0.716,observed,TFT,BASE+flow,2019,4
31-90,32,0.007,22.335,16.945,0.7743,0.7758,0.128,observed,TFT,BASE+flow,2019,4
91-180,62,0.054,85.182,49.073,0.6454,0.6459,0.539,observed,TFT,BASE+flow,2019,4
181-270,61,-0.001,36.254,26.359,0.9358,0.937,0.286,observed,TFT,BASE+flow,2019,4
271-365,66,-0.125,55.962,23.562,0.891,0.8928,0.121,observed,TFT,BASE+flow,2019,4
1-7,7,-80.913,17.911,17.381,8.708,8.5733,-0.406,gapfilled,TFT,BASE+flow,2019,4
8-30,23,-0.775,38.75,25.547,1.4121,1.4114,-0.141,gapfilled,TFT,BASE+flow,2019,4
31-90,60,-0.12,25.33,17.762,0.6144,0.6157,0.491,gapfilled,TFT,BASE+flow,2019,4
91-180,90,-0.098,50.925,36.732,0.5273,0.5278,0.621,gapfilled,TFT,BASE+flow,2019,4
181-270,90,-0.119,39.774,26.805,0.7723,0.7737,0.382,gapfilled,TFT,BASE+flow,2019,4
271-365,95,-0.798,32.1,21.339,0.8265,0.8286,0.137,gapfilled,TFT,BASE+flow,2019,4
1-7,0,,,,,,,observed,DLinear,BASE+flow,2019,4
8-30,8,-2.556,62.477,51.044,1.3348,1.3335,-0.699,observed,DLinear,BASE+flow,2019,4
31-90,32,-2.168,39.892,32.797,1.4987,1.5016,-0.208,observed,DLinear,BASE+flow,2019,4
91-180,62,0.171,79.739,52.027,0.6842,0.6848,0.495,observed,DLinear,BASE+flow,2019,4
181-270,61,-0.597,45.785,37.621,1.3356,1.3374,0.62,observed,DLinear,BASE+flow,2019,4
271-365,66,0.067,50.954,28.899,1.0928,1.095,0.36,observed,DLinear,BASE+flow,2019,4
1-7,7,-401.304,39.695,37.913,18.9948,18.7009,0.099,gapfilled,DLinear,BASE+flow,2019,4
8-30,23,-1.517,46.141,33.986,1.8786,1.8776,-0.205,gapfilled,DLinear,BASE+flow,2019,4
31-90,60,-1.964,41.211,32.437,1.1221,1.1245,-0.016,gapfilled,DLinear,BASE+flow,2019,4
91-180,90,0.109,45.863,36.135,0.5187,0.5192,0.628,gapfilled,DLinear,BASE+flow,2019,4
181-270,90,-0.303,42.922,34.631,0.9978,0.9996,0.702,gapfilled,DLinear,BASE+flow,2019,4
271-365,95,-0.79,32.032,23.997,0.9294,0.9318,0.355,gapfilled,DLinear,BASE+flow,2019,4
1-7,0,,,,,,,observed,LSTM,BASE+flow,2019,4
8-30,8,-1.423,51.577,40.612,1.062,1.061,0.344,observed,LSTM,BASE+flow,2019,4
31-90,32,-0.202,24.567,18.69,0.8541,0.8557,0.074,observed,LSTM,BASE+flow,2019,4
91-180,62,-0.066,90.41,55.259,0.7267,0.7274,0.466,observed,LSTM,BASE+flow,2019,4
181-270,61,-0.073,37.529,25.121,0.8918,0.893,0.275,observed,LSTM,BASE+flow,2019,4
271-365,66,0.046,51.541,23.593,0.8922,0.894,0.396,observed,LSTM,BASE+flow,2019,4
1-7,7,-15.358,8.004,6.683,3.3482,3.2964,0.357,gapfilled,LSTM,BASE+flow,2019,4
8-30,23,-0.281,32.924,20.784,1.1488,1.1482,0.602,gapfilled,LSTM,BASE+flow,2019,4
31-90,60,-1.072,34.457,24.843,0.8594,0.8612,-0.081,gapfilled,LSTM,BASE+flow,2019,4
91-180,90,-0.398,57.463,42.685,0.6127,0.6133,0.533,gapfilled,LSTM,BASE+flow,2019,4
181-270,90,-0.076,39.004,25.224,0.7267,0.7281,0.423,gapfilled,LSTM,BASE+flow,2019,4
271-365,95,-0.235,26.604,18.048,0.699,0.7008,0.347,gapfilled,LSTM,BASE+flow,2019,4
1-7,0,,,,,,,observed,TFT,BASE+flow,2019,9
8-30,0,,,,,,,observed,TFT,BASE+flow,2019,9
31-90,16,-0.122,21.276,16.477,0.9966,0.7245,0.513,observed,TFT,BASE+flow,2019,9
91-180,81,0.01,71.082,44.063,0.7767,0.7131,0.342,observed,TFT,BASE+flow,2019,9
181-270,49,0.076,64.688,40.02,1.0363,1.0182,0.283,observed,TFT,BASE+flow,2019,9
271-365,49,-0.296,130.114,72.167,1.0184,0.9607,0.262,observed,TFT,BASE+flow,2019,9
1-7,7,0.13,11.018,8.991,1.1639,0.5287,0.412,gapfilled,TFT,BASE+flow,2019,9
8-30,23,-0.765,13.039,9.058,0.8401,0.4495,0.146,gapfilled,TFT,BASE+flow,2019,9
31-90,60,-0.277,31.939,18.398,0.9566,0.652,0.245,gapfilled,TFT,BASE+flow,2019,9
91-180,90,-0.04,54.184,35.176,0.6992,0.6203,0.402,gapfilled,TFT,BASE+flow,2019,9
181-270,90,0.001,61.562,40.56,0.9512,0.9024,0.43,gapfilled,TFT,BASE+flow,2019,9
271-365,95,-0.453,75.362,47.196,1.0174,0.889,0.3,gapfilled,TFT,BASE+flow,2019,9
1-7,0,,,,,,,observed,DLinear,BASE+flow,2019,9
8-30,0,,,,,,,observed,DLinear,BASE+flow,2019,9
31-90,16,-1.421,31.25,25.597,1.5482,1.1255,-0.039,observed,DLinear,BASE+flow,2019,9
91-180,81,-0.042,72.923,54.718,0.9645,0.8855,0.286,observed,DLinear,BASE+flow,2019,9
181-270,49,-0.015,67.806,49.585,1.284,1.2616,0.301,observed,DLinear,BASE+flow,2019,9
271-365,49,0.051,111.363,61.209,0.8638,0.8149,0.515,observed,DLinear,BASE+flow,2019,9
1-7,7,-4.81,28.479,26.862,3.4774,1.5795,0.659,gapfilled,DLinear,BASE+flow,2019,9
8-30,23,-4.418,22.843,19.118,1.7732,0.9487,-0.057,gapfilled,DLinear,BASE+flow,2019,9
31-90,60,-1.134,41.281,27.482,1.4289,0.9739,-0.123,gapfilled,DLinear,BASE+flow,2019,9
91-180,90,-0.039,54.169,40.873,0.8124,0.7207,0.431,gapfilled,DLinear,BASE+flow,2019,9
181-270,90,0.355,49.44,38.362,0.8997,0.8535,0.629,gapfilled,DLinear,BASE+flow,2019,9
271-365,95,0.259,53.829,35.383,0.7627,0.6665,0.647,gapfilled,DLinear,BASE+flow,2019,9
1-7,0,,,,,,,observed,LSTM,BASE+flow,2019,9
8-30,0,,,,,,,observed,LSTM,BASE+flow,2019,9
31-90,16,-1.405,31.144,22.543,1.3635,0.9912,-0.444,observed,LSTM,BASE+flow,2019,9
91-180,81,-0.065,73.724,45.774,0.8068,0.7408,0.267,observed,LSTM,BASE+flow,2019,9
181-270,49,-0.134,71.662,50.362,1.3041,1.2813,-0.023,observed,LSTM,BASE+flow,2019,9
271-365,49,-0.324,131.521,73.283,1.0342,0.9756,-0.004,observed,LSTM,BASE+flow,2019,9
1-7,7,-1.957,20.316,14.031,1.8163,0.825,-0.222,gapfilled,LSTM,BASE+flow,2019,9
8-30,23,-2.569,18.539,14.516,1.3464,0.7203,-0.306,gapfilled,LSTM,BASE+flow,2019,9
31-90,60,-0.697,36.817,22.864,1.1888,0.8103,0.002,gapfilled,LSTM,BASE+flow,2019,9
91-180,90,-0.124,56.34,36.988,0.7352,0.6522,0.325,gapfilled,LSTM,BASE+flow,2019,9
181-270,90,-0.059,63.373,46.594,1.0927,1.0366,0.018,gapfilled,LSTM,BASE+flow,2019,9
271-365,95,-0.36,72.926,45.717,0.9855,0.8611,0.167,gapfilled,LSTM,BASE+flow,2019,9
1-7,0,,,,,,,observed,TFT,BASE+mgmt,2019,2
8-30,0,,,,,,,observed,TFT,BASE+mgmt,2019,2
31-90,0,,,,,,,observed,TFT,BASE+mgmt,2019,2
91-180,0,,,,,,,observed,TFT,BASE+mgmt,2019,2
181-270,0,,,,,,,observed,TFT,BASE+mgmt,2019,2
271-365,0,,,,,,,observed,TFT,BASE+mgmt,2019,2
1-7,7,-1.362,50.482,38.853,1.3651,0.8615,0.445,gapfilled,TFT,BASE+mgmt,2019,2
8-30,23,-0.904,26.339,19.476,1.3678,0.8493,-0.362,gapfilled,TFT,BASE+mgmt,2019,2
31-90,60,-0.751,41.07,25.436,1.4609,0.814,-0.473,gapfilled,TFT,BASE+mgmt,2019,2
91-180,90,-13.921,29.877,24.172,2.6079,2.0616,-0.325,gapfilled,TFT,BASE+mgmt,2019,2
181-270,90,-1.621,36.413,26.832,1.6054,1.3593,-0.301,gapfilled,TFT,BASE+mgmt,2019,2
271-365,95,-0.347,29.081,21.472,1.0555,0.8148,0.202,gapfilled,TFT,BASE+mgmt,2019,2
1-7,0,,,,,,,observed,DLinear,BASE+mgmt,2019,2
8-30,0,,,,,,,observed,DLinear,BASE+mgmt,2019,2
31-90,0,,,,,,,observed,DLinear,BASE+mgmt,2019,2
91-180,0,,,,,,,observed,DLinear,BASE+mgmt,2019,2
181-270,0,,,,,,,observed,DLinear,BASE+mgmt,2019,2
271-365,0,,,,,,,observed,DLinear,BASE+mgmt,2019,2
1-7,7,-1.692,53.885,37.353,1.3123,0.8283,-0.409,gapfilled,DLinear,BASE+mgmt,2019,2
8-30,23,-4.374,44.256,36.305,2.5498,1.5831,0.163,gapfilled,DLinear,BASE+mgmt,2019,2
31-90,60,-3.178,63.451,45.734,2.6267,1.4635,-0.212,gapfilled,DLinear,BASE+mgmt,2019,2
91-180,90,-10.681,26.435,21.476,2.317,1.8317,-0.148,gapfilled,DLinear,BASE+mgmt,2019,2
181-270,90,-1.204,33.39,27.042,1.6179,1.3699,-0.095,gapfilled,DLinear,BASE+mgmt,2019,2
271-365,95,-3.194,51.313,39.004,1.9174,1.48,-0.298,gapfilled,DLinear,BASE+mgmt,2019,2
1-7,0,,,,,,,observed,LSTM,BASE+mgmt,2019,2
8-30,0,,,,,,,observed,LSTM,BASE+mgmt,2019,2
31-90,0,,,,,,,observed,LSTM,BASE+mgmt,2019,2
91-180,0,,,,,,,observed,LSTM,BASE+mgmt,2019,2
181-270,0,,,,,,,observed,LSTM,BASE+mgmt,2019,2
271-365,0,,,,,,,observed,LSTM,BASE+mgmt,2019,2
1-7,7,-2.055,57.406,45.224,1.5889,1.0028,-0.159,gapfilled,LSTM,BASE+mgmt,2019,2
8-30,23,-2.146,33.861,24.198,1.6996,1.0552,-0.566,gapfilled,LSTM,BASE+mgmt,2019,2
31-90,60,-1.723,51.226,35.137,2.018,1.1244,-0.425,gapfilled,LSTM,BASE+mgmt,2019,2
91-180,90,-4.504,18.145,14.334,1.5465,1.2226,0.065,gapfilled,LSTM,BASE+mgmt,2019,2
181-270,90,-2.207,40.284,28.569,1.7093,1.4473,-0.19,gapfilled,LSTM,BASE+mgmt,2019,2
271-365,95,-2.398,46.188,36.713,1.8048,1.3931,-0.268,gapfilled,LSTM,BASE+mgmt,2019,2
1-7,0,,,,,,,observed,TFT,BASE+mgmt,2019,4
8-30,8,-2.367,60.801,50.296,1.3152,1.314,-0.463,observed,TFT,BASE+mgmt,2019,4
31-90,32,-0.083,23.325,18.455,0.8434,0.8449,-0.047,observed,TFT,BASE+mgmt,2019,4
91-180,62,-0.049,89.711,52.681,0.6928,0.6934,0.395,observed,TFT,BASE+mgmt,2019,4
181-270,61,0.156,33.29,26.877,0.9541,0.9554,0.453,observed,TFT,BASE+mgmt,2019,4
271-365,66,-0.031,53.576,25.829,0.9767,0.9787,0.005,observed,TFT,BASE+mgmt,2019,4
1-7,7,-121.45,21.899,21.509,10.776,10.6093,-0.578,gapfilled,TFT,BASE+mgmt,2019,4
8-30,23,-1.001,41.145,29.129,1.6101,1.6093,0.075,gapfilled,TFT,BASE+mgmt,2019,4
31-90,60,-0.257,26.838,18.587,0.643,0.6443,-0.192,gapfilled,TFT,BASE+mgmt,2019,4
91-180,90,-0.166,52.485,35.788,0.5137,0.5142,0.501,gapfilled,TFT,BASE+mgmt,2019,4
181-270,90,0.323,30.945,20.013,0.5766,0.5777,0.597,gapfilled,TFT,BASE+mgmt,2019,4
271-365,95,-0.099,25.095,16.622,0.6438,0.6454,0.091,gapfilled,TFT,BASE+mgmt,2019,4
1-7,0,,,,,,,observed,DLinear,BASE+mgmt,2019,4
8-30,8,-1.204,49.186,39.708,1.0383,1.0373,-0.793,observed,DLinear,BASE+mgmt,2019,4
31-90,32,-4.88,54.346,44.073,2.014,2.0178,-0.056,observed,DLinear,BASE+mgmt,2019,4
91-180,62,0.258,75.421,47.714,0.6275,0.628,0.524,observed,DLinear,BASE+mgmt,2019,4
181-270,61,-0.929,50.33,40.821,1.4492,1.4511,0.562,observed,DLinear,BASE+mgmt,2019,4
271-365,66,-0.068,54.53,34.634,1.3097,1.3123,0.438,observed,DLinear,BASE+mgmt,2019,4
1-7,7,-420.043,40.608,39.395,19.7374,19.432,-0.068,gapfilled,DLinear,BASE+mgmt,2019,4
8-30,23,-0.629,37.118,28.127,1.5548,1.5539,0.094,gapfilled,DLinear,BASE+mgmt,2019,4
31-90,60,-5.098,59.11,46.511,1.6089,1.6123,-0.136,gapfilled,DLinear,BASE+mgmt,2019,4
91-180,90,0.32,40.083,29.672,0.4259,0.4264,0.637,gapfilled,DLinear,BASE+mgmt,2019,4
181-270,90,-0.613,47.749,37.387,1.0772,1.0792,0.64,gapfilled,DLinear,BASE+mgmt,2019,4
271-365,95,-1.301,36.309,29.102,1.1272,1.13,0.463,gapfilled,DLinear,BASE+mgmt,2019,4
1-7,0,,,,,,,observed,LSTM,BASE+mgmt,2019,4
8-30,8,-1.431,51.655,40.721,1.0648,1.0638,0.184,observed,LSTM,BASE+mgmt,2019,4
31-90,32,-0.128,23.804,18.447,0.843,0.8445,0.048,observed,LSTM,BASE+mgmt,2019,4
91-180,62,0.035,86.044,48.937,0.6436,0.6441,0.467,observed,LSTM,BASE+mgmt,2019,4
181-270,61,0.011,36.035,24.394,0.866,0.8671,0.406,observed,LSTM,BASE+mgmt,2019,4
271-365,66,-0.02,53.283,25.169,0.9518,0.9537,0.552,observed,LSTM,BASE+mgmt,2019,4
1-7,7,-7.435,5.748,5.175,2.5929,2.5527,-0.226,gapfilled,LSTM,BASE+mgmt,2019,4
8-30,23,-0.317,33.372,20.191,1.1161,1.1155,0.566,gapfilled,LSTM,BASE+mgmt,2019,4
31-90,60,-0.911,33.086,24.634,0.8521,0.8539,-0.068,gapfilled,LSTM,BASE+mgmt,2019,4
91-180,90,-0.114,51.298,35.242,0.5059,0.5064,0.534,gapfilled,LSTM,BASE+mgmt,2019,4
181-270,90,-0.077,39.015,26.946,0.7764,0.7778,0.436,gapfilled,LSTM,BASE+mgmt,2019,4
271-365,95,-0.718,31.377,22.911,0.8874,0.8896,0.333,gapfilled,LSTM,BASE+mgmt,2019,4
1-7,0,,,,,,,observed,TFT,BASE+mgmt,2019,9
8-30,0,,,,,,,observed,TFT,BASE+mgmt,2019,9
31-90,16,-0.302,22.916,17.207,1.0407,0.7566,-0.468,observed,TFT,BASE+mgmt,2019,9
91-180,81,-0.083,74.324,50.943,0.8979,0.8244,0.056,observed,TFT,BASE+mgmt,2019,9
181-270,49,-0.047,68.874,50.317,1.303,1.2802,0.306,observed,TFT,BASE+mgmt,2019,9
271-365,49,-0.145,122.32,69.345,0.9786,0.9232,-0.102,observed,TFT,BASE+mgmt,2019,9
1-7,7,-0.136,12.59,12.215,1.5813,0.7182,0.482,gapfilled,TFT,BASE+mgmt,2019,9
8-30,23,0.047,9.581,7.091,0.6576,0.3519,0.307,gapfilled,TFT,BASE+mgmt,2019,9
31-90,60,-0.375,33.141,19.007,0.9883,0.6736,-0.405,gapfilled,TFT,BASE+mgmt,2019,9
91-180,90,-0.107,55.925,41.006,0.8151,0.7231,0.138,gapfilled,TFT,BASE+mgmt,2019,9
181-270,90,0.077,59.161,46.074,1.0805,1.025,0.295,gapfilled,TFT,BASE+mgmt,2019,9
271-365,95,-0.16,67.357,42.548,0.9172,0.8014,-0.157,gapfilled,TFT,BASE+mgmt,2019,9
1-7,0,,,,,,,observed,DLinear,BASE+mgmt,2019,9
8-30,0,,,,,,,observed,DLinear,BASE+mgmt,2019,9
31-90,16,-4.123,45.456,37.691,2.2796,1.6572,-0.398,observed,DLinear,BASE+mgmt,2019,9
91-180,81,0.076,68.659,50.674,0.8932,0.8201,0.344,observed,DLinear,BASE+mgmt,2019,9
181-270,49,-0.037,68.524,50.865,1.3172,1.2941,0.355,observed,DLinear,BASE+mgmt,2019,9
271-365,49,-0.093,119.525,70.149,0.9899,0.9339,0.508,observed,DLinear,BASE+mgmt,2019,9
1-7,7,-5.577,30.3,28.032,3.6289,1.6483,0.351,gapfilled,DLinear,BASE+mgmt,2019,9
8-30,23,-6.397,26.69,20.028,1.8576,0.9939,-0.287,gapfilled,DLinear,BASE+mgmt,2019,9
31-90,60,-3.035,56.769,40.337,2.0973,1.4295,-0.391,gapfilled,DLinear,BASE+mgmt,2019,9
91-180,90,0.16,48.7,36.215,0.7198,0.6386,0.489,gapfilled,DLinear,BASE+mgmt,2019,9
181-270,90,0.222,54.31,42.666,1.0006,0.9492,0.631,gapfilled,DLinear,BASE+mgmt,2019,9
271-365,95,-0.049,64.033,46.203,0.996,0.8703,0.586,gapfilled,DLinear,BASE+mgmt,2019,9
1-7,0,,,,,,,observed,LSTM,BASE+mgmt,2019,9
8-30,0,,,,,,,observed,LSTM,BASE+mgmt,2019,9
31-90,16,-2.336,36.679,28.317,1.7127,1.2451,-0.425,observed,LSTM,BASE+mgmt,2019,9
91-180,81,-0.249,79.818,60.506,1.0665,0.9792,0.297,observed,LSTM,BASE+mgmt,2019,9
181-270,49,-0.601,85.167,69.09,1.7891,1.7578,0.066,observed,LSTM,BASE+mgmt,2019,9
271-365,49,-0.232,126.858,71.441,1.0082,0.9511,0.349,observed,LSTM,BASE+mgmt,2019,9
1-7,7,-1.001,16.712,12.766,1.6527,0.7507,0.504,gapfilled,LSTM,BASE+mgmt,2019,9
8-30,23,-2.756,19.02,15.575,1.4446,0.7729,-0.234,gapfilled,LSTM,BASE+mgmt,2019,9
31-90,60,-1.435,44.1,31.093,1.6167,1.1019,-0.184,gapfilled,LSTM,BASE+mgmt,2019,9
91-180,90,-0.499,65.071,47.881,0.9517,0.8443,0.399,gapfilled,LSTM,BASE+mgmt,2019,9
181-270,90,-0.44,73.898,62.295,1.4609,1.3859,0.052,gapfilled,LSTM,BASE+mgmt,2019,9
271-365,95,-0.147,66.969,42.86,0.9239,0.8073,0.402,gapfilled,LSTM,BASE+mgmt,2019,9
1-7,0,,,,,,,observed,TFT,BASE+bodyweight,2019,2
8-30,0,,,,,,,observed,TFT,BASE+bodyweight,2019,2
31-90,0,,,,,,,observed,TFT,BASE+bodyweight,2019,2
91-180,0,,,,,,,observed,TFT,BASE+bodyweight,2019,2
181-270,0,,,,,,,observed,TFT,BASE+bodyweight,2019,2
271-365,0,,,,,,,observed,TFT,BASE+bodyweight,2019,2
1-7,7,-0.906,45.34,37.815,1.3286,0.8385,0.952,gapfilled,TFT,BASE+bodyweight,2019,2
8-30,23,-1.045,27.302,20.986,1.474,0.9152,0.149,gapfilled,TFT,BASE+bodyweight,2019,2
31-90,60,-0.749,41.046,26.807,1.5396,0.8578,0.052,gapfilled,TFT,BASE+bodyweight,2019,2
91-180,90,-5.364,19.513,15.369,1.6581,1.3108,-0.261,gapfilled,TFT,BASE+bodyweight,2019,2
181-270,90,-1.306,34.16,25.497,1.5255,1.2917,-0.508,gapfilled,TFT,BASE+bodyweight,2019,2
271-365,95,-1.608,40.462,31.933,1.5698,1.2117,-0.203,gapfilled,TFT,BASE+bodyweight,2019,2
1-7,0,,,,,,,observed,DLinear,BASE+bodyweight,2019,2
8-30,0,,,,,,,observed,DLinear,BASE+bodyweight,2019,2
31-90,0,,,,,,,observed,DLinear,BASE+bodyweight,2019,2
91-180,0,,,,,,,observed,DLinear,BASE+bodyweight,2019,2
181-270,0,,,,,,,observed,DLinear,BASE+bodyweight,2019,2
271-365,0,,,,,,,observed,DLinear,BASE+bodyweight,2019,2
1-7,7,-0.455,39.619,26.308,0.9243,0.5834,-0.508,gapfilled,DLinear,BASE+bodyweight,2019,2
8-30,23,-0.227,21.146,16.261,1.142,0.7091,0.245,gapfilled,DLinear,BASE+bodyweight,2019,2
31-90,60,-1.325,47.327,29.667,1.7039,0.9494,-0.224,gapfilled,DLinear,BASE+bodyweight,2019,2
91-180,90,-11.204,27.021,21.826,2.3548,1.8616,-0.149,gapfilled,DLinear,BASE+bodyweight,2019,2
181-270,90,-1.089,32.512,27.052,1.6186,1.3705,-0.053,gapfilled,DLinear,BASE+bodyweight,2019,2
271-365,95,-1.143,36.68,30.358,1.4924,1.1519,-0.141,gapfilled,DLinear,BASE+bodyweight,2019,2
1-7,0,,,,,,,observed,LSTM,BASE+bodyweight,2019,2
8-30,0,,,,,,,observed,LSTM,BASE+bodyweight,2019,2
31-90,0,,,,,,,observed,LSTM,BASE+bodyweight,2019,2
91-180,0,,,,,,,observed,LSTM,BASE+bodyweight,2019,2
181-270,0,,,,,,,observed,LSTM,BASE+bodyweight,2019,2
271-365,0,,,,,,,observed,LSTM,BASE+bodyweight,2019,2
1-7,7,-0.996,46.406,35.472,1.2463,0.7866,0.565,gapfilled,LSTM,BASE+bodyweight,2019,2
8-30,23,-0.948,26.646,19.533,1.3719,0.8518,-0.284,gapfilled,LSTM,BASE+bodyweight,2019,2
31-90,60,-0.728,40.801,26.314,1.5113,0.8421,0.026,gapfilled,LSTM,BASE+bodyweight,2019,2
91-180,90,-4.983,18.919,15.169,1.6366,1.2938,-0.072,gapfilled,LSTM,BASE+bodyweight,2019,2
181-270,90,-0.748,29.74,21.771,1.3026,1.1029,-0.134,gapfilled,LSTM,BASE+bodyweight,2019,2
271-365,95,-0.956,35.043,28.359,1.3941,1.0761,-0.331,gapfilled,LSTM,BASE+bodyweight,2019,2
1-7,0,,,,,,,observed,TFT,BASE+bodyweight,2019,4
8-30,8,-1.697,54.412,43.329,1.133,1.1319,0.125,observed,TFT,BASE+bodyweight,2019,4
31-90,32,-0.14,23.933,18.705,0.8548,0.8564,-0.146,observed,TFT,BASE+bodyweight,2019,4
91-180,62,0.193,78.675,48.5,0.6378,0.6384,0.542,observed,TFT,BASE+bodyweight,2019,4
181-270,61,0.307,30.16,21.146,0.7507,0.7517,0.564,observed,TFT,BASE+bodyweight,2019,4
271-365,66,-0.001,52.801,22.143,0.8373,0.839,0.323,observed,TFT,BASE+bodyweight,2019,4
1-7,7,-64.17,15.976,15.007,7.5186,7.4023,-0.48,gapfilled,TFT,BASE+bodyweight,2019,4
8-30,23,-0.585,36.615,22.729,1.2564,1.2557,0.005,gapfilled,TFT,BASE+bodyweight,2019,4
31-90,60,-0.38,28.12,20.855,0.7214,0.723,0.346,gapfilled,TFT,BASE+bodyweight,2019,4
91-180,90,0.236,42.477,29.327,0.421,0.4214,0.642,gapfilled,TFT,BASE+bodyweight,2019,4
181-270,90,0.308,31.279,20.783,0.5988,0.5999,0.662,gapfilled,TFT,BASE+bodyweight,2019,4
271-365,95,-0.388,28.206,17.864,0.6919,0.6936,0.277,gapfilled,TFT,BASE+bodyweight,2019,4
1-7,0,,,,,,,observed,DLinear,BASE+bodyweight,2019,4
8-30,8,-1.479,52.167,42.463,1.1104,1.1093,-0.418,observed,DLinear,BASE+bodyweight,2019,4
31-90,32,-2.829,43.856,35.356,1.6157,1.6187,-0.089,observed,DLinear,BASE+bodyweight,2019,4
91-180,62,0.238,76.461,49.427,0.65,0.6506,0.511,observed,DLinear,BASE+bodyweight,2019,4
181-270,61,-0.045,37.04,30.458,1.0813,1.0827,0.627,observed,DLinear,BASE+bodyweight,2019,4
271-365,66,0.09,50.326,27.76,1.0497,1.0519,0.367,observed,DLinear,BASE+bodyweight,2019,4
1-7,7,-288.383,33.666,32.523,16.2942,16.0421,-0.131,gapfilled,DLinear,BASE+bodyweight,2019,4
8-30,23,-0.846,39.511,29.756,1.6448,1.6439,0.132,gapfilled,DLinear,BASE+bodyweight,2019,4
31-90,60,-3.273,49.481,37.696,1.304,1.3068,-0.15,gapfilled,DLinear,BASE+bodyweight,2019,4
91-180,90,0.286,41.071,31.528,0.4526,0.453,0.641,gapfilled,DLinear,BASE+bodyweight,2019,4
181-270,90,0.264,32.26,25.136,0.7242,0.7256,0.722,gapfilled,DLinear,BASE+bodyweight,2019,4
271-365,95,-0.359,27.912,22.174,0.8589,0.861,0.42,gapfilled,DLinear,BASE+bodyweight,2019,4
1-7,0,,,,,,,observed,LSTM,BASE+bodyweight,2019,4
8-30,8,-0.877,45.394,35.211,0.9207,0.9199,0.289,observed,LSTM,BASE+bodyweight,2019,4
31-90,32,-0.408,26.59,20.932,0.9565,0.9583,0.073,observed,LSTM,BASE+bodyweight,2019,4
91-180,62,-0.192,95.621,57.853,0.7608,0.7615,0.492,observed,LSTM,BASE+bodyweight,2019,4
181-270,61,-0.214,39.919,27.524,0.9771,0.9784,0.13,observed,LSTM,BASE+bodyweight,2019,4
271-365,66,0.172,47.997,23.513,0.8892,0.891,0.576,observed,LSTM,BASE+bodyweight,2019,4
1-7,7,-6.09,5.27,4.576,2.2927,2.2572,-0.125,gapfilled,LSTM,BASE+bodyweight,2019,4
8-30,23,-0.009,29.217,18.278,1.0103,1.0098,0.682,gapfilled,LSTM,BASE+bodyweight,2019,4
31-90,60,-1.296,36.267,28.235,0.9767,0.9788,0.039,gapfilled,LSTM,BASE+bodyweight,2019,4
91-180,90,-0.654,62.506,47.649,0.684,0.6847,0.512,gapfilled,LSTM,BASE+bodyweight,2019,4
181-270,90,-0.253,42.098,27.737,0.7991,0.8006,0.248,gapfilled,LSTM,BASE+bodyweight,2019,4
271-365,95,-0.393,28.251,19.701,0.7631,0.765,0.4,gapfilled,LSTM,BASE+bodyweight,2019,4
1-7,0,,,,,,,observed,TFT,BASE+bodyweight,2019,9
8-30,0,,,,,,,observed,TFT,BASE+bodyweight,2019,9
31-90,16,-0.399,23.751,17.832,1.0785,0.7841,0.223,observed,TFT,BASE+bodyweight,2019,9
91-180,81,0.169,65.124,41.502,0.7315,0.6716,0.441,observed,TFT,BASE+bodyweight,2019,9
181-270,49,0.175,61.153,39.349,1.019,1.0011,0.529,observed,TFT,BASE+bodyweight,2019,9
271-365,49,-0.226,126.548,67.611,0.9541,0.9001,0.227,observed,TFT,BASE+bodyweight,2019,9
1-7,7,0.121,11.076,7.505,0.9715,0.4413,0.391,gapfilled,TFT,BASE+bodyweight,2019,9
8-30,23,-1.178,14.484,10.749,0.997,0.5334,0.175,gapfilled,TFT,BASE+bodyweight,2019,9
31-90,60,-0.514,34.777,21.34,1.1096,0.7563,0.03,gapfilled,TFT,BASE+bodyweight,2019,9
91-180,90,0.244,46.195,30.038,0.5971,0.5297,0.544,gapfilled,TFT,BASE+bodyweight,2019,9
181-270,90,0.407,47.44,31.775,0.7452,0.7069,0.78,gapfilled,TFT,BASE+bodyweight,2019,9
271-365,95,-0.191,68.25,40.019,0.8627,0.7538,0.425,gapfilled,TFT,BASE+bodyweight,2019,9
1-7,0,,,,,,,observed,DLinear,BASE+bodyweight,2019,9
8-30,0,,,,,,,observed,DLinear,BASE+bodyweight,2019,9
31-90,16,-1.255,30.155,23.005,1.3914,1.0115,-0.201,observed,DLinear,BASE+bodyweight,2019,9
91-180,81,0.01,71.085,55.124,0.9716,0.8921,0.354,observed,DLinear,BASE+bodyweight,2019,9
181-270,49,-0.064,69.414,51.323,1.329,1.3058,0.313,observed,DLinear,BASE+bodyweight,2019,9
271-365,49,0.132,106.504,60.29,0.8508,0.8026,0.544,observed,DLinear,BASE+bodyweight,2019,9
1-7,7,-8.777,36.944,34.176,4.4242,2.0096,-0.203,gapfilled,DLinear,BASE+bodyweight,2019,9
8-30,23,-4.914,23.864,21.674,2.0102,1.0755,-0.227,gapfilled,DLinear,BASE+bodyweight,2019,9
31-90,60,-1.336,43.194,28.431,1.4783,1.0076,-0.32,gapfilled,DLinear,BASE+bodyweight,2019,9
91-180,90,0.021,52.581,39.211,0.7794,0.6914,0.484,gapfilled,DLinear,BASE+bodyweight,2019,9
181-270,90,0.429,46.533,37.681,0.8837,0.8383,0.669,gapfilled,DLinear,BASE+bodyweight,2019,9
271-365,95,0.395,48.615,32.141,0.6929,0.6054,0.679,gapfilled,DLinear,BASE+bodyweight,2019,9
1-7,0,,,,,,,observed,LSTM,BASE+bodyweight,2019,9
8-30,0,,,,,,,observed,LSTM,BASE+bodyweight,2019,9
31-90,16,-1.16,29.515,22.215,1.3436,0.9768,-0.52,observed,LSTM,BASE+bodyweight,2019,9
91-180,81,-0.105,75.084,46.355,0.8171,0.7502,0.234,observed,LSTM,BASE+bodyweight,2019,9
181-270,49,-0.029,68.283,46.492,1.2039,1.1829,0.158,observed,LSTM,BASE+bodyweight,2019,9
271-365,49,-0.298,130.25,73.273,1.034,0.9755,0.273,observed,LSTM,BASE+bodyweight,2019,9
1-7,7,-1.823,19.853,14.485,1.8752,0.8517,-0.441,gapfilled,LSTM,BASE+bodyweight,2019,9
8-30,23,-4.916,23.87,20.248,1.8779,1.0048,-0.416,gapfilled,LSTM,BASE+bodyweight,2019,9
31-90,60,-0.827,38.203,27.473,1.4284,0.9736,0.26,gapfilled,LSTM,BASE+bodyweight,2019,9
91-180,90,-0.186,57.867,37.432,0.744,0.6601,0.29,gapfilled,LSTM,BASE+bodyweight,2019,9
181-270,90,-0.0,61.584,44.33,1.0396,0.9862,0.168,gapfilled,LSTM,BASE+bodyweight,2019,9
271-365,95,-0.283,70.826,43.699,0.942,0.8231,0.317,gapfilled,LSTM,BASE+bodyweight,2019,9
1-7,0,,,,,,,observed,TFT,BASE+ALL,2019,2
8-30,0,,,,,,,observed,TFT,BASE+ALL,2019,2
31-90,0,,,,,,,observed,TFT,BASE+ALL,2019,2
91-180,0,,,,,,,observed,TFT,BASE+ALL,2019,2
181-270,0,,,,,,,observed,TFT,BASE+ALL,2019,2
271-365,0,,,,,,,observed,TFT,BASE+ALL,2019,2
1-7,7,-0.01,33.005,21.995,0.7728,0.4877,0.724,gapfilled,TFT,BASE+ALL,2019,2
8-30,23,-0.195,20.87,17.001,1.194,0.7414,0.25,gapfilled,TFT,BASE+ALL,2019,2
31-90,60,-0.091,32.417,21.811,1.2527,0.698,-0.23,gapfilled,TFT,BASE+ALL,2019,2
91-180,90,-10.702,26.459,23.899,2.5784,2.0383,-0.038,gapfilled,TFT,BASE+ALL,2019,2
181-270,90,-1.277,33.944,30.892,1.8483,1.565,-0.135,gapfilled,TFT,BASE+ALL,2019,2
271-365,95,-0.838,33.964,28.157,1.3842,1.0684,-0.366,gapfilled,TFT,BASE+ALL,2019,2
1-7,0,,,,,,,observed,DLinear,BASE+ALL,2019,2
8-30,0,,,,,,,observed,DLinear,BASE+ALL,2019,2
31-90,0,,,,,,,observed,DLinear,BASE+ALL,2019,2
91-180,0,,,,,,,observed,DLinear,BASE+ALL,2019,2
181-270,0,,,,,,,observed,DLinear,BASE+ALL,2019,2
271-365,0,,,,,,,observed,DLinear,BASE+ALL,2019,2
1-7,7,-25.879,170.285,165.002,5.7972,3.6588,-0.518,gapfilled,DLinear,BASE+ALL,2019,2
8-30,23,-118.778,208.934,207.427,14.5684,9.0453,0.153,gapfilled,DLinear,BASE+ALL,2019,2
31-90,60,-29.795,172.256,167.998,9.6488,5.3762,-0.02,gapfilled,DLinear,BASE+ALL,2019,2
91-180,90,-611.345,191.4,188.93,20.3835,16.1139,-0.027,gapfilled,DLinear,BASE+ALL,2019,2
181-270,90,-71.05,190.928,186.477,11.1571,9.4469,-0.423,gapfilled,DLinear,BASE+ALL,2019,2
271-365,95,-140.504,298.04,288.127,14.1643,10.9332,-0.185,gapfilled,DLinear,BASE+ALL,2019,2
1-7,0,,,,,,,observed,LSTM,BASE+ALL,2019,2
8-30,0,,,,,,,observed,LSTM,BASE+ALL,2019,2
31-90,0,,,,,,,observed,LSTM,BASE+ALL,2019,2
91-180,0,,,,,,,observed,LSTM,BASE+ALL,2019,2
181-270,0,,,,,,,observed,LSTM,BASE+ALL,2019,2
271-365,0,,,,,,,observed,LSTM,BASE+ALL,2019,2
1-7,7,0.038,32.218,22.085,0.7759,0.4897,0.497,gapfilled,LSTM,BASE+ALL,2019,2
8-30,23,-0.429,22.819,18.279,1.2838,0.7971,0.068,gapfilled,LSTM,BASE+ALL,2019,2
31-90,60,-0.257,34.802,21.575,1.2391,0.6904,0.032,gapfilled,LSTM,BASE+ALL,2019,2
91-180,90,-6.127,20.648,16.696,1.8014,1.424,0.246,gapfilled,LSTM,BASE+ALL,2019,2
181-270,90,-1.091,32.523,23.848,1.4268,1.2081,-0.091,gapfilled,LSTM,BASE+ALL,2019,2
271-365,95,-1.448,39.199,32.35,1.5903,1.2276,-0.414,gapfilled,LSTM,BASE+ALL,2019,2
1-7,0,,,,,,,observed,TFT,BASE+ALL,2019,4
8-30,8,-2.016,57.542,45.974,1.2022,1.2011,-0.64,observed,TFT,BASE+ALL,2019,4
31-90,32,-0.055,23.025,17.776,0.8123,0.8139,-0.088,observed,TFT,BASE+ALL,2019,4
91-180,62,0.256,75.547,45.152,0.5938,0.5943,0.565,observed,TFT,BASE+ALL,2019,4
181-270,61,0.168,33.055,26.579,0.9436,0.9448,0.477,observed,TFT,BASE+ALL,2019,4
271-365,66,-0.1,55.326,25.196,0.9528,0.9547,-0.082,observed,TFT,BASE+ALL,2019,4
1-7,7,-44.14,13.296,12.81,6.418,6.3187,-0.29,gapfilled,TFT,BASE+ALL,2019,4
8-30,23,-0.677,37.663,22.566,1.2474,1.2467,-0.601,gapfilled,TFT,BASE+ALL,2019,4
31-90,60,-0.572,30.009,21.886,0.7571,0.7587,-0.223,gapfilled,TFT,BASE+ALL,2019,4
91-180,90,0.325,39.919,27.349,0.3926,0.393,0.659,gapfilled,TFT,BASE+ALL,2019,4
181-270,90,0.309,31.259,20.861,0.601,0.6021,0.609,gapfilled,TFT,BASE+ALL,2019,4
271-365,95,-0.451,28.841,19.126,0.7408,0.7426,0.005,gapfilled,TFT,BASE+ALL,2019,4
1-7,0,,,,,,,observed,DLinear,BASE+ALL,2019,4
8-30,8,-2.352,60.66,50.083,1.3097,1.3084,-0.801,observed,DLinear,BASE+ALL,2019,4
31-90,32,-3.332,46.645,38.318,1.751,1.7543,-0.174,observed,DLinear,BASE+ALL,2019,4
91-180,62,0.157,80.424,52.624,0.6921,0.6927,0.482,observed,DLinear,BASE+ALL,2019,4
181-270,61,-0.488,44.198,35.934,1.2757,1.2774,0.592,observed,DLinear,BASE+ALL,2019,4
271-365,66,-0.064,54.415,32.572,1.2317,1.2342,0.274,observed,DLinear,BASE+ALL,2019,4
1-7,7,-762.483,54.683,52.806,26.4563,26.047,0.139,gapfilled,DLinear,BASE+ALL,2019,4
8-30,23,-1.525,46.217,34.364,1.8995,1.8985,-0.27,gapfilled,DLinear,BASE+ALL,2019,4
31-90,60,-2.86,47.029,36.841,1.2744,1.2771,-0.008,gapfilled,DLinear,BASE+ALL,2019,4
91-180,90,0.108,45.896,35.093,0.5037,0.5042,0.628,gapfilled,DLinear,BASE+ALL,2019,4
181-270,90,-0.262,42.235,32.476,0.9357,0.9374,0.651,gapfilled,DLinear,BASE+ALL,2019,4
271-365,95,-1.002,33.871,26.83,1.0392,1.0418,0.297,gapfilled,DLinear,BASE+ALL,2019,4
1-7,0,,,,,,,observed,LSTM,BASE+ALL,2019,4
8-30,8,-0.682,42.974,34.271,0.8962,0.8953,0.761,observed,LSTM,BASE+ALL,2019,4
31-90,32,-0.743,29.587,22.88,1.0456,1.0475,0.054,observed,LSTM,BASE+ALL,2019,4
91-180,62,0.149,80.794,51.187,0.6732,0.6738,0.476,observed,LSTM,BASE+ALL,2019,4
181-270,61,0.109,34.193,25.013,0.888,0.8892,0.514,observed,LSTM,BASE+ALL,2019,4
271-365,66,0.335,43.027,22.274,0.8423,0.844,0.692,observed,LSTM,BASE+ALL,2019,4
1-7,7,-30.43,11.095,8.065,4.0408,3.9783,-0.256,gapfilled,LSTM,BASE+ALL,2019,4
8-30,23,0.049,28.364,18.409,1.0176,1.017,0.697,gapfilled,LSTM,BASE+ALL,2019,4
31-90,60,-1.593,38.544,30.927,1.0698,1.0721,0.157,gapfilled,LSTM,BASE+ALL,2019,4
91-180,90,-0.189,52.984,37.765,0.5421,0.5426,0.55,gapfilled,LSTM,BASE+ALL,2019,4
181-270,90,0.345,30.432,20.854,0.6008,0.6019,0.636,gapfilled,LSTM,BASE+ALL,2019,4
271-365,95,-0.724,31.432,20.774,0.8046,0.8066,0.491,gapfilled,LSTM,BASE+ALL,2019,4
1-7,0,,,,,,,observed,TFT,BASE+ALL,2019,9
8-30,0,,,,,,,observed,TFT,BASE+ALL,2019,9
31-90,16,-0.298,22.875,17.109,1.0348,0.7523,-0.066,observed,TFT,BASE+ALL,2019,9
91-180,81,0.157,65.582,44.447,0.7834,0.7193,0.406,observed,TFT,BASE+ALL,2019,9
181-270,49,0.066,65.055,43.02,1.114,1.0945,0.455,observed,TFT,BASE+ALL,2019,9
271-365,49,-0.187,124.549,69.912,0.9866,0.9307,0.165,observed,TFT,BASE+ALL,2019,9
1-7,7,0.305,9.853,6.225,0.8059,0.366,0.603,gapfilled,TFT,BASE+ALL,2019,9
8-30,23,-1.275,14.803,10.91,1.0119,0.5414,0.008,gapfilled,TFT,BASE+ALL,2019,9
31-90,60,-0.446,33.981,19.311,1.0041,0.6844,0.071,gapfilled,TFT,BASE+ALL,2019,9
91-180,90,0.268,45.468,30.131,0.5989,0.5313,0.535,gapfilled,TFT,BASE+ALL,2019,9
181-270,90,0.404,47.559,35.981,0.8438,0.8005,0.736,gapfilled,TFT,BASE+ALL,2019,9
271-365,95,-0.215,68.911,41.589,0.8965,0.7833,0.109,gapfilled,TFT,BASE+ALL,2019,9
1-7,0,,,,,,,observed,DLinear,BASE+ALL,2019,9
8-30,0,,,,,,,observed,DLinear,BASE+ALL,2019,9
31-90,16,-2.461,37.36,29.892,1.8079,1.3143,-0.1,observed,DLinear,BASE+ALL,2019,9
91-180,81,-0.11,75.247,56.955,1.0039,0.9217,0.251,observed,DLinear,BASE+ALL,2019,9
181-270,49,-3.624,144.74,124.835,3.2326,3.1761,-0.125,observed,DLinear,BASE+ALL,2019,9
271-365,49,0.022,113.031,63.622,0.8978,0.847,0.547,observed,DLinear,BASE+ALL,2019,9
1-7,7,-8.248,35.93,35.305,4.5705,2.076,0.833,gapfilled,DLinear,BASE+ALL,2019,9
8-30,23,-4.777,23.587,20.422,1.8941,1.0134,-0.092,gapfilled,DLinear,BASE+ALL,2019,9
31-90,60,-1.845,47.673,33.633,1.7487,1.1919,-0.235,gapfilled,DLinear,BASE+ALL,2019,9
91-180,90,-0.139,56.723,43.7,0.8686,0.7706,0.4,gapfilled,DLinear,BASE+ALL,2019,9
181-270,90,-2.125,108.865,89.153,2.0908,1.9835,0.004,gapfilled,DLinear,BASE+ALL,2019,9
271-365,95,0.118,58.718,38.787,0.8361,0.7306,0.611,gapfilled,DLinear,BASE+ALL,2019,9
1-7,0,,,,,,,observed,LSTM,BASE+ALL,2019,9
8-30,0,,,,,,,observed,LSTM,BASE+ALL,2019,9
31-90,16,-2.344,36.721,28.81,1.7425,1.2668,-0.566,observed,LSTM,BASE+ALL,2019,9
91-180,81,-0.537,88.552,66.459,1.1714,1.0755,0.358,observed,LSTM,BASE+ALL,2019,9
181-270,49,-0.488,82.097,68.599,1.7764,1.7453,0.276,observed,LSTM,BASE+ALL,2019,9
271-365,49,-0.045,116.841,64.976,0.9169,0.865,0.55,observed,LSTM,BASE+ALL,2019,9
1-7,7,-1.871,20.02,13.308,1.7228,0.7825,-0.582,gapfilled,LSTM,BASE+ALL,2019,9
8-30,23,-1.662,16.013,12.409,1.1509,0.6158,0.028,gapfilled,LSTM,BASE+ALL,2019,9
31-90,60,-1.026,40.223,30.201,1.5703,1.0703,0.26,gapfilled,LSTM,BASE+ALL,2019,9
91-180,90,-1.041,75.922,55.653,1.1062,0.9814,0.452,gapfilled,LSTM,BASE+ALL,2019,9
181-270,90,-0.323,70.824,60.166,1.411,1.3385,0.164,gapfilled,LSTM,BASE+ALL,2019,9
271-365,95,0.1,59.315,37.038,0.7984,0.6976,0.52,gapfilled,LSTM,BASE+ALL,2019,9
1-7,0,,,,,,,observed,TFT,BASE,2020,2
8-30,0,,,,,,,observed,TFT,BASE,2020,2
31-90,0,,,,,,,observed,TFT,BASE,2020,2
91-180,0,,,,,,,observed,TFT,BASE,2020,2
181-270,0,,,,,,,observed,TFT,BASE,2020,2
271-365,0,,,,,,,observed,TFT,BASE,2020,2
1-7,7,-0.308,27.977,19.701,1.198,0.8945,0.304,gapfilled,TFT,BASE,2020,2
8-30,23,-3.684,30.343,24.449,2.2175,0.8817,-0.243,gapfilled,TFT,BASE,2020,2
31-90,60,-1.223,23.112,17.545,1.5286,0.7279,-0.043,gapfilled,TFT,BASE,2020,2
91-180,90,-0.561,22.764,14.202,1.1841,0.887,0.106,gapfilled,TFT,BASE,2020,2
181-270,90,-6.188,37.711,25.78,1.8605,1.5872,0.309,gapfilled,TFT,BASE,2020,2
271-365,95,-1.656,29.352,23.333,1.4752,1.6263,0.319,gapfilled,TFT,BASE,2020,2
1-7,0,,,,,,,observed,DLinear,BASE,2020,2
8-30,0,,,,,,,observed,DLinear,BASE,2020,2
31-90,0,,,,,,,observed,DLinear,BASE,2020,2
91-180,0,,,,,,,observed,DLinear,BASE,2020,2
181-270,0,,,,,,,observed,DLinear,BASE,2020,2
271-365,0,,,,,,,observed,DLinear,BASE,2020,2
1-7,7,-0.077,25.388,21.166,1.2871,0.9611,0.547,gapfilled,DLinear,BASE,2020,2
8-30,23,-4.572,33.096,28.137,2.552,1.0147,0.187,gapfilled,DLinear,BASE,2020,2
31-90,60,-2.456,28.816,22.282,1.9412,0.9244,-0.211,gapfilled,DLinear,BASE,2020,2
91-180,90,-3.101,36.893,30.476,2.541,1.9033,0.1,gapfilled,DLinear,BASE,2020,2
181-270,90,-4.568,33.19,27.766,2.0038,1.7095,0.116,gapfilled,DLinear,BASE,2020,2
271-365,95,-4.727,43.102,35.82,2.2646,2.4967,0.08,gapfilled,DLinear,BASE,2020,2
1-7,0,,,,,,,observed,LSTM,BASE,2020,2
8-30,0,,,,,,,observed,LSTM,BASE,2020,2
31-90,0,,,,,,,observed,LSTM,BASE,2020,2
91-180,0,,,,,,,observed,LSTM,BASE,2020,2
181-270,0,,,,,,,observed,LSTM,BASE,2020,2
271-365,0,,,,,,,observed,LSTM,BASE,2020,2
1-7,7,0.346,19.788,13.91,0.8458,0.6316,0.594,gapfilled,LSTM,BASE,2020,2
8-30,23,-1.072,20.183,16.661,1.5111,0.6008,0.374,gapfilled,LSTM,BASE,2020,2
31-90,60,-0.423,18.489,13.652,1.1894,0.5664,0.435,gapfilled,LSTM,BASE,2020,2
91-180,90,-0.781,24.313,17.06,1.4224,1.0654,0.164,gapfilled,LSTM,BASE,2020,2
181-270,90,-1.593,22.649,17.9,1.2918,1.102,-0.054,gapfilled,LSTM,BASE,2020,2
271-365,95,-0.816,24.275,18.597,1.1757,1.2962,0.145,gapfilled,LSTM,BASE,2020,2
1-7,4,-1.127,10.994,9.823,0.8728,1.1081,-0.807,observed,TFT,BASE,2020,4
8-30,21,-0.246,16.451,11.496,0.9096,1.002,-0.009,observed,TFT,BASE,2020,4
31-90,37,-0.066,45.344,26.223,0.9925,0.9042,0.054,observed,TFT,BASE,2020,4
91-180,42,-0.943,29.205,23.949,1.4168,1.1403,0.474,observed,TFT,BASE,2020,4
181-270,79,-0.009,82.253,53.549,1.0503,0.8787,0.292,observed,TFT,BASE,2020,4
271-365,80,-0.026,101.125,45.074,1.1495,1.0449,0.112,observed,TFT,BASE,2020,4
1-7,7,-0.505,21.273,17.02,1.582,0.7966,0.199,gapfilled,TFT,BASE,2020,4
8-30,23,-0.11,25.307,12.53,1.0786,0.8508,-0.016,gapfilled,TFT,BASE,2020,4
31-90,60,-0.197,34.555,19.489,1.0429,0.7122,0.067,gapfilled,TFT,BASE,2020,4
91-180,90,-1.126,29.852,22.283,1.6197,0.8883,0.516,gapfilled,TFT,BASE,2020,4
181-270,90,-0.041,63.219,42.934,0.9012,0.7102,0.39,gapfilled,TFT,BASE,2020,4
271-365,95,0.024,67.258,33.987,1.1305,0.9403,0.258,gapfilled,TFT,BASE,2020,4
1-7,4,-8.586,23.339,18.415,1.6362,2.0773,-0.598,observed,DLinear,BASE,2020,4
8-30,21,-7.755,43.613,37.445,2.9627,3.2637,0.088,observed,DLinear,BASE,2020,4
31-90,37,-0.012,44.187,27.05,1.0238,0.9327,0.239,observed,DLinear,BASE,2020,4
91-180,42,-4.43,48.824,39.325,2.3264,1.8725,-0.087,observed,DLinear,BASE,2020,4
181-270,79,-0.237,91.07,69.98,1.3726,1.1483,0.236,observed,DLinear,BASE,2020,4
271-365,80,0.052,97.173,59.972,1.5294,1.3903,0.329,observed,DLinear,BASE,2020,4
1-7,7,-0.786,23.17,18.988,1.765,0.8887,0.308,gapfilled,DLinear,BASE,2020,4
8-30,23,-2.011,41.679,36.469,3.1393,2.4763,0.125,gapfilled,DLinear,BASE,2020,4
31-90,60,-0.448,38.005,23.968,1.2825,0.8759,0.078,gapfilled,DLinear,BASE,2020,4
91-180,90,-3.774,44.739,35.468,2.5781,1.4138,0.038,gapfilled,DLinear,BASE,2020,4
181-270,90,-0.419,73.795,60.431,1.2684,0.9996,0.355,gapfilled,DLinear,BASE,2020,4
271-365,95,0.02,67.392,48.657,1.6185,1.3462,0.424,gapfilled,DLinear,BASE,2020,4
1-7,4,-3.262,15.562,15.105,1.3421,1.7038,-0.663,observed,LSTM,BASE,2020,4
8-30,21,-0.013,14.832,10.646,0.8423,0.9279,0.242,observed,LSTM,BASE,2020,4
31-90,37,-0.084,45.729,27.438,1.0385,0.9461,0.111,observed,LSTM,BASE,2020,4
91-180,42,-3.199,42.935,32.159,1.9025,1.5313,0.117,observed,LSTM,BASE,2020,4
181-270,79,0.002,81.789,52.856,1.0367,0.8673,0.341,observed,LSTM,BASE,2020,4
271-365,80,-0.032,101.427,49.24,1.2557,1.1415,0.095,observed,LSTM,BASE,2020,4
1-7,7,-0.61,21.999,19.17,1.7819,0.8972,0.354,gapfilled,LSTM,BASE,2020,4
8-30,23,0.15,22.14,10.022,0.8627,0.6805,0.453,gapfilled,LSTM,BASE,2020,4
31-90,60,-0.201,34.612,20.158,1.0787,0.7367,0.134,gapfilled,LSTM,BASE,2020,4
91-180,90,-2.116,36.144,26.101,1.8972,1.0405,0.37,gapfilled,LSTM,BASE,2020,4
181-270,90,-0.516,76.28,50.867,1.0677,0.8414,0.288,gapfilled,LSTM,BASE,2020,4
271-365,95,-0.117,71.941,40.355,1.3423,1.1165,0.093,gapfilled,LSTM,BASE,2020,4
1-7,4,-10.642,12.68,10.134,0.415,3.0945,-0.739,observed,TFT,BASE,2020,9
8-30,19,-0.1,159.377,63.39,1.0287,0.9727,-0.319,observed,TFT,BASE,2020,9
31-90,24,-1.857,24.194,20.873,1.0015,1.7169,-0.054,observed,TFT,BASE,2020,9
91-180,57,-1.204,30.126,23.346,1.2625,1.2569,-0.125,observed,TFT,BASE,2020,9
181-270,64,0.109,90.8,55.262,0.9016,0.8159,0.44,observed,TFT,BASE,2020,9
271-365,86,0.045,51.905,30.492,0.8799,0.9263,0.291,observed,TFT,BASE,2020,9
1-7,7,-0.594,64.718,43.795,1.1616,1.1252,-0.176,gapfilled,TFT,BASE,2020,9
8-30,23,-0.353,84.136,53.366,1.0752,0.9297,-0.467,gapfilled,TFT,BASE,2020,9
31-90,60,-0.168,49.698,30.479,0.988,0.7629,-0.002,gapfilled,TFT,BASE,2020,9
91-180,90,-0.584,20.148,14.718,1.0437,0.8098,0.345,gapfilled,TFT,BASE,2020,9
181-270,90,-0.049,76.515,48.606,0.8489,0.6504,0.348,gapfilled,TFT,BASE,2020,9
271-365,95,-0.058,33.557,23.134,0.97,0.8555,0.319,gapfilled,TFT,BASE,2020,9
1-7,4,-131.274,42.741,40.205,1.6465,12.2777,0.072,observed,DLinear,BASE,2020,9
8-30,19,0.101,144.083,87.078,1.4131,1.3362,0.392,observed,DLinear,BASE,2020,9
31-90,24,-3.034,28.749,23.237,1.1149,1.9113,0.151,observed,DLinear,BASE,2020,9
91-180,57,-2.065,35.521,28.756,1.555,1.5482,-0.111,observed,DLinear,BASE,2020,9
181-270,64,0.159,88.229,59.466,0.9702,0.878,0.4,observed,DLinear,BASE,2020,9
271-365,86,-0.02,53.657,41.125,1.1868,1.2493,0.444,observed,DLinear,BASE,2020,9
1-7,7,-0.062,52.807,47.049,1.2479,1.2088,0.224,gapfilled,DLinear,BASE,2020,9
8-30,23,-0.312,82.876,70.759,1.4256,1.2327,-0.054,gapfilled,DLinear,BASE,2020,9
31-90,60,-0.544,57.131,40.703,1.3194,1.0188,-0.14,gapfilled,DLinear,BASE,2020,9
91-180,90,-3.827,35.169,26.972,1.9127,1.484,-0.16,gapfilled,DLinear,BASE,2020,9
181-270,90,0.144,69.123,44.757,0.7817,0.5989,0.406,gapfilled,DLinear,BASE,2020,9
271-365,95,-0.319,37.483,32.456,1.3609,1.2002,0.537,gapfilled,DLinear,BASE,2020,9
1-7,4,-181.469,50.2,44.838,1.8362,13.6924,-0.592,observed,LSTM,BASE,2020,9
8-30,19,-0.019,153.404,112.797,1.8305,1.7308,0.354,observed,LSTM,BASE,2020,9
31-90,24,-7.498,41.724,35.201,1.689,2.8954,0.327,observed,LSTM,BASE,2020,9
91-180,57,-11.904,72.887,52.906,2.861,2.8483,-0.042,observed,LSTM,BASE,2020,9
181-270,64,0.137,89.386,57.346,0.9356,0.8467,0.41,observed,LSTM,BASE,2020,9
271-365,86,-0.324,61.126,44.136,1.2737,1.3408,0.232,observed,LSTM,BASE,2020,9
1-7,7,-0.503,62.837,51.409,1.3635,1.3208,0.011,gapfilled,LSTM,BASE,2020,9
8-30,23,-0.671,93.507,81.418,1.6404,1.4184,0.156,gapfilled,LSTM,BASE,2020,9
31-90,60,-0.44,55.181,44.249,1.4343,1.1076,0.246,gapfilled,LSTM,BASE,2020,9
91-180,90,-13.038,59.974,42.583,3.0198,2.343,0.186,gapfilled,LSTM,BASE,2020,9
181-270,90,-0.097,78.224,52.706,0.9206,0.7052,0.425,gapfilled,LSTM,BASE,2020,9
271-365,95,-0.979,45.905,34.181,1.4332,1.264,0.262,gapfilled,LSTM,BASE,2020,9
1-7,0,,,,,,,observed,TFT,BASE+species,2020,2
8-30,0,,,,,,,observed,TFT,BASE+species,2020,2
31-90,0,,,,,,,observed,TFT,BASE+species,2020,2
91-180,0,,,,,,,observed,TFT,BASE+species,2020,2
181-270,0,,,,,,,observed,TFT,BASE+species,2020,2
271-365,0,,,,,,,observed,TFT,BASE+species,2020,2
1-7,7,-1.117,35.598,26.555,1.6147,1.2057,0.28,gapfilled,TFT,BASE+species,2020,2
8-30,23,-5.803,36.569,33.933,3.0776,1.2237,0.234,gapfilled,TFT,BASE+species,2020,2
31-90,60,-2.857,30.443,26.778,2.3329,1.111,0.394,gapfilled,TFT,BASE+species,2020,2
91-180,90,-0.512,22.401,13.692,1.1416,0.8551,0.226,gapfilled,TFT,BASE+species,2020,2
181-270,90,-3.675,30.413,24.353,1.7575,1.4993,-0.196,gapfilled,TFT,BASE+species,2020,2
271-365,95,-0.258,20.205,12.354,0.7811,0.8611,0.267,gapfilled,TFT,BASE+species,2020,2
1-7,0,,,,,,,observed,DLinear,BASE+species,2020,2
8-30,0,,,,,,,observed,DLinear,BASE+species,2020,2
31-90,0,,,,,,,observed,DLinear,BASE+species,2020,2
91-180,0,,,,,,,observed,DLinear,BASE+species,2020,2
181-270,0,,,,,,,observed,DLinear,BASE+species,2020,2
271-365,0,,,,,,,observed,DLinear,BASE+species,2020,2
1-7,7,-0.089,25.533,21.562,1.3111,0.979,0.479,gapfilled,DLinear,BASE+species,2020,2
8-30,23,-2.294,25.446,20.949,1.9,0.7555,0.276,gapfilled,DLinear,BASE+species,2020,2
31-90,60,-2.487,28.945,22.523,1.9622,0.9344,-0.172,gapfilled,DLinear,BASE+species,2020,2
91-180,90,-2.521,34.183,28.349,2.3637,1.7705,0.124,gapfilled,DLinear,BASE+species,2020,2
181-270,90,-3.795,30.8,26.007,1.8769,1.6012,0.189,gapfilled,DLinear,BASE+species,2020,2
271-365,95,-4.891,43.716,36.761,2.3241,2.5622,0.125,gapfilled,DLinear,BASE+species,2020,2
1-7,0,,,,,,,observed,LSTM,BASE+species,2020,2
8-30,0,,,,,,,observed,LSTM,BASE+species,2020,2
31-90,0,,,,,,,observed,LSTM,BASE+species,2020,2
91-180,0,,,,,,,observed,LSTM,BASE+species,2020,2
181-270,0,,,,,,,observed,LSTM,BASE+species,2020,2
271-365,0,,,,,,,observed,LSTM,BASE+species,2020,2
1-7,7,-0.093,25.572,17.314,1.0528,0.7862,0.658,gapfilled,LSTM,BASE+species,2020,2
8-30,23,-2.624,26.692,24.079,2.1839,0.8683,0.542,gapfilled,LSTM,BASE+species,2020,2
31-90,60,-2.57,29.289,24.152,2.1042,1.0021,0.178,gapfilled,LSTM,BASE+species,2020,2
91-180,90,-1.276,27.483,19.655,1.6388,1.2275,0.043,gapfilled,LSTM,BASE+species,2020,2
181-270,90,-4.883,34.116,28.453,2.0534,1.7517,-0.081,gapfilled,LSTM,BASE+species,2020,2
271-365,95,-1.453,28.211,20.987,1.3269,1.4628,0.251,gapfilled,LSTM,BASE+species,2020,2
1-7,4,-1.171,11.108,9.916,0.881,1.1185,0.87,observed,TFT,BASE+species,2020,4
8-30,21,-0.94,20.53,15.034,1.1895,1.3104,-0.271,observed,TFT,BASE+species,2020,4
31-90,37,-0.322,50.487,30.261,1.1453,1.0434,0.057,observed,TFT,BASE+species,2020,4
91-180,42,-0.323,24.1,20.073,1.1875,0.9558,0.31,observed,TFT,BASE+species,2020,4
181-270,79,0.085,78.318,49.155,0.9641,0.8066,0.351,observed,TFT,BASE+species,2020,4
271-365,80,0.048,97.389,39.876,1.0169,0.9244,0.333,observed,TFT,BASE+species,2020,4
1-7,7,-1.171,25.548,21.024,1.9542,0.984,0.595,gapfilled,TFT,BASE+species,2020,4
8-30,23,-0.629,30.657,18.3,1.5753,1.2426,-0.138,gapfilled,TFT,BASE+species,2020,4
31-90,60,-0.685,40.999,27.377,1.465,1.0005,0.233,gapfilled,TFT,BASE+species,2020,4
91-180,90,-0.459,24.729,19.539,1.4203,0.7789,0.389,gapfilled,TFT,BASE+species,2020,4
181-270,90,0.124,57.981,36.893,0.7744,0.6102,0.435,gapfilled,TFT,BASE+species,2020,4
271-365,95,0.117,63.952,31.475,1.047,0.8708,0.484,gapfilled,TFT,BASE+species,2020,4
1-7,4,-5.639,19.423,16.111,1.4315,1.8174,-0.208,observed,DLinear,BASE+species,2020,4
8-30,21,-5.682,38.1,32.601,2.5795,2.8415,-0.036,observed,DLinear,BASE+species,2020,4
31-90,37,-0.183,47.758,29.703,1.1242,1.0241,0.074,observed,DLinear,BASE+species,2020,4
91-180,42,-4.657,49.833,41.092,2.4309,1.9566,-0.048,observed,DLinear,BASE+species,2020,4
181-270,79,-0.251,91.596,71.462,1.4016,1.1726,0.252,observed,DLinear,BASE+species,2020,4
271-365,80,0.037,97.98,60.871,1.5523,1.4111,0.31,observed,DLinear,BASE+species,2020,4
1-7,7,-0.787,23.179,18.148,1.6869,0.8494,0.369,gapfilled,DLinear,BASE+species,2020,4
8-30,23,-1.463,37.695,31.562,2.7169,2.1431,0.021,gapfilled,DLinear,BASE+species,2020,4
31-90,60,-0.579,39.689,25.124,1.3444,0.9182,-0.01,gapfilled,DLinear,BASE+species,2020,4
91-180,90,-3.606,43.945,34.963,2.5413,1.3937,0.069,gapfilled,DLinear,BASE+species,2020,4
181-270,90,-0.44,74.346,61.861,1.2984,1.0232,0.367,gapfilled,DLinear,BASE+species,2020,4
271-365,95,-0.009,68.36,49.938,1.6611,1.3817,0.398,gapfilled,DLinear,BASE+species,2020,4
1-7,4,-1.798,12.609,11.508,1.0225,1.2981,-0.755,observed,LSTM,BASE+species,2020,4
8-30,21,0.01,14.664,11.126,0.8803,0.9697,0.286,observed,LSTM,BASE+species,2020,4
31-90,37,-0.007,44.073,26.015,0.9846,0.897,0.274,observed,LSTM,BASE+species,2020,4
91-180,42,-2.338,38.28,27.519,1.628,1.3103,-0.0,observed,LSTM,BASE+species,2020,4
181-270,79,-0.18,88.953,56.065,1.0996,0.92,0.205,observed,LSTM,BASE+species,2020,4
271-365,80,-0.033,101.474,44.916,1.1454,1.0412,0.187,observed,LSTM,BASE+species,2020,4
1-7,7,-0.279,19.609,16.736,1.5557,0.7833,0.612,gapfilled,LSTM,BASE+species,2020,4
8-30,23,0.156,22.062,10.259,0.8831,0.6966,0.453,gapfilled,LSTM,BASE+species,2020,4
31-90,60,-0.174,34.219,20.217,1.0818,0.7388,0.232,gapfilled,LSTM,BASE+species,2020,4
91-180,90,-2.036,35.675,27.507,1.9994,1.0965,0.135,gapfilled,LSTM,BASE+species,2020,4
181-270,90,-0.45,74.61,52.662,1.1054,0.8711,0.235,gapfilled,LSTM,BASE+species,2020,4
271-365,95,-0.017,68.642,36.412,1.2112,1.0074,0.337,gapfilled,LSTM,BASE+species,2020,4
1-7,4,-1.355,5.703,5.402,0.2212,1.6495,0.382,observed,TFT,BASE+species,2020,9
8-30,19,-0.138,162.104,62.477,1.0139,0.9587,0.114,observed,TFT,BASE+species,2020,9
31-90,24,-0.294,16.283,12.716,0.6101,1.0459,0.445,observed,TFT,BASE+species,2020,9
91-180,57,-1.972,34.98,27.31,1.4768,1.4703,0.001,observed,TFT,BASE+species,2020,9
181-270,64,0.184,86.92,54.648,0.8916,0.8069,0.463,observed,TFT,BASE+species,2020,9
271-365,86,0.251,45.984,27.906,0.8053,0.8478,0.503,observed,TFT,BASE+species,2020,9
1-7,7,-0.401,60.656,37.735,1.0008,0.9695,0.188,gapfilled,TFT,BASE+species,2020,9
8-30,23,-0.501,88.635,54.829,1.1047,0.9552,0.373,gapfilled,TFT,BASE+species,2020,9
31-90,60,-0.617,58.46,39.944,1.2948,0.9998,0.65,gapfilled,TFT,BASE+species,2020,9
91-180,90,-2.328,29.202,22.108,1.5678,1.2164,-0.03,gapfilled,TFT,BASE+species,2020,9
181-270,90,0.161,68.406,41.154,0.7188,0.5507,0.482,gapfilled,TFT,BASE+species,2020,9
271-365,95,0.361,26.075,18.501,0.7758,0.6842,0.633,gapfilled,TFT,BASE+species,2020,9
1-7,4,-115.494,40.11,35.982,1.4735,10.9882,0.297,observed,DLinear,BASE+species,2020,9
8-30,19,0.118,142.692,78.196,1.269,1.1999,0.437,observed,DLinear,BASE+species,2020,9
31-90,24,-3.002,28.632,23.599,1.1323,1.941,0.146,observed,DLinear,BASE+species,2020,9
91-180,57,-2.362,37.204,30.556,1.6524,1.6451,-0.16,observed,DLinear,BASE+species,2020,9
181-270,64,0.178,87.206,58.872,0.9605,0.8692,0.424,observed,DLinear,BASE+species,2020,9
271-365,86,-0.007,53.314,39.991,1.154,1.2149,0.404,observed,DLinear,BASE+species,2020,9
1-7,7,-0.09,53.512,44.717,1.186,1.1489,0.158,gapfilled,DLinear,BASE+species,2020,9
8-30,23,-0.21,79.562,64.908,1.3077,1.1308,-0.013,gapfilled,DLinear,BASE+species,2020,9
31-90,60,-0.349,53.403,38.323,1.2422,0.9592,0.081,gapfilled,DLinear,BASE+species,2020,9
91-180,90,-3.821,35.144,26.87,1.9055,1.4784,-0.111,gapfilled,DLinear,BASE+species,2020,9
181-270,90,0.212,66.286,44.351,0.7746,0.5934,0.472,gapfilled,DLinear,BASE+species,2020,9
271-365,95,-0.24,36.337,30.108,1.2625,1.1134,0.52,gapfilled,DLinear,BASE+species,2020,9
1-7,4,-25.214,19.027,16.136,0.6608,4.9277,-0.948,observed,LSTM,BASE+species,2020,9
8-30,19,0.078,145.925,61.2,0.9932,0.9391,0.397,observed,LSTM,BASE+species,2020,9
31-90,24,-0.956,20.016,15.507,0.744,1.2755,0.503,observed,LSTM,BASE+species,2020,9
91-180,57,-1.953,34.866,26.444,1.43,1.4237,-0.034,observed,LSTM,BASE+species,2020,9
181-270,64,-0.416,114.479,79.384,1.2952,1.1721,0.009,observed,LSTM,BASE+species,2020,9
271-365,86,-0.018,53.593,31.136,0.8985,0.9459,0.219,observed,LSTM,BASE+species,2020,9
1-7,7,0.028,50.525,37.397,0.9919,0.9608,0.267,gapfilled,LSTM,BASE+species,2020,9
8-30,23,0.207,64.41,40.836,0.8228,0.7114,0.588,gapfilled,LSTM,BASE+species,2020,9
31-90,60,0.155,42.252,29.836,0.9671,0.7468,0.435,gapfilled,LSTM,BASE+species,2020,9
91-180,90,-1.661,26.11,18.039,1.2792,0.9925,0.16,gapfilled,LSTM,BASE+species,2020,9
181-270,90,-0.612,94.832,67.019,1.1705,0.8968,0.167,gapfilled,LSTM,BASE+species,2020,9
271-365,95,-0.186,35.535,23.116,0.9693,0.8549,0.231,gapfilled,LSTM,BASE+species,2020,9
1-7,0,,,,,,,observed,TFT,BASE+arable,2020,2
8-30,0,,,,,,,observed,TFT,BASE+arable,2020,2
31-90,0,,,,,,,observed,TFT,BASE+arable,2020,2
91-180,0,,,,,,,observed,TFT,BASE+arable,2020,2
181-270,0,,,,,,,observed,TFT,BASE+arable,2020,2
271-365,0,,,,,,,observed,TFT,BASE+arable,2020,2
1-7,7,-0.951,34.171,23.664,1.4389,1.0745,0.052,gapfilled,TFT,BASE+arable,2020,2
8-30,23,-6.178,37.564,33.736,3.0597,1.2166,-0.116,gapfilled,TFT,BASE+arable,2020,2
31-90,60,-2.346,28.355,23.145,2.0164,0.9603,-0.071,gapfilled,TFT,BASE+arable,2020,2
91-180,90,-0.642,23.347,16.484,1.3744,1.0295,0.282,gapfilled,TFT,BASE+arable,2020,2
181-270,90,-2.667,26.936,20.202,1.4579,1.2438,0.254,gapfilled,TFT,BASE+arable,2020,2
271-365,95,-0.501,22.067,13.665,0.8639,0.9525,-0.064,gapfilled,TFT,BASE+arable,2020,2
1-7,0,,,,,,,observed,DLinear,BASE+arable,2020,2
8-30,0,,,,,,,observed,DLinear,BASE+arable,2020,2
31-90,0,,,,,,,observed,DLinear,BASE+arable,2020,2
91-180,0,,,,,,,observed,DLinear,BASE+arable,2020,2
181-270,0,,,,,,,observed,DLinear,BASE+arable,2020,2
271-365,0,,,,,,,observed,DLinear,BASE+arable,2020,2
1-7,7,-7.576,71.641,64.273,3.9083,2.9183,0.233,gapfilled,DLinear,BASE+arable,2020,2
8-30,23,-43.112,93.118,89.845,8.1487,3.2401,0.233,gapfilled,DLinear,BASE+arable,2020,2
31-90,60,-17.67,66.979,60.768,5.2942,2.5212,-0.26,gapfilled,DLinear,BASE+arable,2020,2
91-180,90,-8.585,56.4,48.15,4.0146,3.0071,0.117,gapfilled,DLinear,BASE+arable,2020,2
181-270,90,-36.578,86.224,82.612,5.962,5.0861,0.108,gapfilled,DLinear,BASE+arable,2020,2
271-365,95,-28.172,97.281,92.125,5.8244,6.4212,0.097,gapfilled,DLinear,BASE+arable,2020,2
1-7,0,,,,,,,observed,LSTM,BASE+arable,2020,2
8-30,0,,,,,,,observed,LSTM,BASE+arable,2020,2
31-90,0,,,,,,,observed,LSTM,BASE+arable,2020,2
91-180,0,,,,,,,observed,LSTM,BASE+arable,2020,2
181-270,0,,,,,,,observed,LSTM,BASE+arable,2020,2
271-365,0,,,,,,,observed,LSTM,BASE+arable,2020,2
1-7,7,0.181,22.143,13.754,0.8363,0.6245,0.588,gapfilled,LSTM,BASE+arable,2020,2
8-30,23,-0.127,14.886,12.5,1.1337,0.4508,0.284,gapfilled,LSTM,BASE+arable,2020,2
31-90,60,-0.514,19.074,15.116,1.3169,0.6271,0.163,gapfilled,LSTM,BASE+arable,2020,2
91-180,90,0.057,17.687,10.944,0.9125,0.6835,0.364,gapfilled,LSTM,BASE+arable,2020,2
181-270,90,-0.682,18.242,13.752,0.9924,0.8466,0.186,gapfilled,LSTM,BASE+arable,2020,2
271-365,95,-0.499,22.05,14.487,0.9159,1.0098,0.112,gapfilled,LSTM,BASE+arable,2020,2
1-7,4,-1.084,10.883,9.59,0.8521,1.0818,-0.952,observed,TFT,BASE+arable,2020,4
8-30,21,-0.366,17.228,10.366,0.8202,0.9035,-0.291,observed,TFT,BASE+arable,2020,4
31-90,37,-0.071,45.447,25.724,0.9736,0.8869,0.24,observed,TFT,BASE+arable,2020,4
91-180,42,-0.523,25.859,21.446,1.2687,1.0211,0.2,observed,TFT,BASE+arable,2020,4
181-270,79,-0.053,84.01,51.259,1.0054,0.8411,0.161,observed,TFT,BASE+arable,2020,4
271-365,80,0.045,97.527,36.9,0.941,0.8554,0.442,observed,TFT,BASE+arable,2020,4
1-7,7,-1.15,25.423,18.522,1.7216,0.8669,-0.271,gapfilled,TFT,BASE+arable,2020,4
8-30,23,-0.347,27.871,11.63,1.0011,0.7897,-0.359,gapfilled,TFT,BASE+arable,2020,4
31-90,60,-0.318,36.253,20.737,1.1097,0.7578,0.101,gapfilled,TFT,BASE+arable,2020,4
91-180,90,-0.551,25.497,19.43,1.4123,0.7745,0.098,gapfilled,TFT,BASE+arable,2020,4
181-270,90,-0.063,63.883,41.537,0.8718,0.687,0.249,gapfilled,TFT,BASE+arable,2020,4
271-365,95,0.109,64.234,27.263,0.9069,0.7543,0.621,gapfilled,TFT,BASE+arable,2020,4
1-7,4,-5.995,19.937,15.484,1.3757,1.7466,-0.487,observed,DLinear,BASE+arable,2020,4
8-30,21,-5.843,38.557,32.976,2.6092,2.8742,-0.005,observed,DLinear,BASE+arable,2020,4
31-90,37,-0.241,48.929,30.576,1.1572,1.0542,0.065,observed,DLinear,BASE+arable,2020,4
91-180,42,-4.933,51.034,41.221,2.4386,1.9627,-0.02,observed,DLinear,BASE+arable,2020,4
181-270,79,-0.218,90.373,69.396,1.3611,1.1387,0.253,observed,DLinear,BASE+arable,2020,4
271-365,80,0.023,98.653,62.359,1.5903,1.4456,0.32,observed,DLinear,BASE+arable,2020,4
1-7,7,-0.906,23.935,18.165,1.6884,0.8502,0.198,gapfilled,DLinear,BASE+arable,2020,4
8-30,23,-1.472,37.761,32.688,2.8138,2.2195,0.074,gapfilled,DLinear,BASE+arable,2020,4
31-90,60,-0.701,41.191,26.204,1.4022,0.9576,-0.02,gapfilled,DLinear,BASE+arable,2020,4
91-180,90,-4.559,48.277,38.021,2.7636,1.5156,0.014,gapfilled,DLinear,BASE+arable,2020,4
181-270,90,-0.355,72.124,58.91,1.2365,0.9744,0.383,gapfilled,DLinear,BASE+arable,2020,4
271-365,95,-0.022,68.814,50.558,1.6817,1.3988,0.423,gapfilled,DLinear,BASE+arable,2020,4
1-7,4,-3.407,15.825,13.304,1.1821,1.5007,-0.055,observed,LSTM,BASE+arable,2020,4
8-30,21,-0.629,18.813,15.836,1.253,1.3803,0.059,observed,LSTM,BASE+arable,2020,4
31-90,37,0.136,40.828,24.365,0.9221,0.8401,0.483,observed,LSTM,BASE+arable,2020,4
91-180,42,-1.374,32.283,24.595,1.455,1.1711,0.285,observed,LSTM,BASE+arable,2020,4
181-270,79,-0.111,86.308,58.209,1.1417,0.9552,0.352,observed,LSTM,BASE+arable,2020,4
271-365,80,-0.009,100.262,54.131,1.3804,1.2549,0.17,observed,LSTM,BASE+arable,2020,4
1-7,7,-1.341,26.531,22.627,2.1033,1.0591,0.617,gapfilled,LSTM,BASE+arable,2020,4
8-30,23,-0.071,24.861,16.45,1.416,1.1169,0.152,gapfilled,LSTM,BASE+arable,2020,4
31-90,60,-0.217,34.841,21.758,1.1643,0.7952,0.279,gapfilled,LSTM,BASE+arable,2020,4
91-180,90,-1.237,30.626,23.317,1.6949,0.9295,0.359,gapfilled,LSTM,BASE+arable,2020,4
181-270,90,-0.832,83.852,56.377,1.1833,0.9325,0.33,gapfilled,LSTM,BASE+arable,2020,4
271-365,95,-0.046,69.612,42.956,1.4288,1.1885,0.234,gapfilled,LSTM,BASE+arable,2020,4
1-7,4,-5.401,9.402,7.229,0.296,2.2074,-0.832,observed,TFT,BASE+arable,2020,9
8-30,19,-0.122,160.999,62.29,1.0109,0.9558,0.178,observed,TFT,BASE+arable,2020,9
31-90,24,-0.304,16.345,13.559,0.6505,1.1152,-0.054,observed,TFT,BASE+arable,2020,9
91-180,57,-3.692,43.949,36.131,1.9539,1.9452,-0.427,observed,TFT,BASE+arable,2020,9
181-270,64,0.06,93.267,62.46,1.0191,0.9222,0.264,observed,TFT,BASE+arable,2020,9
271-365,86,0.278,45.123,27.582,0.796,0.8379,0.558,observed,TFT,BASE+arable,2020,9
1-7,7,-0.527,63.325,39.423,1.0456,1.0129,-0.303,gapfilled,TFT,BASE+arable,2020,9
8-30,23,-0.455,87.267,53.3,1.0739,0.9286,0.34,gapfilled,TFT,BASE+arable,2020,9
31-90,60,-0.584,57.857,36.331,1.1777,0.9094,-0.27,gapfilled,TFT,BASE+arable,2020,9
91-180,90,-4.326,36.94,29.382,2.0837,1.6167,-0.298,gapfilled,TFT,BASE+arable,2020,9
181-270,90,-0.031,75.831,50.325,0.879,0.6734,0.214,gapfilled,TFT,BASE+arable,2020,9
271-365,95,0.433,24.582,17.485,0.7332,0.6466,0.66,gapfilled,TFT,BASE+arable,2020,9
1-7,4,-129.085,42.386,36.06,1.4767,11.012,0.374,observed,DLinear,BASE+arable,2020,9
8-30,19,0.126,142.084,79.261,1.2863,1.2162,0.464,observed,DLinear,BASE+arable,2020,9
31-90,24,-2.757,27.744,22.183,1.0643,1.8246,0.154,observed,DLinear,BASE+arable,2020,9
91-180,57,-1.928,34.722,27.92,1.5098,1.5032,-0.191,observed,DLinear,BASE+arable,2020,9
181-270,64,0.187,86.752,57.77,0.9425,0.853,0.434,observed,DLinear,BASE+arable,2020,9
271-365,86,-0.073,55.013,43.105,1.2439,1.3095,0.435,observed,DLinear,BASE+arable,2020,9
1-7,7,-0.297,58.366,47.558,1.2614,1.2219,-0.119,gapfilled,DLinear,BASE+arable,2020,9
8-30,23,-0.177,78.476,64.247,1.2944,1.1193,0.001,gapfilled,DLinear,BASE+arable,2020,9
31-90,60,-0.511,56.518,40.709,1.3196,1.0189,-0.051,gapfilled,DLinear,BASE+arable,2020,9
91-180,90,-3.103,32.425,24.66,1.7488,1.3569,-0.175,gapfilled,DLinear,BASE+arable,2020,9
181-270,90,0.171,68.015,43.85,0.7659,0.5867,0.433,gapfilled,DLinear,BASE+arable,2020,9
271-365,95,-0.505,40.035,34.792,1.4588,1.2866,0.511,gapfilled,DLinear,BASE+arable,2020,9
1-7,4,-28.372,20.141,17.67,0.7236,5.3959,-0.516,observed,LSTM,BASE+arable,2020,9
8-30,19,0.091,144.86,71.792,1.1651,1.1016,0.483,observed,LSTM,BASE+arable,2020,9
31-90,24,-2.339,26.155,22.028,1.0569,1.8118,0.292,observed,LSTM,BASE+arable,2020,9
91-180,57,-2.978,40.467,27.684,1.4971,1.4904,0.012,observed,LSTM,BASE+arable,2020,9
181-270,64,-0.043,98.236,59.664,0.9735,0.8809,0.236,observed,LSTM,BASE+arable,2020,9
271-365,86,-0.557,66.274,47.091,1.3589,1.4306,0.056,observed,LSTM,BASE+arable,2020,9
1-7,7,-0.071,53.034,37.444,0.9931,0.9621,0.126,gapfilled,LSTM,BASE+arable,2020,9
8-30,23,0.116,68.019,53.159,1.071,0.9261,0.378,gapfilled,LSTM,BASE+arable,2020,9
31-90,60,-0.244,51.284,37.383,1.2118,0.9357,-0.007,gapfilled,LSTM,BASE+arable,2020,9
91-180,90,-3.237,32.946,22.266,1.579,1.2251,0.153,gapfilled,LSTM,BASE+arable,2020,9
181-270,90,-0.165,80.628,51.83,0.9053,0.6935,0.307,gapfilled,LSTM,BASE+arable,2020,9
271-365,95,-1.257,49.021,37.451,1.5703,1.385,0.162,gapfilled,LSTM,BASE+arable,2020,9
1-7,0,,,,,,,observed,TFT,BASE+flow,2020,2
8-30,0,,,,,,,observed,TFT,BASE+flow,2020,2
31-90,0,,,,,,,observed,TFT,BASE+flow,2020,2
91-180,0,,,,,,,observed,TFT,BASE+flow,2020,2
181-270,0,,,,,,,observed,TFT,BASE+flow,2020,2
271-365,0,,,,,,,observed,TFT,BASE+flow,2020,2
1-7,7,-0.63,31.237,17.837,1.0846,0.8099,-0.107,gapfilled,TFT,BASE+flow,2020,2
8-30,23,-4.278,32.209,28.649,2.5984,1.0332,-0.003,gapfilled,TFT,BASE+flow,2020,2
31-90,60,-1.475,24.389,18.844,1.6417,0.7818,-0.019,gapfilled,TFT,BASE+flow,2020,2
91-180,90,-0.512,22.397,15.171,1.2649,0.9475,0.257,gapfilled,TFT,BASE+flow,2020,2
181-270,90,-2.288,25.505,17.65,1.2738,1.0866,0.14,gapfilled,TFT,BASE+flow,2020,2
271-365,95,-0.156,19.365,11.144,0.7045,0.7767,0.007,gapfilled,TFT,BASE+flow,2020,2
1-7,0,,,,,,,observed,DLinear,BASE+flow,2020,2
8-30,0,,,,,,,observed,DLinear,BASE+flow,2020,2
31-90,0,,,,,,,observed,DLinear,BASE+flow,2020,2
91-180,0,,,,,,,observed,DLinear,BASE+flow,2020,2
181-270,0,,,,,,,observed,DLinear,BASE+flow,2020,2
271-365,0,,,,,,,observed,DLinear,BASE+flow,2020,2
1-7,7,-0.725,32.134,27.279,1.6588,1.2386,0.179,gapfilled,DLinear,BASE+flow,2020,2
8-30,23,-2.213,25.131,21.974,1.993,0.7924,0.22,gapfilled,DLinear,BASE+flow,2020,2
31-90,60,-2.625,29.512,23.781,2.0718,0.9866,-0.201,gapfilled,DLinear,BASE+flow,2020,2
91-180,90,-2.894,35.95,30.672,2.5573,1.9156,0.088,gapfilled,DLinear,BASE+flow,2020,2
181-270,90,-5.46,35.751,30.354,2.1906,1.8688,0.137,gapfilled,DLinear,BASE+flow,2020,2
271-365,95,-4.993,44.094,36.132,2.2844,2.5184,0.093,gapfilled,DLinear,BASE+flow,2020,2
1-7,0,,,,,,,observed,LSTM,BASE+flow,2020,2
8-30,0,,,,,,,observed,LSTM,BASE+flow,2020,2
31-90,0,,,,,,,observed,LSTM,BASE+flow,2020,2
91-180,0,,,,,,,observed,LSTM,BASE+flow,2020,2
181-270,0,,,,,,,observed,LSTM,BASE+flow,2020,2
271-365,0,,,,,,,observed,LSTM,BASE+flow,2020,2
1-7,7,-1.013,34.706,26.55,1.6145,1.2055,0.441,gapfilled,LSTM,BASE+flow,2020,2
8-30,23,-1.351,21.495,18.28,1.6579,0.6592,0.185,gapfilled,LSTM,BASE+flow,2020,2
31-90,60,-1.833,26.093,20.013,1.7435,0.8303,0.065,gapfilled,LSTM,BASE+flow,2020,2
91-180,90,-0.169,19.695,13.354,1.1135,0.834,0.352,gapfilled,LSTM,BASE+flow,2020,2
181-270,90,-1.95,24.158,19.301,1.3929,1.1883,0.301,gapfilled,LSTM,BASE+flow,2020,2
271-365,95,-1.972,31.049,21.857,1.3819,1.5235,0.136,gapfilled,LSTM,BASE+flow,2020,2
1-7,4,-1.17,11.105,9.497,0.8438,1.0713,-0.965,observed,TFT,BASE+flow,2020,4
8-30,21,-0.247,16.457,9.473,0.7496,0.8257,-0.186,observed,TFT,BASE+flow,2020,4
31-90,37,-0.093,45.904,26.215,0.9922,0.9039,0.148,observed,TFT,BASE+flow,2020,4
91-180,42,-0.512,25.766,21.093,1.2478,1.0044,0.173,observed,TFT,BASE+flow,2020,4
181-270,79,-0.051,83.942,50.963,0.9996,0.8363,0.173,observed,TFT,BASE+flow,2020,4
271-365,80,0.045,97.53,36.744,0.937,0.8518,0.452,observed,TFT,BASE+flow,2020,4
1-7,7,-1.267,26.105,19.292,1.7932,0.9029,-0.274,gapfilled,TFT,BASE+flow,2020,4
8-30,23,-0.274,27.114,10.862,0.935,0.7375,-0.287,gapfilled,TFT,BASE+flow,2020,4
31-90,60,-0.331,36.438,20.953,1.1212,0.7657,0.064,gapfilled,TFT,BASE+flow,2020,4
91-180,90,-0.504,25.112,19.029,1.3832,0.7585,0.091,gapfilled,TFT,BASE+flow,2020,4
181-270,90,-0.06,63.793,41.292,0.8667,0.683,0.264,gapfilled,TFT,BASE+flow,2020,4
271-365,95,0.109,64.268,27.193,0.9045,0.7524,0.632,gapfilled,TFT,BASE+flow,2020,4
1-7,4,-10.849,25.948,24.398,2.1678,2.7521,-0.197,observed,DLinear,BASE+flow,2020,4
8-30,21,-4.499,34.564,28.167,2.2286,2.455,-0.055,observed,DLinear,BASE+flow,2020,4
31-90,37,-0.152,47.142,28.308,1.0714,0.976,0.124,observed,DLinear,BASE+flow,2020,4
91-180,42,-5.488,53.369,43.168,2.5538,2.0555,-0.031,observed,DLinear,BASE+flow,2020,4
181-270,79,-0.235,90.997,70.103,1.375,1.1503,0.261,observed,DLinear,BASE+flow,2020,4
271-365,80,0.018,98.92,63.224,1.6123,1.4657,0.311,observed,DLinear,BASE+flow,2020,4
1-7,7,-1.597,27.944,23.249,2.161,1.0881,-0.035,gapfilled,DLinear,BASE+flow,2020,4
8-30,23,-1.137,35.111,28.25,2.4317,1.9181,0.058,gapfilled,DLinear,BASE+flow,2020,4
31-90,60,-0.542,39.221,24.728,1.3232,0.9037,0.025,gapfilled,DLinear,BASE+flow,2020,4
91-180,90,-4.957,49.974,39.846,2.8963,1.5883,0.019,gapfilled,DLinear,BASE+flow,2020,4
181-270,90,-0.367,72.439,59.638,1.2518,0.9864,0.399,gapfilled,DLinear,BASE+flow,2020,4
271-365,95,-0.033,69.196,51.659,1.7183,1.4293,0.413,gapfilled,DLinear,BASE+flow,2020,4
1-7,4,-1.168,11.1,8.478,0.7533,0.9564,0.079,observed,LSTM,BASE+flow,2020,4
8-30,21,-1.174,21.732,18.586,1.4705,1.6199,-0.048,observed,LSTM,BASE+flow,2020,4
31-90,37,0.077,42.182,25.337,0.9589,0.8736,0.383,observed,LSTM,BASE+flow,2020,4
91-180,42,-1.473,32.949,23.805,1.4083,1.1335,0.34,observed,LSTM,BASE+flow,2020,4
181-270,79,-0.144,87.573,60.362,1.1839,0.9905,0.331,observed,LSTM,BASE+flow,2020,4
271-365,80,0.148,92.134,53.6,1.3669,1.2426,0.425,observed,LSTM,BASE+flow,2020,4
1-7,7,-1.053,24.845,21.025,1.9543,0.9841,0.65,gapfilled,LSTM,BASE+flow,2020,4
8-30,23,-0.295,27.329,19.056,1.6403,1.2939,0.038,gapfilled,LSTM,BASE+flow,2020,4
31-90,60,-0.25,35.311,22.7,1.2147,0.8296,0.242,gapfilled,LSTM,BASE+flow,2020,4
91-180,90,-1.121,29.819,22.287,1.62,0.8884,0.448,gapfilled,LSTM,BASE+flow,2020,4
181-270,90,-0.954,86.601,57.159,1.1998,0.9455,0.295,gapfilled,LSTM,BASE+flow,2020,4
271-365,95,0.216,60.251,39.504,1.314,1.093,0.548,gapfilled,LSTM,BASE+flow,2020,4
1-7,4,-5.514,9.485,6.883,0.2818,2.1018,-0.83,observed,TFT,BASE+flow,2020,9
8-30,19,-0.124,161.099,62.415,1.0129,0.9577,0.097,observed,TFT,BASE+flow,2020,9
31-90,24,-0.344,16.595,13.651,0.655,1.1228,-0.071,observed,TFT,BASE+flow,2020,9
91-180,57,-3.546,43.263,35.34,1.9111,1.9026,-0.443,observed,TFT,BASE+flow,2020,9
181-270,64,0.058,93.344,62.348,1.0172,0.9206,0.265,observed,TFT,BASE+flow,2020,9
271-365,86,0.275,45.24,27.518,0.7941,0.836,0.561,observed,TFT,BASE+flow,2020,9
1-7,7,-0.531,63.423,40.088,1.0632,1.03,-0.288,gapfilled,TFT,BASE+flow,2020,9
8-30,23,-0.464,87.521,53.351,1.0749,0.9294,0.155,gapfilled,TFT,BASE+flow,2020,9
31-90,60,-0.551,57.251,35.845,1.1619,0.8972,-0.247,gapfilled,TFT,BASE+flow,2020,9
91-180,90,-4.17,36.397,28.81,2.0431,1.5852,-0.32,gapfilled,TFT,BASE+flow,2020,9
181-270,90,-0.039,76.119,50.31,0.8787,0.6732,0.209,gapfilled,TFT,BASE+flow,2020,9
271-365,95,0.424,24.768,17.521,0.7347,0.6479,0.655,gapfilled,TFT,BASE+flow,2020,9
1-7,4,-172.462,48.945,45.102,1.847,13.7731,0.427,observed,DLinear,BASE+flow,2020,9
8-30,19,0.126,142.087,74.91,1.2157,1.1495,0.483,observed,DLinear,BASE+flow,2020,9
31-90,24,-1.909,24.411,19.708,0.9456,1.621,0.199,observed,DLinear,BASE+flow,2020,9
91-180,57,-2.032,35.333,28.456,1.5388,1.532,-0.188,observed,DLinear,BASE+flow,2020,9
181-270,64,0.206,85.72,57.734,0.942,0.8524,0.456,observed,DLinear,BASE+flow,2020,9
271-365,86,-0.155,57.097,45.17,1.3035,1.3722,0.432,observed,DLinear,BASE+flow,2020,9
1-7,7,-0.289,58.192,51.857,1.3754,1.3324,0.042,gapfilled,DLinear,BASE+flow,2020,9
8-30,23,-0.153,77.69,61.494,1.2389,1.0713,0.006,gapfilled,DLinear,BASE+flow,2020,9
31-90,60,-0.55,57.235,40.08,1.2992,1.0032,-0.068,gapfilled,DLinear,BASE+flow,2020,9
91-180,90,-3.143,32.582,24.304,1.7235,1.3372,-0.184,gapfilled,DLinear,BASE+flow,2020,9
181-270,90,0.2,66.815,43.963,0.7678,0.5883,0.462,gapfilled,DLinear,BASE+flow,2020,9
271-365,95,-0.724,42.846,37.131,1.5569,1.3731,0.528,gapfilled,DLinear,BASE+flow,2020,9
1-7,4,-56.848,28.265,25.359,1.0385,7.744,-0.706,observed,LSTM,BASE+flow,2020,9
8-30,19,0.056,147.697,85.665,1.3902,1.3145,0.299,observed,LSTM,BASE+flow,2020,9
31-90,24,-4.078,32.254,27.097,1.3001,2.2287,0.336,observed,LSTM,BASE+flow,2020,9
91-180,57,-1.89,34.492,24.165,1.3068,1.301,0.087,observed,LSTM,BASE+flow,2020,9
181-270,64,-0.135,102.469,61.535,1.004,0.9086,0.205,observed,LSTM,BASE+flow,2020,9
271-365,86,-1.197,78.739,59.989,1.7311,1.8224,-0.032,observed,LSTM,BASE+flow,2020,9
1-7,7,0.219,45.308,35.033,0.9292,0.9001,0.658,gapfilled,LSTM,BASE+flow,2020,9
8-30,23,-0.006,72.553,60.753,1.224,1.0584,0.225,gapfilled,LSTM,BASE+flow,2020,9
31-90,60,-0.11,48.44,36.187,1.173,0.9058,0.171,gapfilled,LSTM,BASE+flow,2020,9
91-180,90,-2.185,28.567,19.576,1.3883,1.0771,0.215,gapfilled,LSTM,BASE+flow,2020,9
181-270,90,-0.253,83.597,56.018,0.9784,0.7496,0.319,gapfilled,LSTM,BASE+flow,2020,9
271-365,95,-2.956,64.902,52.0,2.1804,1.923,0.006,gapfilled,LSTM,BASE+flow,2020,9
1-7,0,,,,,,,observed,TFT,BASE+mgmt,2020,2
8-30,0,,,,,,,observed,TFT,BASE+mgmt,2020,2
31-90,0,,,,,,,observed,TFT,BASE+mgmt,2020,2
91-180,0,,,,,,,observed,TFT,BASE+mgmt,2020,2
181-270,0,,,,,,,observed,TFT,BASE+mgmt,2020,2
271-365,0,,,,,,,observed,TFT,BASE+mgmt,2020,2
1-7,7,0.408,18.821,11.327,0.6888,0.5143,0.91,gapfilled,TFT,BASE+mgmt,2020,2
8-30,23,-0.381,16.474,11.965,1.0852,0.4315,0.512,gapfilled,TFT,BASE+mgmt,2020,2
31-90,60,-0.595,19.578,14.105,1.2289,0.5852,0.474,gapfilled,TFT,BASE+mgmt,2020,2
91-180,90,-0.425,21.744,14.726,1.2278,0.9197,0.164,gapfilled,TFT,BASE+mgmt,2020,2
181-270,90,-2.738,27.195,23.012,1.6608,1.4168,0.083,gapfilled,TFT,BASE+mgmt,2020,2
271-365,95,-0.845,24.464,18.059,1.1417,1.2587,0.157,gapfilled,TFT,BASE+mgmt,2020,2
1-7,0,,,,,,,observed,DLinear,BASE+mgmt,2020,2
8-30,0,,,,,,,observed,DLinear,BASE+mgmt,2020,2
31-90,0,,,,,,,observed,DLinear,BASE+mgmt,2020,2
91-180,0,,,,,,,observed,DLinear,BASE+mgmt,2020,2
181-270,0,,,,,,,observed,DLinear,BASE+mgmt,2020,2
271-365,0,,,,,,,observed,DLinear,BASE+mgmt,2020,2
1-7,7,-0.217,26.988,22.344,1.3587,1.0145,0.32,gapfilled,DLinear,BASE+mgmt,2020,2
8-30,23,-3.271,28.975,25.482,2.3111,0.9189,0.136,gapfilled,DLinear,BASE+mgmt,2020,2
31-90,60,-3.881,34.246,28.291,2.4648,1.1738,-0.326,gapfilled,DLinear,BASE+mgmt,2020,2
91-180,90,-2.975,36.323,29.056,2.4226,1.8147,0.108,gapfilled,DLinear,BASE+mgmt,2020,2
181-270,90,-4.952,34.315,28.102,2.0281,1.7302,0.34,gapfilled,DLinear,BASE+mgmt,2020,2
271-365,95,-4.126,40.778,33.172,2.0972,2.3121,0.098,gapfilled,DLinear,BASE+mgmt,2020,2
1-7,0,,,,,,,observed,LSTM,BASE+mgmt,2020,2
8-30,0,,,,,,,observed,LSTM,BASE+mgmt,2020,2
31-90,0,,,,,,,observed,LSTM,BASE+mgmt,2020,2
91-180,0,,,,,,,observed,LSTM,BASE+mgmt,2020,2
181-270,0,,,,,,,observed,LSTM,BASE+mgmt,2020,2
271-365,0,,,,,,,observed,LSTM,BASE+mgmt,2020,2
1-7,7,0.395,19.033,17.019,1.0349,0.7728,0.65,gapfilled,LSTM,BASE+mgmt,2020,2
8-30,23,-0.863,19.138,15.447,1.401,0.5571,0.546,gapfilled,LSTM,BASE+mgmt,2020,2
31-90,60,-0.568,19.413,15.351,1.3374,0.6369,0.462,gapfilled,LSTM,BASE+mgmt,2020,2
91-180,90,-1.657,29.697,23.16,1.931,1.4464,0.126,gapfilled,LSTM,BASE+mgmt,2020,2
181-270,90,-4.662,33.469,29.154,2.104,1.7949,0.208,gapfilled,LSTM,BASE+mgmt,2020,2
271-365,95,-6.576,49.574,38.613,2.4412,2.6913,0.088,gapfilled,LSTM,BASE+mgmt,2020,2
1-7,4,-0.986,10.624,7.317,0.6501,0.8254,-0.76,observed,TFT,BASE+mgmt,2020,4
8-30,21,-0.849,20.043,16.02,1.2676,1.3963,0.03,observed,TFT,BASE+mgmt,2020,4
31-90,37,0.089,41.91,23.78,0.9,0.8199,0.515,observed,TFT,BASE+mgmt,2020,4
91-180,42,-1.64,34.047,28.666,1.6959,1.365,0.299,observed,TFT,BASE+mgmt,2020,4
181-270,79,0.057,79.524,48.816,0.9575,0.801,0.255,observed,TFT,BASE+mgmt,2020,4
271-365,80,0.092,95.096,39.487,1.007,0.9154,0.329,observed,TFT,BASE+mgmt,2020,4
1-7,7,-0.016,17.474,11.783,1.0952,0.5515,0.344,gapfilled,TFT,BASE+mgmt,2020,4
8-30,23,-0.067,24.807,15.826,1.3623,1.0746,0.184,gapfilled,TFT,BASE+mgmt,2020,4
31-90,60,0.032,31.069,16.703,0.8938,0.6104,0.442,gapfilled,TFT,BASE+mgmt,2020,4
91-180,90,-2.064,35.838,26.794,1.9476,1.0681,0.25,gapfilled,TFT,BASE+mgmt,2020,4
181-270,90,0.196,55.57,34.761,0.7296,0.575,0.446,gapfilled,TFT,BASE+mgmt,2020,4
271-365,95,0.204,60.737,28.928,0.9622,0.8004,0.479,gapfilled,TFT,BASE+mgmt,2020,4
1-7,4,-2.612,14.326,13.038,1.1584,1.4707,-0.17,observed,DLinear,BASE+mgmt,2020,4
8-30,21,-6.239,39.656,33.14,2.6221,2.8884,-0.009,observed,DLinear,BASE+mgmt,2020,4
31-90,37,-0.239,48.887,30.791,1.1654,1.0617,0.074,observed,DLinear,BASE+mgmt,2020,4
91-180,42,-2.62,39.864,32.672,1.9329,1.5557,0.034,observed,DLinear,BASE+mgmt,2020,4
181-270,79,-0.325,94.253,73.639,1.4443,1.2084,0.219,observed,DLinear,BASE+mgmt,2020,4
271-365,80,0.024,98.625,64.139,1.6357,1.4869,0.341,observed,DLinear,BASE+mgmt,2020,4
1-7,7,-0.773,23.089,17.03,1.583,0.7971,0.247,gapfilled,DLinear,BASE+mgmt,2020,4
8-30,23,-1.522,38.146,32.334,2.7833,2.1955,0.105,gapfilled,DLinear,BASE+mgmt,2020,4
31-90,60,-0.675,40.879,26.514,1.4188,0.9689,-0.01,gapfilled,DLinear,BASE+mgmt,2020,4
91-180,90,-3.006,40.981,33.167,2.4108,1.3221,0.103,gapfilled,DLinear,BASE+mgmt,2020,4
181-270,90,-0.497,75.799,63.284,1.3283,1.0468,0.359,gapfilled,DLinear,BASE+mgmt,2020,4
271-365,95,-0.019,68.725,51.787,1.7226,1.4328,0.454,gapfilled,DLinear,BASE+mgmt,2020,4
1-7,4,-2.006,13.07,11.782,1.0469,1.3291,-0.254,observed,LSTM,BASE+mgmt,2020,4
8-30,21,-1.768,24.52,20.108,1.591,1.7526,-0.029,observed,LSTM,BASE+mgmt,2020,4
31-90,37,0.281,37.234,23.169,0.8769,0.7989,0.538,observed,LSTM,BASE+mgmt,2020,4
91-180,42,-6.465,57.248,38.494,2.2772,1.8329,0.215,observed,LSTM,BASE+mgmt,2020,4
181-270,79,-0.439,98.233,72.079,1.4137,1.1828,0.266,observed,LSTM,BASE+mgmt,2020,4
271-365,80,0.089,95.26,42.894,1.0939,0.9944,0.329,observed,LSTM,BASE+mgmt,2020,4
1-7,7,-1.091,25.072,17.812,1.6556,0.8337,-0.176,gapfilled,LSTM,BASE+mgmt,2020,4
8-30,23,-0.361,28.021,19.362,1.6667,1.3147,0.034,gapfilled,LSTM,BASE+mgmt,2020,4
31-90,60,0.099,29.985,18.244,0.9762,0.6667,0.406,gapfilled,LSTM,BASE+mgmt,2020,4
91-180,90,-4.082,46.159,31.795,2.3111,1.2674,0.518,gapfilled,LSTM,BASE+mgmt,2020,4
181-270,90,-1.211,92.14,69.573,1.4603,1.1508,0.327,gapfilled,LSTM,BASE+mgmt,2020,4
271-365,95,0.147,62.851,33.824,1.1251,0.9358,0.418,gapfilled,LSTM,BASE+mgmt,2020,4
1-7,4,-6.791,10.373,7.75,0.3174,2.3666,-0.291,observed,TFT,BASE+mgmt,2020,9
8-30,19,0.033,149.463,56.138,0.911,0.8614,0.463,observed,TFT,BASE+mgmt,2020,9
31-90,24,0.079,13.735,11.489,0.5512,0.945,0.465,observed,TFT,BASE+mgmt,2020,9
91-180,57,-5.002,49.709,42.078,2.2754,2.2654,-0.195,observed,TFT,BASE+mgmt,2020,9
181-270,64,-0.045,98.351,68.083,1.1108,1.0052,-0.008,observed,TFT,BASE+mgmt,2020,9
271-365,86,0.225,46.765,27.998,0.808,0.8506,0.485,observed,TFT,BASE+mgmt,2020,9
1-7,7,-0.277,57.923,37.745,1.0011,0.9698,0.037,gapfilled,TFT,BASE+mgmt,2020,9
8-30,23,0.051,70.467,42.129,0.8488,0.734,0.611,gapfilled,TFT,BASE+mgmt,2020,9
31-90,60,-0.206,50.498,30.396,0.9853,0.7608,0.501,gapfilled,TFT,BASE+mgmt,2020,9
91-180,90,-5.636,41.234,34.287,2.4315,1.8866,0.179,gapfilled,TFT,BASE+mgmt,2020,9
181-270,90,-0.101,78.391,54.333,0.949,0.727,-0.006,gapfilled,TFT,BASE+mgmt,2020,9
271-365,95,0.395,25.379,17.864,0.749,0.6606,0.655,gapfilled,TFT,BASE+mgmt,2020,9
1-7,4,-106.707,38.568,34.504,1.413,10.5367,0.441,observed,DLinear,BASE+mgmt,2020,9
8-30,19,0.118,142.713,85.232,1.3832,1.3078,0.473,observed,DLinear,BASE+mgmt,2020,9
31-90,24,-3.549,30.527,24.288,1.1653,1.9977,0.118,observed,DLinear,BASE+mgmt,2020,9
91-180,57,-1.688,33.269,26.661,1.4417,1.4354,-0.115,observed,DLinear,BASE+mgmt,2020,9
181-270,64,0.125,89.986,64.373,1.0503,0.9505,0.389,observed,DLinear,BASE+mgmt,2020,9
271-365,86,-0.236,59.045,48.039,1.3863,1.4594,0.474,observed,DLinear,BASE+mgmt,2020,9
1-7,7,-0.276,57.886,47.716,1.2655,1.226,-0.092,gapfilled,DLinear,BASE+mgmt,2020,9
8-30,23,-0.183,78.67,67.044,1.3508,1.168,0.017,gapfilled,DLinear,BASE+mgmt,2020,9
31-90,60,-0.584,57.859,43.625,1.4141,1.0919,-0.071,gapfilled,DLinear,BASE+mgmt,2020,9
91-180,90,-2.256,28.884,22.968,1.6288,1.2637,-0.08,gapfilled,DLinear,BASE+mgmt,2020,9
181-270,90,0.126,69.817,49.413,0.863,0.6612,0.419,gapfilled,DLinear,BASE+mgmt,2020,9
271-365,95,-0.948,45.545,40.701,1.7066,1.5052,0.578,gapfilled,DLinear,BASE+mgmt,2020,9
1-7,4,-101.244,37.577,37.485,1.5351,11.4469,0.753,observed,LSTM,BASE+mgmt,2020,9
8-30,19,0.042,148.725,94.737,1.5374,1.4537,0.282,observed,LSTM,BASE+mgmt,2020,9
31-90,24,-3.649,30.861,26.829,1.2873,2.2067,0.506,observed,LSTM,BASE+mgmt,2020,9
91-180,57,-8.056,61.062,47.893,2.5899,2.5785,-0.186,observed,LSTM,BASE+mgmt,2020,9
181-270,64,-0.227,106.548,85.555,1.3959,1.2632,0.144,observed,LSTM,BASE+mgmt,2020,9
271-365,86,0.138,49.307,32.385,0.9346,0.9838,0.441,observed,LSTM,BASE+mgmt,2020,9
1-7,7,-0.054,52.63,46.444,1.2318,1.1933,0.174,gapfilled,LSTM,BASE+mgmt,2020,9
8-30,23,-0.009,72.664,62.563,1.2605,1.0899,0.359,gapfilled,LSTM,BASE+mgmt,2020,9
31-90,60,0.01,45.754,34.043,1.1035,0.8521,0.295,gapfilled,LSTM,BASE+mgmt,2020,9
91-180,90,-11.571,56.753,42.378,3.0052,2.3317,0.039,gapfilled,LSTM,BASE+mgmt,2020,9
181-270,90,-0.565,93.446,72.78,1.2712,0.9738,0.233,gapfilled,LSTM,BASE+mgmt,2020,9
271-365,95,0.155,29.989,22.515,0.9441,0.8326,0.573,gapfilled,LSTM,BASE+mgmt,2020,9
1-7,0,,,,,,,observed,TFT,BASE+bodyweight,2020,2
8-30,0,,,,,,,observed,TFT,BASE+bodyweight,2020,2
31-90,0,,,,,,,observed,TFT,BASE+bodyweight,2020,2
91-180,0,,,,,,,observed,TFT,BASE+bodyweight,2020,2
181-270,0,,,,,,,observed,TFT,BASE+bodyweight,2020,2
271-365,0,,,,,,,observed,TFT,BASE+bodyweight,2020,2
1-7,7,-0.54,30.357,16.664,1.0133,0.7566,-0.103,gapfilled,TFT,BASE+bodyweight,2020,2
8-30,23,-5.042,34.462,30.639,2.7789,1.1049,-0.017,gapfilled,TFT,BASE+bodyweight,2020,2
31-90,60,-1.323,23.624,18.181,1.584,0.7543,0.058,gapfilled,TFT,BASE+bodyweight,2020,2
91-180,90,-0.078,18.914,11.154,0.93,0.6966,0.343,gapfilled,TFT,BASE+bodyweight,2020,2
181-270,90,-1.503,22.254,16.877,1.218,1.0391,0.058,gapfilled,TFT,BASE+bodyweight,2020,2
271-365,95,-0.724,23.648,14.89,0.9414,1.0379,-0.144,gapfilled,TFT,BASE+bodyweight,2020,2
1-7,0,,,,,,,observed,DLinear,BASE+bodyweight,2020,2
8-30,0,,,,,,,observed,DLinear,BASE+bodyweight,2020,2
31-90,0,,,,,,,observed,DLinear,BASE+bodyweight,2020,2
91-180,0,,,,,,,observed,DLinear,BASE+bodyweight,2020,2
181-270,0,,,,,,,observed,DLinear,BASE+bodyweight,2020,2
271-365,0,,,,,,,observed,DLinear,BASE+bodyweight,2020,2
1-7,7,-0.166,26.417,21.516,1.3084,0.977,0.448,gapfilled,DLinear,BASE+bodyweight,2020,2
8-30,23,-2.333,25.598,21.486,1.9487,0.7748,0.298,gapfilled,DLinear,BASE+bodyweight,2020,2
31-90,60,-2.926,30.715,25.041,2.1816,1.0389,-0.216,gapfilled,DLinear,BASE+bodyweight,2020,2
91-180,90,-2.983,36.359,29.159,2.4311,1.821,0.17,gapfilled,DLinear,BASE+bodyweight,2020,2
181-270,90,-4.394,32.667,27.071,1.9537,1.6667,0.129,gapfilled,DLinear,BASE+bodyweight,2020,2
271-365,95,-5.795,46.951,38.632,2.4424,2.6927,0.074,gapfilled,DLinear,BASE+bodyweight,2020,2
1-7,0,,,,,,,observed,LSTM,BASE+bodyweight,2020,2
8-30,0,,,,,,,observed,LSTM,BASE+bodyweight,2020,2
31-90,0,,,,,,,observed,LSTM,BASE+bodyweight,2020,2
91-180,0,,,,,,,observed,LSTM,BASE+bodyweight,2020,2
181-270,0,,,,,,,observed,LSTM,BASE+bodyweight,2020,2
271-365,0,,,,,,,observed,LSTM,BASE+bodyweight,2020,2
1-7,7,-0.117,25.851,18.227,1.1084,0.8276,0.292,gapfilled,LSTM,BASE+bodyweight,2020,2
8-30,23,0.16,12.851,9.278,0.8415,0.3346,0.528,gapfilled,LSTM,BASE+bodyweight,2020,2
31-90,60,-0.374,18.173,13.781,1.2007,0.5718,0.434,gapfilled,LSTM,BASE+bodyweight,2020,2
91-180,90,-0.3,20.769,14.26,1.1889,0.8906,0.422,gapfilled,LSTM,BASE+bodyweight,2020,2
181-270,90,-4.154,31.933,25.572,1.8455,1.5744,-0.053,gapfilled,LSTM,BASE+bodyweight,2020,2
271-365,95,-1.192,26.667,17.287,1.093,1.205,-0.037,gapfilled,LSTM,BASE+bodyweight,2020,2
1-7,4,-0.489,9.2,7.951,0.7065,0.8969,-0.809,observed,TFT,BASE+bodyweight,2020,4
8-30,21,-0.568,18.458,11.355,0.8984,0.9897,-0.288,observed,TFT,BASE+bodyweight,2020,4
31-90,37,-0.07,45.419,25.759,0.9749,0.8882,0.253,observed,TFT,BASE+bodyweight,2020,4
91-180,42,0.026,20.682,14.384,0.851,0.6849,0.44,observed,TFT,BASE+bodyweight,2020,4
181-270,79,0.057,79.515,46.469,0.9114,0.7625,0.352,observed,TFT,BASE+bodyweight,2020,4
271-365,80,0.066,96.448,35.969,0.9173,0.8338,0.398,observed,TFT,BASE+bodyweight,2020,4
1-7,7,-3.617,37.257,25.18,2.3406,1.1785,-0.755,gapfilled,TFT,BASE+bodyweight,2020,4
8-30,23,-0.48,29.22,13.456,1.1583,0.9136,-0.358,gapfilled,TFT,BASE+bodyweight,2020,4
31-90,60,-0.467,38.246,22.308,1.1937,0.8152,0.005,gapfilled,TFT,BASE+bodyweight,2020,4
91-180,90,-0.453,24.682,17.59,1.2786,0.7012,0.286,gapfilled,TFT,BASE+bodyweight,2020,4
181-270,90,0.095,58.942,37.877,0.795,0.6265,0.443,gapfilled,TFT,BASE+bodyweight,2020,4
271-365,95,0.175,61.825,25.566,0.8504,0.7073,0.612,gapfilled,TFT,BASE+bodyweight,2020,4
1-7,4,-6.925,21.221,16.457,1.4622,1.8563,-0.593,observed,DLinear,BASE+bodyweight,2020,4
8-30,21,-5.034,36.207,29.494,2.3336,2.5707,0.109,observed,DLinear,BASE+bodyweight,2020,4
31-90,37,-0.237,48.844,30.982,1.1726,1.0682,0.116,observed,DLinear,BASE+bodyweight,2020,4
91-180,42,-3.592,44.897,38.184,2.2589,1.8181,0.032,observed,DLinear,BASE+bodyweight,2020,4
181-270,79,-0.313,93.805,73.51,1.4418,1.2062,0.228,observed,DLinear,BASE+bodyweight,2020,4
271-365,80,-0.007,100.159,64.908,1.6553,1.5047,0.317,observed,DLinear,BASE+bodyweight,2020,4
1-7,7,-0.792,23.208,17.228,1.6013,0.8063,0.357,gapfilled,DLinear,BASE+bodyweight,2020,4
8-30,23,-1.124,35.004,29.426,2.533,1.998,0.194,gapfilled,DLinear,BASE+bodyweight,2020,4
31-90,60,-0.743,41.7,27.108,1.4506,0.9907,0.017,gapfilled,DLinear,BASE+bodyweight,2020,4
91-180,90,-2.923,40.553,33.799,2.4568,1.3473,0.119,gapfilled,DLinear,BASE+bodyweight,2020,4
181-270,90,-0.479,75.353,62.994,1.3222,1.042,0.361,gapfilled,DLinear,BASE+bodyweight,2020,4
271-365,95,-0.109,71.683,53.149,1.7679,1.4705,0.409,gapfilled,DLinear,BASE+bodyweight,2020,4
1-7,4,-7.207,21.596,17.963,1.596,2.0263,-0.84,observed,LSTM,BASE+bodyweight,2020,4
8-30,21,-0.54,18.288,16.138,1.2768,1.4065,0.143,observed,LSTM,BASE+bodyweight,2020,4
31-90,37,0.155,40.359,24.597,0.9309,0.8481,0.449,observed,LSTM,BASE+bodyweight,2020,4
91-180,42,-1.953,36.005,24.171,1.4299,1.1509,0.385,observed,LSTM,BASE+bodyweight,2020,4
181-270,79,-0.035,83.287,56.7,1.1121,0.9304,0.357,observed,LSTM,BASE+bodyweight,2020,4
271-365,80,-0.132,106.196,55.572,1.4172,1.2883,-0.014,observed,LSTM,BASE+bodyweight,2020,4
1-7,7,-3.561,37.029,30.404,2.8262,1.423,-0.276,gapfilled,LSTM,BASE+bodyweight,2020,4
8-30,23,-0.033,24.416,17.157,1.4769,1.165,0.232,gapfilled,LSTM,BASE+bodyweight,2020,4
31-90,60,-0.135,33.651,20.443,1.0939,0.7471,0.272,gapfilled,LSTM,BASE+bodyweight,2020,4
91-180,90,-1.181,30.239,20.507,1.4906,0.8175,0.445,gapfilled,LSTM,BASE+bodyweight,2020,4
181-270,90,-0.351,72.028,51.38,1.0785,0.8499,0.406,gapfilled,LSTM,BASE+bodyweight,2020,4
271-365,95,-0.254,76.234,45.884,1.5262,1.2695,0.014,gapfilled,LSTM,BASE+bodyweight,2020,4
1-7,4,-8.994,11.748,9.767,0.4,2.9826,-0.427,observed,TFT,BASE+bodyweight,2020,9
8-30,19,-0.146,162.683,63.228,1.0261,0.9702,-0.339,observed,TFT,BASE+bodyweight,2020,9
31-90,24,0.042,14.01,11.545,0.5539,0.9496,0.283,observed,TFT,BASE+bodyweight,2020,9
91-180,57,-0.888,27.883,20.443,1.1055,1.1006,-0.292,observed,TFT,BASE+bodyweight,2020,9
181-270,64,0.041,94.185,58.947,0.9618,0.8704,0.284,observed,TFT,BASE+bodyweight,2020,9
271-365,86,0.159,48.709,31.434,0.9071,0.9549,0.458,observed,TFT,BASE+bodyweight,2020,9
1-7,7,-1.13,74.801,48.269,1.2802,1.2402,-0.551,gapfilled,TFT,BASE+bodyweight,2020,9
8-30,23,-0.445,86.949,52.45,1.0567,0.9138,0.102,gapfilled,TFT,BASE+bodyweight,2020,9
31-90,60,-0.726,60.404,36.926,1.1969,0.9243,-0.302,gapfilled,TFT,BASE+bodyweight,2020,9
91-180,90,-1.045,22.891,16.868,1.1962,0.9281,-0.137,gapfilled,TFT,BASE+bodyweight,2020,9
181-270,90,-0.141,79.777,48.373,0.8449,0.6473,0.218,gapfilled,TFT,BASE+bodyweight,2020,9
271-365,95,0.209,29.02,21.529,0.9027,0.7961,0.626,gapfilled,TFT,BASE+bodyweight,2020,9
1-7,4,-127.023,42.048,38.04,1.5578,11.6164,-0.083,observed,DLinear,BASE+bodyweight,2020,9
8-30,19,0.187,137.066,75.818,1.2304,1.1634,0.552,observed,DLinear,BASE+bodyweight,2020,9
31-90,24,-3.665,30.914,26.294,1.2616,2.1627,0.193,observed,DLinear,BASE+bodyweight,2020,9
91-180,57,-1.785,33.858,27.664,1.496,1.4894,-0.07,observed,DLinear,BASE+bodyweight,2020,9
181-270,64,0.173,87.483,60.044,0.9797,0.8866,0.42,observed,DLinear,BASE+bodyweight,2020,9
271-365,86,-0.069,54.915,42.69,1.2319,1.2969,0.461,observed,DLinear,BASE+bodyweight,2020,9
1-7,7,-0.145,54.847,46.861,1.2429,1.204,0.14,gapfilled,DLinear,BASE+bodyweight,2020,9
8-30,23,-0.138,77.176,63.095,1.2712,1.0992,0.119,gapfilled,DLinear,BASE+bodyweight,2020,9
31-90,60,-0.544,57.123,41.764,1.3538,1.0454,0.01,gapfilled,DLinear,BASE+bodyweight,2020,9
91-180,90,-3.267,33.063,25.594,1.815,1.4082,-0.023,gapfilled,DLinear,BASE+bodyweight,2020,9
181-270,90,0.182,67.539,45.151,0.7886,0.6042,0.456,gapfilled,DLinear,BASE+bodyweight,2020,9
271-365,95,-0.56,40.75,35.395,1.4841,1.3089,0.55,gapfilled,DLinear,BASE+bodyweight,2020,9
1-7,4,-62.026,29.503,28.769,1.1781,8.7853,-0.562,observed,LSTM,BASE+bodyweight,2020,9
8-30,19,0.111,143.313,77.67,1.2605,1.1918,0.586,observed,LSTM,BASE+bodyweight,2020,9
31-90,24,-1.713,23.574,18.914,0.9075,1.5557,0.43,observed,LSTM,BASE+bodyweight,2020,9
91-180,57,-1.478,31.939,23.426,1.2668,1.2612,-0.142,observed,LSTM,BASE+bodyweight,2020,9
181-270,64,-0.116,101.635,60.445,0.9862,0.8925,0.195,observed,LSTM,BASE+bodyweight,2020,9
271-365,86,-0.328,61.208,42.925,1.2387,1.304,0.216,observed,LSTM,BASE+bodyweight,2020,9
1-7,7,-0.156,55.099,44.186,1.1719,1.1353,0.033,gapfilled,LSTM,BASE+bodyweight,2020,9
8-30,23,0.167,66.04,54.15,1.091,0.9434,0.543,gapfilled,LSTM,BASE+bodyweight,2020,9
31-90,60,-0.051,47.139,33.821,1.0963,0.8466,0.256,gapfilled,LSTM,BASE+bodyweight,2020,9
91-180,90,-1.665,26.131,19.957,1.4153,1.0981,0.036,gapfilled,LSTM,BASE+bodyweight,2020,9
181-270,90,-0.261,83.889,56.629,0.9891,0.7577,0.333,gapfilled,LSTM,BASE+bodyweight,2020,9
271-365,95,-0.888,44.842,34.045,1.4276,1.259,0.334,gapfilled,LSTM,BASE+bodyweight,2020,9
1-7,0,,,,,,,observed,TFT,BASE+ALL,2020,2
8-30,0,,,,,,,observed,TFT,BASE+ALL,2020,2
31-90,0,,,,,,,observed,TFT,BASE+ALL,2020,2
91-180,0,,,,,,,observed,TFT,BASE+ALL,2020,2
181-270,0,,,,,,,observed,TFT,BASE+ALL,2020,2
271-365,0,,,,,,,observed,TFT,BASE+ALL,2020,2
1-7,7,-0.617,31.103,19.623,1.1932,0.891,-0.781,gapfilled,TFT,BASE+ALL,2020,2
8-30,23,-1.342,21.458,16.281,1.4766,0.5871,-0.443,gapfilled,TFT,BASE+ALL,2020,2
31-90,60,-0.709,20.263,13.549,1.1804,0.5621,-0.52,gapfilled,TFT,BASE+ALL,2020,2
91-180,90,-0.59,22.969,14.436,1.2036,0.9015,-0.042,gapfilled,TFT,BASE+ALL,2020,2
181-270,90,-1.205,20.887,16.144,1.1651,0.9939,-0.051,gapfilled,TFT,BASE+ALL,2020,2
271-365,95,-1.411,27.968,19.261,1.2177,1.3425,0.195,gapfilled,TFT,BASE+ALL,2020,2
1-7,0,,,,,,,observed,DLinear,BASE+ALL,2020,2
8-30,0,,,,,,,observed,DLinear,BASE+ALL,2020,2
31-90,0,,,,,,,observed,DLinear,BASE+ALL,2020,2
91-180,0,,,,,,,observed,DLinear,BASE+ALL,2020,2
181-270,0,,,,,,,observed,DLinear,BASE+ALL,2020,2
271-365,0,,,,,,,observed,DLinear,BASE+ALL,2020,2
1-7,7,-11.997,88.194,80.193,4.8763,3.6412,-0.229,gapfilled,DLinear,BASE+ALL,2020,2
8-30,23,-50.502,100.616,98.516,8.9351,3.5527,0.373,gapfilled,DLinear,BASE+ALL,2020,2
31-90,60,-20.251,71.458,64.153,5.5891,2.6616,-0.339,gapfilled,DLinear,BASE+ALL,2020,2
91-180,90,-12.866,67.836,60.919,5.0792,3.8046,0.039,gapfilled,DLinear,BASE+ALL,2020,2
181-270,90,-45.56,95.977,92.549,6.6791,5.6979,0.131,gapfilled,DLinear,BASE+ALL,2020,2
271-365,95,-24.086,90.212,84.814,5.3621,5.9116,0.096,gapfilled,DLinear,BASE+ALL,2020,2
1-7,0,,,,,,,observed,LSTM,BASE+ALL,2020,2
8-30,0,,,,,,,observed,LSTM,BASE+ALL,2020,2
31-90,0,,,,,,,observed,LSTM,BASE+ALL,2020,2
91-180,0,,,,,,,observed,LSTM,BASE+ALL,2020,2
181-270,0,,,,,,,observed,LSTM,BASE+ALL,2020,2
271-365,0,,,,,,,observed,LSTM,BASE+ALL,2020,2
1-7,7,-0.746,32.322,30.341,1.845,1.3777,0.681,gapfilled,LSTM,BASE+ALL,2020,2
8-30,23,-0.054,14.394,11.709,1.062,0.4223,0.414,gapfilled,LSTM,BASE+ALL,2020,2
31-90,60,-1.019,22.023,17.291,1.5064,0.7174,0.461,gapfilled,LSTM,BASE+ALL,2020,2
91-180,90,-0.869,24.904,17.033,1.4202,1.0638,0.16,gapfilled,LSTM,BASE+ALL,2020,2
181-270,90,-1.877,23.857,18.72,1.351,1.1525,0.042,gapfilled,LSTM,BASE+ALL,2020,2
271-365,95,-1.362,27.684,21.149,1.3371,1.4741,0.269,gapfilled,LSTM,BASE+ALL,2020,2
1-7,4,0.315,6.24,5.513,0.4898,0.6218,0.86,observed,TFT,BASE+ALL,2020,4
8-30,21,-0.091,15.396,9.512,0.7526,0.8291,-0.244,observed,TFT,BASE+ALL,2020,4
31-90,37,-0.095,45.958,26.069,0.9867,0.8989,0.435,observed,TFT,BASE+ALL,2020,4
91-180,42,-0.424,25.003,18.285,1.0817,0.8706,0.392,observed,TFT,BASE+ALL,2020,4
181-270,79,0.086,78.278,50.024,0.9812,0.8209,0.316,observed,TFT,BASE+ALL,2020,4
271-365,80,0.192,89.741,40.79,1.0402,0.9456,0.448,observed,TFT,BASE+ALL,2020,4
1-7,7,-0.767,23.049,17.38,1.6155,0.8135,0.529,gapfilled,TFT,BASE+ALL,2020,4
8-30,23,-0.129,25.515,9.438,0.8124,0.6409,-0.25,gapfilled,TFT,BASE+ALL,2020,4
31-90,60,-0.381,37.117,23.455,1.2551,0.8572,0.379,gapfilled,TFT,BASE+ALL,2020,4
91-180,90,-0.243,22.826,17.236,1.2528,0.687,0.522,gapfilled,TFT,BASE+ALL,2020,4
181-270,90,0.271,52.893,33.827,0.71,0.5595,0.523,gapfilled,TFT,BASE+ALL,2020,4
271-365,95,0.331,55.682,29.703,0.988,0.8218,0.581,gapfilled,TFT,BASE+ALL,2020,4
1-7,4,-9.711,24.671,21.059,1.8711,2.3755,0.069,observed,DLinear,BASE+ALL,2020,4
8-30,21,-3.858,32.487,25.314,2.0029,2.2063,-0.06,observed,DLinear,BASE+ALL,2020,4
31-90,37,-0.092,45.892,28.288,1.0706,0.9754,0.203,observed,DLinear,BASE+ALL,2020,4
91-180,42,-4.117,47.395,37.893,2.2417,1.8043,-0.114,observed,DLinear,BASE+ALL,2020,4
181-270,79,-0.325,94.258,74.05,1.4524,1.2151,0.291,observed,DLinear,BASE+ALL,2020,4
271-365,80,0.035,98.074,63.842,1.6281,1.48,0.35,observed,DLinear,BASE+ALL,2020,4
1-7,7,-2.461,32.257,25.437,2.3644,1.1906,-0.154,gapfilled,DLinear,BASE+ALL,2020,4
8-30,23,-0.953,33.568,25.635,2.2067,1.7406,0.049,gapfilled,DLinear,BASE+ALL,2020,4
31-90,60,-0.524,38.984,25.139,1.3452,0.9187,0.075,gapfilled,DLinear,BASE+ALL,2020,4
91-180,90,-4.55,48.236,37.156,2.7008,1.4811,-0.031,gapfilled,DLinear,BASE+ALL,2020,4
181-270,90,-0.456,74.77,64.319,1.35,1.0639,0.47,gapfilled,DLinear,BASE+ALL,2020,4
271-365,95,-0.033,69.192,52.196,1.7362,1.4441,0.453,gapfilled,DLinear,BASE+ALL,2020,4
1-7,4,-0.08,7.835,4.852,0.4311,0.5473,0.684,observed,LSTM,BASE+ALL,2020,4
8-30,21,-0.407,17.484,12.75,1.0088,1.1113,-0.106,observed,LSTM,BASE+ALL,2020,4
31-90,37,0.128,41.019,23.836,0.9021,0.8218,0.481,observed,LSTM,BASE+ALL,2020,4
91-180,42,-5.87,54.916,33.403,1.9761,1.5905,0.388,observed,LSTM,BASE+ALL,2020,4
181-270,79,-0.292,93.073,65.208,1.279,1.07,0.251,observed,LSTM,BASE+ALL,2020,4
271-365,80,0.279,84.734,46.347,1.1819,1.0744,0.534,observed,LSTM,BASE+ALL,2020,4
1-7,7,-0.251,19.39,11.739,1.0912,0.5494,0.474,gapfilled,LSTM,BASE+ALL,2020,4
8-30,23,-0.196,26.271,13.847,1.1919,0.9402,-0.105,gapfilled,LSTM,BASE+ALL,2020,4
31-90,60,-0.121,33.443,20.38,1.0905,0.7448,0.356,gapfilled,LSTM,BASE+ALL,2020,4
91-180,90,-3.237,42.144,25.338,1.8418,1.01,0.548,gapfilled,LSTM,BASE+ALL,2020,4
181-270,90,-0.78,82.665,59.75,1.2541,0.9883,0.342,gapfilled,LSTM,BASE+ALL,2020,4
271-365,95,0.408,52.357,33.481,1.1137,0.9264,0.676,gapfilled,LSTM,BASE+ALL,2020,4
1-7,4,-11.132,12.944,12.358,0.5061,3.7739,0.057,observed,TFT,BASE+ALL,2020,9
8-30,19,-0.098,159.26,61.588,0.9995,0.945,-0.529,observed,TFT,BASE+ALL,2020,9
31-90,24,-0.518,17.636,15.197,0.7292,1.25,-0.118,observed,TFT,BASE+ALL,2020,9
91-180,57,-0.892,27.913,21.806,1.1792,1.174,-0.148,observed,TFT,BASE+ALL,2020,9
181-270,64,0.084,92.088,61.021,0.9956,0.901,0.289,observed,TFT,BASE+ALL,2020,9
271-365,86,0.239,46.351,29.893,0.8626,0.9081,0.526,observed,TFT,BASE+ALL,2020,9
1-7,7,-0.477,62.297,35.554,0.943,0.9135,-0.948,gapfilled,TFT,BASE+ALL,2020,9
8-30,23,-0.377,84.904,52.424,1.0562,0.9133,-0.725,gapfilled,TFT,BASE+ALL,2020,9
31-90,60,-0.433,55.033,33.45,1.0843,0.8372,-0.705,gapfilled,TFT,BASE+ALL,2020,9
91-180,90,-0.794,21.44,15.845,1.1237,0.8718,-0.169,gapfilled,TFT,BASE+ALL,2020,9
181-270,90,0.006,74.461,48.264,0.843,0.6458,0.222,gapfilled,TFT,BASE+ALL,2020,9
271-365,95,0.303,27.238,19.834,0.8316,0.7335,0.63,gapfilled,TFT,BASE+ALL,2020,9
1-7,4,-152.859,46.096,42.092,1.7237,12.854,0.413,observed,DLinear,BASE+ALL,2020,9
8-30,19,0.144,140.569,75.993,1.2332,1.1661,0.577,observed,DLinear,BASE+ALL,2020,9
31-90,24,-2.274,25.899,21.459,1.0296,1.765,0.165,observed,DLinear,BASE+ALL,2020,9
91-180,57,-2.012,35.213,28.515,1.542,1.5352,-0.161,observed,DLinear,BASE+ALL,2020,9
181-270,64,0.18,87.11,62.151,1.014,0.9177,0.443,observed,DLinear,BASE+ALL,2020,9
271-365,86,-0.15,56.969,44.576,1.2863,1.3542,0.472,observed,DLinear,BASE+ALL,2020,9
1-7,7,-0.266,57.662,51.832,1.3747,1.3317,0.07,gapfilled,DLinear,BASE+ALL,2020,9
8-30,23,-0.075,74.992,61.643,1.242,1.0739,0.089,gapfilled,DLinear,BASE+ALL,2020,9
31-90,60,-0.525,56.768,40.651,1.3177,1.0175,0.015,gapfilled,DLinear,BASE+ALL,2020,9
91-180,90,-2.586,30.311,22.99,1.6303,1.265,-0.157,gapfilled,DLinear,BASE+ALL,2020,9
181-270,90,0.245,64.916,45.258,0.7905,0.6056,0.516,gapfilled,DLinear,BASE+ALL,2020,9
271-365,95,-0.786,43.612,37.011,1.5519,1.3687,0.572,gapfilled,DLinear,BASE+ALL,2020,9
1-7,4,-93.428,36.112,35.424,1.4507,10.8176,-0.864,observed,LSTM,BASE+ALL,2020,9
8-30,19,-0.0,151.983,63.408,1.029,0.973,0.263,observed,LSTM,BASE+ALL,2020,9
31-90,24,-1.869,24.243,20.81,0.9984,1.7116,0.226,observed,LSTM,BASE+ALL,2020,9
91-180,57,-2.928,40.212,30.347,1.6411,1.6338,-0.207,observed,LSTM,BASE+ALL,2020,9
181-270,64,-0.239,107.086,86.663,1.414,1.2796,0.108,observed,LSTM,BASE+ALL,2020,9
271-365,86,-0.508,65.243,46.447,1.3404,1.411,0.238,observed,LSTM,BASE+ALL,2020,9
1-7,7,0.167,46.785,41.093,1.0899,1.0558,0.624,gapfilled,LSTM,BASE+ALL,2020,9
8-30,23,-0.007,72.603,46.34,0.9336,0.8073,0.344,gapfilled,LSTM,BASE+ALL,2020,9
31-90,60,0.163,42.059,30.174,0.9781,0.7553,0.425,gapfilled,LSTM,BASE+ALL,2020,9
91-180,90,-2.769,31.073,22.581,1.6014,1.2425,0.061,gapfilled,LSTM,BASE+ALL,2020,9
181-270,90,-0.368,87.351,70.274,1.2274,0.9403,0.276,gapfilled,LSTM,BASE+ALL,2020,9
271-365,95,-1.319,49.694,38.002,1.5935,1.4054,0.39,gapfilled,LSTM,BASE+ALL,2020,9
1-7,0,,,,,,,observed,TFT,BASE,2021,2
8-30,0,,,,,,,observed,TFT,BASE,2021,2
31-90,0,,,,,,,observed,TFT,BASE,2021,2
91-180,0,,,,,,,observed,TFT,BASE,2021,2
181-270,0,,,,,,,observed,TFT,BASE,2021,2
271-365,0,,,,,,,observed,TFT,BASE,2021,2
1-7,7,-31.202,14.832,14.46,7.156,1.4402,0.477,gapfilled,TFT,BASE,2021,2
8-30,23,-0.109,12.628,11.081,0.9193,0.5107,0.306,gapfilled,TFT,BASE,2021,2
31-90,60,0.262,13.396,9.581,0.7993,0.4454,0.578,gapfilled,TFT,BASE,2021,2
91-180,90,-1.091,18.649,13.824,1.1036,0.6253,0.01,gapfilled,TFT,BASE,2021,2
181-270,90,-1.594,28.957,23.546,1.2699,0.8977,0.102,gapfilled,TFT,BASE,2021,2
271-365,95,-2.384,14.766,11.67,1.7842,1.4551,-0.053,gapfilled,TFT,BASE,2021,2
1-7,0,,,,,,,observed,DLinear,BASE,2021,2
8-30,0,,,,,,,observed,DLinear,BASE,2021,2
31-90,0,,,,,,,observed,DLinear,BASE,2021,2
91-180,0,,,,,,,observed,DLinear,BASE,2021,2
181-270,0,,,,,,,observed,DLinear,BASE,2021,2
271-365,0,,,,,,,observed,DLinear,BASE,2021,2
1-7,7,-42.382,17.216,13.295,6.5797,1.3243,-0.824,gapfilled,DLinear,BASE,2021,2
8-30,23,-15.772,49.113,44.154,3.663,2.0349,0.234,gapfilled,DLinear,BASE,2021,2
31-90,60,-4.548,36.739,28.96,2.4161,1.3463,0.299,gapfilled,DLinear,BASE,2021,2
91-180,90,-12.97,48.2,41.044,3.2766,1.8567,-0.177,gapfilled,DLinear,BASE,2021,2
181-270,90,-7.848,53.475,47.349,2.5537,1.8052,-0.59,gapfilled,DLinear,BASE,2021,2
271-365,95,-24.851,40.812,35.723,5.4616,4.4543,0.354,gapfilled,DLinear,BASE,2021,2
1-7,0,,,,,,,observed,LSTM,BASE,2021,2
8-30,0,,,,,,,observed,LSTM,BASE,2021,2
31-90,0,,,,,,,observed,LSTM,BASE,2021,2
91-180,0,,,,,,,observed,LSTM,BASE,2021,2
181-270,0,,,,,,,observed,LSTM,BASE,2021,2
271-365,0,,,,,,,observed,LSTM,BASE,2021,2
1-7,7,-38.885,16.507,15.556,7.6982,1.5494,0.321,gapfilled,LSTM,BASE,2021,2
8-30,23,-1.646,19.508,15.535,1.2888,0.716,0.126,gapfilled,LSTM,BASE,2021,2
31-90,60,-0.428,18.64,14.414,1.2025,0.6701,0.389,gapfilled,LSTM,BASE,2021,2
91-180,90,-2.642,24.61,17.688,1.4121,0.8002,-0.029,gapfilled,LSTM,BASE,2021,2
181-270,90,-2.515,33.708,28.251,1.5237,1.0771,-0.206,gapfilled,LSTM,BASE,2021,2
271-365,95,-6.789,22.402,18.916,2.8921,2.3587,0.107,gapfilled,LSTM,BASE,2021,2
1-7,3,-27.659,12.95,11.594,4.6709,1.3105,-0.995,observed,TFT,BASE,2021,4
8-30,19,-1.1,25.047,22.843,1.7973,1.5248,0.351,observed,TFT,BASE,2021,4
31-90,50,-0.179,22.263,17.257,1.3289,0.9996,0.095,observed,TFT,BASE,2021,4
91-180,90,0.111,93.699,61.432,0.9467,0.8417,0.342,observed,TFT,BASE,2021,4
181-270,88,0.239,88.075,66.899,0.9865,0.9378,0.504,observed,TFT,BASE,2021,4
271-365,91,-1.148,47.896,38.237,1.8355,1.7228,0.459,observed,TFT,BASE,2021,4
1-7,7,-59.581,14.419,13.728,8.5736,1.2559,0.151,gapfilled,TFT,BASE,2021,4
8-30,23,-3.416,19.458,17.556,2.3548,1.2959,-0.004,gapfilled,TFT,BASE,2021,4
31-90,60,-0.432,15.569,13.105,1.4266,0.7902,0.108,gapfilled,TFT,BASE,2021,4
91-180,90,0.173,64.79,44.293,0.7445,0.643,0.439,gapfilled,TFT,BASE,2021,4
181-270,90,0.309,68.757,53.585,0.8609,0.7927,0.569,gapfilled,TFT,BASE,2021,4
271-365,95,-0.526,40.566,32.657,1.5001,1.2791,0.621,gapfilled,TFT,BASE,2021,4
1-7,3,-82.784,22.142,17.789,7.1667,2.0108,-0.445,observed,DLinear,BASE,2021,4
8-30,19,-6.41,47.052,40.013,3.1483,2.6709,0.026,observed,DLinear,BASE,2021,4
31-90,50,-3.343,42.734,32.993,2.5408,1.9111,0.322,observed,DLinear,BASE,2021,4
91-180,90,0.215,88.053,64.199,0.9893,0.8796,0.518,observed,DLinear,BASE,2021,4
181-270,88,0.428,76.35,58.793,0.867,0.8242,0.661,observed,DLinear,BASE,2021,4
271-365,91,-1.31,49.674,39.225,1.8829,1.7673,0.399,observed,DLinear,BASE,2021,4
1-7,7,-132.648,21.417,18.917,11.8145,1.7307,-0.204,gapfilled,DLinear,BASE,2021,4
8-30,23,-23.227,45.577,40.442,5.4245,2.9852,0.038,gapfilled,DLinear,BASE,2021,4
31-90,60,-12.195,47.258,36.988,4.0264,2.2303,0.199,gapfilled,DLinear,BASE,2021,4
91-180,90,0.201,63.67,49.32,0.829,0.7159,0.581,gapfilled,DLinear,BASE,2021,4
181-270,90,0.508,58.034,46.455,0.7463,0.6872,0.718,gapfilled,DLinear,BASE,2021,4
271-365,95,-0.911,45.404,36.705,1.6861,1.4377,0.477,gapfilled,DLinear,BASE,2021,4
1-7,3,-15.351,9.782,8.849,3.565,1.0002,-0.943,observed,LSTM,BASE,2021,4
8-30,19,-0.658,22.26,19.267,1.5159,1.2861,0.322,observed,LSTM,BASE,2021,4
31-90,50,-0.141,21.908,14.215,1.0947,0.8234,0.238,observed,LSTM,BASE,2021,4
91-180,90,-0.123,105.331,62.529,0.9636,0.8568,0.232,observed,LSTM,BASE,2021,4
181-270,88,0.181,91.376,59.63,0.8793,0.8359,0.478,observed,LSTM,BASE,2021,4
271-365,91,-0.642,41.876,29.484,1.4153,1.3284,0.235,observed,LSTM,BASE,2021,4
1-7,7,-10.561,6.299,4.916,3.0705,0.4498,-0.239,gapfilled,LSTM,BASE,2021,4
8-30,23,-3.778,20.239,17.586,2.3588,1.2981,0.351,gapfilled,LSTM,BASE,2021,4
31-90,60,-0.532,16.103,11.796,1.2841,0.7113,0.29,gapfilled,LSTM,BASE,2021,4
91-180,90,-0.296,81.096,52.117,0.876,0.7565,0.292,gapfilled,LSTM,BASE,2021,4
181-270,90,0.219,73.09,48.449,0.7784,0.7167,0.53,gapfilled,LSTM,BASE,2021,4
271-365,95,-0.394,38.773,27.333,1.2556,1.0706,0.316,gapfilled,LSTM,BASE,2021,4
1-7,1,,,,,,,observed,TFT,BASE,2021,9
8-30,12,-1.55,29.273,28.005,1.1179,2.0389,0.454,observed,TFT,BASE,2021,9
31-90,35,-1.06,22.048,18.661,0.776,1.8286,-0.324,observed,TFT,BASE,2021,9
91-180,85,0.262,87.677,52.3,0.6764,0.5683,0.549,observed,TFT,BASE,2021,9
181-270,47,-0.012,62.603,53.692,1.1529,0.8324,0.36,observed,TFT,BASE,2021,9
271-365,0,,,,,,,observed,TFT,BASE,2021,9
1-7,7,-2.268,17.758,17.331,1.5221,0.9301,0.951,gapfilled,TFT,BASE,2021,9
8-30,23,-1.259,19.923,16.828,1.0827,0.9804,0.275,gapfilled,TFT,BASE,2021,9
31-90,60,-2.154,16.095,14.058,0.7379,1.2753,0.046,gapfilled,TFT,BASE,2021,9
91-180,90,0.453,49.746,34.389,0.5369,0.4186,0.685,gapfilled,TFT,BASE,2021,9
181-270,90,-0.396,41.966,35.666,1.2828,0.7018,0.504,gapfilled,TFT,BASE,2021,9
271-365,95,-6.925,36.462,30.047,1.785,1.957,0.642,gapfilled,TFT,BASE,2021,9
1-7,1,,,,,,,observed,DLinear,BASE,2021,9
8-30,12,-9.73,60.046,55.156,2.2017,4.0156,-0.218,observed,DLinear,BASE,2021,9
31-90,35,-5.39,38.831,30.348,1.2619,2.9738,0.133,observed,DLinear,BASE,2021,9
91-180,85,0.203,91.155,57.843,0.7481,0.6285,0.468,observed,DLinear,BASE,2021,9
181-270,47,-0.15,66.747,53.038,1.1389,0.8223,0.244,observed,DLinear,BASE,2021,9
271-365,0,,,,,,,observed,DLinear,BASE,2021,9
1-7,7,-5.149,24.359,22.568,1.9821,1.2112,0.812,gapfilled,DLinear,BASE,2021,9
8-30,23,-19.909,60.608,55.741,3.5865,3.2475,-0.169,gapfilled,DLinear,BASE,2021,9
31-90,60,-27.847,48.675,39.153,2.0553,3.5519,-0.255,gapfilled,DLinear,BASE,2021,9
91-180,90,0.256,58.037,42.763,0.6676,0.5206,0.534,gapfilled,DLinear,BASE,2021,9
181-270,90,-0.594,44.843,35.383,1.2726,0.6962,0.31,gapfilled,DLinear,BASE,2021,9
271-365,95,-5.817,33.817,27.206,1.6163,1.7719,-0.133,gapfilled,DLinear,BASE,2021,9
1-7,1,,,,,,,observed,LSTM,BASE,2021,9
8-30,12,-1.792,30.631,21.858,0.8725,1.5914,-0.535,observed,LSTM,BASE,2021,9
31-90,35,-0.257,17.225,11.536,0.4797,1.1304,0.351,observed,LSTM,BASE,2021,9
91-180,85,-0.203,111.97,68.187,0.8818,0.7409,0.195,observed,LSTM,BASE,2021,9
181-270,47,-0.385,73.262,55.119,1.1836,0.8545,0.101,observed,LSTM,BASE,2021,9
271-365,0,,,,,,,observed,LSTM,BASE,2021,9
1-7,7,-2.29,17.82,14.115,1.2396,0.7575,0.006,gapfilled,LSTM,BASE,2021,9
8-30,23,-4.134,30.032,24.218,1.5583,1.411,-0.425,gapfilled,LSTM,BASE,2021,9
31-90,60,-1.915,15.472,11.866,0.6229,1.0765,0.357,gapfilled,LSTM,BASE,2021,9
91-180,90,-0.386,79.181,54.452,0.8501,0.6629,0.252,gapfilled,LSTM,BASE,2021,9
181-270,90,-0.725,46.64,36.037,1.2961,0.7091,0.04,gapfilled,LSTM,BASE,2021,9
271-365,95,-5.259,32.403,23.215,1.3792,1.512,0.274,gapfilled,LSTM,BASE,2021,9
1-7,0,,,,,,,observed,TFT,BASE+species,2021,2
8-30,0,,,,,,,observed,TFT,BASE+species,2021,2
31-90,0,,,,,,,observed,TFT,BASE+species,2021,2
91-180,0,,,,,,,observed,TFT,BASE+species,2021,2
181-270,0,,,,,,,observed,TFT,BASE+species,2021,2
271-365,0,,,,,,,observed,TFT,BASE+species,2021,2
1-7,7,-22.011,12.538,10.359,5.1263,1.0317,-0.706,gapfilled,TFT,BASE+species,2021,2
8-30,23,-5.285,30.065,26.544,2.2021,1.2233,0.375,gapfilled,TFT,BASE+species,2021,2
31-90,60,-0.956,21.813,18.63,1.5543,0.8661,0.721,gapfilled,TFT,BASE+species,2021,2
91-180,90,-18.613,57.112,38.75,3.0935,1.7529,0.098,gapfilled,TFT,BASE+species,2021,2
181-270,90,-9.359,57.863,43.384,2.3399,1.6541,0.44,gapfilled,TFT,BASE+species,2021,2
271-365,95,-1.672,13.12,10.502,1.6057,1.3095,0.525,gapfilled,TFT,BASE+species,2021,2
1-7,0,,,,,,,observed,DLinear,BASE+species,2021,2
8-30,0,,,,,,,observed,DLinear,BASE+species,2021,2
31-90,0,,,,,,,observed,DLinear,BASE+species,2021,2
91-180,0,,,,,,,observed,DLinear,BASE+species,2021,2
181-270,0,,,,,,,observed,DLinear,BASE+species,2021,2
271-365,0,,,,,,,observed,DLinear,BASE+species,2021,2
1-7,7,-50.101,18.685,15.765,7.8016,1.5702,-0.838,gapfilled,DLinear,BASE+species,2021,2
8-30,23,-6.436,32.702,29.57,2.4531,1.3628,0.283,gapfilled,DLinear,BASE+species,2021,2
31-90,60,-3.175,31.87,24.271,2.0249,1.1283,0.335,gapfilled,DLinear,BASE+species,2021,2
91-180,90,-11.625,45.822,38.001,3.0336,1.719,-0.122,gapfilled,DLinear,BASE+species,2021,2
181-270,90,-5.821,46.954,41.504,2.2385,1.5824,-0.482,gapfilled,DLinear,BASE+species,2021,2
271-365,95,-13.326,30.381,25.102,3.8378,3.13,0.391,gapfilled,DLinear,BASE+species,2021,2
1-7,0,,,,,,,observed,LSTM,BASE+species,2021,2
8-30,0,,,,,,,observed,LSTM,BASE+species,2021,2
31-90,0,,,,,,,observed,LSTM,BASE+species,2021,2
91-180,0,,,,,,,observed,LSTM,BASE+species,2021,2
181-270,0,,,,,,,observed,LSTM,BASE+species,2021,2
271-365,0,,,,,,,observed,LSTM,BASE+species,2021,2
1-7,7,-95.687,25.701,24.464,12.1069,2.4367,0.779,gapfilled,LSTM,BASE+species,2021,2
8-30,23,-9.22,38.337,31.578,2.6197,1.4553,-0.134,gapfilled,LSTM,BASE+species,2021,2
31-90,60,-1.543,24.873,20.075,1.6748,0.9333,0.366,gapfilled,LSTM,BASE+species,2021,2
91-180,90,-2.161,22.929,16.59,1.3244,0.7505,-0.058,gapfilled,LSTM,BASE+species,2021,2
181-270,90,-2.213,32.226,27.52,1.4842,1.0492,0.425,gapfilled,LSTM,BASE+species,2021,2
271-365,95,-7.899,23.945,20.176,3.0847,2.5157,-0.038,gapfilled,LSTM,BASE+species,2021,2
1-7,3,-10.041,8.038,7.193,2.898,0.8131,-0.366,observed,TFT,BASE+species,2021,4
8-30,19,0.119,16.222,12.689,0.9984,0.847,0.472,observed,TFT,BASE+species,2021,4
31-90,50,-0.234,22.776,15.268,1.1758,0.8844,0.056,observed,TFT,BASE+species,2021,4
91-180,90,0.075,95.581,57.1,0.8799,0.7824,0.391,observed,TFT,BASE+species,2021,4
181-270,88,0.02,99.957,69.001,1.0175,0.9673,0.308,observed,TFT,BASE+species,2021,4
271-365,91,-3.545,69.669,44.381,2.1304,1.9996,-0.098,observed,TFT,BASE+species,2021,4
1-7,7,-24.41,9.338,9.039,5.645,0.8269,0.2,gapfilled,TFT,BASE+species,2021,4
8-30,23,-2.193,16.546,12.322,1.6528,0.9096,-0.006,gapfilled,TFT,BASE+species,2021,4
31-90,60,-0.474,15.796,11.351,1.2357,0.6845,0.185,gapfilled,TFT,BASE+species,2021,4
91-180,90,0.026,70.294,45.636,0.767,0.6625,0.472,gapfilled,TFT,BASE+species,2021,4
181-270,90,0.114,77.866,55.247,0.8876,0.8173,0.434,gapfilled,TFT,BASE+species,2021,4
271-365,95,-3.448,69.264,43.346,1.9911,1.6978,-0.174,gapfilled,TFT,BASE+species,2021,4
1-7,3,-79.515,21.706,19.37,7.8036,2.1895,0.165,observed,DLinear,BASE+species,2021,4
8-30,19,-5.43,43.833,36.44,2.8672,2.4324,-0.052,observed,DLinear,BASE+species,2021,4
31-90,50,-3.246,42.257,34.046,2.6219,1.9721,0.372,observed,DLinear,BASE+species,2021,4
91-180,90,0.277,84.521,58.619,0.9033,0.8032,0.547,observed,DLinear,BASE+species,2021,4
181-270,88,0.45,74.878,57.808,0.8525,0.8104,0.671,observed,DLinear,BASE+species,2021,4
271-365,91,-1.251,49.03,38.546,1.8503,1.7367,0.412,observed,DLinear,BASE+species,2021,4
1-7,7,-114.959,19.949,18.54,11.5788,1.6961,-0.208,gapfilled,DLinear,BASE+species,2021,4
8-30,23,-17.872,40.226,34.37,4.6101,2.537,0.077,gapfilled,DLinear,BASE+species,2021,4
31-90,60,-11.237,45.511,36.747,4.0002,2.2158,0.246,gapfilled,DLinear,BASE+species,2021,4
91-180,90,0.333,58.19,43.027,0.7232,0.6246,0.615,gapfilled,DLinear,BASE+species,2021,4
181-270,90,0.526,56.931,45.562,0.732,0.674,0.728,gapfilled,DLinear,BASE+species,2021,4
271-365,95,-0.82,44.301,35.504,1.6309,1.3906,0.505,gapfilled,DLinear,BASE+species,2021,4
1-7,3,-23.223,11.905,9.715,3.9139,1.0981,-0.989,observed,LSTM,BASE+species,2021,4
8-30,19,-3.254,35.652,30.511,2.4007,2.0366,0.227,observed,LSTM,BASE+species,2021,4
31-90,50,-1.072,29.52,24.637,1.8973,1.4271,0.226,observed,LSTM,BASE+species,2021,4
91-180,90,-0.073,102.945,58.225,0.8973,0.7978,0.233,observed,LSTM,BASE+species,2021,4
181-270,88,0.229,88.671,65.785,0.9701,0.9222,0.495,observed,LSTM,BASE+species,2021,4
271-365,91,-0.692,42.505,32.787,1.5739,1.4772,0.474,observed,LSTM,BASE+species,2021,4
1-7,7,-17.269,7.918,6.079,3.7966,0.5561,-0.503,gapfilled,LSTM,BASE+species,2021,4
8-30,23,-14.144,36.034,32.555,4.3667,2.403,0.214,gapfilled,LSTM,BASE+species,2021,4
31-90,60,-2.731,25.128,22.117,2.4076,1.3336,0.286,gapfilled,LSTM,BASE+species,2021,4
91-180,90,-0.184,77.509,48.07,0.8079,0.6978,0.264,gapfilled,LSTM,BASE+species,2021,4
181-270,90,0.307,68.838,50.742,0.8152,0.7507,0.583,gapfilled,LSTM,BASE+species,2021,4
271-365,95,-0.223,36.325,28.33,1.3014,1.1096,0.62,gapfilled,LSTM,BASE+species,2021,4
1-7,1,,,,,,,observed,TFT,BASE+species,2021,9
8-30,12,-0.301,20.911,14.037,0.5603,1.022,-0.141,observed,TFT,BASE+species,2021,9
31-90,35,-0.398,18.162,13.737,0.5712,1.3461,0.365,observed,TFT,BASE+species,2021,9
91-180,85,-0.176,110.702,69.088,0.8935,0.7507,0.252,observed,TFT,BASE+species,2021,9
181-270,47,0.236,54.396,41.027,0.881,0.6361,0.58,observed,TFT,BASE+species,2021,9
271-365,0,,,,,,,observed,TFT,BASE+species,2021,9
1-7,7,0.57,6.439,5.417,0.4758,0.2907,0.963,gapfilled,TFT,BASE+species,2021,9
8-30,23,-1.688,21.729,16.884,1.0863,0.9836,-0.05,gapfilled,TFT,BASE+species,2021,9
31-90,60,-1.728,14.969,10.957,0.5752,0.994,0.352,gapfilled,TFT,BASE+species,2021,9
91-180,90,-0.518,82.863,59.893,0.9351,0.7291,0.277,gapfilled,TFT,BASE+species,2021,9
181-270,90,0.0,35.513,25.074,0.9018,0.4934,0.528,gapfilled,TFT,BASE+species,2021,9
271-365,95,-1.762,21.524,18.842,1.1194,1.2272,0.333,gapfilled,TFT,BASE+species,2021,9
1-7,1,,,,,,,observed,DLinear,BASE+species,2021,9
8-30,12,-8.126,55.379,49.197,1.9638,3.5818,-0.306,observed,DLinear,BASE+species,2021,9
31-90,35,-5.568,39.366,32.42,1.348,3.1768,0.124,observed,DLinear,BASE+species,2021,9
91-180,85,0.187,92.02,56.564,0.7315,0.6146,0.47,observed,DLinear,BASE+species,2021,9
181-270,47,-0.245,69.443,56.54,1.2141,0.8766,0.17,observed,DLinear,BASE+species,2021,9
271-365,0,,,,,,,observed,DLinear,BASE+species,2021,9
1-7,7,-4.011,21.991,19.752,1.7347,1.06,0.79,gapfilled,DLinear,BASE+species,2021,9
8-30,23,-17.205,56.553,51.751,3.3297,3.015,-0.21,gapfilled,DLinear,BASE+species,2021,9
31-90,60,-24.726,45.967,38.267,2.0088,3.4716,-0.232,gapfilled,DLinear,BASE+species,2021,9
91-180,90,0.257,57.964,40.782,0.6367,0.4965,0.55,gapfilled,DLinear,BASE+species,2021,9
181-270,90,-0.618,45.171,35.704,1.2841,0.7025,0.247,gapfilled,DLinear,BASE+species,2021,9
271-365,95,-5.583,33.232,27.236,1.6181,1.7739,-0.149,gapfilled,DLinear,BASE+species,2021,9
1-7,1,,,,,,,observed,LSTM,BASE+species,2021,9
8-30,12,-1.689,30.061,21.063,0.8408,1.5335,-0.073,observed,LSTM,BASE+species,2021,9
31-90,35,-1.962,26.435,21.325,0.8867,2.0896,0.359,observed,LSTM,BASE+species,2021,9
91-180,85,-0.168,110.313,65.371,0.8454,0.7103,0.276,observed,LSTM,BASE+species,2021,9
181-270,47,-1.082,89.812,70.624,1.5165,1.0949,0.129,observed,LSTM,BASE+species,2021,9
271-365,0,,,,,,,observed,LSTM,BASE+species,2021,9
1-7,7,-1.118,14.296,10.784,0.9472,0.5788,0.572,gapfilled,LSTM,BASE+species,2021,9
8-30,23,-3.154,27.014,22.923,1.4749,1.3355,0.324,gapfilled,LSTM,BASE+species,2021,9
31-90,60,-9.983,30.034,25.563,1.3419,2.319,0.137,gapfilled,LSTM,BASE+species,2021,9
91-180,90,-0.546,83.629,56.217,0.8777,0.6844,0.307,gapfilled,LSTM,BASE+species,2021,9
181-270,90,-1.722,58.593,44.267,1.5921,0.871,0.034,gapfilled,LSTM,BASE+species,2021,9
271-365,95,-3.679,28.017,23.007,1.3668,1.4985,0.394,gapfilled,LSTM,BASE+species,2021,9
1-7,0,,,,,,,observed,TFT,BASE+arable,2021,2
8-30,0,,,,,,,observed,TFT,BASE+arable,2021,2
31-90,0,,,,,,,observed,TFT,BASE+arable,2021,2
91-180,0,,,,,,,observed,TFT,BASE+arable,2021,2
181-270,0,,,,,,,observed,TFT,BASE+arable,2021,2
271-365,0,,,,,,,observed,TFT,BASE+arable,2021,2
1-7,7,-8.641,8.116,6.745,3.3378,0.6718,-0.651,gapfilled,TFT,BASE+arable,2021,2
8-30,23,-2.555,22.612,17.352,1.4395,0.7997,-0.218,gapfilled,TFT,BASE+arable,2021,2
31-90,60,-1.57,25.004,18.501,1.5436,0.8601,0.021,gapfilled,TFT,BASE+arable,2021,2
91-180,90,-2.763,25.016,16.499,1.3171,0.7464,0.235,gapfilled,TFT,BASE+arable,2021,2
181-270,90,-2.077,31.535,25.903,1.397,0.9876,0.214,gapfilled,TFT,BASE+arable,2021,2
271-365,95,-8.467,24.697,20.832,3.1851,2.5976,0.044,gapfilled,TFT,BASE+arable,2021,2
1-7,0,,,,,,,observed,DLinear,BASE+arable,2021,2
8-30,0,,,,,,,observed,DLinear,BASE+arable,2021,2
31-90,0,,,,,,,observed,DLinear,BASE+arable,2021,2
91-180,0,,,,,,,observed,DLinear,BASE+arable,2021,2
181-270,0,,,,,,,observed,DLinear,BASE+arable,2021,2
271-365,0,,,,,,,observed,DLinear,BASE+arable,2021,2
1-7,7,-4411.403,173.623,172.336,85.2864,17.165,0.19,gapfilled,DLinear,BASE+arable,2021,2
8-30,23,-342.236,222.175,221.669,18.3896,10.2158,0.382,gapfilled,DLinear,BASE+arable,2021,2
31-90,60,-177.302,208.278,206.467,17.2253,9.5983,0.122,gapfilled,DLinear,BASE+arable,2021,2
91-180,90,-211.242,187.877,186.222,14.8662,8.424,-0.182,gapfilled,DLinear,BASE+arable,2021,2
181-270,90,-191.468,249.411,244.852,13.2058,9.3352,-0.501,gapfilled,DLinear,BASE+arable,2021,2
271-365,95,-1069.666,262.646,261.979,40.0539,32.6662,0.305,gapfilled,DLinear,BASE+arable,2021,2
1-7,0,,,,,,,observed,LSTM,BASE+arable,2021,2
8-30,0,,,,,,,observed,LSTM,BASE+arable,2021,2
31-90,0,,,,,,,observed,LSTM,BASE+arable,2021,2
91-180,0,,,,,,,observed,LSTM,BASE+arable,2021,2
181-270,0,,,,,,,observed,LSTM,BASE+arable,2021,2
271-365,0,,,,,,,observed,LSTM,BASE+arable,2021,2
1-7,7,-38.85,16.5,11.359,5.6212,1.1313,-0.829,gapfilled,LSTM,BASE+arable,2021,2
8-30,23,-19.201,53.9,48.98,4.0634,2.2573,-0.253,gapfilled,LSTM,BASE+arable,2021,2
31-90,60,-3.247,32.143,26.663,2.2245,1.2395,0.216,gapfilled,LSTM,BASE+arable,2021,2
91-180,90,-4.071,29.04,22.765,1.8173,1.0298,-0.055,gapfilled,LSTM,BASE+arable,2021,2
181-270,90,-2.149,31.905,25.352,1.3673,0.9666,-0.085,gapfilled,LSTM,BASE+arable,2021,2
271-365,95,-3.241,16.531,14.331,2.191,1.7869,0.006,gapfilled,LSTM,BASE+arable,2021,2
1-7,3,-2.449,4.492,3.791,1.5275,0.4286,-0.999,observed,TFT,BASE+arable,2021,4
8-30,19,-0.029,17.534,12.607,0.9919,0.8415,0.209,observed,TFT,BASE+arable,2021,4
31-90,50,-0.365,23.954,16.109,1.2406,0.9331,0.097,observed,TFT,BASE+arable,2021,4
91-180,90,0.255,85.783,45.386,0.6994,0.6219,0.544,observed,TFT,BASE+arable,2021,4
181-270,88,0.14,93.622,62.678,0.9243,0.8786,0.42,observed,TFT,BASE+arable,2021,4
271-365,91,-2.134,57.858,45.254,2.1724,2.039,0.342,observed,TFT,BASE+arable,2021,4
1-7,7,-4.145,4.202,3.847,2.4026,0.3519,-0.42,gapfilled,TFT,BASE+arable,2021,4
8-30,23,-0.835,12.543,9.736,1.3059,0.7186,0.106,gapfilled,TFT,BASE+arable,2021,4
31-90,60,-1.007,18.432,13.835,1.5061,0.8343,0.081,gapfilled,TFT,BASE+arable,2021,4
91-180,90,0.33,58.305,34.932,0.5871,0.5071,0.615,gapfilled,TFT,BASE+arable,2021,4
181-270,90,0.168,75.453,51.475,0.827,0.7615,0.469,gapfilled,TFT,BASE+arable,2021,4
271-365,95,-1.599,52.944,40.049,1.8396,1.5686,0.453,gapfilled,TFT,BASE+arable,2021,4
1-7,3,-98.121,24.083,22.079,8.8952,2.4958,0.338,observed,DLinear,BASE+arable,2021,4
8-30,19,-5.859,45.272,35.556,2.7977,2.3734,-0.075,observed,DLinear,BASE+arable,2021,4
31-90,50,-3.176,41.906,32.904,2.534,1.906,0.258,observed,DLinear,BASE+arable,2021,4
91-180,90,0.253,85.878,61.378,0.9458,0.841,0.542,observed,DLinear,BASE+arable,2021,4
181-270,88,0.428,76.378,58.987,0.8699,0.8269,0.659,observed,DLinear,BASE+arable,2021,4
271-365,91,-1.407,50.706,40.493,1.9438,1.8244,0.409,observed,DLinear,BASE+arable,2021,4
1-7,7,-106.062,19.168,17.093,10.6752,1.5638,-0.153,gapfilled,DLinear,BASE+arable,2021,4
8-30,23,-19.436,41.858,33.471,4.4895,2.4706,0.036,gapfilled,DLinear,BASE+arable,2021,4
31-90,60,-11.221,45.48,35.957,3.9142,2.1681,0.141,gapfilled,DLinear,BASE+arable,2021,4
91-180,90,0.266,61.016,46.051,0.774,0.6685,0.601,gapfilled,DLinear,BASE+arable,2021,4
181-270,90,0.506,58.131,46.598,0.7486,0.6893,0.719,gapfilled,DLinear,BASE+arable,2021,4
271-365,95,-0.925,45.569,37.646,1.7293,1.4745,0.507,gapfilled,DLinear,BASE+arable,2021,4
1-7,3,-47.226,16.799,16.625,6.6979,1.8792,0.804,observed,LSTM,BASE+arable,2021,4
8-30,19,-1.227,25.793,19.251,1.5147,1.285,0.084,observed,LSTM,BASE+arable,2021,4
31-90,50,-0.491,25.044,19.283,1.485,1.117,0.263,observed,LSTM,BASE+arable,2021,4
91-180,90,0.107,93.919,54.218,0.8355,0.7429,0.357,observed,LSTM,BASE+arable,2021,4
181-270,88,0.194,90.632,62.015,0.9145,0.8693,0.473,observed,LSTM,BASE+arable,2021,4
271-365,91,-0.187,35.606,25.947,1.2455,1.1691,0.242,observed,LSTM,BASE+arable,2021,4
1-7,7,-43.12,12.305,10.46,6.5326,0.9569,0.747,gapfilled,LSTM,BASE+arable,2021,4
8-30,23,-6.342,25.09,19.472,2.6118,1.4373,-0.165,gapfilled,LSTM,BASE+arable,2021,4
31-90,60,-1.996,22.517,17.758,1.9331,1.0708,0.198,gapfilled,LSTM,BASE+arable,2021,4
91-180,90,0.077,68.439,42.015,0.7062,0.6099,0.397,gapfilled,LSTM,BASE+arable,2021,4
181-270,90,0.275,70.429,48.135,0.7733,0.7121,0.561,gapfilled,LSTM,BASE+arable,2021,4
271-365,95,-0.242,36.596,26.745,1.2285,1.0475,0.258,gapfilled,LSTM,BASE+arable,2021,4
1-7,1,,,,,,,observed,TFT,BASE+arable,2021,9
8-30,12,-0.875,25.099,19.938,0.7959,1.4516,-0.255,observed,TFT,BASE+arable,2021,9
31-90,35,-0.294,17.475,12.876,0.5354,1.2617,0.141,observed,TFT,BASE+arable,2021,9
91-180,85,0.062,98.872,58.51,0.7567,0.6357,0.447,observed,TFT,BASE+arable,2021,9
181-270,47,0.22,54.987,41.152,0.8836,0.638,0.488,observed,TFT,BASE+arable,2021,9
271-365,0,,,,,,,observed,TFT,BASE+arable,2021,9
1-7,7,0.573,6.42,4.785,0.4202,0.2568,0.924,gapfilled,TFT,BASE+arable,2021,9
8-30,23,-1.693,21.752,18.068,1.1625,1.0526,-0.475,gapfilled,TFT,BASE+arable,2021,9
31-90,60,-0.747,11.979,8.686,0.4559,0.7879,0.194,gapfilled,TFT,BASE+arable,2021,9
91-180,90,0.054,65.439,45.311,0.7074,0.5516,0.525,gapfilled,TFT,BASE+arable,2021,9
181-270,90,0.216,31.453,21.536,0.7745,0.4237,0.556,gapfilled,TFT,BASE+arable,2021,9
271-365,95,-4.712,30.956,28.91,1.7175,1.8829,0.582,gapfilled,TFT,BASE+arable,2021,9
1-7,1,,,,,,,observed,DLinear,BASE+arable,2021,9
8-30,12,-7.773,54.295,49.325,1.9689,3.5911,-0.271,observed,DLinear,BASE+arable,2021,9
31-90,35,-4.02,34.417,27.109,1.1272,2.6564,0.174,observed,DLinear,BASE+arable,2021,9
91-180,85,0.202,91.216,57.115,0.7386,0.6206,0.473,observed,DLinear,BASE+arable,2021,9
181-270,47,-0.065,64.224,48.94,1.0509,0.7588,0.293,observed,DLinear,BASE+arable,2021,9
271-365,0,,,,,,,observed,DLinear,BASE+arable,2021,9
1-7,7,-4.737,23.529,18.773,1.6488,1.0075,0.604,gapfilled,DLinear,BASE+arable,2021,9
8-30,23,-17.221,56.577,51.878,3.3379,3.0224,-0.21,gapfilled,DLinear,BASE+arable,2021,9
31-90,60,-22.586,44.014,34.931,1.8336,3.1689,-0.235,gapfilled,DLinear,BASE+arable,2021,9
91-180,90,0.272,57.392,41.733,0.6516,0.508,0.55,gapfilled,DLinear,BASE+arable,2021,9
181-270,90,-0.308,40.611,31.357,1.1278,0.617,0.316,gapfilled,DLinear,BASE+arable,2021,9
271-365,95,-4.098,29.244,23.82,1.4151,1.5514,-0.005,gapfilled,DLinear,BASE+arable,2021,9
1-7,1,,,,,,,observed,LSTM,BASE+arable,2021,9
8-30,12,-0.986,25.833,15.855,0.6329,1.1543,-0.52,observed,LSTM,BASE+arable,2021,9
31-90,35,-0.551,19.133,12.666,0.5266,1.2411,0.197,observed,LSTM,BASE+arable,2021,9
91-180,85,0.093,97.2,63.08,0.8158,0.6854,0.417,observed,LSTM,BASE+arable,2021,9
181-270,47,-0.589,78.456,62.603,1.3443,0.9706,0.166,observed,LSTM,BASE+arable,2021,9
271-365,0,,,,,,,observed,LSTM,BASE+arable,2021,9
1-7,7,-0.809,13.211,11.358,0.9975,0.6095,0.266,gapfilled,LSTM,BASE+arable,2021,9
8-30,23,-4.309,30.539,23.657,1.5222,1.3783,-0.754,gapfilled,LSTM,BASE+arable,2021,9
31-90,60,-1.54,14.443,10.503,0.5513,0.9528,0.215,gapfilled,LSTM,BASE+arable,2021,9
91-180,90,-0.087,70.126,51.628,0.806,0.6285,0.486,gapfilled,LSTM,BASE+arable,2021,9
181-270,90,-1.33,54.208,43.238,1.5551,0.8508,0.23,gapfilled,LSTM,BASE+arable,2021,9
271-365,95,-8.136,39.15,28.833,1.7129,1.8779,0.683,gapfilled,LSTM,BASE+arable,2021,9
1-7,0,,,,,,,observed,TFT,BASE+flow,2021,2
8-30,0,,,,,,,observed,TFT,BASE+flow,2021,2
31-90,0,,,,,,,observed,TFT,BASE+flow,2021,2
91-180,0,,,,,,,observed,TFT,BASE+flow,2021,2
181-270,0,,,,,,,observed,TFT,BASE+flow,2021,2
271-365,0,,,,,,,observed,TFT,BASE+flow,2021,2
1-7,7,-19.311,11.78,11.412,5.6474,1.1366,-0.201,gapfilled,TFT,BASE+flow,2021,2
8-30,23,-4.722,28.685,21.111,1.7513,0.9729,-0.351,gapfilled,TFT,BASE+flow,2021,2
31-90,60,-1.861,26.383,19.359,1.6151,0.9,-0.119,gapfilled,TFT,BASE+flow,2021,2
91-180,90,-2.919,25.529,19.446,1.5524,0.8797,0.239,gapfilled,TFT,BASE+flow,2021,2
181-270,90,-4.435,41.911,28.477,1.5359,1.0857,0.042,gapfilled,TFT,BASE+flow,2021,2
271-365,95,-10.32,27.006,19.847,3.0343,2.4747,0.214,gapfilled,TFT,BASE+flow,2021,2
1-7,0,,,,,,,observed,DLinear,BASE+flow,2021,2
8-30,0,,,,,,,observed,DLinear,BASE+flow,2021,2
31-90,0,,,,,,,observed,DLinear,BASE+flow,2021,2
91-180,0,,,,,,,observed,DLinear,BASE+flow,2021,2
181-270,0,,,,,,,observed,DLinear,BASE+flow,2021,2
271-365,0,,,,,,,observed,DLinear,BASE+flow,2021,2
1-7,7,-50.97,18.843,16.916,8.3712,1.6848,-0.363,gapfilled,DLinear,BASE+flow,2021,2
8-30,23,-12.304,43.741,37.748,3.1316,1.7397,0.007,gapfilled,DLinear,BASE+flow,2021,2
31-90,60,-3.815,34.226,27.439,2.2892,1.2756,0.28,gapfilled,DLinear,BASE+flow,2021,2
91-180,90,-8.551,39.855,32.361,2.5834,1.4639,-0.084,gapfilled,DLinear,BASE+flow,2021,2
181-270,90,-7.996,53.922,48.611,2.6218,1.8533,-0.599,gapfilled,DLinear,BASE+flow,2021,2
271-365,95,-24.712,40.702,36.313,5.5518,4.5278,0.381,gapfilled,DLinear,BASE+flow,2021,2
1-7,0,,,,,,,observed,LSTM,BASE+flow,2021,2
8-30,0,,,,,,,observed,LSTM,BASE+flow,2021,2
31-90,0,,,,,,,observed,LSTM,BASE+flow,2021,2
91-180,0,,,,,,,observed,LSTM,BASE+flow,2021,2
181-270,0,,,,,,,observed,LSTM,BASE+flow,2021,2
271-365,0,,,,,,,observed,LSTM,BASE+flow,2021,2
1-7,7,-139.028,30.93,27.607,13.6621,2.7497,-0.881,gapfilled,LSTM,BASE+flow,2021,2
8-30,23,-26.054,62.376,58.815,4.8793,2.7106,0.07,gapfilled,LSTM,BASE+flow,2021,2
31-90,60,-4.535,36.697,32.275,2.6927,1.5004,0.495,gapfilled,LSTM,BASE+flow,2021,2
91-180,90,-6.003,34.128,27.807,2.2199,1.2579,-0.044,gapfilled,LSTM,BASE+flow,2021,2
181-270,90,-3.329,37.407,28.974,1.5627,1.1046,0.037,gapfilled,LSTM,BASE+flow,2021,2
271-365,95,-7.025,22.738,17.348,2.6523,2.1631,0.244,gapfilled,LSTM,BASE+flow,2021,2
1-7,3,-3.278,5.003,4.345,1.7506,0.4912,-0.936,observed,TFT,BASE+flow,2021,4
8-30,19,-0.796,23.164,18.678,1.4696,1.2468,0.099,observed,TFT,BASE+flow,2021,4
31-90,50,-0.532,25.379,19.743,1.5204,1.1436,0.075,observed,TFT,BASE+flow,2021,4
91-180,90,0.122,93.138,58.523,0.9018,0.8019,0.419,observed,TFT,BASE+flow,2021,4
181-270,88,0.161,92.462,63.641,0.9385,0.8921,0.421,observed,TFT,BASE+flow,2021,4
271-365,91,-6.83,91.451,76.487,3.6716,3.4462,0.274,observed,TFT,BASE+flow,2021,4
1-7,7,-8.419,5.685,5.214,3.2565,0.477,-0.23,gapfilled,TFT,BASE+flow,2021,4
8-30,23,-3.694,20.062,16.7,2.24,1.2327,0.067,gapfilled,TFT,BASE+flow,2021,4
31-90,60,-1.323,19.83,15.679,1.7067,0.9454,0.071,gapfilled,TFT,BASE+flow,2021,4
91-180,90,0.102,67.491,46.622,0.7836,0.6768,0.514,gapfilled,TFT,BASE+flow,2021,4
181-270,90,0.206,73.701,51.701,0.8306,0.7648,0.481,gapfilled,TFT,BASE+flow,2021,4
271-365,95,-5.842,85.903,71.356,3.2778,2.7949,0.407,gapfilled,TFT,BASE+flow,2021,4
1-7,3,-92.475,23.387,22.895,9.2238,2.588,0.172,observed,DLinear,BASE+flow,2021,4
8-30,19,-7.263,49.688,39.031,3.0711,2.6054,-0.076,observed,DLinear,BASE+flow,2021,4
31-90,50,-3.324,42.64,33.535,2.5825,1.9425,0.262,observed,DLinear,BASE+flow,2021,4
91-180,90,0.276,84.6,59.567,0.9179,0.8162,0.561,observed,DLinear,BASE+flow,2021,4
181-270,88,0.461,74.134,56.632,0.8351,0.7939,0.682,observed,DLinear,BASE+flow,2021,4
271-365,91,-1.056,46.859,36.85,1.7689,1.6603,0.399,observed,DLinear,BASE+flow,2021,4
1-7,7,-119.116,20.303,18.777,11.7273,1.7179,-0.179,gapfilled,DLinear,BASE+flow,2021,4
8-30,23,-25.836,47.968,38.905,5.2184,2.8717,-0.132,gapfilled,DLinear,BASE+flow,2021,4
31-90,60,-10.526,44.169,34.244,3.7277,2.0648,0.188,gapfilled,DLinear,BASE+flow,2021,4
91-180,90,0.308,59.232,44.312,0.7448,0.6432,0.623,gapfilled,DLinear,BASE+flow,2021,4
181-270,90,0.545,55.759,43.911,0.7055,0.6496,0.741,gapfilled,DLinear,BASE+flow,2021,4
271-365,95,-0.59,41.41,33.705,1.5482,1.3202,0.512,gapfilled,DLinear,BASE+flow,2021,4
1-7,3,-1.401,3.748,3.262,1.3141,0.3687,0.791,observed,LSTM,BASE+flow,2021,4
8-30,19,-0.178,18.762,15.294,1.2033,1.0209,0.348,observed,LSTM,BASE+flow,2021,4
31-90,50,-0.229,22.738,17.497,1.3475,1.0135,0.216,observed,LSTM,BASE+flow,2021,4
91-180,90,0.085,95.054,52.268,0.8055,0.7162,0.328,observed,LSTM,BASE+flow,2021,4
181-270,88,0.219,89.211,62.356,0.9195,0.8741,0.483,observed,LSTM,BASE+flow,2021,4
271-365,91,-0.753,43.272,32.415,1.556,1.4605,0.191,observed,LSTM,BASE+flow,2021,4
1-7,7,-17.262,7.917,6.526,4.0755,0.597,0.821,gapfilled,LSTM,BASE+flow,2021,4
8-30,23,-3.588,19.833,15.184,2.0366,1.1208,0.115,gapfilled,LSTM,BASE+flow,2021,4
31-90,60,-1.093,18.82,14.982,1.6309,0.9034,0.124,gapfilled,LSTM,BASE+flow,2021,4
91-180,90,0.095,67.753,40.801,0.6858,0.5923,0.389,gapfilled,LSTM,BASE+flow,2021,4
181-270,90,0.293,69.553,49.875,0.8013,0.7378,0.563,gapfilled,LSTM,BASE+flow,2021,4
271-365,95,-0.856,44.741,32.161,1.4773,1.2597,0.225,gapfilled,LSTM,BASE+flow,2021,4
1-7,1,,,,,,,observed,TFT,BASE+flow,2021,9
8-30,12,-1.994,31.719,25.554,1.0201,1.8605,-0.197,observed,TFT,BASE+flow,2021,9
31-90,35,-0.191,16.762,12.776,0.5313,1.252,0.283,observed,TFT,BASE+flow,2021,9
91-180,85,0.097,97.008,59.456,0.7689,0.646,0.413,observed,TFT,BASE+flow,2021,9
181-270,47,-0.006,62.418,45.47,0.9764,0.705,0.376,observed,TFT,BASE+flow,2021,9
271-365,0,,,,,,,observed,TFT,BASE+flow,2021,9
1-7,7,0.119,9.221,7.805,0.6855,0.4189,0.869,gapfilled,TFT,BASE+flow,2021,9
8-30,23,-4.264,30.41,25.891,1.6659,1.5084,-0.403,gapfilled,TFT,BASE+flow,2021,9
31-90,60,-1.773,15.091,11.727,0.6156,1.0638,0.123,gapfilled,TFT,BASE+flow,2021,9
91-180,90,0.02,66.583,47.265,0.7379,0.5754,0.497,gapfilled,TFT,BASE+flow,2021,9
181-270,90,-0.345,41.185,29.243,1.0517,0.5754,0.416,gapfilled,TFT,BASE+flow,2021,9
271-365,95,-8.328,39.559,33.848,2.0109,2.2045,0.62,gapfilled,TFT,BASE+flow,2021,9
1-7,1,,,,,,,observed,DLinear,BASE+flow,2021,9
8-30,12,-8.127,55.382,48.199,1.9239,3.5091,-0.218,observed,DLinear,BASE+flow,2021,9
31-90,35,-4.774,36.911,27.968,1.1629,2.7405,0.144,observed,DLinear,BASE+flow,2021,9
91-180,85,0.187,92.058,56.254,0.7275,0.6112,0.46,observed,DLinear,BASE+flow,2021,9
181-270,47,-0.026,63.046,48.803,1.048,0.7566,0.313,observed,DLinear,BASE+flow,2021,9
271-365,0,,,,,,,observed,DLinear,BASE+flow,2021,9
1-7,7,-4.037,22.047,17.353,1.5241,0.9313,0.7,gapfilled,DLinear,BASE+flow,2021,9
8-30,23,-18.343,58.295,52.508,3.3785,3.0591,-0.218,gapfilled,DLinear,BASE+flow,2021,9
31-90,60,-22.563,43.992,33.978,1.7836,3.0824,-0.205,gapfilled,DLinear,BASE+flow,2021,9
91-180,90,0.243,58.519,41.578,0.6491,0.5061,0.531,gapfilled,DLinear,BASE+flow,2021,9
181-270,90,-0.211,39.077,30.231,1.0873,0.5948,0.342,gapfilled,DLinear,BASE+flow,2021,9
271-365,95,-5.528,33.093,28.231,1.6772,1.8387,-0.067,gapfilled,DLinear,BASE+flow,2021,9
1-7,1,,,,,,,observed,LSTM,BASE+flow,2021,9
8-30,12,-0.92,25.401,16.287,0.6501,1.1857,-0.509,observed,LSTM,BASE+flow,2021,9
31-90,35,0.137,14.271,9.363,0.3893,0.9174,0.459,observed,LSTM,BASE+flow,2021,9
91-180,85,0.089,97.423,61.332,0.7932,0.6664,0.393,observed,LSTM,BASE+flow,2021,9
181-270,47,-0.933,86.543,67.383,1.4469,1.0447,0.054,observed,LSTM,BASE+flow,2021,9
271-365,0,,,,,,,observed,LSTM,BASE+flow,2021,9
1-7,7,-2.194,17.558,15.487,1.3602,0.8311,0.639,gapfilled,LSTM,BASE+flow,2021,9
8-30,23,-3.368,27.701,21.481,1.3821,1.2515,-0.66,gapfilled,LSTM,BASE+flow,2021,9
31-90,60,-0.218,10.002,7.606,0.3993,0.69,0.521,gapfilled,LSTM,BASE+flow,2021,9
91-180,90,-0.012,67.681,48.088,0.7508,0.5854,0.464,gapfilled,LSTM,BASE+flow,2021,9
181-270,90,-1.73,58.682,42.424,1.5258,0.8347,0.127,gapfilled,LSTM,BASE+flow,2021,9
271-365,95,-13.784,49.802,37.232,2.2119,2.425,0.737,gapfilled,LSTM,BASE+flow,2021,9
1-7,0,,,,,,,observed,TFT,BASE+mgmt,2021,2
8-30,0,,,,,,,observed,TFT,BASE+mgmt,2021,2
31-90,0,,,,,,,observed,TFT,BASE+mgmt,2021,2
91-180,0,,,,,,,observed,TFT,BASE+mgmt,2021,2
181-270,0,,,,,,,observed,TFT,BASE+mgmt,2021,2
271-365,0,,,,,,,observed,TFT,BASE+mgmt,2021,2
1-7,7,-26.658,13.746,12.715,6.2925,1.2664,-0.593,gapfilled,TFT,BASE+mgmt,2021,2
8-30,23,-3.187,24.539,21.154,1.7549,0.9749,0.126,gapfilled,TFT,BASE+mgmt,2021,2
31-90,60,-0.612,19.806,14.111,1.1772,0.656,0.317,gapfilled,TFT,BASE+mgmt,2021,2
91-180,90,-2.177,22.988,17.866,1.4262,0.8082,-0.054,gapfilled,TFT,BASE+mgmt,2021,2
181-270,90,-2.163,31.971,24.647,1.3293,0.9397,-0.108,gapfilled,TFT,BASE+mgmt,2021,2
271-365,95,-2.411,14.826,10.359,1.5838,1.2917,0.488,gapfilled,TFT,BASE+mgmt,2021,2
1-7,0,,,,,,,observed,DLinear,BASE+mgmt,2021,2
8-30,0,,,,,,,observed,DLinear,BASE+mgmt,2021,2
31-90,0,,,,,,,observed,DLinear,BASE+mgmt,2021,2
91-180,0,,,,,,,observed,DLinear,BASE+mgmt,2021,2
181-270,0,,,,,,,observed,DLinear,BASE+mgmt,2021,2
271-365,0,,,,,,,observed,DLinear,BASE+mgmt,2021,2
1-7,7,-45.703,17.862,14.458,7.1549,1.44,-0.605,gapfilled,DLinear,BASE+mgmt,2021,2
8-30,23,-8.862,37.659,33.045,2.7414,1.5229,0.202,gapfilled,DLinear,BASE+mgmt,2021,2
31-90,60,-3.753,34.005,25.94,2.1641,1.2059,0.245,gapfilled,DLinear,BASE+mgmt,2021,2
91-180,90,-9.898,42.572,36.93,2.9482,1.6706,0.062,gapfilled,DLinear,BASE+mgmt,2021,2
181-270,90,-6.029,47.663,42.212,2.2767,1.6094,-0.401,gapfilled,DLinear,BASE+mgmt,2021,2
271-365,95,-23.266,39.54,33.708,5.1536,4.203,0.166,gapfilled,DLinear,BASE+mgmt,2021,2
1-7,0,,,,,,,observed,LSTM,BASE+mgmt,2021,2
8-30,0,,,,,,,observed,LSTM,BASE+mgmt,2021,2
31-90,0,,,,,,,observed,LSTM,BASE+mgmt,2021,2
91-180,0,,,,,,,observed,LSTM,BASE+mgmt,2021,2
181-270,0,,,,,,,observed,LSTM,BASE+mgmt,2021,2
271-365,0,,,,,,,observed,LSTM,BASE+mgmt,2021,2
1-7,7,-2.13,4.624,4.514,2.2338,0.4496,0.926,gapfilled,LSTM,BASE+mgmt,2021,2
8-30,23,-5.798,31.267,26.508,2.1991,1.2217,-0.242,gapfilled,LSTM,BASE+mgmt,2021,2
31-90,60,-0.851,21.221,15.335,1.2794,0.7129,0.491,gapfilled,LSTM,BASE+mgmt,2021,2
91-180,90,-3.427,27.135,20.336,1.6235,0.9199,-0.11,gapfilled,LSTM,BASE+mgmt,2021,2
181-270,90,-0.778,23.973,18.955,1.0223,0.7227,0.125,gapfilled,LSTM,BASE+mgmt,2021,2
271-365,95,-10.277,26.956,22.699,3.4705,2.8304,0.417,gapfilled,LSTM,BASE+mgmt,2021,2
1-7,3,-14.901,9.646,9.351,3.7672,1.057,-0.916,observed,TFT,BASE+mgmt,2021,4
8-30,19,0.045,16.894,12.526,0.9856,0.8361,0.346,observed,TFT,BASE+mgmt,2021,4
31-90,50,-0.093,21.436,14.212,1.0945,0.8232,0.234,observed,TFT,BASE+mgmt,2021,4
91-180,90,0.064,96.145,60.439,0.9314,0.8281,0.338,observed,TFT,BASE+mgmt,2021,4
181-270,88,-0.032,102.567,73.013,1.0767,1.0235,0.218,observed,TFT,BASE+mgmt,2021,4
271-365,91,-0.418,38.917,27.312,1.3111,1.2306,0.221,observed,TFT,BASE+mgmt,2021,4
1-7,7,-13.98,7.17,6.691,4.1786,0.6121,-0.677,gapfilled,TFT,BASE+mgmt,2021,4
8-30,23,-1.673,15.138,11.863,1.5912,0.8757,0.059,gapfilled,TFT,BASE+mgmt,2021,4
31-90,60,-0.687,16.9,11.631,1.2661,0.7013,0.107,gapfilled,TFT,BASE+mgmt,2021,4
91-180,90,0.018,70.584,49.023,0.824,0.7116,0.404,gapfilled,TFT,BASE+mgmt,2021,4
181-270,90,-0.012,83.18,60.296,0.9687,0.892,0.3,gapfilled,TFT,BASE+mgmt,2021,4
271-365,95,-0.14,35.07,24.227,1.1129,0.9489,0.31,gapfilled,TFT,BASE+mgmt,2021,4
1-7,3,-62.071,19.211,16.2,6.5264,1.8311,0.375,observed,DLinear,BASE+mgmt,2021,4
8-30,19,-7.235,49.604,39.733,3.1263,2.6522,-0.194,observed,DLinear,BASE+mgmt,2021,4
31-90,50,-4.717,49.031,35.362,2.7232,2.0483,0.002,observed,DLinear,BASE+mgmt,2021,4
91-180,90,0.103,94.112,72.291,1.114,0.9905,0.426,observed,DLinear,BASE+mgmt,2021,4
181-270,88,0.473,73.317,59.702,0.8804,0.8369,0.691,observed,DLinear,BASE+mgmt,2021,4
271-365,91,-0.965,45.812,35.933,1.7249,1.619,0.381,observed,DLinear,BASE+mgmt,2021,4
1-7,7,-88.119,17.489,14.958,9.3421,1.3685,-0.084,gapfilled,DLinear,BASE+mgmt,2021,4
8-30,23,-24.38,46.649,38.508,5.1651,2.8424,-0.123,gapfilled,DLinear,BASE+mgmt,2021,4
31-90,60,-13.278,49.159,36.568,3.9808,2.205,-0.088,gapfilled,DLinear,BASE+mgmt,2021,4
91-180,90,0.01,70.862,57.337,0.9637,0.8323,0.502,gapfilled,DLinear,BASE+mgmt,2021,4
181-270,90,0.553,55.277,46.65,0.7495,0.6901,0.748,gapfilled,DLinear,BASE+mgmt,2021,4
271-365,95,-0.69,42.691,34.103,1.5665,1.3357,0.456,gapfilled,DLinear,BASE+mgmt,2021,4
1-7,3,-6.45,6.602,6.59,2.6549,0.7449,-0.778,observed,LSTM,BASE+mgmt,2021,4
8-30,19,-0.174,18.732,13.955,1.098,0.9315,0.311,observed,LSTM,BASE+mgmt,2021,4
31-90,50,-0.371,24.013,18.314,1.4104,1.0608,0.34,observed,LSTM,BASE+mgmt,2021,4
91-180,90,0.236,86.86,53.786,0.8289,0.737,0.496,observed,LSTM,BASE+mgmt,2021,4
181-270,88,0.156,92.766,64.728,0.9545,0.9074,0.446,observed,LSTM,BASE+mgmt,2021,4
271-365,91,-0.485,39.823,27.619,1.3258,1.2444,0.374,observed,LSTM,BASE+mgmt,2021,4
1-7,7,-3.869,4.088,3.299,2.0602,0.3018,-0.208,gapfilled,LSTM,BASE+mgmt,2021,4
8-30,23,-1.888,15.735,12.939,1.7355,0.9551,0.262,gapfilled,LSTM,BASE+mgmt,2021,4
31-90,60,-1.037,18.569,15.085,1.6421,0.9096,0.4,gapfilled,LSTM,BASE+mgmt,2021,4
91-180,90,0.224,62.749,43.024,0.7231,0.6245,0.544,gapfilled,LSTM,BASE+mgmt,2021,4
181-270,90,0.171,75.312,55.741,0.8955,0.8246,0.496,gapfilled,LSTM,BASE+mgmt,2021,4
271-365,95,-0.088,34.253,24.059,1.1051,0.9423,0.536,gapfilled,LSTM,BASE+mgmt,2021,4
1-7,1,,,,,,,observed,TFT,BASE+mgmt,2021,9
8-30,12,-0.03,18.601,12.953,0.5171,0.9431,0.218,observed,TFT,BASE+mgmt,2021,9
31-90,35,-0.047,15.72,11.347,0.4718,1.1118,0.254,observed,TFT,BASE+mgmt,2021,9
91-180,85,0.122,95.658,57.963,0.7496,0.6298,0.412,observed,TFT,BASE+mgmt,2021,9
181-270,47,-0.892,85.608,68.078,1.4618,1.0555,0.335,observed,TFT,BASE+mgmt,2021,9
271-365,0,,,,,,,observed,TFT,BASE+mgmt,2021,9
1-7,7,-0.1,10.305,8.076,0.7093,0.4334,0.926,gapfilled,TFT,BASE+mgmt,2021,9
8-30,23,-0.999,18.74,15.793,1.0162,0.9201,-0.009,gapfilled,TFT,BASE+mgmt,2021,9
31-90,60,-0.258,10.165,7.667,0.4025,0.6956,0.289,gapfilled,TFT,BASE+mgmt,2021,9
91-180,90,0.103,63.712,44.639,0.6969,0.5434,0.523,gapfilled,TFT,BASE+mgmt,2021,9
181-270,90,-4.193,80.931,70.809,2.5467,1.3933,0.387,gapfilled,TFT,BASE+mgmt,2021,9
271-365,95,-11.859,46.447,31.415,1.8663,2.0461,0.597,gapfilled,TFT,BASE+mgmt,2021,9
1-7,1,,,,,,,observed,DLinear,BASE+mgmt,2021,9
8-30,12,-8.215,55.646,49.139,1.9615,3.5776,-0.353,observed,DLinear,BASE+mgmt,2021,9
31-90,35,-4.208,35.056,27.036,1.1242,2.6493,0.139,observed,DLinear,BASE+mgmt,2021,9
91-180,85,0.204,91.105,57.988,0.7499,0.6301,0.467,observed,DLinear,BASE+mgmt,2021,9
181-270,47,-0.1,65.291,51.214,1.0997,0.794,0.23,observed,DLinear,BASE+mgmt,2021,9
271-365,0,,,,,,,observed,DLinear,BASE+mgmt,2021,9
1-7,7,-4.751,23.558,19.72,1.732,1.0583,0.694,gapfilled,DLinear,BASE+mgmt,2021,9
8-30,23,-16.827,55.963,51.534,3.3158,3.0023,-0.17,gapfilled,DLinear,BASE+mgmt,2021,9
31-90,60,-21.495,42.984,34.168,1.7936,3.0997,-0.221,gapfilled,DLinear,BASE+mgmt,2021,9
91-180,90,0.26,57.878,43.095,0.6728,0.5246,0.538,gapfilled,DLinear,BASE+mgmt,2021,9
181-270,90,-0.379,41.702,32.007,1.1512,0.6298,0.314,gapfilled,DLinear,BASE+mgmt,2021,9
271-365,95,-9.279,41.526,27.734,1.6477,1.8064,-0.036,gapfilled,DLinear,BASE+mgmt,2021,9
1-7,1,,,,,,,observed,LSTM,BASE+mgmt,2021,9
8-30,12,-1.514,29.065,20.097,0.8022,1.4632,-0.666,observed,LSTM,BASE+mgmt,2021,9
31-90,35,-1.546,24.51,18.327,0.7621,1.7959,0.141,observed,LSTM,BASE+mgmt,2021,9
91-180,85,0.063,98.832,61.245,0.792,0.6654,0.394,observed,LSTM,BASE+mgmt,2021,9
181-270,47,-0.436,74.602,56.393,1.2109,0.8743,0.173,observed,LSTM,BASE+mgmt,2021,9
271-365,0,,,,,,,observed,LSTM,BASE+mgmt,2021,9
1-7,7,-1.923,16.796,15.419,1.3542,0.8275,0.758,gapfilled,LSTM,BASE+mgmt,2021,9
8-30,23,-5.095,32.724,28.311,1.8216,1.6494,-0.591,gapfilled,LSTM,BASE+mgmt,2021,9
31-90,60,-3.755,19.762,17.817,0.9353,1.6164,0.536,gapfilled,LSTM,BASE+mgmt,2021,9
91-180,90,-0.024,68.053,48.058,0.7503,0.585,0.469,gapfilled,LSTM,BASE+mgmt,2021,9
181-270,90,-0.9,48.959,36.606,1.3166,0.7203,0.061,gapfilled,LSTM,BASE+mgmt,2021,9
271-365,95,-3.938,28.782,22.776,1.3531,1.4834,0.471,gapfilled,LSTM,BASE+mgmt,2021,9
1-7,0,,,,,,,observed,TFT,BASE+bodyweight,2021,2
8-30,0,,,,,,,observed,TFT,BASE+bodyweight,2021,2
31-90,0,,,,,,,observed,TFT,BASE+bodyweight,2021,2
91-180,0,,,,,,,observed,TFT,BASE+bodyweight,2021,2
181-270,0,,,,,,,observed,TFT,BASE+bodyweight,2021,2
271-365,0,,,,,,,observed,TFT,BASE+bodyweight,2021,2
1-7,7,-15.675,10.673,8.353,4.1338,0.832,-0.947,gapfilled,TFT,BASE+bodyweight,2021,2
8-30,23,-4.359,27.762,21.694,1.7997,0.9998,-0.365,gapfilled,TFT,BASE+bodyweight,2021,2
31-90,60,-1.64,25.345,18.777,1.5665,0.8729,-0.079,gapfilled,TFT,BASE+bodyweight,2021,2
91-180,90,-0.731,16.967,12.979,1.0362,0.5871,0.266,gapfilled,TFT,BASE+bodyweight,2021,2
181-270,90,-0.587,22.648,18.434,0.9942,0.7028,0.31,gapfilled,TFT,BASE+bodyweight,2021,2
271-365,95,-8.427,24.644,20.13,3.0777,2.51,0.176,gapfilled,TFT,BASE+bodyweight,2021,2
1-7,0,,,,,,,observed,DLinear,BASE+bodyweight,2021,2
8-30,0,,,,,,,observed,DLinear,BASE+bodyweight,2021,2
31-90,0,,,,,,,observed,DLinear,BASE+bodyweight,2021,2
91-180,0,,,,,,,observed,DLinear,BASE+bodyweight,2021,2
181-270,0,,,,,,,observed,DLinear,BASE+bodyweight,2021,2
271-365,0,,,,,,,observed,DLinear,BASE+bodyweight,2021,2
1-7,7,-79.776,23.491,21.004,10.3944,2.092,-0.722,gapfilled,DLinear,BASE+bodyweight,2021,2
8-30,23,-18.397,52.816,47.588,3.9479,2.1931,0.165,gapfilled,DLinear,BASE+bodyweight,2021,2
31-90,60,-4.132,35.336,28.333,2.3638,1.3172,0.202,gapfilled,DLinear,BASE+bodyweight,2021,2
91-180,90,-12.77,47.854,41.302,3.2971,1.8683,-0.152,gapfilled,DLinear,BASE+bodyweight,2021,2
181-270,90,-7.629,52.809,46.969,2.5332,1.7907,-0.492,gapfilled,DLinear,BASE+bodyweight,2021,2
271-365,95,-27.589,42.918,38.126,5.829,4.7539,0.343,gapfilled,DLinear,BASE+bodyweight,2021,2
1-7,0,,,,,,,observed,LSTM,BASE+bodyweight,2021,2
8-30,0,,,,,,,observed,LSTM,BASE+bodyweight,2021,2
31-90,0,,,,,,,observed,LSTM,BASE+bodyweight,2021,2
91-180,0,,,,,,,observed,LSTM,BASE+bodyweight,2021,2
181-270,0,,,,,,,observed,LSTM,BASE+bodyweight,2021,2
271-365,0,,,,,,,observed,LSTM,BASE+bodyweight,2021,2
1-7,7,-18.915,11.664,10.858,5.3733,1.0814,-0.495,gapfilled,LSTM,BASE+bodyweight,2021,2
8-30,23,-3.708,26.021,20.012,1.6602,0.9223,-0.068,gapfilled,LSTM,BASE+bodyweight,2021,2
31-90,60,-1.768,25.948,21.769,1.8162,1.012,0.435,gapfilled,LSTM,BASE+bodyweight,2021,2
91-180,90,-3.895,28.531,23.055,1.8405,1.0429,-0.055,gapfilled,LSTM,BASE+bodyweight,2021,2
181-270,90,-5.724,46.617,39.359,2.1228,1.5006,-0.336,gapfilled,LSTM,BASE+bodyweight,2021,2
271-365,95,-5.12,19.857,15.425,2.3583,1.9234,0.164,gapfilled,LSTM,BASE+bodyweight,2021,2
1-7,3,-2.192,4.322,3.912,1.5761,0.4422,-0.96,observed,TFT,BASE+bodyweight,2021,4
8-30,19,-0.302,19.723,13.538,1.0652,0.9037,0.258,observed,TFT,BASE+bodyweight,2021,4
31-90,50,-0.475,24.908,17.431,1.3424,1.0097,0.075,observed,TFT,BASE+bodyweight,2021,4
91-180,90,0.226,87.452,50.158,0.773,0.6873,0.487,observed,TFT,BASE+bodyweight,2021,4
181-270,88,-0.092,105.51,72.03,1.0622,1.0097,0.165,observed,TFT,BASE+bodyweight,2021,4
271-365,91,-2.091,57.453,44.753,2.1483,2.0164,0.26,observed,TFT,BASE+bodyweight,2021,4
1-7,7,-6.379,5.032,4.747,2.9648,0.4343,-0.809,gapfilled,TFT,BASE+bodyweight,2021,4
8-30,23,-2.907,18.302,14.581,1.9558,1.0763,0.033,gapfilled,TFT,BASE+bodyweight,2021,4
31-90,60,-1.397,20.143,15.426,1.6792,0.9302,0.032,gapfilled,TFT,BASE+bodyweight,2021,4
91-180,90,0.268,60.938,39.387,0.662,0.5717,0.55,gapfilled,TFT,BASE+bodyweight,2021,4
181-270,90,-0.099,86.695,59.591,0.9574,0.8816,0.235,gapfilled,TFT,BASE+bodyweight,2021,4
271-365,95,-1.609,53.045,40.533,1.8619,1.5876,0.395,gapfilled,TFT,BASE+bodyweight,2021,4
1-7,3,-89.924,23.066,21.484,8.6554,2.4285,0.333,observed,DLinear,BASE+bodyweight,2021,4
8-30,19,-5.473,43.978,34.675,2.7283,2.3146,-0.071,observed,DLinear,BASE+bodyweight,2021,4
31-90,50,-3.167,41.859,33.052,2.5453,1.9146,0.255,observed,DLinear,BASE+bodyweight,2021,4
91-180,90,0.244,86.434,62.065,0.9564,0.8504,0.534,observed,DLinear,BASE+bodyweight,2021,4
181-270,88,0.365,80.452,60.733,0.8956,0.8514,0.605,observed,DLinear,BASE+bodyweight,2021,4
271-365,91,-1.694,53.643,42.644,2.047,1.9213,0.436,observed,DLinear,BASE+bodyweight,2021,4
1-7,7,-98.192,18.45,16.466,10.2838,1.5064,-0.157,gapfilled,DLinear,BASE+bodyweight,2021,4
8-30,23,-18.253,40.629,32.573,4.3691,2.4044,0.036,gapfilled,DLinear,BASE+bodyweight,2021,4
31-90,60,-11.313,45.651,36.361,3.9582,2.1925,0.137,gapfilled,DLinear,BASE+bodyweight,2021,4
91-180,90,0.243,61.971,46.727,0.7854,0.6783,0.594,gapfilled,DLinear,BASE+bodyweight,2021,4
181-270,90,0.431,62.406,49.966,0.8027,0.7392,0.662,gapfilled,DLinear,BASE+bodyweight,2021,4
271-365,95,-1.128,47.911,39.447,1.812,1.5451,0.544,gapfilled,DLinear,BASE+bodyweight,2021,4
1-7,3,-4.287,5.562,5.12,2.0627,0.5787,-0.995,observed,LSTM,BASE+bodyweight,2021,4
8-30,19,-0.553,21.541,18.12,1.4257,1.2095,0.134,observed,LSTM,BASE+bodyweight,2021,4
31-90,50,-0.417,24.41,18.352,1.4133,1.063,0.238,observed,LSTM,BASE+bodyweight,2021,4
91-180,90,0.065,96.125,61.495,0.9476,0.8426,0.34,observed,LSTM,BASE+bodyweight,2021,4
181-270,88,0.085,96.589,63.088,0.9303,0.8844,0.366,observed,LSTM,BASE+bodyweight,2021,4
271-365,91,-1.202,48.491,33.336,1.6002,1.502,0.33,observed,LSTM,BASE+bodyweight,2021,4
1-7,7,-4.849,4.48,4.22,2.6354,0.3861,-0.457,gapfilled,LSTM,BASE+bodyweight,2021,4
8-30,23,-3.576,19.808,17.538,2.3524,1.2946,0.128,gapfilled,LSTM,BASE+bodyweight,2021,4
31-90,60,-1.133,19.001,15.413,1.6779,0.9294,0.325,gapfilled,LSTM,BASE+bodyweight,2021,4
91-180,90,0.026,70.303,48.068,0.8079,0.6978,0.415,gapfilled,LSTM,BASE+bodyweight,2021,4
181-270,90,0.146,76.439,51.433,0.8263,0.7609,0.461,gapfilled,LSTM,BASE+bodyweight,2021,4
271-365,95,-0.664,42.36,29.237,1.343,1.1452,0.487,gapfilled,LSTM,BASE+bodyweight,2021,4
1-7,1,,,,,,,observed,TFT,BASE+bodyweight,2021,9
8-30,12,-0.335,21.178,15.595,0.6225,1.1354,-0.121,observed,TFT,BASE+bodyweight,2021,9
31-90,35,0.098,14.592,10.241,0.4258,1.0035,0.377,observed,TFT,BASE+bodyweight,2021,9
91-180,85,0.088,97.472,59.221,0.7659,0.6435,0.433,observed,TFT,BASE+bodyweight,2021,9
181-270,47,-0.054,63.904,48.973,1.0516,0.7593,0.325,observed,TFT,BASE+bodyweight,2021,9
271-365,0,,,,,,,observed,TFT,BASE+bodyweight,2021,9
1-7,7,-1.296,14.886,13.289,1.1671,0.7132,0.832,gapfilled,TFT,BASE+bodyweight,2021,9
8-30,23,-1.752,21.99,17.992,1.1576,1.0482,-0.483,gapfilled,TFT,BASE+bodyweight,2021,9
31-90,60,-0.784,12.105,9.296,0.488,0.8434,0.197,gapfilled,TFT,BASE+bodyweight,2021,9
91-180,90,0.12,63.116,44.115,0.6887,0.537,0.534,gapfilled,TFT,BASE+bodyweight,2021,9
181-270,90,-0.561,44.378,34.328,1.2346,0.6755,0.409,gapfilled,TFT,BASE+bodyweight,2021,9
271-365,95,-2.485,24.181,21.014,1.2484,1.3687,0.412,gapfilled,TFT,BASE+bodyweight,2021,9
1-7,1,,,,,,,observed,DLinear,BASE+bodyweight,2021,9
8-30,12,-6.791,51.166,45.779,1.8273,3.3329,-0.278,observed,DLinear,BASE+bodyweight,2021,9
31-90,35,-3.367,32.103,24.785,1.0306,2.4287,0.172,observed,DLinear,BASE+bodyweight,2021,9
91-180,85,0.215,90.436,57.342,0.7416,0.623,0.477,observed,DLinear,BASE+bodyweight,2021,9
181-270,47,-0.144,66.575,51.13,1.0979,0.7927,0.236,observed,DLinear,BASE+bodyweight,2021,9
271-365,0,,,,,,,observed,DLinear,BASE+bodyweight,2021,9
1-7,7,-4.63,23.31,18.711,1.6433,1.0041,0.619,gapfilled,DLinear,BASE+bodyweight,2021,9
8-30,23,-15.568,53.951,49.055,3.1563,2.8579,-0.237,gapfilled,DLinear,BASE+bodyweight,2021,9
31-90,60,-19.85,41.382,32.298,1.6954,2.9301,-0.243,gapfilled,DLinear,BASE+bodyweight,2021,9
91-180,90,0.284,56.929,42.019,0.656,0.5115,0.558,gapfilled,DLinear,BASE+bodyweight,2021,9
181-270,90,-0.431,42.483,32.811,1.1801,0.6456,0.271,gapfilled,DLinear,BASE+bodyweight,2021,9
271-365,95,-2.458,24.086,19.535,1.1605,1.2723,0.077,gapfilled,DLinear,BASE+bodyweight,2021,9
1-7,1,,,,,,,observed,LSTM,BASE+bodyweight,2021,9
8-30,12,-0.647,23.523,15.656,0.625,1.1399,0.045,observed,LSTM,BASE+bodyweight,2021,9
31-90,35,-1.851,25.938,17.9,0.7443,1.754,-0.266,observed,LSTM,BASE+bodyweight,2021,9
91-180,85,0.043,99.864,64.596,0.8354,0.7019,0.375,observed,LSTM,BASE+bodyweight,2021,9
181-270,47,-0.413,73.979,56.339,1.2098,0.8735,0.216,observed,LSTM,BASE+bodyweight,2021,9
271-365,0,,,,,,,observed,LSTM,BASE+bodyweight,2021,9
1-7,7,-1.591,15.812,13.166,1.1563,0.7066,0.282,gapfilled,LSTM,BASE+bodyweight,2021,9
8-30,23,-2.44,24.585,19.572,1.2593,1.1402,0.018,gapfilled,LSTM,BASE+bodyweight,2021,9
31-90,60,-3.271,18.729,15.051,0.7901,1.3654,0.328,gapfilled,LSTM,BASE+bodyweight,2021,9
91-180,90,-0.159,72.422,51.458,0.8034,0.6264,0.441,gapfilled,LSTM,BASE+bodyweight,2021,9
181-270,90,-0.751,46.989,33.834,1.2169,0.6657,0.317,gapfilled,LSTM,BASE+bodyweight,2021,9
271-365,95,-21.151,60.959,43.806,2.6025,2.8531,0.494,gapfilled,LSTM,BASE+bodyweight,2021,9
1-7,0,,,,,,,observed,TFT,BASE+ALL,2021,2
8-30,0,,,,,,,observed,TFT,BASE+ALL,2021,2
31-90,0,,,,,,,observed,TFT,BASE+ALL,2021,2
91-180,0,,,,,,,observed,TFT,BASE+ALL,2021,2
181-270,0,,,,,,,observed,TFT,BASE+ALL,2021,2
271-365,0,,,,,,,observed,TFT,BASE+ALL,2021,2
1-7,7,-63.896,21.056,20.861,10.324,2.0778,0.802,gapfilled,TFT,BASE+ALL,2021,2
8-30,23,-0.142,12.817,10.426,0.8649,0.4805,0.222,gapfilled,TFT,BASE+ALL,2021,2
31-90,60,-0.32,17.922,12.357,1.031,0.5745,-0.069,gapfilled,TFT,BASE+ALL,2021,2
91-180,90,-2.397,23.768,18.171,1.4506,0.822,-0.166,gapfilled,TFT,BASE+ALL,2021,2
181-270,90,-3.415,37.773,33.65,1.8149,1.2829,0.404,gapfilled,TFT,BASE+ALL,2021,2
271-365,95,-5.649,20.697,17.899,2.7365,2.2318,-0.369,gapfilled,TFT,BASE+ALL,2021,2
1-7,0,,,,,,,observed,DLinear,BASE+ALL,2021,2
8-30,0,,,,,,,observed,DLinear,BASE+ALL,2021,2
31-90,0,,,,,,,observed,DLinear,BASE+ALL,2021,2
91-180,0,,,,,,,observed,DLinear,BASE+ALL,2021,2
181-270,0,,,,,,,observed,DLinear,BASE+ALL,2021,2
271-365,0,,,,,,,observed,DLinear,BASE+ALL,2021,2
1-7,7,-194.49,36.545,30.038,14.8654,2.9919,-0.63,gapfilled,DLinear,BASE+ALL,2021,2
8-30,23,-36.374,73.313,66.522,5.5187,3.0657,0.056,gapfilled,DLinear,BASE+ALL,2021,2
31-90,60,-13.913,60.235,53.426,4.4573,2.4837,0.231,gapfilled,DLinear,BASE+ALL,2021,2
91-180,90,-34.713,77.068,73.176,5.8417,3.3102,-0.063,gapfilled,DLinear,BASE+ALL,2021,2
181-270,90,-12.528,66.123,52.063,2.808,1.985,-0.459,gapfilled,DLinear,BASE+ALL,2021,2
271-365,95,-12.12,29.074,23.114,3.534,2.8821,0.136,gapfilled,DLinear,BASE+ALL,2021,2
1-7,0,,,,,,,observed,LSTM,BASE+ALL,2021,2
8-30,0,,,,,,,observed,LSTM,BASE+ALL,2021,2
31-90,0,,,,,,,observed,LSTM,BASE+ALL,2021,2
91-180,0,,,,,,,observed,LSTM,BASE+ALL,2021,2
181-270,0,,,,,,,observed,LSTM,BASE+ALL,2021,2
271-365,0,,,,,,,observed,LSTM,BASE+ALL,2021,2
1-7,7,-9.375,8.419,7.092,3.5098,0.7064,-0.608,gapfilled,LSTM,BASE+ALL,2021,2
8-30,23,-3.722,26.06,20.634,1.7118,0.9509,-0.004,gapfilled,LSTM,BASE+ALL,2021,2
31-90,60,-1.322,23.769,18.053,1.5062,0.8393,0.101,gapfilled,LSTM,BASE+ALL,2021,2
91-180,90,-1.656,21.016,16.387,1.3082,0.7413,0.194,gapfilled,LSTM,BASE+ALL,2021,2
181-270,90,-5.821,46.953,40.18,2.1671,1.5319,0.1,gapfilled,LSTM,BASE+ALL,2021,2
271-365,95,-21.134,37.763,32.262,4.9325,4.0227,-0.291,gapfilled,LSTM,BASE+ALL,2021,2
1-7,3,-16.779,10.2,8.83,3.5573,0.9981,-0.876,observed,TFT,BASE+ALL,2021,4
8-30,19,-0.018,17.44,12.902,1.0152,0.8613,0.155,observed,TFT,BASE+ALL,2021,4
31-90,50,-0.025,20.762,12.982,0.9997,0.752,0.182,observed,TFT,BASE+ALL,2021,4
91-180,90,0.147,91.78,55.77,0.8594,0.7642,0.392,observed,TFT,BASE+ALL,2021,4
181-270,88,0.089,96.375,68.625,1.012,0.962,0.33,observed,TFT,BASE+ALL,2021,4
271-365,91,-0.225,36.179,25.472,1.2228,1.1477,0.335,observed,TFT,BASE+ALL,2021,4
1-7,7,-14.73,7.347,6.638,4.1459,0.6073,-0.439,gapfilled,TFT,BASE+ALL,2021,4
8-30,23,-0.488,11.297,8.741,1.1724,0.6452,-0.099,gapfilled,TFT,BASE+ALL,2021,4
31-90,60,-0.249,14.541,9.404,1.0237,0.5671,0.112,gapfilled,TFT,BASE+ALL,2021,4
91-180,90,0.239,62.114,39.229,0.6593,0.5694,0.494,gapfilled,TFT,BASE+ALL,2021,4
181-270,90,0.131,77.092,55.064,0.8846,0.8146,0.401,gapfilled,TFT,BASE+ALL,2021,4
271-365,95,0.196,29.447,21.127,0.9705,0.8275,0.543,gapfilled,TFT,BASE+ALL,2021,4
1-7,3,-27.713,12.962,10.821,4.3593,1.2231,-0.371,observed,DLinear,BASE+ALL,2021,4
8-30,19,-6.481,47.279,38.416,3.0227,2.5643,-0.107,observed,DLinear,BASE+ALL,2021,4
31-90,50,-4.281,47.124,36.186,2.7867,2.0961,0.049,observed,DLinear,BASE+ALL,2021,4
91-180,90,0.187,89.622,65.364,1.0073,0.8956,0.458,observed,DLinear,BASE+ALL,2021,4
181-270,88,0.365,80.452,63.375,0.9346,0.8884,0.606,observed,DLinear,BASE+ALL,2021,4
271-365,91,-1.19,48.365,38.48,1.8472,1.7337,0.405,observed,DLinear,BASE+ALL,2021,4
1-7,7,-67.958,15.384,13.444,8.3967,1.23,-0.405,gapfilled,DLinear,BASE+ALL,2021,4
8-30,23,-21.025,43.456,36.231,4.8596,2.6743,0.009,gapfilled,DLinear,BASE+ALL,2021,4
31-90,60,-12.832,48.386,38.384,4.1784,2.3145,-0.079,gapfilled,DLinear,BASE+ALL,2021,4
91-180,90,0.173,64.79,49.606,0.8338,0.7201,0.529,gapfilled,DLinear,BASE+ALL,2021,4
181-270,90,0.429,62.504,52.211,0.8388,0.7724,0.664,gapfilled,DLinear,BASE+ALL,2021,4
271-365,95,-0.706,42.896,34.577,1.5883,1.3543,0.534,gapfilled,DLinear,BASE+ALL,2021,4
1-7,3,-2.054,4.228,3.918,1.5785,0.4429,0.282,observed,LSTM,BASE+ALL,2021,4
8-30,19,-1.232,25.826,20.596,1.6206,1.3748,0.093,observed,LSTM,BASE+ALL,2021,4
31-90,50,-0.319,23.552,18.322,1.411,1.0613,0.141,observed,LSTM,BASE+ALL,2021,4
91-180,90,0.025,98.151,64.828,0.999,0.8883,0.379,observed,LSTM,BASE+ALL,2021,4
181-270,88,0.174,91.733,64.711,0.9543,0.9071,0.447,observed,LSTM,BASE+ALL,2021,4
271-365,91,-1.646,53.162,44.209,2.1222,1.9919,0.45,observed,LSTM,BASE+ALL,2021,4
1-7,7,-3.671,4.004,3.621,2.2612,0.3312,0.613,gapfilled,LSTM,BASE+ALL,2021,4
8-30,23,-5.421,23.463,19.584,2.6268,1.4456,0.025,gapfilled,LSTM,BASE+ALL,2021,4
31-90,60,-1.185,19.23,15.736,1.713,0.9489,0.103,gapfilled,LSTM,BASE+ALL,2021,4
91-180,90,-0.088,74.28,51.331,0.8628,0.7451,0.467,gapfilled,LSTM,BASE+ALL,2021,4
181-270,90,0.233,72.443,51.529,0.8279,0.7623,0.52,gapfilled,LSTM,BASE+ALL,2021,4
271-365,95,-1.195,48.657,40.323,1.8523,1.5794,0.513,gapfilled,LSTM,BASE+ALL,2021,4
1-7,1,,,,,,,observed,TFT,BASE+ALL,2021,9
8-30,12,-0.588,23.1,20.422,0.8152,1.4868,0.039,observed,TFT,BASE+ALL,2021,9
31-90,35,-0.519,18.935,16.292,0.6774,1.5965,-0.143,observed,TFT,BASE+ALL,2021,9
91-180,85,0.263,87.644,51.167,0.6617,0.5559,0.523,observed,TFT,BASE+ALL,2021,9
181-270,47,0.013,61.837,43.39,0.9317,0.6727,0.328,observed,TFT,BASE+ALL,2021,9
271-365,0,,,,,,,observed,TFT,BASE+ALL,2021,9
1-7,7,-0.656,12.641,11.944,1.049,0.641,0.939,gapfilled,TFT,BASE+ALL,2021,9
8-30,23,-0.364,15.482,13.38,0.8609,0.7795,-0.165,gapfilled,TFT,BASE+ALL,2021,9
31-90,60,-1.161,13.324,11.764,0.6175,1.0673,-0.123,gapfilled,TFT,BASE+ALL,2021,9
91-180,90,0.417,51.353,35.646,0.5565,0.4339,0.654,gapfilled,TFT,BASE+ALL,2021,9
181-270,90,-0.075,36.827,26.111,0.9391,0.5138,0.322,gapfilled,TFT,BASE+ALL,2021,9
271-365,95,-4.629,30.731,27.204,1.6161,1.7718,0.476,gapfilled,TFT,BASE+ALL,2021,9
1-7,1,,,,,,,observed,DLinear,BASE+ALL,2021,9
8-30,12,-7.681,54.012,47.422,1.893,3.4526,-0.372,observed,DLinear,BASE+ALL,2021,9
31-90,35,-4.325,35.446,28.68,1.1925,2.8104,0.196,observed,DLinear,BASE+ALL,2021,9
91-180,85,0.208,90.851,57.777,0.7472,0.6278,0.476,observed,DLinear,BASE+ALL,2021,9
181-270,47,-0.547,77.418,63.041,1.3537,0.9774,0.074,observed,DLinear,BASE+ALL,2021,9
271-365,0,,,,,,,observed,DLinear,BASE+ALL,2021,9
1-7,7,-4.001,21.968,17.155,1.5067,0.9206,0.841,gapfilled,DLinear,BASE+ALL,2021,9
8-30,23,-17.323,56.737,51.189,3.2936,2.9823,-0.298,gapfilled,DLinear,BASE+ALL,2021,9
31-90,60,-22.62,44.046,35.581,1.8678,3.2279,-0.217,gapfilled,DLinear,BASE+ALL,2021,9
91-180,90,0.25,58.268,43.134,0.6734,0.5251,0.54,gapfilled,DLinear,BASE+ALL,2021,9
181-270,90,-1.261,53.396,43.069,1.549,0.8474,0.16,gapfilled,DLinear,BASE+ALL,2021,9
271-365,95,-5.632,33.355,25.701,1.5269,1.6739,0.067,gapfilled,DLinear,BASE+ALL,2021,9
1-7,1,,,,,,,observed,LSTM,BASE+ALL,2021,9
8-30,12,-1.415,28.485,22.027,0.8792,1.6036,-0.579,observed,LSTM,BASE+ALL,2021,9
31-90,35,-0.255,17.209,12.094,0.5029,1.1851,0.109,observed,LSTM,BASE+ALL,2021,9
91-180,85,-0.257,114.456,72.532,0.938,0.7881,0.217,observed,LSTM,BASE+ALL,2021,9
181-270,47,-0.733,81.93,65.558,1.4077,1.0164,0.204,observed,LSTM,BASE+ALL,2021,9
271-365,0,,,,,,,observed,LSTM,BASE+ALL,2021,9
1-7,7,-3.233,20.212,16.383,1.4389,0.8792,-0.01,gapfilled,LSTM,BASE+ALL,2021,9
8-30,23,-4.194,30.207,25.284,1.6268,1.473,-0.783,gapfilled,LSTM,BASE+ALL,2021,9
31-90,60,-2.064,15.864,12.296,0.6455,1.1155,-0.027,gapfilled,LSTM,BASE+ALL,2021,9
91-180,90,-0.637,86.055,60.019,0.937,0.7306,0.257,gapfilled,LSTM,BASE+ALL,2021,9
181-270,90,-1.905,60.534,48.442,1.7422,0.9532,0.26,gapfilled,LSTM,BASE+ALL,2021,9
271-365,95,-6.364,35.149,24.981,1.4841,1.627,-0.317,gapfilled,LSTM,BASE+ALL,2021,9
1-7,0,,,,,,,observed,TFT,BASE,2022,2
8-30,0,,,,,,,observed,TFT,BASE,2022,2
31-90,0,,,,,,,observed,TFT,BASE,2022,2
91-180,0,,,,,,,observed,TFT,BASE,2022,2
181-270,0,,,,,,,observed,TFT,BASE,2022,2
271-365,0,,,,,,,observed,TFT,BASE,2022,2
1-7,7,-22.54,26.236,25.476,3.1552,1.9874,-0.025,gapfilled,TFT,BASE,2022,2
8-30,23,-0.119,17.634,12.082,0.6689,0.765,0.071,gapfilled,TFT,BASE,2022,2
31-90,60,-0.283,22.368,9.704,0.429,0.5428,-0.041,gapfilled,TFT,BASE,2022,2
91-180,90,-3.493,20.478,17.437,0.9705,1.3186,0.326,gapfilled,TFT,BASE,2022,2
181-270,90,-2.33,28.288,23.17,0.7789,0.9267,0.024,gapfilled,TFT,BASE,2022,2
271-365,95,0.007,15.789,10.755,0.6862,0.9294,0.223,gapfilled,TFT,BASE,2022,2
1-7,0,,,,,,,observed,DLinear,BASE,2022,2
8-30,0,,,,,,,observed,DLinear,BASE,2022,2
31-90,0,,,,,,,observed,DLinear,BASE,2022,2
91-180,0,,,,,,,observed,DLinear,BASE,2022,2
181-270,0,,,,,,,observed,DLinear,BASE,2022,2
271-365,0,,,,,,,observed,DLinear,BASE,2022,2
1-7,7,-29.774,29.998,28.14,3.4852,2.1953,-0.206,gapfilled,DLinear,BASE,2022,2
8-30,23,-1.222,24.847,16.927,0.9371,1.0717,-0.597,gapfilled,DLinear,BASE,2022,2
31-90,60,-3.018,39.575,34.546,1.527,1.9323,0.153,gapfilled,DLinear,BASE,2022,2
91-180,90,-7.568,28.279,23.303,1.2969,1.7622,-0.215,gapfilled,DLinear,BASE,2022,2
181-270,90,-1.681,25.381,20.89,0.7023,0.8355,0.1,gapfilled,DLinear,BASE,2022,2
271-365,95,-2.399,29.212,24.371,1.555,2.1061,0.199,gapfilled,DLinear,BASE,2022,2
1-7,0,,,,,,,observed,LSTM,BASE,2022,2
8-30,0,,,,,,,observed,LSTM,BASE,2022,2
31-90,0,,,,,,,observed,LSTM,BASE,2022,2
91-180,0,,,,,,,observed,LSTM,BASE,2022,2
181-270,0,,,,,,,observed,LSTM,BASE,2022,2
271-365,0,,,,,,,observed,LSTM,BASE,2022,2
1-7,7,-1.312,8.222,7.337,0.9087,0.5724,0.449,gapfilled,LSTM,BASE,2022,2
8-30,23,-1.06,23.923,22.113,1.2242,1.4,-0.031,gapfilled,LSTM,BASE,2022,2
31-90,60,-0.716,25.867,16.574,0.7326,0.927,0.107,gapfilled,LSTM,BASE,2022,2
91-180,90,-2.98,19.273,14.708,0.8186,1.1123,-0.012,gapfilled,LSTM,BASE,2022,2
181-270,90,-1.385,23.939,19.846,0.6672,0.7938,0.398,gapfilled,LSTM,BASE,2022,2
271-365,95,-1.347,24.274,16.245,1.0365,1.4038,0.184,gapfilled,LSTM,BASE,2022,2
1-7,0,,,,,,,observed,TFT,BASE,2022,4
8-30,0,,,,,,,observed,TFT,BASE,2022,4
31-90,1,,,,,,,observed,TFT,BASE,2022,4
91-180,75,0.179,30.156,22.53,1.039,1.124,0.5,observed,TFT,BASE,2022,4
181-270,74,0.209,52.173,34.843,0.9792,1.0144,0.512,observed,TFT,BASE,2022,4
271-365,74,-0.528,40.692,31.435,1.3901,1.4862,0.483,observed,TFT,BASE,2022,4
1-7,7,-39.776,21.811,21.633,5.7214,6.5456,0.58,gapfilled,TFT,BASE,2022,4
8-30,23,-57.194,15.117,14.935,2.8733,6.8694,0.146,gapfilled,TFT,BASE,2022,4
31-90,60,-7.272,11.0,10.375,1.2215,2.1479,0.352,gapfilled,TFT,BASE,2022,4
91-180,90,0.571,26.476,19.592,0.7509,0.8333,0.81,gapfilled,TFT,BASE,2022,4
181-270,90,0.362,36.863,26.177,0.6848,0.7277,0.624,gapfilled,TFT,BASE,2022,4
271-365,95,-1.398,31.306,24.496,1.4449,1.699,0.663,gapfilled,TFT,BASE,2022,4
1-7,0,,,,,,,observed,DLinear,BASE,2022,4
8-30,0,,,,,,,observed,DLinear,BASE,2022,4
31-90,1,,,,,,,observed,DLinear,BASE,2022,4
91-180,75,-0.797,44.611,32.697,1.5078,1.6313,0.028,observed,DLinear,BASE,2022,4
181-270,74,0.063,56.789,41.423,1.1642,1.206,0.496,observed,DLinear,BASE,2022,4
271-365,74,-0.761,43.686,34.588,1.5296,1.6353,0.407,observed,DLinear,BASE,2022,4
1-7,7,-17.008,14.495,11.12,2.941,3.3646,0.061,gapfilled,DLinear,BASE,2022,4
8-30,23,-102.416,20.153,16.605,3.1945,7.6372,-0.271,gapfilled,DLinear,BASE,2022,4
31-90,60,-53.492,28.233,24.292,2.8601,5.0291,0.004,gapfilled,DLinear,BASE,2022,4
91-180,90,-0.409,48.009,35.453,1.3588,1.508,0.095,gapfilled,DLinear,BASE,2022,4
181-270,90,0.288,38.939,29.023,0.7592,0.8069,0.639,gapfilled,DLinear,BASE,2022,4
271-365,95,-1.829,34.001,26.781,1.5797,1.8575,0.588,gapfilled,DLinear,BASE,2022,4
1-7,0,,,,,,,observed,LSTM,BASE,2022,4
8-30,0,,,,,,,observed,LSTM,BASE,2022,4
31-90,1,,,,,,,observed,LSTM,BASE,2022,4
91-180,75,-0.198,36.428,25.079,1.1565,1.2512,0.141,observed,LSTM,BASE,2022,4
181-270,74,-0.848,79.759,56.925,1.5998,1.6573,0.448,observed,LSTM,BASE,2022,4
271-365,74,-0.35,38.252,25.516,1.1284,1.2064,0.215,observed,LSTM,BASE,2022,4
1-7,7,-2.54,6.427,6.223,1.646,1.8831,0.725,gapfilled,LSTM,BASE,2022,4
8-30,23,-30.58,11.136,10.434,2.0075,4.7993,0.066,gapfilled,LSTM,BASE,2022,4
31-90,60,-4.001,8.553,7.153,0.8422,1.4809,0.343,gapfilled,LSTM,BASE,2022,4
91-180,90,0.006,40.328,27.9,1.0693,1.1867,0.356,gapfilled,LSTM,BASE,2022,4
181-270,90,-0.928,64.056,43.924,1.149,1.2211,0.581,gapfilled,LSTM,BASE,2022,4
271-365,95,-0.746,26.71,17.4,1.0263,1.2068,0.33,gapfilled,LSTM,BASE,2022,4
1-7,0,,,,,,,observed,TFT,BASE,2022,9
8-30,0,,,,,,,observed,TFT,BASE,2022,9
31-90,14,-0.408,17.823,12.993,1.0151,1.0495,-0.297,observed,TFT,BASE,2022,9
91-180,84,-0.767,24.783,18.335,1.1934,1.2375,0.091,observed,TFT,BASE,2022,9
181-270,84,-0.922,66.591,52.784,1.3976,1.4152,0.434,observed,TFT,BASE,2022,9
271-365,89,-0.161,52.211,39.355,1.3003,1.3255,0.379,observed,TFT,BASE,2022,9
1-7,7,-176.351,26.202,26.074,17.4952,13.1267,0.18,gapfilled,TFT,BASE,2022,9
8-30,23,-21.666,14.531,13.837,2.9116,3.7776,-0.282,gapfilled,TFT,BASE,2022,9
31-90,60,-2.808,12.763,10.176,1.178,1.3475,-0.335,gapfilled,TFT,BASE,2022,9
91-180,90,-1.299,20.822,15.915,1.2016,1.2824,0.286,gapfilled,TFT,BASE,2022,9
181-270,90,-0.305,54.407,42.594,0.9899,1.0064,0.598,gapfilled,TFT,BASE,2022,9
271-365,95,-0.338,39.773,31.584,1.1064,1.1457,0.481,gapfilled,TFT,BASE,2022,9
1-7,0,,,,,,,observed,DLinear,BASE,2022,9
8-30,0,,,,,,,observed,DLinear,BASE,2022,9
31-90,14,-6.508,41.154,34.291,2.679,2.7699,0.051,observed,DLinear,BASE,2022,9
91-180,84,-2.765,36.172,29.933,1.9482,2.0203,0.167,observed,DLinear,BASE,2022,9
181-270,84,-0.307,54.914,46.97,1.2436,1.2593,0.495,observed,DLinear,BASE,2022,9
271-365,89,-0.499,59.318,48.319,1.5964,1.6274,0.167,observed,DLinear,BASE,2022,9
1-7,7,-28.6,10.704,9.512,6.3826,4.7889,-0.388,gapfilled,DLinear,BASE,2022,9
8-30,23,-11.323,10.714,8.462,1.7806,2.3102,-0.492,gapfilled,DLinear,BASE,2022,9
31-90,60,-21.553,31.06,26.977,3.1228,3.5721,0.2,gapfilled,DLinear,BASE,2022,9
91-180,90,-4.771,32.992,27.619,2.0853,2.2256,0.083,gapfilled,DLinear,BASE,2022,9
181-270,90,0.092,45.377,38.296,0.89,0.9048,0.628,gapfilled,DLinear,BASE,2022,9
271-365,95,-0.889,47.264,39.843,1.3957,1.4453,0.258,gapfilled,DLinear,BASE,2022,9
1-7,0,,,,,,,observed,LSTM,BASE,2022,9
8-30,0,,,,,,,observed,LSTM,BASE,2022,9
31-90,14,-0.405,17.803,13.9,1.0859,1.1228,-0.23,observed,LSTM,BASE,2022,9
91-180,84,-4.514,43.778,34.536,2.2479,2.331,0.063,observed,LSTM,BASE,2022,9
181-270,84,-1.483,75.687,56.368,1.4925,1.5112,0.477,observed,LSTM,BASE,2022,9
271-365,89,-0.323,55.736,38.54,1.2733,1.2981,0.171,observed,LSTM,BASE,2022,9
1-7,7,-184.64,26.807,25.569,17.1565,12.8725,0.154,gapfilled,LSTM,BASE,2022,9
8-30,23,-181.474,41.228,40.651,8.5541,11.0984,-0.256,gapfilled,LSTM,BASE,2022,9
31-90,60,-9.153,20.84,16.272,1.8837,2.1547,-0.208,gapfilled,LSTM,BASE,2022,9
91-180,90,-8.342,41.974,31.89,2.4077,2.5697,-0.048,gapfilled,LSTM,BASE,2022,9
181-270,90,-0.661,61.386,46.316,1.0764,1.0943,0.697,gapfilled,LSTM,BASE,2022,9
271-365,95,-0.804,46.186,35.027,1.227,1.2706,0.329,gapfilled,LSTM,BASE,2022,9
1-7,0,,,,,,,observed,TFT,BASE+species,2022,2
8-30,0,,,,,,,observed,TFT,BASE+species,2022,2
31-90,0,,,,,,,observed,TFT,BASE+species,2022,2
91-180,0,,,,,,,observed,TFT,BASE+species,2022,2
181-270,0,,,,,,,observed,TFT,BASE+species,2022,2
271-365,0,,,,,,,observed,TFT,BASE+species,2022,2
1-7,7,-41.358,35.194,33.103,4.0999,2.5824,0.257,gapfilled,TFT,BASE+species,2022,2
8-30,23,-0.269,18.779,12.0,0.6643,0.7597,0.297,gapfilled,TFT,BASE+species,2022,2
31-90,60,0.184,17.834,9.189,0.4062,0.5139,0.464,gapfilled,TFT,BASE+species,2022,2
91-180,90,-1.019,13.727,10.596,0.5897,0.8013,0.172,gapfilled,TFT,BASE+species,2022,2
181-270,90,-2.078,27.195,21.398,0.7193,0.8559,-0.102,gapfilled,TFT,BASE+species,2022,2
271-365,95,0.338,12.89,8.588,0.548,0.7422,0.636,gapfilled,TFT,BASE+species,2022,2
1-7,0,,,,,,,observed,DLinear,BASE+species,2022,2
8-30,0,,,,,,,observed,DLinear,BASE+species,2022,2
31-90,0,,,,,,,observed,DLinear,BASE+species,2022,2
91-180,0,,,,,,,observed,DLinear,BASE+species,2022,2
181-270,0,,,,,,,observed,DLinear,BASE+species,2022,2
271-365,0,,,,,,,observed,DLinear,BASE+species,2022,2
1-7,7,-37.865,33.711,32.091,3.9745,2.5035,0.136,gapfilled,DLinear,BASE+species,2022,2
8-30,23,-1.125,24.297,16.042,0.8881,1.0157,-0.468,gapfilled,DLinear,BASE+species,2022,2
31-90,60,-4.002,44.156,38.355,1.6954,2.1453,0.166,gapfilled,DLinear,BASE+species,2022,2
91-180,90,-4.913,23.492,19.814,1.1028,1.4984,-0.002,gapfilled,DLinear,BASE+species,2022,2
181-270,90,-1.858,26.207,21.833,0.7339,0.8732,0.416,gapfilled,DLinear,BASE+species,2022,2
271-365,95,-3.649,34.166,28.921,1.8453,2.4993,0.168,gapfilled,DLinear,BASE+species,2022,2
1-7,0,,,,,,,observed,LSTM,BASE+species,2022,2
8-30,0,,,,,,,observed,LSTM,BASE+species,2022,2
31-90,0,,,,,,,observed,LSTM,BASE+species,2022,2
91-180,0,,,,,,,observed,LSTM,BASE+species,2022,2
181-270,0,,,,,,,observed,LSTM,BASE+species,2022,2
271-365,0,,,,,,,observed,LSTM,BASE+species,2022,2
1-7,7,-6.601,14.908,13.715,1.6987,1.07,0.234,gapfilled,LSTM,BASE+species,2022,2
8-30,23,-1.009,23.624,21.985,1.2171,1.3919,-0.419,gapfilled,LSTM,BASE+species,2022,2
31-90,60,-0.924,27.387,15.789,0.6979,0.8831,-0.124,gapfilled,LSTM,BASE+species,2022,2
91-180,90,-2.476,18.011,12.314,0.6853,0.9312,-0.153,gapfilled,LSTM,BASE+species,2022,2
181-270,90,-4.107,35.033,28.686,0.9643,1.1473,-0.128,gapfilled,LSTM,BASE+species,2022,2
271-365,95,-1.147,23.217,15.907,1.015,1.3747,-0.06,gapfilled,LSTM,BASE+species,2022,2
1-7,0,,,,,,,observed,TFT,BASE+species,2022,4
8-30,0,,,,,,,observed,TFT,BASE+species,2022,4
31-90,1,,,,,,,observed,TFT,BASE+species,2022,4
91-180,75,0.351,26.805,17.644,0.8137,0.8803,0.647,observed,TFT,BASE+species,2022,4
181-270,74,0.264,50.328,34.705,0.9754,1.0104,0.608,observed,TFT,BASE+species,2022,4
271-365,74,-0.225,36.438,24.409,1.0794,1.154,0.496,observed,TFT,BASE+species,2022,4
1-7,7,-29.403,18.834,18.57,4.9114,5.6189,0.661,gapfilled,TFT,BASE+species,2022,4
8-30,23,-53.234,14.594,13.34,2.5664,6.1355,0.254,gapfilled,TFT,BASE+species,2022,4
31-90,60,-7.859,11.384,8.712,1.0257,1.8035,0.172,gapfilled,TFT,BASE+species,2022,4
91-180,90,0.66,23.575,14.547,0.5575,0.6188,0.909,gapfilled,TFT,BASE+species,2022,4
181-270,90,0.542,31.233,21.085,0.5516,0.5862,0.769,gapfilled,TFT,BASE+species,2022,4
271-365,95,-0.555,25.206,15.811,0.9326,1.0966,0.692,gapfilled,TFT,BASE+species,2022,4
1-7,0,,,,,,,observed,DLinear,BASE+species,2022,4
8-30,0,,,,,,,observed,DLinear,BASE+species,2022,4
31-90,1,,,,,,,observed,DLinear,BASE+species,2022,4
91-180,75,-0.814,44.824,33.64,1.5513,1.6783,0.067,observed,DLinear,BASE+species,2022,4
181-270,74,0.055,57.044,42.457,1.1932,1.2361,0.513,observed,DLinear,BASE+species,2022,4
271-365,74,-0.701,42.927,33.618,1.4866,1.5894,0.42,observed,DLinear,BASE+species,2022,4
1-7,7,-17.894,14.847,11.7,3.0943,3.5401,0.055,gapfilled,DLinear,BASE+species,2022,4
8-30,23,-145.537,23.989,20.204,3.887,9.2928,-0.206,gapfilled,DLinear,BASE+species,2022,4
31-90,60,-54.289,28.439,24.901,2.9317,5.155,0.056,gapfilled,DLinear,BASE+species,2022,4
91-180,90,-0.295,46.022,35.131,1.3465,1.4943,0.201,gapfilled,DLinear,BASE+species,2022,4
181-270,90,0.283,39.056,29.533,0.7726,0.821,0.664,gapfilled,DLinear,BASE+species,2022,4
271-365,95,-1.733,33.417,25.756,1.5192,1.7864,0.6,gapfilled,DLinear,BASE+species,2022,4
1-7,0,,,,,,,observed,LSTM,BASE+species,2022,4
8-30,0,,,,,,,observed,LSTM,BASE+species,2022,4
31-90,1,,,,,,,observed,LSTM,BASE+species,2022,4
91-180,75,-2.003,57.666,40.459,1.8658,2.0185,0.146,observed,LSTM,BASE+species,2022,4
181-270,74,-1.068,84.376,59.683,1.6773,1.7376,0.376,observed,LSTM,BASE+species,2022,4
271-365,74,0.048,32.12,21.128,0.9343,0.9989,0.447,observed,LSTM,BASE+species,2022,4
1-7,7,-7.054,9.694,7.959,2.105,2.4082,-0.431,gapfilled,LSTM,BASE+species,2022,4
8-30,23,-36.651,12.16,8.821,1.697,4.0571,-0.212,gapfilled,LSTM,BASE+species,2022,4
31-90,60,-5.927,10.066,7.39,0.8701,1.5299,0.205,gapfilled,LSTM,BASE+species,2022,4
91-180,90,-1.616,65.409,43.907,1.6828,1.8675,0.431,gapfilled,LSTM,BASE+species,2022,4
181-270,90,-1.164,67.873,45.112,1.1801,1.2541,0.455,gapfilled,LSTM,BASE+species,2022,4
271-365,95,-0.18,21.956,14.776,0.8716,1.0248,0.545,gapfilled,LSTM,BASE+species,2022,4
1-7,0,,,,,,,observed,TFT,BASE+species,2022,9
8-30,0,,,,,,,observed,TFT,BASE+species,2022,9
31-90,14,-1.207,22.315,18.427,1.4396,1.4884,0.27,observed,TFT,BASE+species,2022,9
91-180,84,-0.404,22.09,17.191,1.1189,1.1603,0.04,observed,TFT,BASE+species,2022,9
181-270,84,-0.314,55.061,43.365,1.1482,1.1626,0.52,observed,TFT,BASE+species,2022,9
271-365,89,0.089,46.245,29.507,0.9749,0.9938,0.352,observed,TFT,BASE+species,2022,9
1-7,7,-58.399,15.164,14.637,9.8209,7.3686,0.15,gapfilled,TFT,BASE+species,2022,9
8-30,23,-5.42,7.733,6.644,1.3981,1.814,-0.04,gapfilled,TFT,BASE+species,2022,9
31-90,60,-5.316,16.437,12.852,1.4877,1.7018,-0.138,gapfilled,TFT,BASE+species,2022,9
91-180,90,-0.826,18.557,14.754,1.1139,1.1889,0.067,gapfilled,TFT,BASE+species,2022,9
181-270,90,0.217,42.132,31.684,0.7363,0.7486,0.701,gapfilled,TFT,BASE+species,2022,9
271-365,95,0.166,31.398,22.338,0.7825,0.8103,0.493,gapfilled,TFT,BASE+species,2022,9
1-7,0,,,,,,,observed,DLinear,BASE+species,2022,9
8-30,0,,,,,,,observed,DLinear,BASE+species,2022,9
31-90,14,-6.414,40.896,34.219,2.6734,2.7641,0.11,observed,DLinear,BASE+species,2022,9
91-180,84,-2.865,36.65,30.231,1.9677,2.0404,0.168,observed,DLinear,BASE+species,2022,9
181-270,84,-0.538,59.566,50.766,1.3442,1.3611,0.468,observed,DLinear,BASE+species,2022,9
271-365,89,-0.51,59.545,48.694,1.6088,1.6401,0.169,observed,DLinear,BASE+species,2022,9
1-7,7,-28.931,10.764,8.235,5.5255,4.1458,-0.131,gapfilled,DLinear,BASE+species,2022,9
8-30,23,-12.32,11.139,9.237,1.9436,2.5217,-0.472,gapfilled,DLinear,BASE+species,2022,9
31-90,60,-23.76,32.545,29.126,3.3716,3.8567,0.269,gapfilled,DLinear,BASE+species,2022,9
91-180,90,-4.975,33.569,28.55,2.1555,2.3005,0.075,gapfilled,DLinear,BASE+species,2022,9
181-270,90,-0.073,49.344,41.794,0.9713,0.9875,0.604,gapfilled,DLinear,BASE+species,2022,9
271-365,95,-0.94,47.892,40.795,1.4291,1.4798,0.241,gapfilled,DLinear,BASE+species,2022,9
1-7,0,,,,,,,observed,LSTM,BASE+species,2022,9
8-30,0,,,,,,,observed,LSTM,BASE+species,2022,9
31-90,14,0.085,14.365,11.312,0.8838,0.9138,0.336,observed,LSTM,BASE+species,2022,9
91-180,84,-1.079,26.879,20.422,1.3292,1.3784,0.19,observed,LSTM,BASE+species,2022,9
181-270,84,-2.672,92.037,68.897,1.8242,1.8471,0.578,observed,LSTM,BASE+species,2022,9
271-365,89,-0.012,48.756,33.977,1.1226,1.1444,0.369,observed,LSTM,BASE+species,2022,9
1-7,7,-35.476,11.883,9.557,6.4128,4.8116,-0.077,gapfilled,LSTM,BASE+species,2022,9
8-30,23,-32.707,17.72,16.897,3.5555,4.613,-0.123,gapfilled,LSTM,BASE+species,2022,9
31-90,60,-4.341,15.115,12.218,1.4144,1.6178,-0.181,gapfilled,LSTM,BASE+species,2022,9
91-180,90,-1.585,22.08,17.503,1.3215,1.4104,0.368,gapfilled,LSTM,BASE+species,2022,9
181-270,90,-1.75,78.981,59.403,1.3805,1.4035,0.76,gapfilled,LSTM,BASE+species,2022,9
271-365,95,-0.029,34.88,26.619,0.9325,0.9656,0.54,gapfilled,LSTM,BASE+species,2022,9
1-7,0,,,,,,,observed,TFT,BASE+arable,2022,2
8-30,0,,,,,,,observed,TFT,BASE+arable,2022,2
31-90,0,,,,,,,observed,TFT,BASE+arable,2022,2
91-180,0,,,,,,,observed,TFT,BASE+arable,2022,2
181-270,0,,,,,,,observed,TFT,BASE+arable,2022,2
271-365,0,,,,,,,observed,TFT,BASE+arable,2022,2
1-7,7,-92.496,52.287,51.852,6.4219,4.045,-0.14,gapfilled,TFT,BASE+arable,2022,2
8-30,23,-4.26,38.229,33.164,1.836,2.0997,-0.534,gapfilled,TFT,BASE+arable,2022,2
31-90,60,-0.541,24.507,14.493,0.6406,0.8106,-0.207,gapfilled,TFT,BASE+arable,2022,2
91-180,90,-1.974,16.662,12.509,0.6962,0.9459,-0.184,gapfilled,TFT,BASE+arable,2022,2
181-270,90,-2.189,27.682,22.844,0.768,0.9137,-0.101,gapfilled,TFT,BASE+arable,2022,2
271-365,95,-0.512,19.484,13.973,0.8915,1.2075,0.192,gapfilled,TFT,BASE+arable,2022,2
1-7,0,,,,,,,observed,DLinear,BASE+arable,2022,2
8-30,0,,,,,,,observed,DLinear,BASE+arable,2022,2
31-90,0,,,,,,,observed,DLinear,BASE+arable,2022,2
91-180,0,,,,,,,observed,DLinear,BASE+arable,2022,2
181-270,0,,,,,,,observed,DLinear,BASE+arable,2022,2
271-365,0,,,,,,,observed,DLinear,BASE+arable,2022,2
1-7,7,-546.231,126.498,123.364,15.2788,9.6238,-0.796,gapfilled,DLinear,BASE+arable,2022,2
8-30,23,-88.146,157.372,156.513,8.6646,9.9094,0.283,gapfilled,DLinear,BASE+arable,2022,2
31-90,60,-65.945,161.544,159.581,7.0539,8.9258,0.25,gapfilled,DLinear,BASE+arable,2022,2
91-180,90,-222.692,144.494,141.857,7.8949,10.7275,-0.183,gapfilled,DLinear,BASE+arable,2022,2
181-270,90,-93.55,150.731,149.533,5.0269,5.9807,0.279,gapfilled,DLinear,BASE+arable,2022,2
271-365,95,-80.905,143.404,140.878,8.9886,12.1743,0.172,gapfilled,DLinear,BASE+arable,2022,2
1-7,0,,,,,,,observed,LSTM,BASE+arable,2022,2
8-30,0,,,,,,,observed,LSTM,BASE+arable,2022,2
31-90,0,,,,,,,observed,LSTM,BASE+arable,2022,2
91-180,0,,,,,,,observed,LSTM,BASE+arable,2022,2
181-270,0,,,,,,,observed,LSTM,BASE+arable,2022,2
271-365,0,,,,,,,observed,LSTM,BASE+arable,2022,2
1-7,7,-2.908,10.69,9.248,1.1454,0.7215,0.203,gapfilled,LSTM,BASE+arable,2022,2
8-30,23,-1.159,24.492,23.052,1.2762,1.4595,-0.457,gapfilled,LSTM,BASE+arable,2022,2
31-90,60,-0.575,24.776,13.078,0.5781,0.7315,-0.249,gapfilled,LSTM,BASE+arable,2022,2
91-180,90,-3.112,19.59,14.586,0.8118,1.103,0.081,gapfilled,LSTM,BASE+arable,2022,2
181-270,90,-5.164,38.488,33.847,1.1378,1.3537,0.172,gapfilled,LSTM,BASE+arable,2022,2
271-365,95,-2.708,30.51,25.924,1.6541,2.2403,0.38,gapfilled,LSTM,BASE+arable,2022,2
1-7,0,,,,,,,observed,TFT,BASE+arable,2022,4
8-30,0,,,,,,,observed,TFT,BASE+arable,2022,4
31-90,1,,,,,,,observed,TFT,BASE+arable,2022,4
91-180,75,0.177,30.189,20.883,0.963,1.0419,0.433,observed,TFT,BASE+arable,2022,4
181-270,74,0.232,51.404,32.568,0.9153,0.9482,0.53,observed,TFT,BASE+arable,2022,4
271-365,74,0.161,30.144,19.937,0.8817,0.9426,0.486,observed,TFT,BASE+arable,2022,4
1-7,7,0.006,3.406,3.299,0.8724,0.9981,0.132,gapfilled,TFT,BASE+arable,2022,4
8-30,23,-0.538,2.458,2.214,0.4259,1.0181,0.258,gapfilled,TFT,BASE+arable,2022,4
31-90,60,-3.137,7.78,6.789,0.7993,1.4054,0.102,gapfilled,TFT,BASE+arable,2022,4
91-180,90,0.502,28.528,20.138,0.7718,0.8566,0.771,gapfilled,TFT,BASE+arable,2022,4
181-270,90,0.461,33.865,21.405,0.5599,0.5951,0.685,gapfilled,TFT,BASE+arable,2022,4
271-365,95,0.307,16.829,11.309,0.667,0.7844,0.704,gapfilled,TFT,BASE+arable,2022,4
1-7,0,,,,,,,observed,DLinear,BASE+arable,2022,4
8-30,0,,,,,,,observed,DLinear,BASE+arable,2022,4
31-90,1,,,,,,,observed,DLinear,BASE+arable,2022,4
91-180,75,-0.861,45.392,33.059,1.5245,1.6493,0.056,observed,DLinear,BASE+arable,2022,4
181-270,74,-0.034,59.659,45.455,1.2775,1.3234,0.486,observed,DLinear,BASE+arable,2022,4
271-365,74,-0.974,46.245,37.61,1.6632,1.7782,0.406,observed,DLinear,BASE+arable,2022,4
1-7,7,-56.747,25.956,22.345,5.9096,6.7609,0.122,gapfilled,DLinear,BASE+arable,2022,4
8-30,23,-241.511,30.861,25.508,4.9074,11.7324,-0.26,gapfilled,DLinear,BASE+arable,2022,4
31-90,60,-54.418,28.472,24.492,2.8836,5.0704,-0.107,gapfilled,DLinear,BASE+arable,2022,4
91-180,90,-0.424,48.256,35.511,1.361,1.5105,0.124,gapfilled,DLinear,BASE+arable,2022,4
181-270,90,0.181,41.765,31.698,0.8292,0.8812,0.626,gapfilled,DLinear,BASE+arable,2022,4
271-365,95,-2.361,37.057,29.571,1.7442,2.051,0.577,gapfilled,DLinear,BASE+arable,2022,4
1-7,0,,,,,,,observed,LSTM,BASE+arable,2022,4
8-30,0,,,,,,,observed,LSTM,BASE+arable,2022,4
31-90,1,,,,,,,observed,LSTM,BASE+arable,2022,4
91-180,75,-0.755,44.087,31.255,1.4413,1.5594,0.259,observed,LSTM,BASE+arable,2022,4
181-270,74,-0.123,62.182,46.19,1.2981,1.3448,0.472,observed,LSTM,BASE+arable,2022,4
271-365,74,-0.108,34.644,22.765,1.0067,1.0763,0.42,observed,LSTM,BASE+arable,2022,4
1-7,7,-2.497,6.388,5.732,1.5161,1.7345,0.695,gapfilled,LSTM,BASE+arable,2022,4
8-30,23,-28.304,10.728,8.635,1.6613,3.9716,-0.293,gapfilled,LSTM,BASE+arable,2022,4
31-90,60,-11.05,13.277,9.455,1.1131,1.9573,-0.174,gapfilled,LSTM,BASE+arable,2022,4
91-180,90,-0.553,50.407,35.525,1.3615,1.511,0.476,gapfilled,LSTM,BASE+arable,2022,4
181-270,90,-0.064,47.58,37.32,0.9763,1.0375,0.578,gapfilled,LSTM,BASE+arable,2022,4
271-365,95,-0.498,24.74,15.322,0.9038,1.0627,0.546,gapfilled,LSTM,BASE+arable,2022,4
1-7,0,,,,,,,observed,TFT,BASE+arable,2022,9
8-30,0,,,,,,,observed,TFT,BASE+arable,2022,9
31-90,14,-0.038,15.301,12.089,0.9445,0.9765,0.381,observed,TFT,BASE+arable,2022,9
91-180,84,-0.967,26.146,19.167,1.2476,1.2937,-0.154,observed,TFT,BASE+arable,2022,9
181-270,84,-0.261,53.94,44.559,1.1798,1.1946,0.492,observed,TFT,BASE+arable,2022,9
271-365,89,0.067,46.807,29.84,0.9859,1.0051,0.364,observed,TFT,BASE+arable,2022,9
1-7,7,-3.217,4.041,3.572,2.3968,1.7983,-0.237,gapfilled,TFT,BASE+arable,2022,9
8-30,23,-0.67,3.944,3.425,0.7207,0.935,0.074,gapfilled,TFT,BASE+arable,2022,9
31-90,60,-1.198,9.698,7.946,0.9198,1.0521,-0.096,gapfilled,TFT,BASE+arable,2022,9
91-180,90,-2.296,24.933,18.2,1.3741,1.4666,-0.302,gapfilled,TFT,BASE+arable,2022,9
181-270,90,0.16,43.637,33.331,0.7746,0.7875,0.631,gapfilled,TFT,BASE+arable,2022,9
271-365,95,0.01,34.224,23.953,0.8391,0.8689,0.422,gapfilled,TFT,BASE+arable,2022,9
1-7,0,,,,,,,observed,DLinear,BASE+arable,2022,9
8-30,0,,,,,,,observed,DLinear,BASE+arable,2022,9
31-90,14,-6.741,41.788,35.566,2.7786,2.8729,0.044,observed,DLinear,BASE+arable,2022,9
91-180,84,-2.942,37.014,30.87,2.0093,2.0836,0.158,observed,DLinear,BASE+arable,2022,9
181-270,84,-0.355,55.898,47.619,1.2608,1.2767,0.494,observed,DLinear,BASE+arable,2022,9
271-365,89,-0.579,60.887,49.391,1.6319,1.6636,0.14,observed,DLinear,BASE+arable,2022,9
1-7,7,-31.538,11.223,8.68,5.8241,4.3698,-0.002,gapfilled,DLinear,BASE+arable,2022,9
8-30,23,-29.107,16.746,14.175,2.9827,3.8698,-0.626,gapfilled,DLinear,BASE+arable,2022,9
31-90,60,-20.047,30.006,25.536,2.956,3.3813,0.201,gapfilled,DLinear,BASE+arable,2022,9
91-180,90,-5.165,34.099,29.112,2.1979,2.3458,0.057,gapfilled,DLinear,BASE+arable,2022,9
181-270,90,0.091,45.401,38.582,0.8966,0.9116,0.659,gapfilled,DLinear,BASE+arable,2022,9
271-365,95,-1.05,49.24,41.231,1.4443,1.4956,0.218,gapfilled,DLinear,BASE+arable,2022,9
1-7,0,,,,,,,observed,LSTM,BASE+arable,2022,9
8-30,0,,,,,,,observed,LSTM,BASE+arable,2022,9
31-90,14,-0.381,17.653,15.559,1.2155,1.2568,-0.142,observed,LSTM,BASE+arable,2022,9
91-180,84,-7.947,55.763,42.166,2.7445,2.8459,0.127,observed,LSTM,BASE+arable,2022,9
181-270,84,-0.789,64.24,49.355,1.3068,1.3232,0.484,observed,LSTM,BASE+arable,2022,9
271-365,89,-0.028,49.136,32.718,1.081,1.102,0.307,observed,LSTM,BASE+arable,2022,9
1-7,7,-99.124,19.687,16.901,11.34,8.5084,-0.349,gapfilled,LSTM,BASE+arable,2022,9
8-30,23,-70.777,25.857,25.001,5.2608,6.8256,-0.166,gapfilled,LSTM,BASE+arable,2022,9
31-90,60,-6.87,18.348,15.045,1.7416,1.9922,-0.281,gapfilled,LSTM,BASE+arable,2022,9
91-180,90,-12.813,51.041,36.721,2.7724,2.959,0.173,gapfilled,LSTM,BASE+arable,2022,9
181-270,90,-0.104,50.039,39.192,0.9108,0.926,0.688,gapfilled,LSTM,BASE+arable,2022,9
271-365,95,-0.05,35.229,25.184,0.8822,0.9135,0.528,gapfilled,LSTM,BASE+arable,2022,9
1-7,0,,,,,,,observed,TFT,BASE+flow,2022,2
8-30,0,,,,,,,observed,TFT,BASE+flow,2022,2
31-90,0,,,,,,,observed,TFT,BASE+flow,2022,2
91-180,0,,,,,,,observed,TFT,BASE+flow,2022,2
181-270,0,,,,,,,observed,TFT,BASE+flow,2022,2
271-365,0,,,,,,,observed,TFT,BASE+flow,2022,2
1-7,7,-67.708,44.823,44.382,5.4967,3.4623,0.104,gapfilled,TFT,BASE+flow,2022,2
8-30,23,-2.607,31.658,25.897,1.4337,1.6396,-0.443,gapfilled,TFT,BASE+flow,2022,2
31-90,60,-0.614,25.086,14.408,0.6369,0.8059,-0.277,gapfilled,TFT,BASE+flow,2022,2
91-180,90,-2.292,17.528,12.741,0.7091,0.9635,-0.21,gapfilled,TFT,BASE+flow,2022,2
181-270,90,-2.739,29.976,24.535,0.8248,0.9813,-0.081,gapfilled,TFT,BASE+flow,2022,2
271-365,95,-0.832,21.449,15.432,0.9846,1.3336,0.094,gapfilled,TFT,BASE+flow,2022,2
1-7,0,,,,,,,observed,DLinear,BASE+flow,2022,2
8-30,0,,,,,,,observed,DLinear,BASE+flow,2022,2
31-90,0,,,,,,,observed,DLinear,BASE+flow,2022,2
91-180,0,,,,,,,observed,DLinear,BASE+flow,2022,2
181-270,0,,,,,,,observed,DLinear,BASE+flow,2022,2
271-365,0,,,,,,,observed,DLinear,BASE+flow,2022,2
1-7,7,-26.623,28.421,26.495,3.2815,2.0669,0.284,gapfilled,DLinear,BASE+flow,2022,2
8-30,23,-1.432,25.995,22.012,1.2186,1.3937,-0.52,gapfilled,DLinear,BASE+flow,2022,2
31-90,60,-3.518,41.966,36.339,1.6063,2.0325,0.197,gapfilled,DLinear,BASE+flow,2022,2
91-180,90,-10.037,32.096,27.941,1.555,2.113,-0.214,gapfilled,DLinear,BASE+flow,2022,2
181-270,90,-3.873,34.22,29.757,1.0003,1.1902,0.314,gapfilled,DLinear,BASE+flow,2022,2
271-365,95,-3.682,34.285,29.603,1.8888,2.5583,0.142,gapfilled,DLinear,BASE+flow,2022,2
1-7,0,,,,,,,observed,LSTM,BASE+flow,2022,2
8-30,0,,,,,,,observed,LSTM,BASE+flow,2022,2
31-90,0,,,,,,,observed,LSTM,BASE+flow,2022,2
91-180,0,,,,,,,observed,LSTM,BASE+flow,2022,2
181-270,0,,,,,,,observed,LSTM,BASE+flow,2022,2
271-365,0,,,,,,,observed,LSTM,BASE+flow,2022,2
1-7,7,-3.549,11.533,10.316,1.2777,0.8048,0.336,gapfilled,LSTM,BASE+flow,2022,2
8-30,23,-0.487,20.327,19.219,1.064,1.2168,-0.434,gapfilled,LSTM,BASE+flow,2022,2
31-90,60,-0.642,25.304,15.025,0.6641,0.8404,-0.09,gapfilled,LSTM,BASE+flow,2022,2
91-180,90,-3.758,21.074,16.648,0.9265,1.2589,0.207,gapfilled,LSTM,BASE+flow,2022,2
181-270,90,-3.19,31.729,27.799,0.9345,1.1119,0.335,gapfilled,LSTM,BASE+flow,2022,2
271-365,95,-1.429,24.695,19.468,1.2422,1.6824,0.343,gapfilled,LSTM,BASE+flow,2022,2
1-7,0,,,,,,,observed,TFT,BASE+flow,2022,4
8-30,0,,,,,,,observed,TFT,BASE+flow,2022,4
31-90,1,,,,,,,observed,TFT,BASE+flow,2022,4
91-180,75,0.155,30.582,21.409,0.9873,1.0681,0.411,observed,TFT,BASE+flow,2022,4
181-270,74,0.234,51.356,32.788,0.9215,0.9546,0.535,observed,TFT,BASE+flow,2022,4
271-365,74,0.148,30.388,19.992,0.8841,0.9452,0.487,observed,TFT,BASE+flow,2022,4
1-7,7,0.116,3.212,2.929,0.7747,0.8863,0.504,gapfilled,TFT,BASE+flow,2022,4
8-30,23,-1.618,3.207,2.897,0.5573,1.3324,0.313,gapfilled,TFT,BASE+flow,2022,4
31-90,60,-3.583,8.187,7.12,0.8383,1.474,-0.253,gapfilled,TFT,BASE+flow,2022,4
91-180,90,0.48,29.172,20.665,0.792,0.879,0.745,gapfilled,TFT,BASE+flow,2022,4
181-270,90,0.46,33.908,21.529,0.5632,0.5985,0.685,gapfilled,TFT,BASE+flow,2022,4
271-365,95,0.27,17.276,11.648,0.6871,0.8079,0.705,gapfilled,TFT,BASE+flow,2022,4
1-7,0,,,,,,,observed,DLinear,BASE+flow,2022,4
8-30,0,,,,,,,observed,DLinear,BASE+flow,2022,4
31-90,1,,,,,,,observed,DLinear,BASE+flow,2022,4
91-180,75,-0.855,45.324,32.733,1.5095,1.6331,0.059,observed,DLinear,BASE+flow,2022,4
181-270,74,0.01,58.392,44.055,1.2381,1.2826,0.49,observed,DLinear,BASE+flow,2022,4
271-365,74,-0.88,45.128,36.318,1.6061,1.7171,0.416,observed,DLinear,BASE+flow,2022,4
1-7,7,-178.925,45.817,43.231,11.4334,13.0805,0.384,gapfilled,DLinear,BASE+flow,2022,4
8-30,23,-891.862,59.215,51.435,9.8954,23.6572,-0.201,gapfilled,DLinear,BASE+flow,2022,4
31-90,60,-57.515,29.256,24.389,2.8715,5.0491,-0.095,gapfilled,DLinear,BASE+flow,2022,4
91-180,90,-0.398,47.824,35.23,1.3502,1.4985,0.12,gapfilled,DLinear,BASE+flow,2022,4
181-270,90,0.206,41.123,31.293,0.8186,0.87,0.626,gapfilled,DLinear,BASE+flow,2022,4
271-365,95,-2.167,35.974,28.683,1.6919,1.9895,0.584,gapfilled,DLinear,BASE+flow,2022,4
1-7,0,,,,,,,observed,LSTM,BASE+flow,2022,4
8-30,0,,,,,,,observed,LSTM,BASE+flow,2022,4
31-90,1,,,,,,,observed,LSTM,BASE+flow,2022,4
91-180,75,-0.153,35.741,25.479,1.175,1.2712,0.283,observed,LSTM,BASE+flow,2022,4
181-270,74,-0.327,67.592,49.047,1.3784,1.4279,0.467,observed,LSTM,BASE+flow,2022,4
271-365,74,-0.18,35.752,24.525,1.0846,1.1595,0.39,observed,LSTM,BASE+flow,2022,4
1-7,7,-7.473,9.943,9.556,2.5274,2.8915,0.601,gapfilled,LSTM,BASE+flow,2022,4
8-30,23,-3.346,4.131,3.077,0.592,1.4154,-0.186,gapfilled,LSTM,BASE+flow,2022,4
31-90,60,-10.016,12.694,9.922,1.1682,2.0541,-0.157,gapfilled,LSTM,BASE+flow,2022,4
91-180,90,0.199,36.205,27.282,1.0456,1.1604,0.523,gapfilled,LSTM,BASE+flow,2022,4
181-270,90,-0.285,52.295,39.45,1.032,1.0967,0.589,gapfilled,LSTM,BASE+flow,2022,4
271-365,95,-0.66,26.045,17.373,1.0247,1.2049,0.505,gapfilled,LSTM,BASE+flow,2022,4
1-7,0,,,,,,,observed,TFT,BASE+flow,2022,9
8-30,0,,,,,,,observed,TFT,BASE+flow,2022,9
31-90,14,0.009,14.951,11.729,0.9163,0.9474,0.493,observed,TFT,BASE+flow,2022,9
91-180,84,-1.102,27.026,20.073,1.3065,1.3548,-0.142,observed,TFT,BASE+flow,2022,9
181-270,84,-0.323,55.252,45.832,1.2135,1.2288,0.48,observed,TFT,BASE+flow,2022,9
271-365,89,0.049,47.253,30.511,1.0081,1.0276,0.365,observed,TFT,BASE+flow,2022,9
1-7,7,-5.542,5.032,4.184,2.8073,2.1064,-0.633,gapfilled,TFT,BASE+flow,2022,9
8-30,23,-1.69,5.006,4.48,0.9428,1.2232,-0.128,gapfilled,TFT,BASE+flow,2022,9
31-90,60,-1.207,9.717,7.975,0.9232,1.0561,-0.093,gapfilled,TFT,BASE+flow,2022,9
91-180,90,-2.549,25.872,19.062,1.4391,1.536,-0.285,gapfilled,TFT,BASE+flow,2022,9
181-270,90,0.116,44.769,34.451,0.8006,0.814,0.626,gapfilled,TFT,BASE+flow,2022,9
271-365,95,-0.026,34.829,24.404,0.8549,0.8852,0.426,gapfilled,TFT,BASE+flow,2022,9
1-7,0,,,,,,,observed,DLinear,BASE+flow,2022,9
8-30,0,,,,,,,observed,DLinear,BASE+flow,2022,9
31-90,14,-8.253,45.687,38.116,2.9778,3.0789,0.03,observed,DLinear,BASE+flow,2022,9
91-180,84,-2.975,37.17,30.428,1.9805,2.0537,0.167,observed,DLinear,BASE+flow,2022,9
181-270,84,-0.471,58.258,49.981,1.3234,1.34,0.483,observed,DLinear,BASE+flow,2022,9
271-365,89,-0.718,63.519,52.426,1.7321,1.7658,0.136,observed,DLinear,BASE+flow,2022,9
1-7,7,-37.287,12.174,10.539,7.0713,5.3056,-0.121,gapfilled,DLinear,BASE+flow,2022,9
8-30,23,-21.531,14.487,11.299,2.3777,3.0849,-0.196,gapfilled,DLinear,BASE+flow,2022,9
31-90,60,-18.963,29.222,23.228,2.6888,3.0757,0.287,gapfilled,DLinear,BASE+flow,2022,9
91-180,90,-5.173,34.12,28.709,2.1675,2.3134,0.052,gapfilled,DLinear,BASE+flow,2022,9
181-270,90,-0.009,47.843,41.079,0.9547,0.9706,0.649,gapfilled,DLinear,BASE+flow,2022,9
271-365,95,-1.313,52.298,43.922,1.5386,1.5933,0.212,gapfilled,DLinear,BASE+flow,2022,9
1-7,0,,,,,,,observed,LSTM,BASE+flow,2022,9
8-30,0,,,,,,,observed,LSTM,BASE+flow,2022,9
31-90,14,-0.357,17.496,14.885,1.1629,1.2024,-0.17,observed,LSTM,BASE+flow,2022,9
91-180,84,-9.218,59.591,44.355,2.887,2.9937,0.084,observed,LSTM,BASE+flow,2022,9
181-270,84,-1.001,67.948,52.815,1.3984,1.416,0.459,observed,LSTM,BASE+flow,2022,9
271-365,89,-0.162,52.223,37.083,1.2252,1.249,0.282,observed,LSTM,BASE+flow,2022,9
1-7,7,-53.701,14.552,13.313,8.9328,6.7023,-0.121,gapfilled,LSTM,BASE+flow,2022,9
8-30,23,-50.306,21.861,20.787,4.3742,5.6753,-0.11,gapfilled,LSTM,BASE+flow,2022,9
31-90,60,-5.474,16.642,14.51,1.6797,1.9213,-0.385,gapfilled,LSTM,BASE+flow,2022,9
91-180,90,-14.945,54.838,39.051,2.9483,3.1467,0.099,gapfilled,LSTM,BASE+flow,2022,9
181-270,90,-0.275,53.774,41.974,0.9755,0.9917,0.658,gapfilled,LSTM,BASE+flow,2022,9
271-365,95,-0.263,38.654,29.096,1.0192,1.0554,0.498,gapfilled,LSTM,BASE+flow,2022,9
1-7,0,,,,,,,observed,TFT,BASE+mgmt,2022,2
8-30,0,,,,,,,observed,TFT,BASE+mgmt,2022,2
31-90,0,,,,,,,observed,TFT,BASE+mgmt,2022,2
91-180,0,,,,,,,observed,TFT,BASE+mgmt,2022,2
181-270,0,,,,,,,observed,TFT,BASE+mgmt,2022,2
271-365,0,,,,,,,observed,TFT,BASE+mgmt,2022,2
1-7,7,-17.893,23.505,22.961,2.8438,1.7912,0.395,gapfilled,TFT,BASE+mgmt,2022,2
8-30,23,-0.059,17.155,11.571,0.6405,0.7326,0.39,gapfilled,TFT,BASE+mgmt,2022,2
31-90,60,-0.031,20.049,8.979,0.3969,0.5022,0.339,gapfilled,TFT,BASE+mgmt,2022,2
91-180,90,-1.363,14.851,11.39,0.6339,0.8613,0.188,gapfilled,TFT,BASE+mgmt,2022,2
181-270,90,-0.816,20.89,17.822,0.5991,0.7128,-0.011,gapfilled,TFT,BASE+mgmt,2022,2
271-365,95,-0.014,15.955,11.122,0.7096,0.9611,0.297,gapfilled,TFT,BASE+mgmt,2022,2
1-7,0,,,,,,,observed,DLinear,BASE+mgmt,2022,2
8-30,0,,,,,,,observed,DLinear,BASE+mgmt,2022,2
31-90,0,,,,,,,observed,DLinear,BASE+mgmt,2022,2
91-180,0,,,,,,,observed,DLinear,BASE+mgmt,2022,2
181-270,0,,,,,,,observed,DLinear,BASE+mgmt,2022,2
271-365,0,,,,,,,observed,DLinear,BASE+mgmt,2022,2
1-7,7,-43.164,35.936,34.406,4.2612,2.684,0.072,gapfilled,DLinear,BASE+mgmt,2022,2
8-30,23,-1.181,24.617,19.751,1.0934,1.2505,-0.706,gapfilled,DLinear,BASE+mgmt,2022,2
31-90,60,-2.755,38.26,33.806,1.4943,1.8909,0.117,gapfilled,DLinear,BASE+mgmt,2022,2
91-180,90,-7.347,27.912,22.342,1.2434,1.6895,-0.078,gapfilled,DLinear,BASE+mgmt,2022,2
181-270,90,-3.461,32.741,26.619,0.8948,1.0647,0.179,gapfilled,DLinear,BASE+mgmt,2022,2
271-365,95,-3.001,31.695,26.87,1.7145,2.3221,0.174,gapfilled,DLinear,BASE+mgmt,2022,2
1-7,0,,,,,,,observed,LSTM,BASE+mgmt,2022,2
8-30,0,,,,,,,observed,LSTM,BASE+mgmt,2022,2
31-90,0,,,,,,,observed,LSTM,BASE+mgmt,2022,2
91-180,0,,,,,,,observed,LSTM,BASE+mgmt,2022,2
181-270,0,,,,,,,observed,LSTM,BASE+mgmt,2022,2
271-365,0,,,,,,,observed,LSTM,BASE+mgmt,2022,2
1-7,7,-5.873,14.177,12.556,1.5551,0.9795,-0.381,gapfilled,LSTM,BASE+mgmt,2022,2
8-30,23,-0.078,17.305,16.097,0.8911,1.0191,0.07,gapfilled,LSTM,BASE+mgmt,2022,2
31-90,60,0.083,18.91,11.94,0.5278,0.6679,0.535,gapfilled,LSTM,BASE+mgmt,2022,2
91-180,90,-2.719,18.631,14.765,0.8218,1.1166,0.346,gapfilled,LSTM,BASE+mgmt,2022,2
181-270,90,-2.098,27.283,22.861,0.7685,0.9144,0.301,gapfilled,LSTM,BASE+mgmt,2022,2
271-365,95,-0.371,18.553,12.191,0.7778,1.0535,0.385,gapfilled,LSTM,BASE+mgmt,2022,2
1-7,0,,,,,,,observed,TFT,BASE+mgmt,2022,4
8-30,0,,,,,,,observed,TFT,BASE+mgmt,2022,4
31-90,1,,,,,,,observed,TFT,BASE+mgmt,2022,4
91-180,75,0.393,25.927,18.169,0.8378,0.9064,0.634,observed,TFT,BASE+mgmt,2022,4
181-270,74,-0.246,65.493,46.507,1.307,1.354,0.472,observed,TFT,BASE+mgmt,2022,4
271-365,74,-1.124,47.972,33.02,1.4602,1.5611,0.408,observed,TFT,BASE+mgmt,2022,4
1-7,7,-15.232,13.761,13.437,3.5538,4.0658,0.695,gapfilled,TFT,BASE+mgmt,2022,4
8-30,23,-41.14,12.864,12.516,2.4079,5.7566,0.527,gapfilled,TFT,BASE+mgmt,2022,4
31-90,60,-1.736,6.327,5.13,0.6039,1.062,0.139,gapfilled,TFT,BASE+mgmt,2022,4
91-180,90,0.788,18.6,13.597,0.5211,0.5783,0.891,gapfilled,TFT,BASE+mgmt,2022,4
181-270,90,-0.07,47.717,33.007,0.8634,0.9176,0.598,gapfilled,TFT,BASE+mgmt,2022,4
271-365,95,-2.49,37.762,24.256,1.4308,1.6824,0.603,gapfilled,TFT,BASE+mgmt,2022,4
1-7,0,,,,,,,observed,DLinear,BASE+mgmt,2022,4
8-30,0,,,,,,,observed,DLinear,BASE+mgmt,2022,4
31-90,1,,,,,,,observed,DLinear,BASE+mgmt,2022,4
91-180,75,-1.041,47.547,35.883,1.6547,1.7902,0.062,observed,DLinear,BASE+mgmt,2022,4
181-270,74,0.059,56.901,42.399,1.1916,1.2344,0.472,observed,DLinear,BASE+mgmt,2022,4
271-365,74,-1.047,47.1,39.041,1.7264,1.8458,0.411,observed,DLinear,BASE+mgmt,2022,4
1-7,7,-27.161,18.126,14.933,3.9493,4.5182,0.168,gapfilled,DLinear,BASE+mgmt,2022,4
8-30,23,-218.401,29.353,25.677,4.9399,11.8098,-0.226,gapfilled,DLinear,BASE+mgmt,2022,4
31-90,60,-47.809,26.72,23.356,2.7498,4.8351,-0.029,gapfilled,DLinear,BASE+mgmt,2022,4
91-180,90,-0.463,48.924,38.213,1.4646,1.6254,0.16,gapfilled,DLinear,BASE+mgmt,2022,4
181-270,90,0.245,40.094,31.445,0.8226,0.8742,0.612,gapfilled,DLinear,BASE+mgmt,2022,4
271-365,95,-2.525,37.951,30.839,1.819,2.139,0.575,gapfilled,DLinear,BASE+mgmt,2022,4
1-7,0,,,,,,,observed,LSTM,BASE+mgmt,2022,4
8-30,0,,,,,,,observed,LSTM,BASE+mgmt,2022,4
31-90,1,,,,,,,observed,LSTM,BASE+mgmt,2022,4
91-180,75,-0.135,35.458,25.314,1.1674,1.263,0.229,observed,LSTM,BASE+mgmt,2022,4
181-270,74,0.014,58.265,42.201,1.186,1.2286,0.406,observed,LSTM,BASE+mgmt,2022,4
271-365,74,-0.141,35.159,24.549,1.0856,1.1606,0.323,observed,LSTM,BASE+mgmt,2022,4
1-7,7,-2.47,6.363,5.131,1.3569,1.5524,0.884,gapfilled,LSTM,BASE+mgmt,2022,4
8-30,23,-16.993,8.406,7.423,1.4281,3.4142,0.055,gapfilled,LSTM,BASE+mgmt,2022,4
31-90,60,-7.737,11.305,9.008,1.0606,1.8649,0.369,gapfilled,LSTM,BASE+mgmt,2022,4
91-180,90,0.165,36.963,25.911,0.9931,1.1021,0.428,gapfilled,LSTM,BASE+mgmt,2022,4
181-270,90,0.089,44.04,32.083,0.8393,0.8919,0.475,gapfilled,LSTM,BASE+mgmt,2022,4
271-365,95,-0.504,24.79,17.373,1.0247,1.205,0.44,gapfilled,LSTM,BASE+mgmt,2022,4
1-7,0,,,,,,,observed,TFT,BASE+mgmt,2022,9
8-30,0,,,,,,,observed,TFT,BASE+mgmt,2022,9
31-90,14,0.229,13.191,9.761,0.7626,0.7885,0.513,observed,TFT,BASE+mgmt,2022,9
91-180,84,-4.417,43.389,33.938,2.2089,2.2906,0.175,observed,TFT,BASE+mgmt,2022,9
181-270,84,-0.697,62.575,50.263,1.3308,1.3476,0.536,observed,TFT,BASE+mgmt,2022,9
271-365,89,-0.298,55.207,35.255,1.1648,1.1874,0.277,observed,TFT,BASE+mgmt,2022,9
1-7,7,-8.555,6.082,5.601,3.7583,2.8199,0.258,gapfilled,TFT,BASE+mgmt,2022,9
8-30,23,-0.36,3.56,3.05,0.6418,0.8327,0.029,gapfilled,TFT,BASE+mgmt,2022,9
31-90,60,-0.647,8.394,6.161,0.7132,0.8158,-0.018,gapfilled,TFT,BASE+mgmt,2022,9
91-180,90,-7.185,39.29,29.809,2.2506,2.402,0.263,gapfilled,TFT,BASE+mgmt,2022,9
181-270,90,-0.111,50.199,38.259,0.8891,0.9039,0.685,gapfilled,TFT,BASE+mgmt,2022,9
271-365,95,-0.505,42.182,29.48,1.0327,1.0694,0.42,gapfilled,TFT,BASE+mgmt,2022,9
1-7,0,,,,,,,observed,DLinear,BASE+mgmt,2022,9
8-30,0,,,,,,,observed,DLinear,BASE+mgmt,2022,9
31-90,14,-3.975,33.499,28.808,2.2506,2.327,0.072,observed,DLinear,BASE+mgmt,2022,9
91-180,84,-2.536,35.054,28.782,1.8733,1.9426,0.143,observed,DLinear,BASE+mgmt,2022,9
181-270,84,-0.2,52.62,44.961,1.1905,1.2054,0.506,observed,DLinear,BASE+mgmt,2022,9
271-365,89,-0.52,59.731,48.693,1.6088,1.64,0.176,observed,DLinear,BASE+mgmt,2022,9
1-7,7,-29.427,10.853,8.689,5.83,4.3743,-0.028,gapfilled,DLinear,BASE+mgmt,2022,9
8-30,23,-59.853,23.809,22.292,4.6908,6.086,-0.476,gapfilled,DLinear,BASE+mgmt,2022,9
31-90,60,-15.177,26.306,23.523,2.723,3.1148,0.2,gapfilled,DLinear,BASE+mgmt,2022,9
91-180,90,-4.306,31.635,26.401,1.9932,2.1273,0.107,gapfilled,DLinear,BASE+mgmt,2022,9
181-270,90,0.193,42.787,35.871,0.8336,0.8475,0.653,gapfilled,DLinear,BASE+mgmt,2022,9
271-365,95,-0.978,48.363,40.273,1.4108,1.4609,0.248,gapfilled,DLinear,BASE+mgmt,2022,9
1-7,0,,,,,,,observed,LSTM,BASE+mgmt,2022,9
8-30,0,,,,,,,observed,LSTM,BASE+mgmt,2022,9
31-90,14,-0.498,18.384,14.024,1.0956,1.1328,-0.08,observed,LSTM,BASE+mgmt,2022,9
91-180,84,-5.935,49.095,36.431,2.3712,2.4589,0.092,observed,LSTM,BASE+mgmt,2022,9
181-270,84,-2.934,95.259,75.045,1.987,2.012,0.313,observed,LSTM,BASE+mgmt,2022,9
271-365,89,-0.456,58.461,36.062,1.1915,1.2146,0.03,observed,LSTM,BASE+mgmt,2022,9
1-7,7,-38.919,12.431,10.969,7.3602,5.5223,-0.213,gapfilled,LSTM,BASE+mgmt,2022,9
8-30,23,-26.972,16.142,15.368,3.2338,4.1956,-0.126,gapfilled,LSTM,BASE+mgmt,2022,9
31-90,60,-3.343,13.63,10.513,1.217,1.3921,-0.117,gapfilled,LSTM,BASE+mgmt,2022,9
91-180,90,-10.506,46.583,33.373,2.5196,2.6892,0.02,gapfilled,LSTM,BASE+mgmt,2022,9
181-270,90,-2.043,83.073,67.191,1.5615,1.5875,0.475,gapfilled,LSTM,BASE+mgmt,2022,9
271-365,95,-0.724,45.151,29.472,1.0324,1.0691,0.265,gapfilled,LSTM,BASE+mgmt,2022,9
1-7,0,,,,,,,observed,TFT,BASE+bodyweight,2022,2
8-30,0,,,,,,,observed,TFT,BASE+bodyweight,2022,2
31-90,0,,,,,,,observed,TFT,BASE+bodyweight,2022,2
91-180,0,,,,,,,observed,TFT,BASE+bodyweight,2022,2
181-270,0,,,,,,,observed,TFT,BASE+bodyweight,2022,2
271-365,0,,,,,,,observed,TFT,BASE+bodyweight,2022,2
1-7,7,-52.865,39.687,39.131,4.8465,3.0527,-0.091,gapfilled,TFT,BASE+bodyweight,2022,2
8-30,23,-1.73,27.541,21.644,1.1982,1.3704,-0.025,gapfilled,TFT,BASE+bodyweight,2022,2
31-90,60,0.023,19.52,11.901,0.5261,0.6657,0.271,gapfilled,TFT,BASE+bodyweight,2022,2
91-180,90,-0.211,10.631,7.313,0.407,0.553,0.296,gapfilled,TFT,BASE+bodyweight,2022,2
181-270,90,-1.283,23.423,19.336,0.65,0.7734,0.017,gapfilled,TFT,BASE+bodyweight,2022,2
271-365,95,-0.281,17.937,12.883,0.822,1.1133,0.178,gapfilled,TFT,BASE+bodyweight,2022,2
1-7,0,,,,,,,observed,DLinear,BASE+bodyweight,2022,2
8-30,0,,,,,,,observed,DLinear,BASE+bodyweight,2022,2
31-90,0,,,,,,,observed,DLinear,BASE+bodyweight,2022,2
91-180,0,,,,,,,observed,DLinear,BASE+bodyweight,2022,2
181-270,0,,,,,,,observed,DLinear,BASE+bodyweight,2022,2
271-365,0,,,,,,,observed,DLinear,BASE+bodyweight,2022,2
1-7,7,-13.816,20.814,18.24,2.2591,1.4229,0.283,gapfilled,DLinear,BASE+bodyweight,2022,2
8-30,23,-0.734,21.945,18.493,1.0238,1.1709,-0.204,gapfilled,DLinear,BASE+bodyweight,2022,2
31-90,60,-2.949,39.236,33.957,1.501,1.8993,0.227,gapfilled,DLinear,BASE+bodyweight,2022,2
91-180,90,-5.324,24.296,20.057,1.1162,1.5167,-0.126,gapfilled,DLinear,BASE+bodyweight,2022,2
181-270,90,-1.118,22.56,18.817,0.6326,0.7526,0.409,gapfilled,DLinear,BASE+bodyweight,2022,2
271-365,95,-2.336,28.94,23.999,1.5312,2.0739,0.184,gapfilled,DLinear,BASE+bodyweight,2022,2
1-7,0,,,,,,,observed,LSTM,BASE+bodyweight,2022,2
8-30,0,,,,,,,observed,LSTM,BASE+bodyweight,2022,2
31-90,0,,,,,,,observed,LSTM,BASE+bodyweight,2022,2
91-180,0,,,,,,,observed,LSTM,BASE+bodyweight,2022,2
181-270,0,,,,,,,observed,LSTM,BASE+bodyweight,2022,2
271-365,0,,,,,,,observed,LSTM,BASE+bodyweight,2022,2
1-7,7,-4.367,12.528,9.456,1.1712,0.7377,0.126,gapfilled,LSTM,BASE+bodyweight,2022,2
8-30,23,-1.69,27.339,23.981,1.3276,1.5183,0.265,gapfilled,LSTM,BASE+bodyweight,2022,2
31-90,60,-0.654,25.391,15.979,0.7063,0.8938,-0.045,gapfilled,LSTM,BASE+bodyweight,2022,2
91-180,90,-5.232,24.118,19.096,1.0628,1.4441,0.139,gapfilled,LSTM,BASE+bodyweight,2022,2
181-270,90,-6.422,42.232,36.152,1.2153,1.4459,0.233,gapfilled,LSTM,BASE+bodyweight,2022,2
271-365,95,-3.975,35.344,31.083,1.9832,2.6861,0.372,gapfilled,LSTM,BASE+bodyweight,2022,2
1-7,0,,,,,,,observed,TFT,BASE+bodyweight,2022,4
8-30,0,,,,,,,observed,TFT,BASE+bodyweight,2022,4
31-90,1,,,,,,,observed,TFT,BASE+bodyweight,2022,4
91-180,75,0.193,29.902,22.87,1.0546,1.141,0.547,observed,TFT,BASE+bodyweight,2022,4
181-270,74,0.081,56.232,41.207,1.1581,1.1997,0.581,observed,TFT,BASE+bodyweight,2022,4
271-365,74,-0.163,35.501,25.68,1.1356,1.2141,0.5,observed,TFT,BASE+bodyweight,2022,4
1-7,7,-15.267,13.776,13.426,3.5508,4.0624,0.497,gapfilled,TFT,BASE+bodyweight,2022,4
8-30,23,-31.251,11.254,11.081,2.1319,5.0969,0.356,gapfilled,TFT,BASE+bodyweight,2022,4
31-90,60,-2.718,7.375,6.382,0.7513,1.3211,0.323,gapfilled,TFT,BASE+bodyweight,2022,4
91-180,90,0.572,26.465,19.558,0.7496,0.8319,0.825,gapfilled,TFT,BASE+bodyweight,2022,4
181-270,90,0.331,37.74,27.8,0.7272,0.7729,0.727,gapfilled,TFT,BASE+bodyweight,2022,4
271-365,95,-0.327,23.289,17.452,1.0294,1.2105,0.746,gapfilled,TFT,BASE+bodyweight,2022,4
1-7,0,,,,,,,observed,DLinear,BASE+bodyweight,2022,4
8-30,0,,,,,,,observed,DLinear,BASE+bodyweight,2022,4
31-90,1,,,,,,,observed,DLinear,BASE+bodyweight,2022,4
91-180,75,-0.906,45.938,33.368,1.5388,1.6647,0.046,observed,DLinear,BASE+bodyweight,2022,4
181-270,74,-0.026,59.419,45.495,1.2786,1.3245,0.492,observed,DLinear,BASE+bodyweight,2022,4
271-365,74,-0.988,46.416,38.108,1.6852,1.8017,0.39,observed,DLinear,BASE+bodyweight,2022,4
1-7,7,-60.161,26.713,23.299,6.1621,7.0497,0.125,gapfilled,DLinear,BASE+bodyweight,2022,4
8-30,23,-260.74,32.061,26.719,5.1405,12.2894,-0.25,gapfilled,DLinear,BASE+bodyweight,2022,4
31-90,60,-62.673,30.519,26.624,3.1346,5.5117,-0.134,gapfilled,DLinear,BASE+bodyweight,2022,4
91-180,90,-0.437,48.478,35.915,1.3765,1.5276,0.123,gapfilled,DLinear,BASE+bodyweight,2022,4
181-270,90,0.194,41.413,31.005,0.8111,0.862,0.627,gapfilled,DLinear,BASE+bodyweight,2022,4
271-365,95,-2.335,36.916,29.832,1.7596,2.0691,0.56,gapfilled,DLinear,BASE+bodyweight,2022,4
1-7,0,,,,,,,observed,LSTM,BASE+bodyweight,2022,4
8-30,0,,,,,,,observed,LSTM,BASE+bodyweight,2022,4
31-90,1,,,,,,,observed,LSTM,BASE+bodyweight,2022,4
91-180,75,-3.904,73.698,43.176,1.9911,2.1541,0.037,observed,LSTM,BASE+bodyweight,2022,4
181-270,74,-0.176,63.622,44.511,1.251,1.2959,0.336,observed,LSTM,BASE+bodyweight,2022,4
271-365,74,-0.162,35.488,22.79,1.0078,1.0775,0.313,observed,LSTM,BASE+bodyweight,2022,4
1-7,7,-0.949,4.769,3.885,1.0275,1.1756,0.798,gapfilled,LSTM,BASE+bodyweight,2022,4
8-30,23,-11.053,6.88,6.125,1.1784,2.8172,0.0,gapfilled,LSTM,BASE+bodyweight,2022,4
31-90,60,-8.79,11.967,9.668,1.1383,2.0015,0.014,gapfilled,LSTM,BASE+bodyweight,2022,4
91-180,90,-2.355,74.08,46.198,1.7706,1.965,0.204,gapfilled,LSTM,BASE+bodyweight,2022,4
181-270,90,-0.27,52.002,37.508,0.9812,1.0428,0.401,gapfilled,LSTM,BASE+bodyweight,2022,4
271-365,95,-0.627,25.788,16.539,0.9755,1.1471,0.387,gapfilled,LSTM,BASE+bodyweight,2022,4
1-7,0,,,,,,,observed,TFT,BASE+bodyweight,2022,9
8-30,0,,,,,,,observed,TFT,BASE+bodyweight,2022,9
31-90,14,-0.293,17.081,13.649,1.0663,1.1025,0.316,observed,TFT,BASE+bodyweight,2022,9
91-180,84,-0.783,24.894,18.804,1.2239,1.2691,-0.055,observed,TFT,BASE+bodyweight,2022,9
181-270,84,-1.332,73.351,59.356,1.5716,1.5913,0.446,observed,TFT,BASE+bodyweight,2022,9
271-365,89,-0.292,55.081,38.495,1.2719,1.2966,0.36,observed,TFT,BASE+bodyweight,2022,9
1-7,7,-44.708,13.302,13.048,8.7549,6.5688,-0.221,gapfilled,TFT,BASE+bodyweight,2022,9
8-30,23,-6.352,8.275,7.642,1.6081,2.0865,0.027,gapfilled,TFT,BASE+bodyweight,2022,9
31-90,60,-0.845,8.884,7.025,0.8132,0.9302,0.025,gapfilled,TFT,BASE+bodyweight,2022,9
91-180,90,-1.287,20.767,16.233,1.2256,1.308,-0.178,gapfilled,TFT,BASE+bodyweight,2022,9
181-270,90,-0.613,60.493,48.097,1.1177,1.1364,0.622,gapfilled,TFT,BASE+bodyweight,2022,9
271-365,95,-0.651,44.188,31.397,1.0998,1.1389,0.429,gapfilled,TFT,BASE+bodyweight,2022,9
1-7,0,,,,,,,observed,DLinear,BASE+bodyweight,2022,9
8-30,0,,,,,,,observed,DLinear,BASE+bodyweight,2022,9
31-90,14,-7.717,44.344,37.804,2.9534,3.0537,0.042,observed,DLinear,BASE+bodyweight,2022,9
91-180,84,-2.941,37.007,30.473,1.9834,2.0568,0.177,observed,DLinear,BASE+bodyweight,2022,9
181-270,84,-0.354,55.893,47.521,1.2582,1.2741,0.46,observed,DLinear,BASE+bodyweight,2022,9
271-365,89,-0.683,62.869,52.708,1.7414,1.7753,0.085,observed,DLinear,BASE+bodyweight,2022,9
1-7,7,-29.16,10.805,8.212,5.5104,4.1344,0.013,gapfilled,DLinear,BASE+bodyweight,2022,9
8-30,23,-27.793,16.377,13.191,2.7757,3.6013,-0.625,gapfilled,DLinear,BASE+bodyweight,2022,9
31-90,60,-23.094,32.104,27.703,3.2069,3.6683,0.199,gapfilled,DLinear,BASE+bodyweight,2022,9
91-180,90,-5.093,33.9,28.52,2.1533,2.2981,0.088,gapfilled,DLinear,BASE+bodyweight,2022,9
181-270,90,0.082,45.637,38.564,0.8962,0.9112,0.627,gapfilled,DLinear,BASE+bodyweight,2022,9
271-365,95,-1.205,51.066,44.29,1.5515,1.6066,0.174,gapfilled,DLinear,BASE+bodyweight,2022,9
1-7,0,,,,,,,observed,LSTM,BASE+bodyweight,2022,9
8-30,0,,,,,,,observed,LSTM,BASE+bodyweight,2022,9
31-90,14,-0.117,15.876,12.479,0.9749,1.008,0.297,observed,LSTM,BASE+bodyweight,2022,9
91-180,84,-1.446,29.155,23.196,1.5098,1.5656,0.253,observed,LSTM,BASE+bodyweight,2022,9
181-270,84,-0.958,67.214,49.663,1.315,1.3315,0.436,observed,LSTM,BASE+bodyweight,2022,9
271-365,89,-0.136,51.635,33.908,1.1203,1.1421,0.182,observed,LSTM,BASE+bodyweight,2022,9
1-7,7,-124.119,22.008,20.041,13.4473,10.0896,-0.197,gapfilled,LSTM,BASE+bodyweight,2022,9
8-30,23,-100.252,30.711,29.745,6.259,8.1207,-0.229,gapfilled,LSTM,BASE+bodyweight,2022,9
31-90,60,-4.398,15.195,11.8,1.366,1.5625,-0.167,gapfilled,LSTM,BASE+bodyweight,2022,9
91-180,90,-2.096,24.165,19.021,1.436,1.5327,0.347,gapfilled,LSTM,BASE+bodyweight,2022,9
181-270,90,-0.282,53.921,41.205,0.9576,0.9735,0.669,gapfilled,LSTM,BASE+bodyweight,2022,9
271-365,95,-0.211,37.847,28.371,0.9938,1.0291,0.381,gapfilled,LSTM,BASE+bodyweight,2022,9
1-7,0,,,,,,,observed,TFT,BASE+ALL,2022,2
8-30,0,,,,,,,observed,TFT,BASE+ALL,2022,2
31-90,0,,,,,,,observed,TFT,BASE+ALL,2022,2
91-180,0,,,,,,,observed,TFT,BASE+ALL,2022,2
181-270,0,,,,,,,observed,TFT,BASE+ALL,2022,2
271-365,0,,,,,,,observed,TFT,BASE+ALL,2022,2
1-7,7,-10.244,18.133,14.681,1.8182,1.1453,-0.255,gapfilled,TFT,BASE+ALL,2022,2
8-30,23,-0.519,20.544,16.57,0.9173,1.0491,-0.261,gapfilled,TFT,BASE+ALL,2022,2
31-90,60,-0.718,25.882,13.7,0.6056,0.7663,-0.198,gapfilled,TFT,BASE+ALL,2022,2
91-180,90,-2.529,18.149,14.323,0.7971,1.0831,0.24,gapfilled,TFT,BASE+ALL,2022,2
181-270,90,-1.893,26.366,21.655,0.728,0.8661,0.072,gapfilled,TFT,BASE+ALL,2022,2
271-365,95,-0.43,18.947,12.015,0.7666,1.0383,0.145,gapfilled,TFT,BASE+ALL,2022,2
1-7,0,,,,,,,observed,DLinear,BASE+ALL,2022,2
8-30,0,,,,,,,observed,DLinear,BASE+ALL,2022,2
31-90,0,,,,,,,observed,DLinear,BASE+ALL,2022,2
91-180,0,,,,,,,observed,DLinear,BASE+ALL,2022,2
181-270,0,,,,,,,observed,DLinear,BASE+ALL,2022,2
271-365,0,,,,,,,observed,DLinear,BASE+ALL,2022,2
1-7,7,-8.214,16.414,15.25,1.8888,1.1897,0.707,gapfilled,DLinear,BASE+ALL,2022,2
8-30,23,-16.765,70.252,64.85,3.5901,4.1059,-0.667,gapfilled,DLinear,BASE+ALL,2022,2
31-90,60,-3.686,42.741,34.044,1.5048,1.9042,0.116,gapfilled,DLinear,BASE+ALL,2022,2
91-180,90,-41.853,63.243,57.799,3.2168,4.3709,-0.035,gapfilled,DLinear,BASE+ALL,2022,2
181-270,90,-4.783,37.276,34.055,1.1448,1.3621,0.424,gapfilled,DLinear,BASE+ALL,2022,2
271-365,95,-7.958,47.424,39.553,2.5237,3.4181,0.134,gapfilled,DLinear,BASE+ALL,2022,2
1-7,0,,,,,,,observed,LSTM,BASE+ALL,2022,2
8-30,0,,,,,,,observed,LSTM,BASE+ALL,2022,2
31-90,0,,,,,,,observed,LSTM,BASE+ALL,2022,2
91-180,0,,,,,,,observed,LSTM,BASE+ALL,2022,2
181-270,0,,,,,,,observed,LSTM,BASE+ALL,2022,2
271-365,0,,,,,,,observed,LSTM,BASE+ALL,2022,2
1-7,7,-2.683,10.378,9.341,1.1569,0.7287,-0.101,gapfilled,LSTM,BASE+ALL,2022,2
8-30,23,-1.901,28.39,25.59,1.4167,1.6202,-0.279,gapfilled,LSTM,BASE+ALL,2022,2
31-90,60,-0.794,26.443,18.352,0.8112,1.0265,0.206,gapfilled,LSTM,BASE+ALL,2022,2
91-180,90,-7.338,27.896,22.849,1.2716,1.7279,-0.029,gapfilled,LSTM,BASE+ALL,2022,2
181-270,90,-9.558,50.37,46.591,1.5662,1.8635,0.132,gapfilled,LSTM,BASE+ALL,2022,2
271-365,95,-2.182,28.268,22.368,1.4272,1.933,0.204,gapfilled,LSTM,BASE+ALL,2022,2
1-7,0,,,,,,,observed,TFT,BASE+ALL,2022,4
8-30,0,,,,,,,observed,TFT,BASE+ALL,2022,4
31-90,1,,,,,,,observed,TFT,BASE+ALL,2022,4
91-180,75,0.125,31.125,19.991,0.9219,0.9974,0.404,observed,TFT,BASE+ALL,2022,4
181-270,74,-0.702,76.552,44.416,1.2483,1.2931,0.47,observed,TFT,BASE+ALL,2022,4
271-365,74,-1.032,46.922,27.954,1.2362,1.3216,0.276,observed,TFT,BASE+ALL,2022,4
1-7,7,-17.924,14.859,12.073,3.193,3.6529,-0.12,gapfilled,TFT,BASE+ALL,2022,4
8-30,23,-44.041,13.3,11.83,2.276,5.4412,-0.263,gapfilled,TFT,BASE+ALL,2022,4
31-90,60,-8.625,11.866,10.35,1.2185,2.1426,0.314,gapfilled,TFT,BASE+ALL,2022,4
91-180,90,0.212,35.906,20.7,0.7934,0.8805,0.641,gapfilled,TFT,BASE+ALL,2022,4
181-270,90,-0.902,63.634,33.841,0.8853,0.9408,0.509,gapfilled,TFT,BASE+ALL,2022,4
271-365,95,-2.449,37.54,20.726,1.2225,1.4376,0.325,gapfilled,TFT,BASE+ALL,2022,4
1-7,0,,,,,,,observed,DLinear,BASE+ALL,2022,4
8-30,0,,,,,,,observed,DLinear,BASE+ALL,2022,4
31-90,1,,,,,,,observed,DLinear,BASE+ALL,2022,4
91-180,75,-1.138,48.664,38.265,1.7646,1.9091,0.055,observed,DLinear,BASE+ALL,2022,4
181-270,74,0.081,56.236,40.922,1.1501,1.1914,0.483,observed,DLinear,BASE+ALL,2022,4
271-365,74,-0.917,45.579,36.626,1.6196,1.7316,0.405,observed,DLinear,BASE+ALL,2022,4
1-7,7,-105.353,35.225,33.127,8.7614,10.0235,0.298,gapfilled,DLinear,BASE+ALL,2022,4
8-30,23,-491.3,43.97,37.469,7.2085,17.2335,-0.134,gapfilled,DLinear,BASE+ALL,2022,4
31-90,60,-49.425,27.159,22.516,2.651,4.6614,0.153,gapfilled,DLinear,BASE+ALL,2022,4
91-180,90,-0.431,48.386,39.251,1.5043,1.6695,0.231,gapfilled,DLinear,BASE+ALL,2022,4
181-270,90,0.299,38.637,29.057,0.7601,0.8078,0.632,gapfilled,DLinear,BASE+ALL,2022,4
271-365,95,-2.098,35.582,27.951,1.6487,1.9386,0.584,gapfilled,DLinear,BASE+ALL,2022,4
1-7,0,,,,,,,observed,LSTM,BASE+ALL,2022,4
8-30,0,,,,,,,observed,LSTM,BASE+ALL,2022,4
31-90,1,,,,,,,observed,LSTM,BASE+ALL,2022,4
91-180,75,-0.088,34.707,26.201,1.2083,1.3072,0.483,observed,LSTM,BASE+ALL,2022,4
181-270,74,-0.049,60.098,44.675,1.2556,1.3007,0.4,observed,LSTM,BASE+ALL,2022,4
271-365,74,0.171,29.972,19.732,0.8726,0.9329,0.466,observed,LSTM,BASE+ALL,2022,4
1-7,7,-4.086,7.703,5.901,1.5607,1.7855,-0.649,gapfilled,LSTM,BASE+ALL,2022,4
8-30,23,-19.829,9.044,7.844,1.5091,3.6078,-0.363,gapfilled,LSTM,BASE+ALL,2022,4
31-90,60,-4.101,8.638,6.985,0.8224,1.446,0.623,gapfilled,LSTM,BASE+ALL,2022,4
91-180,90,0.439,30.29,23.363,0.8954,0.9937,0.712,gapfilled,LSTM,BASE+ALL,2022,4
181-270,90,0.053,44.891,32.457,0.8491,0.9023,0.494,gapfilled,LSTM,BASE+ALL,2022,4
271-365,95,0.222,17.833,11.471,0.6766,0.7956,0.612,gapfilled,LSTM,BASE+ALL,2022,4
1-7,0,,,,,,,observed,TFT,BASE+ALL,2022,9
8-30,0,,,,,,,observed,TFT,BASE+ALL,2022,9
31-90,14,0.037,14.735,11.936,0.9325,0.9642,0.599,observed,TFT,BASE+ALL,2022,9
91-180,84,-0.44,22.368,17.822,1.16,1.2029,-0.008,observed,TFT,BASE+ALL,2022,9
181-270,84,-0.292,54.6,44.067,1.1668,1.1814,0.329,observed,TFT,BASE+ALL,2022,9
271-365,89,-0.214,53.393,32.948,1.0886,1.1097,0.041,observed,TFT,BASE+ALL,2022,9
1-7,7,-127.921,22.34,21.845,14.6572,10.9973,0.437,gapfilled,TFT,BASE+ALL,2022,9
8-30,23,-6.217,8.199,6.857,1.4428,1.872,0.03,gapfilled,TFT,BASE+ALL,2022,9
31-90,60,-1.488,10.316,6.917,0.8007,0.9159,0.183,gapfilled,TFT,BASE+ALL,2022,9
91-180,90,-1.017,19.503,15.589,1.177,1.2562,-0.034,gapfilled,TFT,BASE+ALL,2022,9
181-270,90,0.18,43.12,35.293,0.8202,0.8338,0.558,gapfilled,TFT,BASE+ALL,2022,9
271-365,95,-0.704,44.896,29.507,1.0336,1.0704,0.25,gapfilled,TFT,BASE+ALL,2022,9
1-7,0,,,,,,,observed,DLinear,BASE+ALL,2022,9
8-30,0,,,,,,,observed,DLinear,BASE+ALL,2022,9
31-90,14,-5.603,38.594,31.593,2.4682,2.552,0.093,observed,DLinear,BASE+ALL,2022,9
91-180,84,-2.188,33.285,26.769,1.7423,1.8068,0.21,observed,DLinear,BASE+ALL,2022,9
181-270,84,-0.359,55.98,47.656,1.2618,1.2777,0.479,observed,DLinear,BASE+ALL,2022,9
271-365,89,-0.658,62.394,53.379,1.7636,1.7979,0.137,observed,DLinear,BASE+ALL,2022,9
1-7,7,-17.863,8.545,7.469,5.0117,3.7603,-0.358,gapfilled,DLinear,BASE+ALL,2022,9
8-30,23,-23.66,15.156,12.753,2.6836,3.4818,-0.012,gapfilled,DLinear,BASE+ALL,2022,9
31-90,60,-16.171,27.102,21.723,2.5147,2.8765,0.302,gapfilled,DLinear,BASE+ALL,2022,9
91-180,90,-3.852,30.25,24.667,1.8623,1.9876,0.115,gapfilled,DLinear,BASE+ALL,2022,9
181-270,90,0.036,46.757,38.783,0.9013,0.9163,0.607,gapfilled,DLinear,BASE+ALL,2022,9
271-365,95,-1.174,50.698,44.591,1.562,1.6175,0.249,gapfilled,DLinear,BASE+ALL,2022,9
1-7,0,,,,,,,observed,LSTM,BASE+ALL,2022,9
8-30,0,,,,,,,observed,LSTM,BASE+ALL,2022,9
31-90,14,-1.537,23.924,18.913,1.4776,1.5278,-0.401,observed,LSTM,BASE+ALL,2022,9
91-180,84,-2.333,34.033,27.887,1.8151,1.8822,0.078,observed,LSTM,BASE+ALL,2022,9
181-270,84,-1.34,73.468,54.609,1.4459,1.4641,0.499,observed,LSTM,BASE+ALL,2022,9
271-365,89,-0.129,51.496,36.683,1.212,1.2355,0.272,observed,LSTM,BASE+ALL,2022,9
1-7,7,-78.204,17.51,16.176,10.8536,8.1435,-0.531,gapfilled,LSTM,BASE+ALL,2022,9
8-30,23,-44.538,20.596,20.116,4.233,5.492,-0.355,gapfilled,LSTM,BASE+ALL,2022,9
31-90,60,-5.038,16.071,12.562,1.4542,1.6635,-0.138,gapfilled,LSTM,BASE+ALL,2022,9
91-180,90,-3.715,29.821,23.882,1.8031,1.9244,0.093,gapfilled,LSTM,BASE+ALL,2022,9
181-270,90,-0.645,61.081,46.7,1.0853,1.1034,0.724,gapfilled,LSTM,BASE+ALL,2022,9
271-365,95,-0.15,36.877,29.778,1.0431,1.0802,0.48,gapfilled,LSTM,BASE+ALL,2022,9
