bin,n,R2,RMSE,MAE,MASE,WAPE,Correlation,model,config,anchor_year,tower
1-7,6,-2.723,18.935,18.706,0.5091,1.0294,0.978,RF,BASE,2018,2
8-30,21,-0.259,11.758,11.241,0.2413,1.2072,0.065,RF,BASE,2018,2
31-90,32,-1.185,19.007,15.847,0.3484,1.3646,-0.196,RF,BASE,2018,2
91-180,43,-0.721,29.965,22.916,0.3727,1.4462,0.184,RF,BASE,2018,2
181-270,0,,,,,,,RF,BASE,2018,2
271-365,0,,,,,,,RF,BASE,2018,2
1-7,6,-2.532,18.444,17.909,0.4874,0.9855,0.92,XGB,BASE,2018,2
8-30,21,0.08,10.05,9.227,0.1981,0.9908,0.532,XGB,BASE,2018,2
31-90,32,-0.612,16.328,12.656,0.2783,1.0899,-0.126,XGB,BASE,2018,2
91-180,43,-0.697,29.751,22.603,0.3677,1.4265,0.214,XGB,BASE,2018,2
181-270,0,,,,,,,XGB,BASE,2018,2
271-365,0,,,,,,,XGB,BASE,2018,2
1-7,6,-2.183,17.508,16.925,0.4606,0.9314,0.89,LightGBM,BASE,2018,2
8-30,21,-0.009,10.526,9.791,0.2102,1.0515,0.419,LightGBM,BASE,2018,2
31-90,32,-0.652,16.528,12.852,0.2826,1.1067,-0.227,LightGBM,BASE,2018,2
91-180,43,-0.628,29.14,22.006,0.3579,1.3888,0.272,LightGBM,BASE,2018,2
181-270,0,,,,,,,LightGBM,BASE,2018,2
271-365,0,,,,,,,LightGBM,BASE,2018,2
1-7,6,-1.087,14.179,12.876,0.3504,0.7086,0.803,SARIMAX,BASE,2018,2
8-30,21,-2.926,20.765,18.305,0.393,1.9657,0.067,SARIMAX,BASE,2018,2
31-90,32,-3.521,27.341,25.472,0.56,2.1934,0.17,SARIMAX,BASE,2018,2
91-180,43,-3.496,48.427,43.274,0.7039,2.731,-0.138,SARIMAX,BASE,2018,2
181-270,0,,,,,,,SARIMAX,BASE,2018,2
271-365,0,,,,,,,SARIMAX,BASE,2018,2
1-7,6,-1.94,16.826,16.604,0.4519,0.9137,0.961,Ensemble_unweighted,BASE,2018,2
8-30,21,-0.427,12.518,11.64,0.2499,1.25,0.476,Ensemble_unweighted,BASE,2018,2
31-90,32,-1.099,18.629,15.965,0.351,1.3748,-0.132,Ensemble_unweighted,BASE,2018,2
91-180,43,-1.189,33.792,27.137,0.4414,1.7126,0.149,Ensemble_unweighted,BASE,2018,2
181-270,0,,,,,,,Ensemble_unweighted,BASE,2018,2
271-365,0,,,,,,,Ensemble_unweighted,BASE,2018,2
1-7,6,-1.953,16.865,16.638,0.4528,0.9156,0.96,Ensemble_MASEweighted,BASE,2018,2
8-30,21,-0.406,12.427,11.569,0.2484,1.2424,0.477,Ensemble_MASEweighted,BASE,2018,2
31-90,32,-1.077,18.531,15.844,0.3483,1.3644,-0.134,Ensemble_MASEweighted,BASE,2018,2
91-180,43,-1.168,33.631,26.954,0.4384,1.7011,0.154,Ensemble_MASEweighted,BASE,2018,2
181-270,0,,,,,,,Ensemble_MASEweighted,BASE,2018,2
271-365,0,,,,,,,Ensemble_MASEweighted,BASE,2018,2
1-7,1,,,,,,,RF,BASE,2018,4
8-30,7,-0.86,11.651,11.25,0.7416,1.6087,0.511,RF,BASE,2018,4
31-90,33,0.045,15.667,13.789,0.8395,1.1302,0.533,RF,BASE,2018,4
91-180,83,-0.79,25.665,19.423,1.0658,1.572,0.232,RF,BASE,2018,4
181-270,72,0.149,73.553,55.814,0.9135,0.7989,0.391,RF,BASE,2018,4
271-365,67,-0.048,63.463,37.022,1.2161,1.2046,0.065,RF,BASE,2018,4
1-7,1,,,,,,,XGB,BASE,2018,4
8-30,7,-0.089,8.916,7.835,0.5165,1.1204,0.605,XGB,BASE,2018,4
31-90,33,0.03,15.787,12.084,0.7357,0.9905,0.244,XGB,BASE,2018,4
91-180,83,-0.349,22.279,15.765,0.8651,1.276,0.218,XGB,BASE,2018,4
181-270,72,0.071,76.832,57.067,0.934,0.8168,0.291,XGB,BASE,2018,4
271-365,67,0.066,59.894,30.811,1.0121,1.0025,0.276,XGB,BASE,2018,4
1-7,1,,,,,,,LightGBM,BASE,2018,4
8-30,7,-0.453,10.297,9.643,0.6357,1.3789,0.618,LightGBM,BASE,2018,4
31-90,33,0.088,15.309,11.496,0.6999,0.9423,0.323,LightGBM,BASE,2018,4
91-180,83,-0.508,23.556,16.737,0.9184,1.3546,0.183,LightGBM,BASE,2018,4
181-270,72,0.129,74.379,55.103,0.9019,0.7887,0.376,LightGBM,BASE,2018,4
271-365,67,0.059,60.12,30.408,0.9989,0.9894,0.262,LightGBM,BASE,2018,4
1-7,1,,,,,,,SARIMAX,BASE,2018,4
8-30,7,-1.881,14.501,13.479,0.8885,1.9275,0.555,SARIMAX,BASE,2018,4
31-90,33,-0.161,17.28,15.233,0.9274,1.2486,0.327,SARIMAX,BASE,2018,4
91-180,83,-0.926,26.617,22.108,1.2131,1.7893,0.213,SARIMAX,BASE,2018,4
181-270,72,0.034,78.363,64.108,1.0493,0.9176,0.32,SARIMAX,BASE,2018,4
271-365,67,-0.17,67.054,43.147,1.4174,1.4038,0.114,SARIMAX,BASE,2018,4
1-7,1,,,,,,,Ensemble_unweighted,BASE,2018,4
8-30,7,-0.687,11.097,10.552,0.6956,1.5089,0.659,Ensemble_unweighted,BASE,2018,4
31-90,33,0.052,15.612,12.947,0.7882,1.0612,0.406,Ensemble_unweighted,BASE,2018,4
91-180,83,-0.582,24.126,18.238,1.0008,1.4761,0.222,Ensemble_unweighted,BASE,2018,4
181-270,72,0.122,74.682,57.455,0.9404,0.8224,0.35,Ensemble_unweighted,BASE,2018,4
271-365,67,0.009,61.716,34.215,1.1239,1.1132,0.167,Ensemble_unweighted,BASE,2018,4
1-7,1,,,,,,,Ensemble_MASEweighted,BASE,2018,4
8-30,7,-0.67,11.041,10.493,0.6917,1.5005,0.661,Ensemble_MASEweighted,BASE,2018,4
31-90,33,0.054,15.599,12.905,0.7857,1.0578,0.402,Ensemble_MASEweighted,BASE,2018,4
91-180,83,-0.576,24.079,18.168,0.9969,1.4704,0.222,Ensemble_MASEweighted,BASE,2018,4
181-270,72,0.122,74.689,57.393,0.9394,0.8215,0.35,Ensemble_MASEweighted,BASE,2018,4
271-365,67,0.011,61.645,34.093,1.1199,1.1093,0.169,Ensemble_MASEweighted,BASE,2018,4
1-7,0,,,,,,,RF,BASE,2018,9
8-30,0,,,,,,,RF,BASE,2018,9
31-90,0,,,,,,,RF,BASE,2018,9
91-180,0,,,,,,,RF,BASE,2018,9
181-270,0,,,,,,,RF,BASE,2018,9
271-365,0,,,,,,,RF,BASE,2018,9
1-7,0,,,,,,,XGB,BASE,2018,9
8-30,0,,,,,,,XGB,BASE,2018,9
31-90,0,,,,,,,XGB,BASE,2018,9
91-180,0,,,,,,,XGB,BASE,2018,9
181-270,0,,,,,,,XGB,BASE,2018,9
271-365,0,,,,,,,XGB,BASE,2018,9
1-7,0,,,,,,,LightGBM,BASE,2018,9
8-30,0,,,,,,,LightGBM,BASE,2018,9
31-90,0,,,,,,,LightGBM,BASE,2018,9
91-180,0,,,,,,,LightGBM,BASE,2018,9
181-270,0,,,,,,,LightGBM,BASE,2018,9
271-365,0,,,,,,,LightGBM,BASE,2018,9
1-7,0,,,,,,,SARIMAX,BASE,2018,9
8-30,0,,,,,,,SARIMAX,BASE,2018,9
31-90,0,,,,,,,SARIMAX,BASE,2018,9
91-180,0,,,,,,,SARIMAX,BASE,2018,9
181-270,0,,,,,,,SARIMAX,BASE,2018,9
271-365,0,,,,,,,SARIMAX,BASE,2018,9
1-7,0,,,,,,,Ensemble_unweighted,BASE,2018,9
8-30,0,,,,,,,Ensemble_unweighted,BASE,2018,9
31-90,0,,,,,,,Ensemble_unweighted,BASE,2018,9
91-180,0,,,,,,,Ensemble_unweighted,BASE,2018,9
181-270,0,,,,,,,Ensemble_unweighted,BASE,2018,9
271-365,0,,,,,,,Ensemble_unweighted,BASE,2018,9
1-7,0,,,,,,,Ensemble_MASEweighted,BASE,2018,9
8-30,0,,,,,,,Ensemble_MASEweighted,BASE,2018,9
31-90,0,,,,,,,Ensemble_MASEweighted,BASE,2018,9
91-180,0,,,,,,,Ensemble_MASEweighted,BASE,2018,9
181-270,0,,,,,,,Ensemble_MASEweighted,BASE,2018,9
271-365,0,,,,,,,Ensemble_MASEweighted,BASE,2018,9
1-7,6,-2.701,18.879,18.566,0.5053,1.0217,0.969,RF,BASE+species,2018,2
8-30,21,-0.293,11.918,11.396,0.2447,1.2238,-0.027,RF,BASE+species,2018,2
31-90,32,-1.301,19.507,16.297,0.3583,1.4034,-0.198,RF,BASE+species,2018,2
91-180,43,-0.735,30.087,23.046,0.3749,1.4544,0.2,RF,BASE+species,2018,2
181-270,0,,,,,,,RF,BASE+species,2018,2
271-365,0,,,,,,,RF,BASE+species,2018,2
1-7,6,-2.929,19.453,19.012,0.5174,1.0462,0.946,XGB,BASE+species,2018,2
8-30,21,0.07,10.106,9.387,0.2015,1.0081,0.514,XGB,BASE+species,2018,2
31-90,32,-0.623,16.385,12.635,0.2778,1.0881,-0.141,XGB,BASE+species,2018,2
91-180,43,-0.635,29.206,22.021,0.3582,1.3897,0.185,XGB,BASE+species,2018,2
181-270,0,,,,,,,XGB,BASE+species,2018,2
271-365,0,,,,,,,XGB,BASE+species,2018,2
1-7,6,-2.679,18.822,18.282,0.4975,1.0061,0.893,LightGBM,BASE+species,2018,2
8-30,21,0.02,10.375,9.676,0.2077,1.0391,0.47,LightGBM,BASE+species,2018,2
31-90,32,-0.727,16.898,13.147,0.2891,1.1321,-0.223,LightGBM,BASE+species,2018,2
91-180,43,-0.637,29.222,22.199,0.3611,1.401,0.229,LightGBM,BASE+species,2018,2
181-270,0,,,,,,,LightGBM,BASE+species,2018,2
271-365,0,,,,,,,LightGBM,BASE+species,2018,2
1-7,6,-1.087,14.179,12.876,0.3504,0.7086,0.803,SARIMAX,BASE+species,2018,2
8-30,21,-2.926,20.765,18.305,0.393,1.9657,0.067,SARIMAX,BASE+species,2018,2
31-90,32,-3.521,27.341,25.472,0.56,2.1934,0.17,SARIMAX,BASE+species,2018,2
91-180,43,-3.496,48.427,43.274,0.7039,2.731,-0.138,SARIMAX,BASE+species,2018,2
181-270,0,,,,,,,SARIMAX,BASE+species,2018,2
271-365,0,,,,,,,SARIMAX,BASE+species,2018,2
1-7,6,-2.125,17.349,17.184,0.4676,0.9456,0.971,Ensemble_unweighted,BASE+species,2018,2
8-30,21,-0.428,12.522,11.69,0.251,1.2554,0.451,Ensemble_unweighted,BASE+species,2018,2
31-90,32,-1.143,18.826,16.124,0.3545,1.3885,-0.14,Ensemble_unweighted,BASE+species,2018,2
91-180,43,-1.175,33.682,27.012,0.4394,1.7047,0.143,Ensemble_unweighted,BASE+species,2018,2
181-270,0,,,,,,,Ensemble_unweighted,BASE+species,2018,2
271-365,0,,,,,,,Ensemble_unweighted,BASE+species,2018,2
1-7,6,-2.146,17.406,17.237,0.4691,0.9485,0.97,Ensemble_MASEweighted,BASE+species,2018,2
8-30,21,-0.407,12.43,11.619,0.2494,1.2478,0.453,Ensemble_MASEweighted,BASE+species,2018,2
31-90,32,-1.121,18.727,16.001,0.3518,1.3779,-0.142,Ensemble_MASEweighted,BASE+species,2018,2
91-180,43,-1.154,33.515,26.822,0.4363,1.6927,0.147,Ensemble_MASEweighted,BASE+species,2018,2
181-270,0,,,,,,,Ensemble_MASEweighted,BASE+species,2018,2
271-365,0,,,,,,,Ensemble_MASEweighted,BASE+species,2018,2
1-7,1,,,,,,,RF,BASE+species,2018,4
8-30,7,-0.757,11.324,10.904,0.7188,1.5593,0.618,RF,BASE+species,2018,4
31-90,33,0.013,15.932,14.104,0.8587,1.1561,0.516,RF,BASE+species,2018,4
91-180,83,-0.587,24.16,18.043,0.99,1.4603,0.244,RF,BASE+species,2018,4
181-270,72,0.133,74.222,55.702,0.9117,0.7973,0.367,RF,BASE+species,2018,4
271-365,67,-0.028,62.85,35.323,1.1603,1.1493,0.067,RF,BASE+species,2018,4
1-7,1,,,,,,,XGB,BASE+species,2018,4
8-30,7,-0.076,8.862,7.726,0.5093,1.1048,0.457,XGB,BASE+species,2018,4
31-90,33,0.008,15.969,12.43,0.7568,1.0188,0.268,XGB,BASE+species,2018,4
91-180,83,-0.316,22.003,15.483,0.8496,1.2532,0.203,XGB,BASE+species,2018,4
181-270,72,0.093,75.937,57.009,0.9331,0.816,0.317,XGB,BASE+species,2018,4
271-365,67,0.064,59.977,30.839,1.013,1.0034,0.269,XGB,BASE+species,2018,4
1-7,1,,,,,,,LightGBM,BASE+species,2018,4
8-30,7,-0.499,10.46,9.641,0.6356,1.3787,0.633,LightGBM,BASE+species,2018,4
31-90,33,0.053,15.602,11.887,0.7237,0.9744,0.259,LightGBM,BASE+species,2018,4
91-180,83,-0.38,22.532,16.065,0.8815,1.3002,0.158,LightGBM,BASE+species,2018,4
181-270,72,0.132,74.253,55.369,0.9062,0.7925,0.369,LightGBM,BASE+species,2018,4
271-365,67,0.041,60.687,31.222,1.0256,1.0159,0.205,LightGBM,BASE+species,2018,4
1-7,1,,,,,,,SARIMAX,BASE+species,2018,4
8-30,7,-1.881,14.501,13.479,0.8885,1.9275,0.555,SARIMAX,BASE+species,2018,4
31-90,33,-0.161,17.28,15.233,0.9274,1.2486,0.327,SARIMAX,BASE+species,2018,4
91-180,83,-0.926,26.617,22.108,1.2131,1.7893,0.213,SARIMAX,BASE+species,2018,4
181-270,72,0.034,78.363,64.108,1.0493,0.9176,0.32,SARIMAX,BASE+species,2018,4
271-365,67,-0.17,67.054,43.147,1.4174,1.4038,0.114,SARIMAX,BASE+species,2018,4
1-7,1,,,,,,,Ensemble_unweighted,BASE+species,2018,4
8-30,7,-0.652,10.98,10.384,0.6845,1.4849,0.697,Ensemble_unweighted,BASE+species,2018,4
31-90,33,0.031,15.78,13.243,0.8063,1.0855,0.375,Ensemble_unweighted,BASE+species,2018,4
91-180,83,-0.491,23.418,17.63,0.9674,1.4269,0.218,Ensemble_unweighted,BASE+species,2018,4
181-270,72,0.121,74.726,57.56,0.9421,0.8239,0.35,Ensemble_unweighted,BASE+species,2018,4
271-365,67,0.006,61.804,34.045,1.1184,1.1077,0.158,Ensemble_unweighted,BASE+species,2018,4
1-7,1,,,,,,,Ensemble_MASEweighted,BASE+species,2018,4
8-30,7,-0.635,10.925,10.325,0.6806,1.4764,0.698,Ensemble_MASEweighted,BASE+species,2018,4
31-90,33,0.033,15.769,13.202,0.8038,1.0821,0.372,Ensemble_MASEweighted,BASE+species,2018,4
91-180,83,-0.485,23.371,17.56,0.9636,1.4213,0.217,Ensemble_MASEweighted,BASE+species,2018,4
181-270,72,0.121,74.721,57.502,0.9412,0.823,0.35,Ensemble_MASEweighted,BASE+species,2018,4
271-365,67,0.008,61.743,33.939,1.1149,1.1042,0.16,Ensemble_MASEweighted,BASE+species,2018,4
1-7,0,,,,,,,RF,BASE+species,2018,9
8-30,0,,,,,,,RF,BASE+species,2018,9
31-90,0,,,,,,,RF,BASE+species,2018,9
91-180,0,,,,,,,RF,BASE+species,2018,9
181-270,0,,,,,,,RF,BASE+species,2018,9
271-365,0,,,,,,,RF,BASE+species,2018,9
1-7,0,,,,,,,XGB,BASE+species,2018,9
8-30,0,,,,,,,XGB,BASE+species,2018,9
31-90,0,,,,,,,XGB,BASE+species,2018,9
91-180,0,,,,,,,XGB,BASE+species,2018,9
181-270,0,,,,,,,XGB,BASE+species,2018,9
271-365,0,,,,,,,XGB,BASE+species,2018,9
1-7,0,,,,,,,LightGBM,BASE+species,2018,9
8-30,0,,,,,,,LightGBM,BASE+species,2018,9
31-90,0,,,,,,,LightGBM,BASE+species,2018,9
91-180,0,,,,,,,LightGBM,BASE+species,2018,9
181-270,0,,,,,,,LightGBM,BASE+species,2018,9
271-365,0,,,,,,,LightGBM,BASE+species,2018,9
1-7,0,,,,,,,SARIMAX,BASE+species,2018,9
8-30,0,,,,,,,SARIMAX,BASE+species,2018,9
31-90,0,,,,,,,SARIMAX,BASE+species,2018,9
91-180,0,,,,,,,SARIMAX,BASE+species,2018,9
181-270,0,,,,,,,SARIMAX,BASE+species,2018,9
271-365,0,,,,,,,SARIMAX,BASE+species,2018,9
1-7,0,,,,,,,Ensemble_unweighted,BASE+species,2018,9
8-30,0,,,,,,,Ensemble_unweighted,BASE+species,2018,9
31-90,0,,,,,,,Ensemble_unweighted,BASE+species,2018,9
91-180,0,,,,,,,Ensemble_unweighted,BASE+species,2018,9
181-270,0,,,,,,,Ensemble_unweighted,BASE+species,2018,9
271-365,0,,,,,,,Ensemble_unweighted,BASE+species,2018,9
1-7,0,,,,,,,Ensemble_MASEweighted,BASE+species,2018,9
8-30,0,,,,,,,Ensemble_MASEweighted,BASE+species,2018,9
31-90,0,,,,,,,Ensemble_MASEweighted,BASE+species,2018,9
91-180,0,,,,,,,Ensemble_MASEweighted,BASE+species,2018,9
181-270,0,,,,,,,Ensemble_MASEweighted,BASE+species,2018,9
271-365,0,,,,,,,Ensemble_MASEweighted,BASE+species,2018,9
1-7,6,-2.767,19.047,18.761,0.5106,1.0324,0.977,RF,BASE+arable,2018,2
8-30,21,-0.249,11.713,11.182,0.2401,1.2008,-0.026,RF,BASE+arable,2018,2
31-90,32,-1.214,19.135,15.954,0.3508,1.3738,-0.2,RF,BASE+arable,2018,2
91-180,43,-0.725,29.996,22.971,0.3736,1.4497,0.194,RF,BASE+arable,2018,2
181-270,0,,,,,,,RF,BASE+arable,2018,2
271-365,0,,,,,,,RF,BASE+arable,2018,2
1-7,6,-2.609,18.644,18.191,0.495,1.001,0.939,XGB,BASE+arable,2018,2
8-30,21,0.095,9.971,9.222,0.198,0.9903,0.539,XGB,BASE+arable,2018,2
31-90,32,-0.565,16.086,12.444,0.2736,1.0715,-0.135,XGB,BASE+arable,2018,2
91-180,43,-0.637,29.224,22.101,0.3595,1.3948,0.223,XGB,BASE+arable,2018,2
181-270,0,,,,,,,XGB,BASE+arable,2018,2
271-365,0,,,,,,,XGB,BASE+arable,2018,2
1-7,6,-2.183,17.508,16.925,0.4606,0.9314,0.89,LightGBM,BASE+arable,2018,2
8-30,21,-0.009,10.526,9.791,0.2102,1.0515,0.419,LightGBM,BASE+arable,2018,2
31-90,32,-0.652,16.528,12.852,0.2826,1.1067,-0.227,LightGBM,BASE+arable,2018,2
91-180,43,-0.628,29.14,22.006,0.3579,1.3888,0.272,LightGBM,BASE+arable,2018,2
181-270,0,,,,,,,LightGBM,BASE+arable,2018,2
271-365,0,,,,,,,LightGBM,BASE+arable,2018,2
1-7,6,-1.087,14.179,12.876,0.3504,0.7086,0.803,SARIMAX,BASE+arable,2018,2
8-30,21,-2.926,20.765,18.305,0.393,1.9657,0.067,SARIMAX,BASE+arable,2018,2
31-90,32,-3.521,27.341,25.472,0.56,2.1934,0.17,SARIMAX,BASE+arable,2018,2
91-180,43,-3.496,48.427,43.274,0.7039,2.731,-0.138,SARIMAX,BASE+arable,2018,2
181-270,0,,,,,,,SARIMAX,BASE+arable,2018,2
271-365,0,,,,,,,SARIMAX,BASE+arable,2018,2
1-7,6,-1.953,16.865,16.688,0.4542,0.9184,0.969,Ensemble_unweighted,BASE+arable,2018,2
8-30,21,-0.415,12.466,11.624,0.2496,1.2483,0.46,Ensemble_unweighted,BASE+arable,2018,2
31-90,32,-1.079,18.543,15.89,0.3494,1.3683,-0.137,Ensemble_unweighted,BASE+arable,2018,2
91-180,43,-1.171,33.652,26.972,0.4387,1.7022,0.152,Ensemble_unweighted,BASE+arable,2018,2
181-270,0,,,,,,,Ensemble_unweighted,BASE+arable,2018,2
271-365,0,,,,,,,Ensemble_unweighted,BASE+arable,2018,2
1-7,6,-1.967,16.905,16.725,0.4552,0.9204,0.968,Ensemble_MASEweighted,BASE+arable,2018,2
8-30,21,-0.395,12.376,11.554,0.248,1.2407,0.462,Ensemble_MASEweighted,BASE+arable,2018,2
31-90,32,-1.057,18.442,15.765,0.3466,1.3576,-0.139,Ensemble_MASEweighted,BASE+arable,2018,2
91-180,43,-1.15,33.486,26.783,0.4356,1.6902,0.157,Ensemble_MASEweighted,BASE+arable,2018,2
181-270,0,,,,,,,Ensemble_MASEweighted,BASE+arable,2018,2
271-365,0,,,,,,,Ensemble_MASEweighted,BASE+arable,2018,2
1-7,1,,,,,,,RF,BASE+arable,2018,4
8-30,7,-0.568,10.699,10.182,0.6712,1.456,0.623,RF,BASE+arable,2018,4
31-90,33,0.042,15.692,13.885,0.8454,1.1381,0.539,RF,BASE+arable,2018,4
91-180,83,-0.806,25.779,19.62,1.0766,1.588,0.233,RF,BASE+arable,2018,4
181-270,72,0.135,74.135,56.082,0.9179,0.8027,0.375,RF,BASE+arable,2018,4
271-365,67,-0.054,63.642,37.402,1.2286,1.2169,0.071,RF,BASE+arable,2018,4
1-7,1,,,,,,,XGB,BASE+arable,2018,4
8-30,7,-0.084,8.895,7.749,0.5108,1.1081,0.518,XGB,BASE+arable,2018,4
31-90,33,0.017,15.899,12.295,0.7486,1.0078,0.251,XGB,BASE+arable,2018,4
91-180,83,-0.398,22.676,16.217,0.8899,1.3126,0.21,XGB,BASE+arable,2018,4
181-270,72,0.063,77.164,58.826,0.9628,0.842,0.281,XGB,BASE+arable,2018,4
271-365,67,0.064,59.97,30.893,1.0148,1.0052,0.271,XGB,BASE+arable,2018,4
1-7,1,,,,,,,LightGBM,BASE+arable,2018,4
8-30,7,-0.453,10.297,9.643,0.6357,1.3789,0.618,LightGBM,BASE+arable,2018,4
31-90,33,0.088,15.309,11.496,0.6999,0.9423,0.323,LightGBM,BASE+arable,2018,4
91-180,83,-0.508,23.556,16.737,0.9184,1.3546,0.183,LightGBM,BASE+arable,2018,4
181-270,72,0.129,74.379,55.103,0.9019,0.7887,0.376,LightGBM,BASE+arable,2018,4
271-365,67,0.059,60.12,30.408,0.9989,0.9894,0.262,LightGBM,BASE+arable,2018,4
1-7,1,,,,,,,SARIMAX,BASE+arable,2018,4
8-30,7,-1.881,14.501,13.479,0.8885,1.9275,0.555,SARIMAX,BASE+arable,2018,4
31-90,33,-0.161,17.28,15.233,0.9274,1.2486,0.327,SARIMAX,BASE+arable,2018,4
91-180,83,-0.926,26.617,22.108,1.2131,1.7893,0.213,SARIMAX,BASE+arable,2018,4
181-270,72,0.034,78.363,64.108,1.0493,0.9176,0.32,SARIMAX,BASE+arable,2018,4
271-365,67,-0.17,67.054,43.147,1.4174,1.4038,0.114,SARIMAX,BASE+arable,2018,4
1-7,1,,,,,,,Ensemble_unweighted,BASE+arable,2018,4
8-30,7,-0.603,10.816,10.263,0.6765,1.4676,0.652,Ensemble_unweighted,BASE+arable,2018,4
31-90,33,0.047,15.651,13.082,0.7965,1.0723,0.403,Ensemble_unweighted,BASE+arable,2018,4
91-180,83,-0.601,24.271,18.414,1.0104,1.4904,0.22,Ensemble_unweighted,BASE+arable,2018,4
181-270,72,0.116,74.935,57.961,0.9487,0.8296,0.342,Ensemble_unweighted,BASE+arable,2018,4
271-365,67,0.007,61.764,34.309,1.127,1.1163,0.166,Ensemble_unweighted,BASE+arable,2018,4
1-7,1,,,,,,,Ensemble_MASEweighted,BASE+arable,2018,4
8-30,7,-0.588,10.766,10.21,0.673,1.46,0.652,Ensemble_MASEweighted,BASE+arable,2018,4
31-90,33,0.049,15.638,13.039,0.7938,1.0687,0.399,Ensemble_MASEweighted,BASE+arable,2018,4
91-180,83,-0.595,24.227,18.348,1.0068,1.485,0.219,Ensemble_MASEweighted,BASE+arable,2018,4
181-270,72,0.116,74.94,57.912,0.9479,0.8289,0.342,Ensemble_MASEweighted,BASE+arable,2018,4
271-365,67,0.009,61.691,34.186,1.123,1.1123,0.169,Ensemble_MASEweighted,BASE+arable,2018,4
1-7,0,,,,,,,RF,BASE+arable,2018,9
8-30,0,,,,,,,RF,BASE+arable,2018,9
31-90,0,,,,,,,RF,BASE+arable,2018,9
91-180,0,,,,,,,RF,BASE+arable,2018,9
181-270,0,,,,,,,RF,BASE+arable,2018,9
271-365,0,,,,,,,RF,BASE+arable,2018,9
1-7,0,,,,,,,XGB,BASE+arable,2018,9
8-30,0,,,,,,,XGB,BASE+arable,2018,9
31-90,0,,,,,,,XGB,BASE+arable,2018,9
91-180,0,,,,,,,XGB,BASE+arable,2018,9
181-270,0,,,,,,,XGB,BASE+arable,2018,9
271-365,0,,,,,,,XGB,BASE+arable,2018,9
1-7,0,,,,,,,LightGBM,BASE+arable,2018,9
8-30,0,,,,,,,LightGBM,BASE+arable,2018,9
31-90,0,,,,,,,LightGBM,BASE+arable,2018,9
91-180,0,,,,,,,LightGBM,BASE+arable,2018,9
181-270,0,,,,,,,LightGBM,BASE+arable,2018,9
271-365,0,,,,,,,LightGBM,BASE+arable,2018,9
1-7,0,,,,,,,SARIMAX,BASE+arable,2018,9
8-30,0,,,,,,,SARIMAX,BASE+arable,2018,9
31-90,0,,,,,,,SARIMAX,BASE+arable,2018,9
91-180,0,,,,,,,SARIMAX,BASE+arable,2018,9
181-270,0,,,,,,,SARIMAX,BASE+arable,2018,9
271-365,0,,,,,,,SARIMAX,BASE+arable,2018,9
1-7,0,,,,,,,Ensemble_unweighted,BASE+arable,2018,9
8-30,0,,,,,,,Ensemble_unweighted,BASE+arable,2018,9
31-90,0,,,,,,,Ensemble_unweighted,BASE+arable,2018,9
91-180,0,,,,,,,Ensemble_unweighted,BASE+arable,2018,9
181-270,0,,,,,,,Ensemble_unweighted,BASE+arable,2018,9
271-365,0,,,,,,,Ensemble_unweighted,BASE+arable,2018,9
1-7,0,,,,,,,Ensemble_MASEweighted,BASE+arable,2018,9
8-30,0,,,,,,,Ensemble_MASEweighted,BASE+arable,2018,9
31-90,0,,,,,,,Ensemble_MASEweighted,BASE+arable,2018,9
91-180,0,,,,,,,Ensemble_MASEweighted,BASE+arable,2018,9
181-270,0,,,,,,,Ensemble_MASEweighted,BASE+arable,2018,9
271-365,0,,,,,,,Ensemble_MASEweighted,BASE+arable,2018,9
1-7,6,-3.144,19.978,19.73,0.5369,1.0857,0.971,RF,BASE+flow,2018,2
8-30,21,-0.197,11.464,10.919,0.2344,1.1726,0.071,RF,BASE+flow,2018,2
31-90,32,-1.344,19.687,16.463,0.3619,1.4176,-0.216,RF,BASE+flow,2018,2
91-180,43,-0.741,30.131,23.086,0.3755,1.4569,0.185,RF,BASE+flow,2018,2
181-270,0,,,,,,,RF,BASE+flow,2018,2
271-365,0,,,,,,,RF,BASE+flow,2018,2
1-7,6,-3.589,21.023,20.5,0.5579,1.1281,0.91,XGB,BASE+flow,2018,2
8-30,21,0.147,9.679,8.817,0.1893,0.9468,0.579,XGB,BASE+flow,2018,2
31-90,32,-0.951,17.961,13.984,0.3075,1.2042,-0.176,XGB,BASE+flow,2018,2
91-180,43,-0.6,28.887,21.635,0.3519,1.3654,0.192,XGB,BASE+flow,2018,2
181-270,0,,,,,,,XGB,BASE+flow,2018,2
271-365,0,,,,,,,XGB,BASE+flow,2018,2
1-7,6,-2.23,17.637,16.61,0.452,0.9141,0.797,LightGBM,BASE+flow,2018,2
8-30,21,0.075,10.076,9.2,0.1975,0.988,0.459,LightGBM,BASE+flow,2018,2
31-90,32,-0.867,17.571,13.728,0.3018,1.1821,-0.192,LightGBM,BASE+flow,2018,2
91-180,43,-0.585,28.754,21.572,0.3509,1.3614,0.353,LightGBM,BASE+flow,2018,2
181-270,0,,,,,,,LightGBM,BASE+flow,2018,2
271-365,0,,,,,,,LightGBM,BASE+flow,2018,2
1-7,6,-1.087,14.179,12.876,0.3504,0.7086,0.803,SARIMAX,BASE+flow,2018,2
8-30,21,-2.926,20.765,18.305,0.393,1.9657,0.067,SARIMAX,BASE+flow,2018,2
31-90,32,-3.521,27.341,25.472,0.56,2.1934,0.17,SARIMAX,BASE+flow,2018,2
91-180,43,-3.496,48.427,43.274,0.7039,2.731,-0.138,SARIMAX,BASE+flow,2018,2
181-270,0,,,,,,,SARIMAX,BASE+flow,2018,2
271-365,0,,,,,,,SARIMAX,BASE+flow,2018,2
1-7,6,-2.255,17.706,17.429,0.4743,0.9591,0.948,Ensemble_unweighted,BASE+flow,2018,2
8-30,21,-0.337,12.117,11.309,0.2428,1.2145,0.522,Ensemble_unweighted,BASE+flow,2018,2
31-90,32,-1.301,19.508,16.681,0.3667,1.4364,-0.15,Ensemble_unweighted,BASE+flow,2018,2
91-180,43,-1.149,33.48,26.729,0.4348,1.6868,0.159,Ensemble_unweighted,BASE+flow,2018,2
181-270,0,,,,,,,Ensemble_unweighted,BASE+flow,2018,2
271-365,0,,,,,,,Ensemble_unweighted,BASE+flow,2018,2
1-7,6,-2.275,17.761,17.478,0.4757,0.9618,0.947,Ensemble_MASEweighted,BASE+flow,2018,2
8-30,21,-0.316,12.023,11.233,0.2412,1.2063,0.524,Ensemble_MASEweighted,BASE+flow,2018,2
31-90,32,-1.282,19.427,16.572,0.3643,1.4271,-0.152,Ensemble_MASEweighted,BASE+flow,2018,2
91-180,43,-1.127,33.308,26.531,0.4316,1.6744,0.165,Ensemble_MASEweighted,BASE+flow,2018,2
181-270,0,,,,,,,Ensemble_MASEweighted,BASE+flow,2018,2
271-365,0,,,,,,,Ensemble_MASEweighted,BASE+flow,2018,2
1-7,1,,,,,,,RF,BASE+flow,2018,4
8-30,7,-0.505,10.482,10.054,0.6627,1.4376,0.71,RF,BASE+flow,2018,4
31-90,33,0.016,15.908,14.303,0.8708,1.1724,0.541,RF,BASE+flow,2018,4
91-180,83,-0.835,25.984,19.695,1.0807,1.594,0.243,RF,BASE+flow,2018,4
181-270,72,0.133,74.249,55.746,0.9124,0.7979,0.377,RF,BASE+flow,2018,4
271-365,67,-0.056,63.701,37.555,1.2337,1.2219,0.056,RF,BASE+flow,2018,4
1-7,1,,,,,,,XGB,BASE+flow,2018,4
8-30,7,0.013,8.486,7.211,0.4753,1.0311,0.426,XGB,BASE+flow,2018,4
31-90,33,-0.003,16.059,13.025,0.793,1.0676,0.287,XGB,BASE+flow,2018,4
91-180,83,-0.354,22.321,15.895,0.8722,1.2865,0.217,XGB,BASE+flow,2018,4
181-270,72,0.082,76.371,57.361,0.9388,0.821,0.302,XGB,BASE+flow,2018,4
271-365,67,0.059,60.135,31.505,1.0349,1.0251,0.264,XGB,BASE+flow,2018,4
1-7,1,,,,,,,LightGBM,BASE+flow,2018,4
8-30,7,-0.129,9.078,7.884,0.5197,1.1274,0.511,LightGBM,BASE+flow,2018,4
31-90,33,0.139,14.876,11.843,0.721,0.9707,0.423,LightGBM,BASE+flow,2018,4
91-180,83,-0.426,22.906,15.979,0.8768,1.2933,0.149,LightGBM,BASE+flow,2018,4
181-270,72,0.142,73.834,54.565,0.8931,0.781,0.389,LightGBM,BASE+flow,2018,4
271-365,67,0.059,60.121,31.266,1.0271,1.0173,0.253,LightGBM,BASE+flow,2018,4
1-7,1,,,,,,,SARIMAX,BASE+flow,2018,4
8-30,7,-1.881,14.501,13.479,0.8885,1.9275,0.555,SARIMAX,BASE+flow,2018,4
31-90,33,-0.161,17.28,15.233,0.9274,1.2486,0.327,SARIMAX,BASE+flow,2018,4
91-180,83,-0.926,26.617,22.108,1.2131,1.7893,0.213,SARIMAX,BASE+flow,2018,4
181-270,72,0.034,78.363,64.108,1.0493,0.9176,0.32,SARIMAX,BASE+flow,2018,4
271-365,67,-0.17,67.054,43.147,1.4174,1.4038,0.114,SARIMAX,BASE+flow,2018,4
1-7,1,,,,,,,Ensemble_unweighted,BASE+flow,2018,4
8-30,7,-0.417,10.169,9.564,0.6305,1.3677,0.696,Ensemble_unweighted,BASE+flow,2018,4
31-90,33,0.041,15.702,13.56,0.8256,1.1115,0.428,Ensemble_unweighted,BASE+flow,2018,4
91-180,83,-0.563,23.982,18.084,0.9923,1.4636,0.22,Ensemble_unweighted,BASE+flow,2018,4
181-270,72,0.124,74.615,57.459,0.9405,0.8224,0.352,Ensemble_unweighted,BASE+flow,2018,4
271-365,67,0.002,61.923,34.756,1.1417,1.1308,0.163,Ensemble_unweighted,BASE+flow,2018,4
1-7,1,,,,,,,Ensemble_MASEweighted,BASE+flow,2018,4
8-30,7,-0.4,10.109,9.494,0.6258,1.3576,0.695,Ensemble_MASEweighted,BASE+flow,2018,4
31-90,33,0.043,15.686,13.526,0.8235,1.1087,0.425,Ensemble_MASEweighted,BASE+flow,2018,4
91-180,83,-0.556,23.93,18.008,0.9881,1.4575,0.219,Ensemble_MASEweighted,BASE+flow,2018,4
181-270,72,0.124,74.612,57.398,0.9395,0.8216,0.352,Ensemble_MASEweighted,BASE+flow,2018,4
271-365,67,0.004,61.851,34.643,1.138,1.1271,0.166,Ensemble_MASEweighted,BASE+flow,2018,4
1-7,0,,,,,,,RF,BASE+flow,2018,9
8-30,0,,,,,,,RF,BASE+flow,2018,9
31-90,0,,,,,,,RF,BASE+flow,2018,9
91-180,0,,,,,,,RF,BASE+flow,2018,9
181-270,0,,,,,,,RF,BASE+flow,2018,9
271-365,0,,,,,,,RF,BASE+flow,2018,9
1-7,0,,,,,,,XGB,BASE+flow,2018,9
8-30,0,,,,,,,XGB,BASE+flow,2018,9
31-90,0,,,,,,,XGB,BASE+flow,2018,9
91-180,0,,,,,,,XGB,BASE+flow,2018,9
181-270,0,,,,,,,XGB,BASE+flow,2018,9
271-365,0,,,,,,,XGB,BASE+flow,2018,9
1-7,0,,,,,,,LightGBM,BASE+flow,2018,9
8-30,0,,,,,,,LightGBM,BASE+flow,2018,9
31-90,0,,,,,,,LightGBM,BASE+flow,2018,9
91-180,0,,,,,,,LightGBM,BASE+flow,2018,9
181-270,0,,,,,,,LightGBM,BASE+flow,2018,9
271-365,0,,,,,,,LightGBM,BASE+flow,2018,9
1-7,0,,,,,,,SARIMAX,BASE+flow,2018,9
8-30,0,,,,,,,SARIMAX,BASE+flow,2018,9
31-90,0,,,,,,,SARIMAX,BASE+flow,2018,9
91-180,0,,,,,,,SARIMAX,BASE+flow,2018,9
181-270,0,,,,,,,SARIMAX,BASE+flow,2018,9
271-365,0,,,,,,,SARIMAX,BASE+flow,2018,9
1-7,0,,,,,,,Ensemble_unweighted,BASE+flow,2018,9
8-30,0,,,,,,,Ensemble_unweighted,BASE+flow,2018,9
31-90,0,,,,,,,Ensemble_unweighted,BASE+flow,2018,9
91-180,0,,,,,,,Ensemble_unweighted,BASE+flow,2018,9
181-270,0,,,,,,,Ensemble_unweighted,BASE+flow,2018,9
271-365,0,,,,,,,Ensemble_unweighted,BASE+flow,2018,9
1-7,0,,,,,,,Ensemble_MASEweighted,BASE+flow,2018,9
8-30,0,,,,,,,Ensemble_MASEweighted,BASE+flow,2018,9
31-90,0,,,,,,,Ensemble_MASEweighted,BASE+flow,2018,9
91-180,0,,,,,,,Ensemble_MASEweighted,BASE+flow,2018,9
181-270,0,,,,,,,Ensemble_MASEweighted,BASE+flow,2018,9
271-365,0,,,,,,,Ensemble_MASEweighted,BASE+flow,2018,9
1-7,6,-2.42,18.149,17.942,0.4883,0.9873,0.979,RF,BASE+mgmt,2018,2
8-30,21,-0.187,11.418,10.9,0.234,1.1706,0.106,RF,BASE+mgmt,2018,2
31-90,32,-1.163,18.914,15.886,0.3493,1.368,-0.186,RF,BASE+mgmt,2018,2
91-180,43,-0.716,29.916,22.802,0.3709,1.439,0.171,RF,BASE+mgmt,2018,2
181-270,0,,,,,,,RF,BASE+mgmt,2018,2
271-365,0,,,,,,,RF,BASE+mgmt,2018,2
1-7,6,-2.438,18.197,17.833,0.4853,0.9813,0.944,XGB,BASE+mgmt,2018,2
8-30,21,0.033,10.307,9.575,0.2056,1.0282,0.474,XGB,BASE+mgmt,2018,2
31-90,32,-0.727,16.902,13.21,0.2904,1.1376,-0.159,XGB,BASE+mgmt,2018,2
91-180,43,-0.654,29.368,22.194,0.361,1.4007,0.2,XGB,BASE+mgmt,2018,2
181-270,0,,,,,,,XGB,BASE+mgmt,2018,2
271-365,0,,,,,,,XGB,BASE+mgmt,2018,2
1-7,6,-2.37,18.015,17.375,0.4729,0.9562,0.879,LightGBM,BASE+mgmt,2018,2
8-30,21,0.049,10.217,9.407,0.202,1.0102,0.461,LightGBM,BASE+mgmt,2018,2
31-90,32,-0.776,17.139,13.492,0.2966,1.1618,-0.227,LightGBM,BASE+mgmt,2018,2
91-180,43,-0.541,28.347,21.057,0.3425,1.3289,0.218,LightGBM,BASE+mgmt,2018,2
181-270,0,,,,,,,LightGBM,BASE+mgmt,2018,2
271-365,0,,,,,,,LightGBM,BASE+mgmt,2018,2
1-7,6,-1.087,14.179,12.876,0.3504,0.7086,0.803,SARIMAX,BASE+mgmt,2018,2
8-30,21,-2.926,20.765,18.305,0.393,1.9657,0.067,SARIMAX,BASE+mgmt,2018,2
31-90,32,-3.521,27.341,25.472,0.56,2.1934,0.17,SARIMAX,BASE+mgmt,2018,2
91-180,43,-3.496,48.427,43.274,0.7039,2.731,-0.138,SARIMAX,BASE+mgmt,2018,2
181-270,0,,,,,,,SARIMAX,BASE+mgmt,2018,2
271-365,0,,,,,,,SARIMAX,BASE+mgmt,2018,2
1-7,6,-1.891,16.687,16.506,0.4492,0.9084,0.968,Ensemble_unweighted,BASE+mgmt,2018,2
8-30,21,-0.395,12.377,11.546,0.2479,1.2399,0.479,Ensemble_unweighted,BASE+mgmt,2018,2
31-90,32,-1.174,18.959,16.307,0.3585,1.4042,-0.142,Ensemble_unweighted,BASE+mgmt,2018,2
91-180,43,-1.142,33.426,26.698,0.4343,1.6849,0.124,Ensemble_unweighted,BASE+mgmt,2018,2
181-270,0,,,,,,,Ensemble_unweighted,BASE+mgmt,2018,2
271-365,0,,,,,,,Ensemble_unweighted,BASE+mgmt,2018,2
1-7,6,-1.906,16.731,16.547,0.4503,0.9106,0.968,Ensemble_MASEweighted,BASE+mgmt,2018,2
8-30,21,-0.375,12.289,11.478,0.2464,1.2326,0.479,Ensemble_MASEweighted,BASE+mgmt,2018,2
31-90,32,-1.153,18.87,16.195,0.3561,1.3946,-0.144,Ensemble_MASEweighted,BASE+mgmt,2018,2
91-180,43,-1.121,33.258,26.505,0.4311,1.6727,0.128,Ensemble_MASEweighted,BASE+mgmt,2018,2
181-270,0,,,,,,,Ensemble_MASEweighted,BASE+mgmt,2018,2
271-365,0,,,,,,,Ensemble_MASEweighted,BASE+mgmt,2018,2
1-7,1,,,,,,,RF,BASE+mgmt,2018,4
8-30,7,-1.11,12.41,11.918,0.7856,1.7042,0.526,RF,BASE+mgmt,2018,4
31-90,33,-0.068,16.567,14.782,0.9,1.2116,0.471,RF,BASE+mgmt,2018,4
91-180,83,-0.796,25.703,19.487,1.0693,1.5772,0.225,RF,BASE+mgmt,2018,4
181-270,72,0.129,74.39,55.394,0.9067,0.7929,0.378,RF,BASE+mgmt,2018,4
271-365,67,-0.039,63.19,36.535,1.2002,1.1887,0.081,RF,BASE+mgmt,2018,4
1-7,1,,,,,,,XGB,BASE+mgmt,2018,4
8-30,7,-0.156,9.187,8.302,0.5473,1.1872,0.564,XGB,BASE+mgmt,2018,4
31-90,33,-0.026,16.238,13.531,0.8238,1.1091,0.335,XGB,BASE+mgmt,2018,4
91-180,83,-0.377,22.506,15.932,0.8742,1.2895,0.196,XGB,BASE+mgmt,2018,4
181-270,72,0.113,75.071,56.273,0.921,0.8054,0.341,XGB,BASE+mgmt,2018,4
271-365,67,0.056,60.212,31.416,1.032,1.0222,0.252,XGB,BASE+mgmt,2018,4
1-7,1,,,,,,,LightGBM,BASE+mgmt,2018,4
8-30,7,-0.821,11.528,10.522,0.6936,1.5046,0.361,LightGBM,BASE+mgmt,2018,4
31-90,33,-0.014,16.147,13.717,0.8351,1.1243,0.315,LightGBM,BASE+mgmt,2018,4
91-180,83,-0.416,22.826,15.739,0.8636,1.2738,0.146,LightGBM,BASE+mgmt,2018,4
181-270,72,0.127,74.506,55.061,0.9012,0.7881,0.37,LightGBM,BASE+mgmt,2018,4
271-365,67,0.06,60.102,31.76,1.0433,1.0334,0.267,LightGBM,BASE+mgmt,2018,4
1-7,1,,,,,,,SARIMAX,BASE+mgmt,2018,4
8-30,7,-1.881,14.501,13.479,0.8885,1.9275,0.555,SARIMAX,BASE+mgmt,2018,4
31-90,33,-0.161,17.28,15.233,0.9274,1.2486,0.327,SARIMAX,BASE+mgmt,2018,4
91-180,83,-0.926,26.617,22.108,1.2131,1.7893,0.213,SARIMAX,BASE+mgmt,2018,4
181-270,72,0.034,78.363,64.108,1.0493,0.9176,0.32,SARIMAX,BASE+mgmt,2018,4
271-365,67,-0.17,67.054,43.147,1.4174,1.4038,0.114,SARIMAX,BASE+mgmt,2018,4
1-7,1,,,,,,,Ensemble_unweighted,BASE+mgmt,2018,4
8-30,7,-0.875,11.698,11.055,0.7287,1.5808,0.529,Ensemble_unweighted,BASE+mgmt,2018,4
31-90,33,-0.029,16.262,14.301,0.8707,1.1722,0.387,Ensemble_unweighted,BASE+mgmt,2018,4
91-180,83,-0.548,23.867,17.891,0.9817,1.448,0.208,Ensemble_unweighted,BASE+mgmt,2018,4
181-270,72,0.127,74.493,57.213,0.9364,0.8189,0.357,Ensemble_unweighted,BASE+mgmt,2018,4
271-365,67,0.005,61.817,34.629,1.1375,1.1267,0.167,Ensemble_unweighted,BASE+mgmt,2018,4
1-7,1,,,,,,,Ensemble_MASEweighted,BASE+mgmt,2018,4
8-30,7,-0.858,11.646,11.002,0.7253,1.5733,0.527,Ensemble_MASEweighted,BASE+mgmt,2018,4
31-90,33,-0.028,16.253,14.281,0.8695,1.1706,0.386,Ensemble_MASEweighted,BASE+mgmt,2018,4
91-180,83,-0.542,23.818,17.812,0.9774,1.4417,0.207,Ensemble_MASEweighted,BASE+mgmt,2018,4
181-270,72,0.127,74.484,57.148,0.9354,0.818,0.357,Ensemble_MASEweighted,BASE+mgmt,2018,4
271-365,67,0.008,61.749,34.526,1.1341,1.1233,0.169,Ensemble_MASEweighted,BASE+mgmt,2018,4
1-7,0,,,,,,,RF,BASE+mgmt,2018,9
8-30,0,,,,,,,RF,BASE+mgmt,2018,9
31-90,0,,,,,,,RF,BASE+mgmt,2018,9
91-180,0,,,,,,,RF,BASE+mgmt,2018,9
181-270,0,,,,,,,RF,BASE+mgmt,2018,9
271-365,0,,,,,,,RF,BASE+mgmt,2018,9
1-7,0,,,,,,,XGB,BASE+mgmt,2018,9
8-30,0,,,,,,,XGB,BASE+mgmt,2018,9
31-90,0,,,,,,,XGB,BASE+mgmt,2018,9
91-180,0,,,,,,,XGB,BASE+mgmt,2018,9
181-270,0,,,,,,,XGB,BASE+mgmt,2018,9
271-365,0,,,,,,,XGB,BASE+mgmt,2018,9
1-7,0,,,,,,,LightGBM,BASE+mgmt,2018,9
8-30,0,,,,,,,LightGBM,BASE+mgmt,2018,9
31-90,0,,,,,,,LightGBM,BASE+mgmt,2018,9
91-180,0,,,,,,,LightGBM,BASE+mgmt,2018,9
181-270,0,,,,,,,LightGBM,BASE+mgmt,2018,9
271-365,0,,,,,,,LightGBM,BASE+mgmt,2018,9
1-7,0,,,,,,,SARIMAX,BASE+mgmt,2018,9
8-30,0,,,,,,,SARIMAX,BASE+mgmt,2018,9
31-90,0,,,,,,,SARIMAX,BASE+mgmt,2018,9
91-180,0,,,,,,,SARIMAX,BASE+mgmt,2018,9
181-270,0,,,,,,,SARIMAX,BASE+mgmt,2018,9
271-365,0,,,,,,,SARIMAX,BASE+mgmt,2018,9
1-7,0,,,,,,,Ensemble_unweighted,BASE+mgmt,2018,9
8-30,0,,,,,,,Ensemble_unweighted,BASE+mgmt,2018,9
31-90,0,,,,,,,Ensemble_unweighted,BASE+mgmt,2018,9
91-180,0,,,,,,,Ensemble_unweighted,BASE+mgmt,2018,9
181-270,0,,,,,,,Ensemble_unweighted,BASE+mgmt,2018,9
271-365,0,,,,,,,Ensemble_unweighted,BASE+mgmt,2018,9
1-7,0,,,,,,,Ensemble_MASEweighted,BASE+mgmt,2018,9
8-30,0,,,,,,,Ensemble_MASEweighted,BASE+mgmt,2018,9
31-90,0,,,,,,,Ensemble_MASEweighted,BASE+mgmt,2018,9
91-180,0,,,,,,,Ensemble_MASEweighted,BASE+mgmt,2018,9
181-270,0,,,,,,,Ensemble_MASEweighted,BASE+mgmt,2018,9
271-365,0,,,,,,,Ensemble_MASEweighted,BASE+mgmt,2018,9
1-7,6,-2.514,18.397,18.155,0.4941,0.9991,0.977,RF,BASE+bodyweight,2018,2
8-30,21,-0.264,11.783,11.238,0.2413,1.2068,0.02,RF,BASE+bodyweight,2018,2
31-90,32,-1.193,19.044,15.936,0.3504,1.3722,-0.191,RF,BASE+bodyweight,2018,2
91-180,43,-0.737,30.1,23.069,0.3752,1.4559,0.192,RF,BASE+bodyweight,2018,2
181-270,0,,,,,,,RF,BASE+bodyweight,2018,2
271-365,0,,,,,,,RF,BASE+bodyweight,2018,2
1-7,6,-2.607,18.639,18.172,0.4945,1.0,0.933,XGB,BASE+bodyweight,2018,2
8-30,21,0.084,10.029,9.284,0.1993,0.997,0.531,XGB,BASE+bodyweight,2018,2
31-90,32,-0.58,16.165,12.558,0.2761,1.0814,-0.122,XGB,BASE+bodyweight,2018,2
91-180,43,-0.617,29.039,21.88,0.3559,1.3808,0.241,XGB,BASE+bodyweight,2018,2
181-270,0,,,,,,,XGB,BASE+bodyweight,2018,2
271-365,0,,,,,,,XGB,BASE+bodyweight,2018,2
1-7,6,-1.791,16.394,15.611,0.4248,0.8591,0.86,LightGBM,BASE+bodyweight,2018,2
8-30,21,0.016,10.397,9.686,0.2079,1.0401,0.501,LightGBM,BASE+bodyweight,2018,2
31-90,32,-0.691,16.72,13.075,0.2875,1.1259,-0.22,LightGBM,BASE+bodyweight,2018,2
91-180,43,-0.608,28.962,21.837,0.3552,1.3781,0.343,LightGBM,BASE+bodyweight,2018,2
181-270,0,,,,,,,LightGBM,BASE+bodyweight,2018,2
271-365,0,,,,,,,LightGBM,BASE+bodyweight,2018,2
1-7,6,-1.087,14.179,12.876,0.3504,0.7086,0.803,SARIMAX,BASE+bodyweight,2018,2
8-30,21,-2.926,20.765,18.305,0.393,1.9657,0.067,SARIMAX,BASE+bodyweight,2018,2
31-90,32,-3.521,27.341,25.472,0.56,2.1934,0.17,SARIMAX,BASE+bodyweight,2018,2
91-180,43,-3.496,48.427,43.274,0.7039,2.731,-0.138,SARIMAX,BASE+bodyweight,2018,2
181-270,0,,,,,,,SARIMAX,BASE+bodyweight,2018,2
271-365,0,,,,,,,SARIMAX,BASE+bodyweight,2018,2
1-7,6,-1.797,16.412,16.203,0.441,0.8917,0.964,Ensemble_unweighted,BASE+bodyweight,2018,2
8-30,21,-0.42,12.487,11.627,0.2496,1.2486,0.5,Ensemble_unweighted,BASE+bodyweight,2018,2
31-90,32,-1.097,18.624,16.008,0.3519,1.3784,-0.129,Ensemble_unweighted,BASE+bodyweight,2018,2
91-180,43,-1.162,33.584,26.896,0.4375,1.6974,0.182,Ensemble_unweighted,BASE+bodyweight,2018,2
181-270,0,,,,,,,Ensemble_unweighted,BASE+bodyweight,2018,2
271-365,0,,,,,,,Ensemble_unweighted,BASE+bodyweight,2018,2
1-7,6,-1.809,16.449,16.235,0.4418,0.8934,0.963,Ensemble_MASEweighted,BASE+bodyweight,2018,2
8-30,21,-0.399,12.395,11.556,0.2481,1.241,0.501,Ensemble_MASEweighted,BASE+bodyweight,2018,2
31-90,32,-1.075,18.525,15.886,0.3493,1.368,-0.131,Ensemble_MASEweighted,BASE+bodyweight,2018,2
91-180,43,-1.141,33.414,26.703,0.4344,1.6852,0.187,Ensemble_MASEweighted,BASE+bodyweight,2018,2
181-270,0,,,,,,,Ensemble_MASEweighted,BASE+bodyweight,2018,2
271-365,0,,,,,,,Ensemble_MASEweighted,BASE+bodyweight,2018,2
1-7,1,,,,,,,RF,BASE+bodyweight,2018,4
8-30,7,-0.662,11.013,10.577,0.6972,1.5125,0.638,RF,BASE+bodyweight,2018,4
31-90,33,0.084,15.346,13.57,0.8262,1.1123,0.563,RF,BASE+bodyweight,2018,4
91-180,83,-0.682,24.876,18.672,1.0246,1.5112,0.224,RF,BASE+bodyweight,2018,4
181-270,72,0.142,73.859,55.999,0.9166,0.8015,0.378,RF,BASE+bodyweight,2018,4
271-365,67,-0.063,63.893,37.67,1.2374,1.2256,0.068,RF,BASE+bodyweight,2018,4
1-7,1,,,,,,,XGB,BASE+bodyweight,2018,4
8-30,7,-0.128,9.074,7.949,0.524,1.1367,0.454,XGB,BASE+bodyweight,2018,4
31-90,33,0.049,15.633,12.226,0.7443,1.0021,0.299,XGB,BASE+bodyweight,2018,4
91-180,83,-0.476,23.302,16.922,0.9286,1.3696,0.215,XGB,BASE+bodyweight,2018,4
181-270,72,0.031,78.479,61.097,1.0,0.8745,0.259,XGB,BASE+bodyweight,2018,4
271-365,67,0.059,60.125,31.366,1.0304,1.0205,0.259,XGB,BASE+bodyweight,2018,4
1-7,1,,,,,,,LightGBM,BASE+bodyweight,2018,4
8-30,7,-0.378,10.031,9.328,0.6149,1.3339,0.584,LightGBM,BASE+bodyweight,2018,4
31-90,33,0.119,15.048,11.309,0.6885,0.927,0.372,LightGBM,BASE+bodyweight,2018,4
91-180,83,-0.455,23.133,16.376,0.8986,1.3254,0.175,LightGBM,BASE+bodyweight,2018,4
181-270,72,0.14,73.918,55.873,0.9145,0.7997,0.378,LightGBM,BASE+bodyweight,2018,4
271-365,67,0.05,60.402,31.163,1.0237,1.0139,0.233,LightGBM,BASE+bodyweight,2018,4
1-7,1,,,,,,,SARIMAX,BASE+bodyweight,2018,4
8-30,7,-1.881,14.501,13.479,0.8885,1.9275,0.555,SARIMAX,BASE+bodyweight,2018,4
31-90,33,-0.161,17.28,15.233,0.9274,1.2486,0.327,SARIMAX,BASE+bodyweight,2018,4
91-180,83,-0.926,26.617,22.108,1.2131,1.7893,0.213,SARIMAX,BASE+bodyweight,2018,4
181-270,72,0.034,78.363,64.108,1.0493,0.9176,0.32,SARIMAX,BASE+bodyweight,2018,4
271-365,67,-0.17,67.054,43.147,1.4174,1.4038,0.114,SARIMAX,BASE+bodyweight,2018,4
1-7,1,,,,,,,Ensemble_unweighted,BASE+bodyweight,2018,4
8-30,7,-0.615,10.857,10.334,0.6812,1.4776,0.657,Ensemble_unweighted,BASE+bodyweight,2018,4
31-90,33,0.072,15.449,12.965,0.7893,1.0627,0.443,Ensemble_unweighted,BASE+bodyweight,2018,4
91-180,83,-0.584,24.14,18.3,1.0041,1.4811,0.217,Ensemble_unweighted,BASE+bodyweight,2018,4
181-270,72,0.11,75.197,58.78,0.9621,0.8413,0.338,Ensemble_unweighted,BASE+bodyweight,2018,4
271-365,67,-0.001,62.014,34.714,1.1403,1.1295,0.158,Ensemble_unweighted,BASE+bodyweight,2018,4
1-7,1,,,,,,,Ensemble_MASEweighted,BASE+bodyweight,2018,4
8-30,7,-0.599,10.804,10.278,0.6775,1.4697,0.657,Ensemble_MASEweighted,BASE+bodyweight,2018,4
31-90,33,0.073,15.435,12.922,0.7868,1.0592,0.44,Ensemble_MASEweighted,BASE+bodyweight,2018,4
91-180,83,-0.579,24.104,18.243,1.001,1.4765,0.217,Ensemble_MASEweighted,BASE+bodyweight,2018,4
181-270,72,0.11,75.21,58.758,0.9617,0.841,0.338,Ensemble_MASEweighted,BASE+bodyweight,2018,4
271-365,67,0.001,61.942,34.599,1.1366,1.1257,0.16,Ensemble_MASEweighted,BASE+bodyweight,2018,4
1-7,0,,,,,,,RF,BASE+bodyweight,2018,9
8-30,0,,,,,,,RF,BASE+bodyweight,2018,9
31-90,0,,,,,,,RF,BASE+bodyweight,2018,9
91-180,0,,,,,,,RF,BASE+bodyweight,2018,9
181-270,0,,,,,,,RF,BASE+bodyweight,2018,9
271-365,0,,,,,,,RF,BASE+bodyweight,2018,9
1-7,0,,,,,,,XGB,BASE+bodyweight,2018,9
8-30,0,,,,,,,XGB,BASE+bodyweight,2018,9
31-90,0,,,,,,,XGB,BASE+bodyweight,2018,9
91-180,0,,,,,,,XGB,BASE+bodyweight,2018,9
181-270,0,,,,,,,XGB,BASE+bodyweight,2018,9
271-365,0,,,,,,,XGB,BASE+bodyweight,2018,9
1-7,0,,,,,,,LightGBM,BASE+bodyweight,2018,9
8-30,0,,,,,,,LightGBM,BASE+bodyweight,2018,9
31-90,0,,,,,,,LightGBM,BASE+bodyweight,2018,9
91-180,0,,,,,,,LightGBM,BASE+bodyweight,2018,9
181-270,0,,,,,,,LightGBM,BASE+bodyweight,2018,9
271-365,0,,,,,,,LightGBM,BASE+bodyweight,2018,9
1-7,0,,,,,,,SARIMAX,BASE+bodyweight,2018,9
8-30,0,,,,,,,SARIMAX,BASE+bodyweight,2018,9
31-90,0,,,,,,,SARIMAX,BASE+bodyweight,2018,9
91-180,0,,,,,,,SARIMAX,BASE+bodyweight,2018,9
181-270,0,,,,,,,SARIMAX,BASE+bodyweight,2018,9
271-365,0,,,,,,,SARIMAX,BASE+bodyweight,2018,9
1-7,0,,,,,,,Ensemble_unweighted,BASE+bodyweight,2018,9
8-30,0,,,,,,,Ensemble_unweighted,BASE+bodyweight,2018,9
31-90,0,,,,,,,Ensemble_unweighted,BASE+bodyweight,2018,9
91-180,0,,,,,,,Ensemble_unweighted,BASE+bodyweight,2018,9
181-270,0,,,,,,,Ensemble_unweighted,BASE+bodyweight,2018,9
271-365,0,,,,,,,Ensemble_unweighted,BASE+bodyweight,2018,9
1-7,0,,,,,,,Ensemble_MASEweighted,BASE+bodyweight,2018,9
8-30,0,,,,,,,Ensemble_MASEweighted,BASE+bodyweight,2018,9
31-90,0,,,,,,,Ensemble_MASEweighted,BASE+bodyweight,2018,9
91-180,0,,,,,,,Ensemble_MASEweighted,BASE+bodyweight,2018,9
181-270,0,,,,,,,Ensemble_MASEweighted,BASE+bodyweight,2018,9
271-365,0,,,,,,,Ensemble_MASEweighted,BASE+bodyweight,2018,9
1-7,0,,,,,,,RF,BASE,2019,2
8-30,0,,,,,,,RF,BASE,2019,2
31-90,0,,,,,,,RF,BASE,2019,2
91-180,0,,,,,,,RF,BASE,2019,2
181-270,0,,,,,,,RF,BASE,2019,2
271-365,0,,,,,,,RF,BASE,2019,2
1-7,0,,,,,,,XGB,BASE,2019,2
8-30,0,,,,,,,XGB,BASE,2019,2
31-90,0,,,,,,,XGB,BASE,2019,2
91-180,0,,,,,,,XGB,BASE,2019,2
181-270,0,,,,,,,XGB,BASE,2019,2
271-365,0,,,,,,,XGB,BASE,2019,2
1-7,0,,,,,,,LightGBM,BASE,2019,2
8-30,0,,,,,,,LightGBM,BASE,2019,2
31-90,0,,,,,,,LightGBM,BASE,2019,2
91-180,0,,,,,,,LightGBM,BASE,2019,2
181-270,0,,,,,,,LightGBM,BASE,2019,2
271-365,0,,,,,,,LightGBM,BASE,2019,2
1-7,0,,,,,,,SARIMAX,BASE,2019,2
8-30,0,,,,,,,SARIMAX,BASE,2019,2
31-90,0,,,,,,,SARIMAX,BASE,2019,2
91-180,0,,,,,,,SARIMAX,BASE,2019,2
181-270,0,,,,,,,SARIMAX,BASE,2019,2
271-365,0,,,,,,,SARIMAX,BASE,2019,2
1-7,0,,,,,,,Ensemble_unweighted,BASE,2019,2
8-30,0,,,,,,,Ensemble_unweighted,BASE,2019,2
31-90,0,,,,,,,Ensemble_unweighted,BASE,2019,2
91-180,0,,,,,,,Ensemble_unweighted,BASE,2019,2
181-270,0,,,,,,,Ensemble_unweighted,BASE,2019,2
271-365,0,,,,,,,Ensemble_unweighted,BASE,2019,2
1-7,0,,,,,,,Ensemble_MASEweighted,BASE,2019,2
8-30,0,,,,,,,Ensemble_MASEweighted,BASE,2019,2
31-90,0,,,,,,,Ensemble_MASEweighted,BASE,2019,2
91-180,0,,,,,,,Ensemble_MASEweighted,BASE,2019,2
181-270,0,,,,,,,Ensemble_MASEweighted,BASE,2019,2
271-365,0,,,,,,,Ensemble_MASEweighted,BASE,2019,2
1-7,0,,,,,,,RF,BASE,2019,4
8-30,8,-3.897,73.322,62.346,1.6303,1.6288,-0.61,RF,BASE,2019,4
31-90,32,-0.686,29.099,23.134,1.0572,1.0592,0.186,RF,BASE,2019,4
91-180,62,0.177,79.448,50.212,0.6603,0.6609,0.455,RF,BASE,2019,4
181-270,61,0.52,25.094,18.775,0.6665,0.6674,0.751,RF,BASE,2019,4
271-365,66,0.183,47.693,20.441,0.773,0.7745,0.504,RF,BASE,2019,4
1-7,0,,,,,,,XGB,BASE,2019,4
8-30,8,-3.177,67.714,55.475,1.4507,1.4493,-0.823,XGB,BASE,2019,4
31-90,32,-0.278,25.339,18.308,0.8366,0.8382,0.236,XGB,BASE,2019,4
91-180,62,0.186,79.03,48.36,0.636,0.6366,0.475,XGB,BASE,2019,4
181-270,61,0.524,24.988,17.936,0.6368,0.6376,0.766,XGB,BASE,2019,4
271-365,66,0.122,49.444,21.613,0.8173,0.819,0.355,XGB,BASE,2019,4
1-7,0,,,,,,,LightGBM,BASE,2019,4
8-30,8,-2.896,65.403,54.476,1.4245,1.4232,-0.467,LightGBM,BASE,2019,4
31-90,32,-0.251,25.066,18.159,0.8298,0.8314,0.272,LightGBM,BASE,2019,4
91-180,62,0.184,79.1,47.721,0.6276,0.6281,0.492,LightGBM,BASE,2019,4
181-270,61,0.57,23.767,16.798,0.5963,0.5971,0.766,LightGBM,BASE,2019,4
271-365,66,0.12,49.495,20.234,0.7651,0.7667,0.379,LightGBM,BASE,2019,4
1-7,0,,,,,,,SARIMAX,BASE,2019,4
8-30,8,-1.688,54.327,42.894,1.1217,1.1206,-0.353,SARIMAX,BASE,2019,4
31-90,32,-0.242,24.982,19.952,0.9117,0.9135,0.054,SARIMAX,BASE,2019,4
91-180,62,0.224,77.163,51.094,0.672,0.6725,0.479,SARIMAX,BASE,2019,4
181-270,61,0.451,26.838,21.254,0.7545,0.7555,0.774,SARIMAX,BASE,2019,4
271-365,66,0.091,50.299,26.294,0.9943,0.9963,0.407,SARIMAX,BASE,2019,4
1-7,0,,,,,,,Ensemble_unweighted,BASE,2019,4
8-30,8,-2.857,65.073,53.516,1.3994,1.3981,-0.643,Ensemble_unweighted,BASE,2019,4
31-90,32,-0.123,23.749,17.235,0.7876,0.7891,0.217,Ensemble_unweighted,BASE,2019,4
91-180,62,0.203,78.197,48.609,0.6393,0.6398,0.483,Ensemble_unweighted,BASE,2019,4
181-270,61,0.573,23.686,16.725,0.5938,0.5945,0.771,Ensemble_unweighted,BASE,2019,4
271-365,66,0.156,48.484,20.146,0.7618,0.7634,0.421,Ensemble_unweighted,BASE,2019,4
1-7,0,,,,,,,Ensemble_MASEweighted,BASE,2019,4
8-30,8,-2.866,65.149,53.593,1.4014,1.4001,-0.646,Ensemble_MASEweighted,BASE,2019,4
31-90,32,-0.127,23.793,17.255,0.7885,0.79,0.219,Ensemble_MASEweighted,BASE,2019,4
91-180,62,0.202,78.219,48.595,0.6391,0.6396,0.483,Ensemble_MASEweighted,BASE,2019,4
181-270,61,0.573,23.69,16.739,0.5942,0.595,0.771,Ensemble_MASEweighted,BASE,2019,4
271-365,66,0.155,48.503,20.145,0.7618,0.7633,0.42,Ensemble_MASEweighted,BASE,2019,4
1-7,0,,,,,,,RF,BASE,2019,9
8-30,0,,,,,,,RF,BASE,2019,9
31-90,16,-0.908,27.743,22.691,1.3724,0.9977,0.243,RF,BASE,2019,9
91-180,81,0.287,60.328,44.271,0.7803,0.7165,0.556,RF,BASE,2019,9
181-270,49,0.031,66.251,42.886,1.1105,1.0911,0.361,RF,BASE,2019,9
271-365,49,0.101,108.359,55.68,0.7858,0.7413,0.626,RF,BASE,2019,9
1-7,0,,,,,,,XGB,BASE,2019,9
8-30,0,,,,,,,XGB,BASE,2019,9
31-90,16,-0.836,27.213,21.111,1.2769,0.9283,0.336,XGB,BASE,2019,9
91-180,81,0.305,59.536,42.313,0.7458,0.6848,0.57,XGB,BASE,2019,9
181-270,49,0.017,66.74,45.156,1.1693,1.1489,0.388,XGB,BASE,2019,9
271-365,49,0.152,105.289,54.091,0.7633,0.7201,0.633,XGB,BASE,2019,9
1-7,0,,,,,,,LightGBM,BASE,2019,9
8-30,0,,,,,,,LightGBM,BASE,2019,9
31-90,16,-1.967,34.59,25.196,1.5239,1.1079,0.351,LightGBM,BASE,2019,9
91-180,81,0.289,60.21,42.791,0.7542,0.6925,0.551,LightGBM,BASE,2019,9
181-270,49,0.071,64.888,43.142,1.1171,1.0976,0.406,LightGBM,BASE,2019,9
271-365,49,0.105,108.169,56.35,0.7952,0.7502,0.601,LightGBM,BASE,2019,9
1-7,0,,,,,,,SARIMAX,BASE,2019,9
8-30,0,,,,,,,SARIMAX,BASE,2019,9
31-90,16,-0.106,21.119,15.255,0.9226,0.6707,0.064,SARIMAX,BASE,2019,9
91-180,81,0.327,58.583,39.939,0.704,0.6464,0.576,SARIMAX,BASE,2019,9
181-270,49,0.143,62.315,37.446,0.9697,0.9527,0.385,SARIMAX,BASE,2019,9
271-365,49,0.09,109.042,56.907,0.8031,0.7576,0.591,SARIMAX,BASE,2019,9
1-7,0,,,,,,,Ensemble_unweighted,BASE,2019,9
8-30,0,,,,,,,Ensemble_unweighted,BASE,2019,9
31-90,16,-0.644,25.752,20.503,1.24,0.9015,0.308,Ensemble_unweighted,BASE,2019,9
91-180,81,0.317,59.012,42.007,0.7404,0.6798,0.579,Ensemble_unweighted,BASE,2019,9
181-270,49,0.095,64.019,40.132,1.0392,1.0211,0.388,Ensemble_unweighted,BASE,2019,9
271-365,49,0.123,107.055,53.81,0.7594,0.7164,0.624,Ensemble_unweighted,BASE,2019,9
1-7,0,,,,,,,Ensemble_MASEweighted,BASE,2019,9
8-30,0,,,,,,,Ensemble_MASEweighted,BASE,2019,9
31-90,16,-0.66,25.874,20.577,1.2445,0.9048,0.31,Ensemble_MASEweighted,BASE,2019,9
91-180,81,0.317,59.026,42.022,0.7407,0.6801,0.579,Ensemble_MASEweighted,BASE,2019,9
181-270,49,0.094,64.07,40.251,1.0423,1.0241,0.388,Ensemble_MASEweighted,BASE,2019,9
271-365,49,0.123,107.035,53.827,0.7596,0.7166,0.625,Ensemble_MASEweighted,BASE,2019,9
1-7,0,,,,,,,RF,BASE+species,2019,2
8-30,0,,,,,,,RF,BASE+species,2019,2
31-90,0,,,,,,,RF,BASE+species,2019,2
91-180,0,,,,,,,RF,BASE+species,2019,2
181-270,0,,,,,,,RF,BASE+species,2019,2
271-365,0,,,,,,,RF,BASE+species,2019,2
1-7,0,,,,,,,XGB,BASE+species,2019,2
8-30,0,,,,,,,XGB,BASE+species,2019,2
31-90,0,,,,,,,XGB,BASE+species,2019,2
91-180,0,,,,,,,XGB,BASE+species,2019,2
181-270,0,,,,,,,XGB,BASE+species,2019,2
271-365,0,,,,,,,XGB,BASE+species,2019,2
1-7,0,,,,,,,LightGBM,BASE+species,2019,2
8-30,0,,,,,,,LightGBM,BASE+species,2019,2
31-90,0,,,,,,,LightGBM,BASE+species,2019,2
91-180,0,,,,,,,LightGBM,BASE+species,2019,2
181-270,0,,,,,,,LightGBM,BASE+species,2019,2
271-365,0,,,,,,,LightGBM,BASE+species,2019,2
1-7,0,,,,,,,SARIMAX,BASE+species,2019,2
8-30,0,,,,,,,SARIMAX,BASE+species,2019,2
31-90,0,,,,,,,SARIMAX,BASE+species,2019,2
91-180,0,,,,,,,SARIMAX,BASE+species,2019,2
181-270,0,,,,,,,SARIMAX,BASE+species,2019,2
271-365,0,,,,,,,SARIMAX,BASE+species,2019,2
1-7,0,,,,,,,Ensemble_unweighted,BASE+species,2019,2
8-30,0,,,,,,,Ensemble_unweighted,BASE+species,2019,2
31-90,0,,,,,,,Ensemble_unweighted,BASE+species,2019,2
91-180,0,,,,,,,Ensemble_unweighted,BASE+species,2019,2
181-270,0,,,,,,,Ensemble_unweighted,BASE+species,2019,2
271-365,0,,,,,,,Ensemble_unweighted,BASE+species,2019,2
1-7,0,,,,,,,Ensemble_MASEweighted,BASE+species,2019,2
8-30,0,,,,,,,Ensemble_MASEweighted,BASE+species,2019,2
31-90,0,,,,,,,Ensemble_MASEweighted,BASE+species,2019,2
91-180,0,,,,,,,Ensemble_MASEweighted,BASE+species,2019,2
181-270,0,,,,,,,Ensemble_MASEweighted,BASE+species,2019,2
271-365,0,,,,,,,Ensemble_MASEweighted,BASE+species,2019,2
1-7,0,,,,,,,RF,BASE+species,2019,4
8-30,8,-3.951,73.726,62.832,1.643,1.6415,-0.566,RF,BASE+species,2019,4
31-90,32,-0.675,29.01,22.681,1.0365,1.0384,0.179,RF,BASE+species,2019,4
91-180,62,0.175,79.546,50.429,0.6632,0.6638,0.45,RF,BASE+species,2019,4
181-270,61,0.537,24.664,18.343,0.6512,0.6521,0.753,RF,BASE+species,2019,4
271-365,66,0.191,47.465,20.335,0.769,0.7705,0.506,RF,BASE+species,2019,4
1-7,0,,,,,,,XGB,BASE+species,2019,4
8-30,8,-3.136,67.385,54.845,1.4342,1.4328,-0.843,XGB,BASE+species,2019,4
31-90,32,-0.252,25.082,18.354,0.8387,0.8403,0.234,XGB,BASE+species,2019,4
91-180,62,0.187,78.967,48.259,0.6347,0.6352,0.484,XGB,BASE+species,2019,4
181-270,61,0.536,24.688,17.846,0.6335,0.6344,0.769,XGB,BASE+species,2019,4
271-365,66,0.159,48.394,21.4,0.8092,0.8109,0.409,XGB,BASE+species,2019,4
1-7,0,,,,,,,LightGBM,BASE+species,2019,4
8-30,8,-2.919,65.592,54.231,1.4181,1.4168,-0.636,LightGBM,BASE+species,2019,4
31-90,32,-0.343,25.975,19.058,0.8709,0.8725,0.272,LightGBM,BASE+species,2019,4
91-180,62,0.198,78.43,48.795,0.6417,0.6423,0.473,LightGBM,BASE+species,2019,4
181-270,61,0.58,23.491,16.715,0.5934,0.5942,0.775,LightGBM,BASE+species,2019,4
271-365,66,0.12,49.487,20.362,0.77,0.7715,0.386,LightGBM,BASE+species,2019,4
1-7,0,,,,,,,SARIMAX,BASE+species,2019,4
8-30,8,-1.688,54.327,42.894,1.1217,1.1206,-0.353,SARIMAX,BASE+species,2019,4
31-90,32,-0.242,24.982,19.952,0.9117,0.9135,0.054,SARIMAX,BASE+species,2019,4
91-180,62,0.224,77.163,51.094,0.672,0.6725,0.479,SARIMAX,BASE+species,2019,4
181-270,61,0.451,26.838,21.254,0.7545,0.7555,0.774,SARIMAX,BASE+species,2019,4
271-365,66,0.091,50.299,26.294,0.9943,0.9963,0.407,SARIMAX,BASE+species,2019,4
1-7,0,,,,,,,Ensemble_unweighted,BASE+species,2019,4
8-30,8,-2.862,65.114,53.419,1.3969,1.3955,-0.702,Ensemble_unweighted,BASE+species,2019,4
31-90,32,-0.133,23.853,17.354,0.793,0.7945,0.216,Ensemble_unweighted,BASE+species,2019,4
91-180,62,0.206,78.012,48.802,0.6418,0.6424,0.482,Ensemble_unweighted,BASE+species,2019,4
181-270,61,0.579,23.509,16.618,0.5899,0.5907,0.773,Ensemble_unweighted,BASE+species,2019,4
271-365,66,0.168,48.123,19.941,0.7541,0.7556,0.437,Ensemble_unweighted,BASE+species,2019,4
1-7,0,,,,,,,Ensemble_MASEweighted,BASE+species,2019,4
8-30,8,-2.871,65.186,53.487,1.3987,1.3973,-0.707,Ensemble_MASEweighted,BASE+species,2019,4
31-90,32,-0.137,23.901,17.392,0.7948,0.7963,0.217,Ensemble_MASEweighted,BASE+species,2019,4
91-180,62,0.206,78.028,48.789,0.6416,0.6422,0.482,Ensemble_MASEweighted,BASE+species,2019,4
181-270,61,0.579,23.509,16.629,0.5904,0.5911,0.773,Ensemble_MASEweighted,BASE+species,2019,4
271-365,66,0.168,48.134,19.942,0.7541,0.7556,0.437,Ensemble_MASEweighted,BASE+species,2019,4
1-7,0,,,,,,,RF,BASE+species,2019,9
8-30,0,,,,,,,RF,BASE+species,2019,9
31-90,16,-0.848,27.301,22.192,1.3422,0.9758,0.296,RF,BASE+species,2019,9
91-180,81,0.264,61.298,45.727,0.806,0.74,0.529,RF,BASE+species,2019,9
181-270,49,0.06,65.272,41.483,1.0742,1.0554,0.375,RF,BASE+species,2019,9
271-365,49,0.098,108.551,55.784,0.7872,0.7426,0.635,RF,BASE+species,2019,9
1-7,0,,,,,,,XGB,BASE+species,2019,9
8-30,0,,,,,,,XGB,BASE+species,2019,9
31-90,16,-0.861,27.394,22.008,1.3311,0.9677,0.271,XGB,BASE+species,2019,9
91-180,81,0.295,59.994,41.9,0.7385,0.6781,0.562,XGB,BASE+species,2019,9
181-270,49,0.007,67.072,45.317,1.1735,1.153,0.388,XGB,BASE+species,2019,9
271-365,49,0.141,105.961,54.518,0.7693,0.7258,0.62,XGB,BASE+species,2019,9
1-7,0,,,,,,,LightGBM,BASE+species,2019,9
8-30,0,,,,,,,LightGBM,BASE+species,2019,9
31-90,16,-2.059,35.123,25.248,1.527,1.1101,0.313,LightGBM,BASE+species,2019,9
91-180,81,0.239,62.32,46.315,0.8164,0.7495,0.518,LightGBM,BASE+species,2019,9
181-270,49,0.048,65.686,44.597,1.1549,1.1347,0.421,LightGBM,BASE+species,2019,9
271-365,49,0.12,107.215,56.213,0.7933,0.7483,0.633,LightGBM,BASE+species,2019,9
1-7,0,,,,,,,SARIMAX,BASE+species,2019,9
8-30,0,,,,,,,SARIMAX,BASE+species,2019,9
31-90,16,-0.106,21.119,15.255,0.9226,0.6707,0.064,SARIMAX,BASE+species,2019,9
91-180,81,0.327,58.583,39.939,0.704,0.6464,0.576,SARIMAX,BASE+species,2019,9
181-270,49,0.143,62.315,37.446,0.9697,0.9527,0.385,SARIMAX,BASE+species,2019,9
271-365,49,0.09,109.042,56.907,0.8031,0.7576,0.591,SARIMAX,BASE+species,2019,9
1-7,0,,,,,,,Ensemble_unweighted,BASE+species,2019,9
8-30,0,,,,,,,Ensemble_unweighted,BASE+species,2019,9
31-90,16,-0.673,25.975,20.827,1.2597,0.9158,0.281,Ensemble_unweighted,BASE+species,2019,9
91-180,81,0.299,59.817,43.134,0.7603,0.6981,0.558,Ensemble_unweighted,BASE+species,2019,9
181-270,49,0.096,63.98,40.29,1.0433,1.0251,0.396,Ensemble_unweighted,BASE+species,2019,9
271-365,49,0.123,107.042,53.83,0.7596,0.7166,0.629,Ensemble_unweighted,BASE+species,2019,9
1-7,0,,,,,,,Ensemble_MASEweighted,BASE+species,2019,9
8-30,0,,,,,,,Ensemble_MASEweighted,BASE+species,2019,9
31-90,16,-0.69,26.105,20.918,1.2652,0.9197,0.282,Ensemble_MASEweighted,BASE+species,2019,9
91-180,81,0.298,59.838,43.16,0.7607,0.6985,0.558,Ensemble_MASEweighted,BASE+species,2019,9
181-270,49,0.095,64.043,40.429,1.0469,1.0286,0.396,Ensemble_MASEweighted,BASE+species,2019,9
271-365,49,0.123,107.02,53.857,0.76,0.717,0.629,Ensemble_MASEweighted,BASE+species,2019,9
1-7,0,,,,,,,RF,BASE+arable,2019,2
8-30,0,,,,,,,RF,BASE+arable,2019,2
31-90,0,,,,,,,RF,BASE+arable,2019,2
91-180,0,,,,,,,RF,BASE+arable,2019,2
181-270,0,,,,,,,RF,BASE+arable,2019,2
271-365,0,,,,,,,RF,BASE+arable,2019,2
1-7,0,,,,,,,XGB,BASE+arable,2019,2
8-30,0,,,,,,,XGB,BASE+arable,2019,2
31-90,0,,,,,,,XGB,BASE+arable,2019,2
91-180,0,,,,,,,XGB,BASE+arable,2019,2
181-270,0,,,,,,,XGB,BASE+arable,2019,2
271-365,0,,,,,,,XGB,BASE+arable,2019,2
1-7,0,,,,,,,LightGBM,BASE+arable,2019,2
8-30,0,,,,,,,LightGBM,BASE+arable,2019,2
31-90,0,,,,,,,LightGBM,BASE+arable,2019,2
91-180,0,,,,,,,LightGBM,BASE+arable,2019,2
181-270,0,,,,,,,LightGBM,BASE+arable,2019,2
271-365,0,,,,,,,LightGBM,BASE+arable,2019,2
1-7,0,,,,,,,SARIMAX,BASE+arable,2019,2
8-30,0,,,,,,,SARIMAX,BASE+arable,2019,2
31-90,0,,,,,,,SARIMAX,BASE+arable,2019,2
91-180,0,,,,,,,SARIMAX,BASE+arable,2019,2
181-270,0,,,,,,,SARIMAX,BASE+arable,2019,2
271-365,0,,,,,,,SARIMAX,BASE+arable,2019,2
1-7,0,,,,,,,Ensemble_unweighted,BASE+arable,2019,2
8-30,0,,,,,,,Ensemble_unweighted,BASE+arable,2019,2
31-90,0,,,,,,,Ensemble_unweighted,BASE+arable,2019,2
91-180,0,,,,,,,Ensemble_unweighted,BASE+arable,2019,2
181-270,0,,,,,,,Ensemble_unweighted,BASE+arable,2019,2
271-365,0,,,,,,,Ensemble_unweighted,BASE+arable,2019,2
1-7,0,,,,,,,Ensemble_MASEweighted,BASE+arable,2019,2
8-30,0,,,,,,,Ensemble_MASEweighted,BASE+arable,2019,2
31-90,0,,,,,,,Ensemble_MASEweighted,BASE+arable,2019,2
91-180,0,,,,,,,Ensemble_MASEweighted,BASE+arable,2019,2
181-270,0,,,,,,,Ensemble_MASEweighted,BASE+arable,2019,2
271-365,0,,,,,,,Ensemble_MASEweighted,BASE+arable,2019,2
1-7,0,,,,,,,RF,BASE+arable,2019,4
8-30,8,-3.959,73.782,62.959,1.6464,1.6448,-0.576,RF,BASE+arable,2019,4
31-90,32,-0.661,28.888,22.871,1.0452,1.0471,0.193,RF,BASE+arable,2019,4
91-180,62,0.176,79.481,50.139,0.6594,0.66,0.458,RF,BASE+arable,2019,4
181-270,61,0.551,24.282,17.96,0.6376,0.6384,0.759,RF,BASE+arable,2019,4
271-365,66,0.176,47.891,20.394,0.7712,0.7728,0.487,RF,BASE+arable,2019,4
1-7,0,,,,,,,XGB,BASE+arable,2019,4
8-30,8,-3.084,66.958,54.766,1.4321,1.4307,-0.837,XGB,BASE+arable,2019,4
31-90,32,-0.235,24.906,18.234,0.8332,0.8348,0.258,XGB,BASE+arable,2019,4
91-180,62,0.177,79.438,48.364,0.636,0.6366,0.473,XGB,BASE+arable,2019,4
181-270,61,0.523,25.028,17.952,0.6373,0.6382,0.77,XGB,BASE+arable,2019,4
271-365,66,0.129,49.251,21.788,0.8239,0.8256,0.367,XGB,BASE+arable,2019,4
1-7,0,,,,,,,LightGBM,BASE+arable,2019,4
8-30,8,-3.344,69.056,57.492,1.5034,1.502,-0.657,LightGBM,BASE+arable,2019,4
31-90,32,-0.34,25.941,18.869,0.8623,0.8639,0.218,LightGBM,BASE+arable,2019,4
91-180,62,0.201,78.285,47.273,0.6217,0.6222,0.505,LightGBM,BASE+arable,2019,4
181-270,61,0.585,23.355,16.442,0.5837,0.5845,0.775,LightGBM,BASE+arable,2019,4
271-365,66,0.178,47.826,19.897,0.7524,0.7539,0.482,LightGBM,BASE+arable,2019,4
1-7,0,,,,,,,SARIMAX,BASE+arable,2019,4
8-30,8,-1.688,54.327,42.894,1.1217,1.1206,-0.353,SARIMAX,BASE+arable,2019,4
31-90,32,-0.242,24.982,19.952,0.9117,0.9135,0.054,SARIMAX,BASE+arable,2019,4
91-180,62,0.224,77.163,51.094,0.672,0.6725,0.479,SARIMAX,BASE+arable,2019,4
181-270,61,0.451,26.838,21.254,0.7545,0.7555,0.774,SARIMAX,BASE+arable,2019,4
271-365,66,0.091,50.299,26.294,0.9943,0.9963,0.407,SARIMAX,BASE+arable,2019,4
1-7,0,,,,,,,Ensemble_unweighted,BASE+arable,2019,4
8-30,8,-2.955,65.894,54.246,1.4185,1.4172,-0.686,Ensemble_unweighted,BASE+arable,2019,4
31-90,32,-0.135,23.877,17.421,0.7961,0.7976,0.207,Ensemble_unweighted,BASE+arable,2019,4
91-180,62,0.205,78.068,48.497,0.6378,0.6383,0.488,Ensemble_unweighted,BASE+arable,2019,4
181-270,61,0.585,23.355,16.387,0.5818,0.5825,0.775,Ensemble_unweighted,BASE+arable,2019,4
271-365,66,0.17,48.077,20.025,0.7572,0.7588,0.441,Ensemble_unweighted,BASE+arable,2019,4
1-7,0,,,,,,,Ensemble_MASEweighted,BASE+arable,2019,4
8-30,8,-2.966,65.983,54.332,1.4208,1.4194,-0.69,Ensemble_MASEweighted,BASE+arable,2019,4
31-90,32,-0.139,23.924,17.445,0.7972,0.7987,0.208,Ensemble_MASEweighted,BASE+arable,2019,4
91-180,62,0.205,78.089,48.481,0.6376,0.6381,0.488,Ensemble_MASEweighted,BASE+arable,2019,4
181-270,61,0.584,23.359,16.399,0.5822,0.583,0.775,Ensemble_MASEweighted,BASE+arable,2019,4
271-365,66,0.17,48.083,20.023,0.7572,0.7587,0.441,Ensemble_MASEweighted,BASE+arable,2019,4
1-7,0,,,,,,,RF,BASE+arable,2019,9
8-30,0,,,,,,,RF,BASE+arable,2019,9
31-90,16,-0.917,27.803,22.644,1.3696,0.9957,0.261,RF,BASE+arable,2019,9
91-180,81,0.28,60.614,44.848,0.7905,0.7258,0.548,RF,BASE+arable,2019,9
181-270,49,0.041,65.929,42.464,1.0996,1.0804,0.369,RF,BASE+arable,2019,9
271-365,49,0.094,108.783,56.126,0.792,0.7472,0.621,RF,BASE+arable,2019,9
1-7,0,,,,,,,XGB,BASE+arable,2019,9
8-30,0,,,,,,,XGB,BASE+arable,2019,9
31-90,16,-0.9,27.681,21.61,1.307,0.9502,0.332,XGB,BASE+arable,2019,9
91-180,81,0.318,59.003,41.379,0.7294,0.6697,0.589,XGB,BASE+arable,2019,9
181-270,49,0.008,67.029,45.74,1.1844,1.1637,0.394,XGB,BASE+arable,2019,9
271-365,49,0.145,105.675,54.719,0.7722,0.7285,0.627,XGB,BASE+arable,2019,9
1-7,0,,,,,,,LightGBM,BASE+arable,2019,9
8-30,0,,,,,,,LightGBM,BASE+arable,2019,9
31-90,16,-1.82,33.721,24.44,1.4782,1.0746,0.342,LightGBM,BASE+arable,2019,9
91-180,81,0.253,61.718,44.437,0.7833,0.7192,0.515,LightGBM,BASE+arable,2019,9
181-270,49,0.07,64.907,43.361,1.1228,1.1032,0.427,LightGBM,BASE+arable,2019,9
271-365,49,0.104,108.232,56.637,0.7993,0.754,0.615,LightGBM,BASE+arable,2019,9
1-7,0,,,,,,,SARIMAX,BASE+arable,2019,9
8-30,0,,,,,,,SARIMAX,BASE+arable,2019,9
31-90,16,-0.106,21.119,15.255,0.9226,0.6707,0.064,SARIMAX,BASE+arable,2019,9
91-180,81,0.327,58.583,39.939,0.704,0.6464,0.576,SARIMAX,BASE+arable,2019,9
181-270,49,0.143,62.315,37.446,0.9697,0.9527,0.385,SARIMAX,BASE+arable,2019,9
271-365,49,0.09,109.042,56.907,0.8031,0.7576,0.591,SARIMAX,BASE+arable,2019,9
1-7,0,,,,,,,Ensemble_unweighted,BASE+arable,2019,9
8-30,0,,,,,,,Ensemble_unweighted,BASE+arable,2019,9
31-90,16,-0.65,25.797,20.544,1.2425,0.9033,0.303,Ensemble_unweighted,BASE+arable,2019,9
91-180,81,0.309,59.363,42.331,0.7461,0.6851,0.572,Ensemble_unweighted,BASE+arable,2019,9
181-270,49,0.097,63.946,40.244,1.0421,1.0239,0.398,Ensemble_unweighted,BASE+arable,2019,9
271-365,49,0.119,107.272,54.1,0.7635,0.7202,0.625,Ensemble_unweighted,BASE+arable,2019,9
1-7,0,,,,,,,Ensemble_MASEweighted,BASE+arable,2019,9
8-30,0,,,,,,,Ensemble_MASEweighted,BASE+arable,2019,9
31-90,16,-0.666,25.919,20.622,1.2472,0.9067,0.305,Ensemble_MASEweighted,BASE+arable,2019,9
91-180,81,0.309,59.379,42.345,0.7464,0.6853,0.571,Ensemble_MASEweighted,BASE+arable,2019,9
181-270,49,0.096,64.001,40.379,1.0456,1.0273,0.398,Ensemble_MASEweighted,BASE+arable,2019,9
271-365,49,0.12,107.252,54.122,0.7638,0.7205,0.625,Ensemble_MASEweighted,BASE+arable,2019,9
1-7,0,,,,,,,RF,BASE+flow,2019,2
8-30,0,,,,,,,RF,BASE+flow,2019,2
31-90,0,,,,,,,RF,BASE+flow,2019,2
91-180,0,,,,,,,RF,BASE+flow,2019,2
181-270,0,,,,,,,RF,BASE+flow,2019,2
271-365,0,,,,,,,RF,BASE+flow,2019,2
1-7,0,,,,,,,XGB,BASE+flow,2019,2
8-30,0,,,,,,,XGB,BASE+flow,2019,2
31-90,0,,,,,,,XGB,BASE+flow,2019,2
91-180,0,,,,,,,XGB,BASE+flow,2019,2
181-270,0,,,,,,,XGB,BASE+flow,2019,2
271-365,0,,,,,,,XGB,BASE+flow,2019,2
1-7,0,,,,,,,LightGBM,BASE+flow,2019,2
8-30,0,,,,,,,LightGBM,BASE+flow,2019,2
31-90,0,,,,,,,LightGBM,BASE+flow,2019,2
91-180,0,,,,,,,LightGBM,BASE+flow,2019,2
181-270,0,,,,,,,LightGBM,BASE+flow,2019,2
271-365,0,,,,,,,LightGBM,BASE+flow,2019,2
1-7,0,,,,,,,SARIMAX,BASE+flow,2019,2
8-30,0,,,,,,,SARIMAX,BASE+flow,2019,2
31-90,0,,,,,,,SARIMAX,BASE+flow,2019,2
91-180,0,,,,,,,SARIMAX,BASE+flow,2019,2
181-270,0,,,,,,,SARIMAX,BASE+flow,2019,2
271-365,0,,,,,,,SARIMAX,BASE+flow,2019,2
1-7,0,,,,,,,Ensemble_unweighted,BASE+flow,2019,2
8-30,0,,,,,,,Ensemble_unweighted,BASE+flow,2019,2
31-90,0,,,,,,,Ensemble_unweighted,BASE+flow,2019,2
91-180,0,,,,,,,Ensemble_unweighted,BASE+flow,2019,2
181-270,0,,,,,,,Ensemble_unweighted,BASE+flow,2019,2
271-365,0,,,,,,,Ensemble_unweighted,BASE+flow,2019,2
1-7,0,,,,,,,Ensemble_MASEweighted,BASE+flow,2019,2
8-30,0,,,,,,,Ensemble_MASEweighted,BASE+flow,2019,2
31-90,0,,,,,,,Ensemble_MASEweighted,BASE+flow,2019,2
91-180,0,,,,,,,Ensemble_MASEweighted,BASE+flow,2019,2
181-270,0,,,,,,,Ensemble_MASEweighted,BASE+flow,2019,2
271-365,0,,,,,,,Ensemble_MASEweighted,BASE+flow,2019,2
1-7,0,,,,,,,RF,BASE+flow,2019,4
8-30,8,-4.037,74.361,63.423,1.6585,1.6569,-0.66,RF,BASE+flow,2019,4
31-90,32,-0.683,29.075,23.134,1.0572,1.0592,0.174,RF,BASE+flow,2019,4
91-180,62,0.167,79.933,49.839,0.6554,0.656,0.454,RF,BASE+flow,2019,4
181-270,61,0.521,25.067,18.623,0.6612,0.662,0.753,RF,BASE+flow,2019,4
271-365,66,0.17,48.074,20.461,0.7737,0.7753,0.485,RF,BASE+flow,2019,4
1-7,0,,,,,,,XGB,BASE+flow,2019,4
8-30,8,-3.053,66.701,53.725,1.4049,1.4036,-0.895,XGB,BASE+flow,2019,4
31-90,32,-0.189,24.44,18.272,0.835,0.8366,0.303,XGB,BASE+flow,2019,4
91-180,62,0.182,79.229,48.094,0.6325,0.633,0.478,XGB,BASE+flow,2019,4
181-270,61,0.519,25.123,18.327,0.6506,0.6515,0.77,XGB,BASE+flow,2019,4
271-365,66,0.133,49.13,21.703,0.8207,0.8224,0.374,XGB,BASE+flow,2019,4
1-7,0,,,,,,,LightGBM,BASE+flow,2019,4
8-30,8,-3.159,67.569,55.712,1.4569,1.4555,-0.714,LightGBM,BASE+flow,2019,4
31-90,32,-0.314,25.686,19.029,0.8696,0.8712,0.281,LightGBM,BASE+flow,2019,4
91-180,62,0.206,78.045,48.071,0.6322,0.6327,0.482,LightGBM,BASE+flow,2019,4
181-270,61,0.573,23.681,16.869,0.5989,0.5996,0.775,LightGBM,BASE+flow,2019,4
271-365,66,0.156,48.459,21.253,0.8037,0.8053,0.423,LightGBM,BASE+flow,2019,4
1-7,0,,,,,,,SARIMAX,BASE+flow,2019,4
8-30,8,-1.688,54.327,42.894,1.1217,1.1206,-0.353,SARIMAX,BASE+flow,2019,4
31-90,32,-0.242,24.982,19.952,0.9117,0.9135,0.054,SARIMAX,BASE+flow,2019,4
91-180,62,0.224,77.163,51.094,0.672,0.6725,0.479,SARIMAX,BASE+flow,2019,4
181-270,61,0.451,26.838,21.254,0.7545,0.7555,0.774,SARIMAX,BASE+flow,2019,4
271-365,66,0.091,50.299,26.294,0.9943,0.9963,0.407,SARIMAX,BASE+flow,2019,4
1-7,0,,,,,,,Ensemble_unweighted,BASE+flow,2019,4
8-30,8,-2.92,65.601,53.657,1.4031,1.4018,-0.769,Ensemble_unweighted,BASE+flow,2019,4
31-90,32,-0.114,23.657,17.209,0.7864,0.7879,0.237,Ensemble_unweighted,BASE+flow,2019,4
91-180,62,0.206,78.058,48.466,0.6374,0.6379,0.484,Ensemble_unweighted,BASE+flow,2019,4
181-270,61,0.578,23.531,16.6,0.5893,0.5901,0.775,Ensemble_unweighted,BASE+flow,2019,4
271-365,66,0.164,48.233,20.147,0.7619,0.7634,0.43,Ensemble_unweighted,BASE+flow,2019,4
1-7,0,,,,,,,Ensemble_MASEweighted,BASE+flow,2019,4
8-30,8,-2.929,65.676,53.721,1.4048,1.4034,-0.773,Ensemble_MASEweighted,BASE+flow,2019,4
31-90,32,-0.118,23.697,17.238,0.7877,0.7892,0.239,Ensemble_MASEweighted,BASE+flow,2019,4
91-180,62,0.205,78.073,48.452,0.6372,0.6378,0.484,Ensemble_MASEweighted,BASE+flow,2019,4
181-270,61,0.578,23.537,16.618,0.59,0.5907,0.775,Ensemble_MASEweighted,BASE+flow,2019,4
271-365,66,0.164,48.242,20.162,0.7624,0.7639,0.429,Ensemble_MASEweighted,BASE+flow,2019,4
1-7,0,,,,,,,RF,BASE+flow,2019,9
8-30,0,,,,,,,RF,BASE+flow,2019,9
31-90,16,-0.93,27.901,23.104,1.3974,1.0159,0.277,RF,BASE+flow,2019,9
91-180,81,0.273,60.885,45.333,0.7991,0.7337,0.546,RF,BASE+flow,2019,9
181-270,49,0.031,66.246,43.057,1.115,1.0955,0.364,RF,BASE+flow,2019,9
271-365,49,0.094,108.796,56.117,0.7919,0.7471,0.647,RF,BASE+flow,2019,9
1-7,0,,,,,,,XGB,BASE+flow,2019,9
8-30,0,,,,,,,XGB,BASE+flow,2019,9
31-90,16,-1.275,30.293,24.7,1.4939,1.086,0.317,XGB,BASE+flow,2019,9
91-180,81,0.287,60.327,42.351,0.7465,0.6854,0.553,XGB,BASE+flow,2019,9
181-270,49,0.007,67.072,45.771,1.1852,1.1645,0.393,XGB,BASE+flow,2019,9
271-365,49,0.147,105.584,54.883,0.7745,0.7306,0.634,XGB,BASE+flow,2019,9
1-7,0,,,,,,,LightGBM,BASE+flow,2019,9
8-30,0,,,,,,,LightGBM,BASE+flow,2019,9
31-90,16,-1.803,33.624,24.807,1.5003,1.0907,0.353,LightGBM,BASE+flow,2019,9
91-180,81,0.214,63.336,46.902,0.8267,0.759,0.502,LightGBM,BASE+flow,2019,9
181-270,49,0.017,66.74,44.847,1.1613,1.141,0.369,LightGBM,BASE+flow,2019,9
271-365,49,0.101,108.386,56.77,0.8011,0.7558,0.625,LightGBM,BASE+flow,2019,9
1-7,0,,,,,,,SARIMAX,BASE+flow,2019,9
8-30,0,,,,,,,SARIMAX,BASE+flow,2019,9
31-90,16,-0.106,21.119,15.255,0.9226,0.6707,0.064,SARIMAX,BASE+flow,2019,9
91-180,81,0.327,58.583,39.939,0.704,0.6464,0.576,SARIMAX,BASE+flow,2019,9
181-270,49,0.143,62.315,37.446,0.9697,0.9527,0.385,SARIMAX,BASE+flow,2019,9
271-365,49,0.09,109.042,56.907,0.8031,0.7576,0.591,SARIMAX,BASE+flow,2019,9
1-7,0,,,,,,,Ensemble_unweighted,BASE+flow,2019,9
8-30,0,,,,,,,Ensemble_unweighted,BASE+flow,2019,9
31-90,16,-0.723,26.361,21.468,1.2984,0.9439,0.307,Ensemble_unweighted,BASE+flow,2019,9
91-180,81,0.301,59.741,43.029,0.7584,0.6964,0.563,Ensemble_unweighted,BASE+flow,2019,9
181-270,49,0.082,64.481,40.668,1.0531,1.0347,0.382,Ensemble_unweighted,BASE+flow,2019,9
271-365,49,0.119,107.297,54.171,0.7645,0.7212,0.632,Ensemble_unweighted,BASE+flow,2019,9
1-7,0,,,,,,,Ensemble_MASEweighted,BASE+flow,2019,9
8-30,0,,,,,,,Ensemble_MASEweighted,BASE+flow,2019,9
31-90,16,-0.742,26.506,21.57,1.3046,0.9484,0.309,Ensemble_MASEweighted,BASE+flow,2019,9
91-180,81,0.3,59.771,43.069,0.7591,0.697,0.563,Ensemble_MASEweighted,BASE+flow,2019,9
181-270,49,0.08,64.546,40.807,1.0567,1.0382,0.382,Ensemble_MASEweighted,BASE+flow,2019,9
271-365,49,0.119,107.278,54.202,0.7649,0.7216,0.632,Ensemble_MASEweighted,BASE+flow,2019,9
1-7,0,,,,,,,RF,BASE+mgmt,2019,2
8-30,0,,,,,,,RF,BASE+mgmt,2019,2
31-90,0,,,,,,,RF,BASE+mgmt,2019,2
91-180,0,,,,,,,RF,BASE+mgmt,2019,2
181-270,0,,,,,,,RF,BASE+mgmt,2019,2
271-365,0,,,,,,,RF,BASE+mgmt,2019,2
1-7,0,,,,,,,XGB,BASE+mgmt,2019,2
8-30,0,,,,,,,XGB,BASE+mgmt,2019,2
31-90,0,,,,,,,XGB,BASE+mgmt,2019,2
91-180,0,,,,,,,XGB,BASE+mgmt,2019,2
181-270,0,,,,,,,XGB,BASE+mgmt,2019,2
271-365,0,,,,,,,XGB,BASE+mgmt,2019,2
1-7,0,,,,,,,LightGBM,BASE+mgmt,2019,2
8-30,0,,,,,,,LightGBM,BASE+mgmt,2019,2
31-90,0,,,,,,,LightGBM,BASE+mgmt,2019,2
91-180,0,,,,,,,LightGBM,BASE+mgmt,2019,2
181-270,0,,,,,,,LightGBM,BASE+mgmt,2019,2
271-365,0,,,,,,,LightGBM,BASE+mgmt,2019,2
1-7,0,,,,,,,SARIMAX,BASE+mgmt,2019,2
8-30,0,,,,,,,SARIMAX,BASE+mgmt,2019,2
31-90,0,,,,,,,SARIMAX,BASE+mgmt,2019,2
91-180,0,,,,,,,SARIMAX,BASE+mgmt,2019,2
181-270,0,,,,,,,SARIMAX,BASE+mgmt,2019,2
271-365,0,,,,,,,SARIMAX,BASE+mgmt,2019,2
1-7,0,,,,,,,Ensemble_unweighted,BASE+mgmt,2019,2
8-30,0,,,,,,,Ensemble_unweighted,BASE+mgmt,2019,2
31-90,0,,,,,,,Ensemble_unweighted,BASE+mgmt,2019,2
91-180,0,,,,,,,Ensemble_unweighted,BASE+mgmt,2019,2
181-270,0,,,,,,,Ensemble_unweighted,BASE+mgmt,2019,2
271-365,0,,,,,,,Ensemble_unweighted,BASE+mgmt,2019,2
1-7,0,,,,,,,Ensemble_MASEweighted,BASE+mgmt,2019,2
8-30,0,,,,,,,Ensemble_MASEweighted,BASE+mgmt,2019,2
31-90,0,,,,,,,Ensemble_MASEweighted,BASE+mgmt,2019,2
91-180,0,,,,,,,Ensemble_MASEweighted,BASE+mgmt,2019,2
181-270,0,,,,,,,Ensemble_MASEweighted,BASE+mgmt,2019,2
271-365,0,,,,,,,Ensemble_MASEweighted,BASE+mgmt,2019,2
1-7,0,,,,,,,RF,BASE+mgmt,2019,4
8-30,8,-3.758,72.271,61.289,1.6027,1.6011,-0.591,RF,BASE+mgmt,2019,4
31-90,32,-0.551,27.911,21.795,0.9959,0.9978,0.19,RF,BASE+mgmt,2019,4
91-180,62,0.17,79.794,50.189,0.6601,0.6606,0.446,RF,BASE+mgmt,2019,4
181-270,61,0.52,25.113,18.667,0.6627,0.6636,0.759,RF,BASE+mgmt,2019,4
271-365,66,0.186,47.599,19.952,0.7545,0.756,0.486,RF,BASE+mgmt,2019,4
1-7,0,,,,,,,XGB,BASE+mgmt,2019,4
8-30,8,-2.974,66.05,53.607,1.4018,1.4005,-0.84,XGB,BASE+mgmt,2019,4
31-90,32,-0.203,24.579,17.824,0.8145,0.816,0.227,XGB,BASE+mgmt,2019,4
91-180,62,0.18,79.299,48.126,0.6329,0.6335,0.475,XGB,BASE+mgmt,2019,4
181-270,61,0.511,25.348,18.176,0.6453,0.6461,0.759,XGB,BASE+mgmt,2019,4
271-365,66,0.132,49.157,21.569,0.8156,0.8173,0.373,XGB,BASE+mgmt,2019,4
1-7,0,,,,,,,LightGBM,BASE+mgmt,2019,4
8-30,8,-2.857,65.071,53.305,1.3939,1.3926,-0.621,LightGBM,BASE+mgmt,2019,4
31-90,32,-0.362,26.158,19.329,0.8833,0.885,0.244,LightGBM,BASE+mgmt,2019,4
91-180,62,0.224,77.163,47.691,0.6272,0.6277,0.491,LightGBM,BASE+mgmt,2019,4
181-270,61,0.561,24.012,17.287,0.6137,0.6145,0.768,LightGBM,BASE+mgmt,2019,4
271-365,66,0.16,48.359,21.648,0.8186,0.8203,0.416,LightGBM,BASE+mgmt,2019,4
1-7,0,,,,,,,SARIMAX,BASE+mgmt,2019,4
8-30,8,-1.688,54.327,42.894,1.1217,1.1206,-0.353,SARIMAX,BASE+mgmt,2019,4
31-90,32,-0.242,24.982,19.952,0.9117,0.9135,0.054,SARIMAX,BASE+mgmt,2019,4
91-180,62,0.224,77.163,51.094,0.672,0.6725,0.479,SARIMAX,BASE+mgmt,2019,4
181-270,61,0.451,26.838,21.254,0.7545,0.7555,0.774,SARIMAX,BASE+mgmt,2019,4
271-365,66,0.091,50.299,26.294,0.9943,0.9963,0.407,SARIMAX,BASE+mgmt,2019,4
1-7,0,,,,,,,Ensemble_unweighted,BASE+mgmt,2019,4
8-30,8,-2.767,64.311,52.492,1.3726,1.3713,-0.686,Ensemble_unweighted,BASE+mgmt,2019,4
31-90,32,-0.121,23.727,17.389,0.7946,0.7961,0.206,Ensemble_unweighted,BASE+mgmt,2019,4
91-180,62,0.212,77.734,48.435,0.637,0.6375,0.487,Ensemble_unweighted,BASE+mgmt,2019,4
181-270,61,0.568,23.806,16.799,0.5964,0.5972,0.771,Ensemble_unweighted,BASE+mgmt,2019,4
271-365,66,0.167,48.156,20.239,0.7653,0.7669,0.427,Ensemble_unweighted,BASE+mgmt,2019,4
1-7,0,,,,,,,Ensemble_MASEweighted,BASE+mgmt,2019,4
8-30,8,-2.775,64.377,52.552,1.3742,1.3729,-0.69,Ensemble_MASEweighted,BASE+mgmt,2019,4
31-90,32,-0.125,23.772,17.414,0.7958,0.7973,0.207,Ensemble_MASEweighted,BASE+mgmt,2019,4
91-180,62,0.212,77.742,48.417,0.6367,0.6373,0.487,Ensemble_MASEweighted,BASE+mgmt,2019,4
181-270,61,0.568,23.818,16.822,0.5972,0.598,0.771,Ensemble_MASEweighted,BASE+mgmt,2019,4
271-365,66,0.167,48.165,20.243,0.7655,0.767,0.427,Ensemble_MASEweighted,BASE+mgmt,2019,4
1-7,0,,,,,,,RF,BASE+mgmt,2019,9
8-30,0,,,,,,,RF,BASE+mgmt,2019,9
31-90,16,-0.724,26.37,21.342,1.2908,0.9384,0.26,RF,BASE+mgmt,2019,9
91-180,81,0.291,60.132,43.898,0.7738,0.7104,0.559,RF,BASE+mgmt,2019,9
181-270,49,-0.012,67.725,45.144,1.169,1.1486,0.325,RF,BASE+mgmt,2019,9
271-365,49,0.105,108.152,56.693,0.8,0.7547,0.609,RF,BASE+mgmt,2019,9
1-7,0,,,,,,,XGB,BASE+mgmt,2019,9
8-30,0,,,,,,,XGB,BASE+mgmt,2019,9
31-90,16,-0.645,25.757,20.757,1.2554,0.9127,0.33,XGB,BASE+mgmt,2019,9
91-180,81,0.317,59.037,41.407,0.7298,0.6701,0.576,XGB,BASE+mgmt,2019,9
181-270,49,-0.03,68.303,46.945,1.2156,1.1944,0.356,XGB,BASE+mgmt,2019,9
271-365,49,0.176,103.778,54.337,0.7668,0.7234,0.58,XGB,BASE+mgmt,2019,9
1-7,0,,,,,,,LightGBM,BASE+mgmt,2019,9
8-30,0,,,,,,,LightGBM,BASE+mgmt,2019,9
31-90,16,-0.984,28.285,21.488,1.2996,0.9448,0.324,LightGBM,BASE+mgmt,2019,9
91-180,81,0.196,64.033,46.903,0.8267,0.7591,0.473,LightGBM,BASE+mgmt,2019,9
181-270,49,0.058,65.311,43.944,1.1379,1.118,0.402,LightGBM,BASE+mgmt,2019,9
271-365,49,0.167,104.331,55.169,0.7785,0.7344,0.609,LightGBM,BASE+mgmt,2019,9
1-7,0,,,,,,,SARIMAX,BASE+mgmt,2019,9
8-30,0,,,,,,,SARIMAX,BASE+mgmt,2019,9
31-90,16,-0.106,21.119,15.255,0.9226,0.6707,0.064,SARIMAX,BASE+mgmt,2019,9
91-180,81,0.327,58.583,39.939,0.704,0.6464,0.576,SARIMAX,BASE+mgmt,2019,9
181-270,49,0.143,62.315,37.446,0.9697,0.9527,0.385,SARIMAX,BASE+mgmt,2019,9
271-365,49,0.09,109.042,56.907,0.8031,0.7576,0.591,SARIMAX,BASE+mgmt,2019,9
1-7,0,,,,,,,Ensemble_unweighted,BASE+mgmt,2019,9
8-30,0,,,,,,,Ensemble_unweighted,BASE+mgmt,2019,9
31-90,16,-0.449,24.175,19.29,1.1667,0.8482,0.285,Ensemble_unweighted,BASE+mgmt,2019,9
91-180,81,0.304,59.586,42.556,0.7501,0.6887,0.562,Ensemble_unweighted,BASE+mgmt,2019,9
181-270,49,0.076,64.693,41.019,1.0622,1.0436,0.372,Ensemble_unweighted,BASE+mgmt,2019,9
271-365,49,0.149,105.457,53.659,0.7572,0.7144,0.614,Ensemble_unweighted,BASE+mgmt,2019,9
1-7,0,,,,,,,Ensemble_MASEweighted,BASE+mgmt,2019,9
8-30,0,,,,,,,Ensemble_MASEweighted,BASE+mgmt,2019,9
31-90,16,-0.458,24.251,19.351,1.1704,0.8508,0.287,Ensemble_MASEweighted,BASE+mgmt,2019,9
91-180,81,0.303,59.614,42.588,0.7507,0.6892,0.561,Ensemble_MASEweighted,BASE+mgmt,2019,9
181-270,49,0.074,64.755,41.165,1.066,1.0473,0.372,Ensemble_MASEweighted,BASE+mgmt,2019,9
271-365,49,0.15,105.404,53.679,0.7575,0.7146,0.613,Ensemble_MASEweighted,BASE+mgmt,2019,9
1-7,0,,,,,,,RF,BASE+bodyweight,2019,2
8-30,0,,,,,,,RF,BASE+bodyweight,2019,2
31-90,0,,,,,,,RF,BASE+bodyweight,2019,2
91-180,0,,,,,,,RF,BASE+bodyweight,2019,2
181-270,0,,,,,,,RF,BASE+bodyweight,2019,2
271-365,0,,,,,,,RF,BASE+bodyweight,2019,2
1-7,0,,,,,,,XGB,BASE+bodyweight,2019,2
8-30,0,,,,,,,XGB,BASE+bodyweight,2019,2
31-90,0,,,,,,,XGB,BASE+bodyweight,2019,2
91-180,0,,,,,,,XGB,BASE+bodyweight,2019,2
181-270,0,,,,,,,XGB,BASE+bodyweight,2019,2
271-365,0,,,,,,,XGB,BASE+bodyweight,2019,2
1-7,0,,,,,,,LightGBM,BASE+bodyweight,2019,2
8-30,0,,,,,,,LightGBM,BASE+bodyweight,2019,2
31-90,0,,,,,,,LightGBM,BASE+bodyweight,2019,2
91-180,0,,,,,,,LightGBM,BASE+bodyweight,2019,2
181-270,0,,,,,,,LightGBM,BASE+bodyweight,2019,2
271-365,0,,,,,,,LightGBM,BASE+bodyweight,2019,2
1-7,0,,,,,,,SARIMAX,BASE+bodyweight,2019,2
8-30,0,,,,,,,SARIMAX,BASE+bodyweight,2019,2
31-90,0,,,,,,,SARIMAX,BASE+bodyweight,2019,2
91-180,0,,,,,,,SARIMAX,BASE+bodyweight,2019,2
181-270,0,,,,,,,SARIMAX,BASE+bodyweight,2019,2
271-365,0,,,,,,,SARIMAX,BASE+bodyweight,2019,2
1-7,0,,,,,,,Ensemble_unweighted,BASE+bodyweight,2019,2
8-30,0,,,,,,,Ensemble_unweighted,BASE+bodyweight,2019,2
31-90,0,,,,,,,Ensemble_unweighted,BASE+bodyweight,2019,2
91-180,0,,,,,,,Ensemble_unweighted,BASE+bodyweight,2019,2
181-270,0,,,,,,,Ensemble_unweighted,BASE+bodyweight,2019,2
271-365,0,,,,,,,Ensemble_unweighted,BASE+bodyweight,2019,2
1-7,0,,,,,,,Ensemble_MASEweighted,BASE+bodyweight,2019,2
8-30,0,,,,,,,Ensemble_MASEweighted,BASE+bodyweight,2019,2
31-90,0,,,,,,,Ensemble_MASEweighted,BASE+bodyweight,2019,2
91-180,0,,,,,,,Ensemble_MASEweighted,BASE+bodyweight,2019,2
181-270,0,,,,,,,Ensemble_MASEweighted,BASE+bodyweight,2019,2
271-365,0,,,,,,,Ensemble_MASEweighted,BASE+bodyweight,2019,2
1-7,0,,,,,,,RF,BASE+bodyweight,2019,4
8-30,8,-3.931,73.578,62.944,1.646,1.6444,-0.54,RF,BASE+bodyweight,2019,4
31-90,32,-0.675,29.003,22.895,1.0462,1.0482,0.201,RF,BASE+bodyweight,2019,4
91-180,62,0.161,80.205,49.846,0.6555,0.6561,0.46,RF,BASE+bodyweight,2019,4
181-270,61,0.518,25.151,18.762,0.6661,0.6669,0.746,RF,BASE+bodyweight,2019,4
271-365,66,0.19,47.489,20.018,0.757,0.7585,0.503,RF,BASE+bodyweight,2019,4
1-7,0,,,,,,,XGB,BASE+bodyweight,2019,4
8-30,8,-3.119,67.247,54.772,1.4323,1.4309,-0.862,XGB,BASE+bodyweight,2019,4
31-90,32,-0.231,24.869,18.239,0.8335,0.835,0.253,XGB,BASE+bodyweight,2019,4
91-180,62,0.175,79.563,48.365,0.6361,0.6366,0.468,XGB,BASE+bodyweight,2019,4
181-270,61,0.519,25.139,18.077,0.6418,0.6426,0.768,XGB,BASE+bodyweight,2019,4
271-365,66,0.154,48.522,21.481,0.8123,0.814,0.402,XGB,BASE+bodyweight,2019,4
1-7,0,,,,,,,LightGBM,BASE+bodyweight,2019,4
8-30,8,-3.19,67.824,56.243,1.4707,1.4693,-0.546,LightGBM,BASE+bodyweight,2019,4
31-90,32,-0.34,25.945,19.06,0.871,0.8726,0.26,LightGBM,BASE+bodyweight,2019,4
91-180,62,0.179,79.335,48.085,0.6324,0.6329,0.493,LightGBM,BASE+bodyweight,2019,4
181-270,61,0.571,23.74,17.003,0.6036,0.6044,0.772,LightGBM,BASE+bodyweight,2019,4
271-365,66,0.157,48.455,21.398,0.8092,0.8108,0.422,LightGBM,BASE+bodyweight,2019,4
1-7,0,,,,,,,SARIMAX,BASE+bodyweight,2019,4
8-30,8,-1.688,54.327,42.894,1.1217,1.1206,-0.353,SARIMAX,BASE+bodyweight,2019,4
31-90,32,-0.242,24.982,19.952,0.9117,0.9135,0.054,SARIMAX,BASE+bodyweight,2019,4
91-180,62,0.224,77.163,51.094,0.672,0.6725,0.479,SARIMAX,BASE+bodyweight,2019,4
181-270,61,0.451,26.838,21.254,0.7545,0.7555,0.774,SARIMAX,BASE+bodyweight,2019,4
271-365,66,0.091,50.299,26.294,0.9943,0.9963,0.407,SARIMAX,BASE+bodyweight,2019,4
1-7,0,,,,,,,Ensemble_unweighted,BASE+bodyweight,2019,4
8-30,8,-2.919,65.596,53.931,1.4103,1.4089,-0.654,Ensemble_unweighted,BASE+bodyweight,2019,4
31-90,32,-0.126,23.784,17.28,0.7896,0.7911,0.222,Ensemble_unweighted,BASE+bodyweight,2019,4
91-180,62,0.196,78.514,48.518,0.6381,0.6386,0.484,Ensemble_unweighted,BASE+bodyweight,2019,4
181-270,61,0.571,23.738,16.827,0.5974,0.5982,0.771,Ensemble_unweighted,BASE+bodyweight,2019,4
271-365,66,0.174,47.953,20.143,0.7617,0.7633,0.439,Ensemble_unweighted,BASE+bodyweight,2019,4
1-7,0,,,,,,,Ensemble_MASEweighted,BASE+bodyweight,2019,4
8-30,8,-2.93,65.682,54.01,1.4123,1.411,-0.658,Ensemble_MASEweighted,BASE+bodyweight,2019,4
31-90,32,-0.131,23.831,17.307,0.7909,0.7924,0.224,Ensemble_MASEweighted,BASE+bodyweight,2019,4
91-180,62,0.196,78.54,48.507,0.6379,0.6385,0.484,Ensemble_MASEweighted,BASE+bodyweight,2019,4
181-270,61,0.571,23.742,16.84,0.5978,0.5986,0.771,Ensemble_MASEweighted,BASE+bodyweight,2019,4
271-365,66,0.174,47.959,20.148,0.7619,0.7634,0.438,Ensemble_MASEweighted,BASE+bodyweight,2019,4
1-7,0,,,,,,,RF,BASE+bodyweight,2019,9
8-30,0,,,,,,,RF,BASE+bodyweight,2019,9
31-90,16,-0.908,27.738,22.481,1.3597,0.9885,0.269,RF,BASE+bodyweight,2019,9
91-180,81,0.276,60.77,44.042,0.7763,0.7128,0.547,RF,BASE+bodyweight,2019,9
181-270,49,0.042,65.886,42.128,1.0909,1.0718,0.362,RF,BASE+bodyweight,2019,9
271-365,49,0.096,108.665,56.043,0.7909,0.7461,0.636,RF,BASE+bodyweight,2019,9
1-7,0,,,,,,,XGB,BASE+bodyweight,2019,9
8-30,0,,,,,,,XGB,BASE+bodyweight,2019,9
31-90,16,-0.874,27.494,21.59,1.3058,0.9493,0.314,XGB,BASE+bodyweight,2019,9
91-180,81,0.311,59.288,41.091,0.7243,0.665,0.578,XGB,BASE+bodyweight,2019,9
181-270,49,-0.01,67.643,45.488,1.1779,1.1573,0.36,XGB,BASE+bodyweight,2019,9
271-365,49,0.144,105.756,54.423,0.768,0.7245,0.618,XGB,BASE+bodyweight,2019,9
1-7,0,,,,,,,LightGBM,BASE+bodyweight,2019,9
8-30,0,,,,,,,LightGBM,BASE+bodyweight,2019,9
31-90,16,-1.907,34.242,24.952,1.5091,1.0971,0.382,LightGBM,BASE+bodyweight,2019,9
91-180,81,0.315,59.121,41.782,0.7365,0.6762,0.579,LightGBM,BASE+bodyweight,2019,9
181-270,49,0.078,64.615,42.614,1.1035,1.0842,0.407,LightGBM,BASE+bodyweight,2019,9
271-365,49,0.102,108.297,56.782,0.8013,0.7559,0.601,LightGBM,BASE+bodyweight,2019,9
1-7,0,,,,,,,SARIMAX,BASE+bodyweight,2019,9
8-30,0,,,,,,,SARIMAX,BASE+bodyweight,2019,9
31-90,16,-0.106,21.119,15.255,0.9226,0.6707,0.064,SARIMAX,BASE+bodyweight,2019,9
91-180,81,0.327,58.583,39.939,0.704,0.6464,0.576,SARIMAX,BASE+bodyweight,2019,9
181-270,49,0.143,62.315,37.446,0.9697,0.9527,0.385,SARIMAX,BASE+bodyweight,2019,9
271-365,49,0.09,109.042,56.907,0.8031,0.7576,0.591,SARIMAX,BASE+bodyweight,2019,9
1-7,0,,,,,,,Ensemble_unweighted,BASE+bodyweight,2019,9
8-30,0,,,,,,,Ensemble_unweighted,BASE+bodyweight,2019,9
31-90,16,-0.638,25.704,20.368,1.2319,0.8956,0.32,Ensemble_unweighted,BASE+bodyweight,2019,9
91-180,81,0.32,58.909,41.345,0.7288,0.6691,0.585,Ensemble_unweighted,BASE+bodyweight,2019,9
181-270,49,0.093,64.117,39.911,1.0335,1.0155,0.381,Ensemble_unweighted,BASE+bodyweight,2019,9
271-365,49,0.119,107.276,53.962,0.7615,0.7184,0.623,Ensemble_unweighted,BASE+bodyweight,2019,9
1-7,0,,,,,,,Ensemble_MASEweighted,BASE+bodyweight,2019,9
8-30,0,,,,,,,Ensemble_MASEweighted,BASE+bodyweight,2019,9
31-90,16,-0.654,25.829,20.445,1.2366,0.899,0.322,Ensemble_MASEweighted,BASE+bodyweight,2019,9
91-180,81,0.32,58.912,41.344,0.7287,0.6691,0.586,Ensemble_MASEweighted,BASE+bodyweight,2019,9
181-270,49,0.091,64.173,40.035,1.0367,1.0186,0.381,Ensemble_MASEweighted,BASE+bodyweight,2019,9
271-365,49,0.12,107.259,54.0,0.762,0.7189,0.623,Ensemble_MASEweighted,BASE+bodyweight,2019,9
1-7,0,,,,,,,RF,BASE,2020,2
8-30,0,,,,,,,RF,BASE,2020,2
31-90,0,,,,,,,RF,BASE,2020,2
91-180,0,,,,,,,RF,BASE,2020,2
181-270,0,,,,,,,RF,BASE,2020,2
271-365,0,,,,,,,RF,BASE,2020,2
1-7,0,,,,,,,XGB,BASE,2020,2
8-30,0,,,,,,,XGB,BASE,2020,2
31-90,0,,,,,,,XGB,BASE,2020,2
91-180,0,,,,,,,XGB,BASE,2020,2
181-270,0,,,,,,,XGB,BASE,2020,2
271-365,0,,,,,,,XGB,BASE,2020,2
1-7,0,,,,,,,LightGBM,BASE,2020,2
8-30,0,,,,,,,LightGBM,BASE,2020,2
31-90,0,,,,,,,LightGBM,BASE,2020,2
91-180,0,,,,,,,LightGBM,BASE,2020,2
181-270,0,,,,,,,LightGBM,BASE,2020,2
271-365,0,,,,,,,LightGBM,BASE,2020,2
1-7,0,,,,,,,SARIMAX,BASE,2020,2
8-30,0,,,,,,,SARIMAX,BASE,2020,2
31-90,0,,,,,,,SARIMAX,BASE,2020,2
91-180,0,,,,,,,SARIMAX,BASE,2020,2
181-270,0,,,,,,,SARIMAX,BASE,2020,2
271-365,0,,,,,,,SARIMAX,BASE,2020,2
1-7,0,,,,,,,Ensemble_unweighted,BASE,2020,2
8-30,0,,,,,,,Ensemble_unweighted,BASE,2020,2
31-90,0,,,,,,,Ensemble_unweighted,BASE,2020,2
91-180,0,,,,,,,Ensemble_unweighted,BASE,2020,2
181-270,0,,,,,,,Ensemble_unweighted,BASE,2020,2
271-365,0,,,,,,,Ensemble_unweighted,BASE,2020,2
1-7,0,,,,,,,Ensemble_MASEweighted,BASE,2020,2
8-30,0,,,,,,,Ensemble_MASEweighted,BASE,2020,2
31-90,0,,,,,,,Ensemble_MASEweighted,BASE,2020,2
91-180,0,,,,,,,Ensemble_MASEweighted,BASE,2020,2
181-270,0,,,,,,,Ensemble_MASEweighted,BASE,2020,2
271-365,0,,,,,,,Ensemble_MASEweighted,BASE,2020,2
1-7,4,-5.172,18.727,17.226,1.5305,1.9431,0.425,RF,BASE,2020,4
8-30,21,-1.103,21.374,18.281,1.4464,1.5934,0.211,RF,BASE,2020,4
31-90,37,-0.096,45.971,31.407,1.1887,1.0829,-0.075,RF,BASE,2020,4
91-180,42,0.039,20.538,16.492,0.9756,0.7853,0.31,RF,BASE,2020,4
181-270,79,0.112,77.159,49.943,0.9796,0.8195,0.347,RF,BASE,2020,4
271-365,80,0.232,87.457,35.142,0.8962,0.8147,0.56,RF,BASE,2020,4
1-7,4,-6.158,20.168,18.534,1.6468,2.0907,0.38,XGB,BASE,2020,4
8-30,21,-0.431,17.629,13.287,1.0513,1.1581,0.169,XGB,BASE,2020,4
31-90,37,-0.121,46.498,30.907,1.1697,1.0657,-0.195,XGB,BASE,2020,4
91-180,42,-0.005,21.007,16.443,0.9728,0.783,0.236,XGB,BASE,2020,4
181-270,79,0.097,77.818,48.07,0.9428,0.7888,0.311,XGB,BASE,2020,4
271-365,80,0.143,92.422,39.833,1.0158,0.9234,0.422,XGB,BASE,2020,4
1-7,4,-5.556,19.301,17.701,1.5727,1.9967,0.326,LightGBM,BASE,2020,4
8-30,21,-0.603,18.659,14.546,1.1509,1.2678,0.203,LightGBM,BASE,2020,4
31-90,37,-0.116,46.404,31.577,1.1951,1.0887,-0.133,LightGBM,BASE,2020,4
91-180,42,0.032,20.614,16.448,0.973,0.7832,0.247,LightGBM,BASE,2020,4
181-270,79,0.105,77.458,48.826,0.9577,0.8012,0.326,LightGBM,BASE,2020,4
271-365,80,0.145,92.326,39.23,1.0004,0.9094,0.435,LightGBM,BASE,2020,4
1-7,4,-1.436,11.766,9.313,0.8275,1.0506,0.013,SARIMAX,BASE,2020,4
8-30,21,0.188,13.278,10.243,0.8104,0.8928,0.448,SARIMAX,BASE,2020,4
31-90,37,-0.057,45.161,26.705,1.0107,0.9208,0.048,SARIMAX,BASE,2020,4
91-180,42,0.056,20.353,17.311,1.0241,0.8243,0.422,SARIMAX,BASE,2020,4
181-270,79,0.094,77.915,50.923,0.9988,0.8356,0.317,SARIMAX,BASE,2020,4
271-365,80,0.123,93.461,40.829,1.0412,0.9465,0.371,SARIMAX,BASE,2020,4
1-7,4,-4.185,17.166,15.514,1.3784,1.75,0.357,Ensemble_unweighted,BASE,2020,4
8-30,21,-0.278,16.662,12.256,0.9698,1.0683,0.275,Ensemble_unweighted,BASE,2020,4
31-90,37,-0.08,45.634,29.785,1.1273,1.027,-0.099,Ensemble_unweighted,BASE,2020,4
91-180,42,0.087,20.015,16.137,0.9546,0.7684,0.345,Ensemble_unweighted,BASE,2020,4
181-270,79,0.109,77.281,48.955,0.9602,0.8033,0.332,Ensemble_unweighted,BASE,2020,4
271-365,80,0.167,91.132,37.653,0.9602,0.8729,0.462,Ensemble_unweighted,BASE,2020,4
1-7,4,-4.236,17.25,15.605,1.3865,1.7602,0.358,Ensemble_MASEweighted,BASE,2020,4
8-30,21,-0.286,16.713,12.302,0.9734,1.0722,0.272,Ensemble_MASEweighted,BASE,2020,4
31-90,37,-0.081,45.657,29.835,1.1292,1.0287,-0.101,Ensemble_MASEweighted,BASE,2020,4
91-180,42,0.086,20.031,16.12,0.9536,0.7676,0.342,Ensemble_MASEweighted,BASE,2020,4
181-270,79,0.109,77.286,48.937,0.9598,0.803,0.332,Ensemble_MASEweighted,BASE,2020,4
271-365,80,0.166,91.156,37.685,0.961,0.8736,0.462,Ensemble_MASEweighted,BASE,2020,4
1-7,4,-58.269,28.61,28.046,1.1485,8.5647,0.595,RF,BASE,2020,9
8-30,19,0.008,151.367,59.29,0.9622,0.9098,0.339,RF,BASE,2020,9
31-90,24,-2.904,28.282,23.872,1.1454,1.9635,0.404,RF,BASE,2020,9
91-180,57,-0.156,21.814,16.256,0.8791,0.8752,0.19,RF,BASE,2020,9
181-270,64,0.161,88.088,60.761,0.9914,0.8971,0.403,RF,BASE,2020,9
271-365,86,0.115,49.982,31.169,0.8995,0.9469,0.404,RF,BASE,2020,9
1-7,4,-68.778,31.043,30.561,1.2515,9.3326,0.471,XGB,BASE,2020,9
8-30,19,0.035,149.279,59.909,0.9722,0.9193,0.381,XGB,BASE,2020,9
31-90,24,-3.719,31.092,24.63,1.1817,2.0258,0.263,XGB,BASE,2020,9
91-180,57,-0.162,21.873,16.205,0.8763,0.8725,0.12,XGB,BASE,2020,9
181-270,64,0.19,86.575,57.953,0.9455,0.8557,0.466,XGB,BASE,2020,9
271-365,86,0.125,49.681,30.623,0.8837,0.9303,0.399,XGB,BASE,2020,9
1-7,4,-56.661,28.219,27.811,1.1389,8.4927,0.448,LightGBM,BASE,2020,9
8-30,19,0.056,147.662,60.231,0.9775,0.9242,0.443,LightGBM,BASE,2020,9
31-90,24,-4.157,32.505,26.138,1.2541,2.1499,0.306,LightGBM,BASE,2020,9
91-180,57,-0.119,21.464,15.777,0.8532,0.8494,0.125,LightGBM,BASE,2020,9
181-270,64,0.165,87.892,60.043,0.9796,0.8865,0.43,LightGBM,BASE,2020,9
271-365,86,0.108,50.16,31.948,0.9219,0.9705,0.395,LightGBM,BASE,2020,9
1-7,4,-53.178,27.354,24.051,0.9849,7.3447,0.234,SARIMAX,BASE,2020,9
8-30,19,-0.064,156.748,59.505,0.9657,0.9131,0.307,SARIMAX,BASE,2020,9
31-90,24,-1.033,20.408,15.205,0.7296,1.2507,0.43,SARIMAX,BASE,2020,9
91-180,57,-0.136,21.623,15.433,0.8346,0.8309,0.049,SARIMAX,BASE,2020,9
181-270,64,0.208,85.61,56.589,0.9233,0.8355,0.469,SARIMAX,BASE,2020,9
271-365,86,-0.007,53.296,32.531,0.9388,0.9883,0.255,SARIMAX,BASE,2020,9
1-7,4,-56.07,28.074,27.617,1.131,8.4337,0.528,Ensemble_unweighted,BASE,2020,9
8-30,19,0.013,150.946,58.231,0.945,0.8935,0.381,Ensemble_unweighted,BASE,2020,9
31-90,24,-2.666,27.403,21.383,1.0259,1.7587,0.356,Ensemble_unweighted,BASE,2020,9
91-180,57,-0.1,21.284,15.387,0.8321,0.8284,0.13,Ensemble_unweighted,BASE,2020,9
181-270,64,0.187,86.724,58.232,0.9501,0.8598,0.45,Ensemble_unweighted,BASE,2020,9
271-365,86,0.098,50.45,31.028,0.8954,0.9426,0.367,Ensemble_unweighted,BASE,2020,9
1-7,4,-56.248,28.118,27.673,1.1332,8.4507,0.532,Ensemble_MASEweighted,BASE,2020,9
8-30,19,0.015,150.865,58.272,0.9457,0.8942,0.382,Ensemble_MASEweighted,BASE,2020,9
31-90,24,-2.702,27.539,21.516,1.0323,1.7697,0.354,Ensemble_MASEweighted,BASE,2020,9
91-180,57,-0.101,21.29,15.393,0.8324,0.8287,0.13,Ensemble_MASEweighted,BASE,2020,9
181-270,64,0.187,86.736,58.243,0.9503,0.86,0.45,Ensemble_MASEweighted,BASE,2020,9
271-365,86,0.099,50.423,31.028,0.8954,0.9426,0.368,Ensemble_MASEweighted,BASE,2020,9
1-7,0,,,,,,,RF,BASE+species,2020,2
8-30,0,,,,,,,RF,BASE+species,2020,2
31-90,0,,,,,,,RF,BASE+species,2020,2
91-180,0,,,,,,,RF,BASE+species,2020,2
181-270,0,,,,,,,RF,BASE+species,2020,2
271-365,0,,,,,,,RF,BASE+species,2020,2
1-7,0,,,,,,,XGB,BASE+species,2020,2
8-30,0,,,,,,,XGB,BASE+species,2020,2
31-90,0,,,,,,,XGB,BASE+species,2020,2
91-180,0,,,,,,,XGB,BASE+species,2020,2
181-270,0,,,,,,,XGB,BASE+species,2020,2
271-365,0,,,,,,,XGB,BASE+species,2020,2
1-7,0,,,,,,,LightGBM,BASE+species,2020,2
8-30,0,,,,,,,LightGBM,BASE+species,2020,2
31-90,0,,,,,,,LightGBM,BASE+species,2020,2
91-180,0,,,,,,,LightGBM,BASE+species,2020,2
181-270,0,,,,,,,LightGBM,BASE+species,2020,2
271-365,0,,,,,,,LightGBM,BASE+species,2020,2
1-7,0,,,,,,,SARIMAX,BASE+species,2020,2
8-30,0,,,,,,,SARIMAX,BASE+species,2020,2
31-90,0,,,,,,,SARIMAX,BASE+species,2020,2
91-180,0,,,,,,,SARIMAX,BASE+species,2020,2
181-270,0,,,,,,,SARIMAX,BASE+species,2020,2
271-365,0,,,,,,,SARIMAX,BASE+species,2020,2
1-7,0,,,,,,,Ensemble_unweighted,BASE+species,2020,2
8-30,0,,,,,,,Ensemble_unweighted,BASE+species,2020,2
31-90,0,,,,,,,Ensemble_unweighted,BASE+species,2020,2
91-180,0,,,,,,,Ensemble_unweighted,BASE+species,2020,2
181-270,0,,,,,,,Ensemble_unweighted,BASE+species,2020,2
271-365,0,,,,,,,Ensemble_unweighted,BASE+species,2020,2
1-7,0,,,,,,,Ensemble_MASEweighted,BASE+species,2020,2
8-30,0,,,,,,,Ensemble_MASEweighted,BASE+species,2020,2
31-90,0,,,,,,,Ensemble_MASEweighted,BASE+species,2020,2
91-180,0,,,,,,,Ensemble_MASEweighted,BASE+species,2020,2
181-270,0,,,,,,,Ensemble_MASEweighted,BASE+species,2020,2
271-365,0,,,,,,,Ensemble_MASEweighted,BASE+species,2020,2
1-7,4,-5.016,18.489,16.898,1.5014,1.9061,0.344,RF,BASE+species,2020,4
8-30,21,-1.147,21.596,18.614,1.4728,1.6224,0.226,RF,BASE+species,2020,4
31-90,37,-0.078,45.599,31.128,1.1781,1.0733,-0.047,RF,BASE+species,2020,4
91-180,42,0.016,20.782,16.64,0.9844,0.7923,0.242,RF,BASE+species,2020,4
181-270,79,0.122,76.709,49.079,0.9626,0.8053,0.357,RF,BASE+species,2020,4
271-365,80,0.205,89.003,36.017,0.9185,0.835,0.525,RF,BASE+species,2020,4
1-7,4,-5.971,19.903,18.318,1.6276,2.0664,0.356,XGB,BASE+species,2020,4
8-30,21,-0.52,18.173,14.165,1.1208,1.2346,0.169,XGB,BASE+species,2020,4
31-90,37,-0.121,46.498,31.015,1.1738,1.0694,-0.185,XGB,BASE+species,2020,4
91-180,42,-0.068,21.658,16.776,0.9925,0.7988,0.086,XGB,BASE+species,2020,4
181-270,79,0.109,77.298,47.701,0.9356,0.7827,0.331,XGB,BASE+species,2020,4
271-365,80,0.143,92.392,39.926,1.0182,0.9256,0.424,XGB,BASE+species,2020,4
1-7,4,-5.753,19.59,17.893,1.5899,2.0184,0.323,LightGBM,BASE+species,2020,4
8-30,21,-0.443,17.706,13.712,1.085,1.1952,0.251,LightGBM,BASE+species,2020,4
31-90,37,-0.116,46.398,31.778,1.2027,1.0957,-0.13,LightGBM,BASE+species,2020,4
91-180,42,-0.051,21.477,17.066,1.0096,0.8126,0.117,LightGBM,BASE+species,2020,4
181-270,79,0.122,76.716,47.491,0.9315,0.7793,0.35,LightGBM,BASE+species,2020,4
271-365,80,0.139,92.618,39.612,1.0102,0.9183,0.422,LightGBM,BASE+species,2020,4
1-7,4,-1.436,11.766,9.313,0.8275,1.0506,0.013,SARIMAX,BASE+species,2020,4
8-30,21,0.188,13.278,10.243,0.8104,0.8928,0.448,SARIMAX,BASE+species,2020,4
31-90,37,-0.057,45.161,26.705,1.0107,0.9208,0.048,SARIMAX,BASE+species,2020,4
91-180,42,0.056,20.353,17.311,1.0241,0.8243,0.422,SARIMAX,BASE+species,2020,4
181-270,79,0.094,77.915,50.923,0.9988,0.8356,0.317,SARIMAX,BASE+species,2020,4
271-365,80,0.123,93.461,40.829,1.0412,0.9465,0.371,SARIMAX,BASE+species,2020,4
1-7,4,-4.17,17.141,15.426,1.3706,1.7401,0.319,Ensemble_unweighted,BASE+species,2020,4
8-30,21,-0.269,16.604,12.315,0.9744,1.0734,0.295,Ensemble_unweighted,BASE+species,2020,4
31-90,37,-0.075,45.537,29.778,1.127,1.0267,-0.089,Ensemble_unweighted,BASE+species,2020,4
91-180,42,0.073,20.175,16.084,0.9515,0.7659,0.303,Ensemble_unweighted,BASE+species,2020,4
181-270,79,0.12,76.826,48.309,0.9475,0.7927,0.346,Ensemble_unweighted,BASE+species,2020,4
271-365,80,0.158,91.606,37.99,0.9688,0.8807,0.447,Ensemble_unweighted,BASE+species,2020,4
1-7,4,-4.221,17.225,15.518,1.3788,1.7505,0.321,Ensemble_MASEweighted,BASE+species,2020,4
8-30,21,-0.277,16.655,12.368,0.9786,1.078,0.292,Ensemble_MASEweighted,BASE+species,2020,4
31-90,37,-0.076,45.562,29.831,1.129,1.0286,-0.091,Ensemble_MASEweighted,BASE+species,2020,4
91-180,42,0.07,20.205,16.081,0.9513,0.7657,0.297,Ensemble_MASEweighted,BASE+species,2020,4
181-270,79,0.12,76.825,48.285,0.947,0.7923,0.346,Ensemble_MASEweighted,BASE+species,2020,4
271-365,80,0.158,91.622,38.018,0.9695,0.8813,0.447,Ensemble_MASEweighted,BASE+species,2020,4
1-7,4,-55.084,27.831,27.322,1.1189,8.3435,0.596,RF,BASE+species,2020,9
8-30,19,0.006,151.535,59.405,0.964,0.9115,0.319,RF,BASE+species,2020,9
31-90,24,-2.923,28.349,23.994,1.1512,1.9735,0.397,RF,BASE+species,2020,9
91-180,57,-0.167,21.917,16.234,0.8779,0.874,0.155,RF,BASE+species,2020,9
181-270,64,0.187,86.727,58.304,0.9513,0.8609,0.437,RF,BASE+species,2020,9
271-365,86,0.151,48.958,29.804,0.8601,0.9054,0.429,RF,BASE+species,2020,9
1-7,4,-69.807,31.271,30.898,1.2653,9.4356,0.521,XGB,BASE+species,2020,9
8-30,19,0.041,148.83,59.826,0.9709,0.918,0.41,XGB,BASE+species,2020,9
31-90,24,-3.96,31.878,25.501,1.2236,2.0975,0.252,XGB,BASE+species,2020,9
91-180,57,-0.172,21.966,16.413,0.8875,0.8836,0.109,XGB,BASE+species,2020,9
181-270,64,0.206,85.736,56.635,0.924,0.8362,0.502,XGB,BASE+species,2020,9
271-365,86,0.15,48.975,29.199,0.8426,0.8871,0.425,XGB,BASE+species,2020,9
1-7,4,-63.525,29.852,29.39,1.2036,8.9749,0.473,LightGBM,BASE+species,2020,9
8-30,19,0.052,148.0,60.29,0.9784,0.9251,0.434,LightGBM,BASE+species,2020,9
31-90,24,-3.983,31.952,25.811,1.2384,2.123,0.313,LightGBM,BASE+species,2020,9
91-180,57,-0.136,21.63,16.051,0.868,0.8642,0.12,LightGBM,BASE+species,2020,9
181-270,64,0.187,86.744,58.549,0.9553,0.8645,0.439,LightGBM,BASE+species,2020,9
271-365,86,0.162,48.628,29.645,0.8555,0.9006,0.444,LightGBM,BASE+species,2020,9
1-7,4,-53.178,27.354,24.051,0.9849,7.3447,0.234,SARIMAX,BASE+species,2020,9
8-30,19,-0.064,156.748,59.505,0.9657,0.9131,0.307,SARIMAX,BASE+species,2020,9
31-90,24,-1.033,20.408,15.205,0.7296,1.2507,0.43,SARIMAX,BASE+species,2020,9
91-180,57,-0.136,21.623,15.433,0.8346,0.8309,0.049,SARIMAX,BASE+species,2020,9
181-270,64,0.208,85.61,56.589,0.9233,0.8355,0.469,SARIMAX,BASE+species,2020,9
271-365,86,-0.007,53.296,32.531,0.9388,0.9883,0.255,SARIMAX,BASE+species,2020,9
1-7,4,-57.242,28.361,27.915,1.1432,8.5247,0.538,Ensemble_unweighted,BASE+species,2020,9
8-30,19,0.013,150.958,58.232,0.945,0.8935,0.381,Ensemble_unweighted,BASE+species,2020,9
31-90,24,-2.684,27.474,21.54,1.0335,1.7717,0.354,Ensemble_unweighted,BASE+species,2020,9
91-180,57,-0.113,21.406,15.485,0.8374,0.8337,0.117,Ensemble_unweighted,BASE+species,2020,9
181-270,64,0.205,85.798,56.869,0.9278,0.8397,0.47,Ensemble_unweighted,BASE+species,2020,9
271-365,86,0.129,49.574,29.778,0.8593,0.9046,0.388,Ensemble_unweighted,BASE+species,2020,9
1-7,4,-57.488,28.421,27.987,1.1461,8.5467,0.542,Ensemble_MASEweighted,BASE+species,2020,9
8-30,19,0.014,150.874,58.272,0.9457,0.8942,0.382,Ensemble_MASEweighted,BASE+species,2020,9
31-90,24,-2.722,27.613,21.677,1.0401,1.783,0.352,Ensemble_MASEweighted,BASE+species,2020,9
91-180,57,-0.114,21.413,15.497,0.838,0.8343,0.117,Ensemble_MASEweighted,BASE+species,2020,9
181-270,64,0.204,85.801,56.879,0.928,0.8398,0.47,Ensemble_MASEweighted,BASE+species,2020,9
271-365,86,0.13,49.54,29.762,0.8589,0.9042,0.39,Ensemble_MASEweighted,BASE+species,2020,9
1-7,0,,,,,,,RF,BASE+arable,2020,2
8-30,0,,,,,,,RF,BASE+arable,2020,2
31-90,0,,,,,,,RF,BASE+arable,2020,2
91-180,0,,,,,,,RF,BASE+arable,2020,2
181-270,0,,,,,,,RF,BASE+arable,2020,2
271-365,0,,,,,,,RF,BASE+arable,2020,2
1-7,0,,,,,,,XGB,BASE+arable,2020,2
8-30,0,,,,,,,XGB,BASE+arable,2020,2
31-90,0,,,,,,,XGB,BASE+arable,2020,2
91-180,0,,,,,,,XGB,BASE+arable,2020,2
181-270,0,,,,,,,XGB,BASE+arable,2020,2
271-365,0,,,,,,,XGB,BASE+arable,2020,2
1-7,0,,,,,,,LightGBM,BASE+arable,2020,2
8-30,0,,,,,,,LightGBM,BASE+arable,2020,2
31-90,0,,,,,,,LightGBM,BASE+arable,2020,2
91-180,0,,,,,,,LightGBM,BASE+arable,2020,2
181-270,0,,,,,,,LightGBM,BASE+arable,2020,2
271-365,0,,,,,,,LightGBM,BASE+arable,2020,2
1-7,0,,,,,,,SARIMAX,BASE+arable,2020,2
8-30,0,,,,,,,SARIMAX,BASE+arable,2020,2
31-90,0,,,,,,,SARIMAX,BASE+arable,2020,2
91-180,0,,,,,,,SARIMAX,BASE+arable,2020,2
181-270,0,,,,,,,SARIMAX,BASE+arable,2020,2
271-365,0,,,,,,,SARIMAX,BASE+arable,2020,2
1-7,0,,,,,,,Ensemble_unweighted,BASE+arable,2020,2
8-30,0,,,,,,,Ensemble_unweighted,BASE+arable,2020,2
31-90,0,,,,,,,Ensemble_unweighted,BASE+arable,2020,2
91-180,0,,,,,,,Ensemble_unweighted,BASE+arable,2020,2
181-270,0,,,,,,,Ensemble_unweighted,BASE+arable,2020,2
271-365,0,,,,,,,Ensemble_unweighted,BASE+arable,2020,2
1-7,0,,,,,,,Ensemble_MASEweighted,BASE+arable,2020,2
8-30,0,,,,,,,Ensemble_MASEweighted,BASE+arable,2020,2
31-90,0,,,,,,,Ensemble_MASEweighted,BASE+arable,2020,2
91-180,0,,,,,,,Ensemble_MASEweighted,BASE+arable,2020,2
181-270,0,,,,,,,Ensemble_MASEweighted,BASE+arable,2020,2
271-365,0,,,,,,,Ensemble_MASEweighted,BASE+arable,2020,2
1-7,4,-5.458,19.157,17.421,1.5479,1.9651,0.326,RF,BASE+arable,2020,4
8-30,21,-1.198,21.852,18.865,1.4926,1.6443,0.209,RF,BASE+arable,2020,4
31-90,37,-0.088,45.813,31.399,1.1884,1.0826,-0.069,RF,BASE+arable,2020,4
91-180,42,0.051,20.407,16.392,0.9697,0.7805,0.31,RF,BASE+arable,2020,4
181-270,79,0.091,78.064,50.652,0.9935,0.8312,0.324,RF,BASE+arable,2020,4
271-365,80,0.216,88.368,35.537,0.9063,0.8238,0.539,RF,BASE+arable,2020,4
1-7,4,-6.24,20.284,18.755,1.6664,2.1156,0.379,XGB,BASE+arable,2020,4
8-30,21,-0.53,18.23,14.137,1.1185,1.2322,0.144,XGB,BASE+arable,2020,4
31-90,37,-0.127,46.63,30.975,1.1723,1.068,-0.194,XGB,BASE+arable,2020,4
91-180,42,-0.019,21.153,16.609,0.9825,0.7908,0.207,XGB,BASE+arable,2020,4
181-270,79,0.099,77.721,47.76,0.9367,0.7837,0.316,XGB,BASE+arable,2020,4
271-365,80,0.14,92.595,39.765,1.0141,0.9218,0.42,XGB,BASE+arable,2020,4
1-7,4,-5.803,19.662,18.178,1.6152,2.0505,0.384,LightGBM,BASE+arable,2020,4
8-30,21,-0.642,18.886,14.963,1.1839,1.3042,0.195,LightGBM,BASE+arable,2020,4
31-90,37,-0.121,46.494,31.667,1.1985,1.0919,-0.141,LightGBM,BASE+arable,2020,4
91-180,42,-0.02,21.158,16.656,0.9854,0.7931,0.207,LightGBM,BASE+arable,2020,4
181-270,79,0.113,77.101,47.661,0.9348,0.7821,0.337,LightGBM,BASE+arable,2020,4
271-365,80,0.132,93.018,39.479,1.0068,0.9152,0.414,LightGBM,BASE+arable,2020,4
1-7,4,-1.436,11.766,9.313,0.8275,1.0506,0.013,SARIMAX,BASE+arable,2020,4
8-30,21,0.188,13.278,10.243,0.8104,0.8928,0.448,SARIMAX,BASE+arable,2020,4
31-90,37,-0.057,45.161,26.705,1.0107,0.9208,0.048,SARIMAX,BASE+arable,2020,4
91-180,42,0.056,20.353,17.311,1.0241,0.8243,0.422,SARIMAX,BASE+arable,2020,4
181-270,79,0.094,77.915,50.923,0.9988,0.8356,0.317,SARIMAX,BASE+arable,2020,4
271-365,80,0.123,93.461,40.829,1.0412,0.9465,0.371,SARIMAX,BASE+arable,2020,4
1-7,4,-4.334,17.409,15.737,1.3983,1.7752,0.338,Ensemble_unweighted,BASE+arable,2020,4
8-30,21,-0.326,16.974,12.739,1.0079,1.1103,0.267,Ensemble_unweighted,BASE+arable,2020,4
31-90,37,-0.08,45.648,29.816,1.1285,1.0281,-0.101,Ensemble_unweighted,BASE+arable,2020,4
91-180,42,0.073,20.176,16.265,0.9622,0.7745,0.328,Ensemble_unweighted,BASE+arable,2020,4
181-270,79,0.107,77.386,48.827,0.9577,0.8012,0.328,Ensemble_unweighted,BASE+arable,2020,4
271-365,80,0.158,91.595,37.77,0.9632,0.8756,0.45,Ensemble_unweighted,BASE+arable,2020,4
1-7,4,-4.386,17.495,15.831,1.4067,1.7858,0.341,Ensemble_MASEweighted,BASE+arable,2020,4
8-30,21,-0.335,17.031,12.8,1.0128,1.1157,0.264,Ensemble_MASEweighted,BASE+arable,2020,4
31-90,37,-0.082,45.674,29.868,1.1304,1.0298,-0.103,Ensemble_MASEweighted,BASE+arable,2020,4
91-180,42,0.071,20.197,16.252,0.9614,0.7738,0.325,Ensemble_MASEweighted,BASE+arable,2020,4
181-270,79,0.107,77.382,48.793,0.957,0.8007,0.328,Ensemble_MASEweighted,BASE+arable,2020,4
271-365,80,0.158,91.618,37.8,0.964,0.8763,0.449,Ensemble_MASEweighted,BASE+arable,2020,4
1-7,4,-55.609,27.961,27.45,1.1241,8.3827,0.541,RF,BASE+arable,2020,9
8-30,19,0.007,151.473,59.379,0.9636,0.9111,0.336,RF,BASE+arable,2020,9
31-90,24,-2.728,27.634,23.453,1.1253,1.9291,0.407,RF,BASE+arable,2020,9
91-180,57,-0.136,21.623,15.997,0.8651,0.8613,0.186,RF,BASE+arable,2020,9
181-270,64,0.159,88.216,60.599,0.9887,0.8947,0.401,RF,BASE+arable,2020,9
271-365,86,0.114,49.988,31.047,0.8959,0.9432,0.398,RF,BASE+arable,2020,9
1-7,4,-66.19,30.462,29.993,1.2283,9.1592,0.432,XGB,BASE+arable,2020,9
8-30,19,0.04,148.903,58.894,0.9558,0.9037,0.442,XGB,BASE+arable,2020,9
31-90,24,-3.614,30.744,24.353,1.1685,2.0031,0.252,XGB,BASE+arable,2020,9
91-180,57,-0.189,22.122,16.622,0.8989,0.8949,0.112,XGB,BASE+arable,2020,9
181-270,64,0.181,87.032,58.003,0.9463,0.8564,0.454,XGB,BASE+arable,2020,9
271-365,86,0.136,49.363,29.737,0.8581,0.9034,0.409,XGB,BASE+arable,2020,9
1-7,4,-61.079,29.281,28.863,1.182,8.814,0.46,LightGBM,BASE+arable,2020,9
8-30,19,0.06,147.321,60.015,0.9739,0.9209,0.474,LightGBM,BASE+arable,2020,9
31-90,24,-4.315,32.999,26.668,1.2795,2.1934,0.307,LightGBM,BASE+arable,2020,9
91-180,57,-0.153,21.789,16.005,0.8655,0.8617,0.108,LightGBM,BASE+arable,2020,9
181-270,64,0.178,87.23,59.914,0.9775,0.8846,0.432,LightGBM,BASE+arable,2020,9
271-365,86,0.111,50.099,31.661,0.9137,0.9618,0.395,LightGBM,BASE+arable,2020,9
1-7,4,-53.178,27.354,24.051,0.9849,7.3447,0.234,SARIMAX,BASE+arable,2020,9
8-30,19,-0.064,156.748,59.505,0.9657,0.9131,0.307,SARIMAX,BASE+arable,2020,9
31-90,24,-1.033,20.408,15.205,0.7296,1.2507,0.43,SARIMAX,BASE+arable,2020,9
91-180,57,-0.136,21.623,15.433,0.8346,0.8309,0.049,SARIMAX,BASE+arable,2020,9
181-270,64,0.208,85.61,56.589,0.9233,0.8355,0.469,SARIMAX,BASE+arable,2020,9
271-365,86,-0.007,53.296,32.531,0.9388,0.9883,0.255,SARIMAX,BASE+arable,2020,9
1-7,4,-56.149,28.094,27.589,1.1298,8.4252,0.482,Ensemble_unweighted,BASE+arable,2020,9
8-30,19,0.015,150.808,57.957,0.9406,0.8893,0.404,Ensemble_unweighted,BASE+arable,2020,9
31-90,24,-2.624,27.248,21.351,1.0244,1.7561,0.355,Ensemble_unweighted,BASE+arable,2020,9
91-180,57,-0.112,21.394,15.478,0.837,0.8333,0.121,Ensemble_unweighted,BASE+arable,2020,9
181-270,64,0.187,86.719,58.209,0.9497,0.8595,0.448,Ensemble_unweighted,BASE+arable,2020,9
271-365,86,0.102,50.332,30.754,0.8875,0.9343,0.365,Ensemble_unweighted,BASE+arable,2020,9
1-7,4,-56.346,28.142,27.65,1.1323,8.4436,0.484,Ensemble_MASEweighted,BASE+arable,2020,9
8-30,19,0.016,150.721,57.988,0.9411,0.8898,0.406,Ensemble_MASEweighted,BASE+arable,2020,9
31-90,24,-2.661,27.387,21.487,1.0309,1.7673,0.352,Ensemble_MASEweighted,BASE+arable,2020,9
91-180,57,-0.113,21.404,15.488,0.8376,0.8339,0.121,Ensemble_MASEweighted,BASE+arable,2020,9
181-270,64,0.187,86.729,58.221,0.9499,0.8596,0.447,Ensemble_MASEweighted,BASE+arable,2020,9
271-365,86,0.103,50.3,30.747,0.8873,0.9341,0.367,Ensemble_MASEweighted,BASE+arable,2020,9
1-7,0,,,,,,,RF,BASE+flow,2020,2
8-30,0,,,,,,,RF,BASE+flow,2020,2
31-90,0,,,,,,,RF,BASE+flow,2020,2
91-180,0,,,,,,,RF,BASE+flow,2020,2
181-270,0,,,,,,,RF,BASE+flow,2020,2
271-365,0,,,,,,,RF,BASE+flow,2020,2
1-7,0,,,,,,,XGB,BASE+flow,2020,2
8-30,0,,,,,,,XGB,BASE+flow,2020,2
31-90,0,,,,,,,XGB,BASE+flow,2020,2
91-180,0,,,,,,,XGB,BASE+flow,2020,2
181-270,0,,,,,,,XGB,BASE+flow,2020,2
271-365,0,,,,,,,XGB,BASE+flow,2020,2
1-7,0,,,,,,,LightGBM,BASE+flow,2020,2
8-30,0,,,,,,,LightGBM,BASE+flow,2020,2
31-90,0,,,,,,,LightGBM,BASE+flow,2020,2
91-180,0,,,,,,,LightGBM,BASE+flow,2020,2
181-270,0,,,,,,,LightGBM,BASE+flow,2020,2
271-365,0,,,,,,,LightGBM,BASE+flow,2020,2
1-7,0,,,,,,,SARIMAX,BASE+flow,2020,2
8-30,0,,,,,,,SARIMAX,BASE+flow,2020,2
31-90,0,,,,,,,SARIMAX,BASE+flow,2020,2
91-180,0,,,,,,,SARIMAX,BASE+flow,2020,2
181-270,0,,,,,,,SARIMAX,BASE+flow,2020,2
271-365,0,,,,,,,SARIMAX,BASE+flow,2020,2
1-7,0,,,,,,,Ensemble_unweighted,BASE+flow,2020,2
8-30,0,,,,,,,Ensemble_unweighted,BASE+flow,2020,2
31-90,0,,,,,,,Ensemble_unweighted,BASE+flow,2020,2
91-180,0,,,,,,,Ensemble_unweighted,BASE+flow,2020,2
181-270,0,,,,,,,Ensemble_unweighted,BASE+flow,2020,2
271-365,0,,,,,,,Ensemble_unweighted,BASE+flow,2020,2
1-7,0,,,,,,,Ensemble_MASEweighted,BASE+flow,2020,2
8-30,0,,,,,,,Ensemble_MASEweighted,BASE+flow,2020,2
31-90,0,,,,,,,Ensemble_MASEweighted,BASE+flow,2020,2
91-180,0,,,,,,,Ensemble_MASEweighted,BASE+flow,2020,2
181-270,0,,,,,,,Ensemble_MASEweighted,BASE+flow,2020,2
271-365,0,,,,,,,Ensemble_MASEweighted,BASE+flow,2020,2
1-7,4,-6.043,20.005,18.115,1.6096,2.0435,0.265,RF,BASE+flow,2020,4
8-30,21,-1.189,21.809,19.025,1.5053,1.6582,0.236,RF,BASE+flow,2020,4
31-90,37,-0.099,46.038,31.798,1.2035,1.0964,-0.101,RF,BASE+flow,2020,4
91-180,42,-0.048,21.454,17.203,1.0177,0.8191,0.193,RF,BASE+flow,2020,4
181-270,79,0.103,77.551,49.837,0.9775,0.8178,0.336,RF,BASE+flow,2020,4
271-365,80,0.207,88.91,36.461,0.9298,0.8453,0.527,RF,BASE+flow,2020,4
1-7,4,-6.4,20.507,19.059,1.6934,2.1499,0.375,XGB,BASE+flow,2020,4
8-30,21,-0.6,18.646,14.968,1.1843,1.3046,0.154,XGB,BASE+flow,2020,4
31-90,37,-0.135,46.794,31.468,1.191,1.085,-0.233,XGB,BASE+flow,2020,4
91-180,42,-0.001,20.967,16.566,0.98,0.7888,0.239,XGB,BASE+flow,2020,4
181-270,79,0.108,77.331,47.507,0.9318,0.7796,0.329,XGB,BASE+flow,2020,4
271-365,80,0.141,92.5,39.843,1.0161,0.9236,0.423,XGB,BASE+flow,2020,4
1-7,4,-5.422,19.104,17.76,1.578,2.0034,0.453,LightGBM,BASE+flow,2020,4
8-30,21,-0.462,17.819,13.646,1.0797,1.1894,0.207,LightGBM,BASE+flow,2020,4
31-90,37,-0.103,46.122,31.259,1.1831,1.0778,-0.105,LightGBM,BASE+flow,2020,4
91-180,42,0.018,20.762,16.472,0.9745,0.7843,0.234,LightGBM,BASE+flow,2020,4
181-270,79,0.088,78.204,48.771,0.9566,0.8003,0.296,LightGBM,BASE+flow,2020,4
271-365,80,0.132,93.007,39.773,1.0143,0.922,0.413,LightGBM,BASE+flow,2020,4
1-7,4,-1.436,11.766,9.313,0.8275,1.0506,0.013,SARIMAX,BASE+flow,2020,4
8-30,21,0.188,13.278,10.243,0.8104,0.8928,0.448,SARIMAX,BASE+flow,2020,4
31-90,37,-0.057,45.161,26.705,1.0107,0.9208,0.048,SARIMAX,BASE+flow,2020,4
91-180,42,0.056,20.353,17.311,1.0241,0.8243,0.422,SARIMAX,BASE+flow,2020,4
181-270,79,0.094,77.915,50.923,0.9988,0.8356,0.317,SARIMAX,BASE+flow,2020,4
271-365,80,0.123,93.461,40.829,1.0412,0.9465,0.371,SARIMAX,BASE+flow,2020,4
1-7,4,-4.41,17.534,15.882,1.4112,1.7916,0.337,Ensemble_unweighted,BASE+flow,2020,4
8-30,21,-0.3,16.807,12.663,1.0019,1.1037,0.282,Ensemble_unweighted,BASE+flow,2020,4
31-90,37,-0.081,45.658,29.912,1.1321,1.0314,-0.108,Ensemble_unweighted,BASE+flow,2020,4
91-180,42,0.063,20.278,16.339,0.9666,0.778,0.321,Ensemble_unweighted,BASE+flow,2020,4
181-270,79,0.106,77.414,48.823,0.9576,0.8011,0.327,Ensemble_unweighted,BASE+flow,2020,4
271-365,80,0.156,91.696,38.011,0.9694,0.8812,0.446,Ensemble_unweighted,BASE+flow,2020,4
1-7,4,-4.459,17.613,15.973,1.4192,1.8018,0.34,Ensemble_MASEweighted,BASE+flow,2020,4
8-30,21,-0.309,16.862,12.724,1.0067,1.109,0.279,Ensemble_MASEweighted,BASE+flow,2020,4
31-90,37,-0.082,45.681,29.963,1.134,1.0331,-0.11,Ensemble_MASEweighted,BASE+flow,2020,4
91-180,42,0.062,20.291,16.326,0.9658,0.7774,0.318,Ensemble_MASEweighted,BASE+flow,2020,4
181-270,79,0.106,77.416,48.798,0.9571,0.8007,0.327,Ensemble_MASEweighted,BASE+flow,2020,4
271-365,80,0.156,91.716,38.042,0.9702,0.8819,0.446,Ensemble_MASEweighted,BASE+flow,2020,4
1-7,4,-55.683,27.979,27.386,1.1215,8.363,0.587,RF,BASE+flow,2020,9
8-30,19,0.005,151.599,59.935,0.9726,0.9197,0.317,RF,BASE+flow,2020,9
31-90,24,-2.775,27.809,23.389,1.1222,1.9238,0.404,RF,BASE+flow,2020,9
91-180,57,-0.158,21.831,16.303,0.8816,0.8777,0.194,RF,BASE+flow,2020,9
181-270,64,0.184,86.908,59.9,0.9773,0.8844,0.43,RF,BASE+flow,2020,9
271-365,86,0.114,50.008,31.236,0.9014,0.9489,0.403,RF,BASE+flow,2020,9
1-7,4,-67.835,30.833,30.341,1.2425,9.2655,0.447,XGB,BASE+flow,2020,9
8-30,19,0.042,148.716,59.221,0.9611,0.9087,0.435,XGB,BASE+flow,2020,9
31-90,24,-3.729,31.125,25.01,1.2,2.0571,0.289,XGB,BASE+flow,2020,9
91-180,57,-0.171,21.956,16.333,0.8832,0.8793,0.111,XGB,BASE+flow,2020,9
181-270,64,0.19,86.575,57.738,0.942,0.8525,0.465,XGB,BASE+flow,2020,9
271-365,86,0.123,49.757,30.602,0.8831,0.9297,0.392,XGB,BASE+flow,2020,9
1-7,4,-58.016,28.549,28.059,1.1491,8.5687,0.438,LightGBM,BASE+flow,2020,9
8-30,19,0.037,149.162,59.773,0.97,0.9172,0.414,LightGBM,BASE+flow,2020,9
31-90,24,-4.317,33.005,26.429,1.268,2.1738,0.319,LightGBM,BASE+flow,2020,9
91-180,57,-0.206,22.281,16.674,0.9017,0.8977,0.15,LightGBM,BASE+flow,2020,9
181-270,64,0.178,87.231,59.976,0.9785,0.8855,0.435,LightGBM,BASE+flow,2020,9
271-365,86,0.091,50.65,32.726,0.9444,0.9942,0.386,LightGBM,BASE+flow,2020,9
1-7,4,-53.178,27.354,24.051,0.9849,7.3447,0.234,SARIMAX,BASE+flow,2020,9
8-30,19,-0.064,156.748,59.505,0.9657,0.9131,0.307,SARIMAX,BASE+flow,2020,9
31-90,24,-1.033,20.408,15.205,0.7296,1.2507,0.43,SARIMAX,BASE+flow,2020,9
91-180,57,-0.136,21.623,15.433,0.8346,0.8309,0.049,SARIMAX,BASE+flow,2020,9
181-270,64,0.208,85.61,56.589,0.9233,0.8355,0.469,SARIMAX,BASE+flow,2020,9
271-365,86,-0.007,53.296,32.531,0.9388,0.9883,0.255,SARIMAX,BASE+flow,2020,9
1-7,4,-55.578,27.953,27.46,1.1245,8.3855,0.515,Ensemble_unweighted,BASE+flow,2020,9
8-30,19,0.009,151.264,58.151,0.9437,0.8923,0.38,Ensemble_unweighted,BASE+flow,2020,9
31-90,24,-2.669,27.415,21.417,1.0276,1.7616,0.366,Ensemble_unweighted,BASE+flow,2020,9
91-180,57,-0.118,21.452,15.504,0.8384,0.8347,0.139,Ensemble_unweighted,BASE+flow,2020,9
181-270,64,0.197,86.217,57.826,0.9435,0.8538,0.457,Ensemble_unweighted,BASE+flow,2020,9
271-365,86,0.093,50.602,31.23,0.9012,0.9487,0.361,Ensemble_unweighted,BASE+flow,2020,9
1-7,4,-55.772,28.001,27.518,1.1269,8.4035,0.517,Ensemble_MASEweighted,BASE+flow,2020,9
8-30,19,0.01,151.186,58.182,0.9442,0.8928,0.382,Ensemble_MASEweighted,BASE+flow,2020,9
31-90,24,-2.706,27.556,21.558,1.0343,1.7731,0.364,Ensemble_MASEweighted,BASE+flow,2020,9
91-180,57,-0.119,21.464,15.525,0.8396,0.8358,0.139,Ensemble_MASEweighted,BASE+flow,2020,9
181-270,64,0.196,86.232,57.844,0.9438,0.8541,0.457,Ensemble_MASEweighted,BASE+flow,2020,9
271-365,86,0.093,50.578,31.234,0.9013,0.9489,0.362,Ensemble_MASEweighted,BASE+flow,2020,9
1-7,0,,,,,,,RF,BASE+mgmt,2020,2
8-30,0,,,,,,,RF,BASE+mgmt,2020,2
31-90,0,,,,,,,RF,BASE+mgmt,2020,2
91-180,0,,,,,,,RF,BASE+mgmt,2020,2
181-270,0,,,,,,,RF,BASE+mgmt,2020,2
271-365,0,,,,,,,RF,BASE+mgmt,2020,2
1-7,0,,,,,,,XGB,BASE+mgmt,2020,2
8-30,0,,,,,,,XGB,BASE+mgmt,2020,2
31-90,0,,,,,,,XGB,BASE+mgmt,2020,2
91-180,0,,,,,,,XGB,BASE+mgmt,2020,2
181-270,0,,,,,,,XGB,BASE+mgmt,2020,2
271-365,0,,,,,,,XGB,BASE+mgmt,2020,2
1-7,0,,,,,,,LightGBM,BASE+mgmt,2020,2
8-30,0,,,,,,,LightGBM,BASE+mgmt,2020,2
31-90,0,,,,,,,LightGBM,BASE+mgmt,2020,2
91-180,0,,,,,,,LightGBM,BASE+mgmt,2020,2
181-270,0,,,,,,,LightGBM,BASE+mgmt,2020,2
271-365,0,,,,,,,LightGBM,BASE+mgmt,2020,2
1-7,0,,,,,,,SARIMAX,BASE+mgmt,2020,2
8-30,0,,,,,,,SARIMAX,BASE+mgmt,2020,2
31-90,0,,,,,,,SARIMAX,BASE+mgmt,2020,2
91-180,0,,,,,,,SARIMAX,BASE+mgmt,2020,2
181-270,0,,,,,,,SARIMAX,BASE+mgmt,2020,2
271-365,0,,,,,,,SARIMAX,BASE+mgmt,2020,2
1-7,0,,,,,,,Ensemble_unweighted,BASE+mgmt,2020,2
8-30,0,,,,,,,Ensemble_unweighted,BASE+mgmt,2020,2
31-90,0,,,,,,,Ensemble_unweighted,BASE+mgmt,2020,2
91-180,0,,,,,,,Ensemble_unweighted,BASE+mgmt,2020,2
181-270,0,,,,,,,Ensemble_unweighted,BASE+mgmt,2020,2
271-365,0,,,,,,,Ensemble_unweighted,BASE+mgmt,2020,2
1-7,0,,,,,,,Ensemble_MASEweighted,BASE+mgmt,2020,2
8-30,0,,,,,,,Ensemble_MASEweighted,BASE+mgmt,2020,2
31-90,0,,,,,,,Ensemble_MASEweighted,BASE+mgmt,2020,2
91-180,0,,,,,,,Ensemble_MASEweighted,BASE+mgmt,2020,2
181-270,0,,,,,,,Ensemble_MASEweighted,BASE+mgmt,2020,2
271-365,0,,,,,,,Ensemble_MASEweighted,BASE+mgmt,2020,2
1-7,4,-4.584,17.813,16.116,1.432,1.818,0.317,RF,BASE+mgmt,2020,4
8-30,21,-1.023,20.963,17.97,1.4218,1.5663,0.218,RF,BASE+mgmt,2020,4
31-90,37,-0.088,45.806,31.203,1.1809,1.0758,-0.087,RF,BASE+mgmt,2020,4
91-180,42,0.031,20.621,16.584,0.9811,0.7897,0.276,RF,BASE+mgmt,2020,4
181-270,79,0.097,77.814,50.027,0.9812,0.8209,0.324,RF,BASE+mgmt,2020,4
271-365,80,0.203,89.14,35.634,0.9087,0.8261,0.53,RF,BASE+mgmt,2020,4
1-7,4,-6.036,19.995,18.512,1.6448,2.0882,0.384,XGB,BASE+mgmt,2020,4
8-30,21,-0.423,17.581,13.363,1.0573,1.1647,0.186,XGB,BASE+mgmt,2020,4
31-90,37,-0.136,46.804,31.641,1.1975,1.091,-0.222,XGB,BASE+mgmt,2020,4
91-180,42,0.034,20.589,16.095,0.9522,0.7664,0.263,XGB,BASE+mgmt,2020,4
181-270,79,0.101,77.629,47.887,0.9392,0.7858,0.318,XGB,BASE+mgmt,2020,4
271-365,80,0.144,92.341,39.498,1.0073,0.9156,0.428,XGB,BASE+mgmt,2020,4
1-7,4,-5.712,19.53,18.131,1.611,2.0453,0.428,LightGBM,BASE+mgmt,2020,4
8-30,21,-0.484,17.956,13.675,1.082,1.1919,0.25,LightGBM,BASE+mgmt,2020,4
31-90,37,-0.097,45.99,31.338,1.1861,1.0805,-0.105,LightGBM,BASE+mgmt,2020,4
91-180,42,-0.002,20.969,16.551,0.9791,0.7881,0.225,LightGBM,BASE+mgmt,2020,4
181-270,79,0.112,77.149,47.753,0.9366,0.7836,0.335,LightGBM,BASE+mgmt,2020,4
271-365,80,0.14,92.59,39.634,1.0107,0.9188,0.421,LightGBM,BASE+mgmt,2020,4
1-7,4,-1.436,11.766,9.313,0.8275,1.0506,0.013,SARIMAX,BASE+mgmt,2020,4
8-30,21,0.188,13.278,10.243,0.8104,0.8928,0.448,SARIMAX,BASE+mgmt,2020,4
31-90,37,-0.057,45.161,26.705,1.0107,0.9208,0.048,SARIMAX,BASE+mgmt,2020,4
91-180,42,0.056,20.353,17.311,1.0241,0.8243,0.422,SARIMAX,BASE+mgmt,2020,4
181-270,79,0.094,77.915,50.923,0.9988,0.8356,0.317,SARIMAX,BASE+mgmt,2020,4
271-365,80,0.123,93.461,40.829,1.0412,0.9465,0.371,SARIMAX,BASE+mgmt,2020,4
1-7,4,-4.071,16.976,15.339,1.3629,1.7302,0.354,Ensemble_unweighted,BASE+mgmt,2020,4
8-30,21,-0.236,16.384,12.068,0.9549,1.0519,0.296,Ensemble_unweighted,BASE+mgmt,2020,4
31-90,37,-0.077,45.576,29.836,1.1292,1.0287,-0.102,Ensemble_unweighted,BASE+mgmt,2020,4
91-180,42,0.082,20.077,16.163,0.9562,0.7696,0.334,Ensemble_unweighted,BASE+mgmt,2020,4
181-270,79,0.107,77.368,48.746,0.9561,0.7999,0.328,Ensemble_unweighted,BASE+mgmt,2020,4
271-365,80,0.157,91.652,37.923,0.9671,0.8791,0.447,Ensemble_unweighted,BASE+mgmt,2020,4
1-7,4,-4.124,17.064,15.438,1.3717,1.7414,0.356,Ensemble_MASEweighted,BASE+mgmt,2020,4
8-30,21,-0.243,16.433,12.109,0.9581,1.0554,0.294,Ensemble_MASEweighted,BASE+mgmt,2020,4
31-90,37,-0.078,45.6,29.891,1.1313,1.0306,-0.104,Ensemble_MASEweighted,BASE+mgmt,2020,4
91-180,42,0.081,20.09,16.143,0.955,0.7686,0.331,Ensemble_MASEweighted,BASE+mgmt,2020,4
181-270,79,0.107,77.365,48.717,0.9555,0.7994,0.328,Ensemble_MASEweighted,BASE+mgmt,2020,4
271-365,80,0.157,91.666,37.952,0.9678,0.8798,0.447,Ensemble_MASEweighted,BASE+mgmt,2020,4
1-7,4,-50.522,26.675,26.113,1.0694,7.9743,0.516,RF,BASE+mgmt,2020,9
8-30,19,0.002,151.787,58.992,0.9574,0.9052,0.326,RF,BASE+mgmt,2020,9
31-90,24,-2.592,27.127,22.778,1.0929,1.8735,0.393,RF,BASE+mgmt,2020,9
91-180,57,-0.099,21.268,15.805,0.8547,0.8509,0.202,RF,BASE+mgmt,2020,9
181-270,64,0.184,86.879,59.241,0.9666,0.8747,0.43,RF,BASE+mgmt,2020,9
271-365,86,0.134,49.431,30.253,0.873,0.9191,0.416,RF,BASE+mgmt,2020,9
1-7,4,-66.961,30.636,30.252,1.2388,9.2381,0.514,XGB,BASE+mgmt,2020,9
8-30,19,0.043,148.657,59.593,0.9671,0.9144,0.445,XGB,BASE+mgmt,2020,9
31-90,24,-3.735,31.147,25.034,1.2011,2.0591,0.259,XGB,BASE+mgmt,2020,9
91-180,57,-0.153,21.787,16.169,0.8744,0.8705,0.119,XGB,BASE+mgmt,2020,9
181-270,64,0.172,87.52,58.912,0.9612,0.8698,0.445,XGB,BASE+mgmt,2020,9
271-365,86,0.122,49.762,30.691,0.8857,0.9324,0.396,XGB,BASE+mgmt,2020,9
1-7,4,-58.544,28.676,28.138,1.1523,8.5926,0.413,LightGBM,BASE+mgmt,2020,9
8-30,19,0.056,147.685,60.358,0.9795,0.9262,0.433,LightGBM,BASE+mgmt,2020,9
31-90,24,-4.682,34.119,27.451,1.3171,2.2579,0.302,LightGBM,BASE+mgmt,2020,9
91-180,57,-0.097,21.253,15.532,0.8399,0.8362,0.137,LightGBM,BASE+mgmt,2020,9
181-270,64,0.157,88.312,60.307,0.9839,0.8904,0.403,LightGBM,BASE+mgmt,2020,9
271-365,86,0.118,49.886,31.372,0.9053,0.953,0.405,LightGBM,BASE+mgmt,2020,9
1-7,4,-53.178,27.354,24.051,0.9849,7.3447,0.234,SARIMAX,BASE+mgmt,2020,9
8-30,19,-0.064,156.748,59.505,0.9657,0.9131,0.307,SARIMAX,BASE+mgmt,2020,9
31-90,24,-1.033,20.408,15.205,0.7296,1.2507,0.43,SARIMAX,BASE+mgmt,2020,9
91-180,57,-0.136,21.623,15.433,0.8346,0.8309,0.049,SARIMAX,BASE+mgmt,2020,9
181-270,64,0.208,85.61,56.589,0.9233,0.8355,0.469,SARIMAX,BASE+mgmt,2020,9
271-365,86,-0.007,53.296,32.531,0.9388,0.9883,0.255,SARIMAX,BASE+mgmt,2020,9
1-7,4,-54.253,27.624,27.139,1.1114,8.2875,0.498,Ensemble_unweighted,BASE+mgmt,2020,9
8-30,19,0.014,150.911,58.208,0.9446,0.8932,0.393,Ensemble_unweighted,BASE+mgmt,2020,9
31-90,24,-2.686,27.479,21.489,1.031,1.7675,0.353,Ensemble_unweighted,BASE+mgmt,2020,9
91-180,57,-0.083,21.117,15.265,0.8255,0.8218,0.137,Ensemble_unweighted,BASE+mgmt,2020,9
181-270,64,0.187,86.731,58.095,0.9479,0.8578,0.445,Ensemble_unweighted,BASE+mgmt,2020,9
271-365,86,0.103,50.301,30.691,0.8857,0.9324,0.369,Ensemble_unweighted,BASE+mgmt,2020,9
1-7,4,-54.466,27.677,27.204,1.1141,8.3075,0.502,Ensemble_MASEweighted,BASE+mgmt,2020,9
8-30,19,0.015,150.822,58.249,0.9453,0.8938,0.394,Ensemble_MASEweighted,BASE+mgmt,2020,9
31-90,24,-2.727,27.631,21.638,1.0382,1.7798,0.351,Ensemble_MASEweighted,BASE+mgmt,2020,9
91-180,57,-0.084,21.124,15.274,0.826,0.8223,0.137,Ensemble_MASEweighted,BASE+mgmt,2020,9
181-270,64,0.187,86.759,58.128,0.9484,0.8583,0.444,Ensemble_MASEweighted,BASE+mgmt,2020,9
271-365,86,0.104,50.277,30.698,0.8859,0.9326,0.371,Ensemble_MASEweighted,BASE+mgmt,2020,9
1-7,0,,,,,,,RF,BASE+bodyweight,2020,2
8-30,0,,,,,,,RF,BASE+bodyweight,2020,2
31-90,0,,,,,,,RF,BASE+bodyweight,2020,2
91-180,0,,,,,,,RF,BASE+bodyweight,2020,2
181-270,0,,,,,,,RF,BASE+bodyweight,2020,2
271-365,0,,,,,,,RF,BASE+bodyweight,2020,2
1-7,0,,,,,,,XGB,BASE+bodyweight,2020,2
8-30,0,,,,,,,XGB,BASE+bodyweight,2020,2
31-90,0,,,,,,,XGB,BASE+bodyweight,2020,2
91-180,0,,,,,,,XGB,BASE+bodyweight,2020,2
181-270,0,,,,,,,XGB,BASE+bodyweight,2020,2
271-365,0,,,,,,,XGB,BASE+bodyweight,2020,2
1-7,0,,,,,,,LightGBM,BASE+bodyweight,2020,2
8-30,0,,,,,,,LightGBM,BASE+bodyweight,2020,2
31-90,0,,,,,,,LightGBM,BASE+bodyweight,2020,2
91-180,0,,,,,,,LightGBM,BASE+bodyweight,2020,2
181-270,0,,,,,,,LightGBM,BASE+bodyweight,2020,2
271-365,0,,,,,,,LightGBM,BASE+bodyweight,2020,2
1-7,0,,,,,,,SARIMAX,BASE+bodyweight,2020,2
8-30,0,,,,,,,SARIMAX,BASE+bodyweight,2020,2
31-90,0,,,,,,,SARIMAX,BASE+bodyweight,2020,2
91-180,0,,,,,,,SARIMAX,BASE+bodyweight,2020,2
181-270,0,,,,,,,SARIMAX,BASE+bodyweight,2020,2
271-365,0,,,,,,,SARIMAX,BASE+bodyweight,2020,2
1-7,0,,,,,,,Ensemble_unweighted,BASE+bodyweight,2020,2
8-30,0,,,,,,,Ensemble_unweighted,BASE+bodyweight,2020,2
31-90,0,,,,,,,Ensemble_unweighted,BASE+bodyweight,2020,2
91-180,0,,,,,,,Ensemble_unweighted,BASE+bodyweight,2020,2
181-270,0,,,,,,,Ensemble_unweighted,BASE+bodyweight,2020,2
271-365,0,,,,,,,Ensemble_unweighted,BASE+bodyweight,2020,2
1-7,0,,,,,,,Ensemble_MASEweighted,BASE+bodyweight,2020,2
8-30,0,,,,,,,Ensemble_MASEweighted,BASE+bodyweight,2020,2
31-90,0,,,,,,,Ensemble_MASEweighted,BASE+bodyweight,2020,2
91-180,0,,,,,,,Ensemble_MASEweighted,BASE+bodyweight,2020,2
181-270,0,,,,,,,Ensemble_MASEweighted,BASE+bodyweight,2020,2
271-365,0,,,,,,,Ensemble_MASEweighted,BASE+bodyweight,2020,2
1-7,4,-5.05,18.542,16.702,1.484,1.884,0.304,RF,BASE+bodyweight,2020,4
8-30,21,-1.187,21.796,18.797,1.4873,1.6384,0.212,RF,BASE+bodyweight,2020,4
31-90,37,-0.075,45.528,31.195,1.1807,1.0756,-0.041,RF,BASE+bodyweight,2020,4
91-180,42,0.038,20.555,16.565,0.98,0.7888,0.289,RF,BASE+bodyweight,2020,4
181-270,79,0.122,76.703,49.54,0.9717,0.8129,0.36,RF,BASE+bodyweight,2020,4
271-365,80,0.208,88.858,35.888,0.9152,0.8319,0.53,RF,BASE+bodyweight,2020,4
1-7,4,-6.38,20.479,18.818,1.672,2.1227,0.337,XGB,BASE+bodyweight,2020,4
8-30,21,-0.619,18.752,14.714,1.1642,1.2825,0.13,XGB,BASE+bodyweight,2020,4
31-90,37,-0.114,46.343,30.847,1.1675,1.0636,-0.181,XGB,BASE+bodyweight,2020,4
91-180,42,-0.036,21.329,16.726,0.9895,0.7964,0.181,XGB,BASE+bodyweight,2020,4
181-270,79,0.114,77.079,47.719,0.9359,0.783,0.338,XGB,BASE+bodyweight,2020,4
271-365,80,0.138,92.678,40.502,1.0329,0.9389,0.411,XGB,BASE+bodyweight,2020,4
1-7,4,-5.375,19.033,17.548,1.5592,1.9795,0.402,LightGBM,BASE+bodyweight,2020,4
8-30,21,-0.462,17.824,13.717,1.0853,1.1955,0.235,LightGBM,BASE+bodyweight,2020,4
31-90,37,-0.11,46.267,31.533,1.1934,1.0872,-0.111,LightGBM,BASE+bodyweight,2020,4
91-180,42,0.033,20.604,16.107,0.9529,0.767,0.252,LightGBM,BASE+bodyweight,2020,4
181-270,79,0.122,76.73,47.571,0.933,0.7806,0.35,LightGBM,BASE+bodyweight,2020,4
271-365,80,0.126,93.335,40.49,1.0326,0.9386,0.391,LightGBM,BASE+bodyweight,2020,4
1-7,4,-1.436,11.766,9.313,0.8275,1.0506,0.013,SARIMAX,BASE+bodyweight,2020,4
8-30,21,0.188,13.278,10.243,0.8104,0.8928,0.448,SARIMAX,BASE+bodyweight,2020,4
31-90,37,-0.057,45.161,26.705,1.0107,0.9208,0.048,SARIMAX,BASE+bodyweight,2020,4
91-180,42,0.056,20.353,17.311,1.0241,0.8243,0.422,SARIMAX,BASE+bodyweight,2020,4
181-270,79,0.094,77.915,50.923,0.9988,0.8356,0.317,SARIMAX,BASE+bodyweight,2020,4
271-365,80,0.123,93.461,40.829,1.0412,0.9465,0.371,SARIMAX,BASE+bodyweight,2020,4
1-7,4,-4.165,17.132,15.416,1.3697,1.7389,0.329,Ensemble_unweighted,BASE+bodyweight,2020,4
8-30,21,-0.303,16.824,12.486,0.9879,1.0883,0.275,Ensemble_unweighted,BASE+bodyweight,2020,4
31-90,37,-0.071,45.448,29.695,1.1239,1.0239,-0.08,Ensemble_unweighted,BASE+bodyweight,2020,4
91-180,42,0.081,20.088,16.098,0.9523,0.7665,0.331,Ensemble_unweighted,BASE+bodyweight,2020,4
181-270,79,0.12,76.814,48.466,0.9506,0.7953,0.347,Ensemble_unweighted,BASE+bodyweight,2020,4
271-365,80,0.154,91.821,38.458,0.9807,0.8915,0.438,Ensemble_unweighted,BASE+bodyweight,2020,4
1-7,4,-4.217,17.218,15.511,1.3782,1.7497,0.331,Ensemble_MASEweighted,BASE+bodyweight,2020,4
8-30,21,-0.312,16.88,12.544,0.9925,1.0933,0.272,Ensemble_MASEweighted,BASE+bodyweight,2020,4
31-90,37,-0.072,45.471,29.746,1.1258,1.0256,-0.083,Ensemble_MASEweighted,BASE+bodyweight,2020,4
91-180,42,0.079,20.106,16.078,0.9512,0.7656,0.327,Ensemble_MASEweighted,BASE+bodyweight,2020,4
181-270,79,0.12,76.811,48.438,0.95,0.7948,0.347,Ensemble_MASEweighted,BASE+bodyweight,2020,4
271-365,80,0.153,91.844,38.497,0.9818,0.8924,0.437,Ensemble_MASEweighted,BASE+bodyweight,2020,4
1-7,4,-57.743,28.483,27.888,1.142,8.5162,0.63,RF,BASE+bodyweight,2020,9
8-30,19,0.0,151.974,59.578,0.9669,0.9142,0.293,RF,BASE+bodyweight,2020,9
31-90,24,-2.732,27.651,23.356,1.1206,1.921,0.405,RF,BASE+bodyweight,2020,9
91-180,57,-0.113,21.408,15.882,0.8588,0.855,0.192,RF,BASE+bodyweight,2020,9
181-270,64,0.151,88.656,62.589,1.0212,0.9241,0.389,RF,BASE+bodyweight,2020,9
271-365,86,0.106,50.239,31.76,0.9165,0.9648,0.404,RF,BASE+bodyweight,2020,9
1-7,4,-67.427,30.741,30.281,1.24,9.247,0.426,XGB,BASE+bodyweight,2020,9
8-30,19,0.039,148.993,59.527,0.966,0.9134,0.42,XGB,BASE+bodyweight,2020,9
31-90,24,-3.66,30.899,24.685,1.1844,2.0304,0.255,XGB,BASE+bodyweight,2020,9
91-180,57,-0.175,21.99,16.516,0.8931,0.8892,0.123,XGB,BASE+bodyweight,2020,9
181-270,64,0.185,86.832,58.534,0.955,0.8642,0.454,XGB,BASE+bodyweight,2020,9
271-365,86,0.114,49.988,31.178,0.8997,0.9472,0.395,XGB,BASE+bodyweight,2020,9
1-7,4,-60.111,29.051,28.547,1.169,8.7175,0.407,LightGBM,BASE+bodyweight,2020,9
8-30,19,0.052,148.002,60.667,0.9845,0.9309,0.446,LightGBM,BASE+bodyweight,2020,9
31-90,24,-4.428,33.347,26.762,1.284,2.2012,0.295,LightGBM,BASE+bodyweight,2020,9
91-180,57,-0.098,21.259,15.572,0.8421,0.8384,0.15,LightGBM,BASE+bodyweight,2020,9
181-270,64,0.179,87.187,59.789,0.9755,0.8828,0.434,LightGBM,BASE+bodyweight,2020,9
271-365,86,0.084,50.84,32.314,0.9325,0.9817,0.376,LightGBM,BASE+bodyweight,2020,9
1-7,4,-53.178,27.354,24.051,0.9849,7.3447,0.234,SARIMAX,BASE+bodyweight,2020,9
8-30,19,-0.064,156.748,59.505,0.9657,0.9131,0.307,SARIMAX,BASE+bodyweight,2020,9
31-90,24,-1.033,20.408,15.205,0.7296,1.2507,0.43,SARIMAX,BASE+bodyweight,2020,9
91-180,57,-0.136,21.623,15.433,0.8346,0.8309,0.049,SARIMAX,BASE+bodyweight,2020,9
181-270,64,0.208,85.61,56.589,0.9233,0.8355,0.469,SARIMAX,BASE+bodyweight,2020,9
271-365,86,-0.007,53.296,32.531,0.9388,0.9883,0.255,SARIMAX,BASE+bodyweight,2020,9
1-7,4,-56.522,28.185,27.692,1.134,8.4564,0.514,Ensemble_unweighted,BASE+bodyweight,2020,9
8-30,19,0.011,151.118,58.256,0.9454,0.8939,0.381,Ensemble_unweighted,BASE+bodyweight,2020,9
31-90,24,-2.662,27.389,21.419,1.0277,1.7618,0.352,Ensemble_unweighted,BASE+bodyweight,2020,9
91-180,57,-0.091,21.191,15.302,0.8275,0.8238,0.139,Ensemble_unweighted,BASE+bodyweight,2020,9
181-270,64,0.187,86.734,58.843,0.9601,0.8688,0.443,Ensemble_unweighted,BASE+bodyweight,2020,9
271-365,86,0.087,50.763,31.451,0.9076,0.9554,0.362,Ensemble_unweighted,BASE+bodyweight,2020,9
1-7,4,-56.715,28.233,27.75,1.1364,8.4742,0.516,Ensemble_MASEweighted,BASE+bodyweight,2020,9
8-30,19,0.012,151.033,58.292,0.946,0.8945,0.383,Ensemble_MASEweighted,BASE+bodyweight,2020,9
31-90,24,-2.7,27.532,21.559,1.0344,1.7733,0.35,Ensemble_MASEweighted,BASE+bodyweight,2020,9
91-180,57,-0.091,21.198,15.31,0.8279,0.8242,0.139,Ensemble_MASEweighted,BASE+bodyweight,2020,9
181-270,64,0.187,86.741,58.85,0.9602,0.8689,0.443,Ensemble_MASEweighted,BASE+bodyweight,2020,9
271-365,86,0.088,50.742,31.459,0.9078,0.9557,0.363,Ensemble_MASEweighted,BASE+bodyweight,2020,9
1-7,0,,,,,,,RF,BASE,2021,2
8-30,0,,,,,,,RF,BASE,2021,2
31-90,0,,,,,,,RF,BASE,2021,2
91-180,0,,,,,,,RF,BASE,2021,2
181-270,0,,,,,,,RF,BASE,2021,2
271-365,0,,,,,,,RF,BASE,2021,2
1-7,0,,,,,,,XGB,BASE,2021,2
8-30,0,,,,,,,XGB,BASE,2021,2
31-90,0,,,,,,,XGB,BASE,2021,2
91-180,0,,,,,,,XGB,BASE,2021,2
181-270,0,,,,,,,XGB,BASE,2021,2
271-365,0,,,,,,,XGB,BASE,2021,2
1-7,0,,,,,,,LightGBM,BASE,2021,2
8-30,0,,,,,,,LightGBM,BASE,2021,2
31-90,0,,,,,,,LightGBM,BASE,2021,2
91-180,0,,,,,,,LightGBM,BASE,2021,2
181-270,0,,,,,,,LightGBM,BASE,2021,2
271-365,0,,,,,,,LightGBM,BASE,2021,2
1-7,0,,,,,,,SARIMAX,BASE,2021,2
8-30,0,,,,,,,SARIMAX,BASE,2021,2
31-90,0,,,,,,,SARIMAX,BASE,2021,2
91-180,0,,,,,,,SARIMAX,BASE,2021,2
181-270,0,,,,,,,SARIMAX,BASE,2021,2
271-365,0,,,,,,,SARIMAX,BASE,2021,2
1-7,0,,,,,,,Ensemble_unweighted,BASE,2021,2
8-30,0,,,,,,,Ensemble_unweighted,BASE,2021,2
31-90,0,,,,,,,Ensemble_unweighted,BASE,2021,2
91-180,0,,,,,,,Ensemble_unweighted,BASE,2021,2
181-270,0,,,,,,,Ensemble_unweighted,BASE,2021,2
271-365,0,,,,,,,Ensemble_unweighted,BASE,2021,2
1-7,0,,,,,,,Ensemble_MASEweighted,BASE,2021,2
8-30,0,,,,,,,Ensemble_MASEweighted,BASE,2021,2
31-90,0,,,,,,,Ensemble_MASEweighted,BASE,2021,2
91-180,0,,,,,,,Ensemble_MASEweighted,BASE,2021,2
181-270,0,,,,,,,Ensemble_MASEweighted,BASE,2021,2
271-365,0,,,,,,,Ensemble_MASEweighted,BASE,2021,2
1-7,3,-3.127,4.914,3.965,1.5974,0.4482,-0.999,RF,BASE,2021,4
8-30,19,-0.732,22.749,18.178,1.4303,1.2134,0.256,RF,BASE,2021,4
31-90,50,-0.182,22.293,17.647,1.359,1.0222,0.115,RF,BASE,2021,4
91-180,90,0.209,88.374,52.998,0.8167,0.7262,0.51,RF,BASE,2021,4
181-270,88,0.222,89.067,68.949,1.0168,0.9665,0.499,RF,BASE,2021,4
271-365,91,-0.594,41.259,33.074,1.5877,1.4902,0.468,RF,BASE,2021,4
1-7,3,-1.803,4.05,3.57,1.4383,0.4035,-0.833,XGB,BASE,2021,4
8-30,19,-0.17,18.697,15.013,1.1813,1.0021,0.389,XGB,BASE,2021,4
31-90,50,-0.098,21.491,15.677,1.2073,0.9081,0.11,XGB,BASE,2021,4
91-180,90,0.137,92.34,58.427,0.9004,0.8006,0.371,XGB,BASE,2021,4
181-270,88,0.322,83.111,65.564,0.9669,0.9191,0.614,XGB,BASE,2021,4
271-365,91,-0.514,40.208,31.416,1.508,1.4154,0.473,XGB,BASE,2021,4
1-7,3,-0.606,3.066,2.728,1.0991,0.3084,-0.986,LightGBM,BASE,2021,4
8-30,19,-0.214,19.049,14.677,1.1549,0.9797,0.371,LightGBM,BASE,2021,4
31-90,50,-0.056,21.074,14.612,1.1253,0.8464,0.107,LightGBM,BASE,2021,4
91-180,90,0.193,89.313,55.597,0.8568,0.7618,0.45,LightGBM,BASE,2021,4
181-270,88,0.335,82.342,65.155,0.9608,0.9134,0.636,LightGBM,BASE,2021,4
271-365,91,-0.582,41.109,32.368,1.5538,1.4583,0.463,LightGBM,BASE,2021,4
1-7,3,-5.791,6.304,5.263,2.1203,0.5949,-0.463,SARIMAX,BASE,2021,4
8-30,19,0.012,17.178,12.552,0.9876,0.8379,0.248,SARIMAX,BASE,2021,4
31-90,50,0.011,20.392,13.586,1.0462,0.7869,0.168,SARIMAX,BASE,2021,4
91-180,90,0.112,93.664,57.006,0.8785,0.7811,0.344,SARIMAX,BASE,2021,4
181-270,88,0.207,89.893,64.599,0.9526,0.9056,0.477,SARIMAX,BASE,2021,4
271-365,91,-0.267,36.779,28.419,1.3642,1.2804,0.509,SARIMAX,BASE,2021,4
1-7,3,-2.435,4.483,3.821,1.5395,0.4319,-0.819,Ensemble_unweighted,BASE,2021,4
8-30,19,-0.2,18.932,14.692,1.156,0.9807,0.324,Ensemble_unweighted,BASE,2021,4
31-90,50,-0.037,20.881,15.068,1.1604,0.8728,0.13,Ensemble_unweighted,BASE,2021,4
91-180,90,0.168,90.658,55.778,0.8596,0.7643,0.424,Ensemble_unweighted,BASE,2021,4
181-270,88,0.292,84.922,65.59,0.9672,0.9195,0.577,Ensemble_unweighted,BASE,2021,4
271-365,91,-0.435,39.148,31.021,1.4891,1.3977,0.497,Ensemble_unweighted,BASE,2021,4
1-7,3,-2.389,4.453,3.801,1.5314,0.4297,-0.823,Ensemble_MASEweighted,BASE,2021,4
8-30,19,-0.2,18.936,14.703,1.1569,0.9815,0.325,Ensemble_MASEweighted,BASE,2021,4
31-90,50,-0.038,20.892,15.078,1.1612,0.8734,0.13,Ensemble_MASEweighted,BASE,2021,4
91-180,90,0.168,90.65,55.804,0.8599,0.7646,0.424,Ensemble_MASEweighted,BASE,2021,4
181-270,88,0.294,84.83,65.591,0.9672,0.9195,0.579,Ensemble_MASEweighted,BASE,2021,4
271-365,91,-0.438,39.185,31.047,1.4904,1.3989,0.497,Ensemble_MASEweighted,BASE,2021,4
1-7,1,,,,,,,RF,BASE,2021,9
8-30,12,-0.312,21.001,17.672,0.7054,1.2866,0.072,RF,BASE,2021,9
31-90,35,-0.415,18.271,15.653,0.6508,1.5338,0.115,RF,BASE,2021,9
91-180,85,0.208,90.823,52.531,0.6794,0.5708,0.533,RF,BASE,2021,9
181-270,47,0.043,60.894,45.398,0.9748,0.7038,0.238,RF,BASE,2021,9
271-365,0,,,,,,,RF,BASE,2021,9
1-7,1,,,,,,,XGB,BASE,2021,9
8-30,12,-0.045,18.74,14.267,0.5695,1.0387,0.208,XGB,BASE,2021,9
31-90,35,-0.17,16.618,13.311,0.5535,1.3043,0.069,XGB,BASE,2021,9
91-180,85,0.241,88.936,53.762,0.6953,0.5841,0.545,XGB,BASE,2021,9
181-270,47,-0.133,66.249,47.41,1.018,0.735,0.127,XGB,BASE,2021,9
271-365,0,,,,,,,XGB,BASE,2021,9
1-7,1,,,,,,,LightGBM,BASE,2021,9
8-30,12,0.053,17.844,12.972,0.5178,0.9444,0.369,LightGBM,BASE,2021,9
31-90,35,-0.318,17.632,14.126,0.5874,1.3842,-0.081,LightGBM,BASE,2021,9
91-180,85,0.267,87.374,52.862,0.6836,0.5744,0.53,LightGBM,BASE,2021,9
181-270,47,0.021,61.582,44.688,0.9596,0.6928,0.22,LightGBM,BASE,2021,9
271-365,0,,,,,,,LightGBM,BASE,2021,9
1-7,1,,,,,,,SARIMAX,BASE,2021,9
8-30,12,-1.709,30.172,24.894,0.9937,1.8124,0.164,SARIMAX,BASE,2021,9
31-90,35,-2.93,30.453,24.64,1.0245,2.4144,-0.032,SARIMAX,BASE,2021,9
91-180,85,-0.005,102.337,63.906,0.8265,0.6944,0.483,SARIMAX,BASE,2021,9
181-270,47,-0.218,68.709,47.672,1.0237,0.7391,0.324,SARIMAX,BASE,2021,9
271-365,0,,,,,,,SARIMAX,BASE,2021,9
1-7,1,,,,,,,Ensemble_unweighted,BASE,2021,9
8-30,12,0.018,18.169,13.126,0.524,0.9557,0.188,Ensemble_unweighted,BASE,2021,9
31-90,35,-0.102,16.123,10.647,0.4427,1.0433,0.002,Ensemble_unweighted,BASE,2021,9
91-180,85,0.208,90.875,52.381,0.6774,0.5691,0.534,Ensemble_unweighted,BASE,2021,9
181-270,47,-0.016,62.734,44.205,0.9492,0.6853,0.227,Ensemble_unweighted,BASE,2021,9
271-365,0,,,,,,,Ensemble_unweighted,BASE,2021,9
1-7,1,,,,,,,Ensemble_MASEweighted,BASE,2021,9
8-30,12,0.021,18.139,13.104,0.5231,0.9541,0.19,Ensemble_MASEweighted,BASE,2021,9
31-90,35,-0.099,16.103,10.707,0.4452,1.0492,0.002,Ensemble_MASEweighted,BASE,2021,9
91-180,85,0.21,90.755,52.342,0.6769,0.5687,0.534,Ensemble_MASEweighted,BASE,2021,9
181-270,47,-0.016,62.743,44.219,0.9495,0.6856,0.225,Ensemble_MASEweighted,BASE,2021,9
271-365,0,,,,,,,Ensemble_MASEweighted,BASE,2021,9
1-7,0,,,,,,,RF,BASE+species,2021,2
8-30,0,,,,,,,RF,BASE+species,2021,2
31-90,0,,,,,,,RF,BASE+species,2021,2
91-180,0,,,,,,,RF,BASE+species,2021,2
181-270,0,,,,,,,RF,BASE+species,2021,2
271-365,0,,,,,,,RF,BASE+species,2021,2
1-7,0,,,,,,,XGB,BASE+species,2021,2
8-30,0,,,,,,,XGB,BASE+species,2021,2
31-90,0,,,,,,,XGB,BASE+species,2021,2
91-180,0,,,,,,,XGB,BASE+species,2021,2
181-270,0,,,,,,,XGB,BASE+species,2021,2
271-365,0,,,,,,,XGB,BASE+species,2021,2
1-7,0,,,,,,,LightGBM,BASE+species,2021,2
8-30,0,,,,,,,LightGBM,BASE+species,2021,2
31-90,0,,,,,,,LightGBM,BASE+species,2021,2
91-180,0,,,,,,,LightGBM,BASE+species,2021,2
181-270,0,,,,,,,LightGBM,BASE+species,2021,2
271-365,0,,,,,,,LightGBM,BASE+species,2021,2
1-7,0,,,,,,,SARIMAX,BASE+species,2021,2
8-30,0,,,,,,,SARIMAX,BASE+species,2021,2
31-90,0,,,,,,,SARIMAX,BASE+species,2021,2
91-180,0,,,,,,,SARIMAX,BASE+species,2021,2
181-270,0,,,,,,,SARIMAX,BASE+species,2021,2
271-365,0,,,,,,,SARIMAX,BASE+species,2021,2
1-7,0,,,,,,,Ensemble_unweighted,BASE+species,2021,2
8-30,0,,,,,,,Ensemble_unweighted,BASE+species,2021,2
31-90,0,,,,,,,Ensemble_unweighted,BASE+species,2021,2
91-180,0,,,,,,,Ensemble_unweighted,BASE+species,2021,2
181-270,0,,,,,,,Ensemble_unweighted,BASE+species,2021,2
271-365,0,,,,,,,Ensemble_unweighted,BASE+species,2021,2
1-7,0,,,,,,,Ensemble_MASEweighted,BASE+species,2021,2
8-30,0,,,,,,,Ensemble_MASEweighted,BASE+species,2021,2
31-90,0,,,,,,,Ensemble_MASEweighted,BASE+species,2021,2
91-180,0,,,,,,,Ensemble_MASEweighted,BASE+species,2021,2
181-270,0,,,,,,,Ensemble_MASEweighted,BASE+species,2021,2
271-365,0,,,,,,,Ensemble_MASEweighted,BASE+species,2021,2
1-7,3,-2.654,4.624,3.969,1.5992,0.4487,-0.995,RF,BASE+species,2021,4
8-30,19,-0.709,22.598,17.976,1.4144,1.1999,0.271,RF,BASE+species,2021,4
31-90,50,-0.215,22.608,17.97,1.3839,1.0409,0.104,RF,BASE+species,2021,4
91-180,90,0.207,88.486,52.751,0.8129,0.7228,0.516,RF,BASE+species,2021,4
181-270,88,0.203,90.118,70.153,1.0345,0.9834,0.482,RF,BASE+species,2021,4
271-365,91,-0.672,42.265,33.437,1.6051,1.5065,0.47,RF,BASE+species,2021,4
1-7,3,-1.546,3.86,3.247,1.3082,0.367,-0.969,XGB,BASE+species,2021,4
8-30,19,-0.143,18.477,14.813,1.1655,0.9888,0.425,XGB,BASE+species,2021,4
31-90,50,-0.103,21.539,15.83,1.219,0.9169,0.106,XGB,BASE+species,2021,4
91-180,90,0.11,93.771,61.432,0.9467,0.8417,0.337,XGB,BASE+species,2021,4
181-270,88,0.312,83.741,66.203,0.9763,0.928,0.617,XGB,BASE+species,2021,4
271-365,91,-0.502,40.048,31.118,1.4937,1.402,0.462,XGB,BASE+species,2021,4
1-7,3,-0.632,3.09,2.669,1.0751,0.3017,-0.789,LightGBM,BASE+species,2021,4
8-30,19,-0.176,18.745,14.634,1.1514,0.9768,0.407,LightGBM,BASE+species,2021,4
31-90,50,-0.094,21.45,15.511,1.1945,0.8985,0.125,LightGBM,BASE+species,2021,4
91-180,90,0.176,90.229,55.781,0.8596,0.7643,0.428,LightGBM,BASE+species,2021,4
181-270,88,0.303,84.28,65.905,0.9719,0.9239,0.604,LightGBM,BASE+species,2021,4
271-365,91,-0.641,41.865,32.939,1.5812,1.4841,0.467,LightGBM,BASE+species,2021,4
1-7,3,-5.791,6.304,5.263,2.1203,0.5949,-0.463,SARIMAX,BASE+species,2021,4
8-30,19,0.012,17.178,12.552,0.9876,0.8379,0.248,SARIMAX,BASE+species,2021,4
31-90,50,0.011,20.392,13.586,1.0462,0.7869,0.168,SARIMAX,BASE+species,2021,4
91-180,90,0.112,93.664,57.006,0.8785,0.7811,0.344,SARIMAX,BASE+species,2021,4
181-270,88,0.207,89.893,64.599,0.9526,0.9056,0.477,SARIMAX,BASE+species,2021,4
271-365,91,-0.267,36.779,28.419,1.3642,1.2804,0.509,SARIMAX,BASE+species,2021,4
1-7,3,-2.24,4.354,3.727,1.5014,0.4213,-0.912,Ensemble_unweighted,BASE+species,2021,4
8-30,19,-0.178,18.76,14.579,1.1471,0.9732,0.348,Ensemble_unweighted,BASE+species,2021,4
31-90,50,-0.052,21.035,15.355,1.1824,0.8894,0.131,Ensemble_unweighted,BASE+species,2021,4
91-180,90,0.16,91.078,56.365,0.8686,0.7723,0.41,Ensemble_unweighted,BASE+species,2021,4
181-270,88,0.282,85.56,66.182,0.976,0.9277,0.566,Ensemble_unweighted,BASE+species,2021,4
271-365,91,-0.46,39.487,31.158,1.4957,1.4038,0.496,Ensemble_unweighted,BASE+species,2021,4
1-7,3,-2.197,4.325,3.704,1.4921,0.4186,-0.918,Ensemble_MASEweighted,BASE+species,2021,4
8-30,19,-0.178,18.762,14.59,1.1479,0.9739,0.35,Ensemble_MASEweighted,BASE+species,2021,4
31-90,50,-0.054,21.049,15.369,1.1835,0.8902,0.13,Ensemble_MASEweighted,BASE+species,2021,4
91-180,90,0.16,91.082,56.417,0.8694,0.773,0.41,Ensemble_MASEweighted,BASE+species,2021,4
181-270,88,0.283,85.482,66.19,0.9761,0.9279,0.568,Ensemble_MASEweighted,BASE+species,2021,4
271-365,91,-0.463,39.524,31.182,1.4968,1.4049,0.496,Ensemble_MASEweighted,BASE+species,2021,4
1-7,1,,,,,,,RF,BASE+species,2021,9
8-30,12,-0.488,22.359,19.089,0.762,1.3898,-0.012,RF,BASE+species,2021,9
31-90,35,-0.608,19.479,17.093,0.7107,1.6749,0.01,RF,BASE+species,2021,9
91-180,85,0.198,91.435,53.116,0.6869,0.5771,0.528,RF,BASE+species,2021,9
181-270,47,0.078,59.767,44.447,0.9544,0.6891,0.307,RF,BASE+species,2021,9
271-365,0,,,,,,,RF,BASE+species,2021,9
1-7,1,,,,,,,XGB,BASE+species,2021,9
8-30,12,-0.062,18.887,14.429,0.576,1.0505,0.071,XGB,BASE+species,2021,9
31-90,35,-0.166,16.59,12.822,0.5331,1.2564,-0.036,XGB,BASE+species,2021,9
91-180,85,0.245,88.695,54.043,0.6989,0.5872,0.535,XGB,BASE+species,2021,9
181-270,47,-0.135,66.311,47.396,1.0177,0.7348,0.129,XGB,BASE+species,2021,9
271-365,0,,,,,,,XGB,BASE+species,2021,9
1-7,1,,,,,,,LightGBM,BASE+species,2021,9
8-30,12,0.027,18.084,13.275,0.5299,0.9665,0.287,LightGBM,BASE+species,2021,9
31-90,35,-0.254,17.203,13.639,0.5671,1.3365,-0.045,LightGBM,BASE+species,2021,9
91-180,85,0.23,89.588,53.02,0.6857,0.5761,0.528,LightGBM,BASE+species,2021,9
181-270,47,-0.013,62.651,44.598,0.9577,0.6914,0.211,LightGBM,BASE+species,2021,9
271-365,0,,,,,,,LightGBM,BASE+species,2021,9
1-7,1,,,,,,,SARIMAX,BASE+species,2021,9
8-30,12,-1.709,30.172,24.894,0.9937,1.8124,0.164,SARIMAX,BASE+species,2021,9
31-90,35,-2.93,30.453,24.64,1.0245,2.4144,-0.032,SARIMAX,BASE+species,2021,9
91-180,85,-0.005,102.337,63.906,0.8265,0.6944,0.483,SARIMAX,BASE+species,2021,9
181-270,47,-0.218,68.709,47.672,1.0237,0.7391,0.324,SARIMAX,BASE+species,2021,9
271-365,0,,,,,,,SARIMAX,BASE+species,2021,9
1-7,1,,,,,,,Ensemble_unweighted,BASE+species,2021,9
8-30,12,-0.017,18.483,13.426,0.5359,0.9775,0.137,Ensemble_unweighted,BASE+species,2021,9
31-90,35,-0.115,16.218,10.654,0.443,1.044,-0.031,Ensemble_unweighted,BASE+species,2021,9
91-180,85,0.193,91.677,52.732,0.682,0.573,0.535,Ensemble_unweighted,BASE+species,2021,9
181-270,47,-0.025,63.027,44.536,0.9563,0.6905,0.235,Ensemble_unweighted,BASE+species,2021,9
271-365,0,,,,,,,Ensemble_unweighted,BASE+species,2021,9
1-7,1,,,,,,,Ensemble_MASEweighted,BASE+species,2021,9
8-30,12,-0.014,18.456,13.405,0.5351,0.9759,0.138,Ensemble_MASEweighted,BASE+species,2021,9
31-90,35,-0.112,16.198,10.71,0.4453,1.0495,-0.032,Ensemble_MASEweighted,BASE+species,2021,9
91-180,85,0.196,91.561,52.683,0.6813,0.5724,0.535,Ensemble_MASEweighted,BASE+species,2021,9
181-270,47,-0.026,63.046,44.573,0.9571,0.691,0.233,Ensemble_MASEweighted,BASE+species,2021,9
271-365,0,,,,,,,Ensemble_MASEweighted,BASE+species,2021,9
1-7,0,,,,,,,RF,BASE+arable,2021,2
8-30,0,,,,,,,RF,BASE+arable,2021,2
31-90,0,,,,,,,RF,BASE+arable,2021,2
91-180,0,,,,,,,RF,BASE+arable,2021,2
181-270,0,,,,,,,RF,BASE+arable,2021,2
271-365,0,,,,,,,RF,BASE+arable,2021,2
1-7,0,,,,,,,XGB,BASE+arable,2021,2
8-30,0,,,,,,,XGB,BASE+arable,2021,2
31-90,0,,,,,,,XGB,BASE+arable,2021,2
91-180,0,,,,,,,XGB,BASE+arable,2021,2
181-270,0,,,,,,,XGB,BASE+arable,2021,2
271-365,0,,,,,,,XGB,BASE+arable,2021,2
1-7,0,,,,,,,LightGBM,BASE+arable,2021,2
8-30,0,,,,,,,LightGBM,BASE+arable,2021,2
31-90,0,,,,,,,LightGBM,BASE+arable,2021,2
91-180,0,,,,,,,LightGBM,BASE+arable,2021,2
181-270,0,,,,,,,LightGBM,BASE+arable,2021,2
271-365,0,,,,,,,LightGBM,BASE+arable,2021,2
1-7,0,,,,,,,SARIMAX,BASE+arable,2021,2
8-30,0,,,,,,,SARIMAX,BASE+arable,2021,2
31-90,0,,,,,,,SARIMAX,BASE+arable,2021,2
91-180,0,,,,,,,SARIMAX,BASE+arable,2021,2
181-270,0,,,,,,,SARIMAX,BASE+arable,2021,2
271-365,0,,,,,,,SARIMAX,BASE+arable,2021,2
1-7,0,,,,,,,Ensemble_unweighted,BASE+arable,2021,2
8-30,0,,,,,,,Ensemble_unweighted,BASE+arable,2021,2
31-90,0,,,,,,,Ensemble_unweighted,BASE+arable,2021,2
91-180,0,,,,,,,Ensemble_unweighted,BASE+arable,2021,2
181-270,0,,,,,,,Ensemble_unweighted,BASE+arable,2021,2
271-365,0,,,,,,,Ensemble_unweighted,BASE+arable,2021,2
1-7,0,,,,,,,Ensemble_MASEweighted,BASE+arable,2021,2
8-30,0,,,,,,,Ensemble_MASEweighted,BASE+arable,2021,2
31-90,0,,,,,,,Ensemble_MASEweighted,BASE+arable,2021,2
91-180,0,,,,,,,Ensemble_MASEweighted,BASE+arable,2021,2
181-270,0,,,,,,,Ensemble_MASEweighted,BASE+arable,2021,2
271-365,0,,,,,,,Ensemble_MASEweighted,BASE+arable,2021,2
1-7,3,-3.662,5.223,4.118,1.659,0.4655,-0.983,RF,BASE+arable,2021,4
8-30,19,-0.584,21.758,16.805,1.3222,1.1217,0.207,RF,BASE+arable,2021,4
31-90,50,-0.206,22.52,17.873,1.3764,1.0353,0.112,RF,BASE+arable,2021,4
91-180,90,0.206,88.578,53.216,0.8201,0.7292,0.506,RF,BASE+arable,2021,4
181-270,88,0.225,88.874,68.606,1.0117,0.9617,0.501,RF,BASE+arable,2021,4
271-365,91,-0.501,40.039,31.91,1.5318,1.4377,0.475,RF,BASE+arable,2021,4
1-7,3,-1.783,4.036,3.504,1.4117,0.3961,-0.867,XGB,BASE+arable,2021,4
8-30,19,-0.174,18.728,14.983,1.1789,1.0001,0.393,XGB,BASE+arable,2021,4
31-90,50,-0.11,21.605,15.809,1.2174,0.9157,0.114,XGB,BASE+arable,2021,4
91-180,90,0.122,93.141,60.607,0.934,0.8304,0.352,XGB,BASE+arable,2021,4
181-270,88,0.324,82.999,65.834,0.9708,0.9229,0.619,XGB,BASE+arable,2021,4
271-365,91,-0.563,40.853,32.334,1.5521,1.4568,0.473,XGB,BASE+arable,2021,4
1-7,3,-0.95,3.378,3.023,1.2179,0.3417,-1.0,LightGBM,BASE+arable,2021,4
8-30,19,-0.322,19.874,15.896,1.2508,1.0611,0.349,LightGBM,BASE+arable,2021,4
31-90,50,-0.122,21.725,15.737,1.2119,0.9115,0.091,LightGBM,BASE+arable,2021,4
91-180,90,0.182,89.875,55.017,0.8478,0.7538,0.444,LightGBM,BASE+arable,2021,4
181-270,88,0.305,84.184,65.548,0.9666,0.9189,0.607,LightGBM,BASE+arable,2021,4
271-365,91,-0.762,43.387,34.184,1.6409,1.5402,0.462,LightGBM,BASE+arable,2021,4
1-7,3,-5.791,6.304,5.263,2.1203,0.5949,-0.463,SARIMAX,BASE+arable,2021,4
8-30,19,0.012,17.178,12.552,0.9876,0.8379,0.248,SARIMAX,BASE+arable,2021,4
31-90,50,0.011,20.392,13.586,1.0462,0.7869,0.168,SARIMAX,BASE+arable,2021,4
91-180,90,0.112,93.664,57.006,0.8785,0.7811,0.344,SARIMAX,BASE+arable,2021,4
181-270,88,0.207,89.893,64.599,0.9526,0.9056,0.477,SARIMAX,BASE+arable,2021,4
271-365,91,-0.267,36.779,28.419,1.3642,1.2804,0.509,SARIMAX,BASE+arable,2021,4
1-7,3,-2.665,4.631,3.917,1.578,0.4427,-0.878,Ensemble_unweighted,BASE+arable,2021,4
8-30,19,-0.206,18.983,14.922,1.1741,0.9961,0.309,Ensemble_unweighted,BASE+arable,2021,4
31-90,50,-0.059,21.103,15.407,1.1865,0.8924,0.125,Ensemble_unweighted,BASE+arable,2021,4
91-180,90,0.164,90.878,56.08,0.8642,0.7684,0.417,Ensemble_unweighted,BASE+arable,2021,4
181-270,88,0.29,85.098,65.604,0.9674,0.9196,0.573,Ensemble_unweighted,BASE+arable,2021,4
271-365,91,-0.465,39.56,31.409,1.5078,1.4152,0.498,Ensemble_unweighted,BASE+arable,2021,4
1-7,3,-2.618,4.601,3.897,1.57,0.4405,-0.882,Ensemble_MASEweighted,BASE+arable,2021,4
8-30,19,-0.208,18.995,14.939,1.1755,0.9972,0.311,Ensemble_MASEweighted,BASE+arable,2021,4
31-90,50,-0.061,21.12,15.423,1.1877,0.8934,0.124,Ensemble_MASEweighted,BASE+arable,2021,4
91-180,90,0.164,90.874,56.117,0.8648,0.7689,0.417,Ensemble_MASEweighted,BASE+arable,2021,4
181-270,88,0.291,85.015,65.615,0.9676,0.9198,0.575,Ensemble_MASEweighted,BASE+arable,2021,4
271-365,91,-0.47,39.624,31.459,1.5101,1.4174,0.497,Ensemble_MASEweighted,BASE+arable,2021,4
1-7,1,,,,,,,RF,BASE+arable,2021,9
8-30,12,-0.461,22.16,18.827,0.7515,1.3707,-0.034,RF,BASE+arable,2021,9
31-90,35,-0.472,18.637,15.993,0.665,1.5671,0.108,RF,BASE+arable,2021,9
91-180,85,0.234,89.336,52.575,0.6799,0.5712,0.545,RF,BASE+arable,2021,9
181-270,47,0.032,61.235,45.796,0.9834,0.71,0.223,RF,BASE+arable,2021,9
271-365,0,,,,,,,RF,BASE+arable,2021,9
1-7,1,,,,,,,XGB,BASE+arable,2021,9
8-30,12,-0.047,18.759,14.221,0.5677,1.0354,0.133,XGB,BASE+arable,2021,9
31-90,35,-0.184,16.718,13.37,0.5559,1.3101,0.048,XGB,BASE+arable,2021,9
91-180,85,0.244,88.783,54.047,0.699,0.5872,0.544,XGB,BASE+arable,2021,9
181-270,47,-0.133,66.25,47.516,1.0203,0.7367,0.124,XGB,BASE+arable,2021,9
271-365,0,,,,,,,XGB,BASE+arable,2021,9
1-7,1,,,,,,,LightGBM,BASE+arable,2021,9
8-30,12,0.025,18.098,13.283,0.5302,0.9671,0.293,LightGBM,BASE+arable,2021,9
31-90,35,-0.237,17.086,13.346,0.5549,1.3078,-0.012,LightGBM,BASE+arable,2021,9
91-180,85,0.261,87.748,53.716,0.6947,0.5836,0.52,LightGBM,BASE+arable,2021,9
181-270,47,0.046,60.809,45.323,0.9732,0.7027,0.252,LightGBM,BASE+arable,2021,9
271-365,0,,,,,,,LightGBM,BASE+arable,2021,9
1-7,1,,,,,,,SARIMAX,BASE+arable,2021,9
8-30,12,-1.709,30.172,24.894,0.9937,1.8124,0.164,SARIMAX,BASE+arable,2021,9
31-90,35,-2.93,30.453,24.64,1.0245,2.4144,-0.032,SARIMAX,BASE+arable,2021,9
91-180,85,-0.005,102.337,63.906,0.8265,0.6944,0.483,SARIMAX,BASE+arable,2021,9
181-270,47,-0.218,68.709,47.672,1.0237,0.7391,0.324,SARIMAX,BASE+arable,2021,9
271-365,0,,,,,,,SARIMAX,BASE+arable,2021,9
1-7,1,,,,,,,Ensemble_unweighted,BASE+arable,2021,9
8-30,12,-0.013,18.453,13.337,0.5324,0.971,0.144,Ensemble_unweighted,BASE+arable,2021,9
31-90,35,-0.102,16.125,10.546,0.4385,1.0334,0.016,Ensemble_unweighted,BASE+arable,2021,9
91-180,85,0.215,90.467,52.512,0.6791,0.5706,0.533,Ensemble_unweighted,BASE+arable,2021,9
181-270,47,-0.011,62.576,44.524,0.9561,0.6903,0.23,Ensemble_unweighted,BASE+arable,2021,9
271-365,0,,,,,,,Ensemble_unweighted,BASE+arable,2021,9
1-7,1,,,,,,,Ensemble_MASEweighted,BASE+arable,2021,9
8-30,12,-0.01,18.424,13.313,0.5314,0.9692,0.145,Ensemble_MASEweighted,BASE+arable,2021,9
31-90,35,-0.099,16.102,10.603,0.4409,1.039,0.016,Ensemble_MASEweighted,BASE+arable,2021,9
91-180,85,0.216,90.359,52.489,0.6788,0.5703,0.533,Ensemble_MASEweighted,BASE+arable,2021,9
181-270,47,-0.011,62.58,44.553,0.9567,0.6907,0.228,Ensemble_MASEweighted,BASE+arable,2021,9
271-365,0,,,,,,,Ensemble_MASEweighted,BASE+arable,2021,9
1-7,0,,,,,,,RF,BASE+flow,2021,2
8-30,0,,,,,,,RF,BASE+flow,2021,2
31-90,0,,,,,,,RF,BASE+flow,2021,2
91-180,0,,,,,,,RF,BASE+flow,2021,2
181-270,0,,,,,,,RF,BASE+flow,2021,2
271-365,0,,,,,,,RF,BASE+flow,2021,2
1-7,0,,,,,,,XGB,BASE+flow,2021,2
8-30,0,,,,,,,XGB,BASE+flow,2021,2
31-90,0,,,,,,,XGB,BASE+flow,2021,2
91-180,0,,,,,,,XGB,BASE+flow,2021,2
181-270,0,,,,,,,XGB,BASE+flow,2021,2
271-365,0,,,,,,,XGB,BASE+flow,2021,2
1-7,0,,,,,,,LightGBM,BASE+flow,2021,2
8-30,0,,,,,,,LightGBM,BASE+flow,2021,2
31-90,0,,,,,,,LightGBM,BASE+flow,2021,2
91-180,0,,,,,,,LightGBM,BASE+flow,2021,2
181-270,0,,,,,,,LightGBM,BASE+flow,2021,2
271-365,0,,,,,,,LightGBM,BASE+flow,2021,2
1-7,0,,,,,,,SARIMAX,BASE+flow,2021,2
8-30,0,,,,,,,SARIMAX,BASE+flow,2021,2
31-90,0,,,,,,,SARIMAX,BASE+flow,2021,2
91-180,0,,,,,,,SARIMAX,BASE+flow,2021,2
181-270,0,,,,,,,SARIMAX,BASE+flow,2021,2
271-365,0,,,,,,,SARIMAX,BASE+flow,2021,2
1-7,0,,,,,,,Ensemble_unweighted,BASE+flow,2021,2
8-30,0,,,,,,,Ensemble_unweighted,BASE+flow,2021,2
31-90,0,,,,,,,Ensemble_unweighted,BASE+flow,2021,2
91-180,0,,,,,,,Ensemble_unweighted,BASE+flow,2021,2
181-270,0,,,,,,,Ensemble_unweighted,BASE+flow,2021,2
271-365,0,,,,,,,Ensemble_unweighted,BASE+flow,2021,2
1-7,0,,,,,,,Ensemble_MASEweighted,BASE+flow,2021,2
8-30,0,,,,,,,Ensemble_MASEweighted,BASE+flow,2021,2
31-90,0,,,,,,,Ensemble_MASEweighted,BASE+flow,2021,2
91-180,0,,,,,,,Ensemble_MASEweighted,BASE+flow,2021,2
181-270,0,,,,,,,Ensemble_MASEweighted,BASE+flow,2021,2
271-365,0,,,,,,,Ensemble_MASEweighted,BASE+flow,2021,2
1-7,3,-2.204,4.33,3.745,1.5086,0.4233,-0.983,RF,BASE+flow,2021,4
8-30,19,-0.667,22.317,17.572,1.3826,1.173,0.248,RF,BASE+flow,2021,4
31-90,50,-0.219,22.638,18.071,1.3916,1.0467,0.11,RF,BASE+flow,2021,4
91-180,90,0.216,88.015,53.193,0.8197,0.7288,0.52,RF,BASE+flow,2021,4
181-270,88,0.242,87.895,68.173,1.0053,0.9557,0.528,RF,BASE+flow,2021,4
271-365,91,-0.568,40.919,32.625,1.5661,1.47,0.483,RF,BASE+flow,2021,4
1-7,3,-1.86,4.091,3.55,1.4303,0.4013,-0.93,XGB,BASE+flow,2021,4
8-30,19,-0.118,18.279,14.653,1.1529,0.9781,0.411,XGB,BASE+flow,2021,4
31-90,50,-0.054,21.056,14.997,1.1549,0.8687,0.12,XGB,BASE+flow,2021,4
91-180,90,0.122,93.157,60.724,0.9358,0.832,0.351,XGB,BASE+flow,2021,4
181-270,88,0.313,83.688,66.408,0.9793,0.9309,0.605,XGB,BASE+flow,2021,4
271-365,91,-0.477,39.717,30.793,1.4782,1.3874,0.478,XGB,BASE+flow,2021,4
1-7,3,-0.695,3.15,2.809,1.1317,0.3175,-0.994,LightGBM,BASE+flow,2021,4
8-30,19,-0.27,19.48,15.692,1.2347,1.0475,0.375,LightGBM,BASE+flow,2021,4
31-90,50,-0.096,21.473,14.736,1.1348,0.8536,0.099,LightGBM,BASE+flow,2021,4
91-180,90,0.207,88.529,55.08,0.8488,0.7547,0.468,LightGBM,BASE+flow,2021,4
181-270,88,0.312,83.722,65.357,0.9638,0.9162,0.612,LightGBM,BASE+flow,2021,4
271-365,91,-0.649,41.967,32.306,1.5508,1.4556,0.474,LightGBM,BASE+flow,2021,4
1-7,3,-5.791,6.304,5.263,2.1203,0.5949,-0.463,SARIMAX,BASE+flow,2021,4
8-30,19,0.012,17.178,12.552,0.9876,0.8379,0.248,SARIMAX,BASE+flow,2021,4
31-90,50,0.011,20.392,13.586,1.0462,0.7869,0.168,SARIMAX,BASE+flow,2021,4
91-180,90,0.112,93.664,57.006,0.8785,0.7811,0.344,SARIMAX,BASE+flow,2021,4
181-270,88,0.207,89.893,64.599,0.9526,0.9056,0.477,SARIMAX,BASE+flow,2021,4
271-365,91,-0.267,36.779,28.419,1.3642,1.2804,0.509,SARIMAX,BASE+flow,2021,4
1-7,3,-2.258,4.367,3.781,1.5235,0.4274,-0.817,Ensemble_unweighted,BASE+flow,2021,4
8-30,19,-0.183,18.804,14.699,1.1566,0.9812,0.334,Ensemble_unweighted,BASE+flow,2021,4
31-90,50,-0.04,20.91,15.054,1.1593,0.872,0.129,Ensemble_unweighted,BASE+flow,2021,4
91-180,90,0.174,90.352,56.115,0.8647,0.7689,0.429,Ensemble_unweighted,BASE+flow,2021,4
181-270,88,0.292,84.945,65.615,0.9676,0.9198,0.576,Ensemble_unweighted,BASE+flow,2021,4
271-365,91,-0.445,39.29,30.84,1.4804,1.3895,0.499,Ensemble_unweighted,BASE+flow,2021,4
1-7,3,-2.22,4.341,3.763,1.516,0.4253,-0.822,Ensemble_MASEweighted,BASE+flow,2021,4
8-30,19,-0.184,18.807,14.709,1.1573,0.9818,0.336,Ensemble_MASEweighted,BASE+flow,2021,4
31-90,50,-0.041,20.919,15.057,1.1596,0.8722,0.128,Ensemble_MASEweighted,BASE+flow,2021,4
91-180,90,0.174,90.342,56.151,0.8653,0.7694,0.429,Ensemble_MASEweighted,BASE+flow,2021,4
181-270,88,0.293,84.875,65.633,0.9679,0.9201,0.577,Ensemble_MASEweighted,BASE+flow,2021,4
271-365,91,-0.448,39.332,30.865,1.4816,1.3906,0.498,Ensemble_MASEweighted,BASE+flow,2021,4
1-7,1,,,,,,,RF,BASE+flow,2021,9
8-30,12,-0.45,22.075,18.652,0.7445,1.358,0.003,RF,BASE+flow,2021,9
31-90,35,-0.558,19.171,16.76,0.6969,1.6423,0.034,RF,BASE+flow,2021,9
91-180,85,0.23,89.604,52.91,0.6843,0.5749,0.534,RF,BASE+flow,2021,9
181-270,47,0.09,59.367,44.357,0.9525,0.6877,0.325,RF,BASE+flow,2021,9
271-365,0,,,,,,,RF,BASE+flow,2021,9
1-7,1,,,,,,,XGB,BASE+flow,2021,9
8-30,12,-0.032,18.624,14.158,0.5651,1.0308,0.18,XGB,BASE+flow,2021,9
31-90,35,-0.161,16.552,12.946,0.5383,1.2685,-0.021,XGB,BASE+flow,2021,9
91-180,85,0.244,88.755,53.649,0.6938,0.5829,0.539,XGB,BASE+flow,2021,9
181-270,47,-0.137,66.376,47.545,1.0209,0.7371,0.128,XGB,BASE+flow,2021,9
271-365,0,,,,,,,XGB,BASE+flow,2021,9
1-7,1,,,,,,,LightGBM,BASE+flow,2021,9
8-30,12,0.008,18.255,13.414,0.5355,0.9766,0.232,LightGBM,BASE+flow,2021,9
31-90,35,-0.157,16.525,12.668,0.5267,1.2413,-0.014,LightGBM,BASE+flow,2021,9
91-180,85,0.266,87.487,53.153,0.6874,0.5775,0.524,LightGBM,BASE+flow,2021,9
181-270,47,0.013,61.83,44.421,0.9539,0.6887,0.241,LightGBM,BASE+flow,2021,9
271-365,0,,,,,,,LightGBM,BASE+flow,2021,9
1-7,1,,,,,,,SARIMAX,BASE+flow,2021,9
8-30,12,-1.709,30.172,24.894,0.9937,1.8124,0.164,SARIMAX,BASE+flow,2021,9
31-90,35,-2.93,30.453,24.64,1.0245,2.4144,-0.032,SARIMAX,BASE+flow,2021,9
91-180,85,-0.005,102.337,63.906,0.8265,0.6944,0.483,SARIMAX,BASE+flow,2021,9
181-270,47,-0.218,68.709,47.672,1.0237,0.7391,0.324,SARIMAX,BASE+flow,2021,9
271-365,0,,,,,,,SARIMAX,BASE+flow,2021,9
1-7,1,,,,,,,Ensemble_unweighted,BASE+flow,2021,9
8-30,12,-0.014,18.463,13.3,0.5309,0.9683,0.139,Ensemble_unweighted,BASE+flow,2021,9
31-90,35,-0.092,16.055,10.403,0.4326,1.0194,-0.017,Ensemble_unweighted,BASE+flow,2021,9
91-180,85,0.216,90.369,52.501,0.679,0.5704,0.534,Ensemble_unweighted,BASE+flow,2021,9
181-270,47,-0.009,62.533,44.327,0.9518,0.6872,0.246,Ensemble_unweighted,BASE+flow,2021,9
271-365,0,,,,,,,Ensemble_unweighted,BASE+flow,2021,9
1-7,1,,,,,,,Ensemble_MASEweighted,BASE+flow,2021,9
8-30,12,-0.011,18.432,13.278,0.53,0.9667,0.139,Ensemble_MASEweighted,BASE+flow,2021,9
31-90,35,-0.089,16.029,10.464,0.4351,1.0254,-0.017,Ensemble_MASEweighted,BASE+flow,2021,9
91-180,85,0.218,90.259,52.472,0.6786,0.5701,0.534,Ensemble_MASEweighted,BASE+flow,2021,9
181-270,47,-0.01,62.552,44.368,0.9527,0.6879,0.244,Ensemble_MASEweighted,BASE+flow,2021,9
271-365,0,,,,,,,Ensemble_MASEweighted,BASE+flow,2021,9
1-7,0,,,,,,,RF,BASE+mgmt,2021,2
8-30,0,,,,,,,RF,BASE+mgmt,2021,2
31-90,0,,,,,,,RF,BASE+mgmt,2021,2
91-180,0,,,,,,,RF,BASE+mgmt,2021,2
181-270,0,,,,,,,RF,BASE+mgmt,2021,2
271-365,0,,,,,,,RF,BASE+mgmt,2021,2
1-7,0,,,,,,,XGB,BASE+mgmt,2021,2
8-30,0,,,,,,,XGB,BASE+mgmt,2021,2
31-90,0,,,,,,,XGB,BASE+mgmt,2021,2
91-180,0,,,,,,,XGB,BASE+mgmt,2021,2
181-270,0,,,,,,,XGB,BASE+mgmt,2021,2
271-365,0,,,,,,,XGB,BASE+mgmt,2021,2
1-7,0,,,,,,,LightGBM,BASE+mgmt,2021,2
8-30,0,,,,,,,LightGBM,BASE+mgmt,2021,2
31-90,0,,,,,,,LightGBM,BASE+mgmt,2021,2
91-180,0,,,,,,,LightGBM,BASE+mgmt,2021,2
181-270,0,,,,,,,LightGBM,BASE+mgmt,2021,2
271-365,0,,,,,,,LightGBM,BASE+mgmt,2021,2
1-7,0,,,,,,,SARIMAX,BASE+mgmt,2021,2
8-30,0,,,,,,,SARIMAX,BASE+mgmt,2021,2
31-90,0,,,,,,,SARIMAX,BASE+mgmt,2021,2
91-180,0,,,,,,,SARIMAX,BASE+mgmt,2021,2
181-270,0,,,,,,,SARIMAX,BASE+mgmt,2021,2
271-365,0,,,,,,,SARIMAX,BASE+mgmt,2021,2
1-7,0,,,,,,,Ensemble_unweighted,BASE+mgmt,2021,2
8-30,0,,,,,,,Ensemble_unweighted,BASE+mgmt,2021,2
31-90,0,,,,,,,Ensemble_unweighted,BASE+mgmt,2021,2
91-180,0,,,,,,,Ensemble_unweighted,BASE+mgmt,2021,2
181-270,0,,,,,,,Ensemble_unweighted,BASE+mgmt,2021,2
271-365,0,,,,,,,Ensemble_unweighted,BASE+mgmt,2021,2
1-7,0,,,,,,,Ensemble_MASEweighted,BASE+mgmt,2021,2
8-30,0,,,,,,,Ensemble_MASEweighted,BASE+mgmt,2021,2
31-90,0,,,,,,,Ensemble_MASEweighted,BASE+mgmt,2021,2
91-180,0,,,,,,,Ensemble_MASEweighted,BASE+mgmt,2021,2
181-270,0,,,,,,,Ensemble_MASEweighted,BASE+mgmt,2021,2
271-365,0,,,,,,,Ensemble_MASEweighted,BASE+mgmt,2021,2
1-7,3,-2.441,4.487,3.813,1.536,0.431,-0.996,RF,BASE+mgmt,2021,4
8-30,19,-0.484,21.06,16.203,1.2749,1.0816,0.225,RF,BASE+mgmt,2021,4
31-90,50,-0.198,22.441,17.832,1.3733,1.0329,0.099,RF,BASE+mgmt,2021,4
91-180,90,0.2,88.879,53.892,0.8305,0.7384,0.491,RF,BASE+mgmt,2021,4
181-270,88,0.239,88.073,68.147,1.0049,0.9553,0.52,RF,BASE+mgmt,2021,4
271-365,91,-0.721,42.87,35.19,1.6892,1.5855,0.477,RF,BASE+mgmt,2021,4
1-7,3,-1.509,3.831,3.438,1.3849,0.3886,-0.865,XGB,BASE+mgmt,2021,4
8-30,19,-0.158,18.599,14.949,1.1762,0.9978,0.409,XGB,BASE+mgmt,2021,4
31-90,50,-0.172,22.197,16.416,1.2642,0.9509,0.057,XGB,BASE+mgmt,2021,4
91-180,90,0.121,93.208,60.813,0.9371,0.8332,0.35,XGB,BASE+mgmt,2021,4
181-270,88,0.175,91.714,71.694,1.0573,1.005,0.509,XGB,BASE+mgmt,2021,4
271-365,91,-1.363,50.233,37.165,1.784,1.6745,0.434,XGB,BASE+mgmt,2021,4
1-7,3,-1.002,3.423,3.081,1.2412,0.3482,-0.957,LightGBM,BASE+mgmt,2021,4
8-30,19,-0.164,18.647,14.708,1.1573,0.9818,0.395,LightGBM,BASE+mgmt,2021,4
31-90,50,-0.066,21.173,14.768,1.1372,0.8554,0.106,LightGBM,BASE+mgmt,2021,4
91-180,90,0.131,92.646,64.961,1.0011,0.8901,0.39,LightGBM,BASE+mgmt,2021,4
181-270,88,0.298,84.608,67.999,1.0028,0.9532,0.601,LightGBM,BASE+mgmt,2021,4
271-365,91,-0.783,43.635,34.987,1.6795,1.5764,0.477,LightGBM,BASE+mgmt,2021,4
1-7,3,-5.791,6.304,5.263,2.1203,0.5949,-0.463,SARIMAX,BASE+mgmt,2021,4
8-30,19,0.012,17.178,12.552,0.9876,0.8379,0.248,SARIMAX,BASE+mgmt,2021,4
31-90,50,0.011,20.392,13.586,1.0462,0.7869,0.168,SARIMAX,BASE+mgmt,2021,4
91-180,90,0.112,93.664,57.006,0.8785,0.7811,0.344,SARIMAX,BASE+mgmt,2021,4
181-270,88,0.207,89.893,64.599,0.9526,0.9056,0.477,SARIMAX,BASE+mgmt,2021,4
271-365,91,-0.267,36.779,28.419,1.3642,1.2804,0.509,SARIMAX,BASE+mgmt,2021,4
1-7,3,-2.345,4.424,3.838,1.5463,0.4339,-0.799,Ensemble_unweighted,BASE+mgmt,2021,4
8-30,19,-0.152,18.555,14.512,1.1419,0.9687,0.325,Ensemble_unweighted,BASE+mgmt,2021,4
31-90,50,-0.059,21.105,15.339,1.1813,0.8885,0.109,Ensemble_unweighted,BASE+mgmt,2021,4
91-180,90,0.154,91.397,58.919,0.908,0.8073,0.394,Ensemble_unweighted,BASE+mgmt,2021,4
181-270,88,0.265,86.563,67.533,0.9959,0.9467,0.548,Ensemble_unweighted,BASE+mgmt,2021,4
271-365,91,-0.656,42.061,33.53,1.6095,1.5107,0.495,Ensemble_unweighted,BASE+mgmt,2021,4
1-7,3,-2.305,4.398,3.82,1.539,0.4318,-0.803,Ensemble_MASEweighted,BASE+mgmt,2021,4
8-30,19,-0.153,18.562,14.528,1.1431,0.9697,0.328,Ensemble_MASEweighted,BASE+mgmt,2021,4
31-90,50,-0.061,21.122,15.352,1.1823,0.8893,0.108,Ensemble_MASEweighted,BASE+mgmt,2021,4
91-180,90,0.154,91.412,59.019,0.9095,0.8087,0.393,Ensemble_MASEweighted,BASE+mgmt,2021,4
181-270,88,0.265,86.553,67.612,0.9971,0.9478,0.549,Ensemble_MASEweighted,BASE+mgmt,2021,4
271-365,91,-0.666,42.184,33.6,1.6129,1.5139,0.494,Ensemble_MASEweighted,BASE+mgmt,2021,4
1-7,1,,,,,,,RF,BASE+mgmt,2021,9
8-30,12,-0.426,21.891,18.575,0.7414,1.3523,-0.022,RF,BASE+mgmt,2021,9
31-90,35,-0.574,19.27,16.897,0.7026,1.6557,0.023,RF,BASE+mgmt,2021,9
91-180,85,0.217,90.314,52.56,0.6797,0.5711,0.526,RF,BASE+mgmt,2021,9
181-270,47,0.038,61.059,44.446,0.9544,0.6891,0.262,RF,BASE+mgmt,2021,9
271-365,0,,,,,,,RF,BASE+mgmt,2021,9
1-7,1,,,,,,,XGB,BASE+mgmt,2021,9
8-30,12,-0.04,18.693,13.992,0.5585,1.0187,0.218,XGB,BASE+mgmt,2021,9
31-90,35,-0.218,16.953,13.805,0.574,1.3527,0.045,XGB,BASE+mgmt,2021,9
91-180,85,0.235,89.287,54.374,0.7032,0.5908,0.522,XGB,BASE+mgmt,2021,9
181-270,47,-0.149,66.733,47.865,1.0278,0.7421,0.115,XGB,BASE+mgmt,2021,9
271-365,0,,,,,,,XGB,BASE+mgmt,2021,9
1-7,1,,,,,,,LightGBM,BASE+mgmt,2021,9
8-30,12,0.035,18.011,13.208,0.5272,0.9616,0.297,LightGBM,BASE+mgmt,2021,9
31-90,35,-0.269,17.303,13.815,0.5744,1.3537,-0.06,LightGBM,BASE+mgmt,2021,9
91-180,85,0.244,88.733,53.522,0.6922,0.5815,0.524,LightGBM,BASE+mgmt,2021,9
181-270,47,0.0,62.244,45.607,0.9793,0.7071,0.189,LightGBM,BASE+mgmt,2021,9
271-365,0,,,,,,,LightGBM,BASE+mgmt,2021,9
1-7,1,,,,,,,SARIMAX,BASE+mgmt,2021,9
8-30,12,-1.709,30.172,24.894,0.9937,1.8124,0.164,SARIMAX,BASE+mgmt,2021,9
31-90,35,-2.93,30.453,24.64,1.0245,2.4144,-0.032,SARIMAX,BASE+mgmt,2021,9
91-180,85,-0.005,102.337,63.906,0.8265,0.6944,0.483,SARIMAX,BASE+mgmt,2021,9
181-270,47,-0.218,68.709,47.672,1.0237,0.7391,0.324,SARIMAX,BASE+mgmt,2021,9
271-365,0,,,,,,,SARIMAX,BASE+mgmt,2021,9
1-7,1,,,,,,,Ensemble_unweighted,BASE+mgmt,2021,9
8-30,12,0.0,18.329,13.319,0.5317,0.9697,0.162,Ensemble_unweighted,BASE+mgmt,2021,9
31-90,35,-0.108,16.172,10.769,0.4478,1.0552,-0.016,Ensemble_unweighted,BASE+mgmt,2021,9
91-180,85,0.199,91.365,52.811,0.683,0.5738,0.524,Ensemble_unweighted,BASE+mgmt,2021,9
181-270,47,-0.031,63.191,44.829,0.9626,0.695,0.22,Ensemble_unweighted,BASE+mgmt,2021,9
271-365,0,,,,,,,Ensemble_unweighted,BASE+mgmt,2021,9
1-7,1,,,,,,,Ensemble_MASEweighted,BASE+mgmt,2021,9
8-30,12,0.003,18.301,13.294,0.5306,0.9679,0.164,Ensemble_MASEweighted,BASE+mgmt,2021,9
31-90,35,-0.106,16.158,10.836,0.4506,1.0618,-0.016,Ensemble_MASEweighted,BASE+mgmt,2021,9
91-180,85,0.201,91.261,52.793,0.6827,0.5736,0.524,Ensemble_MASEweighted,BASE+mgmt,2021,9
181-270,47,-0.031,63.206,44.847,0.963,0.6953,0.218,Ensemble_MASEweighted,BASE+mgmt,2021,9
271-365,0,,,,,,,Ensemble_MASEweighted,BASE+mgmt,2021,9
1-7,0,,,,,,,RF,BASE+bodyweight,2021,2
8-30,0,,,,,,,RF,BASE+bodyweight,2021,2
31-90,0,,,,,,,RF,BASE+bodyweight,2021,2
91-180,0,,,,,,,RF,BASE+bodyweight,2021,2
181-270,0,,,,,,,RF,BASE+bodyweight,2021,2
271-365,0,,,,,,,RF,BASE+bodyweight,2021,2
1-7,0,,,,,,,XGB,BASE+bodyweight,2021,2
8-30,0,,,,,,,XGB,BASE+bodyweight,2021,2
31-90,0,,,,,,,XGB,BASE+bodyweight,2021,2
91-180,0,,,,,,,XGB,BASE+bodyweight,2021,2
181-270,0,,,,,,,XGB,BASE+bodyweight,2021,2
271-365,0,,,,,,,XGB,BASE+bodyweight,2021,2
1-7,0,,,,,,,LightGBM,BASE+bodyweight,2021,2
8-30,0,,,,,,,LightGBM,BASE+bodyweight,2021,2
31-90,0,,,,,,,LightGBM,BASE+bodyweight,2021,2
91-180,0,,,,,,,LightGBM,BASE+bodyweight,2021,2
181-270,0,,,,,,,LightGBM,BASE+bodyweight,2021,2
271-365,0,,,,,,,LightGBM,BASE+bodyweight,2021,2
1-7,0,,,,,,,SARIMAX,BASE+bodyweight,2021,2
8-30,0,,,,,,,SARIMAX,BASE+bodyweight,2021,2
31-90,0,,,,,,,SARIMAX,BASE+bodyweight,2021,2
91-180,0,,,,,,,SARIMAX,BASE+bodyweight,2021,2
181-270,0,,,,,,,SARIMAX,BASE+bodyweight,2021,2
271-365,0,,,,,,,SARIMAX,BASE+bodyweight,2021,2
1-7,0,,,,,,,Ensemble_unweighted,BASE+bodyweight,2021,2
8-30,0,,,,,,,Ensemble_unweighted,BASE+bodyweight,2021,2
31-90,0,,,,,,,Ensemble_unweighted,BASE+bodyweight,2021,2
91-180,0,,,,,,,Ensemble_unweighted,BASE+bodyweight,2021,2
181-270,0,,,,,,,Ensemble_unweighted,BASE+bodyweight,2021,2
271-365,0,,,,,,,Ensemble_unweighted,BASE+bodyweight,2021,2
1-7,0,,,,,,,Ensemble_MASEweighted,BASE+bodyweight,2021,2
8-30,0,,,,,,,Ensemble_MASEweighted,BASE+bodyweight,2021,2
31-90,0,,,,,,,Ensemble_MASEweighted,BASE+bodyweight,2021,2
91-180,0,,,,,,,Ensemble_MASEweighted,BASE+bodyweight,2021,2
181-270,0,,,,,,,Ensemble_MASEweighted,BASE+bodyweight,2021,2
271-365,0,,,,,,,Ensemble_MASEweighted,BASE+bodyweight,2021,2
1-7,3,-3.176,4.943,4.082,1.6446,0.4614,-1.0,RF,BASE+bodyweight,2021,4
8-30,19,-0.86,23.576,18.949,1.491,1.2649,0.232,RF,BASE+bodyweight,2021,4
31-90,50,-0.234,22.776,18.27,1.407,1.0583,0.103,RF,BASE+bodyweight,2021,4
91-180,90,0.196,89.126,53.28,0.8211,0.73,0.495,RF,BASE+bodyweight,2021,4
181-270,88,0.092,96.19,73.702,1.0869,1.0332,0.314,RF,BASE+bodyweight,2021,4
271-365,91,-0.537,40.518,32.636,1.5666,1.4704,0.495,RF,BASE+bodyweight,2021,4
1-7,3,-1.473,3.804,3.307,1.3323,0.3738,-1.0,XGB,BASE+bodyweight,2021,4
8-30,19,-0.168,18.68,14.948,1.1762,0.9978,0.376,XGB,BASE+bodyweight,2021,4
31-90,50,-0.115,21.653,15.665,1.2064,0.9074,0.111,XGB,BASE+bodyweight,2021,4
91-180,90,0.119,93.284,54.561,0.8408,0.7476,0.373,XGB,BASE+bodyweight,2021,4
181-270,88,0.258,86.953,67.65,0.9976,0.9483,0.536,XGB,BASE+bodyweight,2021,4
271-365,91,-0.557,40.781,32.186,1.545,1.4502,0.477,XGB,BASE+bodyweight,2021,4
1-7,3,-0.769,3.217,2.766,1.1145,0.3127,-0.833,LightGBM,BASE+bodyweight,2021,4
8-30,19,-0.216,19.062,15.067,1.1855,1.0057,0.388,LightGBM,BASE+bodyweight,2021,4
31-90,50,-0.092,21.434,14.932,1.1499,0.8649,0.115,LightGBM,BASE+bodyweight,2021,4
91-180,90,0.155,91.343,56.181,0.8658,0.7698,0.402,LightGBM,BASE+bodyweight,2021,4
181-270,88,0.229,88.663,69.425,1.0238,0.9732,0.507,LightGBM,BASE+bodyweight,2021,4
271-365,91,-0.706,42.682,34.111,1.6374,1.5369,0.486,LightGBM,BASE+bodyweight,2021,4
1-7,3,-5.791,6.304,5.263,2.1203,0.5949,-0.463,SARIMAX,BASE+bodyweight,2021,4
8-30,19,0.012,17.178,12.552,0.9876,0.8379,0.248,SARIMAX,BASE+bodyweight,2021,4
31-90,50,0.011,20.392,13.586,1.0462,0.7869,0.168,SARIMAX,BASE+bodyweight,2021,4
91-180,90,0.112,93.664,57.006,0.8785,0.7811,0.344,SARIMAX,BASE+bodyweight,2021,4
181-270,88,0.207,89.893,64.599,0.9526,0.9056,0.477,SARIMAX,BASE+bodyweight,2021,4
271-365,91,-0.267,36.779,28.419,1.3642,1.2804,0.509,SARIMAX,BASE+bodyweight,2021,4
1-7,3,-2.41,4.467,3.794,1.5287,0.4289,-0.899,Ensemble_unweighted,BASE+bodyweight,2021,4
8-30,19,-0.22,19.093,14.853,1.1687,0.9914,0.321,Ensemble_unweighted,BASE+bodyweight,2021,4
31-90,50,-0.055,21.064,15.239,1.1736,0.8827,0.128,Ensemble_unweighted,BASE+bodyweight,2021,4
91-180,90,0.15,91.658,55.095,0.849,0.7549,0.407,Ensemble_unweighted,BASE+bodyweight,2021,4
181-270,88,0.211,89.682,68.254,1.0065,0.9568,0.474,Ensemble_unweighted,BASE+bodyweight,2021,4
271-365,91,-0.459,39.475,31.506,1.5124,1.4195,0.509,Ensemble_unweighted,BASE+bodyweight,2021,4
1-7,3,-2.363,4.436,3.772,1.5195,0.4263,-0.905,Ensemble_MASEweighted,BASE+bodyweight,2021,4
8-30,19,-0.22,19.094,14.861,1.1693,0.992,0.323,Ensemble_MASEweighted,BASE+bodyweight,2021,4
31-90,50,-0.057,21.078,15.246,1.1741,0.8831,0.128,Ensemble_MASEweighted,BASE+bodyweight,2021,4
91-180,90,0.149,91.666,55.091,0.849,0.7548,0.406,Ensemble_MASEweighted,BASE+bodyweight,2021,4
181-270,88,0.212,89.617,68.274,1.0068,0.9571,0.476,Ensemble_MASEweighted,BASE+bodyweight,2021,4
271-365,91,-0.463,39.531,31.548,1.5144,1.4214,0.509,Ensemble_MASEweighted,BASE+bodyweight,2021,4
1-7,1,,,,,,,RF,BASE+bodyweight,2021,9
8-30,12,-0.466,22.193,18.985,0.7578,1.3822,0.03,RF,BASE+bodyweight,2021,9
31-90,35,-0.592,19.38,17.0,0.7069,1.6658,0.036,RF,BASE+bodyweight,2021,9
91-180,85,0.21,90.752,52.712,0.6817,0.5727,0.527,RF,BASE+bodyweight,2021,9
181-270,47,0.057,60.434,45.083,0.9681,0.699,0.263,RF,BASE+bodyweight,2021,9
271-365,0,,,,,,,RF,BASE+bodyweight,2021,9
1-7,1,,,,,,,XGB,BASE+bodyweight,2021,9
8-30,12,-0.055,18.825,14.159,0.5652,1.0309,0.095,XGB,BASE+bodyweight,2021,9
31-90,35,-0.181,16.697,13.004,0.5407,1.2743,-0.029,XGB,BASE+bodyweight,2021,9
91-180,85,0.24,88.973,53.562,0.6927,0.582,0.542,XGB,BASE+bodyweight,2021,9
181-270,47,-0.12,65.863,47.043,1.0102,0.7293,0.142,XGB,BASE+bodyweight,2021,9
271-365,0,,,,,,,XGB,BASE+bodyweight,2021,9
1-7,1,,,,,,,LightGBM,BASE+bodyweight,2021,9
8-30,12,0.006,18.28,13.447,0.5368,0.979,0.243,LightGBM,BASE+bodyweight,2021,9
31-90,35,-0.278,17.366,13.747,0.5716,1.3471,-0.077,LightGBM,BASE+bodyweight,2021,9
91-180,85,0.267,87.412,52.857,0.6836,0.5743,0.529,LightGBM,BASE+bodyweight,2021,9
181-270,47,0.005,62.084,44.307,0.9514,0.6869,0.239,LightGBM,BASE+bodyweight,2021,9
271-365,0,,,,,,,LightGBM,BASE+bodyweight,2021,9
1-7,1,,,,,,,SARIMAX,BASE+bodyweight,2021,9
8-30,12,-1.709,30.172,24.894,0.9937,1.8124,0.164,SARIMAX,BASE+bodyweight,2021,9
31-90,35,-2.93,30.453,24.64,1.0245,2.4144,-0.032,SARIMAX,BASE+bodyweight,2021,9
91-180,85,-0.005,102.337,63.906,0.8265,0.6944,0.483,SARIMAX,BASE+bodyweight,2021,9
181-270,47,-0.218,68.709,47.672,1.0237,0.7391,0.324,SARIMAX,BASE+bodyweight,2021,9
271-365,0,,,,,,,SARIMAX,BASE+bodyweight,2021,9
1-7,1,,,,,,,Ensemble_unweighted,BASE+bodyweight,2021,9
8-30,12,-0.014,18.458,13.334,0.5322,0.9708,0.142,Ensemble_unweighted,BASE+bodyweight,2021,9
31-90,35,-0.122,16.272,10.672,0.4437,1.0457,-0.033,Ensemble_unweighted,BASE+bodyweight,2021,9
91-180,85,0.208,90.867,52.695,0.6815,0.5725,0.532,Ensemble_unweighted,BASE+bodyweight,2021,9
181-270,47,-0.019,62.829,44.445,0.9544,0.6891,0.24,Ensemble_unweighted,BASE+bodyweight,2021,9
271-365,0,,,,,,,Ensemble_unweighted,BASE+bodyweight,2021,9
1-7,1,,,,,,,Ensemble_MASEweighted,BASE+bodyweight,2021,9
8-30,12,-0.011,18.433,13.313,0.5314,0.9692,0.142,Ensemble_MASEweighted,BASE+bodyweight,2021,9
31-90,35,-0.12,16.254,10.729,0.4461,1.0513,-0.033,Ensemble_MASEweighted,BASE+bodyweight,2021,9
91-180,85,0.21,90.748,52.659,0.681,0.5722,0.532,Ensemble_MASEweighted,BASE+bodyweight,2021,9
181-270,47,-0.019,62.84,44.477,0.9551,0.6896,0.238,Ensemble_MASEweighted,BASE+bodyweight,2021,9
271-365,0,,,,,,,Ensemble_MASEweighted,BASE+bodyweight,2021,9
1-7,0,,,,,,,RF,BASE,2022,2
8-30,0,,,,,,,RF,BASE,2022,2
31-90,0,,,,,,,RF,BASE,2022,2
91-180,0,,,,,,,RF,BASE,2022,2
181-270,0,,,,,,,RF,BASE,2022,2
271-365,0,,,,,,,RF,BASE,2022,2
1-7,0,,,,,,,XGB,BASE,2022,2
8-30,0,,,,,,,XGB,BASE,2022,2
31-90,0,,,,,,,XGB,BASE,2022,2
91-180,0,,,,,,,XGB,BASE,2022,2
181-270,0,,,,,,,XGB,BASE,2022,2
271-365,0,,,,,,,XGB,BASE,2022,2
1-7,0,,,,,,,LightGBM,BASE,2022,2
8-30,0,,,,,,,LightGBM,BASE,2022,2
31-90,0,,,,,,,LightGBM,BASE,2022,2
91-180,0,,,,,,,LightGBM,BASE,2022,2
181-270,0,,,,,,,LightGBM,BASE,2022,2
271-365,0,,,,,,,LightGBM,BASE,2022,2
1-7,0,,,,,,,SARIMAX,BASE,2022,2
8-30,0,,,,,,,SARIMAX,BASE,2022,2
31-90,0,,,,,,,SARIMAX,BASE,2022,2
91-180,0,,,,,,,SARIMAX,BASE,2022,2
181-270,0,,,,,,,SARIMAX,BASE,2022,2
271-365,0,,,,,,,SARIMAX,BASE,2022,2
1-7,0,,,,,,,Ensemble_unweighted,BASE,2022,2
8-30,0,,,,,,,Ensemble_unweighted,BASE,2022,2
31-90,0,,,,,,,Ensemble_unweighted,BASE,2022,2
91-180,0,,,,,,,Ensemble_unweighted,BASE,2022,2
181-270,0,,,,,,,Ensemble_unweighted,BASE,2022,2
271-365,0,,,,,,,Ensemble_unweighted,BASE,2022,2
1-7,0,,,,,,,Ensemble_MASEweighted,BASE,2022,2
8-30,0,,,,,,,Ensemble_MASEweighted,BASE,2022,2
31-90,0,,,,,,,Ensemble_MASEweighted,BASE,2022,2
91-180,0,,,,,,,Ensemble_MASEweighted,BASE,2022,2
181-270,0,,,,,,,Ensemble_MASEweighted,BASE,2022,2
271-365,0,,,,,,,Ensemble_MASEweighted,BASE,2022,2
1-7,0,,,,,,,RF,BASE,2022,4
8-30,0,,,,,,,RF,BASE,2022,4
31-90,1,,,,,,,RF,BASE,2022,4
91-180,75,0.018,32.969,26.392,1.2171,1.3167,0.492,RF,BASE,2022,4
181-270,74,0.121,55.0,38.694,1.0875,1.1265,0.52,RF,BASE,2022,4
271-365,74,0.179,29.821,22.152,0.9796,1.0473,0.532,RF,BASE,2022,4
1-7,0,,,,,,,XGB,BASE,2022,4
8-30,0,,,,,,,XGB,BASE,2022,4
31-90,1,,,,,,,XGB,BASE,2022,4
91-180,75,0.156,30.567,22.745,1.0489,1.1348,0.489,XGB,BASE,2022,4
181-270,74,0.098,55.717,39.229,1.1025,1.1421,0.506,XGB,BASE,2022,4
271-365,74,0.173,29.943,22.071,0.976,1.0435,0.485,XGB,BASE,2022,4
1-7,0,,,,,,,LightGBM,BASE,2022,4
8-30,0,,,,,,,LightGBM,BASE,2022,4
31-90,1,,,,,,,LightGBM,BASE,2022,4
91-180,75,0.075,32.006,24.154,1.1139,1.2051,0.413,LightGBM,BASE,2022,4
181-270,74,-0.085,61.111,45.956,1.2915,1.3379,0.495,LightGBM,BASE,2022,4
271-365,74,0.171,29.979,22.08,0.9764,1.0439,0.486,LightGBM,BASE,2022,4
1-7,0,,,,,,,SARIMAX,BASE,2022,4
8-30,0,,,,,,,SARIMAX,BASE,2022,4
31-90,1,,,,,,,SARIMAX,BASE,2022,4
91-180,75,0.202,29.723,23.245,1.072,1.1597,0.585,SARIMAX,BASE,2022,4
181-270,74,0.044,57.371,40.999,1.1522,1.1936,0.502,SARIMAX,BASE,2022,4
271-365,74,-0.058,33.86,25.481,1.1268,1.2047,0.432,SARIMAX,BASE,2022,4
1-7,0,,,,,,,Ensemble_unweighted,BASE,2022,4
8-30,0,,,,,,,Ensemble_unweighted,BASE,2022,4
31-90,1,,,,,,,Ensemble_unweighted,BASE,2022,4
91-180,75,0.13,31.049,23.915,1.1028,1.1931,0.524,Ensemble_unweighted,BASE,2022,4
181-270,74,0.062,56.82,40.951,1.1509,1.1922,0.512,Ensemble_unweighted,BASE,2022,4
271-365,74,0.157,30.215,22.443,0.9925,1.0611,0.49,Ensemble_unweighted,BASE,2022,4
1-7,0,,,,,,,Ensemble_MASEweighted,BASE,2022,4
8-30,0,,,,,,,Ensemble_MASEweighted,BASE,2022,4
31-90,1,,,,,,,Ensemble_MASEweighted,BASE,2022,4
91-180,75,0.129,31.054,23.904,1.1023,1.1926,0.522,Ensemble_MASEweighted,BASE,2022,4
181-270,74,0.062,56.84,40.981,1.1517,1.1931,0.512,Ensemble_MASEweighted,BASE,2022,4
271-365,74,0.158,30.196,22.416,0.9913,1.0598,0.49,Ensemble_MASEweighted,BASE,2022,4
1-7,0,,,,,,,RF,BASE,2022,9
8-30,0,,,,,,,RF,BASE,2022,9
31-90,14,-0.443,18.043,13.521,1.0564,1.0922,-0.065,RF,BASE,2022,9
91-180,84,-0.987,26.278,21.264,1.384,1.4352,0.123,RF,BASE,2022,9
181-270,84,-0.14,51.273,43.265,1.1456,1.16,0.602,RF,BASE,2022,9
271-365,89,0.125,45.335,29.651,0.9796,0.9987,0.428,RF,BASE,2022,9
1-7,0,,,,,,,XGB,BASE,2022,9
8-30,0,,,,,,,XGB,BASE,2022,9
31-90,14,-0.447,18.068,13.214,1.0324,1.0674,0.077,XGB,BASE,2022,9
91-180,84,-0.776,24.847,20.208,1.3153,1.3639,0.218,XGB,BASE,2022,9
181-270,84,0.06,46.576,39.629,1.0493,1.0625,0.558,XGB,BASE,2022,9
271-365,89,0.145,44.806,28.794,0.9513,0.9698,0.438,XGB,BASE,2022,9
1-7,0,,,,,,,LightGBM,BASE,2022,9
8-30,0,,,,,,,LightGBM,BASE,2022,9
31-90,14,-0.415,17.869,13.308,1.0396,1.0749,-0.03,LightGBM,BASE,2022,9
91-180,84,-0.802,25.026,20.512,1.3351,1.3844,0.203,LightGBM,BASE,2022,9
181-270,84,-0.491,58.652,49.198,1.3026,1.319,0.561,LightGBM,BASE,2022,9
271-365,89,0.055,47.092,31.433,1.0385,1.0587,0.328,LightGBM,BASE,2022,9
1-7,0,,,,,,,SARIMAX,BASE,2022,9
8-30,0,,,,,,,SARIMAX,BASE,2022,9
31-90,14,-1.224,22.4,20.934,1.6354,1.6909,-0.356,SARIMAX,BASE,2022,9
91-180,84,-0.308,21.322,16.109,1.0485,1.0872,0.083,SARIMAX,BASE,2022,9
181-270,84,-0.019,48.48,38.657,1.0235,1.0364,0.573,SARIMAX,BASE,2022,9
271-365,89,0.066,46.827,29.273,0.9672,0.9859,0.37,SARIMAX,BASE,2022,9
1-7,0,,,,,,,Ensemble_unweighted,BASE,2022,9
8-30,0,,,,,,,Ensemble_unweighted,BASE,2022,9
31-90,14,-0.351,17.458,13.833,1.0807,1.1174,-0.224,Ensemble_unweighted,BASE,2022,9
91-180,84,-0.453,22.472,17.474,1.1374,1.1794,0.167,Ensemble_unweighted,BASE,2022,9
181-270,84,-0.09,50.136,41.636,1.1024,1.1163,0.585,Ensemble_unweighted,BASE,2022,9
271-365,89,0.123,45.382,29.159,0.9634,0.9821,0.405,Ensemble_unweighted,BASE,2022,9
1-7,0,,,,,,,Ensemble_MASEweighted,BASE,2022,9
8-30,0,,,,,,,Ensemble_MASEweighted,BASE,2022,9
31-90,14,-0.35,17.454,13.79,1.0774,1.1139,-0.218,Ensemble_MASEweighted,BASE,2022,9
91-180,84,-0.463,22.547,17.569,1.1436,1.1858,0.168,Ensemble_MASEweighted,BASE,2022,9
181-270,84,-0.091,50.166,41.682,1.1036,1.1175,0.585,Ensemble_MASEweighted,BASE,2022,9
271-365,89,0.123,45.385,29.178,0.964,0.9828,0.406,Ensemble_MASEweighted,BASE,2022,9
1-7,0,,,,,,,RF,BASE+species,2022,2
8-30,0,,,,,,,RF,BASE+species,2022,2
31-90,0,,,,,,,RF,BASE+species,2022,2
91-180,0,,,,,,,RF,BASE+species,2022,2
181-270,0,,,,,,,RF,BASE+species,2022,2
271-365,0,,,,,,,RF,BASE+species,2022,2
1-7,0,,,,,,,XGB,BASE+species,2022,2
8-30,0,,,,,,,XGB,BASE+species,2022,2
31-90,0,,,,,,,XGB,BASE+species,2022,2
91-180,0,,,,,,,XGB,BASE+species,2022,2
181-270,0,,,,,,,XGB,BASE+species,2022,2
271-365,0,,,,,,,XGB,BASE+species,2022,2
1-7,0,,,,,,,LightGBM,BASE+species,2022,2
8-30,0,,,,,,,LightGBM,BASE+species,2022,2
31-90,0,,,,,,,LightGBM,BASE+species,2022,2
91-180,0,,,,,,,LightGBM,BASE+species,2022,2
181-270,0,,,,,,,LightGBM,BASE+species,2022,2
271-365,0,,,,,,,LightGBM,BASE+species,2022,2
1-7,0,,,,,,,SARIMAX,BASE+species,2022,2
8-30,0,,,,,,,SARIMAX,BASE+species,2022,2
31-90,0,,,,,,,SARIMAX,BASE+species,2022,2
91-180,0,,,,,,,SARIMAX,BASE+species,2022,2
181-270,0,,,,,,,SARIMAX,BASE+species,2022,2
271-365,0,,,,,,,SARIMAX,BASE+species,2022,2
1-7,0,,,,,,,Ensemble_unweighted,BASE+species,2022,2
8-30,0,,,,,,,Ensemble_unweighted,BASE+species,2022,2
31-90,0,,,,,,,Ensemble_unweighted,BASE+species,2022,2
91-180,0,,,,,,,Ensemble_unweighted,BASE+species,2022,2
181-270,0,,,,,,,Ensemble_unweighted,BASE+species,2022,2
271-365,0,,,,,,,Ensemble_unweighted,BASE+species,2022,2
1-7,0,,,,,,,Ensemble_MASEweighted,BASE+species,2022,2
8-30,0,,,,,,,Ensemble_MASEweighted,BASE+species,2022,2
31-90,0,,,,,,,Ensemble_MASEweighted,BASE+species,2022,2
91-180,0,,,,,,,Ensemble_MASEweighted,BASE+species,2022,2
181-270,0,,,,,,,Ensemble_MASEweighted,BASE+species,2022,2
271-365,0,,,,,,,Ensemble_MASEweighted,BASE+species,2022,2
1-7,0,,,,,,,RF,BASE+species,2022,4
8-30,0,,,,,,,RF,BASE+species,2022,4
31-90,1,,,,,,,RF,BASE+species,2022,4
91-180,75,0.025,32.867,26.198,1.2081,1.3071,0.489,RF,BASE+species,2022,4
181-270,74,0.145,54.254,37.29,1.048,1.0856,0.521,RF,BASE+species,2022,4
271-365,74,0.177,29.856,22.141,0.9791,1.0468,0.532,RF,BASE+species,2022,4
1-7,0,,,,,,,XGB,BASE+species,2022,4
8-30,0,,,,,,,XGB,BASE+species,2022,4
31-90,1,,,,,,,XGB,BASE+species,2022,4
91-180,75,0.16,30.496,22.782,1.0506,1.1366,0.492,XGB,BASE+species,2022,4
181-270,74,0.107,55.441,39.081,1.0983,1.1378,0.515,XGB,BASE+species,2022,4
271-365,74,0.175,29.894,21.999,0.9728,1.0401,0.487,XGB,BASE+species,2022,4
1-7,0,,,,,,,LightGBM,BASE+species,2022,4
8-30,0,,,,,,,LightGBM,BASE+species,2022,4
31-90,1,,,,,,,LightGBM,BASE+species,2022,4
91-180,75,0.107,31.449,23.49,1.0832,1.1719,0.43,LightGBM,BASE+species,2022,4
181-270,74,-0.053,60.206,45.428,1.2767,1.3226,0.522,LightGBM,BASE+species,2022,4
271-365,74,0.13,30.707,22.459,0.9932,1.0618,0.459,LightGBM,BASE+species,2022,4
1-7,0,,,,,,,SARIMAX,BASE+species,2022,4
8-30,0,,,,,,,SARIMAX,BASE+species,2022,4
31-90,1,,,,,,,SARIMAX,BASE+species,2022,4
91-180,75,0.202,29.723,23.245,1.072,1.1597,0.585,SARIMAX,BASE+species,2022,4
181-270,74,0.044,57.371,40.999,1.1522,1.1936,0.502,SARIMAX,BASE+species,2022,4
271-365,74,-0.058,33.86,25.481,1.1268,1.2047,0.432,SARIMAX,BASE+species,2022,4
1-7,0,,,,,,,Ensemble_unweighted,BASE+species,2022,4
8-30,0,,,,,,,Ensemble_unweighted,BASE+species,2022,4
31-90,1,,,,,,,Ensemble_unweighted,BASE+species,2022,4
91-180,75,0.14,30.861,23.7,1.0929,1.1824,0.528,Ensemble_unweighted,BASE+species,2022,4
181-270,74,0.081,56.261,40.454,1.1369,1.1778,0.522,Ensemble_unweighted,BASE+species,2022,4
271-365,74,0.15,30.351,22.488,0.9944,1.0632,0.482,Ensemble_unweighted,BASE+species,2022,4
1-7,0,,,,,,,Ensemble_MASEweighted,BASE+species,2022,4
8-30,0,,,,,,,Ensemble_MASEweighted,BASE+species,2022,4
31-90,1,,,,,,,Ensemble_MASEweighted,BASE+species,2022,4
91-180,75,0.14,30.863,23.686,1.0923,1.1817,0.526,Ensemble_MASEweighted,BASE+species,2022,4
181-270,74,0.08,56.279,40.487,1.1379,1.1787,0.522,Ensemble_MASEweighted,BASE+species,2022,4
271-365,74,0.151,30.335,22.465,0.9934,1.0621,0.482,Ensemble_MASEweighted,BASE+species,2022,4
1-7,0,,,,,,,RF,BASE+species,2022,9
8-30,0,,,,,,,RF,BASE+species,2022,9
31-90,14,-0.457,18.129,13.66,1.0672,1.1034,-0.054,RF,BASE+species,2022,9
91-180,84,-0.893,25.649,20.931,1.3623,1.4127,0.134,RF,BASE+species,2022,9
181-270,84,-0.441,57.66,48.741,1.2905,1.3068,0.575,RF,BASE+species,2022,9
271-365,89,0.14,44.928,28.901,0.9549,0.9734,0.436,RF,BASE+species,2022,9
1-7,0,,,,,,,XGB,BASE+species,2022,9
8-30,0,,,,,,,XGB,BASE+species,2022,9
31-90,14,-0.441,18.028,13.263,1.0362,1.0714,0.059,XGB,BASE+species,2022,9
91-180,84,-0.704,24.337,19.625,1.2774,1.3246,0.199,XGB,BASE+species,2022,9
181-270,84,0.04,47.054,40.057,1.0606,1.0739,0.551,XGB,BASE+species,2022,9
271-365,89,0.136,45.048,29.032,0.9592,0.9778,0.417,XGB,BASE+species,2022,9
1-7,0,,,,,,,LightGBM,BASE+species,2022,9
8-30,0,,,,,,,LightGBM,BASE+species,2022,9
31-90,14,-0.425,17.926,13.269,1.0367,1.0718,-0.012,LightGBM,BASE+species,2022,9
91-180,84,-0.773,24.823,20.28,1.32,1.3688,0.202,LightGBM,BASE+species,2022,9
181-270,84,-0.439,57.624,48.294,1.2787,1.2948,0.576,LightGBM,BASE+species,2022,9
271-365,89,0.04,47.474,31.762,1.0494,1.0698,0.337,LightGBM,BASE+species,2022,9
1-7,0,,,,,,,SARIMAX,BASE+species,2022,9
8-30,0,,,,,,,SARIMAX,BASE+species,2022,9
31-90,14,-1.224,22.4,20.934,1.6354,1.6909,-0.356,SARIMAX,BASE+species,2022,9
91-180,84,-0.308,21.322,16.109,1.0485,1.0872,0.083,SARIMAX,BASE+species,2022,9
181-270,84,-0.019,48.48,38.657,1.0235,1.0364,0.573,SARIMAX,BASE+species,2022,9
271-365,89,0.066,46.827,29.273,0.9672,0.9859,0.37,SARIMAX,BASE+species,2022,9
1-7,0,,,,,,,Ensemble_unweighted,BASE+species,2022,9
8-30,0,,,,,,,Ensemble_unweighted,BASE+species,2022,9
31-90,14,-0.352,17.465,13.825,1.0801,1.1168,-0.226,Ensemble_unweighted,BASE+species,2022,9
91-180,84,-0.421,22.223,17.267,1.1239,1.1654,0.162,Ensemble_unweighted,BASE+species,2022,9
181-270,84,-0.153,51.566,42.731,1.1314,1.1456,0.58,Ensemble_unweighted,BASE+species,2022,9
271-365,89,0.119,45.482,29.146,0.963,0.9817,0.399,Ensemble_unweighted,BASE+species,2022,9
1-7,0,,,,,,,Ensemble_MASEweighted,BASE+species,2022,9
8-30,0,,,,,,,Ensemble_MASEweighted,BASE+species,2022,9
31-90,14,-0.352,17.461,13.782,1.0768,1.1133,-0.221,Ensemble_MASEweighted,BASE+species,2022,9
91-180,84,-0.43,22.293,17.35,1.1293,1.171,0.163,Ensemble_MASEweighted,BASE+species,2022,9
181-270,84,-0.152,51.561,42.749,1.1319,1.1461,0.58,Ensemble_MASEweighted,BASE+species,2022,9
271-365,89,0.119,45.489,29.174,0.9639,0.9826,0.399,Ensemble_MASEweighted,BASE+species,2022,9
1-7,0,,,,,,,RF,BASE+arable,2022,2
8-30,0,,,,,,,RF,BASE+arable,2022,2
31-90,0,,,,,,,RF,BASE+arable,2022,2
91-180,0,,,,,,,RF,BASE+arable,2022,2
181-270,0,,,,,,,RF,BASE+arable,2022,2
271-365,0,,,,,,,RF,BASE+arable,2022,2
1-7,0,,,,,,,XGB,BASE+arable,2022,2
8-30,0,,,,,,,XGB,BASE+arable,2022,2
31-90,0,,,,,,,XGB,BASE+arable,2022,2
91-180,0,,,,,,,XGB,BASE+arable,2022,2
181-270,0,,,,,,,XGB,BASE+arable,2022,2
271-365,0,,,,,,,XGB,BASE+arable,2022,2
1-7,0,,,,,,,LightGBM,BASE+arable,2022,2
8-30,0,,,,,,,LightGBM,BASE+arable,2022,2
31-90,0,,,,,,,LightGBM,BASE+arable,2022,2
91-180,0,,,,,,,LightGBM,BASE+arable,2022,2
181-270,0,,,,,,,LightGBM,BASE+arable,2022,2
271-365,0,,,,,,,LightGBM,BASE+arable,2022,2
1-7,0,,,,,,,SARIMAX,BASE+arable,2022,2
8-30,0,,,,,,,SARIMAX,BASE+arable,2022,2
31-90,0,,,,,,,SARIMAX,BASE+arable,2022,2
91-180,0,,,,,,,SARIMAX,BASE+arable,2022,2
181-270,0,,,,,,,SARIMAX,BASE+arable,2022,2
271-365,0,,,,,,,SARIMAX,BASE+arable,2022,2
1-7,0,,,,,,,Ensemble_unweighted,BASE+arable,2022,2
8-30,0,,,,,,,Ensemble_unweighted,BASE+arable,2022,2
31-90,0,,,,,,,Ensemble_unweighted,BASE+arable,2022,2
91-180,0,,,,,,,Ensemble_unweighted,BASE+arable,2022,2
181-270,0,,,,,,,Ensemble_unweighted,BASE+arable,2022,2
271-365,0,,,,,,,Ensemble_unweighted,BASE+arable,2022,2
1-7,0,,,,,,,Ensemble_MASEweighted,BASE+arable,2022,2
8-30,0,,,,,,,Ensemble_MASEweighted,BASE+arable,2022,2
31-90,0,,,,,,,Ensemble_MASEweighted,BASE+arable,2022,2
91-180,0,,,,,,,Ensemble_MASEweighted,BASE+arable,2022,2
181-270,0,,,,,,,Ensemble_MASEweighted,BASE+arable,2022,2
271-365,0,,,,,,,Ensemble_MASEweighted,BASE+arable,2022,2
1-7,0,,,,,,,RF,BASE+arable,2022,4
8-30,0,,,,,,,RF,BASE+arable,2022,4
31-90,1,,,,,,,RF,BASE+arable,2022,4
91-180,75,0.023,32.897,26.235,1.2098,1.3089,0.477,RF,BASE+arable,2022,4
181-270,74,0.138,54.471,37.834,1.0633,1.1015,0.521,RF,BASE+arable,2022,4
271-365,74,0.191,29.601,22.033,0.9743,1.0417,0.546,RF,BASE+arable,2022,4
1-7,0,,,,,,,XGB,BASE+arable,2022,4
8-30,0,,,,,,,XGB,BASE+arable,2022,4
31-90,1,,,,,,,XGB,BASE+arable,2022,4
91-180,75,0.153,30.632,23.041,1.0626,1.1496,0.499,XGB,BASE+arable,2022,4
181-270,74,0.096,55.787,39.42,1.1079,1.1477,0.508,XGB,BASE+arable,2022,4
271-365,74,0.166,30.059,22.154,0.9797,1.0474,0.476,XGB,BASE+arable,2022,4
1-7,0,,,,,,,LightGBM,BASE+arable,2022,4
8-30,0,,,,,,,LightGBM,BASE+arable,2022,4
31-90,1,,,,,,,LightGBM,BASE+arable,2022,4
91-180,75,0.047,32.49,24.291,1.1202,1.2119,0.374,LightGBM,BASE+arable,2022,4
181-270,74,-0.056,60.284,44.841,1.2602,1.3055,0.487,LightGBM,BASE+arable,2022,4
271-365,74,0.106,31.127,22.772,1.007,1.0766,0.44,LightGBM,BASE+arable,2022,4
1-7,0,,,,,,,SARIMAX,BASE+arable,2022,4
8-30,0,,,,,,,SARIMAX,BASE+arable,2022,4
31-90,1,,,,,,,SARIMAX,BASE+arable,2022,4
91-180,75,0.202,29.723,23.245,1.072,1.1597,0.585,SARIMAX,BASE+arable,2022,4
181-270,74,0.044,57.371,40.999,1.1522,1.1936,0.502,SARIMAX,BASE+arable,2022,4
271-365,74,-0.058,33.86,25.481,1.1268,1.2047,0.432,SARIMAX,BASE+arable,2022,4
1-7,0,,,,,,,Ensemble_unweighted,BASE+arable,2022,4
8-30,0,,,,,,,Ensemble_unweighted,BASE+arable,2022,4
31-90,1,,,,,,,Ensemble_unweighted,BASE+arable,2022,4
91-180,75,0.123,31.171,23.988,1.1062,1.1968,0.513,Ensemble_unweighted,BASE+arable,2022,4
181-270,74,0.071,56.564,40.498,1.1382,1.179,0.51,Ensemble_unweighted,BASE+arable,2022,4
271-365,74,0.144,30.453,22.594,0.9992,1.0682,0.478,Ensemble_unweighted,BASE+arable,2022,4
1-7,0,,,,,,,Ensemble_MASEweighted,BASE+arable,2022,4
8-30,0,,,,,,,Ensemble_MASEweighted,BASE+arable,2022,4
31-90,1,,,,,,,Ensemble_MASEweighted,BASE+arable,2022,4
91-180,75,0.122,31.18,23.981,1.1059,1.1965,0.511,Ensemble_MASEweighted,BASE+arable,2022,4
181-270,74,0.07,56.586,40.527,1.139,1.1799,0.509,Ensemble_MASEweighted,BASE+arable,2022,4
271-365,74,0.145,30.441,22.573,0.9982,1.0672,0.478,Ensemble_MASEweighted,BASE+arable,2022,4
1-7,0,,,,,,,RF,BASE+arable,2022,9
8-30,0,,,,,,,RF,BASE+arable,2022,9
31-90,14,-0.49,18.331,13.739,1.0734,1.1098,-0.057,RF,BASE+arable,2022,9
91-180,84,-0.93,25.901,21.215,1.3808,1.4319,0.105,RF,BASE+arable,2022,9
181-270,84,-0.266,54.034,45.476,1.2041,1.2192,0.593,RF,BASE+arable,2022,9
271-365,89,0.131,45.166,29.418,0.972,0.9908,0.432,RF,BASE+arable,2022,9
1-7,0,,,,,,,XGB,BASE+arable,2022,9
8-30,0,,,,,,,XGB,BASE+arable,2022,9
31-90,14,-0.418,17.887,13.154,1.0277,1.0626,0.075,XGB,BASE+arable,2022,9
91-180,84,-0.733,24.544,19.882,1.2941,1.3419,0.204,XGB,BASE+arable,2022,9
181-270,84,0.068,46.367,39.409,1.0434,1.0566,0.559,XGB,BASE+arable,2022,9
271-365,89,0.146,44.767,28.677,0.9475,0.9659,0.434,XGB,BASE+arable,2022,9
1-7,0,,,,,,,LightGBM,BASE+arable,2022,9
8-30,0,,,,,,,LightGBM,BASE+arable,2022,9
31-90,14,-0.418,17.886,13.298,1.0389,1.0741,-0.011,LightGBM,BASE+arable,2022,9
91-180,84,-0.78,24.875,20.322,1.3227,1.3716,0.213,LightGBM,BASE+arable,2022,9
181-270,84,-0.487,58.57,49.133,1.3009,1.3173,0.557,LightGBM,BASE+arable,2022,9
271-365,89,0.033,47.659,31.961,1.056,1.0765,0.318,LightGBM,BASE+arable,2022,9
1-7,0,,,,,,,SARIMAX,BASE+arable,2022,9
8-30,0,,,,,,,SARIMAX,BASE+arable,2022,9
31-90,14,-1.224,22.4,20.934,1.6354,1.6909,-0.356,SARIMAX,BASE+arable,2022,9
91-180,84,-0.308,21.322,16.109,1.0485,1.0872,0.083,SARIMAX,BASE+arable,2022,9
181-270,84,-0.019,48.48,38.657,1.0235,1.0364,0.573,SARIMAX,BASE+arable,2022,9
271-365,89,0.066,46.827,29.273,0.9672,0.9859,0.37,SARIMAX,BASE+arable,2022,9
1-7,0,,,,,,,Ensemble_unweighted,BASE+arable,2022,9
8-30,0,,,,,,,Ensemble_unweighted,BASE+arable,2022,9
31-90,14,-0.35,17.449,13.801,1.0782,1.1148,-0.228,Ensemble_unweighted,BASE+arable,2022,9
91-180,84,-0.432,22.311,17.369,1.1305,1.1723,0.161,Ensemble_unweighted,BASE+arable,2022,9
181-270,84,-0.114,50.696,41.999,1.112,1.126,0.583,Ensemble_unweighted,BASE+arable,2022,9
271-365,89,0.119,45.477,29.172,0.9638,0.9826,0.399,Ensemble_unweighted,BASE+arable,2022,9
1-7,0,,,,,,,Ensemble_MASEweighted,BASE+arable,2022,9
8-30,0,,,,,,,Ensemble_MASEweighted,BASE+arable,2022,9
31-90,14,-0.349,17.444,13.757,1.0748,1.1112,-0.223,Ensemble_MASEweighted,BASE+arable,2022,9
91-180,84,-0.441,22.382,17.458,1.1363,1.1783,0.163,Ensemble_MASEweighted,BASE+arable,2022,9
181-270,84,-0.115,50.711,42.027,1.1128,1.1268,0.582,Ensemble_MASEweighted,BASE+arable,2022,9
271-365,89,0.119,45.482,29.193,0.9645,0.9833,0.399,Ensemble_MASEweighted,BASE+arable,2022,9
1-7,0,,,,,,,RF,BASE+flow,2022,2
8-30,0,,,,,,,RF,BASE+flow,2022,2
31-90,0,,,,,,,RF,BASE+flow,2022,2
91-180,0,,,,,,,RF,BASE+flow,2022,2
181-270,0,,,,,,,RF,BASE+flow,2022,2
271-365,0,,,,,,,RF,BASE+flow,2022,2
1-7,0,,,,,,,XGB,BASE+flow,2022,2
8-30,0,,,,,,,XGB,BASE+flow,2022,2
31-90,0,,,,,,,XGB,BASE+flow,2022,2
91-180,0,,,,,,,XGB,BASE+flow,2022,2
181-270,0,,,,,,,XGB,BASE+flow,2022,2
271-365,0,,,,,,,XGB,BASE+flow,2022,2
1-7,0,,,,,,,LightGBM,BASE+flow,2022,2
8-30,0,,,,,,,LightGBM,BASE+flow,2022,2
31-90,0,,,,,,,LightGBM,BASE+flow,2022,2
91-180,0,,,,,,,LightGBM,BASE+flow,2022,2
181-270,0,,,,,,,LightGBM,BASE+flow,2022,2
271-365,0,,,,,,,LightGBM,BASE+flow,2022,2
1-7,0,,,,,,,SARIMAX,BASE+flow,2022,2
8-30,0,,,,,,,SARIMAX,BASE+flow,2022,2
31-90,0,,,,,,,SARIMAX,BASE+flow,2022,2
91-180,0,,,,,,,SARIMAX,BASE+flow,2022,2
181-270,0,,,,,,,SARIMAX,BASE+flow,2022,2
271-365,0,,,,,,,SARIMAX,BASE+flow,2022,2
1-7,0,,,,,,,Ensemble_unweighted,BASE+flow,2022,2
8-30,0,,,,,,,Ensemble_unweighted,BASE+flow,2022,2
31-90,0,,,,,,,Ensemble_unweighted,BASE+flow,2022,2
91-180,0,,,,,,,Ensemble_unweighted,BASE+flow,2022,2
181-270,0,,,,,,,Ensemble_unweighted,BASE+flow,2022,2
271-365,0,,,,,,,Ensemble_unweighted,BASE+flow,2022,2
1-7,0,,,,,,,Ensemble_MASEweighted,BASE+flow,2022,2
8-30,0,,,,,,,Ensemble_MASEweighted,BASE+flow,2022,2
31-90,0,,,,,,,Ensemble_MASEweighted,BASE+flow,2022,2
91-180,0,,,,,,,Ensemble_MASEweighted,BASE+flow,2022,2
181-270,0,,,,,,,Ensemble_MASEweighted,BASE+flow,2022,2
271-365,0,,,,,,,Ensemble_MASEweighted,BASE+flow,2022,2
1-7,0,,,,,,,RF,BASE+flow,2022,4
8-30,0,,,,,,,RF,BASE+flow,2022,4
31-90,1,,,,,,,RF,BASE+flow,2022,4
91-180,75,0.028,32.804,26.091,1.2032,1.3017,0.481,RF,BASE+flow,2022,4
181-270,74,-0.077,60.896,45.215,1.2707,1.3164,0.507,RF,BASE+flow,2022,4
271-365,74,0.182,29.763,22.348,0.9883,1.0566,0.546,RF,BASE+flow,2022,4
1-7,0,,,,,,,XGB,BASE+flow,2022,4
8-30,0,,,,,,,XGB,BASE+flow,2022,4
31-90,1,,,,,,,XGB,BASE+flow,2022,4
91-180,75,0.139,30.881,23.05,1.063,1.15,0.462,XGB,BASE+flow,2022,4
181-270,74,0.088,56.024,39.66,1.1146,1.1546,0.504,XGB,BASE+flow,2022,4
271-365,74,0.183,29.748,21.943,0.9703,1.0374,0.501,XGB,BASE+flow,2022,4
1-7,0,,,,,,,LightGBM,BASE+flow,2022,4
8-30,0,,,,,,,LightGBM,BASE+flow,2022,4
31-90,1,,,,,,,LightGBM,BASE+flow,2022,4
91-180,75,-0.05,34.102,25.211,1.1626,1.2578,0.282,LightGBM,BASE+flow,2022,4
181-270,74,-0.261,65.889,50.529,1.4201,1.4711,0.52,LightGBM,BASE+flow,2022,4
271-365,74,0.172,29.949,21.958,0.971,1.0381,0.482,LightGBM,BASE+flow,2022,4
1-7,0,,,,,,,SARIMAX,BASE+flow,2022,4
8-30,0,,,,,,,SARIMAX,BASE+flow,2022,4
31-90,1,,,,,,,SARIMAX,BASE+flow,2022,4
91-180,75,0.202,29.723,23.245,1.072,1.1597,0.585,SARIMAX,BASE+flow,2022,4
181-270,74,0.044,57.371,40.999,1.1522,1.1936,0.502,SARIMAX,BASE+flow,2022,4
271-365,74,-0.058,33.86,25.481,1.1268,1.2047,0.432,SARIMAX,BASE+flow,2022,4
1-7,0,,,,,,,Ensemble_unweighted,BASE+flow,2022,4
8-30,0,,,,,,,Ensemble_unweighted,BASE+flow,2022,4
31-90,1,,,,,,,Ensemble_unweighted,BASE+flow,2022,4
91-180,75,0.104,31.501,24.126,1.1126,1.2037,0.477,Ensemble_unweighted,BASE+flow,2022,4
181-270,74,-0.009,58.945,43.282,1.2164,1.2601,0.522,Ensemble_unweighted,BASE+flow,2022,4
271-365,74,0.161,30.157,22.417,0.9913,1.0598,0.496,Ensemble_unweighted,BASE+flow,2022,4
1-7,0,,,,,,,Ensemble_MASEweighted,BASE+flow,2022,4
8-30,0,,,,,,,Ensemble_MASEweighted,BASE+flow,2022,4
31-90,1,,,,,,,Ensemble_MASEweighted,BASE+flow,2022,4
91-180,75,0.103,31.521,24.124,1.1125,1.2036,0.474,Ensemble_MASEweighted,BASE+flow,2022,4
181-270,74,-0.01,58.959,43.308,1.2171,1.2608,0.522,Ensemble_MASEweighted,BASE+flow,2022,4
271-365,74,0.162,30.137,22.388,0.99,1.0585,0.496,Ensemble_MASEweighted,BASE+flow,2022,4
1-7,0,,,,,,,RF,BASE+flow,2022,9
8-30,0,,,,,,,RF,BASE+flow,2022,9
31-90,14,-0.628,19.164,14.169,1.107,1.1446,-0.132,RF,BASE+flow,2022,9
91-180,84,-0.928,25.887,20.956,1.364,1.4144,0.116,RF,BASE+flow,2022,9
181-270,84,-0.379,56.405,47.53,1.2585,1.2743,0.6,RF,BASE+flow,2022,9
271-365,89,0.127,45.275,29.699,0.9812,1.0003,0.437,RF,BASE+flow,2022,9
1-7,0,,,,,,,XGB,BASE+flow,2022,9
8-30,0,,,,,,,XGB,BASE+flow,2022,9
31-90,14,-0.433,17.982,13.23,1.0336,1.0686,0.107,XGB,BASE+flow,2022,9
91-180,84,-0.777,24.851,20.15,1.3115,1.36,0.208,XGB,BASE+flow,2022,9
181-270,84,0.072,46.258,39.257,1.0394,1.0525,0.56,XGB,BASE+flow,2022,9
271-365,89,0.144,44.832,28.63,0.9459,0.9643,0.428,XGB,BASE+flow,2022,9
1-7,0,,,,,,,LightGBM,BASE+flow,2022,9
8-30,0,,,,,,,LightGBM,BASE+flow,2022,9
31-90,14,-0.399,17.763,13.263,1.0362,1.0714,-0.038,LightGBM,BASE+flow,2022,9
91-180,84,-0.745,24.626,20.01,1.3024,1.3505,0.19,LightGBM,BASE+flow,2022,9
181-270,84,-0.512,59.059,49.597,1.3132,1.3297,0.59,LightGBM,BASE+flow,2022,9
271-365,89,0.059,47.012,31.192,1.0306,1.0506,0.33,LightGBM,BASE+flow,2022,9
1-7,0,,,,,,,SARIMAX,BASE+flow,2022,9
8-30,0,,,,,,,SARIMAX,BASE+flow,2022,9
31-90,14,-1.224,22.4,20.934,1.6354,1.6909,-0.356,SARIMAX,BASE+flow,2022,9
91-180,84,-0.308,21.322,16.109,1.0485,1.0872,0.083,SARIMAX,BASE+flow,2022,9
181-270,84,-0.019,48.48,38.657,1.0235,1.0364,0.573,SARIMAX,BASE+flow,2022,9
271-365,89,0.066,46.827,29.273,0.9672,0.9859,0.37,SARIMAX,BASE+flow,2022,9
1-7,0,,,,,,,Ensemble_unweighted,BASE+flow,2022,9
8-30,0,,,,,,,Ensemble_unweighted,BASE+flow,2022,9
31-90,14,-0.378,17.632,13.924,1.0878,1.1247,-0.23,Ensemble_unweighted,BASE+flow,2022,9
91-180,84,-0.431,22.302,17.266,1.1238,1.1653,0.16,Ensemble_unweighted,BASE+flow,2022,9
181-270,84,-0.136,51.198,42.45,1.124,1.1381,0.594,Ensemble_unweighted,BASE+flow,2022,9
271-365,89,0.125,45.335,29.071,0.9605,0.9792,0.406,Ensemble_unweighted,BASE+flow,2022,9
1-7,0,,,,,,,Ensemble_MASEweighted,BASE+flow,2022,9
8-30,0,,,,,,,Ensemble_MASEweighted,BASE+flow,2022,9
31-90,14,-0.377,17.623,13.876,1.0841,1.1209,-0.225,Ensemble_MASEweighted,BASE+flow,2022,9
91-180,84,-0.441,22.376,17.354,1.1295,1.1713,0.162,Ensemble_MASEweighted,BASE+flow,2022,9
181-270,84,-0.136,51.199,42.469,1.1245,1.1386,0.594,Ensemble_MASEweighted,BASE+flow,2022,9
271-365,89,0.125,45.338,29.086,0.961,0.9797,0.406,Ensemble_MASEweighted,BASE+flow,2022,9
1-7,0,,,,,,,RF,BASE+mgmt,2022,2
8-30,0,,,,,,,RF,BASE+mgmt,2022,2
31-90,0,,,,,,,RF,BASE+mgmt,2022,2
91-180,0,,,,,,,RF,BASE+mgmt,2022,2
181-270,0,,,,,,,RF,BASE+mgmt,2022,2
271-365,0,,,,,,,RF,BASE+mgmt,2022,2
1-7,0,,,,,,,XGB,BASE+mgmt,2022,2
8-30,0,,,,,,,XGB,BASE+mgmt,2022,2
31-90,0,,,,,,,XGB,BASE+mgmt,2022,2
91-180,0,,,,,,,XGB,BASE+mgmt,2022,2
181-270,0,,,,,,,XGB,BASE+mgmt,2022,2
271-365,0,,,,,,,XGB,BASE+mgmt,2022,2
1-7,0,,,,,,,LightGBM,BASE+mgmt,2022,2
8-30,0,,,,,,,LightGBM,BASE+mgmt,2022,2
31-90,0,,,,,,,LightGBM,BASE+mgmt,2022,2
91-180,0,,,,,,,LightGBM,BASE+mgmt,2022,2
181-270,0,,,,,,,LightGBM,BASE+mgmt,2022,2
271-365,0,,,,,,,LightGBM,BASE+mgmt,2022,2
1-7,0,,,,,,,SARIMAX,BASE+mgmt,2022,2
8-30,0,,,,,,,SARIMAX,BASE+mgmt,2022,2
31-90,0,,,,,,,SARIMAX,BASE+mgmt,2022,2
91-180,0,,,,,,,SARIMAX,BASE+mgmt,2022,2
181-270,0,,,,,,,SARIMAX,BASE+mgmt,2022,2
271-365,0,,,,,,,SARIMAX,BASE+mgmt,2022,2
1-7,0,,,,,,,Ensemble_unweighted,BASE+mgmt,2022,2
8-30,0,,,,,,,Ensemble_unweighted,BASE+mgmt,2022,2
31-90,0,,,,,,,Ensemble_unweighted,BASE+mgmt,2022,2
91-180,0,,,,,,,Ensemble_unweighted,BASE+mgmt,2022,2
181-270,0,,,,,,,Ensemble_unweighted,BASE+mgmt,2022,2
271-365,0,,,,,,,Ensemble_unweighted,BASE+mgmt,2022,2
1-7,0,,,,,,,Ensemble_MASEweighted,BASE+mgmt,2022,2
8-30,0,,,,,,,Ensemble_MASEweighted,BASE+mgmt,2022,2
31-90,0,,,,,,,Ensemble_MASEweighted,BASE+mgmt,2022,2
91-180,0,,,,,,,Ensemble_MASEweighted,BASE+mgmt,2022,2
181-270,0,,,,,,,Ensemble_MASEweighted,BASE+mgmt,2022,2
271-365,0,,,,,,,Ensemble_MASEweighted,BASE+mgmt,2022,2
1-7,0,,,,,,,RF,BASE+mgmt,2022,4
8-30,0,,,,,,,RF,BASE+mgmt,2022,4
31-90,1,,,,,,,RF,BASE+mgmt,2022,4
91-180,75,0.01,33.119,26.717,1.2321,1.3329,0.517,RF,BASE+mgmt,2022,4
181-270,74,0.11,55.358,39.307,1.1047,1.1444,0.518,RF,BASE+mgmt,2022,4
271-365,74,0.168,30.027,22.091,0.9769,1.0444,0.51,RF,BASE+mgmt,2022,4
1-7,0,,,,,,,XGB,BASE+mgmt,2022,4
8-30,0,,,,,,,XGB,BASE+mgmt,2022,4
31-90,1,,,,,,,XGB,BASE+mgmt,2022,4
91-180,75,0.151,30.669,22.918,1.0569,1.1434,0.472,XGB,BASE+mgmt,2022,4
181-270,74,0.092,55.896,39.795,1.1184,1.1586,0.509,XGB,BASE+mgmt,2022,4
271-365,74,0.173,29.94,22.03,0.9742,1.0416,0.485,XGB,BASE+mgmt,2022,4
1-7,0,,,,,,,LightGBM,BASE+mgmt,2022,4
8-30,0,,,,,,,LightGBM,BASE+mgmt,2022,4
31-90,1,,,,,,,LightGBM,BASE+mgmt,2022,4
91-180,75,0.073,32.041,23.792,1.0972,1.187,0.392,LightGBM,BASE+mgmt,2022,4
181-270,74,0.038,57.542,41.327,1.1615,1.2032,0.478,LightGBM,BASE+mgmt,2022,4
271-365,74,0.184,29.738,21.979,0.9719,1.0391,0.503,LightGBM,BASE+mgmt,2022,4
1-7,0,,,,,,,SARIMAX,BASE+mgmt,2022,4
8-30,0,,,,,,,SARIMAX,BASE+mgmt,2022,4
31-90,1,,,,,,,SARIMAX,BASE+mgmt,2022,4
91-180,75,0.202,29.723,23.245,1.072,1.1597,0.585,SARIMAX,BASE+mgmt,2022,4
181-270,74,0.044,57.371,40.999,1.1522,1.1936,0.502,SARIMAX,BASE+mgmt,2022,4
271-365,74,-0.058,33.86,25.481,1.1268,1.2047,0.432,SARIMAX,BASE+mgmt,2022,4
1-7,0,,,,,,,Ensemble_unweighted,BASE+mgmt,2022,4
8-30,0,,,,,,,Ensemble_unweighted,BASE+mgmt,2022,4
31-90,1,,,,,,,Ensemble_unweighted,BASE+mgmt,2022,4
91-180,75,0.129,31.051,23.904,1.1023,1.1926,0.521,Ensemble_unweighted,BASE+mgmt,2022,4
181-270,74,0.08,56.268,40.123,1.1276,1.1681,0.509,Ensemble_unweighted,BASE+mgmt,2022,4
271-365,74,0.158,30.212,22.419,0.9914,1.0599,0.489,Ensemble_unweighted,BASE+mgmt,2022,4
1-7,0,,,,,,,Ensemble_MASEweighted,BASE+mgmt,2022,4
8-30,0,,,,,,,Ensemble_MASEweighted,BASE+mgmt,2022,4
31-90,1,,,,,,,Ensemble_MASEweighted,BASE+mgmt,2022,4
91-180,75,0.129,31.057,23.89,1.1017,1.1919,0.519,Ensemble_MASEweighted,BASE+mgmt,2022,4
181-270,74,0.08,56.27,40.127,1.1277,1.1682,0.509,Ensemble_MASEweighted,BASE+mgmt,2022,4
271-365,74,0.159,30.191,22.392,0.9902,1.0587,0.49,Ensemble_MASEweighted,BASE+mgmt,2022,4
1-7,0,,,,,,,RF,BASE+mgmt,2022,9
8-30,0,,,,,,,RF,BASE+mgmt,2022,9
31-90,14,-0.525,18.547,14.0,1.0938,1.1309,-0.088,RF,BASE+mgmt,2022,9
91-180,84,-0.937,25.949,21.216,1.3809,1.432,0.122,RF,BASE+mgmt,2022,9
181-270,84,-0.234,53.348,44.888,1.1885,1.2035,0.597,RF,BASE+mgmt,2022,9
271-365,89,0.132,45.146,28.986,0.9577,0.9763,0.425,RF,BASE+mgmt,2022,9
1-7,0,,,,,,,XGB,BASE+mgmt,2022,9
8-30,0,,,,,,,XGB,BASE+mgmt,2022,9
31-90,14,-0.459,18.143,13.3,1.0391,1.0743,0.048,XGB,BASE+mgmt,2022,9
91-180,84,-0.741,24.601,19.966,1.2996,1.3476,0.216,XGB,BASE+mgmt,2022,9
181-270,84,0.054,46.724,39.899,1.0564,1.0697,0.558,XGB,BASE+mgmt,2022,9
271-365,89,0.137,45.019,29.204,0.9649,0.9836,0.427,XGB,BASE+mgmt,2022,9
1-7,0,,,,,,,LightGBM,BASE+mgmt,2022,9
8-30,0,,,,,,,LightGBM,BASE+mgmt,2022,9
31-90,14,-0.421,17.903,13.314,1.0402,1.0755,-0.029,LightGBM,BASE+mgmt,2022,9
91-180,84,-0.83,25.219,20.706,1.3477,1.3975,0.203,LightGBM,BASE+mgmt,2022,9
181-270,84,-0.38,56.426,47.569,1.2595,1.2753,0.576,LightGBM,BASE+mgmt,2022,9
271-365,89,0.038,47.538,32.067,1.0595,1.0801,0.328,LightGBM,BASE+mgmt,2022,9
1-7,0,,,,,,,SARIMAX,BASE+mgmt,2022,9
8-30,0,,,,,,,SARIMAX,BASE+mgmt,2022,9
31-90,14,-1.224,22.4,20.934,1.6354,1.6909,-0.356,SARIMAX,BASE+mgmt,2022,9
91-180,84,-0.308,21.322,16.109,1.0485,1.0872,0.083,SARIMAX,BASE+mgmt,2022,9
181-270,84,-0.019,48.48,38.657,1.0235,1.0364,0.573,SARIMAX,BASE+mgmt,2022,9
271-365,89,0.066,46.827,29.273,0.9672,0.9859,0.37,SARIMAX,BASE+mgmt,2022,9
1-7,0,,,,,,,Ensemble_unweighted,BASE+mgmt,2022,9
8-30,0,,,,,,,Ensemble_unweighted,BASE+mgmt,2022,9
31-90,14,-0.37,17.578,13.918,1.0873,1.1242,-0.23,Ensemble_unweighted,BASE+mgmt,2022,9
91-180,84,-0.443,22.395,17.481,1.1378,1.1799,0.164,Ensemble_unweighted,BASE+mgmt,2022,9
181-270,84,-0.089,50.121,41.773,1.106,1.1199,0.589,Ensemble_unweighted,BASE+mgmt,2022,9
271-365,89,0.118,45.514,29.238,0.966,0.9848,0.397,Ensemble_unweighted,BASE+mgmt,2022,9
1-7,0,,,,,,,Ensemble_MASEweighted,BASE+mgmt,2022,9
8-30,0,,,,,,,Ensemble_MASEweighted,BASE+mgmt,2022,9
31-90,14,-0.369,17.574,13.874,1.0839,1.1207,-0.225,Ensemble_MASEweighted,BASE+mgmt,2022,9
91-180,84,-0.453,22.469,17.574,1.1439,1.1862,0.166,Ensemble_MASEweighted,BASE+mgmt,2022,9
181-270,84,-0.089,50.132,41.808,1.107,1.1209,0.589,Ensemble_MASEweighted,BASE+mgmt,2022,9
271-365,89,0.117,45.521,29.267,0.967,0.9858,0.396,Ensemble_MASEweighted,BASE+mgmt,2022,9
1-7,0,,,,,,,RF,BASE+bodyweight,2022,2
8-30,0,,,,,,,RF,BASE+bodyweight,2022,2
31-90,0,,,,,,,RF,BASE+bodyweight,2022,2
91-180,0,,,,,,,RF,BASE+bodyweight,2022,2
181-270,0,,,,,,,RF,BASE+bodyweight,2022,2
271-365,0,,,,,,,RF,BASE+bodyweight,2022,2
1-7,0,,,,,,,XGB,BASE+bodyweight,2022,2
8-30,0,,,,,,,XGB,BASE+bodyweight,2022,2
31-90,0,,,,,,,XGB,BASE+bodyweight,2022,2
91-180,0,,,,,,,XGB,BASE+bodyweight,2022,2
181-270,0,,,,,,,XGB,BASE+bodyweight,2022,2
271-365,0,,,,,,,XGB,BASE+bodyweight,2022,2
1-7,0,,,,,,,LightGBM,BASE+bodyweight,2022,2
8-30,0,,,,,,,LightGBM,BASE+bodyweight,2022,2
31-90,0,,,,,,,LightGBM,BASE+bodyweight,2022,2
91-180,0,,,,,,,LightGBM,BASE+bodyweight,2022,2
181-270,0,,,,,,,LightGBM,BASE+bodyweight,2022,2
271-365,0,,,,,,,LightGBM,BASE+bodyweight,2022,2
1-7,0,,,,,,,SARIMAX,BASE+bodyweight,2022,2
8-30,0,,,,,,,SARIMAX,BASE+bodyweight,2022,2
31-90,0,,,,,,,SARIMAX,BASE+bodyweight,2022,2
91-180,0,,,,,,,SARIMAX,BASE+bodyweight,2022,2
181-270,0,,,,,,,SARIMAX,BASE+bodyweight,2022,2
271-365,0,,,,,,,SARIMAX,BASE+bodyweight,2022,2
1-7,0,,,,,,,Ensemble_unweighted,BASE+bodyweight,2022,2
8-30,0,,,,,,,Ensemble_unweighted,BASE+bodyweight,2022,2
31-90,0,,,,,,,Ensemble_unweighted,BASE+bodyweight,2022,2
91-180,0,,,,,,,Ensemble_unweighted,BASE+bodyweight,2022,2
181-270,0,,,,,,,Ensemble_unweighted,BASE+bodyweight,2022,2
271-365,0,,,,,,,Ensemble_unweighted,BASE+bodyweight,2022,2
1-7,0,,,,,,,Ensemble_MASEweighted,BASE+bodyweight,2022,2
8-30,0,,,,,,,Ensemble_MASEweighted,BASE+bodyweight,2022,2
31-90,0,,,,,,,Ensemble_MASEweighted,BASE+bodyweight,2022,2
91-180,0,,,,,,,Ensemble_MASEweighted,BASE+bodyweight,2022,2
181-270,0,,,,,,,Ensemble_MASEweighted,BASE+bodyweight,2022,2
271-365,0,,,,,,,Ensemble_MASEweighted,BASE+bodyweight,2022,2
1-7,0,,,,,,,RF,BASE+bodyweight,2022,4
8-30,0,,,,,,,RF,BASE+bodyweight,2022,4
31-90,1,,,,,,,RF,BASE+bodyweight,2022,4
91-180,75,0.018,32.971,26.418,1.2183,1.318,0.508,RF,BASE+bodyweight,2022,4
181-270,74,0.154,53.982,37.104,1.0428,1.0802,0.521,RF,BASE+bodyweight,2022,4
271-365,74,0.195,29.538,22.043,0.9748,1.0422,0.554,RF,BASE+bodyweight,2022,4
1-7,0,,,,,,,XGB,BASE+bodyweight,2022,4
8-30,0,,,,,,,XGB,BASE+bodyweight,2022,4
31-90,1,,,,,,,XGB,BASE+bodyweight,2022,4
91-180,75,0.145,30.777,22.997,1.0605,1.1474,0.474,XGB,BASE+bodyweight,2022,4
181-270,74,0.107,55.435,38.838,1.0915,1.1307,0.51,XGB,BASE+bodyweight,2022,4
271-365,74,0.171,29.969,22.101,0.9773,1.0449,0.485,XGB,BASE+bodyweight,2022,4
1-7,0,,,,,,,LightGBM,BASE+bodyweight,2022,4
8-30,0,,,,,,,LightGBM,BASE+bodyweight,2022,4
31-90,1,,,,,,,LightGBM,BASE+bodyweight,2022,4
91-180,75,0.129,31.064,23.234,1.0714,1.1592,0.467,LightGBM,BASE+bodyweight,2022,4
181-270,74,-0.058,60.353,45.018,1.2652,1.3106,0.488,LightGBM,BASE+bodyweight,2022,4
271-365,74,0.168,30.023,22.11,0.9777,1.0453,0.485,LightGBM,BASE+bodyweight,2022,4
1-7,0,,,,,,,SARIMAX,BASE+bodyweight,2022,4
8-30,0,,,,,,,SARIMAX,BASE+bodyweight,2022,4
31-90,1,,,,,,,SARIMAX,BASE+bodyweight,2022,4
91-180,75,0.202,29.723,23.245,1.072,1.1597,0.585,SARIMAX,BASE+bodyweight,2022,4
181-270,74,0.044,57.371,40.999,1.1522,1.1936,0.502,SARIMAX,BASE+bodyweight,2022,4
271-365,74,-0.058,33.86,25.481,1.1268,1.2047,0.432,SARIMAX,BASE+bodyweight,2022,4
1-7,0,,,,,,,Ensemble_unweighted,BASE+bodyweight,2022,4
8-30,0,,,,,,,Ensemble_unweighted,BASE+bodyweight,2022,4
31-90,1,,,,,,,Ensemble_unweighted,BASE+bodyweight,2022,4
91-180,75,0.14,30.858,23.741,1.0948,1.1845,0.538,Ensemble_unweighted,BASE+bodyweight,2022,4
181-270,74,0.081,56.232,40.147,1.1283,1.1688,0.512,Ensemble_unweighted,BASE+bodyweight,2022,4
271-365,74,0.158,30.196,22.431,0.992,1.0605,0.493,Ensemble_unweighted,BASE+bodyweight,2022,4
1-7,0,,,,,,,Ensemble_MASEweighted,BASE+bodyweight,2022,4
8-30,0,,,,,,,Ensemble_MASEweighted,BASE+bodyweight,2022,4
31-90,1,,,,,,,Ensemble_MASEweighted,BASE+bodyweight,2022,4
91-180,75,0.14,30.859,23.727,1.0942,1.1838,0.536,Ensemble_MASEweighted,BASE+bodyweight,2022,4
181-270,74,0.081,56.255,40.177,1.1291,1.1697,0.511,Ensemble_MASEweighted,BASE+bodyweight,2022,4
271-365,74,0.159,30.179,22.406,0.9908,1.0593,0.493,Ensemble_MASEweighted,BASE+bodyweight,2022,4
1-7,0,,,,,,,RF,BASE+bodyweight,2022,9
8-30,0,,,,,,,RF,BASE+bodyweight,2022,9
31-90,14,-0.462,18.159,13.668,1.0678,1.104,-0.076,RF,BASE+bodyweight,2022,9
91-180,84,-0.879,25.553,20.775,1.3522,1.4022,0.11,RF,BASE+bodyweight,2022,9
181-270,84,-0.295,54.663,46.055,1.2194,1.2347,0.588,RF,BASE+bodyweight,2022,9
271-365,89,0.129,45.234,30.019,0.9918,1.0111,0.452,RF,BASE+bodyweight,2022,9
1-7,0,,,,,,,XGB,BASE+bodyweight,2022,9
8-30,0,,,,,,,XGB,BASE+bodyweight,2022,9
31-90,14,-0.417,17.88,13.157,1.0279,1.0628,0.075,XGB,BASE+bodyweight,2022,9
91-180,84,-0.722,24.461,19.777,1.2872,1.3348,0.205,XGB,BASE+bodyweight,2022,9
181-270,84,0.073,46.248,39.301,1.0406,1.0537,0.555,XGB,BASE+bodyweight,2022,9
271-365,89,0.146,44.79,28.625,0.9458,0.9641,0.432,XGB,BASE+bodyweight,2022,9
1-7,0,,,,,,,LightGBM,BASE+bodyweight,2022,9
8-30,0,,,,,,,LightGBM,BASE+bodyweight,2022,9
31-90,14,-0.422,17.912,13.318,1.0405,1.0758,-0.005,LightGBM,BASE+bodyweight,2022,9
91-180,84,-0.845,25.32,20.823,1.3553,1.4054,0.218,LightGBM,BASE+bodyweight,2022,9
181-270,84,-0.428,57.391,47.97,1.2701,1.2861,0.539,LightGBM,BASE+bodyweight,2022,9
271-365,89,0.04,47.487,31.992,1.057,1.0775,0.33,LightGBM,BASE+bodyweight,2022,9
1-7,0,,,,,,,SARIMAX,BASE+bodyweight,2022,9
8-30,0,,,,,,,SARIMAX,BASE+bodyweight,2022,9
31-90,14,-1.224,22.4,20.934,1.6354,1.6909,-0.356,SARIMAX,BASE+bodyweight,2022,9
91-180,84,-0.308,21.322,16.109,1.0485,1.0872,0.083,SARIMAX,BASE+bodyweight,2022,9
181-270,84,-0.019,48.48,38.657,1.0235,1.0364,0.573,SARIMAX,BASE+bodyweight,2022,9
271-365,89,0.066,46.827,29.273,0.9672,0.9859,0.37,SARIMAX,BASE+bodyweight,2022,9
1-7,0,,,,,,,Ensemble_unweighted,BASE+bodyweight,2022,9
8-30,0,,,,,,,Ensemble_unweighted,BASE+bodyweight,2022,9
31-90,14,-0.35,17.449,13.839,1.0812,1.1179,-0.225,Ensemble_unweighted,BASE+bodyweight,2022,9
91-180,84,-0.432,22.31,17.336,1.1284,1.1701,0.165,Ensemble_unweighted,BASE+bodyweight,2022,9
181-270,84,-0.11,50.609,42.029,1.1128,1.1268,0.576,Ensemble_unweighted,BASE+bodyweight,2022,9
271-365,89,0.119,45.479,29.385,0.9709,0.9897,0.404,Ensemble_unweighted,BASE+bodyweight,2022,9
1-7,0,,,,,,,Ensemble_MASEweighted,BASE+bodyweight,2022,9
8-30,0,,,,,,,Ensemble_MASEweighted,BASE+bodyweight,2022,9
31-90,14,-0.349,17.444,13.796,1.0778,1.1144,-0.219,Ensemble_MASEweighted,BASE+bodyweight,2022,9
91-180,84,-0.442,22.385,17.429,1.1344,1.1763,0.166,Ensemble_MASEweighted,BASE+bodyweight,2022,9
181-270,84,-0.11,50.613,42.06,1.1136,1.1276,0.575,Ensemble_MASEweighted,BASE+bodyweight,2022,9
271-365,89,0.119,45.483,29.403,0.9715,0.9903,0.404,Ensemble_MASEweighted,BASE+bodyweight,2022,9
1-7,6,-3.388,20.557,20.304,0.5526,1.1173,0.977,RF,BASE+ALL,2018,2
8-30,21,-0.149,11.233,10.701,0.2297,1.1492,0.246,RF,BASE+ALL,2018,2
31-90,32,-1.376,19.823,16.51,0.363,1.4217,-0.21,RF,BASE+ALL,2018,2
91-180,43,-0.708,29.851,22.734,0.3698,1.4347,0.187,RF,BASE+ALL,2018,2
181-270,0,,,,,,,RF,BASE+ALL,2018,2
271-365,0,,,,,,,RF,BASE+ALL,2018,2
1-7,6,-3.315,20.386,19.929,0.5424,1.0967,0.916,XGB,BASE+ALL,2018,2
8-30,21,0.119,9.834,9.053,0.1944,0.9722,0.557,XGB,BASE+ALL,2018,2
31-90,32,-0.915,17.797,13.922,0.3061,1.1988,-0.204,XGB,BASE+ALL,2018,2
91-180,43,-0.557,28.497,21.169,0.3443,1.3359,0.13,XGB,BASE+ALL,2018,2
181-270,0,,,,,,,XGB,BASE+ALL,2018,2
271-365,0,,,,,,,XGB,BASE+ALL,2018,2
1-7,6,-2.472,18.286,17.621,0.4796,0.9697,0.868,LightGBM,BASE+ALL,2018,2
8-30,21,0.085,10.022,9.242,0.1984,0.9925,0.526,LightGBM,BASE+ALL,2018,2
31-90,32,-0.702,16.777,13.184,0.2899,1.1353,-0.196,LightGBM,BASE+ALL,2018,2
91-180,43,-0.554,28.474,21.264,0.3459,1.3419,0.326,LightGBM,BASE+ALL,2018,2
181-270,0,,,,,,,LightGBM,BASE+ALL,2018,2
271-365,0,,,,,,,LightGBM,BASE+ALL,2018,2
1-7,6,-1.087,14.179,12.876,0.3504,0.7086,0.803,SARIMAX,BASE+ALL,2018,2
8-30,21,-2.926,20.765,18.305,0.393,1.9657,0.067,SARIMAX,BASE+ALL,2018,2
31-90,32,-3.521,27.341,25.472,0.56,2.1934,0.17,SARIMAX,BASE+ALL,2018,2
91-180,43,-3.496,48.427,43.274,0.7039,2.731,-0.138,SARIMAX,BASE+ALL,2018,2
181-270,0,,,,,,,SARIMAX,BASE+ALL,2018,2
271-365,0,,,,,,,SARIMAX,BASE+ALL,2018,2
1-7,6,-2.324,17.892,17.683,0.4812,0.9731,0.961,Ensemble_unweighted,BASE+ALL,2018,2
8-30,21,-0.341,12.134,11.324,0.2431,1.2161,0.569,Ensemble_unweighted,BASE+ALL,2018,2
31-90,32,-1.252,19.296,16.556,0.364,1.4256,-0.157,Ensemble_unweighted,BASE+ALL,2018,2
91-180,43,-1.113,33.199,26.412,0.4296,1.6668,0.128,Ensemble_unweighted,BASE+ALL,2018,2
181-270,0,,,,,,,Ensemble_unweighted,BASE+ALL,2018,2
271-365,0,,,,,,,Ensemble_unweighted,BASE+ALL,2018,2
1-7,6,-2.343,17.943,17.73,0.4825,0.9757,0.96,Ensemble_MASEweighted,BASE+ALL,2018,2
8-30,21,-0.32,12.041,11.252,0.2416,1.2083,0.569,Ensemble_MASEweighted,BASE+ALL,2018,2
31-90,32,-1.231,19.208,16.443,0.3615,1.416,-0.159,Ensemble_MASEweighted,BASE+ALL,2018,2
91-180,43,-1.091,33.024,26.208,0.4263,1.654,0.132,Ensemble_MASEweighted,BASE+ALL,2018,2
181-270,0,,,,,,,Ensemble_MASEweighted,BASE+ALL,2018,2
271-365,0,,,,,,,Ensemble_MASEweighted,BASE+ALL,2018,2
1-7,1,,,,,,,RF,BASE+ALL,2018,4
8-30,7,-0.78,11.4,11.011,0.7258,1.5745,0.597,RF,BASE+ALL,2018,4
31-90,33,-0.081,16.672,14.959,0.9108,1.2261,0.457,RF,BASE+ALL,2018,4
91-180,83,-0.589,24.177,17.832,0.9785,1.4432,0.218,RF,BASE+ALL,2018,4
181-270,72,0.084,76.279,55.881,0.9146,0.7998,0.313,RF,BASE+ALL,2018,4
271-365,67,0.017,61.445,33.409,1.0975,1.087,0.15,RF,BASE+ALL,2018,4
1-7,1,,,,,,,XGB,BASE+ALL,2018,4
8-30,7,-0.078,8.872,7.684,0.5065,1.0988,0.505,XGB,BASE+ALL,2018,4
31-90,33,-0.068,16.57,14.24,0.867,1.1672,0.342,XGB,BASE+ALL,2018,4
91-180,83,-0.305,21.908,15.159,0.8318,1.227,0.181,XGB,BASE+ALL,2018,4
181-270,72,0.07,76.865,59.05,0.9665,0.8452,0.294,XGB,BASE+ALL,2018,4
271-365,67,0.052,60.346,32.26,1.0597,1.0496,0.246,XGB,BASE+ALL,2018,4
1-7,1,,,,,,,LightGBM,BASE+ALL,2018,4
8-30,7,-0.527,10.556,9.709,0.64,1.3884,0.657,LightGBM,BASE+ALL,2018,4
31-90,33,-0.046,16.399,14.401,0.8768,1.1804,0.35,LightGBM,BASE+ALL,2018,4
91-180,83,-0.391,22.625,15.462,0.8484,1.2514,0.164,LightGBM,BASE+ALL,2018,4
181-270,72,0.147,73.608,55.25,0.9043,0.7908,0.388,LightGBM,BASE+ALL,2018,4
271-365,67,0.071,59.751,32.054,1.053,1.0429,0.299,LightGBM,BASE+ALL,2018,4
1-7,1,,,,,,,SARIMAX,BASE+ALL,2018,4
8-30,7,-1.881,14.501,13.479,0.8885,1.9275,0.555,SARIMAX,BASE+ALL,2018,4
31-90,33,-0.161,17.28,15.233,0.9274,1.2486,0.327,SARIMAX,BASE+ALL,2018,4
91-180,83,-0.926,26.617,22.108,1.2131,1.7893,0.213,SARIMAX,BASE+ALL,2018,4
181-270,72,0.034,78.363,64.108,1.0493,0.9176,0.32,SARIMAX,BASE+ALL,2018,4
271-365,67,-0.17,67.054,43.147,1.4174,1.4038,0.114,SARIMAX,BASE+ALL,2018,4
1-7,1,,,,,,,Ensemble_unweighted,BASE+ALL,2018,4
8-30,7,-0.676,11.061,10.471,0.6902,1.4973,0.66,Ensemble_unweighted,BASE+ALL,2018,4
31-90,33,-0.053,16.456,14.694,0.8946,1.2044,0.39,Ensemble_unweighted,BASE+ALL,2018,4
91-180,83,-0.482,23.35,17.289,0.9487,1.3993,0.206,Ensemble_unweighted,BASE+ALL,2018,4
181-270,72,0.109,75.231,58.025,0.9497,0.8305,0.334,Ensemble_unweighted,BASE+ALL,2018,4
271-365,67,0.021,61.329,34.206,1.1237,1.1129,0.194,Ensemble_unweighted,BASE+ALL,2018,4
1-7,1,,,,,,,Ensemble_MASEweighted,BASE+ALL,2018,4
8-30,7,-0.659,11.006,10.413,0.6864,1.489,0.661,Ensemble_MASEweighted,BASE+ALL,2018,4
31-90,33,-0.053,16.451,14.683,0.8939,1.2035,0.389,Ensemble_MASEweighted,BASE+ALL,2018,4
91-180,83,-0.476,23.304,17.212,0.9445,1.3931,0.205,Ensemble_MASEweighted,BASE+ALL,2018,4
181-270,72,0.11,75.223,57.993,0.9492,0.8301,0.334,Ensemble_MASEweighted,BASE+ALL,2018,4
271-365,67,0.023,61.277,34.128,1.1211,1.1104,0.196,Ensemble_MASEweighted,BASE+ALL,2018,4
1-7,0,,,,,,,RF,BASE+ALL,2018,9
8-30,0,,,,,,,RF,BASE+ALL,2018,9
31-90,0,,,,,,,RF,BASE+ALL,2018,9
91-180,0,,,,,,,RF,BASE+ALL,2018,9
181-270,0,,,,,,,RF,BASE+ALL,2018,9
271-365,0,,,,,,,RF,BASE+ALL,2018,9
1-7,0,,,,,,,XGB,BASE+ALL,2018,9
8-30,0,,,,,,,XGB,BASE+ALL,2018,9
31-90,0,,,,,,,XGB,BASE+ALL,2018,9
91-180,0,,,,,,,XGB,BASE+ALL,2018,9
181-270,0,,,,,,,XGB,BASE+ALL,2018,9
271-365,0,,,,,,,XGB,BASE+ALL,2018,9
1-7,0,,,,,,,LightGBM,BASE+ALL,2018,9
8-30,0,,,,,,,LightGBM,BASE+ALL,2018,9
31-90,0,,,,,,,LightGBM,BASE+ALL,2018,9
91-180,0,,,,,,,LightGBM,BASE+ALL,2018,9
181-270,0,,,,,,,LightGBM,BASE+ALL,2018,9
271-365,0,,,,,,,LightGBM,BASE+ALL,2018,9
1-7,0,,,,,,,SARIMAX,BASE+ALL,2018,9
8-30,0,,,,,,,SARIMAX,BASE+ALL,2018,9
31-90,0,,,,,,,SARIMAX,BASE+ALL,2018,9
91-180,0,,,,,,,SARIMAX,BASE+ALL,2018,9
181-270,0,,,,,,,SARIMAX,BASE+ALL,2018,9
271-365,0,,,,,,,SARIMAX,BASE+ALL,2018,9
1-7,0,,,,,,,Ensemble_unweighted,BASE+ALL,2018,9
8-30,0,,,,,,,Ensemble_unweighted,BASE+ALL,2018,9
31-90,0,,,,,,,Ensemble_unweighted,BASE+ALL,2018,9
91-180,0,,,,,,,Ensemble_unweighted,BASE+ALL,2018,9
181-270,0,,,,,,,Ensemble_unweighted,BASE+ALL,2018,9
271-365,0,,,,,,,Ensemble_unweighted,BASE+ALL,2018,9
1-7,0,,,,,,,Ensemble_MASEweighted,BASE+ALL,2018,9
8-30,0,,,,,,,Ensemble_MASEweighted,BASE+ALL,2018,9
31-90,0,,,,,,,Ensemble_MASEweighted,BASE+ALL,2018,9
91-180,0,,,,,,,Ensemble_MASEweighted,BASE+ALL,2018,9
181-270,0,,,,,,,Ensemble_MASEweighted,BASE+ALL,2018,9
271-365,0,,,,,,,Ensemble_MASEweighted,BASE+ALL,2018,9
1-7,0,,,,,,,RF,BASE+ALL,2019,2
8-30,0,,,,,,,RF,BASE+ALL,2019,2
31-90,0,,,,,,,RF,BASE+ALL,2019,2
91-180,0,,,,,,,RF,BASE+ALL,2019,2
181-270,0,,,,,,,RF,BASE+ALL,2019,2
271-365,0,,,,,,,RF,BASE+ALL,2019,2
1-7,0,,,,,,,XGB,BASE+ALL,2019,2
8-30,0,,,,,,,XGB,BASE+ALL,2019,2
31-90,0,,,,,,,XGB,BASE+ALL,2019,2
91-180,0,,,,,,,XGB,BASE+ALL,2019,2
181-270,0,,,,,,,XGB,BASE+ALL,2019,2
271-365,0,,,,,,,XGB,BASE+ALL,2019,2
1-7,0,,,,,,,LightGBM,BASE+ALL,2019,2
8-30,0,,,,,,,LightGBM,BASE+ALL,2019,2
31-90,0,,,,,,,LightGBM,BASE+ALL,2019,2
91-180,0,,,,,,,LightGBM,BASE+ALL,2019,2
181-270,0,,,,,,,LightGBM,BASE+ALL,2019,2
271-365,0,,,,,,,LightGBM,BASE+ALL,2019,2
1-7,0,,,,,,,SARIMAX,BASE+ALL,2019,2
8-30,0,,,,,,,SARIMAX,BASE+ALL,2019,2
31-90,0,,,,,,,SARIMAX,BASE+ALL,2019,2
91-180,0,,,,,,,SARIMAX,BASE+ALL,2019,2
181-270,0,,,,,,,SARIMAX,BASE+ALL,2019,2
271-365,0,,,,,,,SARIMAX,BASE+ALL,2019,2
1-7,0,,,,,,,Ensemble_unweighted,BASE+ALL,2019,2
8-30,0,,,,,,,Ensemble_unweighted,BASE+ALL,2019,2
31-90,0,,,,,,,Ensemble_unweighted,BASE+ALL,2019,2
91-180,0,,,,,,,Ensemble_unweighted,BASE+ALL,2019,2
181-270,0,,,,,,,Ensemble_unweighted,BASE+ALL,2019,2
271-365,0,,,,,,,Ensemble_unweighted,BASE+ALL,2019,2
1-7,0,,,,,,,Ensemble_MASEweighted,BASE+ALL,2019,2
8-30,0,,,,,,,Ensemble_MASEweighted,BASE+ALL,2019,2
31-90,0,,,,,,,Ensemble_MASEweighted,BASE+ALL,2019,2
91-180,0,,,,,,,Ensemble_MASEweighted,BASE+ALL,2019,2
181-270,0,,,,,,,Ensemble_MASEweighted,BASE+ALL,2019,2
271-365,0,,,,,,,Ensemble_MASEweighted,BASE+ALL,2019,2
1-7,0,,,,,,,RF,BASE+ALL,2019,4
8-30,8,-3.875,73.159,62.316,1.6295,1.628,-0.599,RF,BASE+ALL,2019,4
31-90,32,-0.579,28.167,21.948,1.0029,1.0048,0.173,RF,BASE+ALL,2019,4
91-180,62,0.169,79.849,49.469,0.6506,0.6511,0.467,RF,BASE+ALL,2019,4
181-270,61,0.524,25.001,18.529,0.6578,0.6587,0.759,RF,BASE+ALL,2019,4
271-365,66,0.197,47.267,20.013,0.7568,0.7583,0.514,RF,BASE+ALL,2019,4
1-7,0,,,,,,,XGB,BASE+ALL,2019,4
8-30,8,-3.018,66.414,53.662,1.4033,1.4019,-0.883,XGB,BASE+ALL,2019,4
31-90,32,-0.161,24.149,17.818,0.8142,0.8157,0.264,XGB,BASE+ALL,2019,4
91-180,62,0.168,79.88,48.262,0.6347,0.6353,0.471,XGB,BASE+ALL,2019,4
181-270,61,0.539,24.613,17.964,0.6378,0.6386,0.769,XGB,BASE+ALL,2019,4
271-365,66,0.147,48.74,21.371,0.8082,0.8098,0.391,XGB,BASE+ALL,2019,4
1-7,0,,,,,,,LightGBM,BASE+ALL,2019,4
8-30,8,-2.624,63.072,50.994,1.3335,1.3322,-0.752,LightGBM,BASE+ALL,2019,4
31-90,32,-0.287,25.426,18.575,0.8488,0.8504,0.27,LightGBM,BASE+ALL,2019,4
91-180,62,0.182,79.213,48.409,0.6366,0.6372,0.471,LightGBM,BASE+ALL,2019,4
181-270,61,0.552,24.254,17.582,0.6242,0.625,0.771,LightGBM,BASE+ALL,2019,4
271-365,66,0.092,50.264,22.257,0.8417,0.8434,0.305,LightGBM,BASE+ALL,2019,4
1-7,0,,,,,,,SARIMAX,BASE+ALL,2019,4
8-30,8,-1.688,54.327,42.894,1.1217,1.1206,-0.353,SARIMAX,BASE+ALL,2019,4
31-90,32,-0.242,24.982,19.952,0.9117,0.9135,0.054,SARIMAX,BASE+ALL,2019,4
91-180,62,0.224,77.163,51.094,0.672,0.6725,0.479,SARIMAX,BASE+ALL,2019,4
181-270,61,0.451,26.838,21.254,0.7545,0.7555,0.774,SARIMAX,BASE+ALL,2019,4
271-365,66,0.091,50.299,26.294,0.9943,0.9963,0.407,SARIMAX,BASE+ALL,2019,4
1-7,0,,,,,,,Ensemble_unweighted,BASE+ALL,2019,4
8-30,8,-2.745,64.12,52.185,1.3646,1.3633,-0.737,Ensemble_unweighted,BASE+ALL,2019,4
31-90,32,-0.097,23.472,17.171,0.7847,0.7861,0.221,Ensemble_unweighted,BASE+ALL,2019,4
91-180,62,0.196,78.514,48.577,0.6388,0.6394,0.48,Ensemble_unweighted,BASE+ALL,2019,4
181-270,61,0.575,23.614,16.809,0.5968,0.5975,0.774,Ensemble_unweighted,BASE+ALL,2019,4
271-365,66,0.158,48.422,20.179,0.7631,0.7646,0.415,Ensemble_unweighted,BASE+ALL,2019,4
1-7,0,,,,,,,Ensemble_MASEweighted,BASE+ALL,2019,4
8-30,8,-2.751,64.173,52.226,1.3657,1.3644,-0.742,Ensemble_MASEweighted,BASE+ALL,2019,4
31-90,32,-0.1,23.508,17.188,0.7855,0.7869,0.223,Ensemble_MASEweighted,BASE+ALL,2019,4
91-180,62,0.196,78.543,48.57,0.6388,0.6393,0.48,Ensemble_MASEweighted,BASE+ALL,2019,4
181-270,61,0.575,23.625,16.831,0.5975,0.5983,0.774,Ensemble_MASEweighted,BASE+ALL,2019,4
271-365,66,0.157,48.442,20.195,0.7637,0.7652,0.414,Ensemble_MASEweighted,BASE+ALL,2019,4
1-7,0,,,,,,,RF,BASE+ALL,2019,9
8-30,0,,,,,,,RF,BASE+ALL,2019,9
31-90,16,-0.707,26.241,21.664,1.3103,0.9525,0.268,RF,BASE+ALL,2019,9
91-180,81,0.269,61.08,44.511,0.7846,0.7203,0.537,RF,BASE+ALL,2019,9
181-270,49,0.033,66.183,44.115,1.1424,1.1224,0.375,RF,BASE+ALL,2019,9
271-365,49,0.087,109.237,57.296,0.8086,0.7628,0.619,RF,BASE+ALL,2019,9
1-7,0,,,,,,,XGB,BASE+ALL,2019,9
8-30,0,,,,,,,XGB,BASE+ALL,2019,9
31-90,16,-0.832,27.182,21.919,1.3257,0.9638,0.305,XGB,BASE+ALL,2019,9
91-180,81,0.298,59.858,41.238,0.7269,0.6674,0.57,XGB,BASE+ALL,2019,9
181-270,49,-0.019,67.946,46.436,1.2025,1.1815,0.354,XGB,BASE+ALL,2019,9
271-365,49,0.172,103.993,54.335,0.7668,0.7233,0.556,XGB,BASE+ALL,2019,9
1-7,0,,,,,,,LightGBM,BASE+ALL,2019,9
8-30,0,,,,,,,LightGBM,BASE+ALL,2019,9
31-90,16,-0.972,28.199,22.176,1.3413,0.9751,0.232,LightGBM,BASE+ALL,2019,9
91-180,81,0.249,61.918,44.889,0.7912,0.7265,0.507,LightGBM,BASE+ALL,2019,9
181-270,49,0.049,65.633,43.662,1.1306,1.1109,0.381,LightGBM,BASE+ALL,2019,9
271-365,49,0.184,103.29,54.578,0.7702,0.7266,0.601,LightGBM,BASE+ALL,2019,9
1-7,0,,,,,,,SARIMAX,BASE+ALL,2019,9
8-30,0,,,,,,,SARIMAX,BASE+ALL,2019,9
31-90,16,-0.106,21.119,15.255,0.9226,0.6707,0.064,SARIMAX,BASE+ALL,2019,9
91-180,81,0.327,58.583,39.939,0.704,0.6464,0.576,SARIMAX,BASE+ALL,2019,9
181-270,49,0.143,62.315,37.446,0.9697,0.9527,0.385,SARIMAX,BASE+ALL,2019,9
271-365,49,0.09,109.042,56.907,0.8031,0.7576,0.591,SARIMAX,BASE+ALL,2019,9
1-7,0,,,,,,,Ensemble_unweighted,BASE+ALL,2019,9
8-30,0,,,,,,,Ensemble_unweighted,BASE+ALL,2019,9
31-90,16,-0.495,24.555,19.904,1.2038,0.8752,0.246,Ensemble_unweighted,BASE+ALL,2019,9
91-180,81,0.299,59.827,42.29,0.7454,0.6844,0.56,Ensemble_unweighted,BASE+ALL,2019,9
181-270,49,0.085,64.378,40.673,1.0532,1.0348,0.379,Ensemble_unweighted,BASE+ALL,2019,9
271-365,49,0.149,105.469,53.443,0.7542,0.7115,0.607,Ensemble_unweighted,BASE+ALL,2019,9
1-7,0,,,,,,,Ensemble_MASEweighted,BASE+ALL,2019,9
8-30,0,,,,,,,Ensemble_MASEweighted,BASE+ALL,2019,9
31-90,16,-0.506,24.644,19.978,1.2083,0.8784,0.247,Ensemble_MASEweighted,BASE+ALL,2019,9
91-180,81,0.298,59.846,42.311,0.7458,0.6847,0.56,Ensemble_MASEweighted,BASE+ALL,2019,9
181-270,49,0.083,64.447,40.819,1.057,1.0385,0.378,Ensemble_MASEweighted,BASE+ALL,2019,9
271-365,49,0.15,105.404,53.453,0.7543,0.7116,0.607,Ensemble_MASEweighted,BASE+ALL,2019,9
1-7,0,,,,,,,RF,BASE+ALL,2020,2
8-30,0,,,,,,,RF,BASE+ALL,2020,2
31-90,0,,,,,,,RF,BASE+ALL,2020,2
91-180,0,,,,,,,RF,BASE+ALL,2020,2
181-270,0,,,,,,,RF,BASE+ALL,2020,2
271-365,0,,,,,,,RF,BASE+ALL,2020,2
1-7,0,,,,,,,XGB,BASE+ALL,2020,2
8-30,0,,,,,,,XGB,BASE+ALL,2020,2
31-90,0,,,,,,,XGB,BASE+ALL,2020,2
91-180,0,,,,,,,XGB,BASE+ALL,2020,2
181-270,0,,,,,,,XGB,BASE+ALL,2020,2
271-365,0,,,,,,,XGB,BASE+ALL,2020,2
1-7,0,,,,,,,LightGBM,BASE+ALL,2020,2
8-30,0,,,,,,,LightGBM,BASE+ALL,2020,2
31-90,0,,,,,,,LightGBM,BASE+ALL,2020,2
91-180,0,,,,,,,LightGBM,BASE+ALL,2020,2
181-270,0,,,,,,,LightGBM,BASE+ALL,2020,2
271-365,0,,,,,,,LightGBM,BASE+ALL,2020,2
1-7,0,,,,,,,SARIMAX,BASE+ALL,2020,2
8-30,0,,,,,,,SARIMAX,BASE+ALL,2020,2
31-90,0,,,,,,,SARIMAX,BASE+ALL,2020,2
91-180,0,,,,,,,SARIMAX,BASE+ALL,2020,2
181-270,0,,,,,,,SARIMAX,BASE+ALL,2020,2
271-365,0,,,,,,,SARIMAX,BASE+ALL,2020,2
1-7,0,,,,,,,Ensemble_unweighted,BASE+ALL,2020,2
8-30,0,,,,,,,Ensemble_unweighted,BASE+ALL,2020,2
31-90,0,,,,,,,Ensemble_unweighted,BASE+ALL,2020,2
91-180,0,,,,,,,Ensemble_unweighted,BASE+ALL,2020,2
181-270,0,,,,,,,Ensemble_unweighted,BASE+ALL,2020,2
271-365,0,,,,,,,Ensemble_unweighted,BASE+ALL,2020,2
1-7,0,,,,,,,Ensemble_MASEweighted,BASE+ALL,2020,2
8-30,0,,,,,,,Ensemble_MASEweighted,BASE+ALL,2020,2
31-90,0,,,,,,,Ensemble_MASEweighted,BASE+ALL,2020,2
91-180,0,,,,,,,Ensemble_MASEweighted,BASE+ALL,2020,2
181-270,0,,,,,,,Ensemble_MASEweighted,BASE+ALL,2020,2
271-365,0,,,,,,,Ensemble_MASEweighted,BASE+ALL,2020,2
1-7,4,-5.042,18.529,16.819,1.4944,1.8973,0.363,RF,BASE+ALL,2020,4
8-30,21,-1.058,21.146,18.296,1.4476,1.5947,0.21,RF,BASE+ALL,2020,4
31-90,37,-0.085,45.753,31.276,1.1837,1.0784,-0.076,RF,BASE+ALL,2020,4
91-180,42,-0.037,21.336,16.974,1.0042,0.8082,0.184,RF,BASE+ALL,2020,4
181-270,79,0.118,76.913,49.941,0.9795,0.8195,0.357,RF,BASE+ALL,2020,4
271-365,80,0.209,88.768,36.234,0.924,0.84,0.531,RF,BASE+ALL,2020,4
1-7,4,-6.544,20.705,19.226,1.7083,2.1688,0.415,XGB,BASE+ALL,2020,4
8-30,21,-0.45,17.748,13.376,1.0584,1.1659,0.168,XGB,BASE+ALL,2020,4
31-90,37,-0.145,47.002,31.482,1.1915,1.0855,-0.23,XGB,BASE+ALL,2020,4
91-180,42,-0.005,21.007,16.184,0.9574,0.7706,0.182,XGB,BASE+ALL,2020,4
181-270,79,0.112,77.174,47.892,0.9393,0.7859,0.335,XGB,BASE+ALL,2020,4
271-365,80,0.141,92.509,40.154,1.024,0.9309,0.413,XGB,BASE+ALL,2020,4
1-7,4,-5.201,18.771,17.286,1.5359,1.9499,0.387,LightGBM,BASE+ALL,2020,4
8-30,21,-0.349,17.121,12.567,0.9944,1.0954,0.205,LightGBM,BASE+ALL,2020,4
31-90,37,-0.1,46.054,31.189,1.1804,1.0754,-0.13,LightGBM,BASE+ALL,2020,4
91-180,42,-0.085,21.825,17.037,1.0079,0.8112,0.037,LightGBM,BASE+ALL,2020,4
181-270,79,0.108,77.317,47.729,0.9361,0.7832,0.333,LightGBM,BASE+ALL,2020,4
271-365,80,0.134,92.901,39.814,1.0153,0.923,0.411,LightGBM,BASE+ALL,2020,4
1-7,4,-1.436,11.766,9.313,0.8275,1.0506,0.013,SARIMAX,BASE+ALL,2020,4
8-30,21,0.188,13.278,10.243,0.8104,0.8928,0.448,SARIMAX,BASE+ALL,2020,4
31-90,37,-0.057,45.161,26.705,1.0107,0.9208,0.048,SARIMAX,BASE+ALL,2020,4
91-180,42,0.056,20.353,17.311,1.0241,0.8243,0.422,SARIMAX,BASE+ALL,2020,4
181-270,79,0.094,77.915,50.923,0.9988,0.8356,0.317,SARIMAX,BASE+ALL,2020,4
271-365,80,0.123,93.461,40.829,1.0412,0.9465,0.371,SARIMAX,BASE+ALL,2020,4
1-7,4,-4.144,17.097,15.481,1.3756,1.7464,0.371,Ensemble_unweighted,BASE+ALL,2020,4
8-30,21,-0.22,16.283,11.925,0.9436,1.0394,0.274,Ensemble_unweighted,BASE+ALL,2020,4
31-90,37,-0.08,45.639,29.772,1.1268,1.0265,-0.109,Ensemble_unweighted,BASE+ALL,2020,4
91-180,42,0.064,20.269,15.989,0.9459,0.7613,0.287,Ensemble_unweighted,BASE+ALL,2020,4
181-270,79,0.116,76.97,48.596,0.9531,0.7974,0.342,Ensemble_unweighted,BASE+ALL,2020,4
271-365,80,0.157,91.661,38.289,0.9764,0.8876,0.442,Ensemble_unweighted,BASE+ALL,2020,4
1-7,4,-4.196,17.183,15.578,1.3841,1.7572,0.374,Ensemble_MASEweighted,BASE+ALL,2020,4
8-30,21,-0.227,16.327,11.965,0.9467,1.0428,0.271,Ensemble_MASEweighted,BASE+ALL,2020,4
31-90,37,-0.081,45.665,29.826,1.1288,1.0284,-0.112,Ensemble_MASEweighted,BASE+ALL,2020,4
91-180,42,0.062,20.29,15.984,0.9456,0.7611,0.283,Ensemble_MASEweighted,BASE+ALL,2020,4
181-270,79,0.116,76.971,48.567,0.9526,0.7969,0.342,Ensemble_MASEweighted,BASE+ALL,2020,4
271-365,80,0.156,91.681,38.321,0.9773,0.8884,0.442,Ensemble_MASEweighted,BASE+ALL,2020,4
1-7,4,-49.709,26.464,25.882,1.0599,7.9036,0.591,RF,BASE+ALL,2020,9
8-30,19,-0.005,152.32,59.309,0.9625,0.9101,0.284,RF,BASE+ALL,2020,9
31-90,24,-2.45,26.584,22.203,1.0653,1.8262,0.4,RF,BASE+ALL,2020,9
91-180,57,-0.098,21.259,15.745,0.8515,0.8477,0.224,RF,BASE+ALL,2020,9
181-270,64,0.227,84.6,58.246,0.9503,0.86,0.48,RF,BASE+ALL,2020,9
271-365,86,0.152,48.919,29.938,0.8639,0.9095,0.44,RF,BASE+ALL,2020,9
1-7,4,-72.751,31.915,31.476,1.289,9.6119,0.548,XGB,BASE+ALL,2020,9
8-30,19,0.042,148.737,59.725,0.9693,0.9165,0.409,XGB,BASE+ALL,2020,9
31-90,24,-3.717,31.087,24.882,1.1939,2.0466,0.263,XGB,BASE+ALL,2020,9
91-180,57,-0.135,21.621,15.937,0.8618,0.858,0.133,XGB,BASE+ALL,2020,9
181-270,64,0.201,85.965,56.821,0.9271,0.839,0.481,XGB,BASE+ALL,2020,9
271-365,86,0.165,48.554,28.58,0.8248,0.8682,0.439,XGB,BASE+ALL,2020,9
1-7,4,-58.169,28.586,28.013,1.1472,8.5545,0.409,LightGBM,BASE+ALL,2020,9
8-30,19,0.052,147.991,60.015,0.974,0.9209,0.43,LightGBM,BASE+ALL,2020,9
31-90,24,-4.276,32.876,26.384,1.2659,2.1701,0.292,LightGBM,BASE+ALL,2020,9
91-180,57,-0.132,21.586,16.029,0.8668,0.863,0.169,LightGBM,BASE+ALL,2020,9
181-270,64,0.181,87.076,58.546,0.9552,0.8644,0.452,LightGBM,BASE+ALL,2020,9
271-365,86,0.161,48.651,29.836,0.861,0.9064,0.445,LightGBM,BASE+ALL,2020,9
1-7,4,-53.178,27.354,24.051,0.9849,7.3447,0.234,SARIMAX,BASE+ALL,2020,9
8-30,19,-0.064,156.748,59.505,0.9657,0.9131,0.307,SARIMAX,BASE+ALL,2020,9
31-90,24,-1.033,20.408,15.205,0.7296,1.2507,0.43,SARIMAX,BASE+ALL,2020,9
91-180,57,-0.136,21.623,15.433,0.8346,0.8309,0.049,SARIMAX,BASE+ALL,2020,9
181-270,64,0.208,85.61,56.589,0.9233,0.8355,0.469,SARIMAX,BASE+ALL,2020,9
271-365,86,-0.007,53.296,32.531,0.9388,0.9883,0.255,SARIMAX,BASE+ALL,2020,9
1-7,4,-55.025,27.816,27.355,1.1202,8.3537,0.547,Ensemble_unweighted,BASE+ALL,2020,9
8-30,19,0.011,151.147,58.27,0.9456,0.8941,0.375,Ensemble_unweighted,BASE+ALL,2020,9
31-90,24,-2.57,27.045,21.037,1.0094,1.7303,0.353,Ensemble_unweighted,BASE+ALL,2020,9
91-180,57,-0.082,21.102,15.216,0.8228,0.8192,0.159,Ensemble_unweighted,BASE+ALL,2020,9
181-270,64,0.212,85.413,56.659,0.9244,0.8366,0.479,Ensemble_unweighted,BASE+ALL,2020,9
271-365,86,0.132,49.504,29.763,0.8589,0.9042,0.396,Ensemble_unweighted,BASE+ALL,2020,9
1-7,4,-55.291,27.882,27.432,1.1234,8.3771,0.55,Ensemble_MASEweighted,BASE+ALL,2020,9
8-30,19,0.012,151.057,58.308,0.9462,0.8947,0.376,Ensemble_MASEweighted,BASE+ALL,2020,9
31-90,24,-2.609,27.192,21.181,1.0162,1.7421,0.351,Ensemble_MASEweighted,BASE+ALL,2020,9
91-180,57,-0.082,21.11,15.233,0.8238,0.8201,0.159,Ensemble_MASEweighted,BASE+ALL,2020,9
181-270,64,0.211,85.435,56.669,0.9246,0.8367,0.479,Ensemble_MASEweighted,BASE+ALL,2020,9
271-365,86,0.133,49.464,29.741,0.8582,0.9035,0.398,Ensemble_MASEweighted,BASE+ALL,2020,9
1-7,0,,,,,,,RF,BASE+ALL,2021,2
8-30,0,,,,,,,RF,BASE+ALL,2021,2
31-90,0,,,,,,,RF,BASE+ALL,2021,2
91-180,0,,,,,,,RF,BASE+ALL,2021,2
181-270,0,,,,,,,RF,BASE+ALL,2021,2
271-365,0,,,,,,,RF,BASE+ALL,2021,2
1-7,0,,,,,,,XGB,BASE+ALL,2021,2
8-30,0,,,,,,,XGB,BASE+ALL,2021,2
31-90,0,,,,,,,XGB,BASE+ALL,2021,2
91-180,0,,,,,,,XGB,BASE+ALL,2021,2
181-270,0,,,,,,,XGB,BASE+ALL,2021,2
271-365,0,,,,,,,XGB,BASE+ALL,2021,2
1-7,0,,,,,,,LightGBM,BASE+ALL,2021,2
8-30,0,,,,,,,LightGBM,BASE+ALL,2021,2
31-90,0,,,,,,,LightGBM,BASE+ALL,2021,2
91-180,0,,,,,,,LightGBM,BASE+ALL,2021,2
181-270,0,,,,,,,LightGBM,BASE+ALL,2021,2
271-365,0,,,,,,,LightGBM,BASE+ALL,2021,2
1-7,0,,,,,,,SARIMAX,BASE+ALL,2021,2
8-30,0,,,,,,,SARIMAX,BASE+ALL,2021,2
31-90,0,,,,,,,SARIMAX,BASE+ALL,2021,2
91-180,0,,,,,,,SARIMAX,BASE+ALL,2021,2
181-270,0,,,,,,,SARIMAX,BASE+ALL,2021,2
271-365,0,,,,,,,SARIMAX,BASE+ALL,2021,2
1-7,0,,,,,,,Ensemble_unweighted,BASE+ALL,2021,2
8-30,0,,,,,,,Ensemble_unweighted,BASE+ALL,2021,2
31-90,0,,,,,,,Ensemble_unweighted,BASE+ALL,2021,2
91-180,0,,,,,,,Ensemble_unweighted,BASE+ALL,2021,2
181-270,0,,,,,,,Ensemble_unweighted,BASE+ALL,2021,2
271-365,0,,,,,,,Ensemble_unweighted,BASE+ALL,2021,2
1-7,0,,,,,,,Ensemble_MASEweighted,BASE+ALL,2021,2
8-30,0,,,,,,,Ensemble_MASEweighted,BASE+ALL,2021,2
31-90,0,,,,,,,Ensemble_MASEweighted,BASE+ALL,2021,2
91-180,0,,,,,,,Ensemble_MASEweighted,BASE+ALL,2021,2
181-270,0,,,,,,,Ensemble_MASEweighted,BASE+ALL,2021,2
271-365,0,,,,,,,Ensemble_MASEweighted,BASE+ALL,2021,2
1-7,3,-2.598,4.589,3.921,1.5797,0.4432,-0.999,RF,BASE+ALL,2021,4
8-30,19,-0.534,21.406,16.724,1.3159,1.1164,0.242,RF,BASE+ALL,2021,4
31-90,50,-0.182,22.298,17.599,1.3553,1.0194,0.099,RF,BASE+ALL,2021,4
91-180,90,0.189,89.519,53.148,0.819,0.7282,0.49,RF,BASE+ALL,2021,4
181-270,88,0.178,91.527,70.738,1.0432,0.9916,0.445,RF,BASE+ALL,2021,4
271-365,91,-1.002,46.242,37.604,1.8051,1.6943,0.489,RF,BASE+ALL,2021,4
1-7,3,-1.931,4.141,3.67,1.4785,0.4148,-0.851,XGB,BASE+ALL,2021,4
8-30,19,-0.115,18.256,14.638,1.1518,0.9771,0.382,XGB,BASE+ALL,2021,4
31-90,50,-0.079,21.304,15.134,1.1655,0.8766,0.11,XGB,BASE+ALL,2021,4
91-180,90,0.107,93.941,54.769,0.844,0.7504,0.357,XGB,BASE+ALL,2021,4
181-270,88,0.323,83.081,64.213,0.9469,0.9001,0.609,XGB,BASE+ALL,2021,4
271-365,91,-0.607,41.434,32.375,1.5541,1.4587,0.458,XGB,BASE+ALL,2021,4
1-7,3,-0.967,3.392,3.042,1.2256,0.3439,-0.965,LightGBM,BASE+ALL,2021,4
8-30,19,-0.062,17.809,14.049,1.1054,0.9378,0.456,LightGBM,BASE+ALL,2021,4
31-90,50,-0.058,21.089,14.718,1.1335,0.8526,0.121,LightGBM,BASE+ALL,2021,4
91-180,90,0.129,92.738,63.074,0.972,0.8642,0.372,LightGBM,BASE+ALL,2021,4
181-270,88,0.307,84.018,66.779,0.9848,0.9361,0.607,LightGBM,BASE+ALL,2021,4
271-365,91,-0.655,42.045,33.185,1.593,1.4952,0.484,LightGBM,BASE+ALL,2021,4
1-7,3,-5.791,6.304,5.263,2.1203,0.5949,-0.463,SARIMAX,BASE+ALL,2021,4
8-30,19,0.012,17.178,12.552,0.9876,0.8379,0.248,SARIMAX,BASE+ALL,2021,4
31-90,50,0.011,20.392,13.586,1.0462,0.7869,0.168,SARIMAX,BASE+ALL,2021,4
91-180,90,0.112,93.664,57.006,0.8785,0.7811,0.344,SARIMAX,BASE+ALL,2021,4
181-270,88,0.207,89.893,64.599,0.9526,0.9056,0.477,SARIMAX,BASE+ALL,2021,4
271-365,91,-0.267,36.779,28.419,1.3642,1.2804,0.509,SARIMAX,BASE+ALL,2021,4
1-7,3,-2.495,4.522,3.914,1.5767,0.4424,-0.819,Ensemble_unweighted,BASE+ALL,2021,4
8-30,19,-0.123,18.319,14.38,1.1315,0.9599,0.337,Ensemble_unweighted,BASE+ALL,2021,4
31-90,50,-0.033,20.837,14.967,1.1526,0.867,0.131,Ensemble_unweighted,BASE+ALL,2021,4
91-180,90,0.146,91.862,56.654,0.8731,0.7763,0.39,Ensemble_unweighted,BASE+ALL,2021,4
181-270,88,0.273,86.087,66.187,0.976,0.9278,0.551,Ensemble_unweighted,BASE+ALL,2021,4
271-365,91,-0.569,40.939,32.688,1.5691,1.4728,0.5,Ensemble_unweighted,BASE+ALL,2021,4
1-7,3,-2.457,4.498,3.897,1.5698,0.4405,-0.822,Ensemble_MASEweighted,BASE+ALL,2021,4
8-30,19,-0.123,18.316,14.387,1.132,0.9603,0.34,Ensemble_MASEweighted,BASE+ALL,2021,4
31-90,50,-0.033,20.847,14.973,1.1531,0.8673,0.13,Ensemble_MASEweighted,BASE+ALL,2021,4
91-180,90,0.146,91.873,56.692,0.8736,0.7768,0.39,Ensemble_MASEweighted,BASE+ALL,2021,4
181-270,88,0.275,85.993,66.176,0.9759,0.9277,0.553,Ensemble_MASEweighted,BASE+ALL,2021,4
271-365,91,-0.571,40.966,32.702,1.5698,1.4734,0.499,Ensemble_MASEweighted,BASE+ALL,2021,4
1-7,1,,,,,,,RF,BASE+ALL,2021,9
8-30,12,-0.387,21.589,18.024,0.7195,1.3123,-0.005,RF,BASE+ALL,2021,9
31-90,35,-0.399,18.169,15.53,0.6457,1.5218,0.086,RF,BASE+ALL,2021,9
91-180,85,0.233,89.415,53.214,0.6882,0.5782,0.524,RF,BASE+ALL,2021,9
181-270,47,0.042,60.931,44.537,0.9563,0.6905,0.25,RF,BASE+ALL,2021,9
271-365,0,,,,,,,RF,BASE+ALL,2021,9
1-7,1,,,,,,,XGB,BASE+ALL,2021,9
8-30,12,-0.038,18.68,14.138,0.5643,1.0293,0.15,XGB,BASE+ALL,2021,9
31-90,35,-0.124,16.289,12.732,0.5294,1.2476,0.016,XGB,BASE+ALL,2021,9
91-180,85,0.234,89.32,54.033,0.6988,0.5871,0.523,XGB,BASE+ALL,2021,9
181-270,47,-0.136,66.338,47.311,1.0159,0.7335,0.125,XGB,BASE+ALL,2021,9
271-365,0,,,,,,,XGB,BASE+ALL,2021,9
1-7,1,,,,,,,LightGBM,BASE+ALL,2021,9
8-30,12,0.053,17.835,13.06,0.5213,0.9508,0.365,LightGBM,BASE+ALL,2021,9
31-90,35,-0.073,15.911,11.932,0.4962,1.1693,0.074,LightGBM,BASE+ALL,2021,9
91-180,85,0.241,88.964,53.934,0.6975,0.586,0.51,LightGBM,BASE+ALL,2021,9
181-270,47,-0.021,62.886,45.381,0.9745,0.7036,0.173,LightGBM,BASE+ALL,2021,9
271-365,0,,,,,,,LightGBM,BASE+ALL,2021,9
1-7,1,,,,,,,SARIMAX,BASE+ALL,2021,9
8-30,12,-1.709,30.172,24.894,0.9937,1.8124,0.164,SARIMAX,BASE+ALL,2021,9
31-90,35,-2.93,30.453,24.64,1.0245,2.4144,-0.032,SARIMAX,BASE+ALL,2021,9
91-180,85,-0.005,102.337,63.906,0.8265,0.6944,0.483,SARIMAX,BASE+ALL,2021,9
181-270,47,-0.218,68.709,47.672,1.0237,0.7391,0.324,SARIMAX,BASE+ALL,2021,9
271-365,0,,,,,,,SARIMAX,BASE+ALL,2021,9
1-7,1,,,,,,,Ensemble_unweighted,BASE+ALL,2021,9
8-30,12,-0.002,18.349,13.355,0.5331,0.9723,0.156,Ensemble_unweighted,BASE+ALL,2021,9
31-90,35,-0.079,15.958,10.195,0.4239,0.999,0.021,Ensemble_unweighted,BASE+ALL,2021,9
91-180,85,0.204,91.07,52.86,0.6836,0.5743,0.521,Ensemble_unweighted,BASE+ALL,2021,9
181-270,47,-0.034,63.282,44.645,0.9587,0.6922,0.212,Ensemble_unweighted,BASE+ALL,2021,9
271-365,0,,,,,,,Ensemble_unweighted,BASE+ALL,2021,9
1-7,1,,,,,,,Ensemble_MASEweighted,BASE+ALL,2021,9
8-30,12,0.002,18.316,13.33,0.5321,0.9705,0.158,Ensemble_MASEweighted,BASE+ALL,2021,9
31-90,35,-0.074,15.918,10.243,0.4259,1.0037,0.022,Ensemble_MASEweighted,BASE+ALL,2021,9
91-180,85,0.206,90.978,52.822,0.6831,0.5739,0.521,Ensemble_MASEweighted,BASE+ALL,2021,9
181-270,47,-0.034,63.299,44.676,0.9593,0.6926,0.21,Ensemble_MASEweighted,BASE+ALL,2021,9
271-365,0,,,,,,,Ensemble_MASEweighted,BASE+ALL,2021,9
1-7,0,,,,,,,RF,BASE+ALL,2022,2
8-30,0,,,,,,,RF,BASE+ALL,2022,2
31-90,0,,,,,,,RF,BASE+ALL,2022,2
91-180,0,,,,,,,RF,BASE+ALL,2022,2
181-270,0,,,,,,,RF,BASE+ALL,2022,2
271-365,0,,,,,,,RF,BASE+ALL,2022,2
1-7,0,,,,,,,XGB,BASE+ALL,2022,2
8-30,0,,,,,,,XGB,BASE+ALL,2022,2
31-90,0,,,,,,,XGB,BASE+ALL,2022,2
91-180,0,,,,,,,XGB,BASE+ALL,2022,2
181-270,0,,,,,,,XGB,BASE+ALL,2022,2
271-365,0,,,,,,,XGB,BASE+ALL,2022,2
1-7,0,,,,,,,LightGBM,BASE+ALL,2022,2
8-30,0,,,,,,,LightGBM,BASE+ALL,2022,2
31-90,0,,,,,,,LightGBM,BASE+ALL,2022,2
91-180,0,,,,,,,LightGBM,BASE+ALL,2022,2
181-270,0,,,,,,,LightGBM,BASE+ALL,2022,2
271-365,0,,,,,,,LightGBM,BASE+ALL,2022,2
1-7,0,,,,,,,SARIMAX,BASE+ALL,2022,2
8-30,0,,,,,,,SARIMAX,BASE+ALL,2022,2
31-90,0,,,,,,,SARIMAX,BASE+ALL,2022,2
91-180,0,,,,,,,SARIMAX,BASE+ALL,2022,2
181-270,0,,,,,,,SARIMAX,BASE+ALL,2022,2
271-365,0,,,,,,,SARIMAX,BASE+ALL,2022,2
1-7,0,,,,,,,Ensemble_unweighted,BASE+ALL,2022,2
8-30,0,,,,,,,Ensemble_unweighted,BASE+ALL,2022,2
31-90,0,,,,,,,Ensemble_unweighted,BASE+ALL,2022,2
91-180,0,,,,,,,Ensemble_unweighted,BASE+ALL,2022,2
181-270,0,,,,,,,Ensemble_unweighted,BASE+ALL,2022,2
271-365,0,,,,,,,Ensemble_unweighted,BASE+ALL,2022,2
1-7,0,,,,,,,Ensemble_MASEweighted,BASE+ALL,2022,2
8-30,0,,,,,,,Ensemble_MASEweighted,BASE+ALL,2022,2
31-90,0,,,,,,,Ensemble_MASEweighted,BASE+ALL,2022,2
91-180,0,,,,,,,Ensemble_MASEweighted,BASE+ALL,2022,2
181-270,0,,,,,,,Ensemble_MASEweighted,BASE+ALL,2022,2
271-365,0,,,,,,,Ensemble_MASEweighted,BASE+ALL,2022,2
1-7,0,,,,,,,RF,BASE+ALL,2022,4
8-30,0,,,,,,,RF,BASE+ALL,2022,4
31-90,1,,,,,,,RF,BASE+ALL,2022,4
91-180,75,0.031,32.75,26.111,1.2041,1.3027,0.524,RF,BASE+ALL,2022,4
181-270,74,0.093,55.892,39.987,1.1238,1.1642,0.517,RF,BASE+ALL,2022,4
271-365,74,0.167,30.05,22.377,0.9896,1.058,0.51,RF,BASE+ALL,2022,4
1-7,0,,,,,,,XGB,BASE+ALL,2022,4
8-30,0,,,,,,,XGB,BASE+ALL,2022,4
31-90,1,,,,,,,XGB,BASE+ALL,2022,4
91-180,75,0.141,30.837,23.008,1.061,1.1479,0.464,XGB,BASE+ALL,2022,4
181-270,74,0.104,55.529,39.162,1.1006,1.1401,0.515,XGB,BASE+ALL,2022,4
271-365,74,0.18,29.815,22.005,0.9731,1.0404,0.495,XGB,BASE+ALL,2022,4
1-7,0,,,,,,,LightGBM,BASE+ALL,2022,4
8-30,0,,,,,,,LightGBM,BASE+ALL,2022,4
31-90,1,,,,,,,LightGBM,BASE+ALL,2022,4
91-180,75,0.124,31.139,23.543,1.0857,1.1746,0.483,LightGBM,BASE+ALL,2022,4
181-270,74,-0.985,82.668,65.121,1.8302,1.8959,0.532,LightGBM,BASE+ALL,2022,4
271-365,74,0.175,29.898,21.995,0.9727,1.0399,0.491,LightGBM,BASE+ALL,2022,4
1-7,0,,,,,,,SARIMAX,BASE+ALL,2022,4
8-30,0,,,,,,,SARIMAX,BASE+ALL,2022,4
31-90,1,,,,,,,SARIMAX,BASE+ALL,2022,4
91-180,75,0.202,29.723,23.245,1.072,1.1597,0.585,SARIMAX,BASE+ALL,2022,4
181-270,74,0.044,57.371,40.999,1.1522,1.1936,0.502,SARIMAX,BASE+ALL,2022,4
271-365,74,-0.058,33.86,25.481,1.1268,1.2047,0.432,SARIMAX,BASE+ALL,2022,4
1-7,0,,,,,,,Ensemble_unweighted,BASE+ALL,2022,4
8-30,0,,,,,,,Ensemble_unweighted,BASE+ALL,2022,4
31-90,1,,,,,,,Ensemble_unweighted,BASE+ALL,2022,4
91-180,75,0.141,30.85,23.746,1.0951,1.1847,0.541,Ensemble_unweighted,BASE+ALL,2022,4
181-270,74,-0.058,60.34,45.043,1.2659,1.3113,0.525,Ensemble_unweighted,BASE+ALL,2022,4
271-365,74,0.155,30.263,22.461,0.9933,1.0619,0.489,Ensemble_unweighted,BASE+ALL,2022,4
1-7,0,,,,,,,Ensemble_MASEweighted,BASE+ALL,2022,4
8-30,0,,,,,,,Ensemble_MASEweighted,BASE+ALL,2022,4
31-90,1,,,,,,,Ensemble_MASEweighted,BASE+ALL,2022,4
91-180,75,0.14,30.853,23.736,1.0946,1.1842,0.54,Ensemble_MASEweighted,BASE+ALL,2022,4
181-270,74,-0.061,60.447,45.17,1.2695,1.315,0.525,Ensemble_MASEweighted,BASE+ALL,2022,4
271-365,74,0.156,30.241,22.431,0.9919,1.0605,0.489,Ensemble_MASEweighted,BASE+ALL,2022,4
1-7,0,,,,,,,RF,BASE+ALL,2022,9
8-30,0,,,,,,,RF,BASE+ALL,2022,9
31-90,14,-0.779,20.033,14.744,1.1519,1.191,-0.22,RF,BASE+ALL,2022,9
91-180,84,-0.779,24.866,20.186,1.3139,1.3625,0.149,RF,BASE+ALL,2022,9
181-270,84,-0.505,58.917,49.483,1.3102,1.3267,0.611,RF,BASE+ALL,2022,9
271-365,89,0.125,45.331,29.342,0.9695,0.9883,0.417,RF,BASE+ALL,2022,9
1-7,0,,,,,,,XGB,BASE+ALL,2022,9
8-30,0,,,,,,,XGB,BASE+ALL,2022,9
31-90,14,-0.463,18.164,13.314,1.0402,1.0755,0.053,XGB,BASE+ALL,2022,9
91-180,84,-0.717,24.431,19.721,1.2836,1.3311,0.224,XGB,BASE+ALL,2022,9
181-270,84,0.066,46.424,39.495,1.0457,1.0589,0.563,XGB,BASE+ALL,2022,9
271-365,89,0.148,44.724,28.531,0.9427,0.961,0.435,XGB,BASE+ALL,2022,9
1-7,0,,,,,,,LightGBM,BASE+ALL,2022,9
8-30,0,,,,,,,LightGBM,BASE+ALL,2022,9
31-90,14,-0.42,17.896,13.292,1.0384,1.0737,-0.036,LightGBM,BASE+ALL,2022,9
91-180,84,-0.73,24.523,20.151,1.3116,1.36,0.223,LightGBM,BASE+ALL,2022,9
181-270,84,-0.558,59.942,50.262,1.3308,1.3475,0.6,LightGBM,BASE+ALL,2022,9
271-365,89,0.039,47.507,31.902,1.054,1.0745,0.331,LightGBM,BASE+ALL,2022,9
1-7,0,,,,,,,SARIMAX,BASE+ALL,2022,9
8-30,0,,,,,,,SARIMAX,BASE+ALL,2022,9
31-90,14,-1.224,22.4,20.934,1.6354,1.6909,-0.356,SARIMAX,BASE+ALL,2022,9
91-180,84,-0.308,21.322,16.109,1.0485,1.0872,0.083,SARIMAX,BASE+ALL,2022,9
181-270,84,-0.019,48.48,38.657,1.0235,1.0364,0.573,SARIMAX,BASE+ALL,2022,9
271-365,89,0.066,46.827,29.273,0.9672,0.9859,0.37,SARIMAX,BASE+ALL,2022,9
1-7,0,,,,,,,Ensemble_unweighted,BASE+ALL,2022,9
8-30,0,,,,,,,Ensemble_unweighted,BASE+ALL,2022,9
31-90,14,-0.425,17.931,14.156,1.1059,1.1435,-0.257,Ensemble_unweighted,BASE+ALL,2022,9
91-180,84,-0.39,21.98,17.074,1.1113,1.1524,0.176,Ensemble_unweighted,BASE+ALL,2022,9
181-270,84,-0.172,51.99,43.131,1.142,1.1564,0.6,Ensemble_unweighted,BASE+ALL,2022,9
271-365,89,0.119,45.476,29.102,0.9615,0.9802,0.398,Ensemble_unweighted,BASE+ALL,2022,9
1-7,0,,,,,,,Ensemble_MASEweighted,BASE+ALL,2022,9
8-30,0,,,,,,,Ensemble_MASEweighted,BASE+ALL,2022,9
31-90,14,-0.423,17.917,14.105,1.102,1.1394,-0.253,Ensemble_MASEweighted,BASE+ALL,2022,9
91-180,84,-0.399,22.052,17.164,1.1172,1.1585,0.178,Ensemble_MASEweighted,BASE+ALL,2022,9
181-270,84,-0.171,51.982,43.148,1.1424,1.1568,0.6,Ensemble_MASEweighted,BASE+ALL,2022,9
271-365,89,0.119,45.478,29.119,0.9621,0.9808,0.398,Ensemble_MASEweighted,BASE+ALL,2022,9
