date,BASE+ALL__RF,BASE+ALL__XGB,BASE+ALL__LightGBM,BASE+ALL__SARIMAX,BASE+ALL__Ensemble_unweighted,BASE+ALL__Ensemble_MASEweighted,y_true,y_gapfilled,persistence,tower,anchor_year,config
2018-12-17,38.10784246593798,42.42051315307617,42.192306490578964,35.268153616058115,39.49720393141281,39.58346289378726,18.70908835605556,20.960429166666668,54.91721666666666,2,2018,BASE+ALL
2018-12-18,57.30045129564937,54.25388717651367,47.34489393447622,37.05108373592613,48.987579035641346,49.082508028055024,35.149889121928574,32.9244375,54.91721666666666,2,2018,BASE+ALL
2018-12-19,42.05634047820541,42.61762619018555,38.415409364053765,38.47831680103575,40.39192320837012,40.40698029280974,20.564511855705884,21.9152625,54.91721666666666,2,2018,BASE+ALL
2018-12-20,44.26882249639864,36.1879997253418,34.25662689476326,38.238895278113176,38.23808609865422,38.16332487774227,21.31585997685,59.83865,54.91721666666666,2,2018,BASE+ALL
2018-12-21,30.914173924070973,34.280399322509766,33.2483668588405,16.49794733876003,28.735221861045318,28.905853014290585,8.646292532607143,10.355054166666667,54.91721666666666,2,2018,BASE+ALL
2018-12-22,18.20700001031129,18.84538459777832,19.301662918910047,20.75352457815617,19.276893026288956,19.266208590727608,4.645622667038461,5.962599999999999,54.91721666666666,2,2018,BASE+ALL
2018-12-23,30.60603308520644,24.597858428955078,23.334342650172765,22.48717194689293,25.256351527806803,25.23407390461843,,81.17115416666667,54.91721666666666,2,2018,BASE+ALL
2018-12-24,21.441394164391287,20.945755004882812,21.485191744354395,26.368644751012923,22.560246416160354,22.512504561463448,,11.309029166666669,54.91721666666666,2,2018,BASE+ALL
2018-12-25,15.144345906313044,16.437929153442383,18.145278790322003,26.952691657191263,19.170061376817173,19.09399308860073,23.430924851857142,21.3093375,54.91721666666666,2,2018,BASE+ALL
2018-12-26,14.313721184757702,14.610090255737305,15.362615094667323,24.57229698023053,17.214680878848217,17.132306614257164,20.941292970611112,14.657541666666669,54.91721666666666,2,2018,BASE+ALL
2018-12-27,14.061915846850125,13.485833168029785,13.25522076903179,26.16043505778506,16.740851210424193,16.6237032367166,26.19202691092857,21.390625,54.91721666666666,2,2018,BASE+ALL
2018-12-28,13.259082991991052,12.538361549377441,12.69984712426702,25.79282650547402,16.072529542777385,15.95174160395226,29.94466230940909,30.324125,54.91721666666666,2,2018,BASE+ALL
2018-12-29,14.592558510488725,12.45329475402832,13.244497696767182,22.6389021282994,15.732313272395906,15.634581028818493,1.0451481868888888,3.606079166666667,54.91721666666666,2,2018,BASE+ALL
2018-12-30,13.280160635429585,10.412545204162598,10.630116451492894,24.680654282329915,14.750869143353746,14.60942025109824,,6.131912499999999,54.91721666666666,2,2018,BASE+ALL
2018-12-31,11.911985580279836,9.454137802124023,10.159809164197815,24.548666451038816,14.018649749410123,13.875034876253894,2.3515349025416667,3.102370833333333,54.91721666666666,2,2018,BASE+ALL
2019-01-01,11.849591100228386,9.121222496032715,10.066588791649954,25.32283315010752,14.090058884504645,13.936517721899637,-5.369030695966667,-2.6617875,54.91721666666666,2,2018,BASE+ALL
2019-01-02,11.909704986391262,11.300434112548828,11.228369087072275,27.63150952699085,15.517504428250803,15.368633922146888,1.6130913782857144,6.143154166666666,54.91721666666666,2,2018,BASE+ALL
2019-01-03,12.322576920078392,10.542086601257324,9.86210343271772,27.616097879616355,15.085716208417447,14.92011287740807,25.9850464875,20.74059583333333,54.91721666666666,2,2018,BASE+ALL
2019-01-04,11.761257159944975,10.542086601257324,9.86210343271772,28.234701601798044,15.100037198929515,14.932074694107765,-4.380738653249999,4.5301125,54.91721666666666,2,2018,BASE+ALL
2019-01-05,11.183445343065593,10.518479347229004,9.946918961896358,27.639308392423565,14.82203801115363,14.662889763263014,2.7963399130416664,5.033554166666667,54.91721666666666,2,2018,BASE+ALL
2019-01-06,11.383959845208397,8.844761848449707,10.232932994509763,27.104722193846943,14.391594220503702,14.223446144910472,3.1412098474545456,3.1575166666666665,54.91721666666666,2,2018,BASE+ALL
2019-01-07,13.83233941615193,10.670431137084961,11.208403842151489,23.71919731588679,14.857592927818793,14.727223832075786,4.396572144333333,6.2659125,54.91721666666666,2,2018,BASE+ALL
2019-01-08,11.805220697076953,8.946113586425781,9.827918037678632,25.113197863559467,13.923112546185209,13.768772148378245,3.134654957076924,3.106208333333333,54.91721666666666,2,2018,BASE+ALL
2019-01-09,11.598995339695033,10.71008014678955,9.986614703643989,29.11066298718044,15.351588294327254,15.178925461555515,16.851149742666667,11.953895833333334,54.91721666666666,2,2018,BASE+ALL
2019-01-10,11.755350471028878,10.145768165588379,9.863392122389396,28.819756763549247,15.146066880638974,14.969558431947453,7.1774120194375,6.562220833333334,54.91721666666666,2,2018,BASE+ALL
2019-01-11,11.052572222003539,8.946113586425781,9.839260513326463,27.82536742464843,14.415828436601053,14.241670771474777,-0.4730029913333335,1.5214875,54.91721666666666,2,2018,BASE+ALL
2019-01-12,14.780102185637363,11.187370300292969,11.80122990424749,24.44130693226523,15.552502330610764,15.418353567102784,5.846134107666667,5.821558333333333,54.91721666666666,2,2018,BASE+ALL
2019-01-13,18.714852683877087,16.279651641845703,13.895280032338954,23.472903058866063,18.09067185423195,17.99909149529733,6.104765118727273,6.952233333333333,54.91721666666666,2,2018,BASE+ALL
2019-01-14,14.399052290486514,8.808034896850586,9.827918037678632,26.583718423775974,14.904680912197929,14.721613041978735,2.132986624178572,2.909558333333333,54.91721666666666,2,2018,BASE+ALL
2019-01-15,12.912950079418067,9.630390167236328,10.810557640050455,27.84086515704724,15.298690760938022,15.12560110170313,2.2440845584,3.629925,54.91721666666666,2,2018,BASE+ALL
2019-01-16,14.347383175599132,10.286454200744629,11.89492414046064,27.6825369784777,16.052824623820527,15.885152614050329,7.618485403499999,7.1197875,54.91721666666666,2,2018,BASE+ALL
2019-01-17,13.107885361440939,9.740304946899414,10.615869100442296,28.69125930462408,15.538829678351682,15.356888171160474,7.6029276680625,8.611983333333333,54.91721666666666,2,2018,BASE+ALL
2019-01-18,16.549118940620616,12.419795989990234,12.999828599785328,29.761083325947325,17.932456714085877,17.758810081602697,47.92393224357142,28.46534583333333,54.91721666666666,2,2018,BASE+ALL
2019-01-19,14.878925003741985,11.162747383117676,10.49657110426703,31.67242453366981,17.052667006199126,16.84582154680421,24.86850198355556,17.846983333333334,54.91721666666666,2,2018,BASE+ALL
2019-01-20,13.78327223447203,10.634163856506348,9.887172509813256,31.986596987306708,16.572801397024584,16.361160385563903,17.4627153565625,13.149675,54.91721666666666,2,2018,BASE+ALL
2019-01-21,13.937447162759227,10.292105674743652,10.655555912838476,30.889012972080696,16.443530430605513,16.242392198718264,-12.724279198928574,-4.2037125,54.91721666666666,2,2018,BASE+ALL
2019-01-22,13.835544204882892,9.08746337890625,9.672916310466654,30.242579616702248,15.709625877739512,15.498683731142705,4.337085952833333,6.4629625,54.91721666666666,2,2018,BASE+ALL
2019-01-23,13.17217616380273,9.501093864440918,10.627211576090128,26.01969027617039,14.83004297012604,14.669490143977933,1.5778612148928572,3.477591666666666,54.91721666666666,2,2018,BASE+ALL
2019-01-24,13.321873586850632,9.557120323181152,10.615869100442296,34.09459784758749,16.89736521451539,16.664672600188194,,13.412779166666668,54.91721666666666,2,2018,BASE+ALL
2019-01-25,13.601399125280961,8.946113586425781,10.253142549971338,24.17191014037957,14.243141350514414,14.089643150940303,4.680099354454547,5.937991666666666,54.91721666666666,2,2018,BASE+ALL
2019-01-26,26.335740080695885,26.18605613708496,19.04605594922534,30.005902822746226,25.3934387474381,25.316471359752246,-0.1596002495,8.154216666666667,54.91721666666666,2,2018,BASE+ALL
2019-01-27,30.490297787642092,28.97894287109375,20.990913780714823,28.657789486916183,27.279485981591712,27.226678693188756,5.2462252687,14.440466666666666,54.91721666666666,2,2018,BASE+ALL
2019-01-28,16.9311680914621,14.46176528930664,12.119742316115424,31.633695311538258,18.786592752105605,18.606447661455185,2.2563893023,5.128345833333333,54.91721666666666,2,2018,BASE+ALL
2019-01-29,16.28251694923367,12.512547492980957,11.739317667612468,32.52453489262867,18.26472925061394,18.06137071097921,10.0498731726875,9.319275,54.91721666666666,2,2018,BASE+ALL
2019-01-30,21.856584362450167,16.493532180786133,15.045588866625824,33.874160825855505,21.817466558929404,21.62459259507247,15.474247531375,13.059829166666669,54.91721666666666,2,2018,BASE+ALL
2019-01-31,22.636771481647944,16.879457473754883,14.870390714771943,35.586354524094865,22.493243548567406,22.2830717486462,0.4904963130500012,6.3016125,54.91721666666666,2,2018,BASE+ALL
2019-02-01,23.43434492960737,14.396316528320312,13.136077141172414,34.58044451052003,21.386795777405034,21.149608538399114,8.4084680965,7.477216666666667,54.91721666666666,2,2018,BASE+ALL
2019-02-02,21.64197759109236,12.112391471862793,12.965978930373666,32.67914853070625,19.849874131008768,19.61903866521865,2.5245367430714287,4.454875,54.91721666666666,2,2018,BASE+ALL
2019-02-03,22.82122423215847,14.593352317810059,14.773333681778038,34.05374333790918,21.56041339241394,21.342691921727837,37.99870940657692,30.64916666666667,54.91721666666666,2,2018,BASE+ALL
2019-02-04,30.985389202056705,20.748254776000977,19.228912469584316,45.38759713009261,29.08753839443365,28.802554497452043,2.751413063416667,42.05817916666667,54.91721666666666,2,2018,BASE+ALL
2019-02-05,23.75472562930834,15.145661354064941,16.229474463244696,34.15478378207696,22.321161307173735,22.11066156784547,13.844363808277778,14.795058333333335,54.91721666666666,2,2018,BASE+ALL
2019-02-06,23.027928591807484,16.99875259399414,15.511166260807471,33.88908339296652,22.356732709893905,22.164258743731352,4.802799604607143,9.7471375,54.91721666666666,2,2018,BASE+ALL
2019-02-07,35.460078295343024,24.67218589782715,24.317286198931836,31.775711925623792,29.056315579431452,28.93088065577229,8.550348829666666,81.27637916666667,54.91721666666666,2,2018,BASE+ALL
2019-02-08,37.24226986470291,45.34002685546875,37.561640190355945,41.67939660989033,40.45583338010448,40.487589311674995,10.0407205624375,99.99124166666668,54.91721666666666,2,2018,BASE+ALL
2019-02-09,34.68907403060455,28.227758407592773,29.795222007484718,31.914146358466663,31.156550201037177,31.096990604081775,4.558041702222223,42.32086666666667,54.91721666666666,2,2018,BASE+ALL
2019-02-10,35.99977544930743,29.69546127319336,30.387168860781056,32.485280188455214,32.14192144293427,32.086024621868305,-13.936746767458336,6.174041666666668,54.91721666666666,2,2018,BASE+ALL
2019-02-11,19.9848202828202,16.916709899902344,19.19097176133551,33.45386795061037,22.386592473667108,22.236029197184536,3.574882973166667,11.252024999999998,54.91721666666666,2,2018,BASE+ALL
2019-02-12,18.09890540985838,15.033489227294922,16.283103990277517,34.98745978980356,21.100739604308593,20.913788586821703,7.3720592872,11.42425,54.91721666666666,2,2018,BASE+ALL
2019-02-13,17.61973614127461,14.015722274780273,14.457538272605381,38.10773851858178,21.050183801810512,20.818698356529847,17.668619972,15.229354166666669,54.91721666666666,2,2018,BASE+ALL
2019-02-14,17.408869437046963,13.912681579589844,14.254152233783207,34.69917463332499,20.06871947093625,19.86660052997105,,9.924945833333334,54.91721666666666,2,2018,BASE+ALL
2019-02-15,17.461836881622556,13.570551872253418,14.219009705886439,39.16770787976304,21.104776584881364,20.859540632146867,,17.54305,54.91721666666666,2,2018,BASE+ALL
2019-02-16,18.267413806428365,15.405219078063965,15.433588966876533,39.10539612474612,22.052904494028745,21.82659804769465,,20.577075,54.91721666666666,2,2018,BASE+ALL
2019-02-17,22.217666781925722,16.85089874267578,17.634781320904793,38.331209694595486,23.758639135025447,23.542526540420795,,26.980966666666664,54.91721666666666,2,2018,BASE+ALL
2019-02-18,17.6841896018852,12.744409561157227,15.917054560800224,38.56049873208809,21.226538113982684,20.988423119406768,,19.49338333333333,54.91721666666666,2,2018,BASE+ALL
2019-02-19,17.3487270518187,12.782267570495605,14.012717155008449,36.51810565292267,20.165454357561355,19.93641897035762,-8.054775097375,9.620433333333333,54.91721666666666,2,2018,BASE+ALL
2019-02-20,19.456008452101177,15.36776065826416,15.780948911405572,43.06778923716785,23.41812681473469,23.15172380617558,,28.917179166666667,54.91721666666666,2,2018,BASE+ALL
2019-02-21,17.535361507895757,13.174301147460938,14.314256051663866,42.9783001797935,22.000554721703516,21.718238103122218,14.482375459785716,24.851904166666667,54.91721666666666,2,2018,BASE+ALL
2019-02-22,17.194078358479786,12.850313186645508,15.09321285176353,33.57736803345724,19.678743107586516,19.48365826398721,,18.7001375,54.91721666666666,2,2018,BASE+ALL
2019-02-23,16.357074415103643,13.4917631149292,14.860644485255323,39.445876929765205,21.03883973626334,20.800421952439663,,20.1319375,54.91721666666666,2,2018,BASE+ALL
2019-02-24,16.493649317966927,11.877092361450195,13.687566031357765,37.8829737156373,19.985320356603047,19.73927280189781,16.341520738,19.9438875,54.91721666666666,2,2018,BASE+ALL
2019-02-25,16.695530951781596,12.147990226745605,14.584022085173439,42.82390842759035,21.562862922822745,21.27942242553725,34.227751317312496,28.408058333333333,54.91721666666666,2,2018,BASE+ALL
2019-02-26,16.610528924770275,12.782867431640625,14.584022085173439,44.28422343095309,22.06541046813436,21.77490646039473,,14.693295833333332,54.91721666666666,2,2018,BASE+ALL
2019-02-27,16.228939611342422,11.927568435668945,13.42782000465591,39.20334304455576,20.19691777405576,19.939518323020113,,23.190841666666667,54.91721666666666,2,2018,BASE+ALL
2019-02-28,26.32865300389067,15.075626373291016,20.406172897476036,45.74660967600264,26.889265487665092,26.585530134097365,,44.40732916666667,54.91721666666666,2,2018,BASE+ALL
2019-03-01,18.475757644868352,10.549870491027832,15.153859287957836,38.389184384360064,20.64216795205352,20.377868183725873,,18.09773333333333,54.91721666666666,2,2018,BASE+ALL
2019-03-02,26.1525563861478,15.151542663574219,19.327628753554215,43.3142576127832,25.98649635401486,25.699620966835532,,39.84482083333334,54.91721666666666,2,2018,BASE+ALL
2019-03-03,32.31461229868627,20.824541091918945,23.49964909194782,42.67892356221236,29.82943151119135,29.586978689994936,,66.66335,54.91721666666666,2,2018,BASE+ALL
2019-03-04,22.47704340812514,12.7217378616333,16.27214487774869,31.123221058274485,20.648536801445402,20.45161275305412,,23.234841666666668,54.91721666666666,2,2018,BASE+ALL
2019-03-05,33.90429818273087,29.13532829284668,30.025646320427608,38.422522301900216,32.871948774476344,32.768095161247174,,39.91052916666667,54.91721666666666,2,2018,BASE+ALL
2019-03-06,30.04923604343254,26.891773223876953,27.210022468081956,40.70638533375875,31.214354267287554,31.07590942676829,,36.213725,54.91721666666666,2,2018,BASE+ALL
2019-03-07,28.510633064532623,21.70578384399414,24.023289806724787,33.52461198287487,26.941079674531608,26.811808193440612,,27.88972083333333,54.91721666666666,2,2018,BASE+ALL
2019-03-08,26.793900439687825,17.123046875,23.25579483469585,36.51886272734168,25.92290121918134,25.73288258020226,,26.92539583333333,54.91721666666666,2,2018,BASE+ALL
2019-03-09,19.93466073463369,15.404516220092773,17.29460372211718,36.34137670454196,22.2437893453464,22.04371470708884,,13.137116666666666,54.91721666666666,2,2018,BASE+ALL
2019-03-10,32.08863941986352,26.890504837036133,25.62026317284446,39.05992019137673,30.91483190528021,30.770211970831866,,52.637575,54.91721666666666,2,2018,BASE+ALL
2019-03-11,23.37055320688149,17.973405838012695,20.431268911279027,38.28936979210921,25.016149437070606,24.82010340063122,,13.2311125,54.91721666666666,2,2018,BASE+ALL
2019-03-12,35.81962186229268,32.34125518798828,28.919841592079216,40.2497348966332,34.33261338474834,34.22272479301798,,89.4043125,54.91721666666666,2,2018,BASE+ALL
2019-03-13,30.994846379567047,30.206241607666016,29.75170535223933,33.886477422612295,31.20981769052117,31.170041199927557,,17.736741666666667,54.91721666666666,2,2018,BASE+ALL
2019-03-14,33.72493958080547,34.866641998291016,32.59323756774064,54.96673064583237,39.037887448167375,38.85230929061668,,53.478033333333336,54.91721666666666,2,2018,BASE+ALL
2019-03-15,33.5379663860768,30.83130645751953,30.476118841413584,53.71174909424968,37.1392851948149,36.91886042964219,,85.62972916666666,54.91721666666666,2,2018,BASE+ALL
2019-03-16,31.921177125391136,31.205167770385742,28.48472804339768,39.86026002464525,32.86783324095495,32.77088454092815,,40.35592916666666,54.91721666666666,2,2018,BASE+ALL
2019-03-17,20.66053003999496,19.161184310913086,19.74922610199613,33.425676680892394,23.249154283449144,23.117568952286412,,8.507304166666666,54.91721666666666,2,2018,BASE+ALL
2019-03-18,15.969707576275812,14.160115242004395,15.090010996857758,31.80702301306676,19.256714207051182,19.095376596706842,,8.097033333333334,54.91721666666666,2,2018,BASE+ALL
2019-03-19,14.980469490103964,12.746304512023926,12.331645899973394,37.26230898712459,19.33018222230647,19.09751871651018,,12.7325125,54.91721666666666,2,2018,BASE+ALL
2019-03-20,13.761764519613218,12.5523042678833,13.771650352224457,34.7765258501847,18.715561247476415,18.518633568450184,13.634843732,12.9369625,54.91721666666666,2,2018,BASE+ALL
2019-03-21,13.28536345838286,13.017637252807617,12.336509279168997,33.27445152475212,17.9784903787779,17.793061201056396,,16.528679166666667,54.91721666666666,2,2018,BASE+ALL
2019-03-22,13.50666511271717,12.123634338378906,12.293986395543035,33.11895783738168,17.7608109210052,17.567627321178083,1.7614277388846156,5.266008333333333,54.91721666666666,2,2018,BASE+ALL
2019-03-23,13.169669483307244,13.108903884887695,14.081468233265193,33.97768989894806,18.584432875102046,18.40449972972339,21.583323005291664,16.152620833333334,54.91721666666666,2,2018,BASE+ALL
2019-03-24,12.981084536780372,10.555624961853027,11.647599394365043,35.56929439189688,17.68840082122383,17.459155071867514,13.3042925518,15.0424,54.91721666666666,2,2018,BASE+ALL
2019-03-25,12.965237659247554,10.258359909057617,10.650622828287508,41.11535539741227,18.74739394850124,18.460543816111333,8.5653645699375,13.5013625,54.91721666666666,2,2018,BASE+ALL
2019-03-26,12.742731712740358,10.333786964416504,10.93167427863241,34.49878818810668,17.12674528597399,16.90220842610567,-0.3992032035833331,4.749524999999999,54.91721666666666,2,2018,BASE+ALL
2019-03-27,12.426471689096015,9.397917747497559,9.253395032834147,38.93979587951731,17.504395087236258,17.22425541017766,-19.56766726491667,3.706458333333334,54.91721666666666,2,2018,BASE+ALL
2019-03-28,12.280546140405031,9.379465103149414,9.253395032834147,39.81757102913795,17.682744326381638,17.395465931995084,-26.284096359214285,0.2363583333333333,54.91721666666666,2,2018,BASE+ALL
2019-03-29,12.675667782605187,10.088828086853027,9.604205420882058,40.29953015315781,18.16705786087452,17.88143461094149,-22.02776036808333,0.6702375000000002,54.91721666666666,2,2018,BASE+ALL
2019-03-30,12.428926047743621,9.227675437927246,9.253395032834147,38.90657039635951,17.45414172871613,17.172827021239343,,7.1489375,54.91721666666666,2,2018,BASE+ALL
2019-03-31,12.911618327157662,10.91968822479248,10.43189659757227,40.50167188518293,18.691218758676335,18.41448308887548,-2.0187472686428576,4.924445833333333,54.91721666666666,2,2018,BASE+ALL
2019-04-01,12.951116386213839,10.69918441772461,10.315543670947386,38.38878404469671,18.088657129895637,17.827891969572626,0.5529197632142859,1.9180625,54.91721666666666,2,2018,BASE+ALL
2019-04-02,13.196976333837855,8.521891593933105,9.270346022874078,35.911365006727486,16.72514473934313,16.460204341963596,-3.8272083945,6.617925,54.91721666666666,2,2018,BASE+ALL
2019-04-03,13.128836281663936,9.053570747375488,9.582808105329258,36.47566024720624,17.06021884539373,16.797042803142286,,3.7984041666666655,54.91721666666666,2,2018,BASE+ALL
2019-04-04,16.232533547791373,12.578652381896973,11.834615077819809,37.7725818553548,19.60459571571574,19.35603547107117,-0.6955974816666683,9.8619125,54.91721666666666,2,2018,BASE+ALL
2019-04-05,21.19138818919371,22.869234085083008,19.06163260853439,38.258433992702535,25.34517221887841,25.195358359115538,,22.8458875,54.91721666666666,2,2018,BASE+ALL
2019-04-06,15.300097403593997,12.659506797790527,13.67915935196687,40.22112532003568,20.46497221834677,20.211468289313252,-27.285987418777776,-2.1833208333333336,54.91721666666666,2,2018,BASE+ALL
2019-04-07,13.678543401795741,11.26203441619873,10.43189659757227,39.14344979581519,18.628981052845482,18.362953842197637,5.034525940500002,8.030408333333334,54.91721666666666,2,2018,BASE+ALL
2019-04-08,13.688345748157008,11.832810401916504,11.672976520337084,38.3557320892267,18.887466189909325,18.640599460086186,25.84819127435714,15.295083333333332,54.91721666666666,2,2018,BASE+ALL
2019-04-09,13.440148184469125,10.697399139404297,11.386442470962525,39.41517399407476,18.734790947227676,18.468493962740737,-15.603540653857142,5.416708333333333,54.91721666666666,2,2018,BASE+ALL
2019-04-10,13.274407398843872,11.029034614562988,10.779313795935101,39.585148912904415,18.666976180561594,18.399343468501478,-5.8357091317666665,1.216225,54.91721666666666,2,2018,BASE+ALL
2019-04-11,13.17189060792196,11.407928466796875,10.698103397206982,39.39438528750563,18.668076939857862,18.405472356670696,-55.11089681636364,-20.350804166666663,54.91721666666666,2,2018,BASE+ALL
2019-04-12,13.295837380534266,10.583074569702148,10.315543670947386,38.73897673340318,18.233358088646746,17.96656423944333,-4.63405446325,-1.6518833333333334,54.91721666666666,2,2018,BASE+ALL
2019-04-13,13.87041299427094,11.009664535522461,10.732070684026077,37.814340960141166,18.35662229349016,18.10094318754932,-13.61224998938889,-2.1952833333333333,54.91721666666666,2,2018,BASE+ALL
2019-04-14,15.651845380382262,12.885229110717773,12.686983010983578,38.60537306009955,19.95735764054579,19.71230538878251,-1.4538512122727274,2.5130625,54.91721666666666,2,2018,BASE+ALL
2019-04-15,16.62642857463135,12.84227466583252,12.645089081053985,34.81605597064668,19.232462073041134,19.015006075078837,-4.80906959021875,1.0223625,54.91721666666666,2,2018,BASE+ALL
2019-04-16,13.980592642856763,10.859132766723633,9.698171250440103,38.6305398815124,18.292109135383225,18.021166368061067,-4.9893718866875005,4.844654166666667,54.91721666666666,2,2018,BASE+ALL
2019-04-17,13.386217953196134,11.164794921875,10.619814760444822,37.26017929476104,18.10775173256925,17.860362016954987,-18.024601816,-0.5310374999999999,54.91721666666666,2,2018,BASE+ALL
2019-04-18,13.154435735200178,10.93986988067627,10.870965016825211,38.137386821311296,18.27566436350324,18.021338710994208,1.7191621452500008,2.2203375000000007,54.91721666666666,2,2018,BASE+ALL
2019-04-19,12.726545615902248,12.801857948303223,11.229724690835875,38.63199608216814,18.84753108430237,18.609252191130302,,1.0130458333333332,54.91721666666666,2,2018,BASE+ALL
2019-04-20,12.459982990448701,13.7426176071167,11.229724690835875,38.258680038768254,18.922751331792384,18.69732481252867,,0.7513708333333332,54.91721666666666,2,2018,BASE+ALL
2019-04-21,12.868253655911017,11.81629753112793,12.383813905061492,37.77637664319138,18.711185433822955,18.478104851481817,,4.930691666666666,54.91721666666666,2,2018,BASE+ALL
2019-04-22,12.945666384856208,11.43200397491455,11.068062367332821,36.53992021358457,17.99641323517204,17.762816418781707,,6.885437499999999,54.91721666666666,2,2018,BASE+ALL
2019-04-23,12.557907178644836,12.206932067871094,11.07940484298065,37.50973599207856,18.338495020393786,18.105146994905066,,9.979708333333331,54.91721666666666,2,2018,BASE+ALL
2019-04-24,14.27298431244911,11.48410415649414,11.515146151272704,37.11854479736522,18.597694854395293,18.354634794715395,,9.6188125,54.91721666666666,2,2018,BASE+ALL
2019-04-25,14.464052107912183,12.558659553527832,12.809096553479018,35.39081772589551,18.805656485203635,18.59371544362829,18.28357819981818,10.098175,54.91721666666666,2,2018,BASE+ALL
2019-04-26,16.411461820007577,13.331902503967285,16.275493990314434,34.94753213379376,20.24159761202076,20.04982330525155,7.773193739833334,24.762879166666668,54.91721666666666,2,2018,BASE+ALL
2019-04-27,23.643536703287136,20.24675941467285,16.807971648447637,30.381885556628752,22.770038330759093,22.640727089128315,-2.075666022214285,1.6339125,54.91721666666666,2,2018,BASE+ALL
2019-04-28,15.01506224603022,10.935611724853516,11.832585062027377,35.281509736861324,18.266192192443107,18.032487251504104,,8.177708333333333,54.91721666666666,2,2018,BASE+ALL
2019-04-29,13.752370479375463,10.916653633117676,10.801785229611484,36.267884479367225,17.934673455367964,17.69300459759244,,11.046304166666667,54.91721666666666,2,2018,BASE+ALL
2019-04-30,13.506376300976504,10.780814170837402,10.387243448521279,35.285489684400424,17.489980901183905,17.254798313225635,,8.127679166666667,54.91721666666666,2,2018,BASE+ALL
2019-05-01,12.26744669758892,8.756950378417969,8.728723986711154,35.95731880803721,16.427609967688813,16.16626194011185,,6.554654166666666,54.91721666666666,2,2018,BASE+ALL
2019-05-02,12.781780724587094,8.83096694946289,7.973874693567964,33.99731530203172,15.895984417412418,15.645342529615004,,10.502058333333332,54.91721666666666,2,2018,BASE+ALL
2019-05-03,12.66131876694086,8.83096694946289,8.142920632804525,34.70645031420534,16.085414165853404,15.83014623013004,13.855148937142856,12.1173875,54.91721666666666,2,2018,BASE+ALL
2019-05-04,12.899914739901167,9.792279243469238,9.180547631918044,35.64140650244284,16.87853702943282,16.62799050813001,-93.03084991666668,-13.958904166666663,54.91721666666666,2,2018,BASE+ALL
2019-05-05,12.172724413785774,9.567618370056152,9.145687364230838,35.418931749734696,16.576240474451865,16.329603014696772,-11.8239870715625,-0.4078499999999998,54.91721666666666,2,2018,BASE+ALL
2019-05-06,11.84575533406212,10.891271591186523,9.172951541541998,36.366288571888745,17.069066759669845,16.827326474835814,,-2.196466666666667,54.91721666666666,2,2018,BASE+ALL
2019-05-07,12.416688747324894,10.783939361572266,9.742852689429139,34.55546923811777,16.874737509111018,16.64834177045089,,3.8469625,54.91721666666666,2,2018,BASE+ALL
2019-05-08,26.37548533725892,33.252525329589844,37.52968641233282,37.07708833110379,33.558696352571346,33.58841919243585,,27.71636666666667,54.91721666666666,2,2018,BASE+ALL
2019-05-09,20.434056613175677,16.344942092895508,17.728599134326906,36.28539799873148,22.698248959782394,22.50649317530007,7.141304566214286,34.2124625,54.91721666666666,2,2018,BASE+ALL
2019-05-10,14.539292458409742,12.462804794311523,14.969514317262686,34.90312112848815,19.218683174618025,19.022603992692435,,1.8526791666666664,54.91721666666666,2,2018,BASE+ALL
2019-05-11,13.11184297467157,11.056604385375977,14.771822143133754,33.82580189546987,18.191517849662795,17.999780184359267,-7.749907995285715,-0.5256708333333332,54.91721666666666,2,2018,BASE+ALL
2019-05-12,13.132703572393314,12.074542045593262,15.652770511099346,34.90603142693786,18.941511889005945,18.75397968873161,,2.167658333333333,54.91721666666666,2,2018,BASE+ALL
2019-05-13,12.912687147983718,12.056962013244629,16.105902359398332,34.952845432134936,19.007099238190403,18.822908177426964,,-0.8236166666666667,54.91721666666666,2,2018,BASE+ALL
2019-05-14,12.93169506306066,11.794154167175293,16.105902359398332,33.50804597609428,18.58494939143214,18.411235631452385,,-0.1332249999999998,54.91721666666666,2,2018,BASE+ALL
2019-05-15,12.839108529875244,11.794154167175293,16.254718478072046,34.07906686037468,18.741762008874318,18.564373578321234,,-0.2388749999999999,54.91721666666666,2,2018,BASE+ALL
2019-05-16,12.450822099613973,10.028340339660645,14.62343986577243,34.075096796358324,17.79442477535134,17.59449086338352,,-2.620016666666667,54.91721666666666,2,2018,BASE+ALL
2019-05-17,11.901469754944516,9.500184059143066,14.269207586112632,34.48546580698257,17.539081801795696,17.331959003824682,,3.638925,54.91721666666666,2,2018,BASE+ALL
2019-05-18,11.207110770546416,9.424945831298828,13.595105624859219,34.20191936745082,17.107270398538823,16.901915309246803,,3.905875,54.91721666666666,2,2018,BASE+ALL
2019-05-19,11.091080558263176,8.187887191772461,11.733260597124733,32.46389168700862,15.869030008542246,15.658170233615014,,2.4685375,54.91721666666666,2,2018,BASE+ALL
2019-05-20,8.774103427401233,8.221922874450684,10.860822432618875,32.442574287673146,15.074855755535985,14.872259159660647,,-10.283783333333334,54.91721666666666,2,2018,BASE+ALL
2019-05-21,8.07548776292336,8.51482105255127,10.562114746465122,32.62387377091467,14.944074333213605,14.744509178542451,-31.466192480115385,-17.051791666666666,54.91721666666666,2,2018,BASE+ALL
2019-05-22,7.719715706549947,8.711020469665527,9.185849626004481,32.98427434424715,14.650215036616776,14.442979029719503,-40.78660688308333,-14.598395833333331,54.91721666666666,2,2018,BASE+ALL
2019-05-23,7.765935502434609,8.52517032623291,8.874157465254319,31.972526882780773,14.284447544175652,14.082506670790739,,-11.893641666666667,54.91721666666666,2,2018,BASE+ALL
2019-05-24,8.893048001766413,7.99994421005249,10.194144488260358,30.597448683772782,14.421146345963011,14.228432772670665,-6.7113817912857145,-0.2923,54.91721666666666,2,2018,BASE+ALL
2019-05-25,8.80525464354306,9.204983711242676,9.447512310398833,30.93534531882945,14.598273996003506,14.408945275271622,-35.86926997444445,-11.866166666666668,54.91721666666666,2,2018,BASE+ALL
2019-05-26,10.480887023380465,10.06503677368164,11.785564962635844,30.071629042197543,15.600779450473873,15.430942040838172,,7.888233333333333,54.91721666666666,2,2018,BASE+ALL
2019-05-27,10.33538605941512,7.877440452575684,10.482681195128567,29.19976319897255,14.47381772652298,14.286119901367986,-1.2137628685714288,3.1802875,54.91721666666666,2,2018,BASE+ALL
2019-05-28,9.611719359809886,6.642343997955322,9.761485894771273,28.80673647559116,13.70557143203191,13.510576446070132,-11.99333832103846,-2.7196125,54.91721666666666,2,2018,BASE+ALL
2019-05-29,10.12780385827168,6.8479509353637695,10.873554064161377,29.667012653078107,14.379080377718733,14.18189538270466,50.683548236,23.431254166666665,54.91721666666666,2,2018,BASE+ALL
2019-05-30,9.907232762793738,7.442825794219971,11.329110666465057,29.400929813789496,14.520024759317065,14.334216784204331,9.863841947555557,11.151191666666668,54.91721666666666,2,2018,BASE+ALL
2019-05-31,8.882974339496688,6.794679164886475,7.279527853592533,30.98195925222191,13.484785152549401,13.261172993892325,-12.85651442042857,1.0662624999999997,54.91721666666666,2,2018,BASE+ALL
2019-06-01,8.079660329987949,6.2760725021362305,5.624060962107237,30.239791772300144,12.55489639163289,12.328139561620073,,-3.1812125,54.91721666666666,2,2018,BASE+ALL
2019-06-02,9.158499713878971,7.83150053024292,6.003354011587275,29.33216621614842,13.081380117964397,12.872207773658088,,10.066208333333334,54.91721666666666,2,2018,BASE+ALL
2019-06-03,9.054423015380005,6.557831287384033,4.717421617522221,29.719276689112007,12.512238152349568,12.281711428428272,,11.539275000000002,54.91721666666666,2,2018,BASE+ALL
2019-06-04,10.80704037232721,8.629855155944824,7.147389722349133,30.403541961252312,14.24695680296837,14.032654942931075,,12.3789125,54.91721666666666,2,2018,BASE+ALL
2019-06-05,8.913510416814166,5.826484680175781,6.092255984926105,28.876513743063004,12.427191206244764,12.206806641214179,,8.131720833333334,54.91721666666666,2,2018,BASE+ALL
2019-06-06,7.698185514664182,5.303160190582275,6.673591158423233,29.55577604554014,12.307678227302457,12.087007640067789,,4.445783333333334,54.91721666666666,2,2018,BASE+ALL
2019-06-07,16.28642459202077,23.338415145874023,12.153374309260691,27.99564455066957,19.943464649456264,19.875368971944496,,10.101416666666667,54.91721666666666,2,2018,BASE+ALL
2019-06-08,9.239194940353412,6.857473373413086,6.701945760150542,24.21827048689458,11.754221140202905,11.585813180540313,,4.717495833333333,54.91721666666666,2,2018,BASE+ALL
2019-06-09,7.123605802867987,5.050588130950928,4.9674851870374495,30.816712438052,11.98959788972709,11.748691514238175,,4.612291666666667,54.91721666666666,2,2018,BASE+ALL
2019-06-10,6.491185163564026,6.224012851715088,5.472116788024243,29.885372566338063,12.018171842410355,11.802090501583638,,6.626245833333333,54.91721666666666,2,2018,BASE+ALL
2019-06-11,6.270044127372179,5.432516098022461,5.472116788024243,26.944044968518657,11.029680495484385,10.834185922427665,,11.218516666666666,54.91721666666666,2,2018,BASE+ALL
2019-06-12,5.732307735343411,5.432516098022461,5.472116788024243,30.242648754366723,11.71989734393921,11.498109892612582,,8.732691666666666,54.91721666666666,2,2018,BASE+ALL
2019-06-13,5.140078358017658,5.095292568206787,5.415732793925449,27.03720929717267,10.672078254330641,10.47884866714781,,12.613741666666668,54.91721666666666,2,2018,BASE+ALL
2019-06-14,5.068475693526296,4.728404521942139,5.273050122146081,26.25074219895777,10.330168134143072,10.140341188778608,,15.480954166666663,54.91721666666666,2,2018,BASE+ALL
2019-06-15,4.827402372019243,4.883510589599609,7.065063478713611,26.67749853542704,10.863368743939876,10.683017870835679,,12.469858333333336,54.91721666666666,2,2018,BASE+ALL
2019-06-16,4.66694061100817,4.465362548828125,8.14205446028885,24.096934573474726,10.342823048399968,10.189076291020429,,14.143241666666666,54.91721666666666,2,2018,BASE+ALL
2019-06-17,4.05859462540907,4.47550630569458,6.708162331667974,25.901887201316672,10.286037616022075,10.111268682563297,,13.660616666666668,54.91721666666666,2,2018,BASE+ALL
2019-06-18,5.0104471111141935,5.558897972106934,7.80423538116268,30.077670615689843,12.112812770018412,11.911388831058602,,13.921104166666666,54.91721666666666,2,2018,BASE+ALL
2019-06-19,5.057585990914088,4.883510589599609,9.555444900145323,27.152822193234183,11.662340918473301,11.49120418246808,,12.794720833333336,54.91721666666666,2,2018,BASE+ALL
2019-06-20,4.990537774837803,5.214775085449219,8.4745969117475,24.58382924281461,10.815934753712282,10.664433391484687,,12.993379166666664,54.91721666666666,2,2018,BASE+ALL
2019-06-21,4.91979729934664,4.710995674133301,6.3525932004539465,26.82333385948144,10.701680008353833,10.51383049844106,,1.8671583333333333,54.91721666666666,2,2018,BASE+ALL
2019-06-22,4.766680123445853,4.710995674133301,5.294771891811503,25.67915809478646,10.11290144604428,9.929815872156706,,-1.9733875,54.91721666666666,2,2018,BASE+ALL
2019-06-23,4.794474084409869,4.762821674346924,5.106454783013334,25.74495021647536,10.102175189561372,9.917680254517142,,0.7511875,54.91721666666666,2,2018,BASE+ALL
2019-06-24,4.394185939245595,4.762821674346924,5.294771891811503,27.43779511674066,10.47239365553617,10.276212697581961,,5.4050208333333325,54.91721666666666,2,2018,BASE+ALL
2019-06-25,4.334650140535828,5.4316792488098145,4.8158369213228065,27.9816061206724,10.640943107835213,10.443155813181164,,1.4599624999999998,54.91721666666666,2,2018,BASE+ALL
2019-06-26,4.346552088798105,5.100045204162598,5.320908022864832,26.73487755655615,10.375595718095422,10.188963054805072,,-2.103641666666667,54.91721666666666,2,2018,BASE+ALL
2019-06-27,4.314875307002437,8.094583511352539,5.798317724750449,23.836789991398398,10.511141633625956,10.37886490604063,,-4.566995833333333,54.91721666666666,2,2018,BASE+ALL
2019-06-28,3.7284107512351086,5.309765815734863,5.294771891811503,21.663639886561104,8.999147086335643,8.862645659271024,,-5.084816666666667,54.91721666666666,2,2018,BASE+ALL
2019-06-29,3.831829961234022,8.033004760742188,5.631065702334595,24.387528615735025,10.470857260011456,10.334871480874856,,-4.8725,54.91721666666666,2,2018,BASE+ALL
2019-06-30,3.710822660483821,5.324200630187988,5.294771891811503,21.02728683425775,8.839270504185265,8.708642460652506,,-0.2305166666666666,54.91721666666666,2,2018,BASE+ALL
2019-07-01,4.693842128787205,4.986598014831543,5.294771891811503,21.693946750193128,9.167289696405845,9.022362688721769,,-0.8709125000000001,54.91721666666666,2,2018,BASE+ALL
2019-07-02,4.65636162965478,4.964879035949707,5.462023914227356,25.27745343554265,10.090179503843624,9.91443832834302,,-1.9165583333333327,54.91721666666666,2,2018,BASE+ALL
2019-07-03,4.509935403476286,5.781188011169434,4.956952812685331,26.75373056028621,10.500451696904316,10.316414839376638,,-3.719808333333333,54.91721666666666,2,2018,BASE+ALL
2019-07-04,4.460729098330826,8.212479591369629,5.125994600792572,25.692944335804413,10.87303690657436,10.72049482045087,,-8.476245833333333,54.91721666666666,2,2018,BASE+ALL
2019-07-05,4.297747037295999,8.550081253051758,5.5696004781696145,25.525448817015462,10.985719396383208,10.841085523195945,,-0.035975,54.91721666666666,2,2018,BASE+ALL
2019-07-06,3.6105789925937564,5.240902900695801,5.550060660390377,23.642223877300065,9.510941607745,9.358445716326466,,2.0550333333333333,54.91721666666666,2,2018,BASE+ALL
2019-07-07,3.445421794372969,4.418588638305664,4.324589428406762,24.08228476973796,9.067721157705838,8.897960445004571,,5.015858333333333,54.91721666666666,2,2018,BASE+ALL
2019-07-08,4.304511225276243,4.609299659729004,3.492741403294877,24.67615689110345,9.270677294850893,9.087558647184949,,6.1541125,54.91721666666666,2,2018,BASE+ALL
2019-07-09,4.423538815893612,7.727769374847412,3.82903521381797,24.48430520608656,10.116162152661389,9.9627488395828,,4.664124999999999,54.91721666666666,2,2018,BASE+ALL
2019-07-10,3.850258721775737,8.065370559692383,3.82903521381797,24.10563243365904,9.962574232236282,9.81861384744601,,3.9650541666666665,54.91721666666666,2,2018,BASE+ALL
2019-07-11,4.199089972047242,4.956843376159668,3.9978125048369044,23.044997312936413,9.049685791495056,8.88760157948115,,6.6094125,54.91721666666666,2,2018,BASE+ALL
2019-07-12,3.59644659451718,4.619240760803223,3.9978125048369044,19.891482202887666,8.026245515761243,7.892646224920112,,7.349529166666667,54.91721666666666,2,2018,BASE+ALL
2019-07-13,4.206897643044584,4.767099380493164,3.9978125048369044,21.9043796864158,8.719047303697614,8.565426456577612,,7.313695833333333,54.91721666666666,2,2018,BASE+ALL
2019-07-14,4.073356359386936,8.746312141418457,3.82903521381797,23.724059791211676,10.09319087645876,9.957198817695014,,3.901837500000001,54.91721666666666,2,2018,BASE+ALL
2019-07-15,3.726683212874765,8.599239349365234,4.028668463604657,23.38998350090664,9.936143631687823,9.804976596075546,,4.982741666666667,54.91721666666666,2,2018,BASE+ALL
2019-07-16,4.354913799178546,8.599239349365234,4.028668463604657,23.107987839014413,10.022702362790714,9.890531286400709,,3.984945833333333,54.91721666666666,2,2018,BASE+ALL
2019-07-17,3.992059917363972,5.383566856384277,4.1974457546235895,21.534224361196436,8.776824222392069,8.634144584254248,,4.479716666666667,54.91721666666666,2,2018,BASE+ALL
2019-07-18,3.9325722399459355,5.045964241027832,4.1974457546235895,19.062762834231016,8.059686267457092,7.936400585034473,,4.8070208333333335,54.91721666666666,2,2018,BASE+ALL
2019-07-19,4.108554751424848,5.2343854904174805,4.647548544236368,18.70095692109524,8.172861426793485,8.056078823216069,,5.1438,54.91721666666666,2,2018,BASE+ALL
2019-07-20,3.8042057312246764,5.626997470855713,5.225944401161553,15.940450575372685,7.649399544653656,7.565611456420706,,2.8929,54.91721666666666,2,2018,BASE+ALL
2019-07-21,4.126621931754607,5.791572093963623,5.225944401161553,18.19995200967096,8.336022609137686,8.231774411138108,,3.996841666666666,54.91721666666666,2,2018,BASE+ALL
2019-07-22,4.264920468291565,8.187286376953125,5.44004734112346,19.022112446539836,9.228591658226996,9.138029967510771,,4.3937625,54.91721666666666,2,2018,BASE+ALL
2019-07-23,4.024912330819602,8.524888038635254,5.604497650271062,19.95891076973345,9.528302197364843,9.434621135423729,,4.0053875,54.91721666666666,2,2018,BASE+ALL
2019-07-24,4.5891947557578625,8.708719253540039,6.318611046776443,18.718142413777517,9.583666867462966,9.503648029546369,,4.681304166666666,54.91721666666666,2,2018,BASE+ALL
2019-07-25,4.473781370136215,8.708719253540039,6.189182983982303,17.559266410398635,9.232737504514297,9.162890523679655,,2.72705,54.91721666666666,2,2018,BASE+ALL
2019-07-26,4.456501463345976,6.205722808837891,5.852889173459211,18.457670102577737,8.743195887055204,8.642065529337,,4.112504166666667,54.91721666666666,2,2018,BASE+ALL
2019-07-27,4.24691813408822,5.799257278442383,5.852889173459211,16.561009776239814,8.115018590557407,8.028426319468156,,5.751929166666667,54.91721666666666,2,2018,BASE+ALL
2019-07-28,4.37992581533025,5.799257278442383,5.852889173459211,17.914614389895338,8.486671664281795,8.387314747230686,,3.659641666666667,54.91721666666666,2,2018,BASE+ALL
2019-07-29,4.740300083665624,5.799257278442383,5.852889173459211,17.72792580297498,8.53009308463555,8.430381595401034,,2.903216666666667,54.91721666666666,2,2018,BASE+ALL
2019-07-30,4.702522294536758,5.799257278442383,5.852889173459211,13.99236028617954,7.586757258154472,7.520433583741905,,2.8506541666666667,54.91721666666666,2,2018,BASE+ALL
2019-07-31,4.431742392499814,5.799257278442383,5.852889173459211,16.565777170998352,8.16241650384994,8.074749685848674,,3.6849166666666666,54.91721666666666,2,2018,BASE+ALL
2019-08-01,4.397164258558379,9.499602317810059,5.378567327010922,19.884665720363703,9.789999905935765,9.701902373052377,,5.04695,54.91721666666666,2,2018,BASE+ALL
2019-08-02,4.406141941665945,9.89730167388916,5.935730815795605,19.437469963838605,9.919161098797328,9.841680926492351,,4.4739375,54.91721666666666,2,2018,BASE+ALL
2019-08-03,4.570023753121024,6.220157623291016,5.852889173459211,15.975962364544806,8.154758228604013,8.07515825488146,,1.4431375,54.91721666666666,2,2018,BASE+ALL
2019-08-04,4.645560176963304,6.103588104248047,6.5047483848622765,17.193107967820225,8.611751158473464,8.523775479082541,,6.690908333333334,54.91721666666666,2,2018,BASE+ALL
2019-08-05,4.669187950409906,6.103588104248047,7.189214376269909,14.655341134108134,8.154332891259,8.09281005477709,,5.634570833333334,54.91721666666666,2,2018,BASE+ALL
2019-08-06,4.489414620608418,6.103588104248047,7.189214376269909,12.409898953236976,7.548029013590837,7.507452713855791,,4.293670833333333,54.91721666666666,2,2018,BASE+ALL
2019-08-07,4.270407914661256,6.588299751281738,8.331491693437973,13.455635910833198,8.161458817553541,8.123716996313462,,5.460404166666667,54.91721666666666,2,2018,BASE+ALL
2019-08-08,4.4700624939131695,7.484562873840332,8.467414909954288,16.314188602917632,9.184057220156355,9.128283520534154,,4.3430583333333335,54.91721666666666,2,2018,BASE+ALL
2019-08-09,6.727007061617319,7.508578777313232,8.467414909954288,9.588150156306328,8.072787726297792,8.064351147853895,,5.747604166666666,54.91721666666666,2,2018,BASE+ALL
2019-08-10,10.766840454158007,13.472478866577148,11.326530199589875,6.586717186476852,10.538141676700471,10.601721759069319,,8.301591666666667,54.91721666666666,2,2018,BASE+ALL
2019-08-11,6.924242330194106,8.5034761428833,9.96301863977474,11.83098862795219,9.305431435201085,9.293326029246622,,7.458470833333333,54.91721666666666,2,2018,BASE+ALL
2019-08-12,5.617500487304295,8.420178413391113,10.16642789402552,14.177871360195644,9.595494538729143,9.570333343834204,,7.8191625,54.91721666666666,2,2018,BASE+ALL
2019-08-13,5.281986227741376,9.129185676574707,10.16642789402552,15.529251262230549,10.026712765143039,9.99748878681442,,11.037429166666668,54.91721666666666,2,2018,BASE+ALL
2019-08-14,4.56075974947241,8.13645076751709,10.282381644537498,10.978741727228975,8.489583472188993,8.496994682184372,,4.20815,54.91721666666666,2,2018,BASE+ALL
2019-08-15,4.042460455441968,8.13645076751709,10.282381644537498,10.74643456880474,8.301931859075324,8.314300864892061,,5.6885375,54.91721666666666,2,2018,BASE+ALL
2019-08-16,4.225227367500317,8.420178413391113,10.34320631495527,11.45204599277051,8.610164522154301,8.618032852049978,,8.870291666666667,54.91721666666666,2,2018,BASE+ALL
2019-08-17,3.856044850859956,8.420178413391113,10.318651384075801,12.088564771262504,8.670859854897344,8.67499170420054,,1.822533333333333,54.91721666666666,2,2018,BASE+ALL
2019-08-18,4.14924286694293,8.420178413391113,10.318651384075801,10.349614580469348,8.3094218112198,8.32736041969998,,3.711225,54.91721666666666,2,2018,BASE+ALL
2019-08-19,4.229689234914664,7.235215187072754,8.317602423852085,10.145500992759882,7.482001959649846,7.4793381936079015,,5.5758875,54.91721666666666,2,2018,BASE+ALL
2019-08-20,4.4496674266449325,8.861174583435059,9.177202008315017,12.90371456576133,8.847939646039084,8.838541947191695,,1.7308416666666666,54.91721666666666,2,2018,BASE+ALL
2019-08-21,4.428396502794346,9.077407836914062,9.695017786717761,14.010682115173122,9.302876060399822,9.288676577574993,,-0.3601124999999999,54.91721666666666,2,2018,BASE+ALL
2019-08-22,4.707587000547674,8.11417293548584,7.693968826494047,13.909312825876492,8.606260397101014,8.57133295601488,,-4.319154166666666,54.91721666666666,2,2018,BASE+ALL
2019-08-23,4.777655934636715,11.699377059936523,8.226420358616634,14.282750671839498,9.746551006257341,9.741734202650637,,-5.7891875,54.91721666666666,2,2018,BASE+ALL
2019-08-24,4.787796552947814,12.623283386230469,9.962737378639973,12.97494570984587,10.087190756916032,10.112100073633691,,-6.6931,54.91721666666666,2,2018,BASE+ALL
2019-08-25,4.745704626521135,13.00567626953125,10.65940748041403,14.42105307173838,10.707960362051198,10.727650888708716,,-5.204954166666667,54.91721666666666,2,2018,BASE+ALL
2019-08-26,4.667951231991747,13.432757377624512,12.67219396181752,15.344338237238928,11.529310202168176,11.556786613493049,,-5.075591666666667,54.91721666666666,2,2018,BASE+ALL
2019-08-27,5.46230643638942,9.40215015411377,11.105563479735226,15.601738455528965,10.392939631441845,10.369951439890485,,1.1494666666666666,54.91721666666666,2,2018,BASE+ALL
2019-08-28,7.545749930698864,9.404112815856934,10.093826654192485,13.13226043681122,10.043987459389877,10.025332133240598,,4.7672875,54.91721666666666,2,2018,BASE+ALL
2019-08-29,5.589210458083136,7.20205020904541,7.693968826494047,11.698471278007403,8.0459251929075,8.01790616092687,,4.2124041666666665,54.91721666666666,2,2018,BASE+ALL
2019-08-30,4.796510404878114,7.574962139129639,9.177202008315017,10.789079219712988,8.084438443008938,8.080881044312559,,3.9421458333333335,54.91721666666666,2,2018,BASE+ALL
2019-08-31,5.4579558699789334,7.31195592880249,9.440087678422824,9.513321736059243,7.930830303315873,7.934213278783364,,6.4596625,54.91721666666666,2,2018,BASE+ALL
2019-09-01,5.813235645499726,6.973637104034424,9.440087678422824,11.391267717909887,8.404557036466716,8.386382874354062,,3.763541666666667,54.91721666666666,2,2018,BASE+ALL
2019-09-02,5.467071537986691,6.082452774047852,8.151948206590058,11.330094174036391,7.757891673165247,7.726955587316585,,4.578504166666667,54.91721666666666,2,2018,BASE+ALL
2019-09-03,5.217757672566233,6.125888824462891,7.977814739257209,10.370997801005563,7.423114759322974,7.401431355405327,,3.96295,54.91721666666666,2,2018,BASE+ALL
2019-09-04,6.821061187296032,7.155124187469482,8.604846610819093,5.838236555302103,7.104817135221678,7.126948157997275,,-2.4123625,54.91721666666666,2,2018,BASE+ALL
2019-09-05,5.874252886625096,6.692492961883545,8.745493479090332,9.028775275175484,7.585253650693614,7.581209760045242,,-6.056729166666667,54.91721666666666,2,2018,BASE+ALL
2019-09-06,5.331884231579819,6.692492961883545,8.745493479090332,8.176877111204263,7.236686945939489,7.243238073007582,,-4.445429166666667,54.91721666666666,2,2018,BASE+ALL
2019-09-07,5.215557786233596,6.692492961883545,8.745493479090332,12.480365812063242,8.28347750981768,8.252457543187429,,-4.15815,54.91721666666666,2,2018,BASE+ALL
2019-09-08,4.930134951928373,6.692492961883545,8.745493479090332,13.917372847830686,8.571373560183234,8.529185071871892,,-0.2180958333333333,54.91721666666666,2,2018,BASE+ALL
2019-09-09,17.425171741115136,21.88739585876465,15.843765075332614,12.324871904123006,16.87030114483385,16.944424609320425,,2.6314541666666664,54.91721666666666,2,2018,BASE+ALL
2019-09-10,7.463091615371705,8.907998085021973,7.997788324099343,11.095273253050449,8.866037819385868,8.849300946607547,,2.1952541666666665,54.91721666666666,2,2018,BASE+ALL
2019-09-11,7.814729422766208,9.285828590393066,7.202925666598199,5.244586905906703,7.3870176464160435,7.418812600179104,,4.053533333333333,54.91721666666666,2,2018,BASE+ALL
2019-09-12,6.617903356219195,8.142513275146484,7.349720109777699,8.475924892158535,7.646515408325478,7.64738253332893,,2.7376375,54.91721666666666,2,2018,BASE+ALL
2019-09-13,5.362935024960504,7.772833824157715,5.898734074435313,13.857359948904802,8.222965718114583,8.171307554811644,,4.9136125,54.91721666666666,2,2018,BASE+ALL
2019-09-14,5.4007556885896495,7.404092788696289,5.271702202873428,14.438016840427514,8.12864188014672,8.064754412334468,,1.0968666666666669,54.91721666666666,2,2018,BASE+ALL
2019-09-15,4.42289203733575,7.561926364898682,7.386994128071396,11.43975385657034,7.7028915967190414,7.6849480950597595,,3.097504166666667,54.91721666666666,2,2018,BASE+ALL
2019-09-16,3.814032103756008,7.599995136260986,8.745493479090332,11.208734210198946,7.842063732326569,7.8379284104902744,,5.239145833333334,54.91721666666666,2,2018,BASE+ALL
2019-09-17,4.7582287588350445,8.690110206604004,11.198174358705641,14.133002478129468,9.69487895056854,9.683323230613633,,6.218354166666667,54.91721666666666,2,2018,BASE+ALL
2019-09-18,5.2004913775708905,9.264244079589844,11.715990137108385,14.707757871919013,10.222120866547034,10.21096319258552,,4.224854166666667,54.91721666666666,2,2018,BASE+ALL
2019-09-19,4.519590028616024,8.415582656860352,10.340523568148456,14.458667160303149,9.433590853481995,9.413057223161156,,3.5535416666666664,54.91721666666666,2,2018,BASE+ALL
2019-09-20,4.011920043073115,7.599277973175049,9.263309257493075,10.219793531391757,7.773575201283249,7.7801726200560966,,4.323458333333334,54.91721666666666,2,2018,BASE+ALL
2019-09-21,3.689849839492448,7.509818077087402,10.198881428241185,8.627739021768516,7.506572091647388,7.5338728319738175,,5.242208333333333,54.91721666666666,2,2018,BASE+ALL
2019-09-22,4.7088705295714055,7.405802249908447,7.504516203311745,10.069932062261074,7.422280261263168,7.414264551021693,,7.277695833333333,54.91721666666666,2,2018,BASE+ALL
2019-09-23,4.361254854637027,5.919061660766602,6.755481623270096,8.696677591759139,6.433118932608215,6.422094269604598,,6.030774999999999,54.91721666666666,2,2018,BASE+ALL
2019-09-24,18.4471103700659,20.20688247680664,14.13497615480788,6.801880227892214,14.897712307393158,14.990702344389913,,6.37175,54.91721666666666,2,2018,BASE+ALL
2019-09-25,13.314748758440647,12.671158790588379,7.298191029485323,5.70123767379107,9.746334063076354,9.772881231195779,,3.6670625,54.91721666666666,2,2018,BASE+ALL
2019-09-26,9.02559847677215,4.974881649017334,4.4015166409247355,5.868964856650958,6.0677404058412945,6.033788031025232,,2.3128333333333333,54.91721666666666,2,2018,BASE+ALL
2019-09-27,10.865815098690973,7.601054668426514,5.064428118641902,4.411987330983612,6.98582130418575,6.9809169322577045,,3.0113416666666666,54.91721666666666,2,2018,BASE+ALL
2019-09-28,20.64477816744609,19.08504295349121,12.7755306565478,4.779283604933992,14.321158845604774,14.402205498254213,,3.3091791666666666,54.91721666666666,2,2018,BASE+ALL
2019-09-29,10.589815072160004,9.457054138183594,6.992094893996245,4.268214394035185,7.826794624593758,7.851981340761128,,4.1025833333333335,54.91721666666666,2,2018,BASE+ALL
2019-09-30,8.098475775544093,5.935734748840332,4.4015166409247355,9.106908976626034,6.8856590354837985,6.836347191484558,,6.375733333333333,54.91721666666666,2,2018,BASE+ALL
2019-10-01,7.100206358567293,5.886468410491943,4.074739717354876,9.290329073250335,6.587935889916112,6.540217043702331,,5.546145833333333,54.91721666666666,2,2018,BASE+ALL
2019-10-02,6.497122575045056,5.754122734069824,4.420335565176418,13.9581741137483,7.657438747009899,7.5725419588364815,,5.321583333333334,54.91721666666666,2,2018,BASE+ALL
2019-10-03,6.200120653968463,5.397552490234375,5.2153427141598865,8.836230571594367,6.412311607489273,6.376212271059901,,2.8302666666666667,54.91721666666666,2,2018,BASE+ALL
2019-10-04,15.606482653077384,15.024429321289062,14.316285824713804,3.354423539939073,12.07540533475483,12.171614005078592,,-0.1687625,54.91721666666666,2,2018,BASE+ALL
2019-10-05,8.031948776671525,6.079497814178467,6.9079896048475735,12.013302267873538,8.258184615892777,8.199477820561883,,3.4666791666666668,54.91721666666666,2,2018,BASE+ALL
2019-10-06,6.963271034422376,5.3853230476379395,5.22991302583328,8.569632269575756,6.537034844367338,6.499022724489979,,3.2179083333333334,54.91721666666666,2,2018,BASE+ALL
2019-10-07,8.205456164752684,7.805637359619141,8.172543289298392,9.905023979193723,8.522165198215985,8.503455780897587,,3.0678208333333337,54.91721666666666,2,2018,BASE+ALL
2019-10-08,7.882636622736164,6.306830406188965,7.175917983517217,7.142472393088161,7.126964351382627,7.115879533594337,,5.761454166666667,54.91721666666666,2,2018,BASE+ALL
2019-10-09,9.361823418919869,6.657573223114014,5.678160632721278,6.675561739450711,7.093279753551468,7.072227784228282,,8.21875,54.91721666666666,2,2018,BASE+ALL
2019-10-10,9.989268829292104,6.904710292816162,5.678160632721278,5.92478825195834,7.124232001696971,7.10845799175449,,6.839483333333334,54.91721666666666,2,2018,BASE+ALL
2019-10-11,28.62623743795479,27.876861572265625,27.41550784781188,5.6035098895221545,22.380529186888612,22.571434159258548,,8.916466666666667,54.91721666666666,2,2018,BASE+ALL
2019-10-12,21.2052408312115,20.80109214782715,28.76315305709608,13.747195496915456,21.129170383262544,21.236626807401525,,8.511183333333333,54.91721666666666,2,2018,BASE+ALL
2019-10-13,19.66238564709721,24.302249908447266,42.49416414967748,12.277350844680836,24.6840376374757,24.92428387627404,,10.486366666666669,54.91721666666666,2,2018,BASE+ALL
2019-10-14,15.63704797241706,18.466642379760742,28.855140794993158,15.359856934245016,19.579672020353993,19.684475793273158,,5.9949375,54.91721666666666,2,2018,BASE+ALL
2019-10-15,11.970734345511243,10.549936294555664,16.574328011076002,12.374933572445176,12.867483055897022,12.878951231521038,,4.9393375,54.91721666666666,2,2018,BASE+ALL
2019-10-16,10.353358533993125,9.602205276489258,10.075382534442765,10.925744369029232,10.239172678488595,10.226019888921641,,5.375341666666667,54.91721666666666,2,2018,BASE+ALL
2019-10-17,9.283960138076896,9.0701904296875,9.729786686621223,10.216107363334936,9.575011154430138,9.567539028837114,,5.976933333333334,54.91721666666666,2,2018,BASE+ALL
2019-10-18,16.524440965322285,14.838936805725098,13.952416024269528,6.060303258564893,12.84402426347045,12.907336693502803,,8.231220833333333,54.91721666666666,2,2018,BASE+ALL
2019-10-19,14.544903435519826,12.786460876464844,12.630125702776596,11.32505021323999,12.821635057000314,12.82386966812049,,7.970991666666666,54.91721666666666,2,2018,BASE+ALL
2019-10-20,11.514769696462393,10.06425952911377,9.498801385699121,13.988739552082771,11.266642540839515,11.220344543388844,,7.432320833333333,54.91721666666666,2,2018,BASE+ALL
2019-10-21,10.49666271999684,9.721879959106445,9.89913592247654,15.090670173973107,11.302087193888234,11.251125927020592,,6.611291666666666,54.91721666666666,2,2018,BASE+ALL
2019-10-22,9.913236021701458,9.223538398742676,7.893824298936354,15.853593623906242,10.721048085821682,10.65045225409015,,5.43115,54.91721666666666,2,2018,BASE+ALL
2019-10-23,9.679561504840414,9.149407386779785,7.62633644651027,16.042305348795047,10.624402671731378,10.551220488340073,,4.891895833333334,54.91721666666666,2,2018,BASE+ALL
2019-10-24,9.03254995451978,7.437324047088623,7.634045328923079,12.8532036954036,9.23928075648377,9.183434327127856,,6.223612500000001,54.91721666666666,2,2018,BASE+ALL
2019-10-25,19.605827544863363,17.331226348876953,14.812802581466384,5.025689048101755,14.193886380827113,14.275585932395218,,7.143562500000001,54.91721666666666,2,2018,BASE+ALL
2019-10-26,26.646418486089157,28.802013397216797,24.614220002906773,5.583929682416668,21.41164539215735,21.605136743160884,,6.8050291666666665,54.91721666666666,2,2018,BASE+ALL
2019-10-27,14.543395624437997,13.464570045471191,12.344673575987057,16.71549815751662,14.267034350853217,14.225516777522536,,4.593441666666666,54.91721666666666,2,2018,BASE+ALL
2019-10-28,10.956157713953404,9.169753074645996,9.438231618043378,16.18568338871745,11.437456448840056,11.36675590094139,,5.401283333333333,54.91721666666666,2,2018,BASE+ALL
2019-10-29,10.14971465632716,8.877245903015137,9.388273811989693,13.859875122976115,10.568777373577026,10.52043925638905,,7.8813125,54.91721666666666,2,2018,BASE+ALL
2019-10-30,22.97292096283742,25.849470138549805,21.738035882935275,13.680873964583672,21.060325237226543,21.160160073357304,,8.2284,54.91721666666666,2,2018,BASE+ALL
2019-10-31,18.2811296384414,17.678255081176758,16.115633062157222,15.44718770707166,16.88055137221176,16.8877623181348,,7.716266666666667,54.91721666666666,2,2018,BASE+ALL
2019-11-01,16.62686089219893,15.363128662109375,14.0557961910606,10.124468734273698,14.04256361991065,14.074304337693041,,8.604325000000001,54.91721666666666,2,2018,BASE+ALL
2019-11-02,35.22738004976888,48.81922149658203,33.99661853217315,2.4714578271712617,30.12866947642383,30.528587901197273,,9.807754166666667,54.91721666666666,2,2018,BASE+ALL
2019-11-03,21.478993430811855,27.79609489440918,21.382183745710147,10.489949796149329,20.28680546677013,20.437872983844272,,9.8795,54.91721666666666,2,2018,BASE+ALL
2019-11-04,15.478893025142936,17.951112747192383,16.818304117260286,13.654556154309482,15.975716510976271,16.020986269989606,,9.056391666666666,54.91721666666666,2,2018,BASE+ALL
2019-11-05,11.498530191679384,11.918184280395508,12.928276699817895,13.947944962855974,12.57323403368719,12.563521591294123,,9.8269625,54.91721666666666,2,2018,BASE+ALL
2019-11-06,11.030904565273222,10.691949844360352,11.185368085845777,15.757162698954478,12.166346298608456,12.122384120238753,,10.305091666666668,54.91721666666666,2,2018,BASE+ALL
2019-11-07,10.219118342828677,10.6747407913208,11.373685194643947,14.493019386876338,11.69014092891744,11.662905661397902,,9.263741666666666,54.91721666666666,2,2018,BASE+ALL
2019-11-08,9.856745506050448,9.82799243927002,9.965980929072051,17.103067556379575,11.688446607693024,11.624489279675707,,9.133466666666669,54.91721666666666,2,2018,BASE+ALL
2019-11-09,12.997519317393012,11.777565002441406,10.312588452672562,12.091067749312366,11.794685130454837,11.77642781764853,,12.387579166666669,54.91721666666666,2,2018,BASE+ALL
2019-11-10,10.42932277891529,9.385825157165527,8.957284904649494,15.212714776160484,10.9962869042227,10.936175390839075,,12.1869375,54.91721666666666,2,2018,BASE+ALL
2019-11-11,15.372989942795273,15.14224910736084,13.524849364609976,9.087105581600946,13.281798499091758,13.324726860335973,,13.467020833333336,54.91721666666666,2,2018,BASE+ALL
2019-11-12,12.457591631527732,9.856266021728516,8.957284904649494,9.74412241755308,10.253816243864705,10.234970282987012,,13.188904166666669,54.91721666666666,2,2018,BASE+ALL
2019-11-13,18.911059950084955,19.539644241333008,16.418134152848946,15.232695526095853,17.52538346759069,17.54869355199862,,13.688870833333333,54.91721666666666,2,2018,BASE+ALL
2019-11-14,23.837476490851557,22.022974014282227,19.032220980897005,17.34787519673581,20.56013667069165,20.57384521007966,,12.137625,54.91721666666666,2,2018,BASE+ALL
2019-11-15,16.462653966124083,12.085798263549805,12.1017434496858,15.872248647158198,14.130611081629471,14.072632724984228,,11.539775,54.91721666666666,2,2018,BASE+ALL
2019-11-16,12.944526344138056,10.522038459777832,10.026909259647612,17.827340240631646,12.830203576048785,12.748866776337763,,10.378279166666667,54.91721666666666,2,2018,BASE+ALL
2019-11-17,11.319603632548775,11.265137672424316,10.662134952402024,20.398815927170464,13.411423046136395,13.326435069715632,,7.7506625,54.91721666666666,2,2018,BASE+ALL
2019-11-18,10.766968295981032,10.625732421875,9.794644038950628,20.048723847348963,12.809017151038905,12.719626829928945,,10.803570833333334,54.91721666666666,2,2018,BASE+ALL
2019-11-19,10.689970488236922,9.147315979003906,9.41208431269103,16.3746146148976,11.405996348707365,11.334757929799112,,12.857383333333331,54.91721666666666,2,2018,BASE+ALL
2019-11-20,10.692120602041044,10.188362121582031,11.991235620233123,13.976546550158936,11.712066223503784,11.686265845615246,,12.504720833333332,54.91721666666666,2,2018,BASE+ALL
2019-11-21,25.51799692490262,27.08578872680664,25.052254311696935,19.073912302216133,24.18248806640558,24.250379420371345,,12.7075,54.91721666666666,2,2018,BASE+ALL
2019-11-22,27.56048078778447,22.0300350189209,21.483863530799155,18.73307737461838,22.451864178030725,22.447030629063462,,14.076158333333332,54.91721666666666,2,2018,BASE+ALL
2019-11-23,31.479163892644014,21.751962661743164,19.489620064007386,20.395626359900778,23.279093244573833,23.223441690351734,,13.088854166666666,54.91721666666666,2,2018,BASE+ALL
2019-11-24,19.886600943588494,14.20005989074707,14.836203930726128,19.916107441965423,17.209743051756778,17.130979084247954,,9.715108333333331,54.91721666666666,2,2018,BASE+ALL
2019-11-25,14.0931133926481,12.49341869354248,14.973541762766803,17.232412101188874,14.698121487536564,14.661759435676801,,10.175845833333334,54.91721666666666,2,2018,BASE+ALL
2019-11-26,17.188721313217602,17.541845321655273,19.40471433304661,13.63438659448554,16.942416890601255,16.990104310086267,,11.227516666666666,54.91721666666666,2,2018,BASE+ALL
2019-11-27,17.838948041180807,18.697383880615234,18.77604686843054,17.049692436450123,18.090517806669176,18.110410701344865,,11.3680125,54.91721666666666,2,2018,BASE+ALL
2019-11-28,13.935618441753089,14.507274627685547,14.953554078353624,19.332640197398216,15.68227183629762,15.645246753605305,,10.350808333333331,54.91721666666666,2,2018,BASE+ALL
2019-11-29,12.741641997363407,11.578665733337402,12.232395535063104,21.61352476152065,14.541557006821142,14.4498033455513,,9.1251,54.91721666666666,2,2018,BASE+ALL
2019-11-30,12.186869020095061,11.302694320678711,12.232395535063104,20.29472431658489,14.004170798105442,13.924867234107378,,8.2471375,54.91721666666666,2,2018,BASE+ALL
2019-12-01,11.585590504899827,11.550904273986816,12.492685177382484,21.4276755881975,14.264213886116657,14.181868258896586,,10.0044625,54.91721666666666,2,2018,BASE+ALL
2019-12-02,11.527488730012871,11.232751846313477,11.558908466624128,24.08125232797437,14.60010034273121,14.486270356383775,,7.851125,54.91721666666666,2,2018,BASE+ALL
2019-12-03,11.54498204214014,10.315062522888184,11.600193877256997,23.153734931168287,14.153493343363403,14.040196542849458,,7.852870833333333,54.91721666666666,2,2018,BASE+ALL
2019-12-04,11.45912557953999,10.718066215515137,10.706765332703425,23.51162701688649,14.09889603616126,13.981066583673583,,8.6809625,54.91721666666666,2,2018,BASE+ALL
2019-12-05,11.797691145800815,9.763677597045898,10.324205606443828,16.288113560738232,12.043421977507194,11.977430080152862,,9.317666666666666,54.91721666666666,2,2018,BASE+ALL
2019-12-06,23.688566367454474,26.522296905517578,27.790480595327747,4.475447326413599,20.61919779867835,20.83832571801394,,9.151508333333334,54.91721666666666,2,2018,BASE+ALL
2019-12-07,18.180613303344536,15.689652442932129,21.44295994523712,0.5611659715332373,13.968597915761755,14.123056692934357,,11.65565,54.91721666666666,2,2018,BASE+ALL
2019-12-08,34.567150712927216,38.783687591552734,50.3518510940684,0.6394011507357367,31.085522637321024,31.5162254720025,,17.891920833333334,54.91721666666666,2,2018,BASE+ALL
2019-12-09,22.81756818053439,25.892038345336914,32.006696818330084,-0.7556845796866187,19.990154691128694,20.280137570570954,,9.8891,54.91721666666666,2,2018,BASE+ALL
2019-12-10,34.23549921190147,29.594120025634766,46.72236098829416,10.770821581791877,30.330700451905567,30.57320413271251,,76.55583750000001,54.91721666666666,2,2018,BASE+ALL
2019-12-11,21.8251337031447,21.677806854248047,34.187863131294456,-1.9625314004716103,18.932068072053898,19.215152822722715,,21.636733333333336,54.91721666666666,2,2018,BASE+ALL
2019-12-12,35.20211917731181,28.286115646362305,55.37220275450342,1.9134091217846287,30.19346167499054,30.549173872320022,,23.89655,54.91721666666666,2,2018,BASE+ALL
2019-12-13,36.96330052978345,37.65713119506836,53.49257488310809,5.294364489961206,33.351842774480275,33.73674916334102,,35.23070416666666,54.91721666666666,2,2018,BASE+ALL
2019-12-14,36.49106249603655,38.25416946411133,46.48962147853029,8.58019240123264,32.4537614599777,32.775834303094435,,47.34299166666667,54.91721666666666,2,2018,BASE+ALL
2019-12-15,34.18344447834391,33.52579879760742,40.647348530782146,6.324905880733768,28.670374421866814,28.950379031674434,,56.63890833333334,54.91721666666666,2,2018,BASE+ALL
2019-12-16,16.64369666863953,18.25968360900879,20.281146135189015,4.424091962284914,14.902154593780564,15.046007467358692,,18.800075,54.91721666666666,2,2018,BASE+ALL
2018-12-17,36.72226924230642,30.759584426879883,27.122356835856166,41.59541427448352,34.0499061948815,33.89886867011125,12.59912940725,12.910041666666666,20.381275,4,2018,BASE+ALL
2018-12-18,56.795541326500185,56.46614074707031,58.917768133497404,42.17602139643953,53.588867900876856,53.728435791564294,,24.8342375,20.381275,4,2018,BASE+ALL
2018-12-19,41.14861564926792,41.14778137207031,37.32187204838697,42.4141905724633,40.50811491054713,40.474247069381946,,21.72625,20.381275,4,2018,BASE+ALL
2018-12-20,44.0998099183118,34.72576141357422,31.42789967064458,42.31587960942425,38.14233765298871,38.003080691108,,46.9004875,20.381275,4,2018,BASE+ALL
2018-12-21,66.53808764241305,56.87424087524414,76.74047677041014,47.33773632496983,61.87263540325929,62.020795304913555,,78.84383333333334,20.381275,4,2018,BASE+ALL
2018-12-22,45.560777523027845,39.49341583251953,39.02326257072282,45.171952986636576,42.31235222822669,42.22525503702404,,19.304541666666665,20.381275,4,2018,BASE+ALL
2018-12-23,45.2455386854655,39.43305206298828,35.48088330272128,45.0486597249503,41.30203344403134,41.19633563766192,,23.0039,20.381275,4,2018,BASE+ALL
2018-12-24,45.426885310261156,36.17737579345703,33.17601912786324,44.1711162313168,39.73784911572456,39.59745567684387,,30.39325,20.381275,4,2018,BASE+ALL
2018-12-25,46.22235881368631,34.530208587646484,31.425332575066648,42.26271594449722,38.61015398022417,38.45782706290671,,30.67190833333333,20.381275,4,2018,BASE+ALL
2018-12-26,42.4472082994706,32.62070083618164,28.875761127303665,41.59812641427575,36.38544916930791,36.22870139140171,,28.280579166666666,20.381275,4,2018,BASE+ALL
2018-12-27,40.23905989831109,30.687744140625,28.58989642538977,36.69716447971328,34.05346623600978,33.9343515299406,,40.0120375,20.381275,4,2018,BASE+ALL
2018-12-28,36.10981943691357,29.27077865600586,27.298867456345924,39.24934126479396,32.98220170351483,32.84372763311747,,38.96235833333333,20.381275,4,2018,BASE+ALL
2018-12-29,30.777440107055856,30.048316955566406,29.02737445891774,46.45134302866133,34.07611863755034,33.92033074448077,,11.240341666666666,20.381275,4,2018,BASE+ALL
2018-12-30,27.4262187631419,27.19869041442871,26.442276290182672,42.696676120713946,30.94096539711681,30.797580465960394,,16.560225,20.381275,4,2018,BASE+ALL
2018-12-31,28.882297077000086,26.039648056030273,24.838573610910775,44.878155117291385,31.15966846530813,30.969381821119484,,9.8926,20.381275,4,2018,BASE+ALL
2019-01-01,28.548045074679024,27.279626846313477,26.18361284005684,43.94466246733747,31.4889868070967,31.32741630017631,,19.56337083333333,20.381275,4,2018,BASE+ALL
2019-01-02,31.309576723381003,28.449176788330078,26.814246380869168,40.16299230292917,31.683998048877353,31.554324473551212,,30.676104166666665,20.381275,4,2018,BASE+ALL
2019-01-03,29.61213447416935,30.152162551879883,26.52431162217188,37.67155984963899,30.990042124465027,30.9048307321061,,28.22213333333333,20.381275,4,2018,BASE+ALL
2019-01-04,17.831385186113426,18.26629638671875,16.866523185035177,14.913395330889038,16.9694000221891,16.993332813786076,,10.9042,20.381275,4,2018,BASE+ALL
2019-01-05,16.18722902333521,13.838945388793945,14.19708195542736,17.325912004738043,15.38729209307364,15.345325484744851,,8.627804166666666,20.381275,4,2018,BASE+ALL
2019-01-06,15.345425418444236,11.33911418914795,12.736164735732151,20.74300915466877,15.040928374498277,14.943292998776162,,8.658729166666667,20.381275,4,2018,BASE+ALL
2019-01-07,16.217718048467656,14.14537525177002,19.66302271150909,22.641986192339346,18.167025551021528,18.112606627267102,25.94395420833333,15.466354166666669,20.381275,4,2018,BASE+ALL
2019-01-08,14.323906631575028,11.15419864654541,14.573116986163551,17.13227215100484,14.295873603822209,14.24528807193766,-0.484730150125,1.8302125,20.381275,4,2018,BASE+ALL
2019-01-09,13.973481547005736,12.175329208374023,11.432571287614953,14.074882406887696,12.914066112470602,12.882762613853172,2.300177352090909,3.423379166666667,20.381275,4,2018,BASE+ALL
2019-01-10,13.916689685607649,12.004243850708008,12.143928430961871,15.565626574420882,13.407622135424603,13.36613736159776,,5.1386416666666666,20.381275,4,2018,BASE+ALL
2019-01-11,13.310498764971813,8.790985107421875,12.359659628826954,17.57263402898848,13.00844438255228,12.92630618916507,-0.1900933796818184,1.4796541666666665,20.381275,4,2018,BASE+ALL
2019-01-12,16.439329636253838,12.842013359069824,17.917384212540036,23.6636139810846,17.715585297237073,17.629386286099322,3.0256560023750003,5.314279166666667,20.381275,4,2018,BASE+ALL
2019-01-13,23.1199228397987,20.462839126586914,23.70242627453379,27.688179663261653,23.743341976045265,23.683481877215122,,12.4072,20.381275,4,2018,BASE+ALL
2019-01-14,16.40707371789165,10.005742073059082,15.172470807957152,20.95873012671295,15.636004181405209,15.533518451671869,9.56419494975,8.745079166666667,20.381275,4,2018,BASE+ALL
2019-01-15,14.553705337139238,8.679777145385742,11.887673530288474,19.310600177193024,13.60793904750162,13.499680939445158,7.44389757,6.621641666666666,20.381275,4,2018,BASE+ALL
2019-01-16,14.923243087653741,9.250553131103516,11.667849402429708,21.233237306611706,14.268720731949667,14.144906751490844,0.177347849857143,12.8812,20.381275,4,2018,BASE+ALL
2019-01-17,14.0862454518182,9.530499458312988,12.204657901614976,15.876136354191155,12.92438479148433,12.858391626788315,-4.253739759416667,-1.8993,20.381275,4,2018,BASE+ALL
2019-01-18,19.08622254273789,15.345942497253418,15.299212742365524,17.88701118751809,16.904597242468732,16.86086420721978,-2.2452907405714284,5.2380708333333335,20.381275,4,2018,BASE+ALL
2019-01-19,16.020797501870437,10.739801406860352,11.432571287614953,14.811966034246058,13.25128405764795,13.189719589901205,16.136522844777776,7.824958333333334,20.381275,4,2018,BASE+ALL
2019-01-20,15.354677462770201,10.261414527893066,10.664770827241776,14.896301985544646,12.794291200862423,12.72706666545296,6.510454730333333,3.0779666666666667,20.381275,4,2018,BASE+ALL
2019-01-21,15.185518146156188,10.209407806396484,11.538415448132513,16.894043035318543,13.456846109000931,13.377543060173501,-2.1869854895,12.359845833333331,20.381275,4,2018,BASE+ALL
2019-01-22,15.581943043265314,11.188879013061523,10.713946828001058,19.19574426642712,14.170128287688753,14.071674783315544,2.8975201068846155,3.6342375,20.381275,4,2018,BASE+ALL
2019-01-23,14.317265728410494,9.906147956848145,11.010815929431997,16.02965845075435,12.815972016361247,12.743481757248828,-1.513747622875,1.4882291666666667,20.381275,4,2018,BASE+ALL
2019-01-24,13.596906145073143,9.321070671081543,10.365758013507797,19.90774331810461,13.297869536941771,13.186141375901567,2.842862045,8.411791666666668,20.381275,4,2018,BASE+ALL
2019-01-25,14.966087925291166,11.742759704589844,13.532257273303815,22.51710579691015,15.689552675023744,15.586438494558813,10.93934846955,12.719529166666668,20.381275,4,2018,BASE+ALL
2019-01-26,22.91290976847875,27.653017044067383,28.489665152847124,25.69658826622508,26.188045057904585,26.236838915460115,10.326590336,14.268283333333336,20.381275,4,2018,BASE+ALL
2019-01-27,23.907136370356977,28.30135154724121,25.794004926023643,23.577170923325976,25.394915941736954,25.446592342849506,-0.3477746532666667,27.5500125,20.381275,4,2018,BASE+ALL
2019-01-28,17.99133977073599,15.877098083496094,17.01745907133706,16.9433596290951,16.95731413866606,16.942777611947502,0.0669751045384615,0.6262249999999999,20.381275,4,2018,BASE+ALL
2019-01-29,17.234833927623864,12.960957527160645,15.824827884620465,18.75733751458429,16.194489213497317,16.13606979937776,-1.7356017236666663,1.4912916666666665,20.381275,4,2018,BASE+ALL
2019-01-30,19.013658020851604,15.527623176574707,15.279153921647957,15.667533489442622,16.371992152129224,16.34981200730642,2.967869613166666,4.2711875,20.381275,4,2018,BASE+ALL
2019-01-31,19.366165049141838,15.374146461486816,15.50032305218258,17.072431848724314,16.828266602883886,16.79163479172117,9.477182058583336,38.464445833333336,20.381275,4,2018,BASE+ALL
2019-02-01,19.595081872651097,17.480745315551758,21.052752894113155,18.76279220866889,19.222843072746223,19.220763536428883,8.079217333277777,8.322166666666666,20.381275,4,2018,BASE+ALL
2019-02-02,17.57744172663454,14.767414093017578,15.565831050953477,14.917467810863975,15.707038670367393,15.694732170403698,-1.6432396145,0.6792124999999999,20.381275,4,2018,BASE+ALL
2019-02-03,17.742536239328707,15.876091957092285,15.20231151197623,15.94696559981434,16.19197632705289,16.176940300247885,-0.5753792056818181,-0.2600791666666667,20.381275,4,2018,BASE+ALL
2019-02-04,19.009902018014635,15.902865409851074,15.087694426985895,21.889634267990623,17.97252403071056,17.897182670851986,9.5867845201875,12.0834125,20.381275,4,2018,BASE+ALL
2019-02-05,17.92341640487528,15.723318099975586,15.37675624751503,19.98431772339825,17.251952118941038,17.19977302086395,,7.290816666666667,20.381275,4,2018,BASE+ALL
2019-02-06,16.48698480225036,15.04854965209961,14.761843759897067,18.3755677291624,16.168236485852358,16.128959952815745,2.72120719215,3.1767708333333338,20.381275,4,2018,BASE+ALL
2019-02-07,22.431265453922933,23.215614318847656,21.63912388779886,23.87009268484931,22.78902408635469,22.778272897486215,,35.86492916666666,20.381275,4,2018,BASE+ALL
2019-02-08,31.812525492758887,41.76879119873047,36.124451527891964,27.94730214341072,34.413267590698005,34.55825978402692,,22.22845,20.381275,4,2018,BASE+ALL
2019-02-09,21.173993736569628,24.718271255493164,25.910961574527416,24.53971534690181,24.085735478373007,24.11416561434572,,19.51682083333333,20.381275,4,2018,BASE+ALL
2019-02-10,25.66365327218205,25.439517974853516,29.0923056185986,22.131714547938447,25.58179785339315,25.63151624525115,,33.71959583333334,20.381275,4,2018,BASE+ALL
2019-02-11,16.150675562071534,18.065372467041016,19.795370930066902,20.720677167982775,18.683024031790556,18.680360949360228,,8.304533333333334,20.381275,4,2018,BASE+ALL
2019-02-12,15.13194796594495,15.250669479370117,14.36772200969321,20.870360267183205,16.40517493054787,16.350708280902097,,13.120816666666665,20.381275,4,2018,BASE+ALL
2019-02-13,16.0144171833603,14.34862232208252,13.88992340412097,20.17825212917223,16.107803759684003,16.044014231377318,,9.617145833333334,20.381275,4,2018,BASE+ALL
2019-02-14,14.679979273012002,13.694178581237793,13.776804621434126,17.747030147579828,14.974498155815937,14.933486319502066,,11.348608333333331,20.381275,4,2018,BASE+ALL
2019-02-15,15.143774197547788,13.689499855041504,11.847223869225084,19.33483199748534,15.00383247982493,14.93468244102121,,15.236179166666666,20.381275,4,2018,BASE+ALL
2019-02-16,15.944666492194244,13.314406394958496,12.598473436060972,24.60908762028824,16.616658485875487,16.49742506042125,,11.103108333333331,20.381275,4,2018,BASE+ALL
2019-02-17,18.292934358445265,16.307571411132812,15.822837366223055,25.79613339634247,19.0548691330359,18.956644755821593,,12.182308333333332,20.381275,4,2018,BASE+ALL
2019-02-18,16.036200076194444,11.771642684936523,10.085762582332922,22.95561647205984,15.212305453880933,15.079194474380934,,14.036245833333334,20.381275,4,2018,BASE+ALL
2019-02-19,16.054440832154757,11.323616981506348,10.499586111376836,22.35599827663563,15.058410550418394,14.929136487222895,,19.563570833333333,20.381275,4,2018,BASE+ALL
2019-02-20,16.954373164514365,12.150053977966309,12.101877868995297,25.48237700167468,16.672170503287663,16.5266456589206,,16.9978625,20.381275,4,2018,BASE+ALL
2019-02-21,18.04572869390721,11.09265422821045,9.667122864632882,21.8462548876751,15.162940168606411,15.020175633666103,0.912315670285714,11.099520833333337,20.381275,4,2018,BASE+ALL
2019-02-22,16.966493825862294,10.627053260803223,9.585919033854955,16.98883329812786,13.542074854662083,13.444014853856864,,5.248283333333334,20.381275,4,2018,BASE+ALL
2019-02-23,15.443827643891147,10.725971221923828,11.474442328449289,16.830575075560777,13.61870406745626,13.542563095498886,,14.356966666666668,20.381275,4,2018,BASE+ALL
2019-02-24,16.283700004646757,10.188305854797363,9.358732942783845,17.134793453378386,13.241383063901589,13.14074360952381,,16.967916666666667,20.381275,4,2018,BASE+ALL
2019-02-25,15.896649209076543,11.712553977966309,10.258643774942263,19.171576703257816,14.259855916310734,14.161648088340938,,38.779091666666666,20.381275,4,2018,BASE+ALL
2019-02-26,15.945764248101817,11.222006797790527,10.302860832675675,20.29043988346516,14.440267940508296,14.327913591020556,25.364791906000004,25.86589583333333,20.381275,4,2018,BASE+ALL
2019-02-27,15.412818087649162,10.589662551879883,8.60726689309326,17.481291403552504,13.022759734043703,12.922898111851243,,33.83728333333333,20.381275,4,2018,BASE+ALL
2019-02-28,18.528516098867712,12.650216102600098,12.767397571707466,21.61116371056908,16.38932337093609,16.277601703751714,,37.945975,20.381275,4,2018,BASE+ALL
2019-03-01,16.553867526813985,9.919081687927246,8.965093455987468,18.654517882290985,13.52314013825492,13.402864581313509,42.951241716666665,35.73625833333333,20.381275,4,2018,BASE+ALL
2019-03-02,18.909910813673317,12.04800796508789,10.726064748620558,21.67131920153592,15.838825682229423,15.70722114052364,,73.1446875,20.381275,4,2018,BASE+ALL
2019-03-03,24.732957039378803,19.077789306640625,14.281672693321608,22.88587408551405,20.24457328121377,20.150818540752248,,67.68511666666667,20.381275,4,2018,BASE+ALL
2019-03-04,21.644496703978195,15.064892768859863,14.55527060938209,19.22155383170385,17.621553478480998,17.544878510461793,,28.283058333333333,20.381275,4,2018,BASE+ALL
2019-03-05,28.77462684694442,25.949628829956055,20.83747574047196,19.862519208409434,23.85606265644547,23.86412828329864,36.40574291666667,35.311308333333336,20.381275,4,2018,BASE+ALL
2019-03-06,25.27993633512646,26.027299880981445,19.243903233405145,22.88378185770716,23.358730326805055,23.350724748390107,,42.67247916666667,20.381275,4,2018,BASE+ALL
2019-03-07,27.404427983469617,27.2730655670166,25.67217040218287,20.7367862536066,25.27161255156892,25.31946661454823,14.81816956095,21.2483875,20.381275,4,2018,BASE+ALL
2019-03-08,18.241437821593244,16.80284309387207,17.92796970183285,17.591779152649526,17.641007442486924,17.632617235906352,0.4378419755714287,16.1122875,20.381275,4,2018,BASE+ALL
2019-03-09,19.647038385994176,15.830789566040039,20.00167883877407,19.140105156851707,18.654902986914998,18.628853867344894,52.98481187486364,66.02399166666667,20.381275,4,2018,BASE+ALL
2019-03-10,28.75850646012398,29.278488159179688,30.33452175363007,22.72820221795516,27.774929647722225,27.842251408066815,60.6633111084,49.30878333333333,20.381275,4,2018,BASE+ALL
2019-03-11,20.223116140725192,21.48898696899414,23.810409481127593,20.530641186289987,21.51328844428423,21.54259189826499,16.54156112247222,15.3006625,20.381275,4,2018,BASE+ALL
2019-03-12,31.582308838402994,34.794532775878906,32.90126137981855,21.4719955869545,30.187524645263736,30.31259473690134,12.242318335,25.647179166666664,20.381275,4,2018,BASE+ALL
2019-03-13,30.14413858560034,34.969242095947266,30.23706046279575,24.4975651818864,29.96200158155744,30.053978408692437,25.437462346,65.46767916666667,20.381275,4,2018,BASE+ALL
2019-03-14,25.08624536961674,35.07217788696289,28.054528555779527,23.70148733179873,27.978609786039474,28.093883356333823,,45.46265416666666,20.381275,4,2018,BASE+ALL
2019-03-15,23.584831210453057,32.51787567138672,27.135197617704595,23.148865148749284,26.596692412073413,26.697972876893676,,66.095275,20.381275,4,2018,BASE+ALL
2019-03-16,30.358875660949916,39.515342712402344,34.907819053665335,22.163934217423225,31.736492911110204,31.914497652826242,16.612317314833334,19.73208333333333,20.381275,4,2018,BASE+ALL
2019-03-17,21.76302331432551,25.08677864074707,22.722362590589476,18.225132215080723,21.949324190185692,22.01485074704175,-1.6154670274999998,-0.5094208333333333,20.381275,4,2018,BASE+ALL
2019-03-18,15.831064616069035,17.703033447265625,15.7655888158323,15.721037362711902,16.255181060469717,16.27178576155944,0.1265784687777776,2.6192166666666665,20.381275,4,2018,BASE+ALL
2019-03-19,13.830055931196107,16.484907150268555,13.033279087323363,14.740508458765849,14.52218765688847,14.532103751484895,4.473148977861111,4.3439000000000005,20.381275,4,2018,BASE+ALL
2019-03-20,13.069808826882328,14.724660873413086,13.658840068596183,12.33373426842183,13.446761009328357,13.470937363857967,1.5923010444642856,1.7977083333333332,20.381275,4,2018,BASE+ALL
2019-03-21,12.987965122142366,13.146255493164062,12.035257275352503,13.642179060089084,12.952914237687004,12.942826442399168,2.5259857272,2.0582541666666665,20.381275,4,2018,BASE+ALL
2019-03-22,13.272518640137697,12.07137393951416,11.306935709187817,16.005131161973775,13.163989862703364,13.117825913006115,0.7015913713333334,1.3330499999999998,20.381275,4,2018,BASE+ALL
2019-03-23,13.194983283959576,13.496466636657715,13.1053583068356,14.142583315962485,13.484847885853844,13.478481301284798,7.618303166678571,5.589416666666668,20.381275,4,2018,BASE+ALL
2019-03-24,12.70712738847666,11.833687782287598,10.688404251942139,11.319866886269269,11.637271577243915,11.630186996698537,-33.659857109,-24.358279166666662,20.381275,4,2018,BASE+ALL
2019-03-25,12.736024238737263,11.726842880249023,9.691427685864603,14.741408881211642,12.223925921515633,12.17948468250941,4.758764875214285,6.477429166666667,20.381275,4,2018,BASE+ALL
2019-03-26,12.214315012870056,11.086073875427246,8.982790734922485,10.366589637980267,10.662442315300014,10.650098345397321,-1.4226325105499995,2.446445833333333,20.381275,4,2018,BASE+ALL
2019-03-27,12.111793172929827,8.538796424865723,8.303735794642758,10.17391043145246,9.782058955972692,9.746192992976875,7.5153516475,9.0621,20.381275,4,2018,BASE+ALL
2019-03-28,12.133281779044427,7.557413101196289,8.180513213388165,9.627271276023764,9.37461984241316,9.334364703207372,13.3852812571,12.722908333333336,20.381275,4,2018,BASE+ALL
2019-03-29,12.636561043475295,8.126483917236328,8.404217181617119,8.533301287944909,9.425140857568413,9.397981646991493,7.798847667363637,8.257875,20.381275,4,2018,BASE+ALL
2019-03-30,12.322624495885073,7.526007652282715,7.735155309018607,8.831011381457257,9.103699709660914,9.066557708691372,10.528909560807692,8.775491666666666,20.381275,4,2018,BASE+ALL
2019-03-31,13.242040833184905,8.30928897857666,7.572402126573368,12.228810433487787,10.33813559295568,10.271420667882367,26.592037895,24.879625,20.381275,4,2018,BASE+ALL
2019-04-01,13.554354844438523,8.546256065368652,7.294126891599217,19.317984670750896,12.17818061803932,12.047142395379135,4.631114405888889,14.053879166666666,20.381275,4,2018,BASE+ALL
2019-04-02,25.697100422705397,16.89703369140625,13.418862293835861,37.52304295535688,23.384009840826096,23.13111639995259,4.330518542181818,8.106629166666666,20.381275,4,2018,BASE+ALL
2019-04-03,29.594760906552008,18.545700073242188,14.939254266468394,35.45052365546217,24.632559725431193,24.399396971786523,22.02631246725,15.338991666666669,20.381275,4,2018,BASE+ALL
2019-04-04,36.26193429793012,24.349233627319336,17.46018703657709,35.527977451593024,28.399833103354894,28.193298210593966,14.891776915181817,26.782645833333333,20.381275,4,2018,BASE+ALL
2019-04-05,39.885663459974765,34.649017333984375,24.202571967989552,38.54084500455647,34.31952444162629,34.19396300733817,,66.89670416666667,20.381275,4,2018,BASE+ALL
2019-04-06,38.38934251855382,29.49114227294922,23.206544548352287,36.102101943990014,31.797282820961335,31.65172438074317,,26.65085,20.381275,4,2018,BASE+ALL
2019-04-07,36.17980749126828,26.30617904663086,22.260130301393712,36.11954967277263,30.21641662801637,30.05020145543845,34.731818688733334,28.38921666666667,20.381275,4,2018,BASE+ALL
2019-04-08,35.00610618216153,24.330394744873047,22.260130301393712,35.54541853523091,29.2855124409148,29.114048520705502,-39.3348389423,-16.033641666666668,20.381275,4,2018,BASE+ALL
2019-04-09,32.98483515873538,23.484344482421875,21.092610061804137,35.94800398304157,28.37744842150074,28.19955803305067,23.983539879214284,18.42725833333333,20.381275,4,2018,BASE+ALL
2019-04-10,33.47936576506815,22.077579498291016,22.010864231446966,34.4082463140337,27.99401395220996,27.820430052437878,8.248277295214288,18.871470833333333,20.381275,4,2018,BASE+ALL
2019-04-11,33.33520234162853,23.848875045776367,23.920436211454298,30.82914588553497,27.983414871098542,27.86886449783323,24.63105795383333,21.1517875,20.381275,4,2018,BASE+ALL
2019-04-12,33.32096308057409,24.384855270385742,24.90492880400238,31.959942333426515,28.64267237209718,28.528563349773396,8.565198824833335,18.553854166666667,20.381275,4,2018,BASE+ALL
2019-04-13,33.29539267104473,25.542089462280273,26.08789857661469,34.99678136680018,29.98054051918497,29.85649593681363,12.4832729428,24.099666666666668,20.381275,4,2018,BASE+ALL
2019-04-14,33.14520359612873,25.8984317779541,25.87291158409826,38.590707231427054,30.876813547402037,30.723466504853974,7.1526487198125,49.335275,20.381275,4,2018,BASE+ALL
2019-04-15,33.23420477389697,26.87937355041504,27.155099936744758,39.59450896186744,31.715796805731053,31.569008776695036,9.834740997625,13.1090125,20.381275,4,2018,BASE+ALL
2019-04-16,32.24951473092066,23.95454978942871,23.303015332118246,33.65466983617818,28.290437422161446,28.154110283334372,20.21070363690909,21.9068875,20.381275,4,2018,BASE+ALL
2019-04-17,32.91174551543512,24.645721435546875,23.21350963890241,33.18370099372607,28.48866939590262,28.35821050172476,82.5342418204375,43.45132083333333,20.381275,4,2018,BASE+ALL
2019-04-18,34.31847859416214,26.466012954711914,27.28042655733584,36.99997562808675,31.26622343357416,31.133627455345003,-18.51974231170833,-13.774458333333335,20.381275,4,2018,BASE+ALL
2019-04-19,34.52474192275193,28.7039737701416,31.814310828969546,33.53943923897803,32.145616440210276,32.08854907650312,-22.70568841755,-12.020833333333334,20.381275,4,2018,BASE+ALL
2019-04-20,34.802248308467135,31.472126007080078,29.976313867431145,31.65511754695328,31.97645143248291,31.947386097689424,-0.5264093548181822,-1.0953583333333323,20.381275,4,2018,BASE+ALL
2019-04-21,34.93762281651879,32.19001388549805,29.009466345902116,32.46385700329715,32.150240012804026,32.11366218165078,-5.021050526142857,5.579787499999999,20.381275,4,2018,BASE+ALL
2019-04-22,35.174908429903155,30.64607810974121,31.124956654940895,35.22560618387164,33.04288734461422,32.97975314480455,56.87728091246429,41.59005416666667,20.381275,4,2018,BASE+ALL
2019-04-23,35.42449984270584,30.810039520263672,32.26423425376608,36.83325055360247,33.833006042584515,33.76233707780124,99.27374102258334,42.66187916666667,20.381275,4,2018,BASE+ALL
2019-04-24,32.59304277630214,28.98343276977539,29.381470665955217,35.88161503548614,31.709890311879725,31.63081914497819,-4.2142291324375,19.57415,20.381275,4,2018,BASE+ALL
2019-04-25,33.40532782081747,28.671804428100586,29.25335681501501,34.624415293784175,31.488726089429314,31.412860829974782,-3.011372269266666,5.2416833333333335,20.381275,4,2018,BASE+ALL
2019-04-26,36.103517231445466,29.9566593170166,30.649670490912627,37.18078673902868,33.472658444600846,33.37826608192093,-2.783586438142857,-0.2810958333333333,20.381275,4,2018,BASE+ALL
2019-04-27,55.78887896701516,53.9371223449707,79.12001871782638,38.95238618811524,56.94960155448187,57.2212059219518,9.9857550495625,50.53338333333334,20.381275,4,2018,BASE+ALL
2019-04-28,36.594748612981775,37.93693542480469,35.60386083489603,34.19573076330999,36.08281890899812,36.10975036378042,3.0910092883333333,10.405858333333333,20.381275,4,2018,BASE+ALL
2019-04-29,33.311196209695275,28.339229583740234,29.93266686801116,33.69907277908663,31.320541360133326,31.254590483973878,,12.100579166666668,20.381275,4,2018,BASE+ALL
2019-04-30,32.6600194591137,26.85450553894043,29.012443769647902,31.981475908337817,30.12711116900996,30.06191020910999,20.5198513957,20.7944,20.381275,4,2018,BASE+ALL
2019-05-01,32.32736303607646,23.428701400756836,26.98091343202256,33.161643822409296,28.97465542281629,28.85951449902388,10.957485762888888,8.830191666666666,20.381275,4,2018,BASE+ALL
2019-05-02,31.244881949526896,21.086509704589844,22.56174381085369,35.585595508824866,27.619682743448827,27.442899382212843,12.921350028,9.765441666666666,20.381275,4,2018,BASE+ALL
2019-05-03,30.96639785906683,20.39201545715332,21.072926572073687,32.03300863182713,26.11608713003024,25.957668720096137,8.805057962374999,8.644891666666666,20.381275,4,2018,BASE+ALL
2019-05-04,32.37711765887427,24.685543060302734,23.892862895417338,31.1511592322917,28.02667071172151,27.92160577715925,2.5269897731333333,7.754233333333333,20.381275,4,2018,BASE+ALL
2019-05-05,32.93153971699034,23.798412322998047,24.5204171038933,29.051919624260773,27.57557219203562,27.482175257051892,2.1638142428750005,9.928483333333332,20.381275,4,2018,BASE+ALL
2019-05-06,32.60656730882114,25.11529541015625,25.281078814168005,29.056542587808327,28.014871030238428,27.939010212481456,12.223406517066667,10.490816666666667,20.381275,4,2018,BASE+ALL
2019-05-07,17.967902579224397,15.353691101074219,15.043269008798498,19.25861977861438,16.905870616927874,16.85475479822267,0.10083430005,2.7574416666666663,20.381275,4,2018,BASE+ALL
2019-05-08,28.75565568004141,28.21942710876465,24.758459486179554,30.713265628593565,28.111701975894793,28.066100095453862,,7.246233333333333,20.381275,4,2018,BASE+ALL
2019-05-09,19.018333382199486,17.574081420898438,18.46841920905487,27.75089545370187,20.702932366463667,20.609769371822743,13.866332050428571,10.9006125,20.381275,4,2018,BASE+ALL
2019-05-10,15.687105465004723,13.729464530944824,14.284850574834014,24.08561817963383,16.94675968760435,16.84713312680147,,4.110133333333334,20.381275,4,2018,BASE+ALL
2019-05-11,14.668149461485294,12.137567520141602,12.262540860091832,22.361631353492637,15.35747229880284,15.25327485164279,18.8886926664,10.576154166666669,20.381275,4,2018,BASE+ALL
2019-05-12,15.714025780237328,13.403647422790527,13.035664480207089,22.34251065698088,16.123962085053957,16.029494765761626,0.2049742639999999,-4.1261125000000005,20.381275,4,2018,BASE+ALL
2019-05-13,16.063280964698567,13.356826782226562,13.89718452778854,22.845227098600773,16.54062984332861,16.444439290493968,-44.7445025684,-16.889991666666667,20.381275,4,2018,BASE+ALL
2019-05-14,15.591309563904352,12.909242630004883,14.940041654907233,22.353192708604656,16.448446639355282,16.36159737962114,-5.578743233884615,4.013933333333334,20.381275,4,2018,BASE+ALL
2019-05-15,16.00357403686664,13.213854789733887,14.940041654907233,22.76474320295188,16.73055342111491,16.640352561437307,7.470594446633333,3.2335583333333333,20.381275,4,2018,BASE+ALL
2019-05-16,15.636181822030228,12.02514362335205,15.36455345374438,24.49325368506118,16.87978314604696,16.768622650651473,1.1851911108846152,1.3359791666666665,20.381275,4,2018,BASE+ALL
2019-05-17,13.497715179496812,10.884346961975098,11.473055637131663,23.5158918278662,14.842752401617442,14.719452187217028,-1.283951328777778,-2.058570833333333,20.381275,4,2018,BASE+ALL
2019-05-18,13.347870279312296,10.952264785766602,12.544596253540629,24.812806425251733,15.414384435967815,15.287317871278802,1.2480776599500003,2.419504166666667,20.381275,4,2018,BASE+ALL
2019-05-19,13.243875453177637,9.459081649780273,11.953124300842566,23.052899986054182,14.427245347463664,14.300119516056965,11.103485866428572,11.482016666666668,20.381275,4,2018,BASE+ALL
2019-05-20,12.203721409635094,8.274462699890137,10.297267936644674,22.83547106271724,13.402730777221786,13.263422608279695,6.705471163583333,6.9779125,20.381275,4,2018,BASE+ALL
2019-05-21,12.227434916823935,8.684226989746094,10.914971627452424,21.12889530204717,13.238882209017405,13.121755168813888,10.671867335791667,9.6003625,20.381275,4,2018,BASE+ALL
2019-05-22,10.24018938822908,3.7207155227661133,10.642071344039747,18.720478270611483,10.830863631411606,10.702149289138724,14.146219867666668,12.47605,20.381275,4,2018,BASE+ALL
2019-05-23,9.530456915388031,7.59494161605835,8.350993237747929,20.924184280872847,11.60014401251679,11.475422176859492,1.9526255774,5.418220833333333,20.381275,4,2018,BASE+ALL
2019-05-24,9.371938846843234,6.313004970550537,7.389219907087792,24.868776011079813,11.985734933890345,11.810213002887622,6.149080174343751,6.661241666666666,20.381275,4,2018,BASE+ALL
2019-05-25,9.335717308110944,6.905842304229736,10.691813429432381,23.29689985224063,12.557568223503424,12.420802967945061,4.520971762714286,6.610041666666667,20.381275,4,2018,BASE+ALL
2019-05-26,10.63917584505987,7.389945983886719,11.175929283533739,26.468058090878756,13.91827730083977,13.753071536808406,11.152516343555556,10.040395833333331,20.381275,4,2018,BASE+ALL
2019-05-27,10.209242153918629,6.78492546081543,8.323946807803623,26.389974349876077,12.92702219310344,12.742876425817169,8.229655979611112,7.954658333333334,20.381275,4,2018,BASE+ALL
2019-05-28,9.969394312505996,7.748809814453125,10.109135105962622,23.55108849979217,12.84460693317848,12.705812371171497,8.856192226153846,7.724679166666667,20.381275,4,2018,BASE+ALL
2019-05-29,9.596650219279885,6.361098289489746,9.550066167473403,25.70631182860468,12.803531626211928,12.632500945609712,19.09407845189286,15.0350125,20.381275,4,2018,BASE+ALL
2019-05-30,10.175430955257559,5.980635166168213,9.945826677542728,27.76649648223244,13.467097320300235,13.273621654413557,6.080632656058824,5.971141666666667,20.381275,4,2018,BASE+ALL
2019-05-31,9.915808408607127,7.064230442047119,7.723243156279594,23.456192511391677,12.03986862958138,11.882256094364763,-0.7900288047142857,1.0052375,20.381275,4,2018,BASE+ALL
2019-06-01,10.17917602379723,7.370567798614502,7.67360200585446,20.204812049292023,11.357039469389555,11.229159953661469,2.5241053956499995,1.5114041666666669,20.381275,4,2018,BASE+ALL
2019-06-02,9.81211777555325,6.252531051635742,7.065708875541444,26.69514046413521,12.45637454171641,12.259744041093544,-0.8742577354411767,0.1082958333333335,20.381275,4,2018,BASE+ALL
2019-06-03,9.328109161215927,5.6304192543029785,5.521974623753395,23.608018685090304,11.022130431090652,10.841173340270055,8.3433222254375,7.566579166666667,20.381275,4,2018,BASE+ALL
2019-06-04,9.617442305450167,6.701732635498047,6.572234838847315,24.351087807302594,11.810624396774532,11.636825306830172,0.2072726434444446,3.8395541666666655,20.381275,4,2018,BASE+ALL
2019-06-05,9.816082544452135,5.166470050811768,6.507721451144025,22.34039883432328,10.957668220182802,10.787101971704935,1.1714220155,1.9100416666666664,20.381275,4,2018,BASE+ALL
2019-06-06,9.957098660053246,7.072878360748291,7.030005681452248,18.97386235131451,10.758461263392075,10.636403343073988,0.3390861156923081,4.592054166666666,20.381275,4,2018,BASE+ALL
2019-06-07,18.498090307745507,24.687541961669922,18.639484071469383,24.554429895422366,21.594886559076794,21.594884241646724,,11.2418125,20.381275,4,2018,BASE+ALL
2019-06-08,13.947957985019638,11.769580841064453,15.294705197786858,24.03326993508273,16.26137848973842,16.16113244695124,9.03807229840909,14.480729166666668,20.381275,4,2018,BASE+ALL
2019-06-09,11.227007279566093,6.7311930656433105,7.2860180666875545,19.47391795664732,11.17953409213607,11.044533076663075,-6.00914680375,-3.011875,20.381275,4,2018,BASE+ALL
2019-06-10,11.548274105804486,9.905649185180664,9.928414069560237,19.041000882288284,12.605834560708418,12.515661222020185,14.87768145911111,8.246933333333333,20.381275,4,2018,BASE+ALL
2019-06-11,13.7199247032952,11.437577247619629,12.445541351572752,23.996331087174344,15.39984359741548,15.2815168575033,13.6389534853125,11.318070833333332,20.381275,4,2018,BASE+ALL
2019-06-12,10.62503082106871,6.571491718292236,8.070169803491728,23.24977860486052,12.1291177369283,11.96721298546537,3.01823639925,5.2795125,20.381275,4,2018,BASE+ALL
2019-06-13,12.80654568809995,9.941116333007812,8.152399021894677,22.98661059572283,13.471667909681319,13.329230084851151,,3.8333208333333335,20.381275,4,2018,BASE+ALL
2019-06-14,11.039554720941348,6.343631744384766,8.446550320966502,23.464932129241983,12.32366722888365,12.157812134279359,-23.39927264180769,-14.268083333333337,20.381275,4,2018,BASE+ALL
2019-06-15,9.071938739643404,5.618682861328125,8.038809894527116,20.59806127315204,10.831873192162671,10.693856369503713,2.9233010737083336,2.414,20.381275,4,2018,BASE+ALL
2019-06-16,11.11898679197315,8.91714096069336,9.215984855786315,24.78565975070972,13.509443089790636,13.357979020540899,-16.888014326208335,-10.492604166666666,20.381275,4,2018,BASE+ALL
2019-06-17,9.320997479452682,6.653398513793945,7.863796876308678,23.4709967162032,11.827297396439626,11.670191485395438,53.34618524879412,41.3920375,20.381275,4,2018,BASE+ALL
2019-06-18,8.292795779967006,6.597358226776123,5.463713961730798,19.9999912776822,10.088464811539032,9.953261559404577,10.874202288375,8.079275,20.381275,4,2018,BASE+ALL
2019-06-19,7.772164070141525,4.982415676116943,4.86801909174457,21.66155803975533,9.82103921943959,9.656649655608366,-8.640862233291667,0.7307791666666669,20.381275,4,2018,BASE+ALL
2019-06-20,8.187558652416449,4.714419364929199,6.67315312129226,20.153606040324902,9.932184294740702,9.787245318552479,-2.3589138756111105,-3.8859125,20.381275,4,2018,BASE+ALL
2019-06-21,8.578630441978488,6.416131019592285,5.558019778618913,18.332467909090752,9.72131228732011,9.598329627905361,6.678349824035714,5.02645,20.381275,4,2018,BASE+ALL
2019-06-22,8.779578944656118,6.517480850219727,5.716143106142692,16.778727528236008,9.447982607313637,9.339478731372829,-8.797190712499999,1.6898333333333333,20.381275,4,2018,BASE+ALL
2019-06-23,7.8657147082649095,6.810613632202148,4.733522071246959,23.268211898679912,10.669515577598482,10.505179366304993,3.125129049208334,7.329725,20.381275,4,2018,BASE+ALL
2019-06-24,6.627745420383345,5.788864612579346,5.062366948568733,20.978179235718635,9.614289054312515,9.470408099431324,20.362014504944444,14.891983333333334,20.381275,4,2018,BASE+ALL
2019-06-25,6.34351767419564,7.016905784606934,8.417266824667985,22.24585238190139,11.005885666342987,10.8826707591517,-47.718499397375,-12.122395833333334,20.381275,4,2018,BASE+ALL
2019-06-26,84.04789676450676,65.6706771850586,100.75183116561256,117.77262863407306,92.06075843731274,91.70276236987044,,88.00993333333334,20.381275,4,2018,BASE+ALL
2019-06-27,96.65446038311542,84.10749816894531,130.03808860332316,113.3411913334936,106.03530962221937,105.97710851733672,205.46785200792857,234.5315958333333,20.381275,4,2018,BASE+ALL
2019-06-28,101.72829455820153,91.21295928955078,110.10838737046193,114.68725036937592,104.43422289689754,104.27870860154582,-7.833268542500001,64.52829166666668,20.381275,4,2018,BASE+ALL
2019-06-29,96.68407351443125,96.21631622314453,102.20651314605533,114.25809140192338,102.34124857138862,102.21381040927812,50.87572006400001,55.54835416666666,20.381275,4,2018,BASE+ALL
2019-06-30,86.41536249954459,89.18936920166016,90.16779506647131,117.21296513098837,95.7463729746661,95.51876179600751,108.51168366636362,84.68827499999999,20.381275,4,2018,BASE+ALL
2019-07-01,82.88596598783242,87.66825103759766,82.30209570137148,115.6740607294957,92.13259336407432,91.87885180102859,148.52822993910002,115.9208875,20.381275,4,2018,BASE+ALL
2019-07-02,78.56105953342365,92.19561767578125,77.96475238992575,104.11253190516992,88.20849037607515,88.09467674390578,213.58332148764285,105.048225,20.381275,4,2018,BASE+ALL
2019-07-03,78.48954896926486,93.38508605957031,91.48548984071394,101.75093984305568,91.2777661781512,91.27542581058326,300.5595639750556,167.23267916666666,20.381275,4,2018,BASE+ALL
2019-07-04,77.6131547506499,96.70947265625,97.66694341416287,100.86120799649196,93.21269470438868,93.2881306070354,-0.2585165200624986,9.385104166666666,20.381275,4,2018,BASE+ALL
2019-07-05,75.38056116992382,97.36663818359375,88.92853962983419,105.09003806359,91.69144426173544,91.69575848896643,35.09205398428571,40.211775,20.381275,4,2018,BASE+ALL
2019-07-06,69.05282554124923,86.93356323242188,82.26719418369773,102.04334738121378,85.07423258464566,85.01231382179009,61.2541106729,65.06448333333334,20.381275,4,2018,BASE+ALL
2019-07-07,70.6825599239603,86.12098693847656,67.9702743250624,105.191172549677,82.49124843429406,82.30080734074802,107.35129847196876,97.93114166666668,20.381275,4,2018,BASE+ALL
2019-07-08,72.2131201579273,90.52613067626953,77.67477215074445,105.69868647061786,86.52817736388978,86.41973203557242,-18.9887973125,16.5131125,20.381275,4,2018,BASE+ALL
2019-07-09,71.64929612145748,95.17537689208984,79.5251613936996,102.11035881715934,87.11504830610157,87.09233298422575,41.53551654145454,56.169,20.381275,4,2018,BASE+ALL
2019-07-10,71.43271348079233,94.01651763916016,84.73522403684906,103.5345344505698,88.42974740184283,88.41647690160062,215.1006355854167,128.7347125,20.381275,4,2018,BASE+ALL
2019-07-11,67.31974445432657,86.54420471191406,79.63078998218683,106.58494616927548,85.01992132942573,84.90843070043849,143.63719264892856,127.11420416666664,20.381275,4,2018,BASE+ALL
2019-07-12,65.6119306380886,84.74805450439453,66.67542050581176,105.7911375406756,80.70663579724263,80.51978515509774,134.57712198503123,118.4966125,20.381275,4,2018,BASE+ALL
2019-07-13,66.76171685628856,81.68113708496094,66.03059735112137,105.32816124137166,79.95040313343563,79.73119408260337,110.88141463995834,111.92084166666666,20.381275,4,2018,BASE+ALL
2019-07-14,68.91878912191181,85.6859359741211,78.65789469392253,102.86404987224908,84.03166741555113,83.93119958009798,115.88533549996154,116.67591666666668,20.381275,4,2018,BASE+ALL
2019-07-15,71.24661307780623,96.80049896240234,78.65789469392253,103.12913941070546,87.45853653620914,87.43779817735091,222.9724902791364,147.4451625,20.381275,4,2018,BASE+ALL
2019-07-16,67.69458963418269,91.81680297851562,77.19155402701497,104.91869389607416,85.40541013394687,85.33731246292753,30.14490057272728,67.24306666666666,20.381275,4,2018,BASE+ALL
2019-07-17,64.70935001266001,86.38177490234375,67.1454564191461,106.75690253669649,81.2483709677116,81.07473860508058,30.72759060063636,56.1835375,20.381275,4,2018,BASE+ALL
2019-07-18,64.42437654267943,87.07845306396484,66.22397165208027,110.19201473736727,81.97970399902296,81.7776676861939,-2.63428665025,59.81442083333334,20.381275,4,2018,BASE+ALL
2019-07-19,69.75218312782535,88.42398834228516,70.54344271250642,112.60362983587044,85.33081100462184,85.114645865131,32.65643024166667,81.10935416666666,20.381275,4,2018,BASE+ALL
2019-07-20,63.04360183465403,88.11255645751953,64.24089507243612,110.71270225864052,81.52743890581255,81.32561382304254,18.740306516566665,29.602204166666667,20.381275,4,2018,BASE+ALL
2019-07-21,71.06231912196019,92.6349868774414,65.63428699964855,107.53405316010652,84.21641153978916,84.0449599045998,39.32741727753125,45.37007083333333,20.381275,4,2018,BASE+ALL
2019-07-22,72.41835648481305,95.1686782836914,69.59730339186423,111.6617176952052,87.21151396389347,87.04093171413864,29.535041609466663,42.072179166666665,20.381275,4,2018,BASE+ALL
2019-07-23,77.12020750414851,98.77937316894531,78.10622198994096,104.27376128739574,89.56989098760764,89.51985208048447,56.61772673809375,57.38922083333333,20.381275,4,2018,BASE+ALL
2019-07-24,75.0164072528701,97.24634552001953,77.25343981775805,104.94837391398973,88.61614162615935,88.55370463760204,21.977098491636365,53.27169583333333,20.381275,4,2018,BASE+ALL
2019-07-25,75.34952939325403,100.52531433105469,80.1791629951708,103.89111293490676,89.98627991359656,89.97671830963178,57.078626743725,58.87762916666667,20.381275,4,2018,BASE+ALL
2019-07-26,71.9387382718085,87.27818298339844,62.54686290360833,108.01217823826904,82.44399059927107,82.19932046810597,50.620299400375,51.48057916666667,20.381275,4,2018,BASE+ALL
2019-07-27,66.3374599408688,86.9765396118164,66.38475003381622,107.31586331422052,81.75365322518049,81.56655534588783,,36.80232083333333,20.381275,4,2018,BASE+ALL
2019-07-28,65.41343183535906,87.13001251220703,65.25729172473578,105.5553164168402,80.83901312228552,80.66736007295606,45.7961351028125,45.6533375,20.381275,4,2018,BASE+ALL
2019-07-29,69.90758839004143,89.35209655761719,72.33707059593289,107.97042289846932,84.8917946105152,84.73445307234998,-1.261749809285716,53.4364375,20.381275,4,2018,BASE+ALL
2019-07-30,67.41426677445239,97.05628204345703,68.47547870710127,112.83505964157972,86.4452717916476,86.30173248145184,,80.64677083333333,20.381275,4,2018,BASE+ALL
2019-07-31,66.04959298905295,82.08424377441406,61.42401185948742,109.63318511757129,79.79775843513143,79.52051009848722,-38.3184801957,25.33655,20.381275,4,2018,BASE+ALL
2019-08-01,68.60179303618953,91.60539245605469,77.21283410496926,107.39120542351128,86.20280625518119,86.10600000728432,36.024336145375,92.5789125,20.381275,4,2018,BASE+ALL
2019-08-02,77.18659719729406,101.92088317871094,84.30551982019271,106.70081716976782,92.5284543414914,92.52000990819622,36.29350754461112,49.0496875,20.381275,4,2018,BASE+ALL
2019-08-03,74.96787933609806,100.37510681152344,87.29258347499297,111.64775238193624,93.57083050113768,93.5352749080419,,186.9014,20.381275,4,2018,BASE+ALL
2019-08-04,73.8093843048174,93.72753143310547,87.2674112256782,112.07900083032344,91.72083194848112,91.63089794341145,62.310213912777776,73.919875,20.381275,4,2018,BASE+ALL
2019-08-05,71.82645270278566,94.30091094970703,89.81642285543454,113.72302746210671,92.41670349250849,92.34321556892071,175.01551669,109.27535833333332,20.381275,4,2018,BASE+ALL
2019-08-06,69.0541912668818,95.27513885498047,90.82955693985733,113.52841782477608,92.17182622162392,92.12987251050058,80.6132062472,68.755675,20.381275,4,2018,BASE+ALL
2019-08-07,71.4950871734577,93.3007583618164,91.97401830723598,113.06934263523054,92.45980161943515,92.39816768177216,,84.23675,20.381275,4,2018,BASE+ALL
2019-08-08,79.47747241934948,99.64390563964844,100.1618228952933,111.96541232986534,97.81215332103913,97.81840877575979,,115.23624166666669,20.381275,4,2018,BASE+ALL
2019-08-09,80.2868473071624,110.58232879638672,101.40815856359855,119.98295059742466,103.06507131614308,103.09654482630114,,157.18819583333334,20.381275,4,2018,BASE+ALL
2019-08-10,74.93941070898437,114.2237548828125,100.5775300827894,120.26003633713086,102.50018300292928,102.58530207459341,,93.25835416666666,20.381275,4,2018,BASE+ALL
2019-08-11,72.63102522189209,109.73316955566406,91.75965763765122,111.4754216823206,96.39981852438198,96.48530767267707,,73.74499999999999,20.381275,4,2018,BASE+ALL
2019-08-12,70.38281142403457,105.88043975830078,90.06131377456158,109.1578339314322,93.87059972208229,93.9462288890429,,67.30297916666667,20.381275,4,2018,BASE+ALL
2019-08-13,71.8491328198708,105.06734466552734,91.25572219642045,110.52961238114456,94.67545301574079,94.73081427801226,,64.3783625,20.381275,4,2018,BASE+ALL
2019-08-14,54.700162082982224,68.68110656738281,62.8216979836998,77.29472797695509,65.87442365275498,65.84136766309153,,60.305708333333335,20.381275,4,2018,BASE+ALL
2019-08-15,52.90604280992794,58.98002243041992,56.04618594137252,74.13837651797836,60.51765692492468,60.3996098141655,,48.68387083333334,20.381275,4,2018,BASE+ALL
2019-08-16,52.40154858268038,54.794883728027344,57.569591230465115,79.61215617172842,61.09454492822532,60.90390243560776,-55.30338213471429,27.6894,20.381275,4,2018,BASE+ALL
2019-08-17,48.24666767844513,48.7576789855957,54.46367279552434,72.93376757258144,56.100446758036654,55.92231390184847,39.03763622633333,32.92910833333333,20.381275,4,2018,BASE+ALL
2019-08-18,51.708988816830235,47.11784744262695,50.3650604433114,71.81320015010797,55.25127421321914,55.02550072580939,36.727513793633335,39.898720833333336,20.381275,4,2018,BASE+ALL
2019-08-19,52.37735402453227,47.3129997253418,49.948416093423965,71.37150082029244,55.252567665897615,55.026191015995764,23.94337103796154,33.876133333333335,20.381275,4,2018,BASE+ALL
2019-08-20,45.5871891255977,45.20040512084961,46.35361670780459,68.81911190978028,51.490080716008045,51.28497168251731,-8.466090348058824,7.907858333333334,20.381275,4,2018,BASE+ALL
2019-08-21,44.24667251920042,45.73982238769531,53.292011762643554,71.20842878606618,53.62173386390137,53.448520017683656,-49.13873565,1.8936666666666675,20.381275,4,2018,BASE+ALL
2019-08-22,43.04409947736026,46.089210510253906,54.98085097697799,72.06869138068504,54.045713086319296,53.88454716035271,78.60985992,78.96392916666666,20.381275,4,2018,BASE+ALL
2019-08-23,45.36253515152745,55.5634765625,62.580652989212176,68.76149342783545,58.067039532768774,58.04827366022414,164.723567213875,119.5206875,20.381275,4,2018,BASE+ALL
2019-08-24,44.65555322522622,57.065460205078125,62.21256246875812,69.40196690179971,58.333885700215546,58.324053410344504,112.38752330245455,109.49605833333334,20.381275,4,2018,BASE+ALL
2019-08-25,44.05979589397102,55.975563049316406,60.30180048439753,70.20706460418216,57.636056007966786,57.60178164278905,241.0166517600556,197.50925,20.381275,4,2018,BASE+ALL
2019-08-26,45.76407421632072,55.24666213989258,60.99819515986161,70.38859111133905,58.09938065685349,58.05185688891103,-1.9202310012777777,177.042025,20.381275,4,2018,BASE+ALL
2019-08-27,43.0739480576182,48.05757141113281,54.72748796978529,71.54752512536116,54.35163314097437,54.210270669172786,,111.45020833333332,20.381275,4,2018,BASE+ALL
2019-08-28,39.069837285526674,41.5435791015625,45.72261340523458,72.97189768300184,49.826981868831396,49.586374748322434,173.94043268144443,96.07356666666668,20.381275,4,2018,BASE+ALL
2019-08-29,36.06347973307758,35.26835632324219,44.56932639128314,71.56930095896288,46.867615851641446,46.595754183212875,11.70590508459091,23.1918125,20.381275,4,2018,BASE+ALL
2019-08-30,35.178905202027046,40.782318115234375,51.324887279716464,70.79109524279153,49.519301459942355,49.346396568269256,38.431864820225,50.02326666666667,20.381275,4,2018,BASE+ALL
2019-08-31,36.81247928577481,36.56174850463867,48.39365352879815,72.49308635236764,48.56524191789482,48.31466407459743,246.12534901644443,253.298825,20.381275,4,2018,BASE+ALL
2019-09-01,33.25742254159276,30.645112991333008,40.69312649619947,68.47820539679832,43.268466856480885,42.977264977429826,226.4175940961,165.84964583333334,20.381275,4,2018,BASE+ALL
2019-09-02,33.40368349238983,31.790470123291016,38.157754269380966,72.66713760303318,44.00476137202375,43.670350633504015,24.130113170681817,28.589575,20.381275,4,2018,BASE+ALL
2019-09-03,33.66814002318486,33.95088577270508,37.67857220896399,73.68606375866779,44.74591544088043,44.4166279809962,17.053495939250002,23.3156375,20.381275,4,2018,BASE+ALL
2019-09-04,39.44525334191197,41.83625411987305,43.69484473678985,75.27328181090388,50.06240850236969,49.78978261864606,90.29537214792308,67.91776666666667,20.381275,4,2018,BASE+ALL
2019-09-05,33.59951334777039,31.413043975830078,37.93177598471679,70.56339790922698,43.37693280438606,43.05554776829384,45.87103938134375,46.37356666666667,20.381275,4,2018,BASE+ALL
2019-09-06,36.71560717552549,34.49037551879883,37.161812937585026,76.40425612987454,46.19301294044597,45.824125418289384,56.96221773438889,41.04227083333333,20.381275,4,2018,BASE+ALL
2019-09-07,16.550684091445845,17.253490447998047,23.05363193272463,14.925026516423996,17.94570824714813,18.004599040090113,,5.967162500000001,20.381275,4,2018,BASE+ALL
2019-09-08,15.058028675574642,13.004382133483887,16.5811713099732,11.89770936664428,14.135322871419001,14.154825576941697,-11.699707686875,4.5404375,20.381275,4,2018,BASE+ALL
2019-09-09,21.933264755293667,24.32822036743164,21.520130065767397,18.5418857961367,21.58087524615735,21.629041779294766,,5.032495833333333,20.381275,4,2018,BASE+ALL
2019-09-10,14.256094777801069,10.750896453857422,13.38456772504011,13.873114102079342,13.066168264694486,13.034431155163354,-6.098183126454544,-1.2044875,20.381275,4,2018,BASE+ALL
2019-09-11,18.438020861207878,21.782379150390625,22.905705422208392,22.10665841231213,21.308190961529753,21.330628712429313,,-2.747783333333333,20.381275,4,2018,BASE+ALL
2019-09-12,14.880711555549876,18.01883316040039,20.5709235923249,25.086573072090037,19.6392603450913,19.60910105895877,,18.958525,20.381275,4,2018,BASE+ALL
2019-09-13,27.20292937284579,32.2172737121582,31.501957932770168,78.39620267993713,42.32959092442782,41.94323579319314,86.34804172614285,80.48996666666666,20.381275,4,2018,BASE+ALL
2019-09-14,31.675674136554505,33.052040100097656,33.36912671794606,76.28699071935701,43.59595791848881,43.22153464389328,,138.19716666666667,20.381275,4,2018,BASE+ALL
2019-09-15,31.930413474027365,35.705535888671875,36.48093921575697,78.18099268146594,45.57447031498054,45.2228981416714,52.51955218845001,67.94532083333333,20.381275,4,2018,BASE+ALL
2019-09-16,32.93370804870568,35.50367736816406,35.875450517121244,82.6261115267141,46.734736865176274,46.33277681799739,49.55459018583334,89.66689583333334,20.381275,4,2018,BASE+ALL
2019-09-17,34.02591722155094,36.903961181640625,35.92777114753173,77.98112039095162,46.20969248541873,45.855175025782685,15.940833444166666,56.1202125,20.381275,4,2018,BASE+ALL
2019-09-18,35.280167568697415,34.886077880859375,33.652263575007645,76.23616406141055,45.01366827149374,44.63692977824533,,54.0048,20.381275,4,2018,BASE+ALL
2019-09-19,35.917553129663524,34.96810531616211,34.55850721753969,77.3062539821685,45.68760491138346,45.303861653467266,9.084811292714283,43.9599,20.381275,4,2018,BASE+ALL
2019-09-20,41.54982681700815,44.12418746948242,43.76495427742858,83.68178058889248,53.28018728820291,52.94111656835231,-47.40744819916667,214.633125,20.381275,4,2018,BASE+ALL
2019-09-21,40.13805522709095,46.154022216796875,46.0327839643375,84.9710486167319,54.32397750623931,54.01211152582423,,138.77712499999998,20.381275,4,2018,BASE+ALL
2019-09-22,37.87634271216727,48.455291748046875,54.576433111268265,82.7649376638553,55.91825130883443,55.70880028733481,64.4562474975,95.42015416666668,20.381275,4,2018,BASE+ALL
2019-09-23,39.34549824939939,47.653900146484375,49.706848243331734,87.10948462056588,55.95393281494535,55.66205044780269,,56.6405375,20.381275,4,2018,BASE+ALL
2019-09-24,45.426126186638086,63.21016311645508,63.24240163430134,89.89425087615247,65.44323545338675,65.30575576722241,,75.84025416666667,20.381275,4,2018,BASE+ALL
2019-09-25,46.42041213872602,53.13397216796875,50.142607593160236,90.56359969655172,60.065147899101675,59.75253386668321,,75.36799166666667,20.381275,4,2018,BASE+ALL
2019-09-26,46.45781150306825,39.24971008300781,37.77884415238098,83.8770033044433,51.84084226072508,51.39554163378761,4.340448578866668,19.419866666666667,20.381275,4,2018,BASE+ALL
2019-09-27,49.23313877242173,37.020694732666016,37.60853153581333,85.47168594953584,52.333512747609234,51.83847374513845,47.06541320245833,45.26790416666666,20.381275,4,2018,BASE+ALL
2019-09-28,50.286583553683116,48.99065399169922,41.20662786187224,89.26075513768087,57.436155136233864,57.02525206147403,-0.8922973485000002,42.64768333333334,20.381275,4,2018,BASE+ALL
2019-09-29,50.284065005205534,41.54428482055664,32.48323990436295,88.65979295852063,53.24284567216144,52.72202506976443,71.46258769166667,46.64625,20.381275,4,2018,BASE+ALL
2019-09-30,42.289323545499734,33.8818473815918,31.49022256133801,83.97077999224723,47.908043370169196,47.4020949900116,3.1843564665,58.4703625,20.381275,4,2018,BASE+ALL
2019-10-01,40.823105700255084,30.11711311340332,26.60317710007449,57.79883033720895,38.83555656273546,38.50914334686309,18.15981607644117,20.663666666666668,20.381275,4,2018,BASE+ALL
2019-10-02,36.05003632048094,28.97858238220215,26.899354402677158,52.56320156628183,36.12279366791052,35.86154720801021,19.324198068678573,19.687254166666666,20.381275,4,2018,BASE+ALL
2019-10-03,38.05434558917885,33.183231353759766,31.061782742791078,59.89827405727654,40.54940843575156,40.27239849155154,4.3534882655,36.7628875,20.381275,4,2018,BASE+ALL
2019-10-04,54.129864566815705,46.92607116699219,53.44123242826725,67.36098235106914,55.464537628286074,55.28132898694859,-1.4277250995769228,5.530616666666666,20.381275,4,2018,BASE+ALL
2019-10-05,38.835331933282255,42.6434440612793,42.33177463126503,62.53949380729443,46.58751110828025,46.43023268372082,18.99679072525,25.28657083333333,20.381275,4,2018,BASE+ALL
2019-10-06,36.152443765167554,32.252540588378906,31.834207822973394,58.99488657172969,39.808519687062386,39.546758752572764,12.917240411866668,20.919975,20.381275,4,2018,BASE+ALL
2019-10-07,35.531034278575014,42.365257263183594,40.82043834863803,63.3024955128386,45.504806350808806,45.34789158107951,5.192921734111112,7.523583333333334,20.381275,4,2018,BASE+ALL
2019-10-08,38.887549989913325,37.9522819519043,33.97011552790346,62.383469001372106,43.2983541177733,43.052609678363886,1.7077450447812517,-2.026412499999998,20.381275,4,2018,BASE+ALL
2019-10-09,38.8687386473062,35.01530456542969,31.656298081828947,63.03281759426134,42.143289722206546,41.85308016208562,9.345536456136363,8.7590375,20.381275,4,2018,BASE+ALL
2019-10-10,38.71590366102642,34.916648864746094,32.38593210970199,63.57877726695646,42.399315475607736,42.108579644399924,-36.29424324770588,-26.9225,20.381275,4,2018,BASE+ALL
2019-10-11,47.8791330963592,59.78900909423828,62.669143348455236,73.34209244322079,60.91984449556838,60.88301426780468,,29.956375,20.381275,4,2018,BASE+ALL
2019-10-12,39.43318043925573,46.229366302490234,44.19290192677882,63.31966113976441,48.2937774520723,48.1679100498015,,8.520304166666667,20.381275,4,2018,BASE+ALL
2019-10-13,40.74378178079144,45.36247253417969,39.14145270420515,60.29535367338305,46.38576517313983,46.242161826559055,18.83135705075,20.5266875,20.381275,4,2018,BASE+ALL
2019-10-14,35.76631859771573,37.364402770996094,34.23356195013834,61.78306786446012,42.286837795827566,42.060385195114826,,14.911975,20.381275,4,2018,BASE+ALL
2019-10-15,33.30132846418043,31.60970687866211,29.590139919783358,59.724818368274086,38.556498407724995,38.28541304109675,11.7603491375,20.068316666666664,20.381275,4,2018,BASE+ALL
2019-10-16,30.21593201164133,28.095727920532227,28.04713524326626,59.35857707272276,36.429343062040644,36.13955886635897,41.71393582066667,29.475641666666665,20.381275,4,2018,BASE+ALL
2019-10-17,30.523166038573578,32.344642639160156,30.040246533510942,59.86431600718403,38.193092804607176,37.945231983141085,22.00039015275,20.82665833333333,20.381275,4,2018,BASE+ALL
2019-10-18,37.47544190743991,36.735042572021484,33.99567184938549,63.80533731732276,43.00287341154241,42.74212488881192,16.14226416454167,22.387966666666667,20.381275,4,2018,BASE+ALL
2019-10-19,30.058874615613764,29.07131004333496,27.136847763031987,58.53647692584932,36.200877336957504,35.92223675497233,17.12670407676923,16.75110833333333,20.381275,4,2018,BASE+ALL
2019-10-20,29.536875125848226,28.77497100830078,26.78546932971055,54.76907097106166,34.966596608730306,34.719718676135045,61.173546124090905,80.51790833333332,20.381275,4,2018,BASE+ALL
2019-10-21,28.329401471710476,28.77497100830078,26.398348588278886,55.86424601682645,34.841741771279146,34.589592357183015,6.627610873409091,16.755712499999998,20.381275,4,2018,BASE+ALL
2019-10-22,28.122731419566144,28.966434478759766,26.413856649280934,43.1363108956394,31.65983336081156,31.52360892420129,21.853047523,60.32886249999999,20.381275,4,2018,BASE+ALL
2019-10-23,28.497880763497893,23.943748474121094,23.273885408504736,43.83738730256601,29.888225487172434,29.68214967407214,,59.62337083333333,20.381275,4,2018,BASE+ALL
2019-10-24,24.685659274048007,26.29411506652832,24.328797506972215,47.50912308628045,30.704423733457247,30.513371486600246,6.247197483384616,30.09882083333333,20.381275,4,2018,BASE+ALL
2019-10-25,51.7950568466634,48.860809326171875,53.876812531472645,58.94171130831669,53.36859750315615,53.292329059515716,,28.824841666666668,20.381275,4,2018,BASE+ALL
2019-10-26,58.13894941450671,52.83973693847656,62.3419031171361,55.73144460180219,57.263008517980396,57.26390058463828,,40.017925,20.381275,4,2018,BASE+ALL
2019-10-27,37.45151590157712,38.97056198120117,37.563125913139146,41.33606530467021,38.83031727514691,38.80947234077996,33.371548778357145,54.47614166666667,20.381275,4,2018,BASE+ALL
2019-10-28,30.393074262614384,31.54895782470703,31.61872169710147,41.245326150418926,33.701519983710455,33.62227098885638,152.32773998715385,92.26806666666666,20.381275,4,2018,BASE+ALL
2019-10-29,34.75123076922699,36.4539680480957,45.55520145079193,48.16414559002309,41.23113646453443,41.190443159368506,364.1525704108333,111.20174166666668,20.381275,4,2018,BASE+ALL
2019-10-30,48.238732482216626,56.03387451171875,62.16851889264793,50.62946198265674,54.267646967310014,54.39544288711971,,31.12985833333333,20.381275,4,2018,BASE+ALL
2019-10-31,37.607701577822446,44.3636474609375,43.39258284123284,47.65151382448921,43.253861426120494,43.25665118031625,312.5537803321428,106.85197916666664,20.381275,4,2018,BASE+ALL
2019-11-01,43.32920670505673,45.660011291503906,51.08086381101096,50.90332891691772,47.743352681122325,47.74184587745241,45.97323167638889,32.403125,20.381275,4,2018,BASE+ALL
2019-11-02,65.17669158263121,75.52472686767578,92.498747321273,59.20084575579713,73.10025288184428,73.40335959700599,,45.01876666666666,20.381275,4,2018,BASE+ALL
2019-11-03,42.611919381052836,46.709449768066406,42.959265797327,47.43712785008479,44.929440699132755,44.92369367845038,49.9155925229,36.95149166666666,20.381275,4,2018,BASE+ALL
2019-11-04,18.41536379238826,28.29891586303711,25.792588296714676,15.596015903664602,22.025720963951166,22.178921955859426,-4.617312267727272,4.9343375,20.381275,4,2018,BASE+ALL
2019-11-05,15.818167255545005,17.485692977905273,19.6540525325413,14.877609653447095,16.95888060485967,17.004174314864745,-3.708854357846154,-2.662570833333333,20.381275,4,2018,BASE+ALL
2019-11-06,15.491633367860528,14.16530990600586,14.01795176940282,16.45214886360902,15.031760976719557,15.003172465286102,-4.563551393222222,-0.0199833333333332,20.381275,4,2018,BASE+ALL
2019-11-07,13.141485692743556,11.973392486572266,10.749770941727533,14.280630849598536,12.536319992660474,12.50207196763307,7.650719842833332,3.175025,20.381275,4,2018,BASE+ALL
2019-11-08,11.700309623388511,11.116581916809082,10.749770941727533,10.618102117099134,11.046191149756066,11.045190019924075,3.11887655545,11.536825,20.381275,4,2018,BASE+ALL
2019-11-09,17.598778627729466,17.424036026000977,22.273434406974975,18.866397374309265,19.040661608753673,19.055541434929715,13.607731070500003,9.927404166666667,20.381275,4,2018,BASE+ALL
2019-11-10,14.63750444154038,12.221003532409668,13.330991397327344,16.307658805338,14.124289544153848,14.081060270328125,6.854955379863637,3.86995,20.381275,4,2018,BASE+ALL
2019-11-11,22.139276742170956,20.171823501586914,25.622589084825222,23.695304354203405,22.90724842069662,22.897187998039584,,9.312733333333334,20.381275,4,2018,BASE+ALL
2019-11-12,20.97062071007535,18.523509979248047,27.858420373945172,19.579700455956573,21.733062879806287,21.765196527516526,3.7801316895666655,4.8178625,20.381275,4,2018,BASE+ALL
2019-11-13,21.917509126654352,18.32171630859375,21.70667878720931,16.87245119713109,19.704588854897125,19.71738773677104,1.883424379,3.3868875000000003,20.381275,4,2018,BASE+ALL
2019-11-14,23.917940563036797,19.322832107543945,17.639859338882488,16.99023656307738,19.467717143135154,19.452822558606766,-1.8771595257142848,5.2766166666666665,20.381275,4,2018,BASE+ALL
2019-11-15,15.948307931246724,13.813131332397461,14.747543428780734,15.041852878181237,14.88770889265154,14.870395177937844,-2.0644905439642858,2.099020833333334,20.381275,4,2018,BASE+ALL
2019-11-16,13.913717301120773,10.860589981079102,10.560431754429901,13.733342074936091,12.267020277891467,12.222680987868834,3.3029862888,26.32428333333333,20.381275,4,2018,BASE+ALL
2019-11-17,12.766366929813625,10.923768043518066,11.067531360844528,12.676305686920342,11.858493005274141,11.833487393903845,56.18217393125,41.866800000000005,20.381275,4,2018,BASE+ALL
2019-11-18,12.085407171138387,11.665398597717285,12.126652129271536,11.912855044252575,11.947578235594944,11.94576139591867,-1.8457700317500003,-0.2222958333333332,20.381275,4,2018,BASE+ALL
2019-11-19,12.527668644310184,10.707459449768066,10.789546529621685,16.687939972532646,12.678153649058146,12.61535869305023,6.369223637933334,11.679145833333331,20.381275,4,2018,BASE+ALL
2019-11-20,17.92813392432016,15.410015106201172,15.902890099067962,18.98999977494222,17.05775972613288,17.014814965281808,11.9959315663125,12.733541666666667,20.381275,4,2018,BASE+ALL
2019-11-21,27.33544526121369,26.346399307250977,25.883257195850376,21.816132601904712,25.34530859155494,25.37728208430157,,28.3693625,20.381275,4,2018,BASE+ALL
2019-11-22,26.61804786399221,21.092304229736328,26.061919771609936,21.70000577611149,23.868069410362487,23.861188507737367,,24.17524583333333,20.381275,4,2018,BASE+ALL
2019-11-23,29.02350151855429,30.27662467956543,30.390033388637203,22.27104986793587,27.990302363673198,28.069071430705304,5.173023933,9.560858333333334,20.381275,4,2018,BASE+ALL
2019-11-24,17.16595873255908,17.36027717590332,19.013649115900634,18.71304605456705,18.063232769732522,18.062077031858987,0.4274755284166674,4.438949999999999,20.381275,4,2018,BASE+ALL
2019-11-25,16.24233554108709,12.976871490478516,13.651819582283373,21.038228363956136,15.97731374445128,15.891470887404427,-8.030260223499997,-3.954125,20.381275,4,2018,BASE+ALL
2019-11-26,25.18077647101185,30.918121337890625,27.96357925522954,26.53245676878076,27.648733458228197,27.702261021786455,10.197137136818183,9.881479166666669,20.381275,4,2018,BASE+ALL
2019-11-27,35.43562781499021,32.9321174621582,35.2881333511502,47.17139274884442,37.70681784428576,37.58029929202628,6.470716731285713,12.505133333333331,20.381275,4,2018,BASE+ALL
2019-11-28,32.77487412652765,28.745098114013672,29.56251071075309,44.32539367447728,33.85196915644292,33.695921646932895,7.91196419125,10.025045833333332,20.381275,4,2018,BASE+ALL
2019-11-29,31.353858376932212,28.659818649291992,24.647151708250888,41.69934813271099,31.59004421679652,31.43547030115085,-2.341050634149998,6.1723791666666665,20.381275,4,2018,BASE+ALL
2019-11-30,39.82421102568496,36.142921447753906,48.32944686428294,48.03496813210458,43.082886867456594,43.02874744240782,-11.048215660714288,-5.9477416666666665,20.381275,4,2018,BASE+ALL
2019-12-01,31.894511827687094,29.265098571777344,32.04930430039641,40.85357004169563,33.51562118538912,33.41447330701395,7.649969842999999,11.2478125,20.381275,4,2018,BASE+ALL
2019-12-02,30.624310038663733,28.65662384033203,26.281347957235816,35.804483150893255,30.34169124678121,30.25317877315299,34.615483410050004,37.13876666666667,20.381275,4,2018,BASE+ALL
2019-12-03,29.715645502292066,29.58690643310547,25.867035944165792,38.39318164962452,30.89069238229696,30.78977291112536,9.665633688590908,21.767970833333333,20.381275,4,2018,BASE+ALL
2019-12-04,29.271082509349217,28.526254653930664,20.901314552089033,39.377772979766334,29.51910617378381,29.37349776618946,,18.551145833333333,20.381275,4,2018,BASE+ALL
2019-12-05,36.49163789255147,34.66914749145508,35.306322104097674,50.40974155799535,39.219212261524895,39.0730029040018,,17.392479166666668,20.381275,4,2018,BASE+ALL
2019-12-06,32.00787505285536,31.193599700927734,33.902180852458656,31.367869975140284,32.117881395345506,32.12779708168155,37.52064733071428,41.837066666666665,20.381275,4,2018,BASE+ALL
2019-12-07,21.40218287415552,21.349506378173828,27.540079810408372,25.978937985327512,24.067676762016312,24.062860815792874,-23.0195395825,-10.466933333333332,20.381275,4,2018,BASE+ALL
2019-12-08,38.03958552506764,46.13496017456055,47.73890208109791,29.667931959950117,40.39534493516906,40.59628651017417,,-52.17360416666667,20.381275,4,2018,BASE+ALL
2019-12-09,20.605638329410034,29.933631896972656,25.455584344261897,16.375317260415635,23.092542957765055,23.238583238941906,,-17.112212500000002,20.381275,4,2018,BASE+ALL
2019-12-10,23.17018750734515,24.41661262512207,21.447380592414863,16.432464054202867,21.366661194771236,21.426980411399203,,-16.618683333333333,20.381275,4,2018,BASE+ALL
2019-12-11,17.76496243785525,17.774700164794922,16.4302445809856,16.071827901569602,17.010433771301344,17.017664580042002,,-10.194170833333333,20.381275,4,2018,BASE+ALL
2019-12-12,25.102420561047435,21.16665267944336,18.442607997841915,16.52544051564982,20.309280438495634,20.31241775144134,,-14.103516666666666,20.381275,4,2018,BASE+ALL
2019-12-13,22.78481212934705,23.712759017944336,23.410700530957104,17.074888316531695,21.745789998695045,21.808140059109604,,-17.171924999999998,20.381275,4,2018,BASE+ALL
2019-12-14,24.64925133397409,25.046785354614258,18.518442742530137,17.011900917234684,21.306595087088294,21.341585356779486,,-20.272045833333333,20.381275,4,2018,BASE+ALL
2019-12-15,18.926308937720492,21.375547409057617,16.144210818554857,17.03875620329529,18.371205842157064,18.392477316601763,,-13.9837125,20.381275,4,2018,BASE+ALL
2019-12-16,14.364300810253495,13.671676635742188,11.542747035313498,16.252581986354205,13.957826616915845,13.918451990379044,,-0.0731958333333334,20.381275,4,2018,BASE+ALL
2018-12-17,38.53173370856827,41.73475646972656,44.791699818586785,74.10707398409178,49.79131599524335,49.5397648642163,,15.690695833333336,17.53322916666667,9,2018,BASE+ALL
2018-12-18,67.5588675548366,70.15785217285156,82.829728578357,97.1833325816619,79.43244522192676,79.28184367503886,,186.5020375,17.53322916666667,9,2018,BASE+ALL
2018-12-19,50.23934659133921,42.3845329284668,46.25157754960865,81.85653235927096,55.1829973571714,54.811424430805744,,21.251825,17.53322916666667,9,2018,BASE+ALL
2018-12-20,54.2558792861193,41.27375411987305,50.7412840699731,87.42213843537913,58.42326397783614,57.99686646803603,,30.572,17.53322916666667,9,2018,BASE+ALL
2018-12-21,76.8827312493268,65.5681381225586,104.11958764157538,101.20210212119746,86.94313978366456,86.791358536922,,21.152429166666668,17.53322916666667,9,2018,BASE+ALL
2018-12-22,48.4840821656003,46.21929931640625,46.72121944778131,83.13758202172548,56.140545737878334,55.80298046076423,,20.50675,17.53322916666667,9,2018,BASE+ALL
2018-12-23,53.207086439777406,51.31792449951172,54.78357221590753,94.2066947794205,63.37881948365429,63.007845261714486,,22.5539625,17.53322916666667,9,2018,BASE+ALL
2018-12-24,54.63738304622845,52.21744155883789,70.4466756064176,75.67286008806519,63.24359007488728,63.12951651223615,,241.72675,17.53322916666667,9,2018,BASE+ALL
2018-12-25,47.95018799088313,37.36476135253906,42.73329181987717,68.005459643418,49.01342520167934,48.71391176161501,,24.95970833333333,17.53322916666667,9,2018,BASE+ALL
2018-12-26,48.687729794661216,39.74990463256836,44.45033427443745,68.29213700703151,50.29502642717463,50.019402413336735,,29.126795833333333,17.53322916666667,9,2018,BASE+ALL
2018-12-27,46.39868785094379,38.77762222290039,44.40094431834032,58.18188727892159,46.93978541777652,46.7581280636597,,35.52939583333333,17.53322916666667,9,2018,BASE+ALL
2018-12-28,44.52712226066529,37.604122161865234,43.15664430661765,62.46420079686721,46.93802238150385,46.71139012407809,,32.28371666666667,17.53322916666667,9,2018,BASE+ALL
2018-12-29,45.90044925165525,37.3160285949707,42.21108147962847,84.97688405477264,52.60111084525677,52.15881196062442,,15.271675,17.53322916666667,9,2018,BASE+ALL
2018-12-30,43.00194932733565,36.414581298828125,41.7212709803538,74.50967472281307,48.91186908233266,48.56811340595422,,18.853479166666663,17.53322916666667,9,2018,BASE+ALL
2018-12-31,39.55231015136066,34.48827362060547,35.09399056679741,72.75294686085645,45.471880299904996,45.10733756880923,,12.4639875,17.53322916666667,9,2018,BASE+ALL
2019-01-01,35.94438437546528,35.60251235961914,33.19189165141617,71.03121054584548,43.94249973308652,43.61168638003649,,21.593304166666663,17.53322916666667,9,2018,BASE+ALL
2019-01-02,35.45170163387525,37.503929138183594,34.50609410809935,57.58950391611424,41.26280719906811,41.07816077797541,,32.05569583333334,17.53322916666667,9,2018,BASE+ALL
2019-01-03,33.669149334691596,32.321964263916016,30.299255885947918,50.76533021374205,36.7639249245744,36.58064267277922,,30.4634125,17.53322916666667,9,2018,BASE+ALL
2019-01-04,32.0176088945582,30.263431549072266,29.6281080067253,52.87253227264834,36.19542018075103,35.98106877468741,,29.82862916666667,17.53322916666667,9,2018,BASE+ALL
2019-01-05,31.405209441686562,34.23657989501953,31.695424928772546,58.52952986258594,38.96668603201615,38.75172336371866,,29.694366666666667,17.53322916666667,9,2018,BASE+ALL
2019-01-06,30.98051383812927,34.42402648925781,30.287187784384116,68.13093668826103,40.955666200008054,40.651081196819604,,25.78279583333333,17.53322916666667,9,2018,BASE+ALL
2019-01-07,30.55797779058038,36.72514724731445,33.56303044639028,78.85181571258887,44.9244927992185,44.56610190795688,,13.8311125,17.53322916666667,9,2018,BASE+ALL
2019-01-08,29.149945536674963,35.67427062988281,31.493866125778638,68.57247399176909,41.22263907102638,40.94218465629431,,25.685291666666668,17.53322916666667,9,2018,BASE+ALL
2019-01-09,30.753836688836266,35.40497970581055,32.34416581420672,51.96960366676245,37.618146468903994,37.47891295010677,,35.182770833333336,17.53322916666667,9,2018,BASE+ALL
2019-01-10,19.695686448487567,23.229249954223633,20.998296644451024,29.0018005812188,23.231258407095254,23.186537006778625,,6.835312500000001,17.53322916666667,9,2018,BASE+ALL
2019-01-11,16.359710476541782,19.867359161376953,16.781202262427463,40.77403975684327,23.445577914297367,23.26124511497589,,4.559279166666666,17.53322916666667,9,2018,BASE+ALL
2019-01-12,16.532526670523612,19.8061466217041,17.916588264016756,58.87849911512013,28.28344016784115,27.94353817762155,,7.062591666666666,17.53322916666667,9,2018,BASE+ALL
2019-01-13,22.212791192114697,28.62266731262207,29.102015706532374,64.10540670017998,36.01072022786228,35.73421728845348,,11.182204166666668,17.53322916666667,9,2018,BASE+ALL
2019-01-14,17.317035325973055,18.311256408691406,18.821396897668926,57.28938181583273,27.93476761204153,27.59715763739939,,10.167266666666666,17.53322916666667,9,2018,BASE+ALL
2019-01-15,15.875487975231279,12.99791145324707,15.379593026749955,48.28692677687175,23.134979808025015,22.81957395492131,,7.815391666666667,17.53322916666667,9,2018,BASE+ALL
2019-01-16,16.763797152248028,17.60682487487793,15.813682800191154,48.99159079969597,24.793973906753273,24.5093435710954,,7.349329166666667,17.53322916666667,9,2018,BASE+ALL
2019-01-17,15.864887434066953,18.71845817565918,15.32547440713707,42.00369994844329,22.978129991326625,22.767205765451042,,6.82405,17.53322916666667,9,2018,BASE+ALL
2019-01-18,17.60321818235566,14.198955535888672,14.803331584398974,45.61056491660815,23.054017554812866,22.759600799692173,,11.327433333333332,17.53322916666667,9,2018,BASE+ALL
2019-01-19,15.806161522630296,12.71723461151123,13.021490058436886,32.9756381700006,18.630131090644753,18.43475677574002,,11.5786125,17.53322916666667,9,2018,BASE+ALL
2019-01-20,14.609778322723487,17.846071243286133,14.33979506937028,30.8733109032815,19.417238884665352,19.29888721014516,,8.362083333333333,17.53322916666667,9,2018,BASE+ALL
2019-01-21,15.08354394619811,18.582599639892578,15.231401053650094,38.83352924926346,21.932768472251063,21.752644913183815,,5.310695833333333,17.53322916666667,9,2018,BASE+ALL
2019-01-22,14.974130348111842,17.454998016357422,12.268084125868384,43.65599690091225,22.088302347812473,21.838796510712505,,5.016516666666667,17.53322916666667,9,2018,BASE+ALL
2019-01-23,14.080397018253754,18.2634220123291,14.480469576340445,39.14775913171421,21.49301193465938,21.308530507679123,,5.429616666666667,17.53322916666667,9,2018,BASE+ALL
2019-01-24,14.484827529846008,18.77351951599121,14.865066205522982,42.10266562536252,22.55651971918068,22.350173374560832,,62.78659166666666,17.53322916666667,9,2018,BASE+ALL
2019-01-25,15.015970862308043,18.723770141601562,12.461393479742593,58.5187054065896,26.17995997256045,25.81021661627873,,18.58935,17.53322916666667,9,2018,BASE+ALL
2019-01-26,27.339454482902024,33.715938568115234,38.731055219505194,60.47347188194456,40.06498003811676,39.89259404414082,,51.397841666666665,17.53322916666667,9,2018,BASE+ALL
2019-01-27,25.689613163764495,36.34600067138672,25.48823165642594,70.77465155060437,39.57462426054538,39.26418281901894,,119.85297083333334,17.53322916666667,9,2018,BASE+ALL
2019-01-28,16.66238696602261,11.307286262512207,10.174572684392691,44.90361704874435,20.761965740417963,20.426982383996656,,7.011170833333334,17.53322916666667,9,2018,BASE+ALL
2019-01-29,16.72981221902121,12.708353996276855,13.271510984159143,43.61271320107857,21.58059760013394,21.286995340130964,,8.262233333333333,17.53322916666667,9,2018,BASE+ALL
2019-01-30,18.195291576685285,17.686725616455078,15.443640790657065,30.82969103769444,20.538837255372968,20.406010496946003,,8.546975,17.53322916666667,9,2018,BASE+ALL
2019-01-31,22.373734108423644,23.540538787841797,29.72021475556273,33.47412137355997,27.277152256347037,27.2319744713826,,23.200716666666665,17.53322916666667,9,2018,BASE+ALL
2019-02-01,23.70765013292899,23.212478637695312,34.393763046929436,32.12946205615027,28.360838468426003,28.34497322598443,,18.701629166666667,17.53322916666667,9,2018,BASE+ALL
2019-02-02,21.94330915162566,19.57142448425293,20.487903149477248,37.16895073616781,24.79289688038091,24.62877824409023,,9.544954166666669,17.53322916666667,9,2018,BASE+ALL
2019-02-03,20.59155408940416,19.62603759765625,17.88944109197499,39.15974130994469,24.31669352224502,24.127550418542043,,7.868733333333334,17.53322916666667,9,2018,BASE+ALL
2019-02-04,21.85945064101546,24.008092880249023,20.547913425737697,55.657396840854965,30.51821344696429,30.22867103641569,,14.78265,17.53322916666667,9,2018,BASE+ALL
2019-02-05,20.62398873890854,22.117664337158203,18.55716630306701,50.21313542358496,27.877988700679676,27.61575823332739,,10.997866666666669,17.53322916666667,9,2018,BASE+ALL
2019-02-06,20.102992513677414,21.029064178466797,19.069183371780284,48.56534346025891,27.19164588104585,26.9406734252616,,11.429283333333332,17.53322916666667,9,2018,BASE+ALL
2019-02-07,28.841809335260482,23.992292404174805,29.298391529321098,64.54427764864724,36.669192729350904,36.313318612881,,70.87300833333333,17.53322916666667,9,2018,BASE+ALL
2019-02-08,46.15699353521201,58.26899337768555,71.99752372058572,75.37315281963818,62.949165863280356,62.9460533282797,,210.25799166666664,17.53322916666667,9,2018,BASE+ALL
2019-02-09,28.628996701568326,29.69214630126953,36.07729431196583,61.35155287355112,38.937497547088704,38.7000009938052,,31.648733333333336,17.53322916666667,9,2018,BASE+ALL
2019-02-10,40.752298311076956,37.684871673583984,46.462944520743484,58.26836531298428,45.792119954597176,45.644069027216624,,84.97642083333334,17.53322916666667,9,2018,BASE+ALL
2019-02-11,21.1111346864577,16.036663055419922,28.463009830357286,48.17922674927512,28.447508580377505,28.20715439145733,,16.8990875,17.53322916666667,9,2018,BASE+ALL
2019-02-12,18.217516790855235,15.323351860046387,20.976011053623953,45.25042250879465,24.941825553330055,24.69328376879661,,15.280604166666668,17.53322916666667,9,2018,BASE+ALL
2019-02-13,16.85211556108885,15.989296913146973,17.521972981988053,46.11050841202029,24.118473467061044,23.85519800654332,,13.9164125,17.53322916666667,9,2018,BASE+ALL
2019-02-14,16.19394663390982,15.463648796081543,17.76904250994532,42.68291125366497,23.027387298400413,22.795192840024896,,17.4900625,17.53322916666667,9,2018,BASE+ALL
2019-02-15,17.14656168965566,15.578635215759277,17.521972981988053,43.74439695677539,23.497891711044595,23.250472892674352,,16.032475,17.53322916666667,9,2018,BASE+ALL
2019-02-16,16.81313232660002,15.400200843811035,17.417855928539986,53.68020472554082,25.827848456122965,25.491906519228404,,18.236316666666667,17.53322916666667,9,2018,BASE+ALL
2019-02-17,19.007875125776597,17.57781410217285,20.918737585859823,62.08762460653919,29.898012855087114,29.514468335118316,,19.84413333333333,17.53322916666667,9,2018,BASE+ALL
2019-02-18,16.18819377346305,13.825520515441895,15.553228611063465,53.74794438472342,24.828721821172955,24.471174937082584,,17.501470833333332,17.53322916666667,9,2018,BASE+ALL
2019-02-19,16.72429412489647,13.981131553649902,14.50861969280282,50.60671038046322,23.955188937953103,23.6177027480867,,19.1125375,17.53322916666667,9,2018,BASE+ALL
2019-02-20,17.602094679783523,16.966773986816406,17.637244199584064,55.94510603320296,27.037804724846737,26.6920399975115,,23.02154583333333,17.53322916666667,9,2018,BASE+ALL
2019-02-21,18.21131928193161,15.92680549621582,17.83838922827777,53.7943370745096,26.442712770233697,26.104939519662466,,19.97765833333333,17.53322916666667,9,2018,BASE+ALL
2019-02-22,17.840405773168712,18.270341873168945,20.387949646165417,61.6027274858471,29.525356194587545,29.155425213467254,,23.933308333333333,17.53322916666667,9,2018,BASE+ALL
2019-02-23,18.12313765856533,16.20785140991211,17.466150558276443,52.42078568468711,26.054481327860245,25.729603477165167,,19.03045,17.53322916666667,9,2018,BASE+ALL
2019-02-24,16.4997532861742,15.014013290405273,16.578656125604013,48.44637319956404,24.134698975436883,23.8387261475468,,21.3477,17.53322916666667,9,2018,BASE+ALL
2019-02-25,16.40597481029513,15.00658893585205,15.912827216479743,53.641293214498376,25.241671044281325,24.896084718779925,,24.5590375,17.53322916666667,9,2018,BASE+ALL
2019-02-26,16.397560385864224,15.42463493347168,15.947969744376508,55.14264855602283,25.728203404933808,25.373114109757957,,26.7619,17.53322916666667,9,2018,BASE+ALL
2019-02-27,15.65766918289192,14.524923324584961,15.00930369290782,45.59406627154481,22.696490617982377,22.417092065306576,,26.548604166666667,17.53322916666667,9,2018,BASE+ALL
2019-02-28,16.78712161810125,16.028440475463867,16.937686565460908,65.45938233004937,28.80315774726885,28.365282333549807,,34.180729166666666,17.53322916666667,9,2018,BASE+ALL
2019-03-01,16.393348386018687,13.897065162658691,16.896943630717406,56.57740353698373,25.941190179094626,25.56592320095988,,25.222154166666662,17.53322916666667,9,2018,BASE+ALL
2019-03-02,19.81434983948476,22.345630645751953,24.591176642152355,72.42185112850674,34.79325206397395,34.37591863632985,,28.644391666666667,17.53322916666667,9,2018,BASE+ALL
2019-03-03,24.677212137527437,23.77357292175293,24.564389377763884,77.23935312039377,37.563631889359506,37.08841207349887,,183.99582916666668,17.53322916666667,9,2018,BASE+ALL
2019-03-04,21.0864353379559,13.351329803466797,22.09795042161122,58.05684492880888,28.648140122960697,28.259599319907018,,74.0156625,17.53322916666667,9,2018,BASE+ALL
2019-03-05,40.899168553608554,36.95726013183594,51.46596450332876,66.93345843562977,49.063962906100755,48.861483346031626,,41.40040833333334,17.53322916666667,9,2018,BASE+ALL
2019-03-06,28.07687444644048,34.165924072265625,43.72163435566387,75.73044850710436,45.42372034536858,45.14506356266435,,87.2377375,17.53322916666667,9,2018,BASE+ALL
2019-03-07,23.08875080962694,26.383852005004883,33.429493165678906,66.00257507143749,37.22616776293705,36.9343511148039,,25.13857916666667,17.53322916666667,9,2018,BASE+ALL
2019-03-08,18.05577881657051,19.12528419494629,23.989918287646276,62.61233743622643,30.94582968384738,30.59433517228677,,17.827620833333334,17.53322916666667,9,2018,BASE+ALL
2019-03-09,18.45770049592215,18.196434020996094,22.67474055506893,64.35043028249964,30.919826338621704,30.534930038811268,,20.53250833333333,17.53322916666667,9,2018,BASE+ALL
2019-03-10,26.734657823618882,29.713623046875,35.59182283667483,79.43574634838905,42.86896251388944,42.478747565412455,,83.93888749999999,17.53322916666667,9,2018,BASE+ALL
2019-03-11,19.152464794581498,21.392024993896484,25.417966257933386,63.77310325853222,32.4338898262359,32.09379468259819,,30.474925,17.53322916666667,9,2018,BASE+ALL
2019-03-12,44.54375805163002,51.69685745239258,61.2276532002906,81.83373789954699,59.82550165096505,59.65413290583123,,165.57193333333333,17.53322916666667,9,2018,BASE+ALL
2019-03-13,26.188800781013107,42.38648986816406,47.90645194314847,76.38638439127779,48.217031745900854,48.0381575580667,,22.86545,17.53322916666667,9,2018,BASE+ALL
2019-03-14,35.23343453270723,51.975303649902344,61.247786530012235,102.00610606351908,62.61565769403522,62.31962862580842,,109.54319166666666,17.53322916666667,9,2018,BASE+ALL
2019-03-15,26.88758607038535,44.131683349609375,56.38545663659091,104.10973036174865,57.878614104583576,57.51466804730485,,84.2821125,17.53322916666667,9,2018,BASE+ALL
2019-03-16,34.21764762748791,44.23539352416992,53.757432084484684,76.45427218413634,52.16618635506971,51.99227337743112,,14.439316666666665,17.53322916666667,9,2018,BASE+ALL
2019-03-17,20.221653899822297,25.399078369140625,31.761544783472306,58.91168004875189,34.07348927529678,33.8423771792698,,14.748658333333331,17.53322916666667,9,2018,BASE+ALL
2019-03-18,16.181094002460473,16.70070457458496,20.58832409394447,52.23743018745711,26.42688821461175,26.13715688531125,,8.8924,17.53322916666667,9,2018,BASE+ALL
2019-03-19,14.97864283683138,14.133164405822754,16.19431789507369,48.35607438366812,23.415549880348987,23.1190666191728,,8.367779166666667,17.53322916666667,9,2018,BASE+ALL
2019-03-20,13.57287925871718,14.343902587890625,14.496150366569069,39.15296584782303,20.391474515249975,20.176342727371534,,8.722095833333332,17.53322916666667,9,2018,BASE+ALL
2019-03-21,13.567349130718483,15.468037605285645,14.981899017820904,40.18845600581079,21.051435439908957,20.839626249864168,,6.9886875,17.53322916666667,9,2018,BASE+ALL
2019-03-22,14.693128729576305,13.67627239227295,14.541923793561656,51.42464481574725,23.58399243278954,23.24817435554503,,6.990983333333333,17.53322916666667,9,2018,BASE+ALL
2019-03-23,13.903042575412426,14.421628952026367,13.939676903393478,44.39470084298672,21.66476231845475,21.398608505548065,,9.2903125,17.53322916666667,9,2018,BASE+ALL
2019-03-24,13.559534580690583,13.547724723815918,13.542483354645475,47.60560887895138,22.06383788452584,21.761261241772218,,10.105375,17.53322916666667,9,2018,BASE+ALL
2019-03-25,13.80298360805301,13.494540214538574,14.58805317273383,53.96102846435785,23.96165136492082,23.606996053707316,,14.019316666666668,17.53322916666667,9,2018,BASE+ALL
2019-03-26,14.070393122456188,13.585199356079102,13.227177794562374,45.63125206895196,21.628505585512407,21.33906759258388,,16.9340375,17.53322916666667,9,2018,BASE+ALL
2019-03-27,14.778570844156695,18.284082412719727,15.86127069459053,49.492058042101945,24.603995498392223,24.33208261871077,,18.5827125,17.53322916666667,9,2018,BASE+ALL
2019-03-28,15.428468125227981,13.332915306091309,15.107006886490726,45.67972644524832,22.387029190764583,22.098529907616708,,17.736629166666667,17.53322916666667,9,2018,BASE+ALL
2019-03-29,14.976889411105638,13.10933780670166,15.085491034496684,43.92078303992307,21.773125323056764,21.500729919306885,,19.267775,17.53322916666667,9,2018,BASE+ALL
2019-03-30,13.488102751227792,10.995832443237305,13.280523746200673,44.03887075841047,20.45083242476906,20.156952387674984,,22.805766666666667,17.53322916666667,9,2018,BASE+ALL
2019-03-31,14.294551161200436,11.936651229858398,13.19668141281378,51.73082755634998,22.78967784005565,22.43053207999546,,20.177416666666662,17.53322916666667,9,2018,BASE+ALL
2019-04-01,15.29103927995402,12.469098091125488,13.709702970462184,55.05561624798034,24.13136414738051,23.74471224201958,,20.84644583333333,17.53322916666667,9,2018,BASE+ALL
2019-04-02,14.583557367314093,10.285966873168945,12.190647717952494,60.52026860128466,24.395110139930047,23.9362199486986,,21.8017875,17.53322916666667,9,2018,BASE+ALL
2019-04-03,13.981090374012746,10.624682426452637,11.636840787258322,54.729870608847534,22.743121049142808,22.338646031584766,,24.720358333333333,17.53322916666667,9,2018,BASE+ALL
2019-04-04,16.953269912643407,16.358402252197266,14.164027057345278,58.047433602340575,26.380783206131632,25.994235039653073,,22.81492916666667,17.53322916666667,9,2018,BASE+ALL
2019-04-05,21.80242426292987,20.935840606689453,20.707860483395937,62.47537602223971,31.48037534381374,31.105261205274605,,46.995441666666665,17.53322916666667,9,2018,BASE+ALL
2019-04-06,17.73212508560837,16.694610595703125,16.104561105939073,53.96930201760237,26.125149701213232,25.784818215530876,,19.759625,17.53322916666667,9,2018,BASE+ALL
2019-04-07,17.08512874843491,16.468250274658203,13.974608046786079,55.926083187654,25.8635175643833,25.49489347601981,,19.1277875,17.53322916666667,9,2018,BASE+ALL
2019-04-08,17.530267900544423,16.576162338256836,14.560089425954654,56.16727974592344,26.208449852669837,25.83958168865862,,18.376054166666663,17.53322916666667,9,2018,BASE+ALL
2019-04-09,17.437931583773707,13.15965461730957,13.665744446791297,51.81169841321217,24.018757265271688,23.654573554743557,,16.889520833333332,17.53322916666667,9,2018,BASE+ALL
2019-04-10,16.031819431469835,13.467426300048828,14.39272782004968,45.68305588182018,22.39375735834713,22.098787385461154,,14.915266666666668,17.53322916666667,9,2018,BASE+ALL
2019-04-11,17.028638796822943,13.800609588623047,14.46117875090978,41.22525332507149,21.628920115356816,21.371229361760427,,15.2385875,17.53322916666667,9,2018,BASE+ALL
2019-04-12,17.93691506855458,12.440977096557617,14.52581146925497,43.413896196590215,22.079399957739348,21.785949083930554,,14.321920833333332,17.53322916666667,9,2018,BASE+ALL
2019-04-13,21.817115931921222,18.615549087524414,24.944335050468464,51.13466275553935,29.127915706363364,28.858633054931932,,17.787754166666666,17.53322916666667,9,2018,BASE+ALL
2019-04-14,23.14498580727151,22.93950653076172,29.04891184055009,53.83425809439025,32.24191556824339,32.00249516783913,,70.87789583333333,17.53322916666667,9,2018,BASE+ALL
2019-04-15,24.477070632805596,22.831052780151367,30.817815398722804,68.22610497875394,36.588010947608424,36.22286076839144,,67.5749125,17.53322916666667,9,2018,BASE+ALL
2019-04-16,21.17132033225253,15.98619556427002,22.41837812381897,48.58150609655598,27.039350029224373,26.758924077560238,,14.711658333333332,17.53322916666667,9,2018,BASE+ALL
2019-04-17,18.210229380339747,14.982457160949707,17.661260815041278,50.16336734517505,25.254328675376446,24.939683521135855,,12.135816666666663,17.53322916666667,9,2018,BASE+ALL
2019-04-18,22.34623680783944,24.661853790283203,36.43455238642089,60.25726524353397,35.924977057019376,35.69136524141361,,10.520466666666666,17.53322916666667,9,2018,BASE+ALL
2019-04-19,20.796699658085224,20.257530212402344,25.12220374227847,55.18876808235285,30.34130042377972,30.05680914145715,,13.5295,17.53322916666667,9,2018,BASE+ALL
2019-04-20,20.83262792754754,28.110239028930664,30.507323134161272,55.32076840132058,33.69273962299002,33.505887277233846,,12.756804166666669,17.53322916666667,9,2018,BASE+ALL
2019-04-21,20.699789615823395,27.950756072998047,31.487051714264776,55.59665910591882,33.93356412725126,33.74943039763699,,14.0916625,17.53322916666667,9,2018,BASE+ALL
2019-04-22,20.75207328017785,27.68971061706543,26.772463278011987,59.97314951641851,33.79684917291844,33.54345217722256,,16.86972916666667,17.53322916666667,9,2018,BASE+ALL
2019-04-23,20.61516412700529,29.679489135742188,33.72045519951604,59.48687002316587,35.87549462135735,35.68527452366718,,16.237491666666667,17.53322916666667,9,2018,BASE+ALL
2019-04-24,20.476898538750277,19.017345428466797,22.672968748661468,56.01624455842792,29.545864318576616,29.230722319226885,,18.797791666666665,17.53322916666667,9,2018,BASE+ALL
2019-04-25,22.39568616899041,24.179977416992188,24.150725316630876,59.37423506657418,32.52515599229692,32.22237575665529,,14.5561625,17.53322916666667,9,2018,BASE+ALL
2019-04-26,22.365734457976394,20.454959869384766,28.297246207586646,64.89444732193303,34.003096964220205,33.64410083898403,,15.360795833333333,17.53322916666667,9,2018,BASE+ALL
2019-04-27,30.27791375114012,35.939945220947266,48.530824374924805,78.34888191681905,48.274391315957814,48.00379174260466,,27.902383333333333,17.53322916666667,9,2018,BASE+ALL
2019-04-28,19.86460816142201,17.801708221435547,26.364833805087027,52.69962943250378,29.182694905112093,28.91185213514929,,12.522129166666666,17.53322916666667,9,2018,BASE+ALL
2019-04-29,18.924747250840532,15.383230209350586,18.759487814631605,50.22423990464458,25.822926294866825,25.513670511331156,,12.358624999999998,17.53322916666667,9,2018,BASE+ALL
2019-04-30,18.579497870688055,19.380796432495117,17.47090206696116,50.21477167518477,26.411492011332278,26.130830239186906,,13.893666666666666,17.53322916666667,9,2018,BASE+ALL
2019-05-01,17.69541869845304,19.8024845123291,16.81012727514181,47.77315269815703,25.520295796020243,25.265957807878394,,13.435758333333334,17.53322916666667,9,2018,BASE+ALL
2019-05-02,17.999179104661433,18.802785873413086,15.637465334810217,57.057108261168295,27.37413464351326,27.02016203135868,,16.452670833333332,17.53322916666667,9,2018,BASE+ALL
2019-05-03,17.545215503245384,18.585054397583008,13.276741734008453,51.56267437060307,25.242421501359978,24.923964709315527,,11.442358333333331,17.53322916666667,9,2018,BASE+ALL
2019-05-04,19.182273852446027,20.009000778198242,15.417872522139037,52.01426716757944,26.655853580090685,26.3490818358049,,14.713654166666666,17.53322916666667,9,2018,BASE+ALL
2019-05-05,18.137497216764736,19.19882583618164,14.096282833132351,44.85094193065393,24.070886954183166,23.818826828947852,,10.711475,17.53322916666667,9,2018,BASE+ALL
2019-05-06,18.540655124924744,19.811983108520508,16.086791822826562,43.66232045030319,24.52543762664375,24.298694338858674,,8.977125,17.53322916666667,9,2018,BASE+ALL
2019-05-07,19.424582644825957,21.00473976135254,14.603204958344051,52.39138552049224,26.8559782212537,26.548206712432517,,10.830325,17.53322916666667,9,2018,BASE+ALL
2019-05-08,36.67622391914214,45.70676803588867,52.445016831836995,62.06662504102185,49.223658456972416,49.168625969189044,,9.575220833333333,17.53322916666667,9,2018,BASE+ALL
2019-05-09,23.09056156061732,28.521284103393555,32.79298652892086,63.22172703327122,36.90663980655074,36.65403375144654,,7.965016666666667,17.53322916666667,9,2018,BASE+ALL
2019-05-10,18.842812544551702,24.410160064697266,21.443592722662945,44.76886056566757,27.36635647439487,27.199100393813534,,6.833654166666666,17.53322916666667,9,2018,BASE+ALL
2019-05-11,19.232126295731106,22.861011505126953,18.332014408116528,49.372173444438126,27.44933141335318,27.207371444689663,,7.2557,17.53322916666667,9,2018,BASE+ALL
2019-05-12,20.091863889548787,16.961750030517578,17.42354187761543,47.31870322027,25.448964754487953,25.164602981009068,,5.589554166666667,17.53322916666667,9,2018,BASE+ALL
2019-05-13,20.92912569833076,18.833538055419922,20.712194777157087,50.41853853527985,27.723349266546904,27.442233796572932,,12.333941666666666,17.53322916666667,9,2018,BASE+ALL
2019-05-14,21.858513504363774,20.137163162231445,21.974698242729037,54.58374801573551,29.63853073126494,29.333847513581496,,11.520016666666663,17.53322916666667,9,2018,BASE+ALL
2019-05-15,22.422615048522314,24.584922790527344,31.632395862958692,57.456782690270586,34.02417909806974,33.7859680534355,,35.42616666666667,17.53322916666667,9,2018,BASE+ALL
2019-05-16,20.721228284080254,22.04711151123047,22.33621833789245,55.026784923994086,30.032835764299314,29.749045779649048,,10.98375,17.53322916666667,9,2018,BASE+ALL
2019-05-17,18.344154915347392,20.167993545532227,17.481885072824845,43.61164683717604,24.901420092720123,24.687516605956354,,9.641166666666669,17.53322916666667,9,2018,BASE+ALL
2019-05-18,18.833034741353586,19.48112678527832,18.952217294911932,46.3425471780228,25.90223149989166,25.66415901439276,,6.961204166666668,17.53322916666667,9,2018,BASE+ALL
2019-05-19,19.254328968362206,13.800625801086426,15.500316285134137,49.8605685966494,24.60395991280804,24.26328864854425,,10.091495833333331,17.53322916666667,9,2018,BASE+ALL
2019-05-20,19.275173080700213,12.575007438659668,14.362028759888403,49.63089102138641,23.960775075158672,23.604813511327507,,10.445766666666666,17.53322916666667,9,2018,BASE+ALL
2019-05-21,19.256218299282523,12.849342346191406,13.929811163106931,51.47773539306983,24.37827680041267,24.005810623205036,,8.2064,17.53322916666667,9,2018,BASE+ALL
2019-05-22,18.764543542611644,15.437674522399902,14.70996575593231,52.08290314225876,25.248771740800656,24.900431414460886,,9.680691666666666,17.53322916666667,9,2018,BASE+ALL
2019-05-23,18.90832736070514,11.646575927734375,12.914230102713827,50.47178265338395,23.485229011134322,23.1073470507213,,12.106616666666667,17.53322916666667,9,2018,BASE+ALL
2019-05-24,18.77219032849866,11.67663860321045,15.21212330621018,53.87000430082956,24.882739134687213,24.48927722729959,,12.392825,17.53322916666667,9,2018,BASE+ALL
2019-05-25,18.86586409460233,10.85751724243164,13.86096530767843,51.95968616688405,23.886008202899113,23.493994828445125,,14.416216666666664,17.53322916666667,9,2018,BASE+ALL
2019-05-26,19.778842353576916,12.432059288024902,17.057421475727356,57.27645342238807,26.636194134929312,26.224226961339255,,20.93505833333333,17.53322916666667,9,2018,BASE+ALL
2019-05-27,18.973767663332378,12.457443237304688,20.186314438620887,57.88465352728706,27.375544716636252,26.98138480321923,,18.56289583333333,17.53322916666667,9,2018,BASE+ALL
2019-05-28,18.984194324199997,10.059126853942871,16.236670609701985,56.88688178015349,25.541718391999584,25.11249719247632,,16.1104125,17.53322916666667,9,2018,BASE+ALL
2019-05-29,19.810854323881262,12.216604232788086,19.983399154622123,57.80310365658882,27.45349034197007,27.052119906044346,,15.316420833333334,17.53322916666667,9,2018,BASE+ALL
2019-05-30,17.411459199297003,9.871438980102539,20.366371264276335,64.09989231119863,27.937290438718627,27.47559732472743,,1.4413166666666666,17.53322916666667,9,2018,BASE+ALL
2019-05-31,16.906939243859394,9.097148895263672,15.397769273164137,55.46966967347805,24.217881771441313,23.799659791016445,,0.8544416666666667,17.53322916666667,9,2018,BASE+ALL
2019-06-01,16.542215851000098,15.492792129516602,13.912637394383996,52.58453285735818,24.633044558064718,24.28841868526125,,3.3805791666666667,17.53322916666667,9,2018,BASE+ALL
2019-06-02,16.299061386126688,12.655803680419922,15.835705622061207,63.739804528249465,27.13259380421432,26.67734956585339,,8.097608333333334,17.53322916666667,9,2018,BASE+ALL
2019-06-03,15.522838470286336,15.50338363647461,11.347178683919957,56.79020679554889,24.79090189655745,24.39954264679564,,9.506241666666666,17.53322916666667,9,2018,BASE+ALL
2019-06-04,15.378881838121922,8.535202980041504,10.738422471728976,57.19195712877556,22.961116104666992,22.50378199042946,,9.6554875,17.53322916666667,9,2018,BASE+ALL
2019-06-05,14.30170054276176,11.262974739074707,10.2971023633177,54.67383146116497,22.633902276579782,22.225675481170114,,8.558412500000001,17.53322916666667,9,2018,BASE+ALL
2019-06-06,14.26476444955907,14.881327629089355,11.165864955814403,52.78693440009435,23.274722858639294,22.91955070049895,,8.430279166666667,17.53322916666667,9,2018,BASE+ALL
2019-06-07,26.835305460558136,29.42641830444336,21.35473112705167,56.388141979276575,33.501149217832435,33.228450308428435,,50.82515833333333,17.53322916666667,9,2018,BASE+ALL
2019-06-08,19.64736322281619,10.617857933044434,11.708531145197922,62.27589031458143,26.062410653909993,25.55963726519277,,11.524308333333332,17.53322916666667,9,2018,BASE+ALL
2019-06-09,16.31451805413757,15.782962799072266,10.151936339554753,47.41568521951651,22.416275603070275,22.099079757232907,,14.555437499999998,17.53322916666667,9,2018,BASE+ALL
2019-06-10,16.814895353072963,14.978355407714844,11.568482872594897,46.6959662392203,22.51442496815075,22.202316840541588,,10.786716666666663,17.53322916666667,9,2018,BASE+ALL
2019-06-11,21.6143616085171,21.502485275268555,17.78200897829245,57.494797142936456,29.59841325125364,29.256135895031,,8.946995833333334,17.53322916666667,9,2018,BASE+ALL
2019-06-12,16.0743963954854,16.757179260253906,10.030070777251721,47.34208198329106,22.550932104070522,22.243344959871102,,10.774533333333332,17.53322916666667,9,2018,BASE+ALL
2019-06-13,19.74336573996874,20.74712562561035,11.894157880456612,55.54062074741853,26.98131749836356,26.625578589709455,,8.89395,17.53322916666667,9,2018,BASE+ALL
2019-06-14,17.609250249019322,19.40877914428711,12.873659076177354,55.326851878813365,26.30463508707429,25.957053923083183,,6.465108333333333,17.53322916666667,9,2018,BASE+ALL
2019-06-15,16.07877395501272,16.455236434936523,8.506617043517817,52.37462981060753,23.35381431101865,22.98991838311462,,9.003179166666667,17.53322916666667,9,2018,BASE+ALL
2019-06-16,18.399960845860594,19.58199119567871,15.810334386772755,57.93871974803025,27.932751544085576,27.576398663344307,,10.343475,17.53322916666667,9,2018,BASE+ALL
2019-06-17,28.39937883152587,33.004337310791016,24.642034700386247,96.67784181284946,45.680898163888145,45.09167841722022,,15.948216666666667,17.53322916666667,9,2018,BASE+ALL
2019-06-18,31.30434452198371,36.29523849487305,24.87199518149099,83.97566425737315,44.111810613930224,43.64869235891682,,90.46179583333333,17.53322916666667,9,2018,BASE+ALL
2019-06-19,32.20165167461513,31.530628204345703,24.271246193098644,89.4362140051908,44.35993501931257,43.798996438264936,,18.343333333333334,17.53322916666667,9,2018,BASE+ALL
2019-06-20,33.466413250431906,32.14379119873047,26.7948088408486,93.62950350196812,46.50862919799478,45.923548025679516,,17.210354166666665,17.53322916666667,9,2018,BASE+ALL
2019-06-21,36.20607057323722,34.3029899597168,29.012426275504993,89.5874632005957,47.277237502263674,46.744335234346565,,17.295308333333335,17.53322916666667,9,2018,BASE+ALL
2019-06-22,38.66592556866775,42.529720306396484,44.82287369348116,95.1965571648937,55.303769183359776,54.87115084457125,,24.44465,17.53322916666667,9,2018,BASE+ALL
2019-06-23,40.14777678119332,40.1563606262207,38.17159958977837,97.83890793116906,54.07866123209037,53.55467841522618,,47.257470833333336,17.53322916666667,9,2018,BASE+ALL
2019-06-24,38.67380768785024,35.41108322143555,30.897610347043397,89.08665799559614,48.51728981298133,47.99567693659485,,35.956833333333336,17.53322916666667,9,2018,BASE+ALL
2019-06-25,39.05747242276955,35.87363815307617,31.665208804130945,88.8428753457538,48.859798681432615,48.34670279377098,,20.3631,17.53322916666667,9,2018,BASE+ALL
2019-06-26,40.344253595563785,36.99351501464844,32.323400718681405,89.75774432524712,49.854728413535184,49.33979202556577,,38.3493375,17.53322916666667,9,2018,BASE+ALL
2019-06-27,49.41495941421591,54.12224578857422,56.125015368885144,93.77938466137672,63.360401308263,63.04632075083935,,49.31621666666667,17.53322916666667,9,2018,BASE+ALL
2019-06-28,49.43584288880185,58.06411361694336,63.39024481831423,106.10257810386744,69.24819485698171,68.90121988907576,,80.43085,17.53322916666667,9,2018,BASE+ALL
2019-06-29,45.5871457961193,51.681209564208984,47.804409079423,93.32463134574776,59.59934894637476,59.24061700526528,,77.82784166666667,17.53322916666667,9,2018,BASE+ALL
2019-06-30,43.38401319465052,46.4411735534668,39.718023452884786,101.60350194402248,57.78667803625615,57.274094194680636,,93.9117,17.53322916666667,9,2018,BASE+ALL
2019-07-01,41.16597143315483,43.901275634765625,32.61918115158106,92.76347257263836,52.61247519803497,52.12709857840032,,103.12892083333332,17.53322916666667,9,2018,BASE+ALL
2019-07-02,39.06892300133541,43.53441619873047,32.805017345500445,88.65197940098709,51.01508398663835,50.575894595799724,,81.2271375,17.53322916666667,9,2018,BASE+ALL
2019-07-03,40.05576347289241,44.59071731567383,33.15657287624505,83.17936348113074,50.2456042864855,49.860622459887026,,68.82622083333332,17.53322916666667,9,2018,BASE+ALL
2019-07-04,42.81397575343761,50.037803649902344,39.24673782541998,82.56060473920533,53.664780491991316,53.352489700150215,,95.56574166666668,17.53322916666667,9,2018,BASE+ALL
2019-07-05,39.097039607361225,43.18041229248047,34.107970630403756,68.31227832868524,46.17442521473267,45.920396191104906,,63.4315,17.53322916666667,9,2018,BASE+ALL
2019-07-06,34.68580618755813,33.22029495239258,27.49869643313269,72.01118562388399,41.853995799241844,41.467474469920546,,38.50717083333333,17.53322916666667,9,2018,BASE+ALL
2019-07-07,32.87767741406267,27.838645935058594,26.449415781618967,70.42514104986253,39.39772004515069,38.983140826261064,,36.4399875,17.53322916666667,9,2018,BASE+ALL
2019-07-08,32.53505807535389,27.90203285217285,25.626771766243277,68.4921400716741,38.63900069136103,38.23918201955387,,36.08974583333333,17.53322916666667,9,2018,BASE+ALL
2019-07-09,61.566210058658655,55.174808502197266,54.16049748205766,98.8043488847446,67.42646623191455,66.99728688595371,,65.69773333333333,17.53322916666667,9,2018,BASE+ALL
2019-07-10,64.81803100856898,68.92042541503906,70.05814953046936,114.24582911993318,79.51060876850265,79.13769474659642,,80.13340416666666,17.53322916666667,9,2018,BASE+ALL
2019-07-11,66.90185319498207,63.631866455078125,69.6931424829956,115.95925165870185,79.04652844793941,78.59935835022054,,70.53793333333333,17.53322916666667,9,2018,BASE+ALL
2019-07-12,67.68863815793131,65.13967895507812,70.91143402777676,118.53690705185043,80.56916454815916,80.11480818263031,,76.29509583333333,17.53322916666667,9,2018,BASE+ALL
2019-07-13,69.66078355761184,64.46208953857422,72.23802192610054,114.00455022635175,80.09136131215959,79.66828934179233,,37.3119,17.53322916666667,9,2018,BASE+ALL
2019-07-14,71.26580923570526,76.49214172363281,83.89257230712796,111.02977352271816,85.67007419729606,85.43626722841428,,85.3537,17.53322916666667,9,2018,BASE+ALL
2019-07-15,72.37851514336216,77.42295837402344,89.30499080291035,112.31995923264536,87.85660588823534,87.64508313333273,,45.571625,17.53322916666667,9,2018,BASE+ALL
2019-07-16,73.77556381073674,77.47191619873047,92.10111393574196,111.97112128579074,88.82992880774998,88.63064928097782,,52.73877083333333,17.53322916666667,9,2018,BASE+ALL
2019-07-17,74.41172488959621,68.4521713256836,91.73730406203939,114.2075427872924,87.2021857661529,86.90017718633163,,48.66694583333333,17.53322916666667,9,2018,BASE+ALL
2019-07-18,75.93711490152917,68.4521713256836,90.82628682217074,118.59401742925948,88.45239761966076,88.09752704777745,,59.88839166666667,17.53322916666667,9,2018,BASE+ALL
2019-07-19,77.77390820486742,71.46275329589844,89.88774330374078,117.4446110216318,89.1422539565346,88.80754090828933,,84.56320416666667,17.53322916666667,9,2018,BASE+ALL
2019-07-20,77.01518748957638,69.84797668457031,96.1266219995702,125.2756127452832,92.06634972975002,91.68938923639533,,95.0803625,17.53322916666667,9,2018,BASE+ALL
2019-07-21,84.40002094231555,79.20439910888672,99.80344996859057,120.62607501737236,96.00848625929132,95.73335510910506,,66.08024166666667,17.53322916666667,9,2018,BASE+ALL
2019-07-22,89.95303787382194,82.9648208618164,105.30785964418868,123.45938818809783,100.42127664198121,100.15467726482558,,55.63773750000001,17.53322916666667,9,2018,BASE+ALL
2019-07-23,98.37323232442938,92.67028045654297,114.05877987164895,112.60955344895456,104.42796152539397,104.34545619839388,,88.80742500000001,17.53322916666667,9,2018,BASE+ALL
2019-07-24,99.19403404787602,95.2827377319336,115.64570526250853,114.50590174201427,106.15709469608309,106.08489327244907,,85.15568333333333,17.53322916666667,9,2018,BASE+ALL
2019-07-25,102.66053659396937,99.88390350341797,123.31601461044039,116.77144316887085,110.65797446917465,110.63099575235563,,108.46440416666668,17.53322916666667,9,2018,BASE+ALL
2019-07-26,104.42843225396614,89.06897735595703,111.90875628128853,119.80819532456177,106.30359030394337,106.07981618629822,,63.68227916666667,17.53322916666667,9,2018,BASE+ALL
2019-07-27,117.75683810275221,95.5775146484375,132.60190180294185,117.5691799397874,115.87635862347975,115.7760351811063,,139.6709708333333,17.53322916666667,9,2018,BASE+ALL
2019-07-28,123.62572733044946,95.61483001708984,133.1833901049524,117.71611395438192,117.5350153517184,117.4043669124942,,159.84205,17.53322916666667,9,2018,BASE+ALL
2019-07-29,116.47897847330792,94.79601287841797,119.70125995953997,129.4938546838177,115.11752649877089,114.83548838842114,,107.72602083333334,17.53322916666667,9,2018,BASE+ALL
2019-07-30,111.70497545067929,107.8346176147461,126.35448732805169,131.14639433973173,119.2601186833022,119.1409385806806,,122.87869166666668,17.53322916666667,9,2018,BASE+ALL
2019-07-31,109.92306895663437,105.05298614501953,102.99647714549306,125.92313404682568,110.97391657349317,110.74920676903501,,128.62752916666668,17.53322916666667,9,2018,BASE+ALL
2019-08-01,113.02074278393835,112.12297821044922,122.72843456340433,122.38777299081092,117.5649821371507,117.53149427782549,,183.6669,17.53322916666667,9,2018,BASE+ALL
2019-08-02,117.26970682928005,118.30768585205078,130.82963828685803,121.82499523580596,122.0580065509987,122.10658496919952,,122.52665833333332,17.53322916666667,9,2018,BASE+ALL
2019-08-03,128.02329899493895,122.79621887207031,143.99780211985612,129.8085677120946,131.15647192474,131.19032777314294,,135.68335,17.53322916666667,9,2018,BASE+ALL
2019-08-04,134.45279278761276,124.95890808105469,150.59019655758308,127.1974668519664,134.29984106955425,134.37845027499202,,129.54675833333332,17.53322916666667,9,2018,BASE+ALL
2019-08-05,137.5448687331627,123.48999786376953,151.86867167331266,132.69442143068966,136.39948992523364,136.40700110464718,,133.30797916666668,17.53322916666667,9,2018,BASE+ALL
2019-08-06,137.8504891773657,118.9962387084961,152.29475088087193,137.46894020537988,136.6526047430284,136.58007983473624,,205.0370208333333,17.53322916666667,9,2018,BASE+ALL
2019-08-07,141.57100671136118,123.65127563476562,160.5986658464018,131.4190194544018,139.3099919117326,139.35932979052387,,150.1647625,17.53322916666667,9,2018,BASE+ALL
2019-08-08,144.3165021280109,127.81281280517578,182.5221211409825,122.7176627540329,144.34227470705054,144.61875514791151,,155.78909166666668,17.53322916666667,9,2018,BASE+ALL
2019-08-09,146.08903349305655,139.63314819335938,183.3480153321815,143.21056309577642,153.07019002859346,153.26077091194827,,251.10529166666663,17.53322916666667,9,2018,BASE+ALL
2019-08-10,145.3839380468923,134.8791961669922,183.1826798918821,147.90900751443752,152.83870540505103,152.94984857748847,,143.28164166666667,17.53322916666667,9,2018,BASE+ALL
2019-08-11,146.06735761236348,126.09051513671875,168.36803441277007,130.93985576076366,142.86644073065398,142.96171692878747,,98.32542916666668,17.53322916666667,9,2018,BASE+ALL
2019-08-12,151.20694958403013,128.25091552734375,181.12760940571087,126.76389421651795,146.83734218340066,147.03490958532757,,151.043225,17.53322916666667,9,2018,BASE+ALL
2019-08-13,152.15631391582696,123.57966613769531,184.4859418381145,124.2822986726629,146.12605514107491,146.32025006717535,,140.7517,17.53322916666667,9,2018,BASE+ALL
2019-08-14,149.23085675072247,130.95452880859375,178.66601490366503,121.0974878096755,144.9872220681642,145.25472903612814,,151.4413125,17.53322916666667,9,2018,BASE+ALL
2019-08-15,149.90599073255134,128.32359313964844,174.06868116711493,123.46606367538077,143.94108217867387,144.1340992473309,,162.061575,17.53322916666667,9,2018,BASE+ALL
2019-08-16,148.22887609582983,135.69003295898438,171.66994089818974,131.7104979510137,146.8248369760044,147.00283862573076,,169.81742916666667,17.53322916666667,9,2018,BASE+ALL
2019-08-17,147.9731231183807,124.43917846679688,168.53969295412242,125.3706380303981,141.58065814242454,141.70164080047996,,147.95053333333334,17.53322916666667,9,2018,BASE+ALL
2019-08-18,148.0409636342133,128.90493774414062,168.09119890628838,124.37409545699433,142.35279893540917,142.51780644427225,,152.0068125,17.53322916666667,9,2018,BASE+ALL
2019-08-19,148.79500381258387,130.6303253173828,174.30171194269136,123.5422596765718,144.31732518730746,144.5369815857496,,163.2361625,17.53322916666667,9,2018,BASE+ALL
2019-08-20,148.44582698930432,131.49501037597656,172.70561992880653,119.45949066975147,143.02648699095974,143.28231641176666,,133.70670416666667,17.53322916666667,9,2018,BASE+ALL
2019-08-21,149.07714504329635,132.150146484375,183.04202344415847,117.487919564994,145.43930863420596,145.77582780256031,,146.35516666666666,17.53322916666667,9,2018,BASE+ALL
2019-08-22,143.89733597976718,123.82637786865234,179.10320046351302,113.54014186264402,140.09176404364413,140.39778051687327,,170.15909166666663,17.53322916666667,9,2018,BASE+ALL
2019-08-23,143.70309607979152,135.87014770507812,181.66393631170507,112.49897184464754,143.43403798530557,143.86855684108687,,165.77664166666668,17.53322916666667,9,2018,BASE+ALL
2019-08-24,142.00863347945887,134.90072631835938,171.79868745978678,120.85042318593597,142.38961761088524,142.6928186792856,,173.353775,17.53322916666667,9,2018,BASE+ALL
2019-08-25,138.47002743300092,121.51988983154297,164.009430294023,107.84701444691817,132.96159050137126,133.2395256638943,,163.78977916666668,17.53322916666667,9,2018,BASE+ALL
2019-08-26,136.41328334881078,120.86382293701172,178.92660039979853,104.53344205075147,135.1842871840931,135.58570379744984,,172.981,17.53322916666667,9,2018,BASE+ALL
2019-08-27,134.1180793316837,115.95403289794922,176.36166510349736,103.3719300931006,132.4514268565577,132.8188127367915,,150.8981,17.53322916666667,9,2018,BASE+ALL
2019-08-28,131.07888538285354,114.92711639404297,164.59121016669806,112.5090460627704,130.77656450159125,131.00141094321486,,159.69878333333335,17.53322916666667,9,2018,BASE+ALL
2019-08-29,128.3317980952589,114.8016128540039,165.57157349284816,118.24926155335731,131.73856149886706,131.93249051598949,,111.23287083333332,17.53322916666667,9,2018,BASE+ALL
2019-08-30,128.95007725755633,119.86479949951172,170.60157436531154,118.8267310237343,134.56079553652847,134.81919148017107,,129.64750416666666,17.53322916666667,9,2018,BASE+ALL
2019-08-31,128.13075707392548,120.30738067626953,159.43861297973177,121.36388853659734,132.31015981663103,132.48839772893243,,218.44965,17.53322916666667,9,2018,BASE+ALL
2019-09-01,125.11164828230278,115.18852996826172,155.41188403544672,116.01983395755406,127.93297406089133,128.10794121793907,,160.35994583333334,17.53322916666667,9,2018,BASE+ALL
2019-09-02,102.15102943075637,91.87995147705078,118.28150440116276,105.84077874540957,104.53831601359487,104.51302847906149,,75.205125,17.53322916666667,9,2018,BASE+ALL
2019-09-03,99.54216550532404,83.98348236083984,113.57083454911023,109.12319825346168,101.55492016718394,101.41965084123387,,73.76602083333333,17.53322916666667,9,2018,BASE+ALL
2019-09-04,99.03011626906574,84.22586059570312,114.47309058697066,119.65251017051696,104.34539440556412,104.12687731090472,,84.93666666666667,17.53322916666667,9,2018,BASE+ALL
2019-09-05,91.99398597544625,77.11441802978516,106.47542889205938,112.09598394183408,96.91995420978122,96.69973082038207,,84.48194583333334,17.53322916666667,9,2018,BASE+ALL
2019-09-06,94.61319418514475,71.2419662475586,96.94489699879381,109.51831369040418,93.07959278047534,92.76105941475143,,74.30253333333333,17.53322916666667,9,2018,BASE+ALL
2019-09-07,90.80394311334116,65.0592041015625,87.22006845822658,102.34055259466804,86.35594206694958,86.01205213535357,,82.37563333333334,17.53322916666667,9,2018,BASE+ALL
2019-09-08,22.40488483862137,31.669668197631836,41.20603097038607,38.164743682492286,33.361331922282886,33.41176035877393,,1.9367541666666668,17.53322916666667,9,2018,BASE+ALL
2019-09-09,24.677443974204184,26.209884643554688,32.83074691235124,38.7155686932076,30.608411055829425,30.54503950870285,,10.132054166666666,17.53322916666667,9,2018,BASE+ALL
2019-09-10,17.449877477894606,16.39117431640625,21.99688866127844,42.26935370941843,24.52682354124943,24.32421452435573,,3.815720833333333,17.53322916666667,9,2018,BASE+ALL
2019-09-11,20.90238385009073,20.763357162475586,25.241455475820878,53.7787371621793,30.171483412641624,29.903957105962185,,8.061245833333333,17.53322916666667,9,2018,BASE+ALL
2019-09-12,17.439282651219845,17.91795539855957,24.80332276962413,49.72102254454008,27.470395840985905,27.231316107961074,,-1.0610875,17.53322916666667,9,2018,BASE+ALL
2019-09-13,15.972620552080654,16.88633918762207,24.153483898949727,40.34817483777416,24.340154619106656,24.17984262335047,,24.25735833333333,17.53322916666667,9,2018,BASE+ALL
2019-09-14,15.68172085843848,16.986501693725586,24.225651045015336,40.618378815332576,24.378063103127996,24.21825942758935,,23.47117916666667,17.53322916666667,9,2018,BASE+ALL
2019-09-15,13.39768472270613,12.099145889282227,17.645007592898864,39.22551744362146,20.591838912127173,20.37645103880332,,6.138091666666667,17.53322916666667,9,2018,BASE+ALL
2019-09-16,11.402447854609928,10.903629302978516,14.552134569299554,36.40472967670983,18.31573535089946,18.108032661841094,,10.12225,17.53322916666667,9,2018,BASE+ALL
2019-09-17,12.371414017538621,13.241451263427734,19.09110754457551,38.95371815613763,20.914422745419877,20.72550087167982,,4.868908333333333,17.53322916666667,9,2018,BASE+ALL
2019-09-18,13.176983422192942,13.008760452270508,21.40511544079155,41.08167278400206,22.168133024814267,21.967501060761386,,2.5211208333333333,17.53322916666667,9,2018,BASE+ALL
2019-09-19,12.746498567796433,12.580461502075195,20.372116690436716,39.990428587667694,21.42237633699401,21.224069913997177,,3.5419125,17.53322916666667,9,2018,BASE+ALL
2019-09-20,15.163901952193287,18.00835418701172,25.561653706508498,57.65570666937772,29.097404128772805,28.805817307092,,21.261545833333333,17.53322916666667,9,2018,BASE+ALL
2019-09-21,15.411521969651432,17.88660430908203,26.89304192985491,62.55288022050609,30.686012107273616,30.35637746640519,,18.5623875,17.53322916666667,9,2018,BASE+ALL
2019-09-22,14.500860599467313,13.546913146972656,18.505384113866516,53.63535218491176,25.04712751130456,24.71507136914527,,12.860929166666669,17.53322916666667,9,2018,BASE+ALL
2019-09-23,15.104685766967007,16.356266021728516,19.072071100368312,57.712436580084095,27.061364867286983,26.717110115735245,,17.651754166666667,17.53322916666667,9,2018,BASE+ALL
2019-09-24,26.578589821283487,29.345483779907227,37.121221733499745,63.738736002452406,39.196007834285716,38.951966205893484,,14.061975,17.53322916666667,9,2018,BASE+ALL
2019-09-25,68.34718516063838,57.51614761352539,60.9728735843964,115.50922359844763,75.58635748925195,75.03124546572198,,151.03272083333334,17.53322916666667,9,2018,BASE+ALL
2019-09-26,66.73526637569331,57.13015365600586,57.791407511330306,116.34807104629768,74.50122464733178,73.92555629652333,,58.65232083333333,17.53322916666667,9,2018,BASE+ALL
2019-09-27,71.52622415765957,63.10303497314453,64.27407121719254,115.63950964834524,78.63570999908546,78.12899605999672,,66.40462083333334,17.53322916666667,9,2018,BASE+ALL
2019-09-28,69.63232106017738,68.86505126953125,66.53909452240734,118.7566066910636,80.94826838579489,80.48713016313535,,62.355733333333326,17.53322916666667,9,2018,BASE+ALL
2019-09-29,67.67650447434875,57.41844940185547,55.67329486454855,121.38567437782378,75.53848077964413,74.90276085965453,,47.981545833333335,17.53322916666667,9,2018,BASE+ALL
2019-09-30,66.4906664837642,55.31262969970703,58.84229065690422,109.04456064585747,72.42253687155824,71.90376274669508,,42.83938333333333,17.53322916666667,9,2018,BASE+ALL
2019-10-01,49.03623693320916,42.10029983520508,40.743339945619766,90.94803339108668,55.70697752628017,55.22638703253347,,17.29005,17.53322916666667,9,2018,BASE+ALL
2019-10-02,47.943146291336454,35.37181091308594,35.948834237525524,83.44634270388205,50.67753353645749,50.18376974253147,,40.8408375,17.53322916666667,9,2018,BASE+ALL
2019-10-03,47.91605774461467,36.364131927490234,38.56518138701457,93.04762070215644,53.973247940318984,53.41831822050481,,22.43777083333333,17.53322916666667,9,2018,BASE+ALL
2019-10-04,64.52522020933567,43.18062973022461,58.12515787465285,105.94362292339244,67.94365768440139,67.35537319103273,,132.1518625,17.53322916666667,9,2018,BASE+ALL
2019-10-05,46.38154160186442,31.077316284179688,38.651266127149924,86.18601840957756,50.5740356056929,50.043896635865,,118.58219583333332,17.53322916666667,9,2018,BASE+ALL
2019-10-06,46.7153353522176,27.772565841674805,28.791463836309287,93.06473707696397,49.08602552679142,48.406374841535225,,26.674945833333336,17.53322916666667,9,2018,BASE+ALL
2019-10-07,61.41960410991835,44.191864013671875,51.692294874446596,106.40432254969204,65.92702138693221,65.32261450268359,,49.51145,17.53322916666667,9,2018,BASE+ALL
2019-10-08,63.78249789784735,47.47554397583008,52.72952803335587,111.90997644568448,68.97438658817944,68.34210877061143,,36.33675833333333,17.53322916666667,9,2018,BASE+ALL
2019-10-09,63.75704186508369,53.29619216918945,54.18139612006133,110.48588007185384,70.43012755654708,69.86901730397874,,28.89495,17.53322916666667,9,2018,BASE+ALL
2019-10-10,62.04934396982661,54.55379867553711,55.68703729165108,115.25664776033967,71.88670692433861,71.31242189765115,,30.574841666666668,17.53322916666667,9,2018,BASE+ALL
2019-10-11,64.08222791020334,67.97042083740234,62.43494083508694,122.43423977147133,79.23045733854099,78.73573891889563,,44.00215416666666,17.53322916666667,9,2018,BASE+ALL
2019-10-12,59.68751726348876,59.56869888305664,61.90254105504309,103.92038412461272,71.26978533155031,70.88901512740233,,37.98258333333333,17.53322916666667,9,2018,BASE+ALL
2019-10-13,59.49851977674248,61.68748474121094,63.99066153639761,106.03468985433749,72.80283897717213,72.43481579554995,,39.2443125,17.53322916666667,9,2018,BASE+ALL
2019-10-14,61.920526576240555,63.46658706665039,69.18386972819553,98.82629969162488,73.34932076567785,73.07770959466919,,71.99200416666666,17.53322916666667,9,2018,BASE+ALL
2019-10-15,58.896096126720686,58.17279052734375,61.30296000225001,106.04405191960382,71.10397464397957,70.69327720415168,,36.16065416666667,17.53322916666667,9,2018,BASE+ALL
2019-10-16,57.58124651704214,57.04002380371094,59.66162476462295,115.33901163011492,72.40547667887273,71.9001776768701,,83.13257916666667,17.53322916666667,9,2018,BASE+ALL
2019-10-17,60.43201110920501,60.58469772338867,63.973437521179484,116.353097477783,75.33581095788904,74.86139703803534,,39.4981625,17.53322916666667,9,2018,BASE+ALL
2019-10-18,64.11030667703655,62.07162857055664,59.612382099667016,124.321521477846,77.52895970627655,76.9501744044384,,39.45684166666667,17.53322916666667,9,2018,BASE+ALL
2019-10-19,55.252933581960185,54.70927047729492,53.404926975324855,113.98053441632788,69.33691636272695,68.79976151704733,,38.81505416666666,17.53322916666667,9,2018,BASE+ALL
2019-10-20,58.88892089892247,58.21757888793945,61.20122744335289,105.73931297056916,71.01176005019599,70.60359097140383,,78.61630833333334,17.53322916666667,9,2018,BASE+ALL
2019-10-21,58.99277214347823,58.1514892578125,61.90693182402772,106.23452392802326,71.32142928833542,70.91188826154426,,42.074958333333335,17.53322916666667,9,2018,BASE+ALL
2019-10-22,45.3560708315937,41.143836975097656,41.060255941001266,81.59481726605478,52.28874525343685,51.905467740001455,,35.83810416666667,17.53322916666667,9,2018,BASE+ALL
2019-10-23,41.99121745219775,33.04198455810547,34.60303133367432,77.12215479691884,46.6895970352241,46.257354012904585,,41.168425,17.53322916666667,9,2018,BASE+ALL
2019-10-24,37.18300247255758,30.303180694580078,30.964340347139377,87.82076303793635,46.567821638053346,46.02247418477485,,22.02372916666667,17.53322916666667,9,2018,BASE+ALL
2019-10-25,60.10910930831161,53.2103271484375,57.23576355872369,93.64469401581064,66.04997350782085,65.6761289975768,,44.159625,17.53322916666667,9,2018,BASE+ALL
2019-10-26,64.68164545255128,59.955936431884766,64.6606880480849,96.01177765755963,71.32751189752014,71.00870632031004,,53.61133333333333,17.53322916666667,9,2018,BASE+ALL
2019-10-27,41.71132665174857,40.67680740356445,41.459539780371514,61.838281556403885,46.42148884802211,46.232395884947465,,34.25787916666666,17.53322916666667,9,2018,BASE+ALL
2019-10-28,36.77725440907134,33.039791107177734,31.563730614487127,60.75187406387126,40.533162548651866,40.25744378755862,,48.6742375,17.53322916666667,9,2018,BASE+ALL
2019-10-29,38.60573156386492,37.14305877685547,41.7169190367366,67.11571661892197,46.14535649909474,45.89802742135392,,43.52924583333333,17.53322916666667,9,2018,BASE+ALL
2019-10-30,49.433756115006155,56.66875457763672,64.77762220970492,72.15226924350046,60.75810053646206,60.70892540694456,,72.889875,17.53322916666667,9,2018,BASE+ALL
2019-10-31,35.23206538189641,40.729331970214844,40.1102500008806,68.57556524250303,46.161803148873716,45.94153283264451,,17.3784625,17.53322916666667,9,2018,BASE+ALL
2019-11-01,40.12241791092944,39.010650634765625,40.23027244897811,81.36162453482906,50.18124138237556,49.80610836557493,,44.60476666666667,17.53322916666667,9,2018,BASE+ALL
2019-11-02,67.09523447866161,79.18807983398438,96.67845831874664,92.9671168913417,83.98222238068358,84.03077150938495,,84.578875,17.53322916666667,9,2018,BASE+ALL
2019-11-03,42.34659166070095,46.611515045166016,41.13299030837584,76.47321115772779,51.64107704299265,51.367299118922034,,24.50328333333333,17.53322916666667,9,2018,BASE+ALL
2019-11-04,16.85457503524546,28.662967681884766,23.177076226267,49.24983130230401,29.48611256142531,29.336792795028042,,2.5965458333333333,17.53322916666667,9,2018,BASE+ALL
2019-11-05,16.016465092145086,18.900592803955078,16.89164527358101,49.70542349790372,25.378531666896222,25.10917539194414,,2.3351125,17.53322916666667,9,2018,BASE+ALL
2019-11-06,14.284639763530317,13.64168643951416,14.20279166052968,45.24747701518309,21.844148719689308,21.56317294522703,,3.489525,17.53322916666667,9,2018,BASE+ALL
2019-11-07,12.877077237129571,11.915460586547852,11.98018065094275,43.24663696757801,20.004838860549548,19.721588119487592,,3.854575,17.53322916666667,9,2018,BASE+ALL
2019-11-08,11.917542866939694,12.201409339904785,12.10112333316791,36.368214859640176,18.14707259991314,17.933431468786285,,4.274425,17.53322916666667,9,2018,BASE+ALL
2019-11-09,18.58679457475971,20.133371353149414,25.3872167415822,49.9031840881998,28.50264168942278,28.277939735410886,,6.107458333333334,17.53322916666667,9,2018,BASE+ALL
2019-11-10,14.31565979906017,15.589991569519043,18.10552360512816,44.23820980657186,23.062346195069807,22.82989831522106,,5.250383333333333,17.53322916666667,9,2018,BASE+ALL
2019-11-11,23.327459864818188,20.703706741333008,23.563101393584116,59.22910500139543,31.705843250282683,31.365935391249444,,10.4491125,17.53322916666667,9,2018,BASE+ALL
2019-11-12,20.165734926171147,17.550922393798828,20.607799665253573,58.69678105043782,29.255309508915342,28.89334573931703,,9.466970833333331,17.53322916666667,9,2018,BASE+ALL
2019-11-13,27.39931686135709,24.06284523010254,23.724066116704215,44.24308493240301,29.857328285141712,29.65746456805886,,7.8383875,17.53322916666667,9,2018,BASE+ALL
2019-11-14,29.915996131556785,26.550172805786133,29.259539384917055,34.15536615332044,29.970268618895105,29.899942502986256,,9.029404166666668,17.53322916666667,9,2018,BASE+ALL
2019-11-15,17.88157340394182,15.764013290405273,19.748616056902744,45.11074865568777,24.626237851734402,24.377327165053046,,7.7854125,17.53322916666667,9,2018,BASE+ALL
2019-11-16,15.769600034569008,11.665984153747559,13.827210221055372,42.96988003896254,21.05816861208362,20.770005624928004,,6.770620833333333,17.53322916666667,9,2018,BASE+ALL
2019-11-17,13.748484733215077,11.553232192993164,12.420624864992133,35.769535434725654,18.372969306481508,18.150763347439327,,5.386304166666666,17.53322916666667,9,2018,BASE+ALL
2019-11-18,13.733368852198636,12.312756538391113,12.5633075367715,37.197260286931744,18.95167330357325,18.724212753130843,,6.1350875,17.53322916666667,9,2018,BASE+ALL
2019-11-19,14.6176738725916,12.717835426330566,12.493578098998979,53.77498057334698,23.401016992817034,23.024438614558143,,8.049995833333334,17.53322916666667,9,2018,BASE+ALL
2019-11-20,19.139414856110463,20.092763900756836,18.777364994339585,62.20107010355014,30.052653463689253,29.676223867776397,,9.4156375,17.53322916666667,9,2018,BASE+ALL
2019-11-21,36.809566681993374,35.32627487182617,40.9469498388473,48.34700915656291,40.35745013730744,40.26674967668782,,9.04735,17.53322916666667,9,2018,BASE+ALL
2019-11-22,40.85302235024533,40.99967956542969,45.978863049743886,67.7719477964635,48.90087819047061,48.69335660068417,,17.626329166666668,17.53322916666667,9,2018,BASE+ALL
2019-11-23,49.124870721189346,54.16140365600586,56.481314175815314,68.6294713295312,57.09926497063543,57.01261062312486,,14.79695,17.53322916666667,9,2018,BASE+ALL
2019-11-24,34.7875334472512,39.89617156982422,39.31602246513635,70.16945033376112,46.04229445399322,45.79852844683777,,17.829245833333335,17.53322916666667,9,2018,BASE+ALL
2019-11-25,33.593104522869275,32.8758659362793,32.557520501708154,77.52107491010548,44.136891467740554,43.734494674616144,,19.91565,17.53322916666667,9,2018,BASE+ALL
2019-11-26,49.34181951480786,45.917388916015625,42.074749655588676,87.36092999810855,56.173722021130175,55.76380835986388,,39.41180416666667,17.53322916666667,9,2018,BASE+ALL
2019-11-27,45.22646987034009,49.89908981323242,48.98447492844075,75.05871215369189,54.79218669142628,54.58942464186332,,18.63509583333333,17.53322916666667,9,2018,BASE+ALL
2019-11-28,37.47523731234192,38.40446472167969,36.22021936418332,70.43244738561843,45.63309219595584,45.340918745249525,,15.681870833333331,17.53322916666667,9,2018,BASE+ALL
2019-11-29,34.11682572492957,33.40876770019531,30.193146282649465,59.2356731404238,39.23860321204954,38.98626305435744,,17.085966666666668,17.53322916666667,9,2018,BASE+ALL
2019-11-30,40.966428323369115,39.16209030151367,47.10243428908751,63.620532163754525,47.712871269431204,47.53250770255493,,8.360637500000001,17.53322916666667,9,2018,BASE+ALL
2019-12-01,32.4138440819521,32.743160247802734,39.03603371533359,58.63470494910201,40.70693574854761,40.51602178130716,,21.592454166666663,17.53322916666667,9,2018,BASE+ALL
2019-12-02,30.32781764299134,30.174346923828125,34.446270626113304,51.58793278677319,36.63409199492649,36.46830577619048,,27.47814166666667,17.53322916666667,9,2018,BASE+ALL
2019-12-03,30.30270937919128,30.874683380126953,33.13926419164524,58.86547588090491,38.2955332079671,38.0635181983678,,30.072954166666666,17.53322916666667,9,2018,BASE+ALL
2019-12-04,29.04542652643322,29.801288604736328,31.247820367558308,55.732594871408175,36.456782592534005,36.23924989834958,,24.71483333333333,17.53322916666667,9,2018,BASE+ALL
2019-12-05,35.91999185184811,32.404449462890625,40.03692548785308,79.43912426459151,46.95012276679583,46.55787535929693,,35.01582916666666,17.53322916666667,9,2018,BASE+ALL
2019-12-06,29.463794282020526,29.646739959716797,30.813049443648488,67.64267188044245,39.39156389145707,39.062025059298946,,52.85185416666667,17.53322916666667,9,2018,BASE+ALL
2019-12-07,20.330535406915057,22.13753890991211,29.019234351282893,58.491569701210615,32.49471959233017,32.22261794912285,,11.825133333333332,17.53322916666667,9,2018,BASE+ALL
2019-12-08,48.70897362541405,53.9077033996582,60.40344791904963,78.6431181120309,60.4158107640382,60.26355868520949,,23.737716666666667,17.53322916666667,9,2018,BASE+ALL
2019-12-09,22.30657206616211,31.39630699157715,31.52942843495958,60.567005636341975,36.4498282822602,36.242304580082184,,9.377133333333331,17.53322916666667,9,2018,BASE+ALL
2019-12-10,24.64252833727386,27.406911849975586,24.695035450881644,58.968793812016905,33.928317362537,33.64741354650273,,12.732195833333334,17.53322916666667,9,2018,BASE+ALL
2019-12-11,18.849012788870244,20.36541748046875,19.010478206821517,48.09790452873871,26.580703251224804,26.334861036551786,,10.224170833333334,17.53322916666667,9,2018,BASE+ALL
2019-12-12,32.74898044084452,28.245559692382812,28.922798641987157,55.39329554217246,36.32765857934674,36.06540287452715,,14.438320833333334,17.53322916666667,9,2018,BASE+ALL
2019-12-13,26.419324808985287,33.17809295654297,31.539796975080424,64.85627906676396,38.998373451843165,38.74509069183827,,14.831008333333337,17.53322916666667,9,2018,BASE+ALL
2019-12-14,31.379854796641677,35.97568130493164,33.16958346840012,60.71405270171349,40.30979306792173,40.099162455421705,,11.998379166666666,17.53322916666667,9,2018,BASE+ALL
2019-12-15,22.01866916465231,27.680078506469727,23.796082684309788,58.60759572149954,33.02560651923284,32.759587366885484,,8.733745833333334,17.53322916666667,9,2018,BASE+ALL
2019-12-16,15.236736288739715,18.775217056274414,17.283791908092482,38.43018150791112,22.431481690254433,22.267864801377296,,9.369879166666664,17.53322916666667,9,2018,BASE+ALL
2019-12-17,16.960990798765206,16.462736129760742,16.79173858322841,5.680835892897752,13.974075351163028,14.068995243072305,,34.668816666666665,18.800075,2,2019,BASE+ALL
2019-12-18,48.92152638318391,49.96192932128906,74.70030807647996,28.960249885454704,50.63600341660191,50.974570799456245,,98.74777083333332,18.800075,2,2019,BASE+ALL
2019-12-19,45.59687802195327,56.902671813964844,69.19636147151614,37.66122075042807,52.33928301446558,52.64598411496485,,92.95863333333334,18.800075,2,2019,BASE+ALL
2019-12-20,32.59503216404162,32.526466369628906,31.19360675135855,3.627017354989477,24.985530660004635,25.233934794858737,,29.576941666666663,18.800075,2,2019,BASE+ALL
2019-12-21,32.72654562484905,31.01155662536621,34.21052261507773,14.597396018600213,28.1365052209733,28.29161689547449,,21.39916666666667,18.800075,2,2019,BASE+ALL
2019-12-22,39.36964563335111,34.34746551513672,30.936854913515578,7.458580079151517,28.02813653528873,28.218737204490246,,27.107829166666665,18.800075,2,2019,BASE+ALL
2019-12-23,30.997299369044335,33.34683609008789,34.334687388605424,13.308170474309868,27.996748330511878,28.19367965283302,,11.221041666666666,18.800075,2,2019,BASE+ALL
2019-12-24,40.851114930692084,39.68524169921875,43.59843041760244,14.259408751718167,34.598548949807856,34.84098498880557,,12.794670833333331,18.800075,2,2019,BASE+ALL
2019-12-25,17.189876807619473,21.167945861816406,22.118420851639275,7.610991950663995,17.021808867934787,17.17004797817463,,20.4442,18.800075,2,2019,BASE+ALL
2019-12-26,48.902563916615414,49.664695739746094,71.37691928236613,28.7450135667506,49.67229812636956,49.990694924332864,,36.0653,18.800075,2,2019,BASE+ALL
2019-12-27,21.716094469638804,30.89961051940918,25.39603121380438,14.564389515119656,23.144031429493005,23.307865349349132,,15.763541666666669,18.800075,2,2019,BASE+ALL
2019-12-28,16.012689205648996,20.891551971435547,20.235658832985273,10.418893597373488,16.889698401860826,17.0060799942668,,8.362554166666667,18.800075,2,2019,BASE+ALL
2019-12-29,15.189092177914079,17.286272048950195,17.47872793906115,8.438037025768901,14.59803229792358,14.689466468757844,,12.524916666666668,18.800075,2,2019,BASE+ALL
2019-12-30,12.595695833601361,15.567655563354492,15.621294654756232,2.671577604255022,11.614055913991777,11.745505253310476,,36.75321666666667,18.800075,2,2019,BASE+ALL
2019-12-31,13.146026023610103,17.34666633605957,16.623884386851486,9.658706556248037,14.193820825692299,14.281287429435437,,26.597625,18.800075,2,2019,BASE+ALL
2020-01-01,13.121863219852628,16.00291633605957,16.149658850381993,5.706551624878529,12.74524750779318,12.853650564868907,,36.14471666666667,18.800075,2,2019,BASE+ALL
2020-01-02,18.910309608932348,18.177066802978516,19.624068032509086,15.237574839780075,17.98725482105001,18.0178199748898,,20.362054166666667,18.800075,2,2019,BASE+ALL
2020-01-03,20.623382729131276,20.010875701904297,19.515933066620743,13.131520557709257,18.320428013841394,18.375179477462645,,19.7837,18.800075,2,2019,BASE+ALL
2020-01-04,16.290855867729064,11.880210876464844,13.876831310347733,6.379738460920793,12.106909128865608,12.142930595376662,,23.944033333333334,18.800075,2,2019,BASE+ALL
2020-01-05,15.243079997765934,11.200501441955566,11.27667550538952,11.375182118193068,12.273859765826021,12.250181665778161,,11.908958333333333,18.800075,2,2019,BASE+ALL
2020-01-06,21.329723151484966,20.300310134887695,25.216724438964096,16.885672812129414,20.933107634366543,20.98674710931758,,11.314208333333331,18.800075,2,2019,BASE+ALL
2020-01-07,20.517675441554573,19.693044662475586,28.243156289117007,14.97290611105503,20.85669562605055,20.9445529335855,,7.4138875,18.800075,2,2019,BASE+ALL
2020-01-08,18.07902117000476,13.521729469299316,19.578539692937184,12.730339153642728,15.977407371471,15.99478753008057,,10.497245833333332,18.800075,2,2019,BASE+ALL
2020-01-09,35.3931301834329,27.674449920654297,36.34143342234888,22.55815391477831,30.491791860303593,30.545356562100874,,49.4990625,18.800075,2,2019,BASE+ALL
2020-01-10,17.642522056476768,16.058734893798828,15.940705021899717,11.935460200337392,15.394355543128174,15.421432923918452,,-4.392925,18.800075,2,2019,BASE+ALL
2020-01-11,39.491962703733606,32.98015594482422,48.51282342402742,24.598132282370404,36.39576858873891,36.525662005552,,-0.0349208333333335,18.800075,2,2019,BASE+ALL
2020-01-12,39.36693522918174,30.540700912475586,35.55696535968448,25.932382668151128,32.84924604237323,32.870533573096026,,29.9203,18.800075,2,2019,BASE+ALL
2020-01-13,51.41683491887119,46.74903869628906,71.17784457752968,29.217083344240194,49.640200384232536,49.91424287439029,,46.44777916666667,18.800075,2,2019,BASE+ALL
2020-01-14,54.62723600844599,55.58664321899414,77.42968646830047,41.77606952307074,57.35490880470284,57.61204222800448,,79.97217916666666,18.800075,2,2019,BASE+ALL
2020-01-15,28.50771212497751,36.028907775878906,32.23978119402464,15.310530204804923,28.02173282492149,28.22534583001059,,-6.4949,18.800075,2,2019,BASE+ALL
2020-01-16,50.44540864705835,53.98178482055664,75.59124403938551,30.955310687710465,52.74343704867774,53.095431116676274,,36.13772083333333,18.800075,2,2019,BASE+ALL
2020-01-17,32.143935898877174,37.1287727355957,27.756465797732133,12.676554475057678,27.42643222681567,27.616038321902927,,9.326175,18.800075,2,2019,BASE+ALL
2020-01-18,18.713239870937482,19.93071174621582,19.331203372059132,6.458988337306116,16.108535831629638,16.231438321005907,,20.70103333333333,18.800075,2,2019,BASE+ALL
2020-01-19,16.76051986411206,15.766600608825684,16.176283918883023,6.459642443055991,13.790761708719188,13.870290871707146,,18.37625833333333,18.800075,2,2019,BASE+ALL
2020-01-20,15.552504572347129,15.01993465423584,15.661713529551886,5.538473315516269,12.943156517912781,13.02818401238336,,17.703004166666666,18.800075,2,2019,BASE+ALL
2020-01-21,14.829918090038227,13.743896484375,16.219050051973056,5.562479938968295,12.588836141338644,12.670064048623342,,21.49148333333333,18.800075,2,2019,BASE+ALL
2020-01-22,13.33111996421442,12.982215881347656,13.998192556211034,9.943103756709538,12.563658039620663,12.594706529648715,,18.655904166666662,18.800075,2,2019,BASE+ALL
2020-01-23,14.827503012886416,14.450878143310547,14.113884527485915,15.240401257500276,14.658166735295788,14.647059295764567,,23.285616666666662,18.800075,2,2019,BASE+ALL
2020-01-24,13.799684142672108,11.320898056030273,11.26435644543422,7.2164697204426975,10.900352091144823,10.922627173544896,,23.81589583333333,18.800075,2,2019,BASE+ALL
2020-01-25,13.443183971123405,13.387690544128418,13.536513975561263,13.48389431903394,13.462820702461755,13.462536091487177,,25.246104166666665,18.800075,2,2019,BASE+ALL
2020-01-26,17.328748782523796,10.679728507995605,15.389726976946909,13.533453482452227,14.232914437479636,14.19827790885005,,10.657091666666666,18.800075,2,2019,BASE+ALL
2020-01-27,29.659922666315953,21.618196487426758,16.960279648398657,19.155735945490036,21.84853368690785,21.797958284507803,,11.158379166666668,18.800075,2,2019,BASE+ALL
2020-01-28,35.60786880833105,27.743732452392578,21.772410245657625,18.85132365341491,25.99383378994904,25.99359293751885,,12.7007125,18.800075,2,2019,BASE+ALL
2020-01-29,20.295347143376617,21.21047019958496,17.68131942052305,14.52479800171748,18.42798369130053,18.4716106411617,,11.659383333333333,18.800075,2,2019,BASE+ALL
2020-01-30,26.407877773004813,26.249113082885742,25.536449021419788,17.122036379680377,23.82886906424768,23.904830372005335,,12.064066666666667,18.800075,2,2019,BASE+ALL
2020-01-31,29.95014300615909,27.462751388549805,20.587163164581323,18.70508595408837,24.17628587834465,24.19953104443234,,9.810720833333331,18.800075,2,2019,BASE+ALL
2020-02-01,30.604321477972462,26.846742630004883,18.248322936141573,19.93467759068081,23.908516158699932,23.89809215306367,,15.052291666666669,18.800075,2,2019,BASE+ALL
2020-02-02,45.80846794546006,35.9672966003418,39.48739816045716,29.57205474106776,37.708804361831696,37.731449814733566,,22.874329166666666,18.800075,2,2019,BASE+ALL
2020-02-03,38.954780884324535,30.434953689575195,25.363038846140658,18.417356673234845,28.29253252331881,28.321702224045588,,13.7422125,18.800075,2,2019,BASE+ALL
2020-02-04,38.005303085065314,37.7620849609375,37.105469394066176,18.22490107016416,32.77443962755829,32.94271631293892,,17.12709166666667,18.800075,2,2019,BASE+ALL
2020-02-05,19.38878862501165,20.10505485534668,16.54113246503703,8.373970069065617,16.102236503615245,16.189357368781582,,11.651058333333332,18.800075,2,2019,BASE+ALL
2020-02-06,19.26660930638408,17.316137313842773,14.742720694899175,13.22470485268232,16.13754304195209,16.147775443723386,,15.698879166666666,18.800075,2,2019,BASE+ALL
2020-02-07,26.06514613305352,26.21338653564453,20.239388446981344,19.569812957567056,23.021933518311613,23.046451675750912,,21.56972083333333,18.800075,2,2019,BASE+ALL
2020-02-08,34.816908853268295,30.33165168762207,24.860647780370957,25.36878499904024,28.844498330075393,28.831185716265143,,32.613995833333334,18.800075,2,2019,BASE+ALL
2020-02-09,53.01637707713404,57.3858757019043,59.60174814067054,70.23820350430512,60.060551106003494,59.98390645336907,,194.07235416666663,18.800075,2,2019,BASE+ALL
2020-02-10,56.99769243078736,68.9380111694336,76.796054097518,37.78605330116881,60.12945274972694,60.51925876591219,,49.3166625,18.800075,2,2019,BASE+ALL
2020-02-11,45.62550029161759,53.96632385253906,62.15560542410306,29.76203052266759,47.87736502273182,48.187322027633115,,50.8533125,18.800075,2,2019,BASE+ALL
2020-02-12,32.32921453241243,40.43610382080078,37.77284315306381,16.066490736931588,31.65116306080215,31.89713015065027,,13.519,18.800075,2,2019,BASE+ALL
2020-02-13,50.712463196373704,55.58039093017578,67.82351073800766,38.02972111213061,53.036521494171936,53.29195308154188,,42.2392,18.800075,2,2019,BASE+ALL
2020-02-14,36.447231043656956,43.564491271972656,35.4764074738956,23.847084224899767,34.83380350360624,35.00085859346609,,12.364083333333332,18.800075,2,2019,BASE+ALL
2020-02-15,59.51966071444087,70.53805541992188,86.78638641748037,46.84865911192332,65.9231904159416,66.291166903659,,130.97249583333334,18.800075,2,2019,BASE+ALL
2020-02-16,60.0469951767607,70.27442169189453,63.3701020654583,23.41200252665806,54.2758803651929,54.70838671338598,,21.805975,18.800075,2,2019,BASE+ALL
2020-02-17,50.11780207538448,57.844608306884766,72.52625300883277,34.86738154457263,53.83901123391866,54.173018827503526,,50.38093750000001,18.800075,2,2019,BASE+ALL
2020-02-18,48.02592075135967,55.44215774536133,69.02180434369559,47.09835706719325,54.89705997690247,55.09285450125327,,74.059725,18.800075,2,2019,BASE+ALL
2020-02-19,33.08802938188033,42.47603988647461,33.35641951130639,28.79794701081568,34.42960894761925,34.549610871969044,,12.108679166666668,18.800075,2,2019,BASE+ALL
2020-02-20,43.755588603020335,42.37699890136719,50.282533798114535,41.012265945968906,44.35684681211774,44.407999636816385,,26.8038625,18.800075,2,2019,BASE+ALL
2020-02-21,39.43894526824585,40.30750274658203,45.016338339601425,32.00753102593213,39.19257934509036,39.29897988239741,,15.862066666666664,18.800075,2,2019,BASE+ALL
2020-02-22,54.75952270552288,58.882225036621094,76.57061253774222,43.36838367311727,58.395185988250866,58.66055401652048,,32.282495833333336,18.800075,2,2019,BASE+ALL
2020-02-23,49.217708799478366,55.889862060546875,67.06616668948587,53.72316288363227,56.47422510828585,56.59679645805507,,86.23708333333333,18.800075,2,2019,BASE+ALL
2020-02-24,54.45487121054291,60.300621032714844,72.84258966372859,45.99114434129218,58.39730656206963,58.631179503708175,,29.721241666666668,18.800075,2,2019,BASE+ALL
2020-02-25,42.41466635376315,49.61518096923828,50.60016023563124,35.576362983504374,44.55159263553426,44.72231201321705,,29.053016666666668,18.800075,2,2019,BASE+ALL
2020-02-26,37.78367488290975,47.69495391845703,38.34835282522957,38.36051920228206,40.5468752072196,40.629880236694014,,75.02151666666667,18.800075,2,2019,BASE+ALL
2020-02-27,35.0276384331281,40.84844970703125,32.67856339879817,25.460101716624063,33.50368831389539,33.62457159436367,,18.5227875,18.800075,2,2019,BASE+ALL
2020-02-28,47.16305841175271,46.99138641357422,64.73205617573362,48.34154888617738,51.80701247180948,51.89893136158471,,56.38238333333334,18.800075,2,2019,BASE+ALL
2020-02-29,51.85234107017919,68.75951385498047,75.41930872828425,52.91495913800677,62.23653069786267,62.511042210358575,,63.9717625,18.800075,2,2019,BASE+ALL
2020-03-01,40.25907622805359,50.10556411743164,46.49024113056619,47.34304325444993,46.049481182625335,46.10763576657165,,70.2430125,18.800075,2,2019,BASE+ALL
2020-03-02,26.59720150799085,35.447608947753906,27.61572729523222,23.88336156157385,28.385974828137705,28.49181266361303,,10.405416666666666,18.800075,2,2019,BASE+ALL
2020-03-03,20.735061265715704,20.40107536315918,20.407992075472478,21.48679890858613,20.75773190323337,20.746264864059327,,8.677249999999999,18.800075,2,2019,BASE+ALL
2020-03-04,25.439202065328615,21.836130142211914,23.446268483058493,30.387683986942942,25.27732116938549,25.190767343769842,,22.66469166666667,18.800075,2,2019,BASE+ALL
2020-03-05,40.80294665181811,37.26132583618164,42.261983208222176,31.28626110487756,37.90312920027487,37.96597651280463,,24.64927916666667,18.800075,2,2019,BASE+ALL
2020-03-06,22.646541097014676,21.361574172973633,21.957408096833717,16.22809655552173,20.54840498058594,20.59034297090476,,9.792908333333331,18.800075,2,2019,BASE+ALL
2020-03-07,32.692010284567715,22.53881072998047,19.663607303521534,21.292807985278408,24.046809075837032,23.984175745667827,,10.491375,18.800075,2,2019,BASE+ALL
2020-03-08,44.08256627524071,41.07979202270508,49.42859620342323,31.791051525671545,41.595501506760144,41.71057966735726,,31.77432083333333,18.800075,2,2019,BASE+ALL
2020-03-09,38.49299672739777,34.48483657836914,43.46219526101261,27.721307506545816,36.040334018331336,36.13108555720971,,20.93005,18.800075,2,2019,BASE+ALL
2020-03-10,46.485073139426596,44.07106018066406,56.43200035213038,42.03876032921614,47.25672350035929,47.33435944002706,,46.81635416666666,18.800075,2,2019,BASE+ALL
2020-03-11,41.59694284025073,42.8846321105957,46.28652316182243,28.58991317601389,39.83950282217069,39.99375989461036,,24.497379166666665,18.800075,2,2019,BASE+ALL
2020-03-12,45.08585022528426,36.79070281982422,44.64488663268302,24.671380457078765,37.798205033717565,37.905941919783594,,18.55644583333333,18.800075,2,2019,BASE+ALL
2020-03-13,25.114097093726677,22.52842903137207,28.57618889625443,15.072985847779323,22.822925217283125,22.910448726122382,,11.930833333333334,18.800075,2,2019,BASE+ALL
2020-03-14,25.794025228664974,22.455244064331055,21.168331222008835,18.0979397730526,21.878885072014366,21.891330146056802,,11.106208333333331,18.800075,2,2019,BASE+ALL
2020-03-15,38.03964784532457,29.782194137573242,27.149303208737575,24.290591508348744,29.81543417499603,29.80252718546797,,33.71112083333333,18.800075,2,2019,BASE+ALL
2020-03-16,20.068138115683265,18.317075729370117,17.908213231006762,12.753035983541816,17.26161576490049,17.29883570015507,,10.361366666666669,18.800075,2,2019,BASE+ALL
2020-03-17,28.480236245240626,21.172866821289062,22.667988488561317,19.948609152653077,23.06742517693602,23.046326033553544,,12.10145,18.800075,2,2019,BASE+ALL
2020-03-18,25.17147122052633,20.620248794555664,22.20757240897342,16.912441630524217,21.227933513644906,21.244829170003463,,16.076704166666666,18.800075,2,2019,BASE+ALL
2020-03-19,26.11775488611561,19.519887924194336,21.51043643950943,20.747273740340624,21.97383824754,21.937856222548845,,33.50235416666667,18.800075,2,2019,BASE+ALL
2020-03-20,28.39817315899228,22.08509635925293,25.486406543731288,23.08132504317979,24.762750276289072,24.738751046409266,,31.641841666666664,18.800075,2,2019,BASE+ALL
2020-03-21,20.413428223129305,14.703155517578125,15.967794329985022,23.01742493926586,18.52545075248958,18.42719371961719,,11.0907125,18.800075,2,2019,BASE+ALL
2020-03-22,20.137137236332496,10.666836738586426,13.645147012413362,27.831587954233896,18.070177235391547,17.88244693536697,,18.26354583333333,18.800075,2,2019,BASE+ALL
2020-03-23,19.770476311356042,9.950946807861328,11.273687237209403,26.48550099294879,16.87015283734389,16.676282731359805,,14.567920833333334,18.800075,2,2019,BASE+ALL
2020-03-24,18.236057291984228,9.326122283935547,10.984474064684669,25.445978164988773,15.998157951398305,15.815034694312958,,15.472954166666668,18.800075,2,2019,BASE+ALL
2020-03-25,18.77648513733607,9.297566413879395,10.918173352325185,26.884639616596413,16.469216130034265,16.269661238018127,,17.072020833333333,18.800075,2,2019,BASE+ALL
2020-03-26,22.839925664459155,13.665061950683594,16.440973323878413,24.171193847336337,19.279288696589376,19.15114940086156,,29.53195833333333,18.800075,2,2019,BASE+ALL
2020-03-27,21.4905487780742,12.430602073669434,15.825374902223933,19.603627522116835,17.3375383190211,17.24330149112096,,19.9709,18.800075,2,2019,BASE+ALL
2020-03-28,28.546539052793268,19.409854888916016,24.219702952020672,21.4368941976328,23.403247772840686,23.362650455363173,,11.6400875,18.800075,2,2019,BASE+ALL
2020-03-29,35.85901331390184,21.919862747192383,32.270324802205565,37.358217819426976,31.85185467068169,31.698077829610913,,14.900520833333331,18.800075,2,2019,BASE+ALL
2020-03-30,25.585187577939962,18.612565994262695,23.16364264058391,28.47678779008358,23.959546000717534,23.859900186158363,,12.5879125,18.800075,2,2019,BASE+ALL
2020-03-31,27.05398254534366,19.60764503479004,23.111559348711868,30.41885966300718,25.048011647963186,24.931119658286065,,14.3764875,18.800075,2,2019,BASE+ALL
2020-04-01,22.68023630770187,15.077977180480957,17.297787894535865,24.77930248368205,19.958825966600184,19.843329881226897,,8.504429166666666,18.800075,2,2019,BASE+ALL
2020-04-02,24.16754385720936,12.05845832824707,16.16845156451994,27.19135576501365,19.896452378747504,19.718720206592074,,9.498341666666668,18.800075,2,2019,BASE+ALL
2020-04-03,20.755815795420066,10.337665557861328,12.459914272405591,25.194408242467976,17.18695096703874,17.009364967264723,,9.1964125,18.800075,2,2019,BASE+ALL
2020-04-04,23.1293474514209,14.030082702636719,15.567102151447845,25.91848856332465,19.661255217207525,19.513938323677852,,7.194133333333333,18.800075,2,2019,BASE+ALL
2020-04-05,32.23499265637873,19.494915008544922,27.31789649425559,30.618668980137887,27.41661828482928,27.292916990729942,,6.48245,18.800075,2,2019,BASE+ALL
2020-04-06,24.925539217172677,15.397241592407227,20.866064051849932,18.828154091126425,20.004249738139066,19.95289240014141,,32.648075,18.800075,2,2019,BASE+ALL
2020-04-07,20.834319174827005,12.232002258300781,15.78799191071135,24.4591283529527,18.328360424197957,18.192745158690435,,12.78745,18.800075,2,2019,BASE+ALL
2020-04-08,20.619944655705403,11.51116943359375,14.639228913807887,23.736065697572773,17.626602175169953,17.485648659618693,,16.79596666666667,18.800075,2,2019,BASE+ALL
2020-04-09,19.791557247408715,10.576630592346191,12.495971427114608,25.00229409284499,16.966613339928628,16.798376229753657,,15.792575,18.800075,2,2019,BASE+ALL
2020-04-10,21.31946561944163,12.533538818359375,15.464908331283846,28.01218649663788,19.332524816430684,19.16331398953906,,16.085104166666667,18.800075,2,2019,BASE+ALL
2020-04-11,19.586944789594888,15.872396469116211,12.076336003075989,23.628661946553844,17.791084802085233,17.67901443242072,,18.277616666666667,18.800075,2,2019,BASE+ALL
2020-04-12,18.492364161137733,13.147469520568848,11.764195531176608,14.01923725993569,14.35581661820472,14.31004716832107,,16.065141666666666,18.800075,2,2019,BASE+ALL
2020-04-13,29.429362353693172,18.213754653930664,22.235525758952722,39.45531932199958,27.333490522144036,27.105973582240317,,20.41225833333333,18.800075,2,2019,BASE+ALL
2020-04-14,21.017797452092438,15.941681861877441,19.247031406682577,18.645921171406723,18.713107973014797,18.680280251213308,,16.473858333333336,18.800075,2,2019,BASE+ALL
2020-04-15,19.55744004355001,14.387039184570312,18.109020538282405,27.998956447407306,20.013114053452508,19.885347753095676,,17.215875,18.800075,2,2019,BASE+ALL
2020-04-16,19.581633122556017,12.622417449951172,19.274065749358602,27.416855944750637,19.723743066654105,19.592802111378493,,16.7667875,18.800075,2,2019,BASE+ALL
2020-04-17,21.61162658141285,12.629043579101562,21.155522123394263,19.686253456916184,18.770611435206213,18.708169876758816,,29.4826375,18.800075,2,2019,BASE+ALL
2020-04-18,18.26807157232515,12.47240924835205,20.358148358672473,28.899931866921104,19.999640261567695,19.867988513086082,,20.98572916666667,18.800075,2,2019,BASE+ALL
2020-04-19,17.4604583843536,11.839011192321777,18.27774913185289,28.567064429585063,19.03607078452833,18.894169343453775,,9.358595833333334,18.800075,2,2019,BASE+ALL
2020-04-20,23.030042818191877,15.830767631530762,27.754906282518977,32.92697717943631,24.88567347791948,24.764115843131613,,4.221658333333333,18.800075,2,2019,BASE+ALL
2020-04-21,19.888448533873333,16.29032325744629,24.824242781705355,30.4700823276269,22.868274225162967,22.77268996519294,,5.866725,18.800075,2,2019,BASE+ALL
2020-04-22,16.789055794562483,13.401439666748047,20.858704801899446,24.78882558690143,18.95950646252785,18.883533538802258,,3.5812708333333334,18.800075,2,2019,BASE+ALL
2020-04-23,16.027332825980036,10.70065689086914,15.93949719342891,22.533965846815423,16.300363189273376,16.19648703026919,,2.491979166666667,18.800075,2,2019,BASE+ALL
2020-04-24,14.878636261333213,10.092546463012695,14.562810434572155,21.957825410439277,15.372954642339336,15.267270391760636,,4.966433333333334,18.800075,2,2019,BASE+ALL
2020-04-25,14.143613155682926,10.367539405822754,13.12711795919724,24.506896171951905,15.536291673163706,15.405939067894753,,3.983570833333333,18.800075,2,2019,BASE+ALL
2020-04-26,13.771201400637073,10.87485122680664,12.282864881819751,23.290008876019,15.054731596320618,14.936615880952965,,6.535791666666667,18.800075,2,2019,BASE+ALL
2020-04-27,12.818953449744585,8.815505027770996,10.681936876726907,21.30663492475593,13.405757569749603,13.283494007494644,,8.9159125,18.800075,2,2019,BASE+ALL
2020-04-28,13.491262612809852,8.465665817260742,11.130543722570678,22.2115542117759,13.824756591104293,13.690360383913891,,11.126620833333334,18.800075,2,2019,BASE+ALL
2020-04-29,18.667335629526768,14.154017448425293,18.63872382090481,33.2827511878565,21.18570702167834,21.017122294068376,,25.04357083333333,18.800075,2,2019,BASE+ALL
2020-04-30,22.806893290089906,13.732898712158203,19.50036201258716,31.115257956375384,21.788852992802664,21.61789061053842,,8.606349999999999,18.800075,2,2019,BASE+ALL
2020-05-01,25.45153185217255,13.447519302368164,19.417624100460895,27.64760049749715,21.49106893812469,21.333203754689954,,4.000220833333334,18.800075,2,2019,BASE+ALL
2020-05-02,16.54614302024381,8.888118743896484,14.593567716197393,21.210109078280144,15.309484639654457,15.191006449816678,,6.374183333333334,18.800075,2,2019,BASE+ALL
2020-05-03,15.23046284501302,9.354415893554688,12.264625128847667,15.128129295485078,12.994408290725115,12.927516307285638,,11.170866666666669,18.800075,2,2019,BASE+ALL
2020-05-04,16.163464576813528,14.240530014038086,16.437876432421078,19.738271625262342,16.645035662133758,16.598458125771277,,9.670116666666669,18.800075,2,2019,BASE+ALL
2020-05-05,22.50915393961312,17.864727020263672,25.830300533169257,28.46503208237488,23.66730339385523,23.59430649004121,,10.479679166666664,18.800075,2,2019,BASE+ALL
2020-05-06,17.234862045566114,16.07083511352539,22.090030624675123,25.82423668481816,20.304991117146198,20.24744772450412,,3.951079166666666,18.800075,2,2019,BASE+ALL
2020-05-07,15.567556822945756,13.818904876708984,17.172992739290294,12.803545914353872,14.840750088324725,14.859828702654045,,6.459733333333333,18.800075,2,2019,BASE+ALL
2020-05-08,14.648345013686264,11.473527908325195,16.092022299894513,9.349443957705567,12.890834794902885,12.919269708757316,,4.653641666666666,18.800075,2,2019,BASE+ALL
2020-05-09,13.72312607086913,9.576943397521973,14.07726783110068,20.05325844883966,14.35764893708286,14.268051994890293,,0.2463875000000002,18.800075,2,2019,BASE+ALL
2020-05-10,14.56050156553221,13.09811782836914,15.925750840457013,26.826714610855955,17.60277121130358,17.48939048037755,,5.552416666666667,18.800075,2,2019,BASE+ALL
2020-05-11,18.45277095689897,17.89642906188965,25.31067261054016,19.674677202623275,20.333637457988015,20.35856435297167,,3.971179166666667,18.800075,2,2019,BASE+ALL
2020-05-12,15.516876835810246,12.357274055480957,17.836184461522784,20.49838796050862,16.552180828330652,16.494618085373588,,3.590991666666667,18.800075,2,2019,BASE+ALL
2020-05-13,14.345213972595715,10.794873237609863,16.092022299894513,11.897401915759865,13.282377856464988,13.28407057091281,,5.269395833333333,18.800075,2,2019,BASE+ALL
2020-05-14,13.90343779473787,10.362506866455078,15.270375445890519,13.794747397148658,13.332766876058031,13.311520055237947,,5.4684375,18.800075,2,2019,BASE+ALL
2020-05-15,12.630136658513532,7.497513771057129,11.073623470647368,19.08558236791101,12.571714067032259,12.461270961818016,,4.083333333333333,18.800075,2,2019,BASE+ALL
2020-05-16,11.930457876521844,6.9440460205078125,10.784410298122634,19.580992350600734,12.309976636438256,12.192596714137778,,5.852141666666667,18.800075,2,2019,BASE+ALL
2020-05-17,12.319419997360317,6.460214138031006,12.14250020443913,21.567747453411208,13.122470448310416,12.989162015290288,,6.937354166666666,18.800075,2,2019,BASE+ALL
2020-05-18,12.164624760395919,6.885472297668457,10.700532820560072,13.547107297148935,10.824434293943344,10.7583386799805,,4.512433333333333,18.800075,2,2019,BASE+ALL
2020-05-19,11.206785346351847,6.428338050842285,8.866788196226507,20.782069154614224,11.820995187008716,11.681242337997045,,6.919404166666666,18.800075,2,2019,BASE+ALL
2020-05-20,11.79624212314168,14.779932022094727,10.209663047839104,19.67026286832575,14.114025015350315,14.060239781822588,,5.618591666666667,18.800075,2,2019,BASE+ALL
2020-05-21,11.426029619964918,8.26815128326416,9.068052015961202,20.673314241244327,12.358886790108652,12.235804573504032,,4.467554166666667,18.800075,2,2019,BASE+ALL
2020-05-22,16.93162421684594,12.871102333068848,17.884369980840596,32.87577114428273,20.14071691875953,19.97000592701448,,3.481879166666667,18.800075,2,2019,BASE+ALL
2020-05-23,23.606097910159274,21.360750198364258,26.682993353222237,30.76042692360615,25.60256709633798,25.538006462744573,,9.059491666666666,18.800075,2,2019,BASE+ALL
2020-05-24,15.465348640364871,14.254072189331055,17.047217946976254,22.730467622809936,17.37427659987053,17.308740985204505,,4.559025,18.800075,2,2019,BASE+ALL
2020-05-25,13.456693678965312,8.140522003173828,13.03905666128937,17.87035250142873,13.12665621121431,13.039508807632004,,1.9010541666666665,18.800075,2,2019,BASE+ALL
2020-05-26,11.901994539879784,7.542579174041748,9.331642072423538,11.717582163455582,10.123449487450163,10.07259894154757,,4.945004166666666,18.800075,2,2019,BASE+ALL
2020-05-27,12.237203570017888,16.001644134521484,11.40453091454256,13.222021838742448,13.216350114456096,13.234886007294364,,8.334091666666668,18.800075,2,2019,BASE+ALL
2020-05-28,13.516401879645175,14.442907333374023,14.843624448545182,19.74594020789418,15.63721846736464,15.597663490727133,,31.19536666666667,18.800075,2,2019,BASE+ALL
2020-05-29,15.489036879078217,16.292844772338867,22.205155550332886,24.877429264393715,19.71611661653592,19.679312028081654,,2.5065416666666667,18.800075,2,2019,BASE+ALL
2020-05-30,13.901142824214961,12.50643539428711,15.91476731458196,18.601171618976892,15.230879288015231,15.189108074672845,,6.592245833333333,18.800075,2,2019,BASE+ALL
2020-05-31,13.1569436545802,11.587790489196777,13.792036326565587,18.66655474837471,14.300831304679317,14.24222874745733,,7.036866666666668,18.800075,2,2019,BASE+ALL
2020-06-01,11.72077871503904,11.123444557189941,10.72269617378616,17.2649030737972,12.707955629953085,12.647706338997228,,3.711045833333333,18.800075,2,2019,BASE+ALL
2020-06-02,10.803528869936763,9.491105079650879,10.059396714361766,17.346165448843436,11.925049028198211,11.851315226030618,,5.402487499999999,18.800075,2,2019,BASE+ALL
2020-06-03,10.686855037603873,7.545562267303467,8.569761469117205,19.56381235768267,11.591497782926805,11.47327037498189,,17.781908333333334,18.800075,2,2019,BASE+ALL
2020-06-04,12.420032375271147,7.705493927001953,5.744250481965312,20.010728995320648,11.470126444889765,11.32291637615832,,12.707929166666666,18.800075,2,2019,BASE+ALL
2020-06-05,14.343209865667237,11.675193786621094,12.414991885742289,25.413775075231385,15.961792653315502,15.829248394947502,,12.509625,18.800075,2,2019,BASE+ALL
2020-06-06,15.173884419465955,12.3485746383667,14.28254476156461,24.771866472359918,16.644217572939297,16.52953540259528,,13.244066666666669,18.800075,2,2019,BASE+ALL
2020-06-07,12.451327204190047,8.259688377380371,10.843545314339293,19.894222510890057,12.86219585169994,12.750729857056927,,12.860183333333334,18.800075,2,2019,BASE+ALL
2020-06-08,11.391624204491292,7.855396270751953,8.456659948281551,17.606905227804983,11.327646412832445,11.224845011933644,,12.611258333333334,18.800075,2,2019,BASE+ALL
2020-06-09,11.22164790104072,6.000874042510986,5.981935711791865,17.794319366769844,10.249694255528354,10.115683725499984,,11.914445833333334,18.800075,2,2019,BASE+ALL
2020-06-10,11.783157246775211,6.030406475067139,6.0473698245217955,19.83749182672531,10.924606343272362,10.769953227449053,,16.404770833333334,18.800075,2,2019,BASE+ALL
2020-06-11,15.779863164701254,15.172626495361328,18.86637211710581,33.28527428891367,20.776034016520516,20.63361263111167,,25.0131125,18.800075,2,2019,BASE+ALL
2020-06-12,12.543950305935066,7.888608455657959,12.137763032731467,18.70343538561243,12.81843929498423,12.721507643472757,,22.34844166666667,18.800075,2,2019,BASE+ALL
2020-06-13,11.69241965980805,6.82175350189209,8.368769532191141,20.277893790149182,11.790209121010115,11.65264360108951,,21.324966666666665,18.800075,2,2019,BASE+ALL
2020-06-14,11.28822848983893,6.075489521026611,6.974988512299732,18.921321008835587,10.815006883000216,10.677123704812686,,18.258841666666665,18.800075,2,2019,BASE+ALL
2020-06-15,10.998502478881601,5.857420444488525,5.76233347159765,20.785275446813014,10.850882960445198,10.689029599040385,,13.013004166666668,18.800075,2,2019,BASE+ALL
2020-06-16,10.357862373271601,5.892807483673096,5.414920479319765,20.23545766596721,10.475262000557919,10.32011870482344,,21.20124583333333,18.800075,2,2019,BASE+ALL
2020-06-17,10.367934796452108,5.892807483673096,5.463111482466134,20.334775143894472,10.514657226621452,10.358860473330004,,24.3148375,18.800075,2,2019,BASE+ALL
2020-06-18,10.123495389434426,5.906600475311279,5.620532908582147,17.238595445986807,9.722306054828664,9.596421225514217,,27.3817375,18.800075,2,2019,BASE+ALL
2020-06-19,10.043021954922356,5.906600475311279,5.572341905435778,14.425690992635047,8.986913832076116,8.886175928669031,,25.1415125,18.800075,2,2019,BASE+ALL
2020-06-20,9.672242199786318,5.584788799285889,5.572341905435778,16.19884054368691,9.257053362048723,9.13988516681273,,22.368629166666665,18.800075,2,2019,BASE+ALL
2020-06-21,9.821507422554166,5.773155212402344,5.572341905435778,13.43559917353289,8.650650928481294,8.558801868345624,,29.16098333333333,18.800075,2,2019,BASE+ALL
2020-06-22,9.754057503399558,5.584788799285889,5.572341905435778,16.400970024399303,9.328039558130133,9.208619260022747,,27.7026625,18.800075,2,2019,BASE+ALL
2020-06-23,12.374680157250458,16.944622039794922,12.386084565365323,15.959783126282254,14.41629247217324,14.423614871861968,,44.1994625,18.800075,2,2019,BASE+ALL
2020-06-24,11.879022876456855,19.948596954345703,12.142628377661358,18.64323081660673,15.653369756267661,15.66388734423192,,71.51374583333333,18.800075,2,2019,BASE+ALL
2020-06-25,11.304111291826281,19.295942306518555,10.057883075179637,12.92120343421405,13.394785026934631,13.44142587224756,,46.73486666666667,18.800075,2,2019,BASE+ALL
2020-06-26,11.909918770055228,12.130620002746582,10.247423801811694,13.325448026117794,11.903352650182825,11.882841570067878,,63.1063375,18.800075,2,2019,BASE+ALL
2020-06-27,16.246548259823115,14.264330863952637,15.906715679140452,24.57380588913402,17.74785017301256,17.654926408916275,,67.21654166666667,18.800075,2,2019,BASE+ALL
2020-06-28,19.004226475065085,13.95613956451416,21.2730648980979,20.62727799021743,18.71517723197364,18.670987941800753,,83.31405416666666,18.800075,2,2019,BASE+ALL
2020-06-29,21.498452103808766,13.024642944335938,18.928778681143218,24.841294440147028,19.573292042358737,19.45592042603739,,83.50300833333334,18.800075,2,2019,BASE+ALL
2020-06-30,16.449175471085248,10.598610877990723,14.980240132069685,13.79617276086256,13.956049810502055,13.920877701359828,,76.17408333333333,18.800075,2,2019,BASE+ALL
2020-07-01,21.32702713333056,12.370527267456055,15.581883332359107,21.506829916237656,17.696566912345844,17.584387062805074,,63.65387916666666,18.800075,2,2019,BASE+ALL
2020-07-02,20.261226466427683,10.61426830291748,17.20296972871135,10.118612708209564,14.549269301566518,14.538742305486817,,44.121941666666665,18.800075,2,2019,BASE+ALL
2020-07-03,24.910677455448972,12.107244491577148,20.622697341487523,20.136261970622986,19.444220314784157,19.351743952602497,,50.9054875,18.800075,2,2019,BASE+ALL
2020-07-04,29.181233700141423,12.591569900512695,24.5351012908145,19.17645921815452,21.371091027405782,21.290559234602924,,63.64986666666667,18.800075,2,2019,BASE+ALL
2020-07-05,37.64399309265804,29.23808479309082,47.59378218330002,23.97547955335502,34.61283490560098,34.7211330624599,,60.81447916666667,18.800075,2,2019,BASE+ALL
2020-07-06,26.52078960184246,20.3070125579834,37.81695206119298,11.913902913651336,24.139664283667546,24.283008672743886,,70.9758625,18.800075,2,2019,BASE+ALL
2020-07-07,18.677964916748046,13.979960441589355,19.196620553594396,10.55113871551095,15.601421156860686,15.636473085306628,,23.19972083333333,18.800075,2,2019,BASE+ALL
2020-07-08,24.305566228917836,14.706985473632812,17.925837270938125,11.933011320416275,17.217850073476264,17.20790787822724,,21.188345833333333,18.800075,2,2019,BASE+ALL
2020-07-09,25.820002993274652,14.357182502746582,17.877646267791757,12.787879345899036,17.71067777742801,17.68140797907643,,13.943358333333334,18.800075,2,2019,BASE+ALL
2020-07-10,18.30012922395075,12.192596435546875,17.866868062909532,10.753182993012278,14.778194178854857,14.790410602188551,,15.568958333333333,18.800075,2,2019,BASE+ALL
2020-07-11,14.839152229698135,8.17031192779541,14.165153587952002,5.155762084879816,10.58259495758134,10.607560874712561,,3.1389125000000004,18.800075,2,2019,BASE+ALL
2020-07-12,13.057652479556946,7.2656989097595215,10.645209342401982,4.699520572828542,8.917020326136747,8.92744155471482,,0.3478208333333333,18.800075,2,2019,BASE+ALL
2020-07-13,13.436392198461244,7.542706489562988,11.911115612615964,9.768567154461977,10.664695363775543,10.637834295385167,,4.2235000000000005,18.800075,2,2019,BASE+ALL
2020-07-14,14.474120151074358,9.861413955688477,12.371380546355217,10.900502604701254,11.901854314454827,11.881701733207837,,9.2598,18.800075,2,2019,BASE+ALL
2020-07-15,14.156987165775995,9.66711711883545,10.997530457434303,11.401404566361355,11.555759827101776,11.523146371019834,,7.1560500000000005,18.800075,2,2019,BASE+ALL
2020-07-16,13.293216632436039,9.410632133483887,11.739267665711242,10.547624716121687,11.247685286938214,11.229668882502255,,3.0467125,18.800075,2,2019,BASE+ALL
2020-07-17,12.38066523570259,7.25639009475708,10.18462434617634,8.97089191692924,9.698142898391312,9.671607202757542,,3.725508333333333,18.800075,2,2019,BASE+ALL
2020-07-18,12.70738609774857,7.805980682373047,10.435020316903119,16.209679525163,11.789516655546933,11.703047994810056,,3.125475,18.800075,2,2019,BASE+ALL
2020-07-19,11.858674977646242,7.430055141448975,8.7067858649609,14.24421524445803,10.559932807128536,10.482228007167368,,4.098645833333333,18.800075,2,2019,BASE+ALL
2020-07-20,11.02235400006755,5.720070838928223,6.714996374698203,11.955724011670451,8.853286306341108,8.774174380535223,,0.7914166666666667,18.800075,2,2019,BASE+ALL
2020-07-21,10.375650362431442,6.092915058135986,6.499306500845354,10.611984149502865,8.394964017728912,8.333312678838654,,1.7670208333333333,18.800075,2,2019,BASE+ALL
2020-07-22,10.213243947792636,12.183324813842773,6.62692612142098,6.339144716005556,8.840659899765486,8.870721500061816,,1.1753416666666665,18.800075,2,2019,BASE+ALL
2020-07-23,12.308231002079129,9.129414558410645,7.884156537382252,10.091300505501408,9.853275650843358,9.819618780339406,,3.733204166666667,18.800075,2,2019,BASE+ALL
2020-07-24,12.54364696059232,8.782153129577637,8.24978024359042,16.328058812276762,11.475909786509284,11.384737868927166,,1.724220833333333,18.800075,2,2019,BASE+ALL
2020-07-25,15.077324865427908,11.665814399719238,14.968232882511192,12.05831652021591,13.442422166968562,13.439404929242645,,2.6622916666666665,18.800075,2,2019,BASE+ALL
2020-07-26,14.751721312321546,11.21717357635498,13.258298191864156,13.00195738616112,13.057287616675453,13.03376213329605,,4.699891666666667,18.800075,2,2019,BASE+ALL
2020-07-27,17.695040774980555,13.4907808303833,19.17008037968038,20.272958768587262,17.657215188407875,17.607071964463117,,16.906079166666668,18.800075,2,2019,BASE+ALL
2020-07-28,15.412533999974341,10.253973007202148,14.613905702535256,9.814170303018724,12.523645753182617,12.524514768507483,,14.259295833333333,18.800075,2,2019,BASE+ALL
2020-07-29,12.650555403569802,6.642451763153076,8.81508621589941,10.585645753256983,9.673434783969817,9.617702796461312,,5.725670833333333,18.800075,2,2019,BASE+ALL
2020-07-30,13.290916381411327,15.596805572509766,11.758129479270606,12.891089814709446,13.384235311975287,13.398452385822925,,-0.7315625,18.800075,2,2019,BASE+ALL
2020-07-31,12.674866643606636,18.540176391601562,12.429023454336829,13.792140775520554,14.359051816266394,14.397852976232453,,1.9470375,18.800075,2,2019,BASE+ALL
2020-08-01,13.308466030522762,12.738385200500488,10.674517109424237,8.646806594627611,11.342043733768774,11.362998689015022,,3.955491666666666,18.800075,2,2019,BASE+ALL
2020-08-02,12.716650616537478,9.82324504852295,10.536763146112067,14.699245719398265,11.943976132642689,11.888729379065412,,3.3886875,18.800075,2,2019,BASE+ALL
2020-08-03,11.778569382993478,8.041486740112305,8.940236886132443,11.56496640831868,10.081314854389227,10.034463482597912,,0.2313999999999999,18.800075,2,2019,BASE+ALL
2020-08-04,13.406205720795212,10.032660484313965,9.875657176714363,15.801296045337214,12.27895485679019,12.207952986594382,,6.509462500000001,18.800075,2,2019,BASE+ALL
2020-08-05,14.949962614505072,13.712547302246094,17.327822807340787,19.40087107408884,16.3478009495452,16.31174095649506,,-1.3818125,18.800075,2,2019,BASE+ALL
2020-08-06,12.606357503741863,16.41244125366211,14.672220609035811,5.826377753786469,12.379349280056562,12.484337116548707,,-0.2534583333333332,18.800075,2,2019,BASE+ALL
2020-08-07,11.623103355724828,18.560256958007812,10.895333946844007,10.200411382667388,12.81977641081101,12.88745665218453,,0.9473916666666669,18.800075,2,2019,BASE+ALL
2020-08-08,11.566388546399766,17.518503189086914,10.350251905846186,12.360548246163756,12.948922971874154,12.98560081852666,,-0.4401916666666666,18.800075,2,2019,BASE+ALL
2020-08-09,11.068724849548728,16.5135498046875,9.677017072331266,10.059109409215354,11.829600283945712,11.876920410028632,,-0.0776166666666668,18.800075,2,2019,BASE+ALL
2020-08-10,12.205161973935446,14.935227394104004,14.457813211447824,12.33539341702368,13.48339899912774,13.518913777847176,,3.645495833333333,18.800075,2,2019,BASE+ALL
2020-08-11,11.332519835019818,11.442407608032227,12.009222551651495,4.368260424263992,9.788102604741884,9.854894788038095,,4.842733333333333,18.800075,2,2019,BASE+ALL
2020-08-12,11.49847858142558,13.081915855407715,12.967421378765975,3.766263429161013,10.328519811190072,10.41942167797067,,43.80744166666667,18.800075,2,2019,BASE+ALL
2020-08-13,19.29893350234882,20.024600982666016,13.542369655268109,1.0851524193758872,13.487764139914708,13.621706701481676,,6.425529166666667,18.800075,2,2019,BASE+ALL
2020-08-14,13.937903784275546,13.558510780334473,9.43915168452157,0.4625286958893855,9.349523736255243,9.439364380406387,,12.772904166666669,18.800075,2,2019,BASE+ALL
2020-08-15,13.508723624936001,11.904006958007812,10.611704385893573,-1.9463569662395568,8.519519500649459,8.625928219536599,,13.6406125,18.800075,2,2019,BASE+ALL
2020-08-16,12.257001458433644,8.989832878112793,6.218647511809279,1.014664418080403,7.12003656660903,7.156239217392733,,10.754108333333331,18.800075,2,2019,BASE+ALL
2020-08-17,11.758250345815542,7.895166397094727,6.7690217241022,0.3635352103545521,6.6964934193417545,6.735152985182093,,8.304720833333333,18.800075,2,2019,BASE+ALL
2020-08-18,12.885899362762425,10.399842262268066,9.3887167644555,13.318346771885746,11.498201290342934,11.4524199500526,,-1.544145833333333,18.800075,2,2019,BASE+ALL
2020-08-19,20.601972360579868,21.690933227539062,32.01576121058374,24.79269476979009,24.775340392123187,24.814906482896497,,11.754550000000002,18.800075,2,2019,BASE+ALL
2020-08-20,27.75375715199512,29.284757614135742,37.59190236969913,11.44334183205878,26.51843974197219,26.734551089359627,,-3.5456375,18.800075,2,2019,BASE+ALL
2020-08-21,32.511264128958516,32.86903381347656,47.50380618476219,42.23558288752743,38.77992175368118,38.785241575554494,,76.21732083333333,18.800075,2,2019,BASE+ALL
2020-08-22,28.995133474775983,22.25064468383789,30.65267431078672,20.574058370751697,25.618127710038074,25.64501763794439,,10.233095833333334,18.800075,2,2019,BASE+ALL
2020-08-23,26.44928821685029,20.23316764831543,20.864518993525667,17.327056215625888,21.218507768579318,21.213334215576484,,12.205404166666668,18.800075,2,2019,BASE+ALL
2020-08-24,25.21324020934868,19.98528289794922,24.445479763482734,16.44754641330548,21.52288732102153,21.55147526317757,,12.088808333333333,18.800075,2,2019,BASE+ALL
2020-08-25,43.97509445020009,37.9478759765625,55.137745298498665,38.83411512440106,43.973707712415575,44.03378892326349,,11.723908333333332,18.800075,2,2019,BASE+ALL
2020-08-26,28.441738204744194,22.883024215698242,34.83373764768229,21.0463057184272,26.801201446637982,26.857112905042822,,36.300245833333335,18.800075,2,2019,BASE+ALL
2020-08-27,23.135892977092464,26.755386352539062,26.472533141130643,11.91923500987514,22.070761870159327,22.221068930196402,,15.9214125,18.800075,2,2019,BASE+ALL
2020-08-28,24.940815811969227,21.720043182373047,27.97549124844212,12.2100283326511,21.711594643858877,21.81504626460447,,20.152891666666665,18.800075,2,2019,BASE+ALL
2020-08-29,16.438265451538246,16.633657455444336,20.956471386882132,11.481187318785688,16.3773954031626,16.449800554106645,,12.7486,18.800075,2,2019,BASE+ALL
2020-08-30,14.444342954666334,14.454051971435547,17.85689544246529,1.355660901515345,12.027737817520629,12.164238262569969,,4.735158333333334,18.800075,2,2019,BASE+ALL
2020-08-31,13.115316384877115,12.561620712280273,17.85689544246529,-3.814673464249495,9.929789768843296,10.103442456463473,,4.437104166666667,18.800075,2,2019,BASE+ALL
2020-09-01,12.939696629403393,12.805012702941895,19.119793682839962,-5.152749124966806,9.927938472554612,10.124003330117086,,7.333091666666667,18.800075,2,2019,BASE+ALL
2020-09-02,12.760441839918828,11.013742446899414,16.308457402648855,10.946046766153756,12.757172113905213,12.779316573739258,,5.993483333333334,18.800075,2,2019,BASE+ALL
2020-09-03,13.58846873258224,11.8184814453125,16.66000509573432,12.702898964961944,13.692463559647752,13.703343007874455,,6.852479166666666,18.800075,2,2019,BASE+ALL
2020-09-04,12.388458228005291,9.997200965881348,13.795180119314807,10.907754107900312,11.772148355275439,11.773157402181262,,12.935954166666669,18.800075,2,2019,BASE+ALL
2020-09-05,11.469891404746589,9.7848482131958,11.65192263262153,-2.4092462221368725,7.624354007106762,7.734279977294311,,21.642166666666668,18.800075,2,2019,BASE+ALL
2020-09-06,11.220286970973978,9.711017608642578,11.694634084248019,-2.476327967319763,7.537402674136203,7.648939271680576,,21.744325,18.800075,2,2019,BASE+ALL
2020-09-07,10.787954525143556,9.647785186767578,11.296975336387332,10.519542488824936,10.56306438428085,10.558703111101838,,18.449541666666665,18.800075,2,2019,BASE+ALL
2020-09-08,10.399599362388162,9.598111152648926,10.390677043727633,11.350104560275556,10.434623029760068,10.419271855128196,,18.75804583333333,18.800075,2,2019,BASE+ALL
2020-09-09,10.08926609082746,9.121196746826172,9.86597989330187,11.451826546006911,10.132067319240603,10.110364301207438,,19.011320833333333,18.800075,2,2019,BASE+ALL
2020-09-10,9.478608865030854,9.545663833618164,10.611584769775247,7.237366862839504,9.21830608281594,9.245482232076396,,15.548820833333332,18.800075,2,2019,BASE+ALL
2020-09-11,9.800193286323653,8.621792793273926,9.512541931608254,9.532254327350412,9.36669558463906,9.357293745495452,,6.716704166666666,18.800075,2,2019,BASE+ALL
2020-09-12,9.592231190346043,8.436927795410156,10.370634025120573,9.90488143814419,9.576168612255241,9.56810963052278,,2.76605,18.800075,2,2019,BASE+ALL
2020-09-13,9.471152419711311,10.813285827636719,11.18336056776748,7.734731969973373,9.80063269627222,9.837657519077906,,1.0124875,18.800075,2,2019,BASE+ALL
2020-09-14,10.27779439623798,13.441312789916992,12.580498872795317,10.967660906080518,11.816816741257702,11.851365242851877,,-0.9442458333333332,18.800075,2,2019,BASE+ALL
2020-09-15,9.63597943199567,10.712767601013184,10.60404881186213,8.865614655689447,9.954602625140108,9.976378805283762,,5.732029166666667,18.800075,2,2019,BASE+ALL
2020-09-16,9.329195202267574,12.929422378540039,12.578015952939651,9.86105199956087,11.174421383327033,11.219701929899156,,3.1372166666666668,18.800075,2,2019,BASE+ALL
2020-09-17,11.836727467974596,16.493743896484375,20.255761898668634,19.27904242994305,16.966318923267664,16.98982832289083,,-1.645625,18.800075,2,2019,BASE+ALL
2020-09-18,13.508454581969747,20.998159408569336,26.065998686413444,21.09098298706635,20.415898916004718,20.486860085657028,,-0.0957791666666665,18.800075,2,2019,BASE+ALL
2020-09-19,12.648345577714359,16.466754913330078,21.398436722492207,15.530400452218206,16.510984416438713,16.569777770141492,,1.4175458333333333,18.800075,2,2019,BASE+ALL
2020-09-20,11.920014026330769,13.644956588745117,17.974860762059116,12.568711726288928,14.027135775855982,14.071922719620309,,0.1674083333333332,18.800075,2,2019,BASE+ALL
2020-09-21,9.942421916468211,14.25304126739502,20.961900529400342,8.56165024696543,13.429753490057251,13.544032117556682,,5.060545833333333,18.800075,2,2019,BASE+ALL
2020-09-22,8.736475958424661,10.142837524414062,13.423390000341984,9.18098840554837,10.370922972182269,10.406711775372793,,5.632804166666666,18.800075,2,2019,BASE+ALL
2020-09-23,9.398997076828152,8.63845443725586,9.024791152100299,11.76048319211721,9.705681464575381,9.675989903066274,,2.804066666666667,18.800075,2,2019,BASE+ALL
2020-09-24,12.985154525025502,19.51140022277832,22.026699559868746,15.225814166930409,17.437267118650745,17.52664510584534,,-10.578758333333331,18.800075,2,2019,BASE+ALL
2020-09-25,11.925495708220312,18.803056716918945,24.643030057718885,12.114863121378333,16.87161140105912,17.003942651323015,,-12.519808333333332,18.800075,2,2019,BASE+ALL
2020-09-26,9.981739799883393,11.36840534210205,15.514270513409679,9.10339984311004,11.49195387462629,11.544321505125085,,-10.001545833333331,18.800075,2,2019,BASE+ALL
2020-09-27,9.745091175125172,8.636504173278809,12.387282384074751,10.244213117432974,10.253272712477926,10.254974519283223,,-12.187075,18.800075,2,2019,BASE+ALL
2020-09-28,8.923701517476129,7.983958721160889,9.676084700908246,9.574530703308357,9.039568910713404,9.030196743324026,,-4.177074999999999,18.800075,2,2019,BASE+ALL
2020-09-29,8.160210751630524,6.7620720863342285,8.652888284315505,8.931124238417498,8.126573840174439,8.110678445103401,,-1.6545875,18.800075,2,2019,BASE+ALL
2020-09-30,15.518455271269117,20.79558753967285,26.390943905228998,17.790433964676193,20.12385517021179,20.213092030140004,,13.7542125,18.800075,2,2019,BASE+ALL
2020-10-01,11.871509908547408,9.30822467803955,12.523100443278228,13.221108660527385,11.730985922598142,11.700922653301719,,27.239275000000003,18.800075,2,2019,BASE+ALL
2020-10-02,19.306510246380117,24.938840866088867,33.5920866604296,18.96007522732189,24.19937825005512,24.335084324553282,,12.2817375,18.800075,2,2019,BASE+ALL
2020-10-03,25.8731467586419,32.82932662963867,34.54207249738927,27.46869202499062,30.178309477665117,30.2748923681825,,48.54131666666667,18.800075,2,2019,BASE+ALL
2020-10-04,41.83191742089318,40.617794036865234,36.52834117780349,26.887261039116083,36.4663284186695,36.5573197083156,,76.77978333333333,18.800075,2,2019,BASE+ALL
2020-10-05,35.75904875872255,31.588953018188477,30.40411668857077,25.677126086551542,30.85731113800833,30.879523131265834,,59.36773333333333,18.800075,2,2019,BASE+ALL
2020-10-06,47.9437934862484,46.07477951049805,55.374863378130875,26.799397839233706,44.04820855352776,44.2639365255136,,61.51319999999999,18.800075,2,2019,BASE+ALL
2020-10-07,28.186471154417724,34.1963996887207,34.123815364560656,13.491357864299705,27.499511017999698,27.71653474000611,,15.086954166666668,18.800075,2,2019,BASE+ALL
2020-10-08,38.620021384829585,35.334564208984375,29.93194443725684,21.15010446128319,31.2591586230885,31.33485100078402,,51.55829583333334,18.800075,2,2019,BASE+ALL
2020-10-09,25.78569683488013,19.843856811523438,20.674488360595404,12.843976575015196,19.78700464550354,19.820899041030952,,16.072599999999998,18.800075,2,2019,BASE+ALL
2020-10-10,21.621286997555526,13.959385871887207,16.786733163376603,11.125352001023696,15.873189508460758,15.872282420618946,,8.118379166666667,18.800075,2,2019,BASE+ALL
2020-10-11,15.941190090917045,11.428963661193848,15.224389738199724,9.085250764269798,12.919948563645104,12.937999583965185,,8.752454166666666,18.800075,2,2019,BASE+ALL
2020-10-12,14.035849340652812,10.389701843261719,11.70444549264971,10.903033308108718,11.75825749616824,11.741107159949749,,9.0012125,18.800075,2,2019,BASE+ALL
2020-10-13,14.729701004690193,8.629057884216309,10.584713088361724,12.103759529403897,11.51180787666803,11.458437304675641,,9.275408333333331,18.800075,2,2019,BASE+ALL
2020-10-14,12.862963459459232,9.709850311279297,11.542354137927298,13.171101922926876,11.821567457898176,11.784049724016764,,10.472070833333332,18.800075,2,2019,BASE+ALL
2020-10-15,11.545622256429732,8.979891777038574,10.278890793163386,10.246835375438696,10.262810050517597,10.244907467816425,,9.442725,18.800075,2,2019,BASE+ALL
2020-10-16,11.351153487509741,8.998079299926758,9.6616551473,9.79088861086617,9.950444136400668,9.934184022206995,,8.852433333333332,18.800075,2,2019,BASE+ALL
2020-10-17,11.559978845724265,9.260603904724121,9.935605019684909,14.789251428663558,11.386359799699214,11.328406525069829,,6.738333333333333,18.800075,2,2019,BASE+ALL
2020-10-18,10.803315898309538,9.634021759033203,9.338641799289938,10.323597266080649,10.024894180678332,10.010493499890734,,10.321054166666666,18.800075,2,2019,BASE+ALL
2020-10-19,12.501303561902866,14.008708953857422,14.132687891340598,14.051469223818115,13.673542407729752,13.682314059024884,,7.973216666666667,18.800075,2,2019,BASE+ALL
2020-10-20,14.323343416597039,17.48526382446289,19.28916402983493,1.132919342864812,13.057672653439917,13.231225336589526,,24.13982916666667,18.800075,2,2019,BASE+ALL
2020-10-21,11.663121679665755,10.80208683013916,12.085765211392737,-1.481750190387996,8.267305882702413,8.37918222826186,,26.058533333333333,18.800075,2,2019,BASE+ALL
2020-10-22,11.17802332666517,7.691310882568359,8.564318081978666,2.7434663377324005,7.544279657236149,7.573911104588542,,39.15674166666667,18.800075,2,2019,BASE+ALL
2020-10-23,9.717802642886952,6.841830253601074,6.596340028056731,-3.991118954574634,4.79121349249253,4.869911746624666,,40.62130416666667,18.800075,2,2019,BASE+ALL
2020-10-24,19.78068492871479,20.443817138671875,27.138686088455433,12.687522704017407,20.012677714964877,20.124842278428446,,101.209,18.800075,2,2019,BASE+ALL
2020-10-25,16.445694360362094,15.526506423950195,17.537319247558187,-0.6596435331319621,12.21246912468463,12.362976718722699,,42.464620833333335,18.800075,2,2019,BASE+ALL
2020-10-26,19.714367973722084,20.69624900817871,20.05687057076994,3.2098675343583776,15.919338771757278,16.07634540330789,,54.304575,18.800075,2,2019,BASE+ALL
2020-10-27,23.148702575346395,23.00804901123047,18.05838660753221,3.981909650417528,17.049261961131652,17.1881955687462,,48.429275,18.800075,2,2019,BASE+ALL
2020-10-28,32.744099367552245,27.822154998779297,22.612061539919864,6.533251823881376,22.427891932533196,22.558679914091446,,52.51942916666667,18.800075,2,2019,BASE+ALL
2020-10-29,34.203720970394244,27.909391403198242,30.576802327381586,5.29102064546354,24.4952338366094,24.67673039557103,,47.2275875,18.800075,2,2019,BASE+ALL
2020-10-30,31.842438795385515,28.185420989990234,32.33519595038239,5.143655188764887,24.376677731130755,24.585426029363223,,43.144650000000006,18.800075,2,2019,BASE+ALL
2020-10-31,42.703777217014526,33.62290954589844,39.7686824475715,9.63116958400407,31.431634698622137,31.630327710090725,,78.17982916666666,18.800075,2,2019,BASE+ALL
2020-11-01,52.40021648200123,46.47368621826172,51.03550540671571,8.735412107241263,39.66120505355498,39.990238977015295,,47.45001666666667,18.800075,2,2019,BASE+ALL
2020-11-02,47.536289326108715,48.062469482421875,55.70996638016072,22.11064798047618,43.354843292291875,43.63347488598254,,108.11441666666668,18.800075,2,2019,BASE+ALL
2020-11-03,43.51284983522075,44.338966369628906,42.38767637435197,5.378972931124485,33.904616377581526,34.24371258964637,,56.313875,18.800075,2,2019,BASE+ALL
2020-11-04,23.143636004651857,27.59174919128418,20.524479850823898,-5.38695924733484,16.46822644985627,16.744187294955815,,42.33535416666667,18.800075,2,2019,BASE+ALL
2020-11-05,19.612708614795174,21.994733810424805,18.844284432103745,-3.674829097674209,14.194224439912379,14.416884744976699,,42.053133333333335,18.800075,2,2019,BASE+ALL
2020-11-06,23.17895217799978,29.050621032714844,33.88018044621083,24.032691406234743,27.53561126579005,27.64151785412756,,5.534370833333334,18.800075,2,2019,BASE+ALL
2020-11-07,23.88656664619509,26.253223419189453,26.266127794840557,20.94041086500295,24.336582181307012,24.39706066387748,,6.054741666666668,18.800075,2,2019,BASE+ALL
2020-11-08,17.60043564264944,20.014665603637695,19.26807902573891,12.512689233150375,17.348967376294105,17.424664743576887,,5.722533333333334,18.800075,2,2019,BASE+ALL
2020-11-09,23.476369095442386,19.812820434570312,20.470573540817313,13.594390131517734,19.338538300586936,19.37719424663623,,6.795425000000001,18.800075,2,2019,BASE+ALL
2020-11-10,17.589104299433114,14.31750202178955,13.931006726473601,-2.507910106932106,10.83242573519104,10.961302075745579,,44.14788333333333,18.800075,2,2019,BASE+ALL
2020-11-11,29.046168675838704,24.615596771240234,28.35432280640277,5.582508790091575,21.899649260893323,22.066045180758614,,53.8067,18.800075,2,2019,BASE+ALL
2020-11-12,31.577600112095855,29.921443939208984,35.301043417980786,6.050346276967012,25.71260843656316,25.94716647739134,,45.85762916666667,18.800075,2,2019,BASE+ALL
2020-11-13,24.46190377672222,23.126564025878906,23.809634912451017,3.559199073276972,18.73932544708228,18.909690076143974,,41.6620125,18.800075,2,2019,BASE+ALL
2020-11-14,40.30625810164669,31.631010055541992,36.76296261752715,11.48351574965761,30.04593663109336,30.206759977962363,,52.191558333333326,18.800075,2,2019,BASE+ALL
2020-11-15,43.15818088683524,36.46942901611328,39.19211625803376,9.65479522783533,32.1186303472044,32.335519333159404,,46.5167625,18.800075,2,2019,BASE+ALL
2020-11-16,36.530244298706194,28.637378692626953,23.1248675173878,10.47839173396895,24.692720560672473,24.777331037778463,,47.696216666666665,18.800075,2,2019,BASE+ALL
2020-11-17,26.573208239067508,27.1796932220459,29.75842688390654,4.81458874768242,22.081479273175592,22.298741949099142,,26.14893333333333,18.800075,2,2019,BASE+ALL
2020-11-18,32.272582659552455,30.797466278076172,31.42850856407377,7.3141510932279665,25.45317714873259,25.657232493226797,,37.143058333333336,18.800075,2,2019,BASE+ALL
2020-11-19,33.720359783621106,29.431140899658203,23.116650135671414,7.727848804276618,23.498999905806834,23.63047353169492,,46.94543333333333,18.800075,2,2019,BASE+ALL
2020-11-20,20.64723689940465,17.339202880859375,17.040497031855715,16.44593568156381,17.86821812342089,17.85591112034145,,4.9647,18.800075,2,2019,BASE+ALL
2020-11-21,20.121872841151994,20.603002548217773,18.946579978221827,18.93359641106886,19.651262944665113,19.658985054396215,,5.136316666666667,18.800075,2,2019,BASE+ALL
2020-11-22,15.234903737364217,13.887100219726562,13.851909825073596,13.322612588143212,14.074131592576897,14.071409772446122,,6.357304166666666,18.800075,2,2019,BASE+ALL
2020-11-23,12.336531136073548,9.208738327026367,11.78894405396125,14.885056251972737,12.054817442258475,12.002188182707808,,16.846520833333333,18.800075,2,2019,BASE+ALL
2020-11-24,14.463854877897015,13.452919006347656,15.518311333395339,3.3198908288957045,11.688744011633927,11.78530200073804,,16.759129166666668,18.800075,2,2019,BASE+ALL
2020-11-25,18.38905225736852,21.23159408569336,29.189723229922546,11.354848756434212,20.04130458235466,20.19194055741035,,76.55326666666666,18.800075,2,2019,BASE+ALL
2020-11-26,15.018417508188007,13.621991157531738,18.36662505377459,13.105110336727606,15.028036014055486,15.052874397655506,,6.256966666666667,18.800075,2,2019,BASE+ALL
2020-11-27,13.248209367587494,11.313124656677246,15.020419291051104,17.356731334232823,14.234621162387167,14.192053382960772,,5.603516666666667,18.800075,2,2019,BASE+ALL
2020-11-28,17.70289908592556,18.033334732055664,16.97159583251164,9.45256497872861,15.540098657305368,15.611876655102318,,19.001275,18.800075,2,2019,BASE+ALL
2020-11-29,14.873807056401136,13.112228393554688,15.020419291051104,16.227504101491412,14.808489710624585,14.782263547689999,,5.088045833333333,18.800075,2,2019,BASE+ALL
2020-11-30,12.09038741433,7.934807777404785,9.195934467484719,2.972201692644312,8.048332837965955,8.076654157198762,,35.08947916666667,18.800075,2,2019,BASE+ALL
2020-12-01,10.431510117091053,7.700084686279297,9.370750394855296,2.7220716548208395,7.556104213261621,7.5949368524782,,12.564441666666667,18.800075,2,2019,BASE+ALL
2020-12-02,9.884819790732257,6.303518772125244,9.933373766301873,3.3595985573880864,7.3703277216368654,7.397929691952444,,9.361708333333334,18.800075,2,2019,BASE+ALL
2020-12-03,17.47743747321645,19.25330352783203,17.37595560117805,10.888480082612444,16.248794171209745,16.32190547257457,,31.97581666666667,18.800075,2,2019,BASE+ALL
2020-12-04,25.198151959953197,24.218530654907227,26.77494204252183,19.469049856791116,23.91516862854334,23.96699089851913,,77.13603333333333,18.800075,2,2019,BASE+ALL
2020-12-05,24.267105124750792,22.30417823791504,21.930052461010362,9.633662229421024,19.5337495132743,19.633106607846045,,32.6557375,18.800075,2,2019,BASE+ALL
2020-12-06,19.63437941638675,13.270699501037598,15.48138232086445,-1.8403266738229136,11.63653364111647,11.74826778287343,,34.36783333333333,18.800075,2,2019,BASE+ALL
2020-12-07,18.109577885375703,10.701088905334473,14.58986749055602,-0.2144524066339257,10.796520468658068,10.875077612395263,,43.26474166666667,18.800075,2,2019,BASE+ALL
2020-12-08,17.264476872270635,7.917273998260498,9.36351069901291,1.2486643281340664,8.948481474419527,8.964054454902756,,26.83785,18.800075,2,2019,BASE+ALL
2020-12-09,18.35975736791534,7.974771976470947,9.749659483491799,6.366061690430591,10.61256262957717,10.579343835141868,,10.375204166666666,18.800075,2,2019,BASE+ALL
2020-12-10,16.867327451430505,8.166014671325684,11.349769596225515,9.793614119536546,11.544181459629563,11.499950980323653,,21.9631,18.800075,2,2019,BASE+ALL
2020-12-11,20.999706836442325,10.117246627807617,14.25506516659235,5.18666467890162,12.639670827435978,12.647144205214719,,12.0248875,18.800075,2,2019,BASE+ALL
2020-12-12,20.104722985252966,17.89323616027832,15.578492114454075,13.484765641812857,16.765304225449555,16.77842370450295,,19.801783333333333,18.800075,2,2019,BASE+ALL
2020-12-13,28.507687289238866,23.66875457763672,27.561083970216224,21.44051499597139,25.294510208265798,25.310283898454,,36.29302499999999,18.800075,2,2019,BASE+ALL
2020-12-14,36.07769360666229,27.969402313232422,32.0728545026499,22.105992687996917,29.55648577763538,29.587533941371596,,20.2371875,18.800075,2,2019,BASE+ALL
2020-12-15,23.003543862052112,20.88768768310547,20.8724666839344,13.384609109266446,19.53707683458961,19.5918076358335,,4.4354125,18.800075,2,2019,BASE+ALL
2019-12-17,-1.731143290999841,3.9098737239837646,3.466296300884599,-3.516750408674092,0.5320690812986077,0.6269093237745657,,0.26325,-0.0731958333333334,4,2019,BASE+ALL
2019-12-18,17.509318349490265,23.253772735595703,14.761637340560334,-4.251120246269981,12.818402044844081,13.044565179607847,,-0.8368833333333333,-0.0731958333333334,4,2019,BASE+ALL
2019-12-19,22.615415286940614,24.569189071655273,13.716330485551964,-4.310450279812656,14.1476211410838,14.350868944359345,,-4.884420833333333,-0.0731958333333334,4,2019,BASE+ALL
2019-12-20,22.147248451594013,19.033845901489258,9.789631314459735,-3.719034091940447,11.812922893900637,11.942966739783348,,1.7036666666666669,-0.0731958333333334,4,2019,BASE+ALL
2019-12-21,20.486584775792114,14.447894096374512,7.123057852255533,-3.941457173159602,9.52901988781564,9.61531845899608,,-1.5042875,-0.0731958333333334,4,2019,BASE+ALL
2019-12-22,23.781518698617553,14.983550071716309,10.261169352680668,-4.2391692802181495,11.196767210699095,11.290440871824478,,-2.7822374999999995,-0.0731958333333334,4,2019,BASE+ALL
2019-12-23,13.989092224149056,9.182815551757812,6.742463104770631,-4.107652832831292,6.451679511961552,6.52844917446161,,-2.216733333333333,-0.0731958333333334,4,2019,BASE+ALL
2019-12-24,19.000351517127328,15.717068672180176,8.303211279588671,-4.195169968427607,9.706365375117143,9.821051400928365,,-2.487020833333333,-0.0731958333333334,4,2019,BASE+ALL
2019-12-25,15.596095924648761,10.76905345916748,6.757922781178812,-3.273066905666973,7.46250131483202,7.536545476172799,,2.80155,-0.0731958333333334,4,2019,BASE+ALL
2019-12-26,24.294836696983733,24.80605125427246,17.40906030704528,-4.081838826639409,15.607027357915516,15.822720411139697,,0.388325,-0.0731958333333334,4,2019,BASE+ALL
2019-12-27,13.475996450043311,15.452563285827637,11.205442201313717,-3.1821191595051097,9.23797069441989,9.389404758719408,,0.833675,-0.0731958333333334,4,2019,BASE+ALL
2019-12-28,12.227555567123279,8.207135200500488,7.266939309731961,-3.220219692293586,6.120352596265535,6.19383190625515,,-2.4112291666666668,-0.0731958333333334,4,2019,BASE+ALL
2019-12-29,11.441507414927928,7.2032341957092285,5.603916589925118,-2.982261418578773,5.316599195495876,5.373936255344948,,-0.4462291666666666,-0.0731958333333334,4,2019,BASE+ALL
2019-12-30,11.168463911657911,6.59351110458374,4.771049643610239,-2.568656875815556,4.9910919460090835,5.0361411451326585,,6.352429166666667,-0.0731958333333334,4,2019,BASE+ALL
2019-12-31,10.84732508473752,6.297403335571289,4.73396142497033,-2.518545008957066,4.840036209080519,4.8836814267481286,,8.1942125,-0.0731958333333334,4,2019,BASE+ALL
2020-01-01,11.19200612302729,6.413021087646484,4.926749865369971,-2.36217648359802,5.042400148111431,5.084860344640128,,5.395824999999999,-0.0731958333333334,4,2019,BASE+ALL
2020-01-02,11.391426136316214,6.33498477935791,5.369943548311199,-2.740439587563408,5.088978719105478,5.135636897084283,,0.6759958333333334,-0.0731958333333334,4,2019,BASE+ALL
2020-01-03,11.223320941780392,5.232119560241699,4.6186215749677455,-2.815805064404607,4.564564253146308,4.598954456866476,,-4.043679166666666,-0.0731958333333334,4,2019,BASE+ALL
2020-01-04,11.198676814772591,5.140279769897461,4.1754278920265175,-2.5234790967111,4.497726344996368,4.526252439123021,,-1.5319291666666668,-0.0731958333333334,4,2019,BASE+ALL
2020-01-05,11.276625642955311,5.742105960845947,5.442893951739821,-2.349403382247488,5.028055543323397,5.067241124311198,,-0.7019291666666666,-0.0731958333333334,4,2019,BASE+ALL
2020-01-06,18.627513047624152,18.15853500366211,13.805943818470821,9.316456560305369,14.977112107515612,15.027293381065677,,10.815391666666663,-0.0731958333333334,4,2019,BASE+ALL
2020-01-07,18.595785671492084,13.154589653015137,11.25521368430148,6.110547077728121,12.279034021634205,12.299978974411331,2.429134796416668,9.557766666666668,-0.0731958333333334,4,2019,BASE+ALL
2020-01-08,18.15201594873753,8.095863342285156,8.472232752691069,1.176532532921268,8.974161144158757,8.981677309446862,5.687799774999999,5.667966666666666,-0.0731958333333334,4,2019,BASE+ALL
2020-01-09,29.09296393566795,17.82254981994629,15.97399625904984,5.438771265835051,17.082070320124785,17.11818471198324,-16.757794608375,-9.705466666666666,-0.0731958333333334,4,2019,BASE+ALL
2020-01-10,16.17561168481012,10.127968788146973,9.314792372175823,-0.3793590738637284,8.809753442817298,8.864490890498228,-15.484447346846157,-17.174570833333334,-0.0731958333333334,4,2019,BASE+ALL
2020-01-11,31.882925234564077,18.956830978393555,14.540439790348321,10.164474444683556,18.88616761199738,18.865959681718046,-52.411606847857136,-53.6136,-0.0731958333333334,4,2019,BASE+ALL
2020-01-12,31.411578536385463,16.764375686645508,14.93949130109262,9.430997685277962,18.136610802350386,18.109152093941574,-52.56523696926667,-42.20889583333334,-0.0731958333333334,4,2019,BASE+ALL
2020-01-13,39.95435324880542,28.06694793701172,25.445301297178133,10.312341356377118,25.944735959843097,26.020534820638773,-68.54842621131819,-59.37007916666667,-0.0731958333333334,4,2019,BASE+ALL
2020-01-14,46.11036362699795,46.97649002075195,39.63953472900881,16.861833147014487,37.3970553809433,37.625980763489146,,-85.87115416666667,-0.0731958333333334,4,2019,BASE+ALL
2020-01-15,23.271596948918507,26.318994522094727,18.016335626156774,1.8869732265164707,17.37347508092162,17.558404512558972,-92.33962001230768,-86.06290416666667,-0.0731958333333334,4,2019,BASE+ALL
2020-01-16,43.293046598244956,38.91679382324219,39.5566958492293,10.194664897264603,32.99030029199526,33.22473344367286,-15.503352671166668,-5.394333333333333,-0.0731958333333334,4,2019,BASE+ALL
2020-01-17,30.303703688556233,21.185169219970703,19.91183271651043,2.5737737192662244,18.493619836075897,18.60046186474052,-22.561441352600003,-22.5545375,-0.0731958333333334,4,2019,BASE+ALL
2020-01-18,16.929507584683318,16.517383575439453,13.818662492508112,-6.170115611874355,10.273859510189133,10.457100593862922,9.502787400153847,5.903379166666666,-0.0731958333333334,4,2019,BASE+ALL
2020-01-19,17.465006213896785,15.343429565429688,10.259402791864403,-6.039900564170956,9.25698450175498,9.404995815079882,-6.991457440625001,-1.7030291666666668,-0.0731958333333334,4,2019,BASE+ALL
2020-01-20,16.891858440588756,12.059654235839844,9.357603274054723,-6.45684760610477,7.963067086094639,8.084559181109869,33.80071134188889,28.995941666666667,-0.0731958333333334,4,2019,BASE+ALL
2020-01-21,16.858534891719604,10.347285270690918,9.95216428029972,-6.101851425606686,7.76403325427589,7.871424001557024,47.83192957842308,38.039975000000005,-0.0731958333333334,4,2019,BASE+ALL
2020-01-22,16.014585253566082,9.310553550720215,9.762985348878505,-3.077311826167616,8.002703081749296,8.077957708120776,,33.4820125,-0.0731958333333334,4,2019,BASE+ALL
2020-01-23,17.0464364534199,11.524384498596191,11.41449980009804,-1.4473735669755785,9.634486796284639,9.718204317396712,21.596406392961537,24.81979583333333,-0.0731958333333334,4,2019,BASE+ALL
2020-01-24,15.674692055198596,9.892631530761719,8.979090418558176,-4.709015990667002,7.459349503462874,7.551339949317352,14.651906445555555,14.104933333333332,-0.0731958333333334,4,2019,BASE+ALL
2020-01-25,15.22023867112234,10.321067810058594,7.202607830291725,-2.4964451531770138,7.561867289573911,7.629909239362558,28.43237220065,22.795258333333337,-0.0731958333333334,4,2019,BASE+ALL
2020-01-26,19.190258687292594,10.818074226379395,9.417270590992041,3.7411633900943,10.791691723689583,10.799506781695598,3.4192370096500007,8.111879166666666,-0.0731958333333334,4,2019,BASE+ALL
2020-01-27,26.21150884546483,13.754433631896973,13.382784715186814,3.7667160376957582,14.278860807561095,14.295798001143464,9.601612445125,8.050075,-0.0731958333333334,4,2019,BASE+ALL
2020-01-28,27.990193233340083,13.587679862976074,13.358784769826107,3.0187955950083314,14.48886336528765,14.50094106896316,-16.066336311142855,-6.510533333333334,-0.0731958333333334,4,2019,BASE+ALL
2020-01-29,16.281963056235266,9.463724136352539,9.714569905908736,-0.0691007576063995,8.847789085222535,8.895857679357414,4.27595673667647,4.3253875,-0.0731958333333334,4,2019,BASE+ALL
2020-01-30,20.661419121324702,11.296476364135742,11.53672317605347,4.983163697627987,12.119445589785474,12.124635118107866,,1.9706,-0.0731958333333334,4,2019,BASE+ALL
2020-01-31,22.046981881311197,11.80370044708252,12.301569946293723,3.9419942467848585,12.523561630368075,12.539120489877721,-31.18064366045455,-19.398429166666663,-0.0731958333333334,4,2019,BASE+ALL
2020-02-01,26.385380260606198,13.069151878356934,13.580774165758587,5.031315291811055,14.516655399133192,14.516698042113143,26.67131279629167,22.9361375,-0.0731958333333334,4,2019,BASE+ALL
2020-02-02,34.57473775647377,21.377609252929688,18.12456437300627,7.882703628593941,20.48990375275092,20.516823885182376,9.068811824884616,10.545120833333334,-0.0731958333333334,4,2019,BASE+ALL
2020-02-03,31.227863603313185,18.344362258911133,17.896742918376532,5.874447332762557,18.33585402834085,18.372005883394646,5.27887082845,10.111370833333334,-0.0731958333333334,4,2019,BASE+ALL
2020-02-04,31.65577772289211,22.51483154296875,19.504210789792406,5.70200177006695,19.844205456430053,19.924679184403583,11.450156112115383,11.1494625,-0.0731958333333334,4,2019,BASE+ALL
2020-02-05,17.826194418086274,18.013309478759766,13.923084504500917,-3.0760543282647497,11.671633518270554,11.835802167082058,,12.756995833333336,-0.0731958333333334,4,2019,BASE+ALL
2020-02-06,19.819059798748736,15.097596168518066,12.382556776372626,-0.9793042780653032,11.579977116393533,11.68034396427288,11.017939175411763,11.048879166666666,-0.0731958333333334,4,2019,BASE+ALL
2020-02-07,21.8252489279655,16.060375213623047,15.859205272054364,5.450935706247119,14.79894127997251,14.859782525975824,10.83095924045,11.005054166666667,-0.0731958333333334,4,2019,BASE+ALL
2020-02-08,28.86183380045085,18.112911224365234,19.29324238164693,6.191846412756775,18.11495845480495,18.167780138532553,-3.29362464553125,15.600112500000002,-0.0731958333333334,4,2019,BASE+ALL
2020-02-09,45.80071937249018,37.592037200927734,42.150793086005656,25.501846248792194,37.76134897705394,37.84983004788921,,138.07789166666666,-0.0731958333333334,4,2019,BASE+ALL
2020-02-10,48.60630945388102,41.087623596191406,46.86839823642198,15.566743631585542,38.032268729519984,38.25110944191316,25.842026695125,27.50354583333333,-0.0731958333333334,4,2019,BASE+ALL
2020-02-11,39.384868034794806,31.55801010131836,39.27932845438492,9.64787346424987,29.967520013686986,30.164042371797716,-26.098962840187504,5.644479166666666,-0.0731958333333334,4,2019,BASE+ALL
2020-02-12,28.293877123195216,23.070032119750977,24.76887810220176,5.935758450135257,20.517136448820803,20.650179912771822,,20.855195833333333,-0.0731958333333334,4,2019,BASE+ALL
2020-02-13,46.60680499464641,48.55240249633789,46.481809432616735,17.727533248476465,39.842137543019376,40.11452978646889,,50.080975,-0.0731958333333334,4,2019,BASE+ALL
2020-02-14,37.256586475007204,41.904483795166016,34.08195546269245,10.829735866697956,31.018190399890905,31.273892777575973,,24.373495833333333,-0.0731958333333334,4,2019,BASE+ALL
2020-02-15,53.599282978883146,52.041168212890625,60.26033404330324,20.1673592962911,46.51703613284202,46.84000181231798,,52.06310833333333,-0.0731958333333334,4,2019,BASE+ALL
2020-02-16,54.73375796150871,57.18425750732422,66.08726197332992,17.62628356133934,48.90789025087554,49.32553124073519,9.749332714,46.82380416666666,-0.0731958333333334,4,2019,BASE+ALL
2020-02-17,44.38700335744392,45.45451736450195,50.15281220386183,10.8051591316682,37.699873014368976,38.04134027819174,76.55418471444445,51.51779166666666,-0.0731958333333334,4,2019,BASE+ALL
2020-02-18,43.3458430690032,41.8327751159668,47.42022062319569,11.248881040261235,35.96192996210673,36.25813438225103,36.79269255015385,41.49742916666667,-0.0731958333333334,4,2019,BASE+ALL
2020-02-19,31.54158295899242,25.667695999145508,33.9116084917719,6.31252473372831,24.358353045909535,24.546179996909355,29.156985410461537,28.650075,-0.0731958333333334,4,2019,BASE+ALL
2020-02-20,42.72454318684067,33.79999542236328,37.4863376164437,9.705175902300148,30.929013031986948,31.114956321762335,36.57312871105,40.4547375,-0.0731958333333334,4,2019,BASE+ALL
2020-02-21,39.254316992492534,32.584442138671875,33.79510018749925,7.948730464353957,28.395647445754406,28.584352176065547,30.99027947911111,27.255358333333334,-0.0731958333333334,4,2019,BASE+ALL
2020-02-22,52.47432906523119,45.24407958984375,43.29715659180735,15.504753587013967,39.130079708474064,39.34231666478197,,44.37647916666666,-0.0731958333333334,4,2019,BASE+ALL
2020-02-23,47.669719193852735,42.147804260253906,36.79427937206285,14.06665450051577,35.16961433167131,35.356528007577936,,80.6667125,-0.0731958333333334,4,2019,BASE+ALL
2020-02-24,51.07022515514759,44.86151885986328,45.66374141756592,17.004731853757566,39.65005432158359,39.8675277056825,,55.97296666666667,-0.0731958333333334,4,2019,BASE+ALL
2020-02-25,41.51552746987654,42.213226318359375,42.55228343135649,10.80421425558848,34.27131286879522,34.55616778100961,,40.41728333333334,-0.0731958333333334,4,2019,BASE+ALL
2020-02-26,33.40676448405278,26.381845474243164,27.694050798620975,4.6241171616727605,23.026694479647418,23.188456274512745,29.8224710385,29.238529166666662,-0.0731958333333334,4,2019,BASE+ALL
2020-02-27,32.18573878858466,24.200069427490234,24.895070486859353,1.7724465284281266,20.763331307840595,20.922028642696773,,28.566291666666668,-0.0731958333333334,4,2019,BASE+ALL
2020-02-28,45.318221482160624,46.86070251464844,43.990377769439625,17.469373214258763,38.40966874512686,38.66235052153786,,66.08891666666666,-0.0731958333333334,4,2019,BASE+ALL
2020-02-29,48.35879455625106,52.28493881225586,57.40944002906063,13.07167359283508,42.78121174760066,43.18169689664711,,33.95290833333333,-0.0731958333333334,4,2019,BASE+ALL
2020-03-01,36.49289024671136,36.92970275878906,34.236079590582406,8.937072197190219,29.148936198318264,29.384065239498355,,39.73897916666667,-0.0731958333333334,4,2019,BASE+ALL
2020-03-02,24.717813548118567,21.612693786621094,19.580202977657628,1.8105537859877288,16.93031602459626,17.07682964155059,,20.13660833333333,-0.0731958333333334,4,2019,BASE+ALL
2020-03-03,22.457287754931052,17.557828903198242,17.074429719146607,1.3047113639137145,14.598564435297405,14.712693963184702,,22.08021666666667,-0.0731958333333334,4,2019,BASE+ALL
2020-03-04,27.80242069374596,27.41175651550293,25.34327247913322,5.280155626389828,21.459401328692984,21.64155060459856,,36.612633333333335,-0.0731958333333334,4,2019,BASE+ALL
2020-03-05,37.085722455113356,30.9719181060791,28.473196955723658,4.487421247778389,25.254564691173623,25.440867720810473,,35.772595833333334,-0.0731958333333334,4,2019,BASE+ALL
2020-03-06,24.842412364208432,21.489770889282227,22.307488774081097,2.340791197082659,17.745115806163604,17.901294318469283,,24.06545,-0.0731958333333334,4,2019,BASE+ALL
2020-03-07,36.06938004393858,28.694072723388672,23.521882359341316,9.121909727694892,24.351811213590864,24.45387475724073,,20.153891666666667,-0.0731958333333334,4,2019,BASE+ALL
2020-03-08,44.70040263790453,32.877262115478516,33.15130168811382,10.196004864845197,30.231242826585515,30.36827288206179,,19.587566666666667,-0.0731958333333334,4,2019,BASE+ALL
2020-03-09,40.27465823369544,34.74741744995117,28.59271700128483,10.111097347723137,28.431472508163644,28.583025810972572,,33.1434875,-0.0731958333333334,4,2019,BASE+ALL
2020-03-10,48.55290276658768,41.04451370239258,45.03874352982426,15.080629238378368,37.42919730929572,37.64146935260406,,48.00150416666667,-0.0731958333333334,4,2019,BASE+ALL
2020-03-11,44.83588767768626,32.576839447021484,42.41605905338145,8.6394974500081,32.11707090702432,32.31936405108718,30.61037695261111,40.5643625,-0.0731958333333334,4,2019,BASE+ALL
2020-03-12,43.70422628213889,34.32798767089844,37.517330730560104,6.106865443950198,30.414102531886908,30.63123245546445,23.726522080615386,28.4654125,-0.0731958333333334,4,2019,BASE+ALL
2020-03-13,30.06117403302945,21.018901824951172,22.87202883001627,3.774779104923194,19.431720948230023,19.54532686469553,,24.5271625,-0.0731958333333334,4,2019,BASE+ALL
2020-03-14,29.87264768719854,26.5579833984375,24.72182795571482,7.178452995989293,22.082728009335035,22.225478602713817,,19.6335875,-0.0731958333333334,4,2019,BASE+ALL
2020-03-15,40.33708188651823,34.03504180908203,35.17225439328535,9.29654852328881,29.710231653043607,29.90146935282086,,32.9270125,-0.0731958333333334,4,2019,BASE+ALL
2020-03-16,22.393160152276224,19.57965850830078,17.849319915385365,-2.300954107673416,14.380296117072238,14.548684073948758,3.892247985833333,17.900129166666666,-0.0731958333333334,4,2019,BASE+ALL
2020-03-17,24.637497175694595,18.53473472595215,19.42916508347065,2.5070826118407474,16.277119899239533,16.390671430189975,2.627786214416667,14.664683333333334,-0.0731958333333334,4,2019,BASE+ALL
2020-03-18,22.709825824317026,15.353180885314941,18.667478364978376,-3.839718217833937,13.222691714194102,13.37165655789152,4.914951222458334,8.540433333333333,-0.0731958333333334,4,2019,BASE+ALL
2020-03-19,22.584364452347625,13.331140518188477,17.20232856116846,-3.15707168091853,12.490190462696509,12.607833947788277,,17.77559583333333,-0.0731958333333334,4,2019,BASE+ALL
2020-03-20,23.973393924646164,15.883642196655273,20.334623034802544,-2.195379790588589,14.499069841378848,14.640766887640012,,41.01625,-0.0731958333333334,4,2019,BASE+ALL
2020-03-21,19.948510305020587,12.126620292663574,13.50582856016618,-3.990596085436344,10.3975907681035,10.505202396638236,,12.012108333333332,-0.0731958333333334,4,2019,BASE+ALL
2020-03-22,20.5155342327291,9.544376373291016,11.369885049836283,-3.703975905744951,9.43145493752786,9.498637358092164,,25.232579166666667,-0.0731958333333334,4,2019,BASE+ALL
2020-03-23,20.478239871115598,9.356156349182129,11.355191059156382,-3.930921757707424,9.314666380436671,9.382375598586007,,20.0829,-0.0731958333333334,4,2019,BASE+ALL
2020-03-24,19.655443361767805,8.654936790466309,11.014371164952065,-4.134159743683298,8.79764789337572,8.86374374927963,,22.70657083333333,-0.0731958333333334,4,2019,BASE+ALL
2020-03-25,20.19377667015166,8.459305763244629,10.311869200546255,-4.1332447958426535,8.707926709524973,8.765181708683645,,29.368354166666663,-0.0731958333333334,4,2019,BASE+ALL
2020-03-26,22.31667732572715,11.067280769348145,12.393611132763828,-2.2274570729737384,10.887528038716347,10.950617768660154,,58.68697916666667,-0.0731958333333334,4,2019,BASE+ALL
2020-03-27,21.301919958325744,11.500253677368164,12.107982965846054,-6.685322816364488,9.556208446293867,9.666572860707376,7.867977830944444,21.157654166666667,-0.0731958333333334,4,2019,BASE+ALL
2020-03-28,23.502365446549412,16.07227897644043,17.969093639629087,-2.2591831194937804,13.821138735781286,13.953663662636576,27.29627450916667,24.184700000000003,-0.0731958333333334,4,2019,BASE+ALL
2020-03-29,33.36867288116574,20.18347930908203,23.526670679984612,-0.5630460527843404,19.12894420436201,19.25932686794841,8.29516673815,11.801904166666668,-0.0731958333333334,4,2019,BASE+ALL
2020-03-30,24.11127455763023,14.56847858428955,17.75925204772285,-5.596946173351341,12.710514754072822,12.855177542678705,10.597541745625,16.0219125,-0.0731958333333334,4,2019,BASE+ALL
2020-03-31,24.98490107911897,14.503339767456055,19.954475747555783,-4.87283775261653,13.64246971037857,13.788241597140543,27.1302043455,23.41242083333333,-0.0731958333333334,4,2019,BASE+ALL
2020-04-01,22.324948503232637,11.670794486999512,15.21352128248765,-0.19096720442624,12.254574267073389,12.321363149156568,0.7565425832142854,7.208495833333333,-0.0731958333333334,4,2019,BASE+ALL
2020-04-02,22.43471381499266,9.227676391601562,12.358876420490029,4.465190164179436,12.121614197815923,12.10866202959043,5.812600921321429,5.656083333333334,-0.0731958333333334,4,2019,BASE+ALL
2020-04-03,22.117135981124054,9.341830253601074,10.888328629463626,2.834743096936382,11.295509490281283,11.291095342231923,-22.3712646836,-9.570275,-0.0731958333333334,4,2019,BASE+ALL
2020-04-04,23.80374335225034,13.098539352416992,15.270344899149856,4.338285559190879,14.127728290752016,14.158582708797404,0.872027684769231,4.357383333333334,-0.0731958333333334,4,2019,BASE+ALL
2020-04-05,34.87972008602775,18.024442672729492,20.875264080268558,13.04688846785098,21.706578826719195,21.673504691153582,-25.40142057914285,-11.35845,-0.0731958333333334,4,2019,BASE+ALL
2020-04-06,23.160927711262282,11.755492210388184,14.473536291463185,7.386791516148687,14.194186932315585,14.185356748833428,-5.112911658533333,-0.8898041666666666,-0.0731958333333334,4,2019,BASE+ALL
2020-04-07,22.72184939586957,11.703508377075195,12.482756814120773,9.82391778352434,14.18300809264747,14.14277248014719,18.94311958616667,22.16937083333333,-0.0731958333333334,4,2019,BASE+ALL
2020-04-08,23.456380871756824,12.066726684570312,11.352328671579924,9.52707013220288,14.100626590027485,14.05535027600067,25.33220508838461,22.42340833333333,-0.0731958333333334,4,2019,BASE+ALL
2020-04-09,21.79434472430468,11.232954978942871,11.195337465306293,8.689471310247917,13.22802711970044,13.19141107919121,20.738830833576927,22.191066666666668,-0.0731958333333334,4,2019,BASE+ALL
2020-04-10,22.1653869298179,10.88569164276123,11.505032646305024,9.131459386398522,13.421892651320668,13.378138830870373,43.61374464193333,37.39790833333333,-0.0731958333333334,4,2019,BASE+ALL
2020-04-11,66.94197769289374,64.87672424316406,71.3152462105896,96.62596933450124,74.93997937028716,74.68452893787952,75.96968065712501,136.6470625,-0.0731958333333334,4,2019,BASE+ALL
2020-04-12,74.51810754977065,71.17189025878906,83.01540091513448,96.79375855804486,81.37478932043476,81.19855433633253,33.432265303437504,80.81063333333334,-0.0731958333333334,4,2019,BASE+ALL
2020-04-13,78.62896982686819,71.26974487304688,84.6601360909036,99.1385570925095,83.42435197083205,83.2148932173136,62.54289071716667,87.625275,-0.0731958333333334,4,2019,BASE+ALL
2020-04-14,78.14133231715401,68.88488006591797,79.09917006729428,92.7001022538599,79.70637117605654,79.50354349591004,48.83874939535294,62.287929166666665,-0.0731958333333334,4,2019,BASE+ALL
2020-04-15,78.52696782670033,69.77368927001953,72.76300427584074,95.21765329273292,79.07032866632338,78.81313732261343,385.2041179207308,228.3841,-0.0731958333333334,4,2019,BASE+ALL
2020-04-16,79.74742781800829,71.90552520751953,72.95157740700887,95.022103451399,79.90665847098393,79.66374024304274,39.56488630873077,67.34700416666666,-0.0731958333333334,4,2019,BASE+ALL
2020-04-17,80.99862499540644,70.90071868896484,69.59320724134173,99.15387487855423,80.1616064510668,79.8465567772493,,122.28049583333332,-0.0731958333333334,4,2019,BASE+ALL
2020-04-18,80.80535972077743,69.41990661621094,70.26107344217134,95.1726290955,78.91474221866493,78.62741036005545,36.90415002686667,36.69166666666667,-0.0731958333333334,4,2019,BASE+ALL
2020-04-19,81.57209255592473,71.31051635742188,69.64184060840098,95.4900347818312,79.50362107589469,79.2217017880196,9.087180063153845,29.311691666666665,-0.0731958333333334,4,2019,BASE+ALL
2020-04-20,80.8805035968266,71.82494354248047,70.50866819562602,98.19692283352244,80.35275954211387,80.06018673041653,63.46314542672728,58.4156125,-0.0731958333333334,4,2019,BASE+ALL
2020-04-21,83.90457162831879,76.84233856201172,77.0357562103351,98.23968039826512,84.00558669973269,83.77725178877691,155.489617579,114.94125,-0.0731958333333334,4,2019,BASE+ALL
2020-04-22,90.54835376796655,76.80799102783203,78.50067632184692,94.94872280583073,85.20143598086906,84.97359062673706,25.500028551,56.6735875,-0.0731958333333334,4,2019,BASE+ALL
2020-04-23,90.28128666785204,77.09339141845703,83.55112461541108,96.9379426479643,86.96593633742111,86.75421141807794,,90.409025,-0.0731958333333334,4,2019,BASE+ALL
2020-04-24,90.5383905326151,74.09190368652344,95.22314486841283,97.5251773593414,89.34465411172319,89.1695961955937,,72.06334583333333,-0.0731958333333334,4,2019,BASE+ALL
2020-04-25,88.25271299581325,72.11461639404297,76.88422488435002,97.31734723453468,83.64222537718523,83.35645749060654,,61.13270416666666,-0.0731958333333334,4,2019,BASE+ALL
2020-04-26,87.59429143483264,71.19920349121094,71.09128828427825,97.087899897358,81.74317077691995,81.42104326434924,,95.19221666666664,-0.0731958333333334,4,2019,BASE+ALL
2020-04-27,88.0846055166229,70.13593292236328,74.31424919115881,97.11289135956072,82.41191974742642,82.09678738430127,,105.24277916666666,-0.0731958333333334,4,2019,BASE+ALL
2020-04-28,88.00855090998122,69.97107696533203,70.51761734872638,96.8914754380594,81.34718016552476,81.01058598837866,,71.8033875,-0.0731958333333334,4,2019,BASE+ALL
2020-04-29,86.88194469586072,69.89303588867188,67.7075486548546,96.07742776188132,80.13998925031714,79.79963822296631,,71.6120125,-0.0731958333333334,4,2019,BASE+ALL
2020-04-30,82.63533100538775,68.26852416992188,65.29008188129815,97.78339760889742,78.49433366637629,78.13436007581215,58.8090129775,60.950941666666665,-0.0731958333333334,4,2019,BASE+ALL
2020-05-01,74.65730927141965,68.32081604003906,62.957779830771315,98.5592586634098,76.12379095140996,75.7881429256042,107.10101740357142,86.2431625,-0.0731958333333334,4,2019,BASE+ALL
2020-05-02,73.05228338222551,68.7887191772461,64.83133927884226,93.4919756764485,75.0410793786906,74.77447725600399,19.3865088145,56.589400000000005,-0.0731958333333334,4,2019,BASE+ALL
2020-05-03,77.18003020345125,72.47099304199219,68.90474488821484,96.8253984117356,78.84529163634846,78.58161196696435,65.98167108286364,85.81407916666666,-0.0731958333333334,4,2019,BASE+ALL
2020-05-04,80.77385413020468,73.3254165649414,77.30059137627781,96.05754600861069,81.86435202000865,81.64436030667943,13.179566782555556,51.46094583333333,-0.0731958333333334,4,2019,BASE+ALL
2020-05-05,86.51824306517052,76.48286437988281,84.56272252956384,99.60458660154588,86.79210414404076,86.57846844397278,320.7563657801667,217.03885,-0.0731958333333334,4,2019,BASE+ALL
2020-05-06,87.6433296256394,74.7894287109375,86.00495208795463,95.1157878556572,85.88837457004718,85.70236015713492,32.64253231859091,49.61388333333333,-0.0731958333333334,4,2019,BASE+ALL
2020-05-07,89.84759489393237,77.91124725341797,99.52151204916211,95.453916153531,90.68356758751086,90.58884596991093,128.43239496483332,116.59778333333333,-0.0731958333333334,4,2019,BASE+ALL
2020-05-08,86.90077233457332,84.26990509033203,93.99867336568715,96.70982488124712,90.4697939179599,90.4021267120007,85.49931281783331,104.01994166666668,-0.0731958333333334,4,2019,BASE+ALL
2020-05-09,88.59820026950821,83.33597564697266,92.6679180275421,93.62453949896754,89.55665836074762,89.49105676099047,269.2543266358333,153.50691666666668,-0.0731958333333334,4,2019,BASE+ALL
2020-05-10,83.90644360673426,79.7575912475586,81.09859371868932,96.80173487179437,85.39109086119413,85.22447245151126,184.71951787033333,112.7607625,-0.0731958333333334,4,2019,BASE+ALL
2020-05-11,88.08433804374882,80.21733093261719,87.1603692778744,97.25258439886238,88.17865566327569,88.02446590233862,145.8249321158125,141.25797083333333,-0.0731958333333334,4,2019,BASE+ALL
2020-05-12,87.2622420686757,75.5366439819336,83.682736944251,89.65707238717653,84.0346738455092,83.89193370602464,52.73563122207692,50.857425000000006,-0.0731958333333334,4,2019,BASE+ALL
2020-05-13,86.28698515328256,75.71856689453125,84.43528340843534,93.23845808446076,84.91982338517748,84.75672714831667,177.536867586,149.41605,-0.0731958333333334,4,2019,BASE+ALL
2020-05-14,90.27304765098094,73.73352813720703,86.66233102977479,91.34394062899617,85.50321186173973,85.33086282750189,92.81704181542308,103.37480416666666,-0.0731958333333334,4,2019,BASE+ALL
2020-05-15,84.82884186667884,71.62378692626953,76.74140564739464,89.90296813295339,80.7742506433241,80.56841077293727,7.353284976153846,52.02237083333333,-0.0731958333333334,4,2019,BASE+ALL
2020-05-16,80.65466680253363,70.25196075439453,69.05961745752948,91.02141203024068,77.74691426117458,77.49730846609506,37.51819238480555,45.1735625,-0.0731958333333334,4,2019,BASE+ALL
2020-05-17,71.3370469565739,69.80899047851562,69.05961745752948,92.90056014369029,75.77655375907733,75.55850604988092,59.93255557909375,53.66506666666667,-0.0731958333333334,4,2019,BASE+ALL
2020-05-18,70.95786982727056,72.11752319335938,67.84302053448775,92.7380402388548,75.91411344849311,75.71218452089292,62.613923008307694,49.9334375,-0.0731958333333334,4,2019,BASE+ALL
2020-05-19,70.47513687452897,70.68952941894531,66.26899502746184,93.13132786603023,75.1412472967416,74.91700063173566,139.05872451768184,80.8510625,-0.0731958333333334,4,2019,BASE+ALL
2020-05-20,79.2187970440059,99.7822036743164,100.40940407166696,93.16135296623362,93.14293943905571,93.32029145317561,,82.50565,-0.0731958333333334,4,2019,BASE+ALL
2020-05-21,72.90286522153481,89.97470092773438,98.85158157676337,95.03199238276508,89.1902850271994,89.29318538099876,,52.69244166666667,-0.0731958333333334,4,2019,BASE+ALL
2020-05-22,69.92958698681967,88.57649993896484,92.00119127101392,99.94086917759496,87.61203684359835,87.63548931397584,66.48258811432352,68.85349583333333,-0.0731958333333334,4,2019,BASE+ALL
2020-05-23,67.23441398247256,83.63919830322266,78.46751549879983,99.01777034402704,82.08972453213053,82.01418865373542,60.924586189416665,58.88559583333333,-0.0731958333333334,4,2019,BASE+ALL
2020-05-24,66.79771318455323,77.43480682373047,70.43288229672228,94.008183591936,77.1683964742355,77.03921879188087,91.1875145495,60.2293625,-0.0731958333333334,4,2019,BASE+ALL
2020-05-25,71.16494848428519,76.91659545898438,80.12784310767105,89.52190333130618,79.4328225955617,79.37197470589867,,67.46700416666667,-0.0731958333333334,4,2019,BASE+ALL
2020-05-26,70.61442177304943,78.82063293457031,73.73097218651343,90.64328104502204,78.4523269847888,78.36306996092635,150.09725514250002,82.1812375,-0.0731958333333334,4,2019,BASE+ALL
2020-05-27,74.98972518533989,85.78319549560547,91.87309214746745,90.2881925801675,85.73355135214507,85.78981896264956,18.34537801790909,42.54166666666666,-0.0731958333333334,4,2019,BASE+ALL
2020-05-28,76.54761156854529,94.30025482177734,91.85916514853173,93.0450018351598,88.93800834350354,89.03387178750282,80.73876795657144,79.64724583333334,-0.0731958333333334,4,2019,BASE+ALL
2020-05-29,76.0084064413783,89.71631622314453,94.88571712946307,93.26650552647664,88.46923633011563,88.54481922146257,160.78180680039284,136.49436666666665,-0.0731958333333334,4,2019,BASE+ALL
2020-05-30,76.74102300320487,95.09632110595703,97.63659613339463,92.3330069777877,90.45173680508606,90.59380547382267,55.48224250583333,84.80811250000001,-0.0731958333333334,4,2019,BASE+ALL
2020-05-31,75.85445337413687,96.84674072265625,100.3661216831135,91.70639128670092,91.19342676665188,91.37712145367729,57.68781171207143,58.57983333333333,-0.0731958333333334,4,2019,BASE+ALL
2020-06-01,73.83448045286309,95.2547378540039,97.05772107528192,89.84516421985285,88.99802590050044,89.17635579114915,,70.36195,-0.0731958333333334,4,2019,BASE+ALL
2020-06-02,73.5009174114137,92.16596984863281,89.18205833039633,90.00285977919643,86.21295134240981,86.3187646596649,,96.2817,-0.0731958333333334,4,2019,BASE+ALL
2020-06-03,68.79578455515532,82.02780151367188,78.62634980539286,94.7903213957478,81.06006431749196,81.0005074439173,,161.24295833333335,-0.0731958333333334,4,2019,BASE+ALL
2020-06-04,66.28794728634794,69.12606811523438,61.10478899291631,91.80500484832623,72.08095231070622,71.84796775761843,,110.50439166666666,-0.0731958333333334,4,2019,BASE+ALL
2020-06-05,63.512246133338465,70.05847930908203,65.99760997346746,92.15358617771597,72.93048039840099,72.74680092442141,21.8843331375,75.3631125,-0.0731958333333334,4,2019,BASE+ALL
2020-06-06,64.21859268995408,67.72119903564453,61.40981436589586,95.36495558702212,72.17864041962915,71.9153801748577,,82.317625,-0.0731958333333334,4,2019,BASE+ALL
2020-06-07,62.07116257310005,65.62351989746094,61.67195254710632,91.66355821223628,70.2575483074759,70.02275846679296,,99.5422375,-0.0731958333333334,4,2019,BASE+ALL
2020-06-08,65.82764166080082,70.32421875,66.65158435184632,89.98608036451972,73.1973812817917,73.02616031588765,379.4312828888889,215.72423333333333,-0.0731958333333334,4,2019,BASE+ALL
2020-06-09,62.745910760953926,64.63563537597656,57.24046280717012,90.23103159272792,68.71326013420713,68.45277795722112,133.16208507480002,106.30680416666668,-0.0731958333333334,4,2019,BASE+ALL
2020-06-10,69.24197471726522,72.97329711914062,68.97097708221403,91.55564641174104,75.68547383259023,75.51761774956874,,68.88167916666667,-0.0731958333333334,4,2019,BASE+ALL
2020-06-11,78.42465099551683,82.09009552001953,98.73461775561614,95.27363151305292,88.63074894605136,88.63252155892876,175.34931720000003,136.57459166666666,-0.0731958333333334,4,2019,BASE+ALL
2020-06-12,79.00384633462863,81.93529510498047,92.95138091403895,93.2142998367802,86.77620554760706,86.75752284284357,,95.91653333333332,-0.0731958333333334,4,2019,BASE+ALL
2020-06-13,79.74351951080973,81.40202331542969,84.1683765466388,90.26098852120334,83.89372697352039,83.84066239115771,,91.8823625,-0.0731958333333334,4,2019,BASE+ALL
2020-06-14,75.42972233921739,79.12342071533203,88.36110569486056,90.00605151515781,83.23007506614195,83.20865719528517,35.73665628344444,65.53108333333334,-0.0731958333333334,4,2019,BASE+ALL
2020-06-15,73.57366092447091,77.73490142822266,89.59852698574163,88.56090992301858,82.36699981536344,82.36421845160908,98.9400123302,97.716575,-0.0731958333333334,4,2019,BASE+ALL
2020-06-16,74.1487681993089,76.90870666503906,88.98101887706257,89.03284470935183,82.26783461269059,82.24693172035276,,80.40559583333334,-0.0731958333333334,4,2019,BASE+ALL
2020-06-17,78.64971928694487,76.93995666503906,88.85907764785284,88.45234484163893,83.22527461036893,83.18393695612215,,109.14599166666666,-0.0731958333333334,4,2019,BASE+ALL
2020-06-18,79.74811092404545,74.06443786621094,83.25619992068496,92.76641857201548,82.45879182073921,82.3152854515866,,89.52510416666667,-0.0731958333333334,4,2019,BASE+ALL
2020-06-19,74.74391782015601,69.5584716796875,77.0364156021979,83.30198311186804,76.16019705347736,76.05338029440176,49.524716196545455,60.75566666666666,-0.0731958333333334,4,2019,BASE+ALL
2020-06-20,78.16323319066773,73.26699829101562,77.071581187614,80.39409662883153,77.22397732453223,77.15582435319186,54.490384867625,71.02617500000001,-0.0731958333333334,4,2019,BASE+ALL
2020-06-21,73.5784740338532,72.46070861816406,76.32613912132935,83.25239061297111,76.40442809657942,76.32519037590332,87.06330950949999,73.86739583333333,-0.0731958333333334,4,2019,BASE+ALL
2020-06-22,74.25551359313015,72.86305236816406,77.071581187614,81.43323204506628,76.40584479849363,76.34683100597121,69.58424525343334,62.09249583333333,-0.0731958333333334,4,2019,BASE+ALL
2020-06-23,79.15309333172598,76.69374084472656,76.41533351277253,78.48675460269143,77.68723057297913,77.65592549436411,39.01199711514285,117.52577916666668,-0.0731958333333334,4,2019,BASE+ALL
2020-06-24,83.98595018639092,84.61698150634766,88.52350346033676,79.49422641095231,84.15516539100692,84.22727879885967,68.09508736441667,100.09022916666667,-0.0731958333333334,4,2019,BASE+ALL
2020-06-25,91.80960852635432,89.47895050048828,95.16481324820997,79.99092941430567,89.11107542233955,89.21593587797673,83.97033044928571,168.79127499999998,-0.0731958333333334,4,2019,BASE+ALL
2020-06-26,81.56009240950867,84.66789245605469,81.45617164529631,80.10878026629516,81.94823419428872,81.98709649163983,57.668655525590914,79.77698333333333,-0.0731958333333334,4,2019,BASE+ALL
2020-06-27,71.41099706251417,81.20035552978516,72.79126480762353,83.67463324614162,77.26931266151612,77.25230140455999,5.936853275333334,49.73295,-0.0731958333333334,4,2019,BASE+ALL
2020-06-28,68.04541457061885,75.217529296875,67.01490208444903,84.39243031287938,73.66756906620557,73.57765095840942,14.629490229799998,48.38800416666667,-0.0731958333333334,4,2019,BASE+ALL
2020-06-29,67.56842417185199,72.82376098632812,61.99281745969581,84.70276755736252,71.7719425438096,71.63176699389479,50.51591917458824,53.02098333333333,-0.0731958333333334,4,2019,BASE+ALL
2020-06-30,65.8917087570935,69.19824981689453,63.866401438901796,80.76556829991168,69.93048207820038,69.81469743587223,72.2917237465625,54.815041666666666,-0.0731958333333334,4,2019,BASE+ALL
2020-07-01,67.23724143484473,69.79904174804688,64.2571097326106,80.76637182490599,70.51494118510206,70.39908416918396,120.961725817,103.67887083333332,-0.0731958333333334,4,2019,BASE+ALL
2020-07-02,66.73353776744061,69.71172332763672,63.763460710064926,81.15566229623299,70.34109602534382,70.22092960312395,104.63286985375,78.99764583333334,-0.0731958333333334,4,2019,BASE+ALL
2020-07-03,65.4284078204634,71.60310363769531,65.70833886448173,84.11692357869447,71.71419347533373,71.60269317430242,,49.95921666666666,-0.0731958333333334,4,2019,BASE+ALL
2020-07-04,68.02683679039599,71.13954162597656,64.3088938809641,86.77510574698661,72.56259451108082,72.40073612941381,,98.3929125,-0.0731958333333334,4,2019,BASE+ALL
2020-07-05,66.39290075046347,79.39287567138672,77.72522230507366,87.6133097304155,77.78107711433483,77.77081300207492,144.52502227272728,208.14316666666664,-0.0731958333333334,4,2019,BASE+ALL
2020-07-06,35.01377625234636,37.23296356201172,35.05667743656173,4.12828976026692,27.857926752796683,28.15146988867964,34.535561277777774,66.16308333333333,-0.0731958333333334,4,2019,BASE+ALL
2020-07-07,26.80713363918126,25.44825553894043,25.660665180680798,3.744927298315126,20.415245414279404,20.60166662670049,,46.39195833333333,-0.0731958333333334,4,2019,BASE+ALL
2020-07-08,26.415069938420434,22.248409271240234,22.18074796398743,5.42007746472008,19.066076159592043,19.191864406941086,,32.15179166666667,-0.0731958333333334,4,2019,BASE+ALL
2020-07-09,25.24957705197868,19.74565315246582,18.747853154513667,4.267626331319487,17.002677422569413,17.103506556783692,,35.0481375,-0.0731958333333334,4,2019,BASE+ALL
2020-07-10,24.077590967463273,17.228689193725586,18.438823722971154,1.862914319622046,15.402004550945515,15.507376881957311,33.752796363636364,30.500958333333333,-0.0731958333333334,4,2019,BASE+ALL
2020-07-11,21.56954610792636,14.705202102661133,15.923983126783071,-1.6114304691497132,12.646825217055213,12.76060730966494,4.042284062500001,9.031754166666667,-0.0731958333333334,4,2019,BASE+ALL
2020-07-12,19.124110743677708,11.103191375732422,14.428371418033926,-3.948066436462316,10.176901775245437,10.28543777875424,6.37280625,22.972104166666668,-0.0731958333333334,4,2019,BASE+ALL
2020-07-13,18.73163859728234,17.53248405456543,15.204573289958907,3.501974765941295,13.742667676936993,13.846819608919999,-19.5957298125,10.280258333333334,-0.0731958333333334,4,2019,BASE+ALL
2020-07-14,18.521009926456014,13.567657470703125,13.996734307420395,4.229650958341292,12.578763165730209,12.636570086464745,,14.759341666666666,-0.0731958333333334,4,2019,BASE+ALL
2020-07-15,16.529984635909763,10.433940887451172,14.05575022140517,-7.452528982413369,8.391786690588184,8.538006660702168,,13.399316666666666,-0.0731958333333334,4,2019,BASE+ALL
2020-07-16,16.36483615966698,9.104547500610352,11.595831230301243,-8.666569240236015,7.09966141258564,7.231672041228598,-13.7587515,0.4712958333333332,-0.0731958333333334,4,2019,BASE+ALL
2020-07-17,16.15459866193125,8.543975830078125,11.832491153998305,-9.80600702779827,6.6812646545523515,6.82117245217775,5.669362,11.901583333333331,-0.0731958333333334,4,2019,BASE+ALL
2020-07-18,15.771751090516466,8.198371887207031,12.360326069537678,-9.27242997680388,6.764504767614325,6.901975340702057,14.712335681818182,17.982195833333332,-0.0731958333333334,4,2019,BASE+ALL
2020-07-19,15.315773795393255,10.151784896850586,13.703583283925186,-8.820917840384109,7.587556033946229,7.748214697110489,19.025801,23.935829166666668,-0.0731958333333334,4,2019,BASE+ALL
2020-07-20,14.219663586425465,7.684248447418213,10.400303321105154,-11.776546889816942,5.131917116282972,5.284311299934538,0.0114688461538462,2.2919416666666668,-0.0731958333333334,4,2019,BASE+ALL
2020-07-21,13.925052063605094,7.911915302276611,9.982821672278863,-12.351415773092787,4.867093316266946,5.025718302004265,-3.319900045454546,4.9429375,-0.0731958333333334,4,2019,BASE+ALL
2020-07-22,13.655003959183277,10.160529136657715,11.53850935581065,-12.947427496047656,5.601653738900995,5.79551299799596,-0.4029235272727269,52.79662916666667,-0.0731958333333334,4,2019,BASE+ALL
2020-07-23,13.79958415101382,9.39477825164795,10.461090842820255,-8.474187942831886,6.295316325662534,6.435719972129165,2.38798375,28.187808333333333,-0.0731958333333334,4,2019,BASE+ALL
2020-07-24,13.803233444746002,8.764447212219238,11.453420654645171,-8.180270147667226,6.460207790985796,6.598454111752777,10.449884166666664,13.535625,-0.0731958333333334,4,2019,BASE+ALL
2020-07-25,15.91699934843719,12.668951988220215,15.958478880303023,-6.959085499871504,9.39633617927223,9.571964896731403,18.681089375,17.020954166666666,-0.0731958333333334,4,2019,BASE+ALL
2020-07-26,15.187079029922073,11.729717254638672,15.299665633382062,-6.31035714043443,8.976526194377094,9.138540321948941,5.8175575,13.748554166666668,-0.0731958333333334,4,2019,BASE+ALL
2020-07-27,16.57876300550739,13.716404914855957,13.132940288254193,-4.602600849724116,9.706376839723358,9.849639513618989,7.020639999999999,11.137625,-0.0731958333333334,4,2019,BASE+ALL
2020-07-28,16.232259451347854,10.313222885131836,12.22479940368679,-7.291994047988586,7.869571923044473,8.004172986670284,20.261367222222223,19.319666666666667,-0.0731958333333334,4,2019,BASE+ALL
2020-07-29,16.596460210717236,19.175724029541016,14.622554214508416,-10.955321774034651,9.859854170183004,10.114948185936633,3.0606575,6.401441666666667,-0.0731958333333334,4,2019,BASE+ALL
2020-07-30,16.578179355676582,16.517864227294922,13.070091140115148,-11.20677825305174,8.739839117508728,8.965353766163135,-10.174775,5.213716666666667,-0.0731958333333334,4,2019,BASE+ALL
2020-07-31,16.327519459278435,25.02373695373535,15.358765730099577,-7.152663208079018,12.389339733758586,12.666544235140886,32.672885,20.363312500000003,-0.0731958333333334,4,2019,BASE+ALL
2020-08-01,15.957272250945538,19.64862632751465,13.46166924112459,-5.80360994826928,10.815989467828874,11.026082510260624,27.088425,22.4288625,-0.0731958333333334,4,2019,BASE+ALL
2020-08-02,14.9573732351839,13.267170906066895,10.088287765435334,-8.696205353046944,7.4041566384097965,7.570990389686696,,14.25535,-0.0731958333333334,4,2019,BASE+ALL
2020-08-03,14.555323793944794,11.67592716217041,9.97359318742649,-9.920978648752154,6.5709663736973845,6.73663216464945,10.8247739,10.181783333333334,-0.0731958333333334,4,2019,BASE+ALL
2020-08-04,15.352499793426375,12.040626525878906,11.450710498712898,-6.729258033135494,8.02864469622067,8.173363191889598,-32.8488125,13.052920833333332,-0.0731958333333334,4,2019,BASE+ALL
2020-08-05,15.602543086673611,14.864828109741211,14.18220927714442,-6.047625490406926,9.650488745788078,9.828064295642719,-40.06557333333333,-15.135554166666669,-0.0731958333333334,4,2019,BASE+ALL
2020-08-06,15.434221883626773,15.480671882629395,15.050472216527622,-9.16335029447414,9.200503922077411,9.417092313573953,36.90898357142857,23.4184875,-0.0731958333333334,4,2019,BASE+ALL
2020-08-07,14.400334760299595,15.680437088012695,14.335490170671411,-11.670187115827437,8.186518725789066,8.428627806081261,24.597574166666664,20.95228333333333,-0.0731958333333334,4,2019,BASE+ALL
2020-08-08,13.672341353281585,15.288769721984863,13.742724093802844,-9.217296584584378,8.37163464612123,8.589169811239708,25.095164428571422,20.682033333333333,-0.0731958333333334,4,2019,BASE+ALL
2020-08-09,13.805740244423509,23.6960391998291,18.51132364128188,-9.68809803947293,11.58125126151539,11.90233454206778,,21.396825000000003,-0.0731958333333334,4,2019,BASE+ALL
2020-08-10,14.702309765923415,20.4317569732666,22.0076553862553,-9.641279763452513,11.875110590498203,12.18351277866988,,14.083441666666667,-0.0731958333333334,4,2019,BASE+ALL
2020-08-11,14.05018394795898,24.841562271118164,21.759966985044393,-10.52418901237494,12.531881047936649,12.888028059772175,16.5295875,34.66257916666667,-0.0731958333333334,4,2019,BASE+ALL
2020-08-12,14.602591294483018,23.151933670043945,19.501554695454516,-10.9092016052955,11.586719513671495,11.91539626620261,-1.1541066666666664,10.743683333333337,-0.0731958333333334,4,2019,BASE+ALL
2020-08-13,21.015192087451467,40.9460334777832,32.73908956766466,-7.498013396735782,21.800575434040887,22.293620274040183,,35.66537916666667,-0.0731958333333334,4,2019,BASE+ALL
2020-08-14,18.143026222484337,22.320524215698242,25.64715359336374,-8.617476069860441,14.373306990421469,14.691072838890147,,30.8219375,-0.0731958333333334,4,2019,BASE+ALL
2020-08-15,19.237982699761368,18.95699691772461,20.617752847882215,-8.084563599016242,12.682042216587988,12.930455388827466,,28.1197375,-0.0731958333333334,4,2019,BASE+ALL
2020-08-16,18.82746849622629,13.48444938659668,11.003628386196832,-7.628397210562017,8.921787264614444,9.064793324259508,,14.6391,-0.0731958333333334,4,2019,BASE+ALL
2020-08-17,17.958497571402578,13.62051773071289,14.45515473455055,-9.687790362764783,9.08659491847531,9.274310944571665,,26.91690416666667,-0.0731958333333334,4,2019,BASE+ALL
2020-08-18,18.3231967364231,22.64297103881836,20.37870086366658,-7.6398745241903185,13.42624852867943,13.70594130432836,,14.3084125,-0.0731958333333334,4,2019,BASE+ALL
2020-08-19,28.631863185001844,41.174659729003906,38.38950301357621,-2.566588536559731,26.407359347755555,26.84942563748153,,19.756083333333333,-0.0731958333333334,4,2019,BASE+ALL
2020-08-20,33.56172664707727,41.99870300292969,47.468930664458036,-0.6108039411861874,30.604639093319705,31.062523172095325,,11.458629166666666,-0.0731958333333334,4,2019,BASE+ALL
2020-08-21,36.551912481588424,43.07038116455078,54.22829677615666,6.496112373084486,35.08667569884509,35.51386543021916,,30.770679166666667,-0.0731958333333334,4,2019,BASE+ALL
2020-08-22,29.431194771878808,34.786285400390625,41.737179762459306,-1.7983567768825883,26.03907578946154,26.434991816265594,,6.713183333333333,-0.0731958333333334,4,2019,BASE+ALL
2020-08-23,28.040752537588972,24.986066818237305,24.823580051472824,-3.374668236579982,18.618932792679782,18.852793874325542,,11.9260875,-0.0731958333333334,4,2019,BASE+ALL
2020-08-24,25.637586904908446,25.030895233154297,27.503395877430687,-6.80538881003395,17.841622301364872,18.135598446618157,,17.414675,-0.0731958333333334,4,2019,BASE+ALL
2020-08-25,46.47936198644749,52.10062789916992,56.188306953859964,4.05555685023085,39.70596342242706,40.188224889570485,,7.782254166666667,-0.0731958333333334,4,2019,BASE+ALL
2020-08-26,26.55855694402809,42.6153450012207,41.00670966402752,-3.83749855205441,26.58577826430547,27.07850675880314,,17.169900000000002,-0.0731958333333334,4,2019,BASE+ALL
2020-08-27,26.193525353007185,31.201997756958008,37.435487960950674,-7.076365352778527,21.93866142953434,22.343443448399174,,22.1382375,-0.0731958333333334,4,2019,BASE+ALL
2020-08-28,23.98068799637903,25.003137588500977,31.10922611561114,-9.07803122857511,17.753755117979008,18.09824619176215,,20.33595,-0.0731958333333334,4,2019,BASE+ALL
2020-08-29,17.78703215168931,20.965669631958008,21.07576489555104,-9.760524682145268,12.516985499263273,12.808278171060671,-3.706064375,8.531716666666666,-0.0731958333333334,4,2019,BASE+ALL
2020-08-30,16.004164773359065,19.07826042175293,17.283091282948366,-10.315949405460987,10.512391768149843,10.780008359916238,-10.613627714285714,2.182833333333333,-0.0731958333333334,4,2019,BASE+ALL
2020-08-31,15.02709211905714,19.534170150756836,17.96783801878429,-10.325520883898324,10.550894851174988,10.832001161493803,7.9000965625,24.2102625,-0.0731958333333334,4,2019,BASE+ALL
2020-09-01,13.571550840777872,16.893844604492188,15.12205730017796,-9.087068310256146,9.125096108797969,9.363922395849798,5.491506571428571,40.593958333333326,-0.0731958333333334,4,2019,BASE+ALL
2020-09-02,12.226729940920155,13.232421875,6.467504189255049,-7.45453451813561,6.1180303717598985,6.267386007630234,-3.5447473,11.836558333333334,-0.0731958333333334,4,2019,BASE+ALL
2020-09-03,12.27631012163572,13.97165298461914,7.7785158938184304,-6.946493041758471,6.7699964895787055,6.928636877840512,1.7176550625,2.1719958333333333,-0.0731958333333334,4,2019,BASE+ALL
2020-09-04,10.871604629415218,7.872313022613525,1.950915588461028,-9.344810877492032,2.837505590749435,2.938663665730681,-1.5070719464285711,-0.1894791666666666,-0.0731958333333334,4,2019,BASE+ALL
2020-09-05,9.398345536095661,7.237358570098877,0.9485153324679514,-9.497594205256076,2.0216563083516035,2.121041767672146,3.5736476,2.1236083333333333,-0.0731958333333334,4,2019,BASE+ALL
2020-09-06,8.818108271218513,8.286739349365234,2.1781351374541718,-9.390075435319709,2.473226830679552,2.5911438064677097,-5.156393719230769,-3.3943666666666665,-0.0731958333333334,4,2019,BASE+ALL
2020-09-07,8.006228717464891,9.737493515014648,5.0878882511929335,-8.069047105771503,3.6906408444752428,3.8309707659572982,-6.460768375000001,-3.1034,-0.0731958333333334,4,2019,BASE+ALL
2020-09-08,7.455588939934238,10.163097381591797,6.734751339716529,-6.555692965664171,4.449436173894598,4.59277666136153,9.623049383333331,7.612579166666666,-0.0731958333333334,4,2019,BASE+ALL
2020-09-09,7.015910026500829,9.248509407043457,4.536240793560346,-6.97177711997889,3.4572207767814356,3.5858920693849283,6.3955815000000005,4.8764666666666665,-0.0731958333333334,4,2019,BASE+ALL
2020-09-10,6.87317354569706,9.035201072692871,6.612896991139741,-9.680382179111106,3.210222357604642,3.3741975740054126,10.806098590909093,17.342933333333335,-0.0731958333333334,4,2019,BASE+ALL
2020-09-11,7.365478799095562,9.071290969848633,7.136054717834618,-5.322355800105452,4.56261717166834,4.688539085544261,-1.0713063636363638,-1.4971250000000005,-0.0731958333333334,4,2019,BASE+ALL
2020-09-12,6.9182421597710135,13.702373504638672,6.943364281287344,-5.071360341809331,5.623154900971924,5.787824893778168,-5.20419525,-2.152283333333333,-0.0731958333333334,4,2019,BASE+ALL
2020-09-13,6.652940214847187,22.830480575561523,18.964519495255445,-6.044619183601245,10.60083027551573,10.924775663756504,,53.597075,-0.0731958333333334,4,2019,BASE+ALL
2020-09-14,9.624129487677601,29.250139236450195,22.410577498046646,5.87016247085397,16.7887521732571,17.065574909878624,27.49452888888889,30.83040833333333,-0.0731958333333334,4,2019,BASE+ALL
2020-09-15,9.152699394953569,25.045732498168945,25.53568178020993,7.190075295924451,16.731047242314226,16.98128500003092,,53.90896666666666,-0.0731958333333334,4,2019,BASE+ALL
2020-09-16,9.560686309718102,27.4874324798584,30.482804742348453,6.647774348990552,18.544674470228877,18.847582126847485,,29.800129166666665,-0.0731958333333334,4,2019,BASE+ALL
2020-09-17,10.923854107777295,32.81866455078125,39.5324229684205,8.816869289279559,23.02295272906465,23.39808541779342,,20.267658333333333,-0.0731958333333334,4,2019,BASE+ALL
2020-09-18,12.06864848038333,33.21293640136719,37.30140734057873,9.338676790840086,22.98041725329233,23.334707101688675,,28.52433333333333,-0.0731958333333334,4,2019,BASE+ALL
2020-09-19,11.219911138356997,30.64514923095703,40.196709500687,10.014288160343046,23.019014507586018,23.367191571084177,,23.853229166666665,-0.0731958333333334,4,2019,BASE+ALL
2020-09-20,10.937669439170717,29.831310272216797,38.618362989793724,7.46951737989767,21.714215020269727,22.070277049754534,,23.8265625,-0.0731958333333334,4,2019,BASE+ALL
2020-09-21,9.37353309319298,31.901782989501953,28.907274242607773,-6.366496367821334,15.954023489370345,16.40201168243705,,39.48826666666667,-0.0731958333333334,4,2019,BASE+ALL
2020-09-22,8.683374242542367,19.756916046142578,19.2008589533961,-7.388942524988563,10.06305167927312,10.3626998386774,-1.102201285,29.905145833333336,-0.0731958333333334,4,2019,BASE+ALL
2020-09-23,9.251420753960245,14.340435981750488,15.73982744406848,-5.103182453302523,8.557125431619173,8.766504071294253,0.7128916500000001,0.8622833333333334,-0.0731958333333334,4,2019,BASE+ALL
2020-09-24,12.015683934931332,17.032960891723633,20.08880396555113,-3.481699022143623,11.413937442515618,11.642219363871428,-1.7528719166666669,-2.336491666666667,-0.0731958333333334,4,2019,BASE+ALL
2020-09-25,10.990770258060289,15.181634902954102,19.56402037357702,-4.896458062706355,10.209991867971262,10.4376226198535,-27.75369392857143,-15.971195833333333,-0.0731958333333334,4,2019,BASE+ALL
2020-09-26,9.500059308767195,8.839081764221191,13.951789676276995,-9.171243097754894,5.779921912877622,5.966408646165712,0.1323963076923074,-2.235675,-0.0731958333333334,4,2019,BASE+ALL
2020-09-27,9.113640453115227,7.120789051055908,9.986432418658298,-7.843317446069062,4.594386119190093,4.7330972211404205,-13.583600785714284,-7.865945833333334,-0.0731958333333334,4,2019,BASE+ALL
2020-09-28,8.787370599668689,6.619716644287109,9.844605625782778,-3.648807840065423,5.400721257418288,5.498876632262244,21.816974375,9.518241666666666,-0.0731958333333334,4,2019,BASE+ALL
2020-09-29,8.276287093027882,6.068251132965088,11.262691833348162,-6.4037211118342405,4.800877236876723,4.930019100614955,1.4516668214285713,2.563079166666667,-0.0731958333333334,4,2019,BASE+ALL
2020-09-30,13.828839036430617,12.899314880371094,15.091815136073006,0.1249672802235544,10.486234083274566,10.607456562637926,-12.767653183333334,-0.310420833333334,-0.0731958333333334,4,2019,BASE+ALL
2020-10-01,10.869262728080207,6.962341785430908,8.945550893815096,-15.173001113161703,2.9010385735411273,3.0875339272910223,39.79916075,36.771704166666666,-0.0731958333333334,4,2019,BASE+ALL
2020-10-02,16.692990658274887,16.302825927734375,17.931768157653508,-8.20211544439556,10.681367324816803,10.906454115949295,,20.283583333333333,-0.0731958333333334,4,2019,BASE+ALL
2020-10-03,19.544686427353906,14.986032485961914,17.450633770723908,-6.815535116024133,11.2914543920039,11.474191188738635,2.7512266625000006,19.1808625,-0.0731958333333334,4,2019,BASE+ALL
2020-10-04,30.340049926583852,20.865324020385742,24.722318930683656,-3.177566619234984,18.187531564604566,18.37094978750211,23.10071888888889,52.88719583333333,-0.0731958333333334,4,2019,BASE+ALL
2020-10-05,22.931591162136975,16.684467315673828,19.836652463730317,-6.517359805025045,13.233837784129019,13.423645456992315,,47.60187083333333,-0.0731958333333334,4,2019,BASE+ALL
2020-10-06,35.85501080461873,26.09835433959961,31.760463331731813,-2.6999470672888397,22.753470352165326,22.988218893404753,,15.588108333333333,-0.0731958333333334,4,2019,BASE+ALL
2020-10-07,15.268571241869617,19.228614807128906,21.3479141157282,-10.904015265112523,11.23527122490355,11.537533079902989,6.0546,4.1075125,-0.0731958333333334,4,2019,BASE+ALL
2020-10-08,22.913336075211983,18.474287033081055,22.061018266742796,-6.233221247698809,14.303855031834257,14.51970159999955,4.584665666666666,34.49713333333333,-0.0731958333333334,4,2019,BASE+ALL
2020-10-09,46.68447091250165,41.46027755737305,38.65557192283473,53.48513560853032,45.07136400030994,44.91881185062882,44.51582423076923,37.98942916666667,-0.0731958333333334,4,2019,BASE+ALL
2020-10-10,49.00213792651232,42.129276275634766,37.21713527296442,54.9015596147963,45.81252727247695,45.63167200328046,46.53982912,43.68784583333333,-0.0731958333333334,4,2019,BASE+ALL
2020-10-11,50.62397133976452,43.40479278564453,42.57702463011344,54.380732880089255,47.74663040890294,47.60393857034962,68.69773758333334,49.33093333333333,-0.0731958333333334,4,2019,BASE+ALL
2020-10-12,51.3821578875717,46.00703048706055,39.3520830611161,54.86513933352218,47.90160269231764,47.75357298451724,220.86104,143.37663333333333,-0.0731958333333334,4,2019,BASE+ALL
2020-10-13,50.56316184292229,49.77073669433594,40.064537303246176,54.55539876524438,48.73845865143719,48.63416347633456,,43.17514166666667,-0.0731958333333334,4,2019,BASE+ALL
2020-10-14,55.54315215678992,55.11146545410156,43.77349692763244,55.12331563508155,52.38785754340137,52.318320255644046,73.10149227272727,66.5202375,-0.0731958333333334,4,2019,BASE+ALL
2020-10-15,51.91221530401712,54.80109786987305,42.09169590554362,53.18401591545923,50.49725624872325,50.452623933912356,,38.854079166666665,-0.0731958333333334,4,2019,BASE+ALL
2020-10-16,53.43147876693602,55.51548385620117,42.41238309586192,52.29482275134582,50.91354211758623,50.876329421465854,367.73482235,142.29285,-0.0731958333333334,4,2019,BASE+ALL
2020-10-17,54.12030415026685,56.810546875,43.05590488069898,56.02133613380812,52.502023009943485,52.44275008717815,,34.9885375,-0.0731958333333334,4,2019,BASE+ALL
2020-10-18,55.362954627480946,56.888580322265625,46.20336547826926,54.94377218851817,53.3496681541335,53.312298377410364,,83.0149625,-0.0731958333333334,4,2019,BASE+ALL
2020-10-19,54.98844200070974,57.634761810302734,56.496056226201745,60.631679518119455,57.43773488883342,57.41916626651154,,33.5272375,-0.0731958333333334,4,2019,BASE+ALL
2020-10-20,53.87907465402306,61.12342071533203,64.43069479851772,60.53491282204094,59.992025747478436,60.057260697873915,,26.664370833333333,-0.0731958333333334,4,2019,BASE+ALL
2020-10-21,49.737851211821955,55.14581298828125,52.27354697415745,55.364483732995154,53.13042372681395,53.14170542909671,,51.054766666666666,-0.0731958333333334,4,2019,BASE+ALL
2020-10-22,44.678223980236844,51.472137451171875,46.10384801964024,54.438599192570535,49.17320216090487,49.15306552331896,28.845667142857145,46.67324583333333,-0.0731958333333334,4,2019,BASE+ALL
2020-10-23,42.01429588653355,53.76457214355469,49.63788495423899,55.17810731729927,50.14871507540662,50.17739016821274,5.4604550000000005,16.382983333333332,-0.0731958333333334,4,2019,BASE+ALL
2020-10-24,43.020579061656775,59.361454010009766,55.98231385977707,63.49172785256687,55.46401869600262,55.49862197913254,,10.992504166666668,-0.0731958333333334,4,2019,BASE+ALL
2020-10-25,40.86619961325195,56.024166107177734,51.52758917373146,57.38819423954875,51.45153728342747,51.49749682751758,-23.9795575,4.229337500000001,-0.0731958333333334,4,2019,BASE+ALL
2020-10-26,40.35332128402899,54.41611862182617,49.49708312057739,58.27706444807959,50.63589686862804,50.65106689269239,,14.774370833333334,-0.0731958333333334,4,2019,BASE+ALL
2020-10-27,40.41157228315495,56.451072692871094,51.61484664882713,59.483008058639456,51.99012492087316,52.024186660791884,-3.5104444444444445,9.342970833333334,-0.0731958333333334,4,2019,BASE+ALL
2020-10-28,40.539132174109575,56.407039642333984,52.08349784540796,60.693500196352446,52.43079246455099,52.45578461222092,1.94240285,15.450275,-0.0731958333333334,4,2019,BASE+ALL
2020-10-29,40.903887679076384,56.9057731628418,54.08968204972788,62.66167055155556,53.6402533608004,53.66185404176662,,27.01719583333333,-0.0731958333333334,4,2019,BASE+ALL
2020-10-30,41.2515158913268,57.92078399658203,57.16954697019959,60.07399837142832,54.10396130738418,54.173491638338746,,23.3442375,-0.0731958333333334,4,2019,BASE+ALL
2020-10-31,45.69683148813831,62.50983428955078,58.95004124357129,63.87593996482782,57.75816174652205,57.81888341195079,20.798869916666664,37.849245833333335,-0.0731958333333334,4,2019,BASE+ALL
2020-11-01,44.044977345139436,66.56676483154297,76.4353138399553,65.4019571040073,63.112253280161255,63.30671306332823,,37.0315875,-0.0731958333333334,4,2019,BASE+ALL
2020-11-02,43.24990858064918,65.20968627929688,68.2690967145227,67.77109224999695,61.124945956116434,61.24292297565839,59.38696544444445,61.85845833333334,-0.0731958333333334,4,2019,BASE+ALL
2020-11-03,29.77214673009108,38.955501556396484,32.853980368270584,-6.94146344769114,23.660041301766753,24.08288770625574,,28.452179166666667,-0.0731958333333334,4,2019,BASE+ALL
2020-11-04,32.55958154276389,33.28019714355469,37.33459744230541,9.86051929119944,28.258723854955853,28.49471293513901,,9.891516666666666,-0.0731958333333334,4,2019,BASE+ALL
2020-11-05,32.15694407235182,32.28746032714844,36.2251057131254,9.908817985232272,27.644582024464484,27.86733956401406,32.729344999999995,22.655525,-0.0731958333333334,4,2019,BASE+ALL
2020-11-06,31.130685771806558,34.265743255615234,38.34754461767853,15.522609886094624,29.816645882798735,30.024747116268813,8.004663749999999,16.116933333333332,-0.0731958333333334,4,2019,BASE+ALL
2020-11-07,27.92820333513817,32.3013801574707,38.00628251501353,15.050732109473916,28.32164952927408,28.53300463397372,29.290539545454543,26.3648625,-0.0731958333333334,4,2019,BASE+ALL
2020-11-08,12.971906127461093,20.52450180053711,22.933125161541618,-9.956986276635355,11.618136703226117,11.945270817682307,3.412760833333333,8.780366666666668,-0.0731958333333334,4,2019,BASE+ALL
2020-11-09,15.325453740359348,18.069637298583984,19.213812758312635,-9.110309530698713,10.874648566639314,11.138132135308275,13.12666,12.661429166666666,-0.0731958333333334,4,2019,BASE+ALL
2020-11-10,12.135363280307807,13.464339256286621,13.967858908396561,-9.380765076318076,7.546699092168227,7.759992742361829,13.244176333333334,13.0263375,-0.0731958333333334,4,2019,BASE+ALL
2020-11-11,22.874956211220557,20.16495704650879,21.247814484572473,-2.487719998560241,15.450001935935397,15.642454305199555,6.320864499999999,12.292454166666667,-0.0731958333333334,4,2019,BASE+ALL
2020-11-12,17.084528985378284,16.532060623168945,18.610052254321772,-4.978599152221069,11.812010677661984,12.012252225251489,0.6251126153846156,5.881799999999999,-0.0731958333333334,4,2019,BASE+ALL
2020-11-13,16.03797870655635,14.769928932189941,18.306405906927143,-5.870741603059223,10.810892985653553,11.008032903462599,12.822095833333334,11.548266666666668,-0.0731958333333334,4,2019,BASE+ALL
2020-11-14,28.089114099715733,17.83134651184082,25.912981039434527,0.0810413038975887,17.978620738722167,18.126751980772536,18.884523571428577,18.1144,-0.0731958333333334,4,2019,BASE+ALL
2020-11-15,32.47301284048187,24.539573669433594,30.265033558752826,0.7022089083626106,21.994957244257723,22.19620279240562,16.956580454545453,18.69775,-0.0731958333333334,4,2019,BASE+ALL
2020-11-16,28.415739343352694,20.755178451538086,21.20636673012759,-0.9849515270814386,17.348083249484237,17.50104916025664,17.0500955,18.690125,-0.0731958333333334,4,2019,BASE+ALL
2020-11-17,15.782374025810364,15.638758659362793,16.35910188051217,-4.1704300290816825,10.902451134150912,11.08183934649882,20.884034,21.85065,-0.0731958333333334,4,2019,BASE+ALL
2020-11-18,22.334618967138095,17.014785766601562,16.80266076115775,-2.538974841581876,13.403272663328885,13.545972184047665,37.459942222222224,26.747266666666665,-0.0731958333333334,4,2019,BASE+ALL
2020-11-19,18.190668150297697,14.59117317199707,16.804673229847147,-3.2888190966139383,11.574423863881993,11.726204205804343,27.827771470588235,27.18404583333333,-0.0731958333333334,4,2019,BASE+ALL
2020-11-20,15.20710523627005,9.549251556396484,16.383791319178304,-4.991279019478892,9.037217273091485,9.175159153479965,23.520836083333336,23.72005833333333,-0.0731958333333334,4,2019,BASE+ALL
2020-11-21,17.567467937207706,10.393418312072754,14.576361512600634,-3.0010640843264618,9.884045919388658,9.987667552105593,24.16815928571429,25.041279166666666,-0.0731958333333334,4,2019,BASE+ALL
2020-11-22,14.290152122768772,7.814690113067627,10.036348945050381,-8.59274171072507,5.887112367540427,6.009800931951673,10.994054166666666,16.157179166666666,-0.0731958333333334,4,2019,BASE+ALL
2020-11-23,12.742802387289982,7.994872570037842,10.94122633822166,-6.952658124383429,6.181560792791514,6.305215220874717,16.8434575,16.1789875,-0.0731958333333334,4,2019,BASE+ALL
2020-11-24,15.692785838534093,10.814167022705078,12.310825226650698,-4.272035661021164,8.636435606717177,8.752022295659282,,21.777116666666668,-0.0731958333333334,4,2019,BASE+ALL
2020-11-25,14.042112618243392,7.749300479888916,9.222616892034653,-6.473072317794298,6.135239418093166,6.235118177094106,,31.69504166666667,-0.0731958333333334,4,2019,BASE+ALL
2020-11-26,12.242900963728728,8.243083953857422,8.481214851370936,-8.858308217836862,5.027222887780056,5.158175668744947,22.66983833333333,19.415491666666664,-0.0731958333333334,4,2019,BASE+ALL
2020-11-27,11.968825883170739,9.102164268493652,7.25649849740271,-7.049152323313926,5.319584081438293,5.436109591736041,16.86724076923077,17.497975,-0.0731958333333334,4,2019,BASE+ALL
2020-11-28,13.244804631441646,11.87807846069336,8.036226266977236,-5.446484337964108,6.928156255287034,7.051678716296738,,23.08044166666667,-0.0731958333333334,4,2019,BASE+ALL
2020-11-29,11.245854219981489,9.775545120239258,6.358912168905371,-7.391879924934859,4.997107896047814,5.121169835289095,-5.131623124999999,4.165616666666666,-0.0731958333333334,4,2019,BASE+ALL
2020-11-30,12.391413532363467,6.3062262535095215,6.259908299471522,-4.001713882950195,5.2389585505985785,5.296248554557051,6.754219444444445,8.644183333333334,-0.0731958333333334,4,2019,BASE+ALL
2020-12-01,10.067714895745306,5.214865684509277,4.610439228108973,-10.533055351434404,2.3399911142322876,2.4491787066683286,8.797041,9.707741666666664,-0.0731958333333334,4,2019,BASE+ALL
2020-12-02,9.838709696550794,4.16015100479126,3.660265879842717,-8.086887645405339,2.3930597339448583,2.4671613398969523,11.876756666666669,11.661883333333334,-0.0731958333333334,4,2019,BASE+ALL
2020-12-03,15.110835998810783,10.770886421203613,9.854987273629867,-4.5410761424538,7.798908387797616,7.905247342917431,19.19426333333333,15.3886875,-0.0731958333333334,4,2019,BASE+ALL
2020-12-04,19.100710806884095,13.790599822998047,12.91979571839987,-2.0090640972638063,10.950510562754552,11.056029371721975,19.76376833333333,18.40712083333333,-0.0731958333333334,4,2019,BASE+ALL
2020-12-05,16.544433543091692,8.483770370483398,8.928350726085844,-6.558721881942402,6.849458189429633,6.940666540416252,6.869573307692307,8.030658333333333,-0.0731958333333334,4,2019,BASE+ALL
2020-12-06,14.259605693477784,6.254698276519775,5.949092997592784,-11.648716311103948,3.7036701641215983,3.8161642204331696,7.220302571428571,7.093420833333333,-0.0731958333333334,4,2019,BASE+ALL
2020-12-07,12.689837778558879,7.753552436828613,6.962847240584386,-11.385593819733828,4.005160909059512,4.142900023806147,7.821438636363635,8.235775,-0.0731958333333334,4,2019,BASE+ALL
2020-12-08,19.22441357436831,15.227995872497559,12.122173879042156,15.34289283135028,15.479369039314577,15.437670237939129,23.805032727272728,25.5597375,-0.0731958333333334,4,2019,BASE+ALL
2020-12-09,25.313331893836594,17.97943878173828,15.791898453433832,18.939734907875955,19.506101009221165,19.443682964337594,20.502316666666665,21.96795416666667,-0.0731958333333334,4,2019,BASE+ALL
2020-12-10,26.977760443159774,22.713369369506836,22.503641538555502,17.078085194385377,22.318214136401874,22.343207513735656,22.327891,23.495104166666664,-0.0731958333333334,4,2019,BASE+ALL
2020-12-11,28.921537920113142,25.067646026611328,22.747994342179577,19.35389220977837,24.022767624670603,24.038278260843946,10.38316388888889,15.497608333333332,-0.0731958333333334,4,2019,BASE+ALL
2020-12-12,29.62223786101468,26.78382682800293,22.362073668211213,19.13847689579252,24.476653813255336,24.5025648974657,25.015588461538464,24.4184375,-0.0731958333333334,4,2019,BASE+ALL
2020-12-13,30.25847779678848,24.850353240966797,26.097395745825622,5.190002926554151,21.599057427533765,21.750835970074696,,23.7275625,-0.0731958333333334,4,2019,BASE+ALL
2020-12-14,28.613674684899845,22.86733627319336,22.06260260507964,2.1630970951694977,18.926677664585583,19.073709996608795,5.4693081875,7.074141666666667,-0.0731958333333334,4,2019,BASE+ALL
2020-12-15,18.214446916201513,19.438615798950195,17.016687618670396,-1.9699318430015504,13.174954622705137,13.35761144729208,11.746321323529411,11.9224375,-0.0731958333333334,4,2019,BASE+ALL
2019-12-17,19.27782105986685,18.73673439025879,19.118800979791654,12.421111605437057,17.38861700883859,17.443944830320817,,43.95835833333334,9.369879166666664,9,2019,BASE+ALL
2019-12-18,37.13637911582945,53.060585021972656,39.99654420359637,34.06944277610175,41.065737779375056,41.24611372403956,,22.7317,9.369879166666664,9,2019,BASE+ALL
2019-12-19,30.011917930198496,50.39554214477539,38.37801012624258,11.15424306595623,32.48492831679317,32.87624390792657,,11.574095833333333,9.369879166666664,9,2019,BASE+ALL
2019-12-20,29.38107702444629,34.729740142822266,23.890910012289208,-1.020866429744267,21.745215187453372,22.028529092481257,,9.879075,9.369879166666664,9,2019,BASE+ALL
2019-12-21,22.40824946186395,21.653018951416016,19.529579755363848,4.821654181803417,17.103125587611807,17.23584077499767,,9.062258333333334,9.369879166666664,9,2019,BASE+ALL
2019-12-22,29.911788174052713,28.183935165405273,34.32827919091518,13.07434112953355,26.37458591497668,26.535450205384514,,10.419483333333334,9.369879166666664,9,2019,BASE+ALL
2019-12-23,17.241953802079138,21.198625564575195,20.19250573600904,12.409417624449844,17.760625681778304,17.85483546083975,,11.42145,9.369879166666664,9,2019,BASE+ALL
2019-12-24,25.493515813292284,26.1295108795166,25.416637480146697,16.60760495708881,23.411817282511098,23.495722538282713,,13.208408333333333,9.369879166666664,9,2019,BASE+ALL
2019-12-25,16.637430447229963,19.45591926574707,19.832013204378427,-0.8085225634608832,13.779210088473643,13.977149380231035,,11.710020833333331,9.369879166666664,9,2019,BASE+ALL
2019-12-26,34.65637928202219,48.47550964355469,43.14981555373973,18.94503115827945,36.30668390939901,36.61464990345595,,15.089691666666669,9.369879166666664,9,2019,BASE+ALL
2019-12-27,17.307884002480467,31.252288818359375,19.15436986216069,2.004335610683732,17.429719573421064,17.695843925289722,,16.512420833333334,9.369879166666664,9,2019,BASE+ALL
2019-12-28,14.585009549925916,19.03985595703125,15.034182050388994,5.165299026997147,13.456086646085826,13.580512344940503,,14.7958875,9.369879166666664,9,2019,BASE+ALL
2019-12-29,13.46780468329981,15.001668930053711,11.514237804838958,2.3599886637782177,10.585925020492674,10.686151470777213,,12.635054166666668,9.369879166666664,9,2019,BASE+ALL
2019-12-30,12.285071954187448,11.520339012145996,11.319343007350229,-4.260773981024158,7.715994998164879,7.8506934448783685,,19.444975,9.369879166666664,9,2019,BASE+ALL
2019-12-31,12.13145303313871,10.628178596496582,11.176103036981068,-3.12567840840439,7.702514064552993,7.81951018269972,,18.741104166666663,9.369879166666664,9,2019,BASE+ALL
2020-01-01,12.1176241345762,10.497851371765137,10.96857325361027,-4.321137802280276,7.315727739417833,7.441076679825092,,19.093654166666667,9.369879166666664,9,2019,BASE+ALL
2020-01-02,12.52349235517861,10.658370018005371,11.813228347658589,5.910124814946727,10.226303883947324,10.264884956057083,,17.874379166666667,9.369879166666664,9,2019,BASE+ALL
2020-01-03,11.955332931071583,9.518068313598633,10.037894881806238,9.587095104315113,10.27459780769789,10.263445934063277,,14.535283333333334,9.369879166666664,9,2019,BASE+ALL
2020-01-04,11.434441733839726,8.975892066955566,10.139637711015187,5.317985681205705,8.966989298254045,8.992625062208766,,12.426433333333334,9.369879166666664,9,2019,BASE+ALL
2020-01-05,11.377582887085126,8.649773597717285,10.037894881806238,3.5342773648372585,8.399882182861477,8.438285872188684,,10.044220833333332,9.369879166666664,9,2019,BASE+ALL
2020-01-06,18.225425137339894,13.202735900878906,14.303036068206048,22.72666614839231,17.11446581370429,17.008333943287376,,33.51025,9.369879166666664,9,2019,BASE+ALL
2020-01-07,16.40809537053919,12.06185245513916,12.939959864621349,23.036933693973506,16.1117103460683,15.995154694684402,,13.596591666666669,9.369879166666664,9,2019,BASE+ALL
2020-01-08,19.100410715424175,12.7613525390625,13.448143831260888,18.265323059263253,15.893807536252703,15.813582308079344,,33.3738875,9.369879166666664,9,2019,BASE+ALL
2020-01-09,32.766486901568264,26.42991828918457,26.319303229987888,24.510087817153497,27.506449059473553,27.48745740811624,,20.84444583333333,9.369879166666664,9,2019,BASE+ALL
2020-01-10,19.196014077000054,16.28009033203125,16.13413603900387,13.1431408397289,16.18834532194102,16.19905803142103,,12.505754166666668,9.369879166666664,9,2019,BASE+ALL
2020-01-11,32.62000393962179,25.038026809692383,20.739564850670856,29.43311619100698,26.957677947748003,26.8508907218431,,21.157229166666667,9.369879166666664,9,2019,BASE+ALL
2020-01-12,34.99050332642541,22.96685028076172,23.832595606732035,24.247818868812047,26.5094420206828,26.436033239928534,,48.914925,9.369879166666664,9,2019,BASE+ALL
2020-01-13,45.434371686870996,39.05559539794922,38.23111727219758,28.89558951291905,37.90416846748421,37.95390511027631,,39.81966666666667,9.369879166666664,9,2019,BASE+ALL
2020-01-14,55.87800727290136,58.75680160522461,58.10152940051594,35.71328388492338,52.112405540891324,52.3292669230315,,28.66150833333333,9.369879166666664,9,2019,BASE+ALL
2020-01-15,27.81127221593128,34.6553840637207,30.7807327719609,9.849276736774058,25.774166447096736,26.00979704584148,,14.998354166666669,9.369879166666664,9,2019,BASE+ALL
2020-01-16,39.84319811858469,49.640628814697266,47.721103862004085,22.79154949292396,39.9991200720525,40.28094586103107,,10.40235,9.369879166666664,9,2019,BASE+ALL
2020-01-17,23.226612258247563,31.091543197631836,27.581308410876847,14.995558436378552,24.2237555757837,24.389883812280566,,9.485308333333334,9.369879166666664,9,2019,BASE+ALL
2020-01-18,18.142676804124925,19.81536865234375,19.29548899334263,-1.0068755478379714,14.061664725493333,14.252862714882179,,14.968558333333334,9.369879166666664,9,2019,BASE+ALL
2020-01-19,17.077531957709372,15.742025375366211,16.452855465567545,-2.306513124607811,11.741474918508828,11.898513489850005,,16.542270833333333,9.369879166666664,9,2019,BASE+ALL
2020-01-20,16.722203262677002,15.064641952514648,15.076168706710796,-0.3260891105207051,11.634231202845436,11.76173253619275,,16.787054166666667,9.369879166666664,9,2019,BASE+ALL
2020-01-21,16.46309750982852,12.364216804504395,12.93291122001753,-0.0482605800880904,10.427991238565587,10.518700946504948,,17.01642083333333,9.369879166666664,9,2019,BASE+ALL
2020-01-22,15.93178368944911,9.993809700012207,11.190510464834032,1.7543001287731883,9.717600995767135,9.764690467432944,,17.071145833333333,9.369879166666664,9,2019,BASE+ALL
2020-01-23,15.622978415785292,10.794389724731445,12.739297470886768,3.570959066529312,10.681906169483204,10.730590001069048,,14.303616666666665,9.369879166666664,9,2019,BASE+ALL
2020-01-24,14.653787901682913,9.335569381713867,10.621488282119033,1.7313845889951691,9.085557538627745,9.130993070170309,,13.966904166666666,9.369879166666664,9,2019,BASE+ALL
2020-01-25,13.671792995051321,9.726137161254883,9.548020354523821,4.900530960517457,9.46162036783687,9.481389649765969,,12.466808333333333,9.369879166666664,9,2019,BASE+ALL
2020-01-26,13.294905342884737,8.622040748596191,8.957499297861641,13.181804759436773,11.014062537194835,10.949451680231087,,8.001645833333333,9.369879166666664,9,2019,BASE+ALL
2020-01-27,14.029531417928021,8.447855949401855,8.065173381048961,21.592975706221857,13.033884113650174,12.883703168754046,,11.669345833333333,9.369879166666664,9,2019,BASE+ALL
2020-01-28,16.056017926066712,10.762334823608398,9.536115463797856,21.297565396236784,14.413008402427439,14.282628827441368,,14.296795833333334,9.369879166666664,9,2019,BASE+ALL
2020-01-29,14.787755038526013,8.73022747039795,8.941753551758103,15.87568529780689,12.08385533962224,11.987814398910306,,9.764504166666669,9.369879166666664,9,2019,BASE+ALL
2020-01-30,13.50103060966392,8.277180671691895,7.30319310697277,17.72606720108353,11.70186789735303,11.583017515162766,,7.769537499999999,9.369879166666664,9,2019,BASE+ALL
2020-01-31,13.061788259316849,8.12524700164795,6.60416854991836,19.119831682200264,11.727758873270854,11.593551207173299,,7.5683625,9.369879166666664,9,2019,BASE+ALL
2020-02-01,18.440780179862685,12.423060417175293,10.151430574272423,23.08678790988958,16.025514770299996,15.883770726971045,,15.595295833333331,9.369879166666664,9,2019,BASE+ALL
2020-02-02,28.69100063205716,21.1519775390625,20.492076073509836,28.18280950524659,24.62946593746902,24.521017980928292,,20.503916666666665,9.369879166666664,9,2019,BASE+ALL
2020-02-03,32.90295324626689,19.92430877685547,19.059574604593514,24.21768699770095,24.026130906354204,23.910405218033887,,24.478854166666665,9.369879166666664,9,2019,BASE+ALL
2020-02-04,32.25239648853414,23.36768341064453,19.085023083540673,26.418039850031583,25.28078570818773,25.178759405340912,,47.853254166666666,9.369879166666664,9,2019,BASE+ALL
2020-02-05,18.56002499332166,17.720022201538086,13.856206058812546,2.831405808593587,13.24191476556647,13.346614564152802,,18.59069583333333,9.369879166666664,9,2019,BASE+ALL
2020-02-06,18.851016367980055,15.963008880615234,12.673426377933854,8.133135760054046,13.905146846645795,13.939112261331843,,16.992208333333334,9.369879166666664,9,2019,BASE+ALL
2020-02-07,21.385198309318834,19.999780654907227,18.390578297634022,19.028426195150004,19.700995864252523,19.692373178372257,,17.824041666666666,9.369879166666664,9,2019,BASE+ALL
2020-02-08,28.597822964153437,19.242229461669922,22.43170516123279,24.233352349356487,23.626277484103163,23.548554195466135,,31.52299583333333,9.369879166666664,9,2019,BASE+ALL
2020-02-09,50.08703887889156,42.164466857910156,51.92209569483488,59.5287049868251,50.92557660461542,50.7847923467387,,198.5957375,9.369879166666664,9,2019,BASE+ALL
2020-02-10,56.48893644288234,49.096675872802734,60.0981062305844,43.83130494442103,52.37875587267262,52.449266962835225,,41.6752375,9.369879166666664,9,2019,BASE+ALL
2020-02-11,43.277249803901846,45.006038665771484,43.21046876331666,30.19001713752416,40.42094359262854,40.55157067888859,,41.92335416666666,9.369879166666664,9,2019,BASE+ALL
2020-02-12,30.264086010576147,32.972408294677734,25.469860835136842,16.22514757021314,26.232875677650966,26.352390088532804,,20.444129166666663,9.369879166666664,9,2019,BASE+ALL
2020-02-13,51.142970723937026,60.19213104248047,67.46483668160823,29.428883741026677,52.0572055472631,52.42395270384802,6.612691575142857,19.610725,9.369879166666664,9,2019,BASE+ALL
2020-02-14,31.284369809147048,36.58626174926758,33.816989858579056,16.207657150491208,29.473819641871223,29.668049224805156,10.5378970244,12.5336375,9.369879166666664,9,2019,BASE+ALL
2020-02-15,57.58704400220158,67.67636108398438,76.85266441366969,42.35676897467493,61.11820961863265,61.453671452134245,,91.99374166666666,9.369879166666664,9,2019,BASE+ALL
2020-02-16,58.38496775659646,72.56468200683594,74.83518440858217,39.31489609482147,61.27493256670901,61.66284753244993,36.92079245928572,67.2208875,9.369879166666664,9,2019,BASE+ALL
2020-02-17,44.61072647231712,47.41514205932617,49.70540303519792,29.28359615399908,42.75371693021007,42.94394969965221,50.552229085625,48.8359125,9.369879166666664,9,2019,BASE+ALL
2020-02-18,43.136347241309394,43.322669982910156,40.496120739144985,27.706290715591827,38.66535716973909,38.788383805997334,,60.905458333333335,9.369879166666664,9,2019,BASE+ALL
2020-02-19,31.098395412617755,29.082847595214844,26.354108054808872,22.477518607875915,27.253217417629344,27.28449501091624,38.7501565158125,33.2717875,9.369879166666664,9,2019,BASE+ALL
2020-02-20,41.124299697497555,36.33576202392578,37.089944190404225,25.9842072952571,35.133553301771165,35.2032041148575,24.92823643357143,29.79778333333333,9.369879166666664,9,2019,BASE+ALL
2020-02-21,36.44361124804929,33.10464096069336,32.06818058349432,25.77232558627681,31.847189594628443,31.88753618037135,,28.629629166666664,9.369879166666664,9,2019,BASE+ALL
2020-02-22,50.322135826202185,45.238712310791016,50.50188226154812,35.493088564922665,45.38895474086599,45.478230788367725,,19.895625,9.369879166666664,9,2019,BASE+ALL
2020-02-23,43.46826545995814,44.72163772583008,52.12130471124418,30.686979241694463,42.74954678468171,42.92493422737866,,62.58510416666667,9.369879166666664,9,2019,BASE+ALL
2020-02-24,48.875725634759654,47.78199005126953,51.447614604537954,35.54591511340188,45.91281135099226,46.03704411251228,,53.22069583333334,9.369879166666664,9,2019,BASE+ALL
2020-02-25,42.76690378077612,45.780391693115234,45.96866770592958,25.029444486183785,39.886351916501184,40.08859082719475,,34.081154166666664,9.369879166666664,9,2019,BASE+ALL
2020-02-26,32.468752369708945,34.81592559814453,34.56909304114559,21.010733708420595,30.716126179354916,30.850384211752072,,22.519454166666662,9.369879166666664,9,2019,BASE+ALL
2020-02-27,36.5520696753784,32.29782485961914,36.00421809360049,14.90667376200478,29.9401965976507,30.09280354009411,,29.186954166666663,9.369879166666664,9,2019,BASE+ALL
2020-02-28,41.93590820135224,38.908748626708984,47.458972298807474,29.77820731471284,39.520459110395386,39.63518669663802,,49.73179166666667,9.369879166666664,9,2019,BASE+ALL
2020-02-29,50.02693937738881,64.2010498046875,71.06626514855753,33.058154853569725,54.58810229605089,54.98443427912365,,35.929116666666665,9.369879166666664,9,2019,BASE+ALL
2020-03-01,35.51156265115916,41.952877044677734,39.24019073592728,19.27408546392445,33.994678973922156,34.21603523636989,,23.586704166666667,9.369879166666664,9,2019,BASE+ALL
2020-03-02,24.386623865502646,24.38833236694336,23.81627548810612,14.82740493677894,21.854659164332766,21.93620101804607,,14.649004166666666,9.369879166666664,9,2019,BASE+ALL
2020-03-03,20.94051086703442,20.710025787353516,21.226260293001797,12.07071658490748,18.736878383074306,18.815371399714067,-5.120956722666667,9.600516666666666,9.369879166666664,9,2019,BASE+ALL
2020-03-04,23.623170114814204,21.310739517211914,21.433334307642593,8.317937643283692,18.6712953957381,18.774499135365495,,16.534495833333335,9.369879166666664,9,2019,BASE+ALL
2020-03-05,44.54334539872382,48.67914581298828,44.731355958381414,13.31516789337173,37.81725376586631,38.13109471164531,68.13008591925,41.54785416666667,9.369879166666664,9,2019,BASE+ALL
2020-03-06,25.11273163020131,32.47139358520508,27.82370499701552,12.430589631116504,24.459604960884604,24.65121734159139,13.998484806153844,17.211729166666668,9.369879166666664,9,2019,BASE+ALL
2020-03-07,31.348548683593812,24.779918670654297,24.63785588971881,22.89096323146748,25.9143216188586,25.893573845648284,24.69992013775,19.89184583333333,9.369879166666664,9,2019,BASE+ALL
2020-03-08,43.17465488326996,41.353981018066406,36.16153401669318,28.565595706293852,37.31394140608085,37.38665766414488,5.58134852085,12.533054166666666,9.369879166666664,9,2019,BASE+ALL
2020-03-09,37.55567742686901,33.632389068603516,34.276657276047445,25.709764564205138,32.793622083931275,32.845883255151264,13.243692270777778,19.946829166666667,9.369879166666664,9,2019,BASE+ALL
2020-03-10,47.73689920958833,45.70008850097656,49.07895970011473,34.41627442547468,44.233055459038574,44.341868922480614,,56.59504166666667,9.369879166666664,9,2019,BASE+ALL
2020-03-11,41.36125990126644,38.74197769165039,41.384088741817386,23.99938178254116,36.37167702931884,36.50360098348781,-15.2248728324,2.5872833333333336,9.369879166666664,9,2019,BASE+ALL
2020-03-12,44.561651535137976,37.738197326660156,36.94693053197746,27.88294547018463,36.78243121599005,36.827174117311806,11.0995245721875,17.928741666666667,9.369879166666664,9,2019,BASE+ALL
2020-03-13,26.74031176363045,24.686843872070312,24.155640922631136,14.32821579289449,22.477753087806597,22.55514334590566,21.33272313666667,16.914254166666666,9.369879166666664,9,2019,BASE+ALL
2020-03-14,22.473212106782952,24.421905517578125,24.003129813530318,16.402852289602635,21.82527493187351,21.904902468287965,17.155821541409093,13.0489875,9.369879166666664,9,2019,BASE+ALL
2020-03-15,37.57429545000284,35.2239875793457,41.27056667332222,16.427246147664597,32.62402396258384,32.81358087485954,,12.44165,9.369879166666664,9,2019,BASE+ALL
2020-03-16,21.508814039910085,19.413650512695312,18.847817702690765,2.949189370946222,15.679867906560597,15.811048587798922,-6.92708572525,2.422166666666667,9.369879166666664,9,2019,BASE+ALL
2020-03-17,23.529499112370868,19.831771850585938,20.846745883535228,16.695073551856822,20.225772599587213,20.238979359722194,11.840308474111112,10.401779166666666,9.369879166666664,9,2019,BASE+ALL
2020-03-18,23.092174727278454,20.01930809020996,21.6548941534783,14.781322913708172,19.88692497116872,19.925952268540264,-11.631170621866666,-4.0119,9.369879166666664,9,2019,BASE+ALL
2020-03-19,32.169157038815094,22.489688873291016,28.21002334162404,8.380549617425217,22.812354717788843,22.917419056041417,12.518710361999998,34.76161666666666,9.369879166666664,9,2019,BASE+ALL
2020-03-20,26.275394400850875,24.68609046936035,28.479479303252177,7.579569433723158,21.75513340179664,21.92060985214386,-3.932100534,4.8029125,9.369879166666664,9,2019,BASE+ALL
2020-03-21,19.771221531296995,17.739805221557617,18.17434885075039,12.19733581261385,16.970677854054713,17.01112605009194,,6.7825375,9.369879166666664,9,2019,BASE+ALL
2020-03-22,19.16761801973359,14.171653747558594,16.084611689831675,3.4981648419771503,13.230512074775254,13.308713431432553,,8.339441666666666,9.369879166666664,9,2019,BASE+ALL
2020-03-23,18.70344970722714,11.728235244750977,14.707924930974924,5.778949626835434,12.729639877447118,12.7611359390722,,8.387287500000001,9.369879166666664,9,2019,BASE+ALL
2020-03-24,17.72405521922015,10.836074829101562,12.564667444281648,7.506284975037254,12.157770616910154,12.159093723745212,,8.35115,9.369879166666664,9,2019,BASE+ALL
2020-03-25,17.738579846653078,10.548999786376953,12.141570358282237,4.807164927084543,11.309078729599204,11.329335603648053,,9.138429166666668,9.369879166666664,9,2019,BASE+ALL
2020-03-26,19.828207364543385,14.468026161193848,16.458649359773805,0.0713984878871443,12.706570343349545,12.816263185487049,,7.648741666666666,9.369879166666664,9,2019,BASE+ALL
2020-03-27,19.907917574136434,13.129351615905762,16.282833782930126,0.2719386446714864,12.398010404410952,12.492985471688682,-5.924728244035713,2.787104166666667,9.369879166666664,9,2019,BASE+ALL
2020-03-28,25.362280977796537,18.29154396057129,23.404886949558843,10.537488972159508,19.399050215021546,19.458654057353275,46.932820047029416,38.5979,9.369879166666664,9,2019,BASE+ALL
2020-03-29,32.9130037476343,20.771343231201172,31.23648572072115,15.025119984655454,24.98648817105302,25.03157532571766,68.19851004,53.77510833333333,9.369879166666664,9,2019,BASE+ALL
2020-03-30,22.968521238093796,17.325735092163086,23.335959011187477,6.0417484076906405,17.41799093728375,17.522221780537603,25.77523610908333,24.595529166666665,9.369879166666664,9,2019,BASE+ALL
2020-03-31,24.26793468983897,19.234411239624023,23.696413093644512,5.1359449151821295,18.08367598457241,18.20715391966441,3.892582533428573,3.8428416666666654,9.369879166666664,9,2019,BASE+ALL
2020-04-01,21.944481664089405,15.715879440307617,18.93264033800693,3.759066445781002,15.08801697204624,15.178438993459563,-12.322247699611111,2.4244958333333333,9.369879166666664,9,2019,BASE+ALL
2020-04-02,20.145842322917506,14.580546379089355,17.20935542926071,13.538535789536937,16.368569980201126,16.362282834656348,8.468450332566666,8.452775,9.369879166666664,9,2019,BASE+ALL
2020-04-03,18.565841067425666,11.135414123535156,14.872724710854989,9.185879571168286,13.439964868246024,13.437873964080195,7.093158057416667,8.985149999999999,9.369879166666664,9,2019,BASE+ALL
2020-04-04,19.83727285298559,14.87485122680664,17.047134110644702,14.934084144797218,16.673335583808537,16.657936225510337,4.790336673833333,11.681725,9.369879166666664,9,2019,BASE+ALL
2020-04-05,27.29669641495144,18.160091400146484,25.185255817582252,21.077374191485355,22.929854456041383,22.894446233371163,22.23159584781818,17.4451125,9.369879166666664,9,2019,BASE+ALL
2020-04-06,20.07338207801547,14.163952827453613,19.343619293941302,11.47652500108176,16.264369800123035,16.28585291668822,-20.68572918142308,-5.590470833333334,9.369879166666664,9,2019,BASE+ALL
2020-04-07,18.512056014933357,12.793623924255371,16.441179393918397,7.880507965602952,13.90684182467752,13.94010208222235,11.6209055865,12.849641666666669,9.369879166666664,9,2019,BASE+ALL
2020-04-08,18.272865038916443,12.05512523651123,15.029031192088736,4.089593350461335,12.361653704494437,12.415252891722771,8.6960951789,11.5833375,9.369879166666664,9,2019,BASE+ALL
2020-04-09,17.56617273638821,11.292220115661621,12.885773705395456,3.6012206260679065,11.336346795878299,11.379034271529461,-7.19057566205,-0.5220791666666669,9.369879166666664,9,2019,BASE+ALL
2020-04-10,17.391808421164658,10.910514831542969,12.787158806684097,7.640744187991778,12.182556561845876,12.186493044269033,-4.143438686764706,1.171858333333333,9.369879166666664,9,2019,BASE+ALL
2020-04-11,16.87712438525141,16.814716339111328,11.760075270549851,6.104498102274242,12.889103524296706,12.953997029481116,7.849321912055554,7.718629166666667,9.369879166666664,9,2019,BASE+ALL
2020-04-12,16.119834762272564,14.075915336608887,11.532613761776322,5.185965566647589,11.72858235682634,11.781088161600739,-2.2724321046666662,4.209345833333333,9.369879166666664,9,2019,BASE+ALL
2020-04-13,22.352167442987756,17.54478645324707,18.914380453027825,10.795314355014485,17.401662176069284,17.44285425775316,-1.2138998425882352,5.149233333333334,9.369879166666664,9,2019,BASE+ALL
2020-04-14,18.23292090942148,14.385889053344727,15.156995203914391,5.324887833976227,13.275173250164206,13.338720377247416,-9.156249757794118,-3.3255875000000006,9.369879166666664,9,2019,BASE+ALL
2020-04-15,74.31027354500398,62.32339096069336,71.47789306295688,79.80712908629764,71.97967166373797,71.81156252296148,36.7221243961875,59.15817916666666,9.369879166666664,9,2019,BASE+ALL
2020-04-16,81.62146607186386,74.87957000732422,77.76185216611856,82.51387693152566,79.19419129420808,79.10577406920694,58.53244724852631,56.82318750000001,9.369879166666664,9,2019,BASE+ALL
2020-04-17,80.85299261051314,73.9012680053711,87.68621032835259,87.79242444506491,82.55822384732542,82.47751351288983,52.115060747875006,65.80139583333333,9.369879166666664,9,2019,BASE+ALL
2020-04-18,79.32472139298774,73.54882049560547,93.79358041266337,87.8856540834185,83.63819409616877,83.59827765285402,47.745853376,45.47745833333334,9.369879166666664,9,2019,BASE+ALL
2020-04-19,81.08963749836416,74.4173355102539,94.31247222037412,81.10594989341789,82.7313487806025,82.75228586870088,97.42840716171428,79.32514166666667,9.369879166666664,9,2019,BASE+ALL
2020-04-20,83.05038752363421,75.48200225830078,94.03716990949968,81.92903857589266,83.62464956683183,83.63480690464365,59.43405734261111,56.35809166666667,9.369879166666664,9,2019,BASE+ALL
2020-04-21,87.2103827479183,77.4070816040039,100.45498074295027,82.25626147322157,86.83217664202351,86.87060103401069,70.13172713469231,70.824125,9.369879166666664,9,2019,BASE+ALL
2020-04-22,94.43876881960459,77.0381851196289,100.02367060330329,77.00912078617347,87.12743633217757,87.16638785259768,51.23630014576667,57.2430625,9.369879166666664,9,2019,BASE+ALL
2020-04-23,94.79585661154046,78.90806579589844,102.13052551426908,76.43898209735156,88.06835750476489,88.13882911804923,43.9756098035,49.73225416666667,9.369879166666664,9,2019,BASE+ALL
2020-04-24,92.02038900539681,76.1103744506836,116.3738467006854,77.85032050013336,90.58873266422479,90.72243140491943,-4.227892465133333,16.965108333333333,9.369879166666664,9,2019,BASE+ALL
2020-04-25,94.4057028832709,77.6405029296875,109.93826720584961,78.45662522197122,90.11027456019482,90.20031505271696,15.437949832749998,36.7728,9.369879166666664,9,2019,BASE+ALL
2020-04-26,93.76938427332796,75.6676025390625,113.07840801372319,81.14929697824573,90.91617295108983,90.98753664618877,38.63934210032143,38.9488375,9.369879166666664,9,2019,BASE+ALL
2020-04-27,90.37840021730852,75.59490203857422,106.96102185489228,83.41806300545309,89.08809677905703,89.1214656205097,33.166597521111115,70.32944583333334,9.369879166666664,9,2019,BASE+ALL
2020-04-28,89.42275644806602,74.46684265136719,107.05112770747496,86.14487908153708,89.27140147211131,89.27677177688679,,55.92087916666667,9.369879166666664,9,2019,BASE+ALL
2020-04-29,85.97655206267146,75.99876403808594,106.93925712251043,98.03651892354708,91.73777303670373,91.66922016065433,12.086560211066669,33.65504166666667,9.369879166666664,9,2019,BASE+ALL
2020-04-30,83.97441591852983,72.46385955810547,98.56884615720911,99.99776695936072,88.75122214830128,88.59671214928014,17.098077065083334,75.27935833333333,9.369879166666664,9,2019,BASE+ALL
2020-05-01,82.38656352072765,70.20481872558594,84.85536283494098,96.69643282106888,83.53579447558086,83.31908332603,276.2311545700333,212.7676291666667,9.369879166666664,9,2019,BASE+ALL
2020-05-02,75.31430081435805,69.33901977539062,78.66936566612789,83.07537838265378,76.59951615963257,76.49930180393505,153.4260269387222,148.16567916666665,9.369879166666664,9,2019,BASE+ALL
2020-05-03,79.00147837868246,73.29573059082031,91.01798796370117,89.516793974347,83.20799772688773,83.13682753335115,302.5900384393889,200.88572916666664,9.369879166666664,9,2019,BASE+ALL
2020-05-04,83.79579623609217,77.78439331054688,90.12973490970177,86.90840261156188,84.65458176697567,84.61295181289509,180.25104963685,126.54676666666668,9.369879166666664,9,2019,BASE+ALL
2020-05-05,88.2213815189464,80.50873565673828,94.64268380233638,93.45868199623362,89.20787074356367,89.13333307460006,105.6235138638,112.6439625,9.369879166666664,9,2019,BASE+ALL
2020-05-06,90.25282318172215,82.29290008544922,89.59413948307927,83.2244411354826,86.34107597143331,86.3315072680647,68.78809276758334,71.30975416666666,9.369879166666664,9,2019,BASE+ALL
2020-05-07,91.29735296277248,89.06707000732422,102.77260311232196,85.68394175209121,92.20524195862748,92.30384933839551,48.81671362271875,55.99555,9.369879166666664,9,2019,BASE+ALL
2020-05-08,92.54749663449964,94.1246337890625,115.59821486986425,81.0801139312153,95.83761480616042,96.08921057026897,171.47433749815627,129.87235416666667,9.369879166666664,9,2019,BASE+ALL
2020-05-09,88.9609340699708,90.7948989868164,106.72021992825302,76.71105175604771,90.79677618527198,91.02623994829717,-7.965376259833335,27.1676375,9.369879166666664,9,2019,BASE+ALL
2020-05-10,87.38871435587815,84.78079986572266,104.25597694957557,86.53289174266192,90.73959572845959,90.82459206912438,74.94801004416667,91.54784583333333,9.369879166666664,9,2019,BASE+ALL
2020-05-11,89.6181347404528,87.03150939941406,112.22788272848922,89.67699828745299,94.63863128895227,94.74963117706788,63.46431636357143,93.51821666666666,9.369879166666664,9,2019,BASE+ALL
2020-05-12,85.08109017424535,79.2408218383789,93.60506100343639,76.66655944725653,83.64838311582929,83.72353939686629,121.94594218916666,96.69182916666666,9.369879166666664,9,2019,BASE+ALL
2020-05-13,86.05281517474674,78.96478271484375,96.14126906888652,82.848957141353,86.00195602495751,86.02940800756939,157.26146139666668,131.10302083333332,9.369879166666664,9,2019,BASE+ALL
2020-05-14,90.07914462183948,78.43601989746094,96.41898247038567,78.26027073740354,85.79860443177242,85.84144196858281,126.23775268903572,124.46254583333332,9.369879166666664,9,2019,BASE+ALL
2020-05-15,84.56716015202522,73.36943817138672,83.33690987222914,78.97845147812816,80.06298991844231,80.0095572049942,48.41355540545833,62.32953750000001,9.369879166666664,9,2019,BASE+ALL
2020-05-16,79.26933106497282,73.02830505371094,76.63855036179754,80.86796645372485,77.45103823355154,77.36789758913609,304.4133127788824,241.72139583333333,9.369879166666664,9,2019,BASE+ALL
2020-05-17,69.10652501716201,70.17092895507812,66.03398353395387,84.49562510989153,72.45176565402139,72.3060332440856,15.47480481435714,43.304375,9.369879166666664,9,2019,BASE+ALL
2020-05-18,70.79008005258643,71.63809204101562,70.71267913346229,79.80197673211663,73.23570698979523,73.16246640223503,125.839215354,101.11062916666668,9.369879166666664,9,2019,BASE+ALL
2020-05-19,70.68651620261252,71.47715759277344,62.733501071703536,83.0764022050634,71.99339426803823,71.8431073603328,46.27886593716666,46.825941666666665,9.369879166666664,9,2019,BASE+ALL
2020-05-20,79.27416319423145,91.9881362915039,86.70406560625177,77.80723520316909,83.94340007378906,84.10911519253378,93.578770012,65.648775,9.369879166666664,9,2019,BASE+ALL
2020-05-21,71.92557053589663,87.78669738769531,93.58373193132726,81.7612880572861,83.76432197805133,83.94068439018767,161.3031914325,99.87162916666666,9.369879166666664,9,2019,BASE+ALL
2020-05-22,67.60073648804739,85.18567657470703,82.17465020312248,96.29277255840672,82.81345895607092,82.79522254949644,124.08521220072222,107.89517083333332,9.369879166666664,9,2019,BASE+ALL
2020-05-23,66.02116107936307,78.50808715820312,68.7690313630827,100.3981940238699,78.42411840612971,78.24187219802019,111.42832605004546,93.81079583333332,9.369879166666664,9,2019,BASE+ALL
2020-05-24,66.76973383586923,72.20489501953125,68.48518226778184,85.4394359421571,73.22481176633485,73.11563754308222,20.19415413519232,37.1275375,9.369879166666664,9,2019,BASE+ALL
2020-05-25,71.60219480622513,74.83849334716797,68.43672659652043,72.85039279613463,71.93195188651204,71.92984074469403,134.0108298077,91.9771875,9.369879166666664,9,2019,BASE+ALL
2020-05-26,25.8819535944431,35.35153579711914,32.218451456491636,-1.6492317160285026,22.950677283006343,23.31365910608847,-54.7786411555,-42.53190416666666,9.369879166666664,9,2019,BASE+ALL
2020-05-27,23.55221331655087,26.699905395507812,26.57113824377315,-2.9884815416874844,18.458693853536083,18.739184612800265,-24.8811761048,-21.844458333333336,9.369879166666664,9,2019,BASE+ALL
2020-05-28,19.504855101704127,23.046756744384766,26.2643544261475,-8.930716222184579,14.97131251251295,15.294116086384658,0.0716267166000011,-6.41515,9.369879166666664,9,2019,BASE+ALL
2020-05-29,19.175447022513033,26.313066482543945,32.606819271443236,-4.804875131452526,18.322614411261924,18.67604936076779,-11.542921979714285,-11.712745833333337,9.369879166666664,9,2019,BASE+ALL
2020-05-30,71.25316662964966,57.91614532470703,56.03097661606841,66.21558354489969,62.8539680288312,62.69462968401658,62.30937385053333,66.49144166666666,9.369879166666664,9,2019,BASE+ALL
2020-05-31,80.75778076106381,73.66361236572266,75.76187423402625,64.37478821317069,73.63951389349586,73.69479489554936,34.726773522107145,39.089175,9.369879166666664,9,2019,BASE+ALL
2020-06-01,80.24653496043832,75.02320861816406,78.66344452954941,61.14203037510769,73.76880462081488,73.88443510108468,11.539953884375,40.0066125,9.369879166666664,9,2019,BASE+ALL
2020-06-02,75.21545183975063,72.92950439453125,72.99027333474837,64.6415435739342,71.44419328574111,71.50539416188269,41.726753595000005,54.64506666666667,9.369879166666664,9,2019,BASE+ALL
2020-06-03,72.63941541182692,70.49976348876953,71.03909129643448,74.71807038004752,72.22408514426962,72.17785947918414,,111.0660125,9.369879166666664,9,2019,BASE+ALL
2020-06-04,68.7030381480814,63.92559814453125,56.46043474849881,75.50730484957359,66.14909397267127,65.97542366483012,66.72221004957143,74.96965,9.369879166666664,9,2019,BASE+ALL
2020-06-05,69.72383864718422,68.710205078125,60.0974309899843,93.1745582518162,72.92650824177743,72.65265907374156,25.825908400050004,42.52138333333333,9.369879166666664,9,2019,BASE+ALL
2020-06-06,70.47920005599313,68.94359588623047,59.57521718708065,96.6441861746324,73.91054982598416,73.60057688982793,27.440831852153845,59.12582916666667,9.369879166666664,9,2019,BASE+ALL
2020-06-07,69.08566981532312,68.403564453125,61.56472775941409,84.36167903337105,70.85391026530831,70.66794554980615,76.89046007108333,65.70597083333332,9.369879166666664,9,2019,BASE+ALL
2020-06-08,71.08869987034515,72.49567413330078,63.7026135331581,78.18600558333799,71.3682482800355,71.27359050494105,88.187345238375,82.30089583333334,9.369879166666664,9,2019,BASE+ALL
2020-06-09,69.01235794546385,68.10102081298828,61.77612235272366,71.09839798725193,67.49697477460694,67.42787658165481,50.767919360875005,60.86586666666667,9.369879166666664,9,2019,BASE+ALL
2020-06-10,76.86012089652763,83.85002899169922,71.02690836919263,73.23498566525461,76.24301098066852,76.30052381639842,60.01180187128572,97.36683333333332,9.369879166666664,9,2019,BASE+ALL
2020-06-11,83.43269759356507,94.05265808105469,88.89216864211946,77.05987513280738,85.85934986238667,86.03907414342501,182.3860570488889,151.92489166666667,9.369879166666664,9,2019,BASE+ALL
2020-06-12,88.1943572260927,100.9353256225586,92.46626123852387,73.83725598404402,88.8583000178048,89.1200605068939,177.93906049928572,166.89952083333333,9.369879166666664,9,2019,BASE+ALL
2020-06-13,89.41449951069424,99.13179016113281,89.6784879781638,67.82405361209487,86.51220781552144,86.78865112639555,,95.7009625,9.369879166666664,9,2019,BASE+ALL
2020-06-14,90.00222483547972,88.66218566894531,87.75253121635625,66.16118914905508,83.14453271745909,83.3315107449035,354.2672477492693,220.3978875,9.369879166666664,9,2019,BASE+ALL
2020-06-15,90.35231781958855,89.01824951171875,88.52620017189003,62.37388467107291,82.56766304356756,82.793941639819,47.17353834405556,61.39834583333334,9.369879166666664,9,2019,BASE+ALL
2020-06-16,92.24980654759403,90.05516052246094,88.41393532201874,63.9507473758437,83.66741244197935,83.87729636596427,,84.64285416666667,9.369879166666664,9,2019,BASE+ALL
2020-06-17,97.3561954705462,102.47588348388672,94.12666993080772,77.49371716825019,92.86311651337272,93.06423009873544,,196.9905625,9.369879166666664,9,2019,BASE+ALL
2020-06-18,94.69773995691136,112.33061981201172,89.53091124050759,86.72860669273484,95.82196942554138,96.0130517543029,,133.35063333333332,9.369879166666664,9,2019,BASE+ALL
2020-06-19,89.0811314914952,103.15133666992188,81.46192552279085,89.49122335642028,90.79640426015705,90.86809288635786,36.13686652692856,106.2505625,9.369879166666664,9,2019,BASE+ALL
2020-06-20,92.13491669574573,104.05390167236328,77.5905063103206,68.43856403097891,85.55447217735214,85.78091847933014,127.29784470909377,100.35457083333334,9.369879166666664,9,2019,BASE+ALL
2020-06-21,91.63562021007817,102.3023681640625,78.38574187095016,76.67970269266553,87.25085823443908,87.39661720820119,4.919234354857144,42.648675,9.369879166666664,9,2019,BASE+ALL
2020-06-22,93.88131168109753,101.4551010131836,76.85020037085438,65.91856676418882,84.52629495733109,84.73876030202081,35.25802349477778,63.74742916666667,9.369879166666664,9,2019,BASE+ALL
2020-06-23,105.94806497916184,120.40435028076172,105.42649610527563,64.67099981304929,99.11247779456212,99.59966284275501,,121.82254583333334,9.369879166666664,9,2019,BASE+ALL
2020-06-24,123.50910827166132,134.5170135498047,132.73596451775379,68.91844177562297,114.92013202871068,115.55368411418843,,147.35934583333332,9.369879166666664,9,2019,BASE+ALL
2020-06-25,129.98209197455296,137.72500610351562,138.95324689793836,68.53732587913723,118.79941771378606,119.46440013969874,,185.8984375,9.369879166666664,9,2019,BASE+ALL
2020-06-26,132.76268543385345,134.3008270263672,146.19502765978572,71.5469003901568,121.2013601275408,121.83759856416235,,151.2834125,9.369879166666664,9,2019,BASE+ALL
2020-06-27,131.26784020126152,129.98350524902344,142.74023793052473,81.20854665091406,121.30003250793092,121.801454605572,,155.45046666666667,9.369879166666664,9,2019,BASE+ALL
2020-06-28,131.35565256317983,129.27310180664062,131.00007867624174,83.73645430635719,118.84132183810485,119.24432626688935,,153.6198875,9.369879166666664,9,2019,BASE+ALL
2020-06-29,129.63378601771868,128.03697204589844,130.68626330390168,82.03141147908232,117.59710821165027,118.01244195695688,,151.627325,9.369879166666664,9,2019,BASE+ALL
2020-06-30,132.44979468921906,130.63671875,133.51017881633,73.31450635755056,117.47779965327491,117.99375778004017,,162.6488875,9.369879166666664,9,2019,BASE+ALL
2020-07-01,139.57681230317976,132.30299377441406,136.39296241454298,76.67586204670806,121.23715763471121,121.71475507225627,,171.9163625,9.369879166666664,9,2019,BASE+ALL
2020-07-02,133.59234407288065,127.54476928710938,120.85812119621404,73.55734138071665,113.88814398423018,114.29432408612674,,184.12686666666664,9.369879166666664,9,2019,BASE+ALL
2020-07-03,108.70693241535142,109.70604705810547,98.32664901440961,80.29567984395311,99.25882708295491,99.4583443962628,-88.40555,30.488029166666667,9.369879166666664,9,2019,BASE+ALL
2020-07-04,105.74236417891655,105.52986907958984,84.57237989712468,82.82588935141217,94.66762562676081,94.74419647929473,,61.07823333333334,9.369879166666664,9,2019,BASE+ALL
2020-07-05,104.86095079884836,115.30743408203125,91.90031598052893,93.75758932424526,101.45657254641345,101.56794108646832,69.683441875,120.08461666666666,9.369879166666664,9,2019,BASE+ALL
2020-07-06,31.391539824414448,60.575138092041016,51.10106754073521,5.913800496829133,37.245386488504955,37.83783372769675,21.830303846153846,52.0359,9.369879166666664,9,2019,BASE+ALL
2020-07-07,23.375535595578103,48.22915267944336,46.095518996294,3.0321927578957,30.18310000730279,30.71069970107732,,43.74945,9.369879166666664,9,2019,BASE+ALL
2020-07-08,24.910602282172164,45.79418182373047,35.23454288039563,10.100450810843752,29.009944449285502,29.381162943834514,,59.007450000000006,9.369879166666664,9,2019,BASE+ALL
2020-07-09,29.575501590214458,40.55338668823242,25.640722889013553,2.013568890287921,24.44579501443709,24.761237618852583,17.654357777777776,11.4157625,9.369879166666664,9,2019,BASE+ALL
2020-07-10,30.04038856289941,29.84609031677246,27.416640793536732,-7.121433811460015,20.045421465437144,20.35829656365012,14.2508053125,13.661720833333334,9.369879166666664,9,2019,BASE+ALL
2020-07-11,26.92270641600411,24.392982482910156,22.686913312905826,-1.660765730279003,18.085459120385273,18.29263842294848,11.398252,10.5333625,9.369879166666664,9,2019,BASE+ALL
2020-07-12,24.392557334455688,23.274179458618164,22.225343312520717,-4.517117709253249,16.34374059908533,16.578118794514225,-3.7214420000000006,-0.2960458333333337,9.369879166666664,9,2019,BASE+ALL
2020-07-13,20.387514901149128,20.844249725341797,17.086608649311824,-1.1807520152369977,14.28440531514144,14.460355430481293,-5.564483461538462,-7.165325,9.369879166666664,9,2019,BASE+ALL
2020-07-14,18.172168340196063,21.38889503479004,20.992245979192024,-4.552072174947448,14.00030929480767,14.246319976315121,-41.30409428571428,-12.086191666666666,9.369879166666664,9,2019,BASE+ALL
2020-07-15,17.482766083806055,20.716524124145508,17.918545214891164,-8.43121126366297,11.92165603979494,12.182047466728056,20.530485,5.257608333333334,9.369879166666664,9,2019,BASE+ALL
2020-07-16,16.381709844493077,16.42470359802246,16.495800659896197,-7.824197321319506,10.369504195273056,10.58552734975271,-63.594718,-29.45518333333333,9.369879166666664,9,2019,BASE+ALL
2020-07-17,14.594992202592714,14.848701477050781,14.781076691182546,-7.995425668901714,9.057336175481083,9.261239843137222,-41.98875454545455,-23.151554166666667,9.369879166666664,9,2019,BASE+ALL
2020-07-18,11.486566876145519,12.048828125,14.69360058890705,-9.532513014668186,7.174120643846094,7.384565838739892,-8.655927,-8.755291666666666,9.369879166666664,9,2019,BASE+ALL
2020-07-19,11.14519519676895,12.657447814941406,15.167081848883502,-7.713711880401185,7.814003245048168,8.018207082306976,15.523753333333332,2.428925,9.369879166666664,9,2019,BASE+ALL
2020-07-20,10.38693204041949,11.445701599121094,12.697540084980343,-9.075526486896184,6.363661809406184,6.559230745485403,-34.60374736842105,-28.51877083333333,9.369879166666664,9,2019,BASE+ALL
2020-07-21,9.548849870191038,12.000572204589844,12.11592305284094,-13.956031224669182,4.927328475738159,5.172232174490812,8.005144615384616,4.718079166666667,9.369879166666664,9,2019,BASE+ALL
2020-07-22,9.282306574784178,13.331831932067871,12.05109916182158,-9.46798976836422,6.299311975077353,6.516850073961134,-14.529891428571428,-9.8002125,9.369879166666664,9,2019,BASE+ALL
2020-07-23,9.20839128607608,11.656562805175781,9.957513952169267,-6.137450027045645,6.17125450409387,6.332918311515362,,-18.01517083333333,9.369879166666664,9,2019,BASE+ALL
2020-07-24,8.931286792962135,10.689903259277344,12.242963626261734,-9.112999225345728,5.687788613288871,5.8826669445731,22.52697,12.378741666666668,9.369879166666664,9,2019,BASE+ALL
2020-07-25,12.712562594339436,17.18492889404297,15.070692969238275,-7.231027043756882,9.43428935346595,9.663615358048329,,8.288012499999999,9.369879166666664,9,2019,BASE+ALL
2020-07-26,10.974837918568706,17.799339294433594,13.34473791770244,-5.542590424954327,9.144081176437604,9.363170184013537,-18.3268875,-20.2687375,9.369879166666664,9,2019,BASE+ALL
2020-07-27,12.458443364540141,25.79562759399414,26.746909450460794,3.60957097845705,17.15263784686303,17.42978849844588,-86.7053275,-39.84533333333333,9.369879166666664,9,2019,BASE+ALL
2020-07-28,11.346790725455815,21.502443313598633,19.629843000716434,-5.894180033933964,11.64622425145923,11.935190944294215,-54.44764269230769,-34.8254375,9.369879166666664,9,2019,BASE+ALL
2020-07-29,9.982727907871697,17.27982521057129,15.700974899987928,-11.887498147014076,7.769007467854209,8.059472319230034,-66.77545458333334,-36.166562500000005,9.369879166666664,9,2019,BASE+ALL
2020-07-30,10.52463566632928,19.657228469848633,20.178989585065615,-5.532601275548437,11.207063111423773,11.48487051772514,-18.398547,-12.082970833333333,9.369879166666664,9,2019,BASE+ALL
2020-07-31,10.28944233307038,20.04935073852539,20.605590365575466,1.2795369917973716,13.055980107242153,13.280476398666172,-21.20388888888889,-25.30925833333333,9.369879166666664,9,2019,BASE+ALL
2020-08-01,13.61278335229781,21.270320892333984,21.9139299451544,4.573225436824956,15.342564906652788,15.537427822732768,2.840223722222222,10.367870833333331,9.369879166666664,9,2019,BASE+ALL
2020-08-02,14.415646938609601,19.208839416503906,19.10758904349418,2.2393464507185,13.742855462331546,13.919737823164013,13.516911875,22.06743333333333,9.369879166666664,9,2019,BASE+ALL
2020-08-03,14.781598918312564,17.90767478942871,17.93001018737588,4.9162268688714335,13.88387769099715,14.01684970812634,94.609145,63.396875,9.369879166666664,9,2019,BASE+ALL
2020-08-04,16.234964623172914,17.971391677856445,17.76633464595647,4.084394462673529,14.01427135241484,14.14609197624225,164.733850575,100.50615416666666,9.369879166666664,9,2019,BASE+ALL
2020-08-05,19.02916352288843,24.895736694335938,24.216549403239142,10.976363838134256,19.77945336464944,19.93182487170801,,17.849795833333335,9.369879166666664,9,2019,BASE+ALL
2020-08-06,21.55313702082546,25.66333770751953,24.50972976130077,-0.3045589679312286,17.855411380428635,18.102176556940904,,30.74414583333333,9.369879166666664,9,2019,BASE+ALL
2020-08-07,23.241377316971118,25.878925323486328,24.19503924321601,-1.6743347543677558,17.910251782326426,18.159738058272236,2.7303785714285715,14.416491666666666,9.369879166666664,9,2019,BASE+ALL
2020-08-08,25.102870373338888,24.441699981689453,24.484824799411815,-2.157288485135247,17.968026667326228,18.200823788106497,,19.243483333333334,9.369879166666664,9,2019,BASE+ALL
2020-08-09,27.73391911368807,25.433818817138672,22.760198926625172,1.2830610385459238,19.302749473999462,19.48859067044219,24.62156,25.61018333333333,9.369879166666664,9,2019,BASE+ALL
2020-08-10,29.668571580939854,24.89569854736328,25.18470178933507,-3.4184781402854654,19.082623444338182,19.30914415116344,,36.85994166666666,9.369879166666664,9,2019,BASE+ALL
2020-08-11,27.24835918667085,25.3217830657959,22.728802789129503,-3.758202637866802,17.885185600932363,18.11736768942324,16.622368214285714,28.98776666666667,9.369879166666664,9,2019,BASE+ALL
2020-08-12,27.01347720048497,25.223535537719727,22.99037839757853,-2.052220116987748,18.293792754698867,18.51284092712793,-7.915164222222221,5.260283333333334,9.369879166666664,9,2019,BASE+ALL
2020-08-13,28.804213670530757,40.87679672241211,30.014606978789818,-7.703488518687532,22.998032213261286,23.432704524844645,,-4.214470833333333,9.369879166666664,9,2019,BASE+ALL
2020-08-14,22.68383153308555,24.710054397583008,19.894581649341784,-17.24775677967521,12.510177700083783,12.86567010893167,,-1.9106666666666667,9.369879166666664,9,2019,BASE+ALL
2020-08-15,25.892269277529525,26.424327850341797,21.274919626588346,-15.400230514649271,14.547821559952597,14.891811936006205,,-3.016966666666667,9.369879166666664,9,2019,BASE+ALL
2020-08-16,21.0098887861164,21.187515258789062,13.341364511216144,-15.523577772088302,10.003797696008325,10.284453185603883,,-2.768854166666667,9.369879166666664,9,2019,BASE+ALL
2020-08-17,17.313510233399807,19.636180877685547,12.879615688300596,-13.806614098211227,9.005673175293682,9.27572220410437,,-7.8387875,9.369879166666664,9,2019,BASE+ALL
2020-08-18,16.781277334542846,18.104825973510742,13.022110007383162,-14.677465773108617,8.307686885582035,8.576184346656394,,-6.7179625,9.369879166666664,9,2019,BASE+ALL
2020-08-19,27.430521314188677,38.04657745361328,45.669142716897625,-2.2039622853257086,27.235569799843468,27.697395732629275,,-4.410941666666667,9.369879166666664,9,2019,BASE+ALL
2020-08-20,37.08910675480993,52.75420379638672,64.25790692437138,-0.249451222473553,38.46294156327362,39.0891723773841,,-9.2418625,9.369879166666664,9,2019,BASE+ALL
2020-08-21,43.64543458811263,55.33698654174805,74.34227255294665,9.911729744314954,45.80910585678057,46.39018234529106,,13.2589,9.369879166666664,9,2019,BASE+ALL
2020-08-22,34.03322235349041,45.913204193115234,39.69050423718914,-0.7738880746293333,29.715760677291364,30.15996827401325,,-4.566883333333333,9.369879166666664,9,2019,BASE+ALL
2020-08-23,29.578251150894292,39.9418830871582,27.452771039915095,-1.7374066833412627,23.80887464865658,24.163095629977118,,-2.588870833333333,9.369879166666664,9,2019,BASE+ALL
2020-08-24,30.263331350592253,29.77692413330078,30.50322145964292,-10.829609712947557,19.928466807647098,20.29068412018445,,5.8961875,9.369879166666664,9,2019,BASE+ALL
2020-08-25,55.85407844329186,59.72782516479492,82.9165193955492,15.59787665353695,53.52407491429324,54.074715490197455,,64.31991666666667,9.369879166666664,9,2019,BASE+ALL
2020-08-26,29.961806359360306,45.1317138671875,41.876651101163695,-4.361958288454936,28.152053259814146,28.657102958672443,,8.520008333333333,9.369879166666664,9,2019,BASE+ALL
2020-08-27,33.666675989984306,49.05780792236328,37.109183710406015,-9.57532110265572,27.56458663002447,28.10065295820161,,17.862770833333332,9.369879166666664,9,2019,BASE+ALL
2020-08-28,32.98631925129085,45.24812316894531,27.989419122424447,-8.489371800130023,24.43362243563265,24.877343283304974,,10.827866666666669,9.369879166666664,9,2019,BASE+ALL
2020-08-29,25.259430472133047,34.41952896118164,26.39775702051897,-11.422341107935928,18.663593836474433,19.074470028761922,,5.4787875,9.369879166666664,9,2019,BASE+ALL
2020-08-30,20.37866933433404,23.291051864624023,20.29833860124695,-17.55475180586548,11.603326998584883,11.964667032705119,-6.39627,-1.8916208333333333,9.369879166666664,9,2019,BASE+ALL
2020-08-31,15.903505014397568,23.460243225097656,17.798350123964592,-18.27539570986332,9.721675663399125,10.101078320841754,,-0.1549041666666668,9.369879166666664,9,2019,BASE+ALL
2020-09-01,15.44913733766342,24.3647518157959,19.010370957125637,-16.889269254961306,10.483747713905911,10.868279778006093,,-2.7319041666666664,9.369879166666664,9,2019,BASE+ALL
2020-09-02,13.520398596438316,23.563974380493164,18.20808167407878,-12.45887736241556,10.708394322148674,11.052757082935123,3.013335,-0.0940999999999998,9.369879166666664,9,2019,BASE+ALL
2020-09-03,26.145097575789485,42.60940170288086,39.63808239830367,3.7688120250695576,28.0403484255109,28.45969067082725,19.56607875,17.8591125,9.369879166666664,9,2019,BASE+ALL
2020-09-04,37.98987888651396,35.29010772705078,37.98164110348545,2.666955312982523,28.48214575750818,28.77271567392881,-32.78018277777778,7.855245833333332,9.369879166666664,9,2019,BASE+ALL
2020-09-05,39.917640891497214,36.53339767456055,32.51002024167731,3.3398526271587343,28.07522785872345,28.327347713694756,11.3745824,11.219920833333331,9.369879166666664,9,2019,BASE+ALL
2020-09-06,42.12999270851143,37.4352912902832,35.717116143270076,0.1583834433241833,28.86019589634722,29.154889391940358,35.14302111111111,29.72960833333333,9.369879166666664,9,2019,BASE+ALL
2020-09-07,43.48558000132063,37.79027557373047,35.91503748812232,2.71224261234709,29.975783918880126,30.244431857610422,21.055669444444444,19.380770833333333,9.369879166666664,9,2019,BASE+ALL
2020-09-08,45.94023533836753,37.559043884277344,37.320503299985,3.585428215933824,31.101302684640928,31.354816650379096,41.738749285714285,35.42540833333333,9.369879166666664,9,2019,BASE+ALL
2020-09-09,46.43741635774337,36.45563888549805,35.950637923321004,3.385552142339748,30.55731132722554,30.79228669082436,-7.726432750000001,3.324620833333333,9.369879166666664,9,2019,BASE+ALL
2020-09-10,49.8195158024466,36.847511291503906,38.13577544591201,-0.5808153606255573,31.055496794809237,31.323079737578247,18.77964177777778,15.201808333333334,9.369879166666664,9,2019,BASE+ALL
2020-09-11,45.36680539794304,34.30509948730469,34.93722868330563,-3.9706996386465008,27.659608482476713,27.94150819437214,-26.057824466666663,-15.3412125,9.369879166666664,9,2019,BASE+ALL
2020-09-12,45.3701246442694,33.150718688964844,33.53203089534893,1.272466599443277,28.33133520700661,28.548467964898375,7.6438275,9.909675,9.369879166666664,9,2019,BASE+ALL
2020-09-13,50.68681316401894,38.50649642944336,39.04150153592897,1.8082887727892043,32.510774975545125,32.77184222247009,11.63203581818182,17.9272625,9.369879166666664,9,2019,BASE+ALL
2020-09-14,53.33452871505704,39.98308563232422,41.804882016584074,14.37258019781045,37.373769140443954,37.53742871137071,14.483369,45.308616666666666,9.369879166666664,9,2019,BASE+ALL
2020-09-15,47.26104273683543,35.73024368286133,36.914617735879276,5.793823155941801,31.424931827879462,31.633411316876007,,27.29447083333333,9.369879166666664,9,2019,BASE+ALL
2020-09-16,51.4492580738125,39.14903259277344,41.19420745815507,2.0051087000786723,33.44940170620492,33.722684782002666,,36.35438333333334,9.369879166666664,9,2019,BASE+ALL
2020-09-17,61.746006105344776,48.83021545410156,58.66743853136732,17.461587071376904,46.676311790547636,46.94092515240357,,39.2036,9.369879166666664,9,2019,BASE+ALL
2020-09-18,37.31308394119898,47.70867919921875,55.460651584888346,2.9956732451623864,35.869521992617116,36.37051433618816,,1.9804583333333337,9.369879166666664,9,2019,BASE+ALL
2020-09-19,23.00340466373695,34.70184326171875,40.1613745582644,-0.6958931129328363,24.292682342696818,24.70466760088687,,2.259370833333333,9.369879166666664,9,2019,BASE+ALL
2020-09-20,18.128305331187406,23.84600067138672,27.395254513904433,-9.760580755583728,14.902244940223706,15.253629040586533,,0.5378208333333333,9.369879166666664,9,2019,BASE+ALL
2020-09-21,15.612332202962872,24.142778396606445,25.050040317199727,-13.662910963871234,12.785559988224454,13.174329064607392,,26.91292083333333,9.369879166666664,9,2019,BASE+ALL
2020-09-22,13.92024485319665,20.564172744750977,21.55433302951758,-25.04812338607354,7.747656810347916,8.195713235739483,6.784922999999999,7.039808333333333,9.369879166666664,9,2019,BASE+ALL
2020-09-23,14.011524436823702,17.305543899536133,18.577965178151054,-14.178378029037315,8.929163871368392,9.234701323904495,5.64170525,4.938558333333334,9.369879166666664,9,2019,BASE+ALL
2020-09-24,20.639080878804737,32.39341354370117,37.65921951301712,-4.247051758998751,21.61116554413107,22.033354907636678,-3.3426105999999995,22.10065833333333,9.369879166666664,9,2019,BASE+ALL
2020-09-25,16.032488794080397,30.531354904174805,32.68323730701485,-8.91845373003921,17.58215681880771,18.026217514721875,2.056775714285714,2.4602875,9.369879166666664,9,2019,BASE+ALL
2020-09-26,13.650067618225243,18.21686363220215,20.701394643622308,-19.629048036531465,8.234819464379559,8.61113316062676,12.549938888888889,8.051279166666667,9.369879166666664,9,2019,BASE+ALL
2020-09-27,12.535336960103358,17.122888565063477,19.48366593427493,-16.094261067637152,8.261907597951154,8.596496058747944,0.0338662000000001,1.09135,9.369879166666664,9,2019,BASE+ALL
2020-09-28,11.437092107948477,12.982314109802246,15.24157223612835,-9.718805912561628,7.485543135329362,7.7091442479619,,28.697725,9.369879166666664,9,2019,BASE+ALL
2020-09-29,10.67604736740985,10.250338554382324,11.721627990578316,-13.571778377215974,4.769058883788628,4.986950851874749,32.461942,22.6366,9.369879166666664,9,2019,BASE+ALL
2020-09-30,16.29409225512716,25.436880111694336,35.01287842673342,-2.65175317895352,18.523024403650346,18.88015554647306,29.908426111111112,27.77188333333333,9.369879166666664,9,2019,BASE+ALL
2020-10-01,15.059212883347076,19.27736473083496,21.496305817907633,-19.61428108017313,9.054650587979134,9.436734740429113,15.749455833333334,19.3130375,9.369879166666664,9,2019,BASE+ALL
2020-10-02,31.070950294395217,56.977237701416016,73.68243474059294,12.194692031261198,43.481328691916346,44.1224871435459,64.558675,70.06363333333333,9.369879166666664,9,2019,BASE+ALL
2020-10-03,38.608644369127376,54.999183654785156,55.11198326194014,24.74493046310432,43.366185437239245,43.727088420411846,19.7336275,22.971341666666664,9.369879166666664,9,2019,BASE+ALL
2020-10-04,48.66471472786312,70.99224853515625,67.82322700102735,26.70989644569459,53.54752167743533,54.04677036384479,,11.275604166666668,9.369879166666664,9,2019,BASE+ALL
2020-10-05,43.0015831173078,52.48773193359375,44.502901462294,32.034875611709545,43.006773031226274,43.19420001285495,,29.1073375,9.369879166666664,9,2019,BASE+ALL
2020-10-06,53.75500718483925,65.30815887451172,82.50133162922388,35.584820542108865,59.28732955767094,59.71746721722946,,41.28527916666667,9.369879166666664,9,2019,BASE+ALL
2020-10-07,42.42450701530831,46.36942672729492,47.71794081301538,8.707628294509625,36.30487571253206,36.669365943763985,0.459838636363636,15.40725,9.369879166666664,9,2019,BASE+ALL
2020-10-08,59.05703993917117,80.83323669433594,74.1732397532272,92.97057635543212,76.7585231855416,76.73297430625217,405.515725,199.3027583333333,9.369879166666664,9,2019,BASE+ALL
2020-10-09,60.580711074884256,68.28002166748047,65.931345521437,57.94125454208474,63.18333320147162,63.30427088705373,,120.87586666666668,9.369879166666664,9,2019,BASE+ALL
2020-10-10,61.470339097617604,71.35509490966797,65.46040516848163,55.59106046654456,63.469224910577935,63.62959027197894,387.9066444915,216.7993333333333,9.369879166666664,9,2019,BASE+ALL
2020-10-11,62.01924345515832,69.5389175415039,66.82905580580358,54.35019249211356,63.18435232364484,63.345225863564984,148.70165,131.95271666666667,9.369879166666664,9,2019,BASE+ALL
2020-10-12,62.8226729448837,69.99594116210938,67.10434912283984,54.83662135385708,63.689896145922496,63.84749967449626,270.42668125,149.09385833333332,9.369879166666664,9,2019,BASE+ALL
2020-10-13,63.4993518082681,70.6314697265625,66.74821493617553,58.249370610732335,64.78210177043462,64.90894810634363,,177.262525,9.369879166666664,9,2019,BASE+ALL
2020-10-14,72.72772034697984,84.11276245117188,90.64485862254784,48.55645595926891,74.01044934499211,74.42843282323392,280.95656045454547,194.69225,9.369879166666664,9,2019,BASE+ALL
2020-10-15,68.63927822531348,86.71067810058594,87.39167679647689,49.90912802245008,73.1626902862066,73.59448806218661,,220.3580916666667,9.369879166666664,9,2019,BASE+ALL
2020-10-16,67.60881950153372,88.24959564208984,93.99228114050631,69.77821095226736,79.90722680909931,80.22049828467671,,251.73737916666667,9.369879166666664,9,2019,BASE+ALL
2020-10-17,68.1486129262743,84.97803497314453,87.67795858489147,75.70595741250631,79.12764097420416,79.319938202776,,112.71462916666668,9.369879166666664,9,2019,BASE+ALL
2020-10-18,69.31281329595224,87.33153533935547,94.64217653886831,71.36432904408207,80.66271355456453,80.9483694470959,,119.11709166666668,9.369879166666664,9,2019,BASE+ALL
2020-10-19,70.14545728875089,99.76853942871094,107.77723987729696,89.3987951510812,91.77250793645999,92.07738523514274,,143.91745,9.369879166666664,9,2019,BASE+ALL
2020-10-20,66.93096984507079,102.15775299072266,126.06408543281506,98.1499073760844,98.32567891117323,98.69932385606737,,106.11386666666668,9.369879166666664,9,2019,BASE+ALL
2020-10-21,64.79913626955124,96.72307586669922,111.27372148021307,83.75157425921967,89.1368769689208,89.51638202469681,,114.25952916666668,9.369879166666664,9,2019,BASE+ALL
2020-10-22,61.83490803745174,80.58454895019531,98.0142924724669,71.49735143206797,77.98277522304548,78.27122562144342,523.0407250000001,307.7072375,9.369879166666664,9,2019,BASE+ALL
2020-10-23,58.648126090590914,70.33963775634766,77.29204732344398,60.67606087576564,66.73896801153705,66.93118544537569,117.02860285714284,91.52901666666666,9.369879166666664,9,2019,BASE+ALL
2020-10-24,60.34568495551167,88.02911376953125,94.05527905509574,83.68879312484722,81.52971772624647,81.75849389303846,127.41973888888889,126.48540833333334,9.369879166666664,9,2019,BASE+ALL
2020-10-25,58.242645919104454,81.41470336914062,86.13994840136606,59.19936784689754,71.24916638412716,71.60381155109522,102.0773005,97.52924583333332,9.369879166666664,9,2019,BASE+ALL
2020-10-26,57.70962356793725,87.00336456298828,81.08798466297881,72.2991174071723,74.52502255026917,74.78424852607854,79.55299375,86.63460833333333,9.369879166666664,9,2019,BASE+ALL
2020-10-27,57.309659730303665,85.3948745727539,75.68304086986943,66.96731660282464,71.33872294393791,71.60182589001037,53.70739909090909,57.97182916666667,9.369879166666664,9,2019,BASE+ALL
2020-10-28,56.16172803954508,82.11211395263672,64.98259187811524,68.31455178880293,67.89274641477499,68.05895865505597,-14.011292142857142,28.8585625,9.369879166666664,9,2019,BASE+ALL
2020-10-29,56.49388784226629,87.28433990478516,66.96096596141665,77.87094154739884,72.15253381396674,72.2879600447088,127.63427550000002,93.66006666666668,9.369879166666664,9,2019,BASE+ALL
2020-10-30,58.78543530670066,88.36495208740234,71.19986803886117,73.16069301654863,72.8777371123782,73.07650045489463,65.82682615384616,78.08015833333333,9.369879166666664,9,2019,BASE+ALL
2020-10-31,61.117740754692804,90.00324249267578,82.40937751520816,84.13418419302124,79.4161362388995,79.58469206591722,55.19755888888889,89.37195833333334,9.369879166666664,9,2019,BASE+ALL
2020-11-01,61.00042807819422,107.91119384765625,108.62062663508856,91.27269889406637,92.20123686375135,92.61518975658932,109.41946363636364,98.37896666666668,9.369879166666664,9,2019,BASE+ALL
2020-11-02,58.915370634737705,104.88444519042969,101.47826173863317,96.08714787998925,90.34130636094746,90.65603145529926,75.932625,95.3908125,9.369879166666664,9,2019,BASE+ALL
2020-11-03,43.40518112901479,70.73310089111328,58.02534242319931,0.6938547108748025,43.21436978855055,43.91391487714313,137.40567611111112,82.1841625,9.369879166666664,9,2019,BASE+ALL
2020-11-04,16.973446662813384,36.044734954833984,30.353007202630252,-19.332505481336277,16.00967083473534,16.57435928657063,-18.9009505,-7.684674999999999,9.369879166666664,9,2019,BASE+ALL
2020-11-05,14.438927277704838,23.098464965820312,23.12136827705049,-26.80393601530214,8.463706126318375,8.95540354792331,-9.720092104545456,-11.001820833333332,9.369879166666664,9,2019,BASE+ALL
2020-11-06,18.515018972740553,33.03803634643555,39.01476532860941,-10.087798427346735,20.120005555109692,20.61945866195083,-2.515155863636362,2.0899208333333337,9.369879166666664,9,2019,BASE+ALL
2020-11-07,18.035629905638878,30.994321823120117,39.88887804978866,2.7918008271527768,22.927657651425108,23.303083171122427,,12.058154166666668,9.369879166666664,9,2019,BASE+ALL
2020-11-08,26.67016481246616,33.22677230834961,38.59465650964125,21.543445102419817,30.00875968321921,30.180871341199357,,20.6240875,9.369879166666664,9,2019,BASE+ALL
2020-11-09,32.55468076084965,34.05036163330078,38.92031597191059,25.61537265637204,32.78518275560827,32.89723719183874,,23.93709583333333,9.369879166666664,9,2019,BASE+ALL
2020-11-10,28.28806596800916,30.235157012939453,32.27769473441032,21.8990918193746,28.175002383683385,28.271985813406527,,22.30003333333333,9.369879166666664,9,2019,BASE+ALL
2020-11-11,40.50375790094434,49.202880859375,55.52609580122826,37.69459836203304,45.73183323089516,45.92000293649616,,71.14729583333333,9.369879166666664,9,2019,BASE+ALL
2020-11-12,38.37755504687588,49.092323303222656,45.2371619438145,30.809341381348183,40.879095418815304,41.078523953643526,,31.6214875,9.369879166666664,9,2019,BASE+ALL
2020-11-13,21.04531162821166,34.73321533203125,31.777373388120775,3.9393377942908794,22.873809535663643,23.206272037435358,,9.8652,9.369879166666664,9,2019,BASE+ALL
2020-11-14,38.51730577472614,40.712074279785156,39.7504441544556,23.70032678717413,35.67003774903526,35.82769782620468,,24.047945833333333,9.369879166666664,9,2019,BASE+ALL
2020-11-15,45.56423658640683,45.965309143066406,57.34836420497434,19.195883147562377,42.01844827050248,42.325724272510264,,20.416641666666667,9.369879166666664,9,2019,BASE+ALL
2020-11-16,40.60320322296673,47.395877838134766,49.627371359930294,35.28295910135024,43.227352880595504,43.386058397955395,,35.6255875,9.369879166666664,9,2019,BASE+ALL
2020-11-17,37.18062945217748,47.292869567871094,50.02273997059925,28.358555422877792,40.7136986033814,40.95447237717825,,16.9075,9.369879166666664,9,2019,BASE+ALL
2020-11-18,40.37240917472311,50.911380767822266,49.71647405137839,33.43555349290664,43.608954371707604,43.815957836373045,,12.373720833333335,9.369879166666664,9,2019,BASE+ALL
2020-11-19,38.343409396402635,48.48463821411133,42.43025386489589,32.71580216591223,40.49352591033052,40.654422277200226,,27.68794583333333,9.369879166666664,9,2019,BASE+ALL
2020-11-20,31.19621055983097,39.57556915283203,33.24362497295671,23.199977098981385,31.803845446150277,31.9586502164337,,22.526341666666667,9.369879166666664,9,2019,BASE+ALL
2020-11-21,37.37490303923511,39.890716552734375,35.78963018873901,29.289467716775317,35.58617937437095,35.670140596336054,,22.8145875,9.369879166666664,9,2019,BASE+ALL
2020-11-22,14.931889973130767,20.163597106933594,22.252435459355613,-8.020216211978052,12.331926581860479,12.623802251751851,,4.385504166666666,9.369879166666664,9,2019,BASE+ALL
2020-11-23,12.56085887900443,15.907936096191406,16.93251734272082,-2.236041101612855,10.79131780407595,10.977209931506572,,3.1289583333333333,9.369879166666664,9,2019,BASE+ALL
2020-11-24,17.717642997424576,25.546724319458008,26.72579400624357,8.775417817684556,19.69139478520268,19.891040054667215,,9.927325,9.369879166666664,9,2019,BASE+ALL
2020-11-25,17.343124329369967,19.63361167907715,19.26331671761356,2.895571441484563,14.783906041886311,14.94316531053963,,6.741208333333333,9.369879166666664,9,2019,BASE+ALL
2020-11-26,13.060747966811222,15.282915115356445,16.589807719162433,-14.17249909496588,7.690242926591056,7.971982198383271,,0.9846125,9.369879166666664,9,2019,BASE+ALL
2020-11-27,21.48543307377117,23.369823455810547,25.542545112762397,6.567435265381803,19.24130922693148,19.41390433811753,,29.5115875,9.369879166666664,9,2019,BASE+ALL
2020-11-28,27.75800853906715,32.57289505004883,36.55137107822344,15.906328501189073,28.19715079213212,28.395580052986418,,20.874754166666666,9.369879166666664,9,2019,BASE+ALL
2020-11-29,27.275600659961885,29.180585861206055,29.807372089272,8.378861087911986,23.66060492458798,23.859696172829075,,20.660391666666666,9.369879166666664,9,2019,BASE+ALL
2020-11-30,26.173696239192967,29.272003173828125,25.832649914822156,19.590479724761074,25.21720726315108,25.300164843599205,,21.52400833333333,9.369879166666664,9,2019,BASE+ALL
2020-12-01,26.843074212812834,26.837873458862305,26.329477490296437,0.2730077180934813,20.070858220016266,20.303755585331537,1.890705,14.758354166666669,9.369879166666664,9,2019,BASE+ALL
2020-12-02,25.752161910340156,26.059057235717773,24.66998790339216,9.138198987926934,21.404851509344255,21.548634294057184,80.02772777777778,51.30121666666667,9.369879166666664,9,2019,BASE+ALL
2020-12-03,41.30084855822418,45.00984191894531,39.88991401460817,18.80609086639445,36.251673839543024,36.47484729122242,61.060225,65.32842083333334,9.369879166666664,9,2019,BASE+ALL
2020-12-04,42.914027446798926,50.913578033447266,36.38181585147195,18.358776323698716,37.14204941385422,37.389955241725545,74.02860416666667,57.98294583333333,9.369879166666664,9,2019,BASE+ALL
2020-12-05,33.35617490112153,38.28626251220703,28.867262549158,8.21256117416096,27.18056528416188,27.41951591509941,47.68229388888889,46.046625,9.369879166666664,9,2019,BASE+ALL
2020-12-06,32.1006422636345,28.619098663330078,30.383380278608858,-1.5571422400554624,22.386494741379494,22.64548557630956,32.219921,31.208483333333334,9.369879166666664,9,2019,BASE+ALL
2020-12-07,32.21145692867236,30.25579261779785,30.40605501781103,-8.475208952662594,21.09952390290466,21.433473403493323,,32.008116666666666,9.369879166666664,9,2019,BASE+ALL
2020-12-08,16.77082741868233,18.297161102294922,17.787646800653324,-14.256886776780776,9.64968713621245,9.944323173101779,16.784324910000002,13.477345833333333,9.369879166666664,9,2019,BASE+ALL
2020-12-09,23.87614959702573,19.57687759399414,19.848046902219703,-7.330687813604594,13.992596569908747,14.209164227056744,1.9072006071428569,8.723170833333333,9.369879166666664,9,2019,BASE+ALL
2020-12-10,18.651023244946664,16.774465560913086,18.049447206815273,-11.281126439148183,10.54845239338171,10.794680185335473,0.957100583333336,0.1410666666666666,9.369879166666664,9,2019,BASE+ALL
2020-12-11,23.952906415411196,17.648805618286133,17.723585341531653,-3.7079725090628273,13.904331216541538,14.059242971902174,-2.840757333333334,-4.063858333333333,9.369879166666664,9,2019,BASE+ALL
2020-12-12,19.740835616682823,16.59447479248047,18.965623728594736,-2.559448807926344,13.18537133245792,13.351928452495118,-5.406343875,-2.1396333333333333,9.369879166666664,9,2019,BASE+ALL
2020-12-13,29.322756349757952,20.952064514160156,30.68859500122457,15.933659455003742,24.224268830036607,24.279645097535855,,54.6827875,9.369879166666664,9,2019,BASE+ALL
2020-12-14,30.369239408432772,22.073163986206055,28.253847498176174,9.453721701401165,22.53749314855404,22.639774169136995,9.24205838235294,8.747370833333333,9.369879166666664,9,2019,BASE+ALL
2020-12-15,17.663576721862327,18.183073043823242,22.410767232782284,-3.185910131014282,13.767876716863393,13.985554043893352,6.704652,6.723983333333334,9.369879166666664,9,2019,BASE+ALL
2020-12-17,19.91894480092088,19.866138458251953,20.192279404347474,24.403832312749422,21.095298744067435,21.056630910982676,,4.9791083333333335,22.553070833333333,2,2020,BASE+ALL
2020-12-18,56.790059150645824,68.73699188232422,90.64904396096507,69.70031339115978,71.46910209627373,71.6567945397964,,78.18345000000001,22.553070833333333,2,2020,BASE+ALL
2020-12-19,33.46064491345521,36.431671142578125,33.97546808636401,34.02143650403088,34.47230516160705,34.49578471644954,,2.350095833333333,22.553070833333333,2,2020,BASE+ALL
2020-12-20,20.40336271861359,23.609943389892578,23.358323626646353,26.92322799280934,23.573714431990467,23.560708744850466,,3.191041666666667,22.553070833333333,2,2020,BASE+ALL
2020-12-21,40.965617266300235,32.23334503173828,44.738424960980865,43.09001920269507,40.25685161542861,40.18558201615514,,22.39238333333333,22.553070833333333,2,2020,BASE+ALL
2020-12-22,24.339484038431724,23.775541305541992,27.525908846288857,31.79654820302113,26.859370598320925,26.807153015429527,,22.628766666666664,22.553070833333333,2,2020,BASE+ALL
2020-12-23,34.406332042522955,31.861787796020508,34.41762127697859,35.37583591076607,34.01539425657204,33.98508210942476,,20.441329166666662,22.553070833333333,2,2020,BASE+ALL
2020-12-24,22.54679920552419,23.622758865356445,21.343138069938895,23.367133158273585,22.719957324773283,22.714761314196494,,11.028704166666666,22.553070833333333,2,2020,BASE+ALL
2020-12-25,19.949776499604933,18.675336837768555,20.517999459304566,15.554856037011987,18.67449220842251,18.705981150328682,,18.652241666666665,22.553070833333333,2,2020,BASE+ALL
2020-12-26,42.29208586334432,33.59888458251953,43.04719533655441,46.69249407791085,41.407664965082276,41.29867736530426,,39.308600000000006,22.553070833333333,2,2020,BASE+ALL
2020-12-27,52.51693677578533,43.85660171508789,48.24720843963076,48.89413243649032,48.37871984174857,48.31156740952565,,42.9703125,22.553070833333333,2,2020,BASE+ALL
2020-12-28,44.74009261431983,36.2440071105957,34.5135424902784,40.32009288252017,38.95443377442852,38.86055460051034,,59.60755833333334,22.553070833333333,2,2020,BASE+ALL
2020-12-29,28.053257526834074,22.844057083129883,23.00669043177177,20.96712541747733,23.717782614803266,23.706321317227577,,15.913129166666666,22.553070833333333,2,2020,BASE+ALL
2020-12-30,22.725245400756435,21.243085861206055,20.358526047609697,15.641968017519035,19.992206331772806,20.02844538954086,,17.742320833333334,22.553070833333333,2,2020,BASE+ALL
2020-12-31,23.01686288656695,20.297971725463867,24.227140845575395,28.0504571125812,23.898108142546853,23.83729737481373,,38.77090416666667,22.553070833333333,2,2020,BASE+ALL
2021-01-01,26.70318195978229,23.430212020874023,27.889135512378033,43.58744520652695,30.402493674890323,30.231549177929786,,60.309133333333335,22.553070833333333,2,2020,BASE+ALL
2021-01-02,23.337562865811,20.869321823120117,28.187101985920016,14.380919698818571,21.693726593417427,21.780824648260438,,26.337475,22.553070833333333,2,2020,BASE+ALL
2021-01-03,23.164595822363324,21.435998916625977,29.779147269970306,21.034095648950984,23.853459414477648,23.89669312728074,,23.09808333333333,22.553070833333333,2,2020,BASE+ALL
2021-01-04,21.569822079537577,18.851045608520508,23.552317513977712,29.59570453854237,23.39222243514454,23.309401857366908,,17.849608333333332,22.553070833333333,2,2020,BASE+ALL
2021-01-05,20.90967641720423,16.984472274780273,19.38263573134759,25.87592718891469,20.788177903061698,20.7014644419039,,17.5477375,22.553070833333333,2,2020,BASE+ALL
2021-01-06,23.74672374956255,18.763240814208984,24.884487544232055,19.06368111267869,21.61453330517057,21.62021724935529,,30.809170833333337,22.553070833333333,2,2020,BASE+ALL
2021-01-07,24.052594023580017,16.816749572753906,23.983118272216114,13.274810782883645,19.53181816285842,19.565226545217964,,27.51125,22.553070833333333,2,2020,BASE+ALL
2021-01-08,25.404372193600334,18.546669006347656,25.284153786941054,17.43647754497433,21.667918132965845,21.679305954254957,,25.5779625,22.553070833333333,2,2020,BASE+ALL
2021-01-09,26.394708555654116,18.543848037719727,27.04227561238742,24.92180931740385,24.225660380791275,24.17540608677141,,32.44991666666667,22.553070833333333,2,2020,BASE+ALL
2021-01-10,23.08996488354324,16.76128387451172,19.922672088329225,16.91979343380277,19.173428570046738,19.155364033414415,,20.348441666666663,22.553070833333333,2,2020,BASE+ALL
2021-01-11,26.39613381354971,17.006868362426758,18.16874404166113,28.97981060573122,22.637889205842203,22.485984365489212,,10.909574999999998,22.553070833333333,2,2020,BASE+ALL
2021-01-12,53.225179087320114,41.610267639160156,61.1831976277319,65.4458203287651,55.36611617074432,55.205257336187074,,43.92912916666666,22.553070833333333,2,2020,BASE+ALL
2021-01-13,46.401541776306836,38.62860107421875,46.94992888280193,48.42253789250736,45.10065240645872,45.01944795845,,25.074729166666668,22.553070833333333,2,2020,BASE+ALL
2021-01-14,45.73304525381269,31.52472496032715,44.20029197582175,47.31996085446018,42.19450576110545,42.049800274359114,,26.31175,22.553070833333333,2,2020,BASE+ALL
2021-01-15,25.126542197993068,23.25613021850586,28.828637850261337,19.4798174042012,24.172781917740366,24.228815055541727,,5.7183625000000005,22.553070833333333,2,2020,BASE+ALL
2021-01-16,33.831680861322305,25.617033004760742,29.947038668055598,42.43242535772275,32.95704447296535,32.78741967489067,,20.941975,22.553070833333333,2,2020,BASE+ALL
2021-01-17,21.54593275355644,18.620500564575195,21.083078926961523,17.837751962473472,19.77181605189166,19.776986791295087,,4.809341666666667,22.553070833333333,2,2020,BASE+ALL
2021-01-18,18.056162189498053,16.902339935302734,17.412884774873284,23.564312843977632,18.983924935912924,18.921331754859306,,9.461854166666669,22.553070833333333,2,2020,BASE+ALL
2021-01-19,50.49690071920288,42.957393646240234,49.89028474117547,70.94904400950885,53.57340577903186,53.32367755307749,,76.78891666666667,22.553070833333333,2,2020,BASE+ALL
2021-01-20,64.83986236047019,73.84888458251953,66.54022505104905,71.38775718496436,69.15418229475078,69.1831509211602,,58.79160833333333,22.553070833333333,2,2020,BASE+ALL
2021-01-21,28.80616236948069,33.51961898803711,29.797985997292034,27.29967882477522,29.855861544896264,29.915427289551335,,14.741595833333331,22.553070833333333,2,2020,BASE+ALL
2021-01-22,21.44308810021395,24.01423454284668,20.714350413905294,24.07271599441917,22.56109726284627,22.55543087964046,,20.252079166666665,22.553070833333333,2,2020,BASE+ALL
2021-01-23,19.568240855420495,19.470260620117188,18.885785502966066,15.933719223571687,18.46450155051886,18.491908625510817,,31.27185833333333,22.553070833333333,2,2020,BASE+ALL
2021-01-24,32.991966305381254,26.57115364074707,34.31264521936782,33.690233982290145,31.891499786946575,31.83817547824926,,51.20019583333333,22.553070833333333,2,2020,BASE+ALL
2021-01-25,22.421535483680096,19.159894943237305,20.745972208483217,17.455262031743302,19.94566616678598,19.95196563448434,,26.544316666666663,22.553070833333333,2,2020,BASE+ALL
2021-01-26,18.09216975808606,17.104736328125,16.88174859931936,22.139404468570923,18.554514788525335,18.502967436869472,,15.083154166666668,22.553070833333333,2,2020,BASE+ALL
2021-01-27,16.609629825297986,16.625484466552734,16.978449586368974,22.97486689026894,18.29710769212216,18.24289165505749,,17.255129166666666,22.553070833333333,2,2020,BASE+ALL
2021-01-28,37.79717983641997,32.698097229003906,35.25226096304684,45.63024553962167,37.844445892023096,37.71621192996591,,30.3436625,22.553070833333333,2,2020,BASE+ALL
2021-01-29,40.44710615938671,34.48701858520508,39.428182826240935,39.99268954722399,38.58874927951418,38.53577393256826,,31.18671666666667,22.553070833333333,2,2020,BASE+ALL
2021-01-30,44.07496470426885,38.81480407714844,46.141678424457936,51.9688148746702,45.25006552013636,45.147174047706585,,61.12350833333333,22.553070833333333,2,2020,BASE+ALL
2021-01-31,37.42708500848757,29.613405227661133,41.274583256420826,32.79297874749147,35.27701306001525,35.27406808231635,,39.62515416666667,22.553070833333333,2,2020,BASE+ALL
2021-02-01,27.146091679082872,27.068567276000977,27.537264179518058,30.11494466850004,27.96671695077549,27.94199864208685,,34.01179166666667,22.553070833333333,2,2020,BASE+ALL
2021-02-02,48.7140720296333,43.345157623291016,53.11997810398222,49.96168144995982,48.78522230171659,48.7542554503252,,39.950495833333335,22.553070833333333,2,2020,BASE+ALL
2021-02-03,26.06006875865969,30.07819938659668,29.813258891075115,26.504956170080508,28.114120801602997,28.166730321087165,,19.1554125,22.553070833333333,2,2020,BASE+ALL
2021-02-04,21.309134577496312,23.6691837310791,23.67222131147405,18.817221515738275,21.86694028394693,21.923230570264238,,16.163349999999998,22.553070833333333,2,2020,BASE+ALL
2021-02-05,18.21504951875133,19.67457389831543,20.61126178696835,20.275915974463423,19.694200294624633,19.702547680929555,,16.209929166666665,22.553070833333333,2,2020,BASE+ALL
2021-02-06,26.307842617251307,23.20369529724121,25.278799690178868,20.877736466878662,23.917018517887513,23.93260650512491,,30.209233333333334,22.553070833333333,2,2020,BASE+ALL
2021-02-07,25.14802989140614,24.075658798217773,23.504887299529912,37.4479273913904,27.544125845136058,27.415999231546962,,18.386079166666665,22.553070833333333,2,2020,BASE+ALL
2021-02-08,29.364465416198176,26.447906494140625,24.08958766681465,44.41542781360202,31.079346847688868,30.889542234283873,,18.76095833333333,22.553070833333333,2,2020,BASE+ALL
2021-02-09,38.76372346368317,33.14344787597656,46.68130604059996,54.38040424039949,43.242220405164794,43.10224481782228,,64.8658875,22.553070833333333,2,2020,BASE+ALL
2021-02-10,29.677267093171345,28.910478591918945,34.45404891600084,41.1125939530132,33.538597138526086,33.45871285604192,,21.292879166666665,22.553070833333333,2,2020,BASE+ALL
2021-02-11,40.73597432331679,31.596437454223633,33.84165487298369,53.91901151421735,40.023269541185364,39.78724463348658,,39.60872916666667,22.553070833333333,2,2020,BASE+ALL
2021-02-12,46.86311595591406,37.798194885253906,39.638904167151,57.90432515996864,45.5511350420719,45.33282070874394,,27.9368125,22.553070833333333,2,2020,BASE+ALL
2021-02-13,42.48757886633892,30.82059097290039,33.07149073859441,39.846683584185726,36.55658604050487,36.42457001446222,,15.2385,22.553070833333333,2,2020,BASE+ALL
2021-02-14,48.99060372917366,42.025352478027344,45.24704141170184,44.31733188790056,45.14508237670085,45.10487110006571,,17.59102916666667,22.553070833333333,2,2020,BASE+ALL
2021-02-15,30.123247088357093,24.87816047668457,29.36888870342689,30.690709321759336,28.765251397556973,28.710881075139625,,8.812970833333333,22.553070833333333,2,2020,BASE+ALL
2021-02-16,36.41089871655935,26.286218643188477,31.19204328988301,42.95905855421112,34.21205480096049,34.036432706028236,,17.471820833333332,22.553070833333333,2,2020,BASE+ALL
2021-02-17,55.02364919153645,47.20646667480469,53.39663943390121,57.46809166902762,53.27371174231749,53.17550880048631,,44.20023750000001,22.553070833333333,2,2020,BASE+ALL
2021-02-18,40.329999163838075,36.077083587646484,36.47969928480353,40.06198357103593,38.237191401831005,38.18042841917641,,13.175395833333331,22.553070833333333,2,2020,BASE+ALL
2021-02-19,63.14200579447822,62.42734146118164,64.0516164653407,56.73508514844824,61.5890122173622,61.64517727204965,,35.62502083333333,22.553070833333333,2,2020,BASE+ALL
2021-02-20,61.70182664064072,59.66943359375,65.79495316374988,56.83250658765822,60.99967999644971,61.049734468482754,,54.9982625,22.553070833333333,2,2020,BASE+ALL
2021-02-21,30.76311779254579,36.82813262939453,32.716571149088836,18.837556796004225,29.786344591758343,29.955692601084273,,15.873404166666669,22.553070833333333,2,2020,BASE+ALL
2021-02-22,26.147578900905643,24.158639907836914,24.729905190084807,23.34172442345228,24.59446210556991,24.593986461005446,,12.772591666666663,22.553070833333333,2,2020,BASE+ALL
2021-02-23,50.72874074214864,40.1305046081543,53.14372875302441,40.22895701637561,46.05798277992574,46.074843342206705,,14.8908875,22.553070833333333,2,2020,BASE+ALL
2021-02-24,48.43008708607269,34.76288986206055,41.174709884352694,41.71034623634525,41.5195082672078,41.419378646196364,,25.21578333333333,22.553070833333333,2,2020,BASE+ALL
2021-02-25,24.674426982345917,22.238096237182617,23.332974392945378,21.81147986548848,23.014244369490598,23.010898940647657,,10.435729166666668,22.553070833333333,2,2020,BASE+ALL
2021-02-26,20.043783547675147,19.891345977783203,20.668576737142335,15.430077008991791,19.008445817898117,19.051810916166477,,16.937529166666668,22.553070833333333,2,2020,BASE+ALL
2021-02-27,19.25396381862059,18.912933349609375,19.0264962217812,16.968984448712394,18.54059445968089,18.55662604232467,,18.634879166666668,22.553070833333333,2,2020,BASE+ALL
2021-02-28,18.378483687527442,18.820322036743164,18.84993631364406,26.927501353001237,20.744060847728974,20.67470085262373,,16.236120833333334,22.553070833333333,2,2020,BASE+ALL
2021-03-01,19.300291167905723,18.875595092773438,20.501202096845653,33.56664497675187,23.06093333356917,22.937694570187684,,16.716391666666667,22.553070833333333,2,2020,BASE+ALL
2021-03-02,18.58447348430716,17.71169090270996,18.75677467610383,28.47651425756962,20.882363330172645,20.788060656402216,,12.135479166666668,22.553070833333333,2,2020,BASE+ALL
2021-03-03,17.996887040473343,17.277122497558594,17.75905830111641,21.30941478675266,18.58562065647525,18.548637577640445,,8.013208333333333,22.553070833333333,2,2020,BASE+ALL
2021-03-04,18.10111320736723,16.615896224975586,17.127328712859946,22.87102888939056,18.678841758648332,18.618016339431296,,12.272958333333332,22.553070833333333,2,2020,BASE+ALL
2021-03-05,18.828490699049766,17.787944793701172,18.253678960337947,31.891033972088582,21.690287106294367,21.561974569555353,,10.260470833333336,22.553070833333333,2,2020,BASE+ALL
2021-03-06,19.313825067109104,16.461994171142578,17.362541265898347,20.41870025064645,18.38926518869912,18.343520759011554,,17.395795833333334,22.553070833333333,2,2020,BASE+ALL
2021-03-07,19.76133565867451,14.748003959655762,16.1392724870416,15.88558874368565,16.633550212264378,16.60367257712685,,21.643941666666667,22.553070833333333,2,2020,BASE+ALL
2021-03-08,18.932962692148717,11.347586631774902,16.25908283067975,15.567615755173078,15.526811977444112,15.476002573703301,,12.2445625,22.553070833333333,2,2020,BASE+ALL
2021-03-09,19.302821415940347,10.86743450164795,16.469643633648474,20.674137761831524,16.828509328267074,16.727418576530216,,10.9480875,22.553070833333333,2,2020,BASE+ALL
2021-03-10,49.25032214862035,37.2757568359375,47.73148249888422,51.26684693614964,46.38110210489793,46.25177296494405,,28.1095,22.553070833333333,2,2020,BASE+ALL
2021-03-11,52.47854653205656,45.68813705444336,51.3025492637707,50.32765563528983,49.94922212139011,49.90328190286184,,21.074354166666662,22.553070833333333,2,2020,BASE+ALL
2021-03-12,48.841537253022594,47.29996109008789,50.34130527584835,42.26661344226254,47.187354265305345,47.24142579127709,,21.1106125,22.553070833333333,2,2020,BASE+ALL
2021-03-13,51.82332889078022,49.99908447265625,55.44447338675562,46.14110959827941,50.851999087117875,50.908263904095946,,32.84412083333333,22.553070833333333,2,2020,BASE+ALL
2021-03-14,44.322899925747656,41.72489929199219,46.49457772169751,36.10501035966169,42.16184682477476,42.22544426131825,,13.942420833333337,22.553070833333333,2,2020,BASE+ALL
2021-03-15,30.16711984666854,24.31243324279785,30.076864030818626,26.09775419882741,27.66354282977811,27.649064330098387,,5.932166666666667,22.553070833333333,2,2020,BASE+ALL
2021-03-16,21.181954784877032,19.180809020996094,23.11563982836391,23.883829951601143,21.840558396459546,21.810872894463955,,7.439204166666666,22.553070833333333,2,2020,BASE+ALL
2021-03-17,18.232270996152838,16.41211700439453,20.28817869772501,16.18232708384227,17.778723445528662,17.79351132745358,,10.449625,22.553070833333333,2,2020,BASE+ALL
2021-03-18,16.647370534725734,16.01363182067871,17.603378163108882,18.838060815489968,17.275610333500826,17.256383643332466,,6.758670833333333,22.553070833333333,2,2020,BASE+ALL
2021-03-19,17.011986022812213,17.2011775970459,18.438644519858176,24.86423899119871,19.379011782728746,19.319325045136836,,4.644891666666667,22.553070833333333,2,2020,BASE+ALL
2021-03-20,16.051859255294918,14.842880249023438,17.10544109790811,18.22608337518291,16.556565994352344,16.533141190302842,,6.378795833333334,22.553070833333333,2,2020,BASE+ALL
2021-03-21,15.926134044316456,12.078339576721191,16.45747679747944,19.729015490367694,16.047741477221194,15.984190075656649,,7.361966666666666,22.553070833333333,2,2020,BASE+ALL
2021-03-22,15.181701021726676,10.489766120910645,15.961914237378313,15.736043420266176,14.342356200070453,14.301905752070816,,11.633608333333331,22.553070833333333,2,2020,BASE+ALL
2021-03-23,14.938010487956793,10.04126262664795,15.226837263076755,22.61938762275234,15.70637450010846,15.597969571864523,,19.145275,22.553070833333333,2,2020,BASE+ALL
2021-03-24,13.467943473376579,9.495094299316406,11.62402182397194,18.91613859072437,13.375799546847325,13.282525022418792,,3.7025791666666654,22.553070833333333,2,2020,BASE+ALL
2021-03-25,15.887807231119387,11.004124641418457,11.548295714073916,28.42517658002612,16.716351041659472,16.537571061463787,,3.4684000000000004,22.553070833333333,2,2020,BASE+ALL
2021-03-26,26.778339103312177,20.720806121826172,19.53031755581272,40.60949958773858,26.90974059217241,26.692234983346715,,13.422641666666664,22.553070833333333,2,2020,BASE+ALL
2021-03-27,19.407161490027015,16.12989616394043,16.54486036334017,29.18406660400164,20.316496155327314,20.184707687136232,,6.704975,22.553070833333333,2,2020,BASE+ALL
2021-03-28,30.889901902187567,24.105356216430664,23.52247594468459,38.94204100535695,29.364943767164945,29.191838257304408,,7.945025,22.553070833333333,2,2020,BASE+ALL
2021-03-29,19.219662365040794,16.5113582611084,17.004436871756948,22.35706237973426,18.7731299694101,18.70900163742154,,9.643154166666667,22.553070833333333,2,2020,BASE+ALL
2021-03-30,17.718298517033283,16.648303985595703,18.027713928319255,21.77211153377737,18.541606991181403,18.498278990676333,,18.332066666666663,22.553070833333333,2,2020,BASE+ALL
2021-03-31,17.68695230626208,16.192928314208984,17.837222195501745,17.943696481617444,17.41519982439756,17.401026605965964,,21.255120833333333,22.553070833333333,2,2020,BASE+ALL
2021-04-01,17.625182373892464,17.45180320739746,19.257540777618548,32.273399354043256,21.65198142823793,21.530051583277768,,21.575579166666667,22.553070833333333,2,2020,BASE+ALL
2021-04-02,19.409706220574662,17.912918090820312,19.354241764668163,32.28924386377389,22.241527484959256,22.11400713871257,,13.773895833333334,22.553070833333333,2,2020,BASE+ALL
2021-04-03,18.34145766199605,16.872596740722656,18.186974270060496,25.506793581648687,19.72695556360697,19.64983858802953,,19.286258333333333,22.553070833333333,2,2020,BASE+ALL
2021-04-04,17.45956442810335,14.63652515411377,16.517293794562313,16.980499928296943,16.398470826269094,16.37300470905698,,27.353325,22.553070833333333,2,2020,BASE+ALL
2021-04-05,20.303805678378723,13.88197135925293,18.19192272346009,27.80472092108704,20.045605170544697,19.91156487654973,,15.328958333333333,22.553070833333333,2,2020,BASE+ALL
2021-04-06,18.494052572071467,10.858536720275879,15.875706587016786,22.70188209932168,16.98254449467145,16.864374454036792,,16.000783333333334,22.553070833333333,2,2020,BASE+ALL
2021-04-07,16.635014796064343,9.5567045211792,15.991758726732584,17.414137142037887,14.899403796503503,14.828127306960285,,14.8461,22.553070833333333,2,2020,BASE+ALL
2021-04-08,14.942030250982116,8.759038925170898,14.932862521508254,19.60391600041608,14.559461924519336,14.4651089051272,,9.4357875,22.553070833333333,2,2020,BASE+ALL
2021-04-09,13.337778189525148,7.636975288391113,11.685488107904135,17.281889812310858,12.485532849532813,12.391966865154698,,10.033291666666669,22.553070833333333,2,2020,BASE+ALL
2021-04-10,13.434700369163245,9.42170238494873,12.936515395126728,21.03996122248252,14.208219842930305,14.103399148345233,,11.089279166666666,22.553070833333333,2,2020,BASE+ALL
2021-04-11,12.532539811035699,8.722195625305176,10.927565006982885,18.23859607814429,12.605224130367011,12.512462136923364,,12.85245,22.553070833333333,2,2020,BASE+ALL
2021-04-12,12.517883666772162,7.734647274017334,9.64221990915904,19.07035423577956,12.241276271432024,12.125162649097552,,10.044420833333334,22.553070833333333,2,2020,BASE+ALL
2021-04-13,12.79075424575718,7.027437210083008,9.54551892210943,14.155259967170734,10.879742586280088,10.799135919061325,,9.931770833333331,22.553070833333333,2,2020,BASE+ALL
2021-04-14,12.662519424755356,8.170875549316406,10.013198125815395,15.469318643044268,11.578977935732857,11.49996341113029,,16.979079166666665,22.553070833333333,2,2020,BASE+ALL
2021-04-15,12.875555653626984,8.973917961120605,10.343596030335998,20.86960461801173,13.26566856577383,13.146325512708941,,8.909516666666667,22.553070833333333,2,2020,BASE+ALL
2021-04-16,13.089189482553003,9.233342170715332,10.343596030335998,17.871332868231335,12.634365137958916,12.542677013578539,,15.233416666666669,22.553070833333333,2,2020,BASE+ALL
2021-04-17,11.98222702722646,8.447664260864258,9.015307440683975,16.73595468010117,11.545288352218964,11.455292856690319,,8.139991666666667,22.553070833333333,2,2020,BASE+ALL
2021-04-18,11.28938315499618,7.321444511413574,8.473773396790595,14.502265989282977,10.396716763120832,10.317592963486826,,13.403037500000002,22.553070833333333,2,2020,BASE+ALL
2021-04-19,12.014428155604131,8.646584510803223,8.381519410108181,16.229064489752123,11.317899141566915,11.230180965278645,,8.364483333333334,22.553070833333333,2,2020,BASE+ALL
2021-04-20,12.21341915314808,9.375204086303711,8.517432975272015,16.837449789869304,11.735876501148278,11.648680422749326,,38.095983333333336,22.553070833333333,2,2020,BASE+ALL
2021-04-21,12.902744454687804,10.362756729125977,8.770484062781154,25.773738978227136,14.452431056205517,14.29196327639939,,32.805575,22.553070833333333,2,2020,BASE+ALL
2021-04-22,13.947821140234922,11.793633460998535,9.496303743281302,29.8145925843592,16.26308773221849,16.077426728093116,,12.9960375,22.553070833333333,2,2020,BASE+ALL
2021-04-23,14.575931323110858,12.656259536743164,10.962855399423862,30.47205342593437,17.166774921303066,16.987815716884644,,14.042504166666667,22.553070833333333,2,2020,BASE+ALL
2021-04-24,14.687930412233255,13.876365661621094,11.321461018038226,32.786749865357855,18.16812673931261,17.980542143796427,,15.025875,22.553070833333333,2,2020,BASE+ALL
2021-04-25,15.242581997128939,15.2546968460083,12.731933914766396,38.23564644833213,20.36621480155894,20.147268204412427,,17.271583333333332,22.553070833333333,2,2020,BASE+ALL
2021-04-26,13.879627023176177,12.390807151794434,11.864185835186738,28.14044812018172,16.568767032584766,16.417461361855963,,18.1078,22.553070833333333,2,2020,BASE+ALL
2021-04-27,12.165048527393594,9.865764617919922,9.820497021301472,16.262549515440174,12.028464920513791,11.958544267118526,,16.569445833333333,22.553070833333333,2,2020,BASE+ALL
2021-04-28,13.50012945132717,11.682662010192871,11.59986238596547,23.119296314958383,14.975487540610972,14.863275250428288,,16.198620833333333,22.553070833333333,2,2020,BASE+ALL
2021-04-29,13.129078123314143,9.459041595458984,9.723796034251862,14.240927932607862,11.638210921408213,11.576809964693606,,17.823329166666667,22.553070833333333,2,2020,BASE+ALL
2021-04-30,14.02836603955027,11.966111183166504,11.622143146481806,16.82313440625917,13.609938693864438,13.55325126692426,,22.631454166666668,22.553070833333333,2,2020,BASE+ALL
2021-05-01,13.953457739728204,10.9205961227417,10.615151273020592,16.951413675733377,13.110154702805968,13.037849484049843,,14.546916666666666,22.553070833333333,2,2020,BASE+ALL
2021-05-02,12.375891472967785,8.62452507019043,9.218543874096275,15.764159984837251,11.495780100522936,11.41493131450235,,11.920441666666669,22.553070833333333,2,2020,BASE+ALL
2021-05-03,37.455945056436626,32.96601867675781,30.42377638298569,48.461592654893,37.326833192768284,37.14910863860001,,25.165025,22.553070833333333,2,2020,BASE+ALL
2021-05-04,33.71011992641464,35.96759796142578,34.04123793269251,35.51763226398661,34.80914702112989,34.81436375125563,,21.151645833333333,22.553070833333333,2,2020,BASE+ALL
2021-05-05,18.35103743825623,20.24384880065918,19.030624584072704,22.86273032184166,20.122060286207443,20.102200444746423,,12.504779166666667,22.553070833333333,2,2020,BASE+ALL
2021-05-06,17.249051102327755,15.076276779174805,15.407525489728615,17.227219970983555,16.240018335553682,16.210738651758838,,9.411433333333331,22.553070833333333,2,2020,BASE+ALL
2021-05-07,16.742073441645,11.443108558654785,12.45054280541657,18.58233189733962,14.804514175763995,14.717469808211565,,7.904050000000001,22.553070833333333,2,2020,BASE+ALL
2021-05-08,35.7229583489909,27.0217227935791,30.36870956342061,42.04088212885597,33.788568208711645,33.626368040812125,,18.8148875,22.553070833333333,2,2020,BASE+ALL
2021-05-09,25.824642424685543,20.007749557495117,21.84752731977724,35.9705308436412,25.912612536399774,25.749230774191425,,20.189008333333334,22.553070833333333,2,2020,BASE+ALL
2021-05-10,23.702370417101196,17.880765914916992,20.02317468881861,30.79809637694244,23.10110184944481,22.96653037958712,,9.129820833333332,22.553070833333333,2,2020,BASE+ALL
2021-05-11,21.050524044629352,16.418441772460938,17.582100726860197,20.516627300087585,18.89192346100952,18.836535471166247,,10.721875,22.553070833333333,2,2020,BASE+ALL
2021-05-12,22.78190084275886,20.976633071899414,19.909046522856414,18.469306478805212,20.534221729079974,20.540097365580095,,12.062816666666668,22.553070833333333,2,2020,BASE+ALL
2021-05-13,50.391164179084605,59.818084716796875,69.73634964818564,91.9297685006124,67.96884176116987,67.79492335679029,,164.719425,22.553070833333333,2,2020,BASE+ALL
2021-05-14,25.427935933838704,32.16414260864258,30.264363393854318,24.35925908994116,28.05392525656919,28.14963344174842,,13.452966666666669,22.553070833333333,2,2020,BASE+ALL
2021-05-15,18.60127175319172,23.224721908569336,22.00333873657598,16.84210765229055,20.1678600126569,20.24314736562641,,7.6128,22.553070833333333,2,2020,BASE+ALL
2021-05-16,29.15608877213472,26.12642478942871,30.613347311659673,18.137901690949004,26.00844064104303,26.088992543716746,,10.0692625,22.553070833333333,2,2020,BASE+ALL
2021-05-17,23.482638093583212,26.12642478942871,25.454856484276153,17.9768611216818,23.26019512224247,23.343369410488364,,7.702720833333333,22.553070833333333,2,2020,BASE+ALL
2021-05-18,22.505883822595088,21.85054588317871,28.63486893316836,32.136181447794456,26.281870021684153,26.226963434818494,,4.011370833333333,22.553070833333333,2,2020,BASE+ALL
2021-05-19,17.799463674880464,19.50147247314453,21.914719747574644,22.36148516781958,20.394285265854805,20.39265511180814,,10.983020833333333,22.553070833333333,2,2020,BASE+ALL
2021-05-20,43.56771976060606,36.93471908569336,39.333876338381465,42.09686727607357,40.48329561518861,40.41458678039426,,29.695412500000003,22.553070833333333,2,2020,BASE+ALL
2021-05-21,59.924455751564416,75.23641967773438,78.70687830527892,75.23248370327572,72.27505935946336,72.38112315755126,,72.99584583333333,22.553070833333333,2,2020,BASE+ALL
2021-05-22,37.892721036623676,38.32048034667969,38.81110794041813,32.63510138541684,36.914852677284586,36.970635623975774,,28.697670833333333,22.553070833333333,2,2020,BASE+ALL
2021-05-23,36.41132031052662,32.00425720214844,36.23589372179408,34.58056625783971,34.80800937307721,34.78552984679986,,17.7047875,22.553070833333333,2,2020,BASE+ALL
2021-05-24,33.0113354991847,27.17941665649414,27.27022765604543,32.416984994860975,29.969491201646314,29.890941285615884,,28.337516666666662,22.553070833333333,2,2020,BASE+ALL
2021-05-25,26.409472918989966,27.6478328704834,27.607308620584757,24.45812083141093,26.530683810367265,26.56568917467945,,8.430633333333335,22.553070833333333,2,2020,BASE+ALL
2021-05-26,16.33720894641446,20.969322204589844,20.923295217056598,19.006593231753754,19.309104899953667,19.352133905500935,,8.444954166666667,22.553070833333333,2,2020,BASE+ALL
2021-05-27,15.29068518448514,19.120912551879883,18.014911637580713,16.310297093067923,17.184201616753413,17.224016888725632,,16.144829166666668,22.553070833333333,2,2020,BASE+ALL
2021-05-28,14.166013278753669,18.493093490600586,17.805880507166094,17.59841290980878,17.01585004658228,17.043899614000495,,12.707604166666668,22.553070833333333,2,2020,BASE+ALL
2021-05-29,14.23096173284582,16.615283966064453,16.844204024874617,18.214240544454288,16.476172567059795,16.476640839694202,,8.6013,22.553070833333333,2,2020,BASE+ALL
2021-05-30,13.7572141941258,16.423376083374023,16.812582230296695,18.78033427280152,16.44337669514951,16.439634399305262,,7.612583333333333,22.553070833333333,2,2020,BASE+ALL
2021-05-31,13.49637228465121,15.352999687194824,17.162334304855445,19.5748060948573,16.396628092889692,16.380197040230282,,11.492020833333331,22.553070833333333,2,2020,BASE+ALL
2021-06-01,14.458307202616046,13.264667510986328,17.96412095148601,23.4760377712252,17.290783359078397,17.22120593085132,,16.8966625,22.553070833333333,2,2020,BASE+ALL
2021-06-02,13.843185051627716,12.597947120666504,17.259134167262918,19.431810488947903,15.783019207126259,15.742924204887037,,7.898958333333333,22.553070833333333,2,2020,BASE+ALL
2021-06-03,11.909438271072275,10.65146541595459,15.382048780180655,18.172687462343752,14.028909982387818,13.98304940742799,,7.103666666666666,22.553070833333333,2,2020,BASE+ALL
2021-06-04,11.038443849387487,9.092447280883789,11.860982762086802,14.87671969428085,11.717148396659733,11.671273706568911,,11.989566666666668,22.553070833333333,2,2020,BASE+ALL
2021-06-05,10.84448856288004,9.15638542175293,10.608980403233813,19.12874572609364,12.434650028490106,12.345240975600579,,9.257470833333334,22.553070833333333,2,2020,BASE+ALL
2021-06-06,10.205471305539923,8.770374298095703,10.489393397424461,17.31446426135622,11.694925815604076,11.621189597565504,,5.762920833333333,22.553070833333333,2,2020,BASE+ALL
2021-06-07,10.009212025786159,7.834880352020264,9.56889785958147,17.031967242211266,11.11123936989979,11.027663845981586,,10.441816666666666,22.553070833333333,2,2020,BASE+ALL
2021-06-08,9.77384876560104,7.4594621658325195,8.99669767424154,14.255810455573933,10.121454765312258,10.057255622134601,,21.378612500000003,22.553070833333333,2,2020,BASE+ALL
2021-06-09,10.20511940730187,7.169299125671387,7.867042175827268,20.173915353713028,11.35384401562839,11.2255156433268,,22.958129166666662,22.553070833333333,2,2020,BASE+ALL
2021-06-10,10.054737632559979,6.60560417175293,7.452948565103622,20.424697671697817,11.134497010278587,10.997511042251515,,13.143691666666667,22.553070833333333,2,2020,BASE+ALL
2021-06-11,10.877333265334798,7.052207946777344,6.695377205649549,23.58095204171292,12.051467614868653,11.8811983388083,,4.769770833333333,22.553070833333333,2,2020,BASE+ALL
2021-06-12,9.632962483258963,6.626860618591309,6.272158105517584,19.192274946014177,10.431064038345507,10.300581108450437,,9.9451,22.553070833333333,2,2020,BASE+ALL
2021-06-13,9.92815417828472,9.484777450561523,7.616903830078861,17.53179617561024,11.140407908633836,11.055422016152429,,12.6893625,22.553070833333333,2,2020,BASE+ALL
2021-06-14,10.094503233773782,8.258651733398438,7.04062023534284,21.67400107570409,11.766944069554787,11.630344865233576,,8.911583333333335,22.553070833333333,2,2020,BASE+ALL
2021-06-15,9.724258375059774,8.136521339416504,6.6597413586290735,15.47452023425106,9.998760326839104,9.91599229937704,,8.180629166666668,22.553070833333333,2,2020,BASE+ALL
2021-06-16,9.37565823991571,7.169299125671387,6.420682255794748,17.190703264141426,10.039085721380818,9.933334904260704,,18.50520833333333,22.553070833333333,2,2020,BASE+ALL
2021-06-17,10.903598815947916,7.94425106048584,7.401561532934754,25.822867226711992,13.018069659020124,12.83954824920658,,8.492308333333334,22.553070833333333,2,2020,BASE+ALL
2021-06-18,9.923375956495342,7.4362359046936035,6.52640855287343,18.199974399543056,10.521498703401358,10.406633906917932,,7.429179166666667,22.553070833333333,2,2020,BASE+ALL
2021-06-19,12.026715509033687,10.64741325378418,10.267100623182134,22.441179718801926,13.845602276200482,13.73090657403894,,21.811291666666666,22.553070833333333,2,2020,BASE+ALL
2021-06-20,12.547646119070896,12.279214859008789,11.654165040496055,19.37439193554,13.963854488528934,13.895645859491884,,12.778966666666667,22.553070833333333,2,2020,BASE+ALL
2021-06-21,12.300594733738055,11.549739837646484,10.770278253895722,19.75319990881093,13.593453183522797,13.511794515286642,,11.835058333333334,22.553070833333333,2,2020,BASE+ALL
2021-06-22,11.48534586708309,10.726885795593262,9.904391746102931,18.20851229658519,12.581283926341118,12.505739261156101,,14.961354166666666,22.553070833333333,2,2020,BASE+ALL
2021-06-23,10.61037681101725,8.99595832824707,8.783932172988042,19.948543120846217,12.084702608274645,11.9771594287894,,16.495820833333333,22.553070833333333,2,2020,BASE+ALL
2021-06-24,10.749207235063025,7.9289679527282715,6.971860601059926,20.982619196366528,11.658163746304439,11.52082167846404,,16.3603625,22.553070833333333,2,2020,BASE+ALL
2021-06-25,13.144226384392297,9.892439842224121,7.639318793981289,28.01777826146082,14.673440820514632,14.480984247763207,,21.3569875,22.553070833333333,2,2020,BASE+ALL
2021-06-26,11.869922683181157,10.810541152954102,8.694690362878635,19.13751008584218,12.628166071214018,12.535787737094921,,41.331316666666666,22.553070833333333,2,2020,BASE+ALL
2021-06-27,17.86814711561202,18.055770874023438,15.08782710976798,20.997266717169136,18.00225295414314,17.959632214325115,,54.81077916666666,22.553070833333333,2,2020,BASE+ALL
2021-06-28,19.99712833197057,19.695035934448242,11.942101238447506,17.05204841019885,17.171578478766293,17.147535372114646,,44.7285875,22.553070833333333,2,2020,BASE+ALL
2021-06-29,18.310942739247437,14.920876502990723,10.353011416370482,14.359175535272488,14.48600154847028,14.445055744803552,,43.28555833333333,22.553070833333333,2,2020,BASE+ALL
2021-06-30,17.72012356786337,11.94398021697998,11.17628929693498,18.23073373900479,14.76778170519578,14.675150323291692,,38.260895833333336,22.553070833333333,2,2020,BASE+ALL
2021-07-01,18.187918250526465,9.782225608825684,10.437745728395662,20.213510925587883,14.655350128333923,14.51963714862659,,43.04185833333333,22.553070833333333,2,2020,BASE+ALL
2021-07-02,18.531684384863194,9.931546211242676,9.18667807840971,16.409353241718605,13.514815479058546,13.404850756921574,,40.7223,22.553070833333333,2,2020,BASE+ALL
2021-07-03,18.967369272455656,10.884037971496582,9.656030045476612,22.890421624035937,15.599464728366197,15.44042914749851,,38.45192083333333,22.553070833333333,2,2020,BASE+ALL
2021-07-04,24.70844851606184,16.397924423217773,15.945839133432239,21.133726992868244,19.54648476639502,19.455339519044564,,44.769312500000005,22.553070833333333,2,2020,BASE+ALL
2021-07-05,21.257972025406875,14.891885757446289,15.983555779515923,23.42307379497862,18.889121839336926,18.784253236656298,,43.83465416666667,22.553070833333333,2,2020,BASE+ALL
2021-07-06,23.872347415647795,12.6629638671875,16.739781052012418,32.33846249385619,21.403388707175978,21.190140684582424,,41.44211666666667,22.553070833333333,2,2020,BASE+ALL
2021-07-07,20.542923517744974,11.628469467163086,16.811358888691846,28.076601836406063,19.264838427501495,19.09960869344642,,43.9282,22.553070833333333,2,2020,BASE+ALL
2021-07-08,19.444674459103183,9.782225608825684,14.356375887393048,18.5854338800183,15.542177458835054,15.437069120528964,,16.407470833333335,22.553070833333333,2,2020,BASE+ALL
2021-07-09,18.374357787698663,9.517003059387207,11.553975486941649,17.02353862500651,14.117218739758506,14.013125080848505,,17.6160375,22.553070833333333,2,2020,BASE+ALL
2021-07-10,20.32598605983952,15.801719665527344,15.259604251871115,16.7285925050034,17.028975620560345,16.9922720744449,,18.597525,22.553070833333333,2,2020,BASE+ALL
2021-07-11,22.81078057256527,19.55319595336914,17.38651551743491,19.08900976198237,19.709875451337922,19.682997385198433,,20.38994583333333,22.553070833333333,2,2020,BASE+ALL
2021-07-12,26.007783433328513,20.451034545898438,19.226144310613453,18.83888144590245,21.13096093393571,21.10700511081763,,9.501666666666669,22.553070833333333,2,2020,BASE+ALL
2021-07-13,20.333798595635326,16.816734313964844,16.92774116357295,26.564053551562708,20.160581906183957,20.05502672765546,,6.884037500000001,22.553070833333333,2,2020,BASE+ALL
2021-07-14,17.02031993992371,14.494603157043457,15.717958011218899,22.70665805984664,17.484884792008174,17.405076622736303,,7.561274999999999,22.553070833333333,2,2020,BASE+ALL
2021-07-15,16.15531137763136,10.375518798828125,15.217301084451805,18.15235038550035,14.97512041160291,14.902393554279405,,16.159929166666668,22.553070833333333,2,2020,BASE+ALL
2021-07-16,16.292399319015637,11.289361953735352,11.77737126911034,13.35281766636813,13.177987552057365,13.134605074078113,,4.641925,22.553070833333333,2,2020,BASE+ALL
2021-07-17,17.02555512691621,12.931562423706055,12.820589516778929,12.658451559169444,13.85903965664266,13.83794514283495,,53.179575,22.553070833333333,2,2020,BASE+ALL
2021-07-18,17.73094820635028,11.877226829528809,12.661607802202239,14.01490413337997,14.071171742865324,14.024131095984481,,6.879116666666666,22.553070833333333,2,2020,BASE+ALL
2021-07-19,17.82972354066301,12.435945510864258,13.18152867750873,13.444332493455056,14.222882555622764,14.188210870181905,,56.16794166666667,22.553070833333333,2,2020,BASE+ALL
2021-07-20,17.035812469204448,9.604072570800781,12.032903059767381,11.803167265375272,12.61898884128697,12.572310504904298,,18.4514375,22.553070833333333,2,2020,BASE+ALL
2021-07-21,16.895132631711153,8.563014030456543,11.367472292997292,12.481013976079836,12.326658232811205,12.261905695163348,,22.233929166666663,22.553070833333333,2,2020,BASE+ALL
2021-07-22,17.440824623380554,9.238804817199707,11.606325618338836,17.37265049985891,13.914651389694502,13.810600230351273,,30.45615833333333,22.553070833333333,2,2020,BASE+ALL
2021-07-23,17.64026955449912,9.99102783203125,12.062613139260275,22.40869677943427,15.525651826306227,15.384892384661072,,7.6838375,22.553070833333333,2,2020,BASE+ALL
2021-07-24,19.03555810103241,11.467228889465332,12.440470115239712,17.810104781355584,15.18834047177326,15.095492675523545,,11.009066666666667,22.553070833333333,2,2020,BASE+ALL
2021-07-25,17.8025126071739,6.940430641174316,10.10658109799484,16.086181979133155,12.733926581369051,12.610753304674953,,5.981016666666666,22.553070833333333,2,2020,BASE+ALL
2021-07-26,17.037300506633127,5.785001754760742,9.690914256536253,19.132798689975942,12.911503801976515,12.753204332919992,,1.9160666666666664,22.553070833333333,2,2020,BASE+ALL
2021-07-27,16.484515948554918,4.661904811859131,9.506873310023762,18.05284581699429,12.176534971858025,12.020218207463275,,7.422474999999999,22.553070833333333,2,2020,BASE+ALL
2021-07-28,21.679548424653326,8.357632637023926,12.958504798514857,31.567916234240776,18.640900523608224,18.387558604583973,,4.7065375,22.553070833333333,2,2020,BASE+ALL
2021-07-29,17.48748328624549,7.897446155548096,10.67056415647118,24.336285723209823,15.097944830368647,14.914779959378201,,8.640966666666667,22.553070833333333,2,2020,BASE+ALL
2021-07-30,38.381808312097846,22.357505798339844,24.460219734132867,44.80055421853129,32.50002201577546,32.2236347437848,,20.707941666666667,22.553070833333333,2,2020,BASE+ALL
2021-07-31,20.085581418100436,16.363582611083984,16.486306051834752,23.63632435572007,19.14294860918481,19.058295740211676,,6.778404166666667,22.553070833333333,2,2020,BASE+ALL
2021-08-01,16.944665684767106,12.749198913574219,13.702364067986407,19.526656514950574,15.730721295319576,15.652731910106002,,4.307520833333333,22.553070833333333,2,2020,BASE+ALL
2021-08-02,19.24502963264638,11.503555297851562,12.023077788162487,15.44811247784562,14.554943799126512,14.479747281651578,,9.362404166666666,22.553070833333333,2,2020,BASE+ALL
2021-08-03,16.189981777392056,9.48060131072998,10.240260485931879,11.884212882797264,11.948764114212794,11.894436795689169,,13.013091666666666,22.553070833333333,2,2020,BASE+ALL
2021-08-04,15.995367122425868,9.189542770385742,9.81357888391835,14.009912069726608,12.252100211614142,12.174968525565717,,8.094108333333333,22.553070833333333,2,2020,BASE+ALL
2021-08-05,18.435988604817172,13.062413215637207,13.774546074007027,30.508191225828845,18.945284780072562,18.764542105198096,,5.889545833333333,22.553070833333333,2,2020,BASE+ALL
2021-08-06,25.028858480257394,16.250391006469727,16.217164195393565,35.10641126928608,23.150706237851693,22.934017106472144,,5.8754333333333335,22.553070833333333,2,2020,BASE+ALL
2021-08-07,27.360433550169205,22.64904022216797,24.340404477933767,33.79897528594868,27.0372133840549,26.92187284035583,,8.837695833333333,22.553070833333333,2,2020,BASE+ALL
2021-08-08,24.66748778190672,21.768613815307617,20.351563891040776,31.959708307897102,24.68684344903805,24.571766747820345,,4.683283333333334,22.553070833333333,2,2020,BASE+ALL
2021-08-09,23.17286987648398,25.42844009399414,24.78162075019862,24.33122096850069,24.428537922294357,24.447056115400407,,6.4432875,22.553070833333333,2,2020,BASE+ALL
2021-08-10,18.810863242062595,19.470476150512695,19.14548867028734,19.44060044838532,19.216857127811988,19.21888519805396,,4.222625,22.553070833333333,2,2020,BASE+ALL
2021-08-11,18.424310446069914,18.434534072875977,17.845587731301084,25.06431096980689,19.942185805013466,19.87988020045303,,4.787504166666666,22.553070833333333,2,2020,BASE+ALL
2021-08-12,16.809338306073798,17.56174087524414,17.436623997295076,21.22241409080413,18.257529317354283,18.228480051256067,,6.130441666666667,22.553070833333333,2,2020,BASE+ALL
2021-08-13,17.705260949849798,19.874961853027344,17.93867592360792,26.216149568085605,20.43376207364267,20.378115358649872,,7.821379166666666,22.553070833333333,2,2020,BASE+ALL
2021-08-14,18.040107010101917,19.397335052490234,19.499646565027437,22.073782888674167,19.752717879073437,19.737132060487284,,18.229,22.553070833333333,2,2020,BASE+ALL
2021-08-15,18.00842647201718,17.787961959838867,17.91063685664491,26.95709877799865,20.166031016624903,20.08409068805807,,3.28755,22.553070833333333,2,2020,BASE+ALL
2021-08-16,20.10804835089855,19.814733505249023,19.11390021178817,29.36348744365391,22.100042377897413,22.00945575241284,,5.2881375,22.553070833333333,2,2020,BASE+ALL
2021-08-17,20.51917299600407,17.821870803833008,18.92439820445144,28.02931805226905,21.32369001413939,21.224487577061232,,3.825008333333333,22.553070833333333,2,2020,BASE+ALL
2021-08-18,18.745248911802012,17.800750732421875,18.35404164091392,24.60391339318322,19.875988669580256,19.813563247832832,,5.297833333333333,22.553070833333333,2,2020,BASE+ALL
2021-08-19,18.137060676319575,16.639495849609375,17.6969815946967,20.82225318066747,18.32394782532328,18.284686756924025,,5.922204166666667,22.553070833333333,2,2020,BASE+ALL
2021-08-20,18.507822798411095,18.17131996154785,19.772938409325405,19.73740051536277,19.04737042116178,19.04104973411342,,7.237120833333333,22.553070833333333,2,2020,BASE+ALL
2021-08-21,19.629308235477097,19.918140411376953,22.177644923929833,20.499618742452068,20.55617807830899,20.565983254746662,,5.671245833333334,22.553070833333333,2,2020,BASE+ALL
2021-08-22,18.01717467611843,19.46942710876465,22.208135817138437,22.87928778995429,20.643506347993952,20.6375218396364,,3.848075,22.553070833333333,2,2020,BASE+ALL
2021-08-23,18.202141874746044,17.520109176635742,18.678373718520046,15.160132568518115,17.39018933460499,17.41418682829954,,11.345070833333333,22.553070833333333,2,2020,BASE+ALL
2021-08-24,17.971749276790625,17.9601993560791,19.134307046526107,21.319762117012388,19.096504449102056,19.07354292247799,,10.6392625,22.553070833333333,2,2020,BASE+ALL
2021-08-25,18.691193157920914,17.891212463378906,18.811703157363596,16.965238152114253,18.089836732694415,18.099034114303393,,40.866025,22.553070833333333,2,2020,BASE+ALL
2021-08-26,18.619378867566155,17.637651443481445,18.64760284729113,14.290641890073124,17.29881876210296,17.32903198752041,,21.9414125,22.553070833333333,2,2020,BASE+ALL
2021-08-27,18.048874546050207,17.891212463378906,18.811703157363596,15.553406841113349,17.576299251976515,17.601622809134284,,12.575520833333334,22.553070833333333,2,2020,BASE+ALL
2021-08-28,17.712917860479976,17.520109176635742,17.027535623447193,14.345696119799074,16.651564695090496,16.675769236726637,,10.306220833333333,22.553070833333333,2,2020,BASE+ALL
2021-08-29,17.950400168537094,17.119558334350586,16.726515837727735,15.576420902686836,16.843223810825563,16.849965499810775,,12.776266666666666,22.553070833333333,2,2020,BASE+ALL
2021-08-30,18.310317881173347,17.60448455810547,17.33087211690457,18.67082484370953,17.97912484997323,17.964094999730335,,12.487191666666668,22.553070833333333,2,2020,BASE+ALL
2021-08-31,18.902650658922553,21.806411743164062,20.577169448664577,22.816549847427893,21.02569542454477,21.0256746461172,,7.162845833333333,22.553070833333333,2,2020,BASE+ALL
2021-09-01,18.980509354616213,27.112625122070312,24.811440555723614,23.120461945994748,23.506259244601225,23.57352843448526,,9.345570833333332,22.553070833333333,2,2020,BASE+ALL
2021-09-02,19.084828613210284,27.36731719970703,24.872647325355516,28.19554799311368,24.88008528284663,24.904238975773747,,6.299095833333333,22.553070833333333,2,2020,BASE+ALL
2021-09-03,19.03091597546575,25.91282844543457,23.931325056040876,17.423081915947783,21.574537848222242,21.676659184029795,,16.559995833333335,22.553070833333333,2,2020,BASE+ALL
2021-09-04,18.762493370719326,20.55616569519043,19.2163425434858,16.5256154137363,18.765154255782964,18.80304826492105,,12.272741666666668,22.553070833333333,2,2020,BASE+ALL
2021-09-05,19.123542253162224,18.693862915039062,17.297291145057937,17.434514164384076,18.137302619410825,18.137832219069942,,2.2511791666666667,22.553070833333333,2,2020,BASE+ALL
2021-09-06,19.268178227845336,19.109933853149414,18.00977279161423,14.511285509691833,17.724792595575202,17.75824771216598,,17.515783333333335,22.553070833333333,2,2020,BASE+ALL
2021-09-07,19.90925957468477,26.036142349243164,27.49210478792719,24.224379273928413,24.415471496445882,24.474386288372557,,5.8339791666666665,22.553070833333333,2,2020,BASE+ALL
2021-09-08,19.46215817689041,24.597721099853516,25.66422824123477,16.173275928727044,21.474345861676433,21.584151668116565,,6.4840125,22.553070833333333,2,2020,BASE+ALL
2021-09-09,23.47783834183581,27.42862892150879,22.91673396110738,15.37292081551886,22.29903050999271,22.40149496033406,,5.270683333333333,22.553070833333333,2,2020,BASE+ALL
2021-09-10,20.928478096123506,18.263015747070312,13.94341683172488,20.256403285955145,18.34782849021846,18.28970439308774,,-0.9349708333333332,22.553070833333333,2,2020,BASE+ALL
2021-09-11,20.424130017984144,17.047321319580078,10.156971080927569,16.517753990328867,16.036544102205163,15.981658242397828,,11.341770833333332,22.553070833333333,2,2020,BASE+ALL
2021-09-12,19.660383568133383,17.78972816467285,10.617062176184357,11.467324405690318,14.883624578670227,14.886929610445707,,22.756820833333336,22.553070833333333,2,2020,BASE+ALL
2021-09-13,21.312759176020048,20.097806930541992,11.868876520596867,17.06494181856582,17.586096111431182,17.55760379088348,,8.078379166666666,22.553070833333333,2,2020,BASE+ALL
2021-09-14,21.51070976279568,18.63710594177246,11.307022764594533,14.86537432789378,16.580053199264114,16.55417304985387,,7.79785,22.553070833333333,2,2020,BASE+ALL
2021-09-15,21.12407796613541,15.140377044677734,10.006200013145385,13.768804587750276,15.0098649029272,14.958279329049937,,4.921604166666667,22.553070833333333,2,2020,BASE+ALL
2021-09-16,20.8310037373297,16.86651611328125,12.24001644844643,13.179847338372138,15.779345909357378,15.762599383698435,,13.5035125,22.553070833333333,2,2020,BASE+ALL
2021-09-17,20.703013524671015,23.67418670654297,16.09812013905512,17.600606418558066,19.51898169720679,19.544732887566582,,6.9617,22.553070833333333,2,2020,BASE+ALL
2021-09-18,20.871934194404716,22.5927677154541,15.023334906925982,18.000920845585878,19.12223941559267,19.12788714506452,,4.566612500000001,22.553070833333333,2,2020,BASE+ALL
2021-09-19,19.618671392788517,19.907283782958984,10.5448779420145,16.543545413359624,16.653594632780404,16.62973779868691,,5.852579166666668,22.553070833333333,2,2020,BASE+ALL
2021-09-20,19.21190591379963,19.08896255493164,10.837049484658026,14.37584565546241,15.878440902212926,15.870834264847286,,7.053237499999999,22.553070833333333,2,2020,BASE+ALL
2021-09-21,19.539490124402924,18.22352409362793,11.64522495061214,12.842402590081624,15.562660439681155,15.56421687966304,,15.3197,22.553070833333333,2,2020,BASE+ALL
2021-09-22,19.640315970906894,18.22352409362793,9.899858251203371,12.791158672960163,15.13871424717459,15.129845473710795,,4.5749208333333335,22.553070833333333,2,2020,BASE+ALL
2021-09-23,19.84330669241466,17.972030639648438,9.397761908138168,19.10593645267661,16.579758923219465,16.508553282315603,,4.407745833333333,22.553070833333333,2,2020,BASE+ALL
2021-09-24,19.592552639548106,17.917631149291992,9.853059737778858,16.546005819246506,15.977312336466365,15.932468704048258,,2.0895166666666665,22.553070833333333,2,2020,BASE+ALL
2021-09-25,20.10750703395112,20.38300323486328,12.088711712116465,16.43525096592626,17.25361823671428,17.241188830735364,,16.675866666666668,22.553070833333333,2,2020,BASE+ALL
2021-09-26,20.30235508074956,16.73862648010254,7.612142457897629,22.179354263599752,16.70811957058737,16.585947304922584,,27.4901,22.553070833333333,2,2020,BASE+ALL
2021-09-27,31.557600013825407,29.995264053344727,24.326171158095736,37.18540435982964,30.766109896273875,30.6600152520855,,31.1896625,22.553070833333333,2,2020,BASE+ALL
2021-09-28,39.92396912795842,35.45170211791992,37.37245224720848,40.9767445275378,38.43121700515616,38.36852447579381,,26.588975,22.553070833333333,2,2020,BASE+ALL
2021-09-29,22.472383847654598,24.076688766479492,19.98583053960168,17.61877478247881,21.038419484053644,21.080552203544023,,-4.317933333333333,22.553070833333333,2,2020,BASE+ALL
2021-09-30,36.84911861908304,31.779464721679688,34.49577839791768,47.10312309326525,37.55687120798642,37.40852028448603,,43.42125833333333,22.553070833333333,2,2020,BASE+ALL
2021-10-01,26.180405740627915,26.879985809326172,22.429288333300953,24.598507602332973,25.022046871397002,25.019907446075973,,-3.0703541666666667,22.553070833333333,2,2020,BASE+ALL
2021-10-02,27.416903483813545,26.14628028869629,25.197666330164736,26.6967008108535,26.364387728382017,26.346795622273767,,2.6540375,22.553070833333333,2,2020,BASE+ALL
2021-10-03,25.801587688132248,25.077159881591797,21.448742471572487,24.84769701003325,24.293796762832443,24.27034056624129,,-1.5979208333333332,22.553070833333333,2,2020,BASE+ALL
2021-10-04,34.350349803675535,32.47922897338867,32.80501404053405,31.69889702593281,32.833372460882764,32.831778809896804,,10.094870833333331,22.553070833333333,2,2020,BASE+ALL
2021-10-05,34.563033423662645,29.032222747802734,27.300743507946432,28.718682729851476,29.903670602315824,29.86533165636647,,-1.616775,22.553070833333333,2,2020,BASE+ALL
2021-10-06,22.165142278553944,25.243419647216797,20.28848712359024,20.25595128773071,21.988250084272924,22.02044738326754,,-0.8278541666666669,22.553070833333333,2,2020,BASE+ALL
2021-10-07,20.299329454205,24.10719108581543,16.79995881619333,18.441711424929203,19.912047695285743,19.94043627718731,,133.24047083333332,22.553070833333333,2,2020,BASE+ALL
2021-10-08,20.22701699528207,20.589431762695312,14.460019461217112,16.928282579130553,18.051187699581263,18.049495360863226,,2.965195833333333,22.553070833333333,2,2020,BASE+ALL
2021-10-09,19.138616352000366,18.711355209350586,13.753247458042816,15.058747136517828,16.6654915389779,16.666236995689406,,22.864841666666667,22.553070833333333,2,2020,BASE+ALL
2021-10-10,18.04721116403244,15.669591903686523,8.504977850802067,15.936997161045124,14.53969451989154,14.481689512793725,,7.018987500000001,22.553070833333333,2,2020,BASE+ALL
2021-10-11,17.93153583503791,14.348383903503418,9.273817810805543,12.467452494256662,13.505297510900881,13.471994680833678,,13.6763875,22.553070833333333,2,2020,BASE+ALL
2021-10-12,18.113605121777265,8.031235694885254,7.043992592741613,14.684334517678703,11.968291981770708,11.847059741654231,,3.964208333333333,22.553070833333333,2,2020,BASE+ALL
2021-10-13,18.428303550814753,8.657153129577637,7.299341349015155,12.340302701764134,11.68127518279292,11.5859676609,,3.2402083333333334,22.553070833333333,2,2020,BASE+ALL
2021-10-14,18.417752003653085,8.916577339172363,7.267719554437232,13.483263069126806,12.02132799159737,11.917960807926967,,1.2616333333333332,22.553070833333333,2,2020,BASE+ALL
2021-10-15,18.458409777056335,8.5709867477417,7.586035293071363,15.314774586600551,12.482551601117487,12.36161620343416,,9.110266666666666,22.553070833333333,2,2020,BASE+ALL
2021-10-16,19.36255660756097,10.87826919555664,11.714904723333472,15.62283790684124,14.39464210832308,14.310066477600015,,9.826129166666666,22.553070833333333,2,2020,BASE+ALL
2021-10-17,19.668602379876027,14.909952163696289,11.598925493364705,14.794188741220074,15.242917194539274,15.197797043813807,,10.7785,22.553070833333333,2,2020,BASE+ALL
2021-10-18,20.10133550916055,14.589942932128906,11.083592295431053,20.208975067468685,16.4959614510473,16.3945501064019,,6.5326958333333325,22.553070833333333,2,2020,BASE+ALL
2021-10-19,31.452623997828457,22.77069854736328,22.081854219731767,34.55146897427101,27.714161434798626,27.55697368643863,,7.1475875,22.553070833333333,2,2020,BASE+ALL
2021-10-20,43.57641921059467,34.885284423828125,39.28398744006606,45.54437270297661,40.822515944366366,40.705312387684515,,28.22495,22.553070833333333,2,2020,BASE+ALL
2021-10-21,25.21070803617073,23.365453720092773,21.46871704455951,18.934451662111197,22.244832615733554,22.262668470537534,,9.1122375,22.553070833333333,2,2020,BASE+ALL
2021-10-22,19.778961686481818,20.61823844909668,17.75140595252933,16.782901786988127,18.732876968773986,18.75468063397681,,7.155670833333333,22.553070833333333,2,2020,BASE+ALL
2021-10-23,20.220734025158293,24.6013126373291,22.589539234976087,20.73993533260314,22.037880307516655,22.08474713954355,,5.334270833333334,22.553070833333333,2,2020,BASE+ALL
2021-10-24,20.054473538360398,23.83854866027832,21.483017561055306,23.298613418527587,22.1686632945554,22.18066788840224,,3.8625375,22.553070833333333,2,2020,BASE+ALL
2021-10-25,19.62345319778575,20.788625717163086,17.520767263367247,20.37012867017245,19.575743712122133,19.566650768925474,,4.155758333333334,22.553070833333333,2,2020,BASE+ALL
2021-10-26,19.997878941609255,22.240217208862305,18.29316739579348,25.1379709380672,21.41730862108306,21.38076382882629,,0.3517416666666667,22.553070833333333,2,2020,BASE+ALL
2021-10-27,21.466964828759224,26.217187881469727,19.891997332828375,29.20713752767744,24.19582189268369,24.158406606538808,,-0.8410500000000001,22.553070833333333,2,2020,BASE+ALL
2021-10-28,48.585442983390415,47.756996154785156,50.066237206063285,58.98690755574671,51.34889597499639,51.25818300593225,,46.822720833333335,22.553070833333333,2,2020,BASE+ALL
2021-10-29,52.972056540462575,50.63794708251953,51.963259883126184,54.90376631431498,52.61925745510581,52.57616993631882,,45.1945625,22.553070833333333,2,2020,BASE+ALL
2021-10-30,38.43919426317053,39.172489166259766,35.19807538539013,24.82092106814808,34.40766997074212,34.515732842617645,,7.3715875,22.553070833333333,2,2020,BASE+ALL
2021-10-31,63.68833882159877,64.40884399414062,74.37299198643557,60.21742548269489,65.67190007121746,65.7720495785101,,74.70457916666668,22.553070833333333,2,2020,BASE+ALL
2021-11-01,28.333380529033466,34.858909606933594,28.44365829849391,21.665274523348,28.325305739452244,28.441004754187404,,8.79905,22.553070833333333,2,2020,BASE+ALL
2021-11-02,20.30163856544816,22.362018585205078,22.94697687227665,15.37657156608327,20.24680139725329,20.323806157434653,,12.7688125,22.553070833333333,2,2020,BASE+ALL
2021-11-03,17.161302063352256,19.036182403564453,19.298764657778992,15.52812222801414,17.75609283817746,17.799272125942945,,10.568283333333332,22.553070833333333,2,2020,BASE+ALL
2021-11-04,16.719956679468535,16.462596893310547,17.52116504909882,17.01952396773519,16.930810647403273,16.93068450852327,,13.077220833333334,22.553070833333333,2,2020,BASE+ALL
2021-11-05,16.541893080408688,15.909960746765137,16.50454120609506,13.572750856299985,15.632286472392215,15.65302951018009,,7.711458333333334,22.553070833333333,2,2020,BASE+ALL
2021-11-06,19.704112269130654,20.117568969726562,18.190967936030646,27.69428578812358,21.42673374075286,21.350362851019998,,2.021,22.553070833333333,2,2020,BASE+ALL
2021-11-07,19.1849363408594,20.055036544799805,16.231928771059142,23.157900197524484,19.657450463560707,19.61215299627087,,-0.0679374999999999,22.553070833333333,2,2020,BASE+ALL
2021-11-08,18.587758360705827,15.676648139953613,15.72144854691089,16.544012409223136,16.632466864198367,16.608770369614806,,2.3590166666666668,22.553070833333333,2,2020,BASE+ALL
2021-11-09,19.26380022020542,17.883909225463867,16.14360582255133,19.52770666738447,18.204755483901273,18.1721626395035,,3.2251583333333333,22.553070833333333,2,2020,BASE+ALL
2021-11-10,20.37742175083924,17.735776901245117,16.14360582255133,17.77956884662494,18.009093330315157,17.984539683485085,,24.258291666666665,22.553070833333333,2,2020,BASE+ALL
2021-11-11,19.928346058891492,15.850179672241211,12.52034236022944,20.14237666616364,17.110311189381445,17.02973160696233,,9.694020833333331,22.553070833333333,2,2020,BASE+ALL
2021-11-12,27.67766224615493,21.856380462646484,17.80269478223373,32.87571509380087,25.053113146209,24.898773787129645,,5.801945833333334,22.553070833333333,2,2020,BASE+ALL
2021-11-13,21.26518473291058,21.045467376708984,16.015658663492893,27.69387530783972,21.505046520238047,21.415040384999728,,12.0197625,22.553070833333333,2,2020,BASE+ALL
2021-11-14,19.77717051066929,18.02446937561035,16.432816574234824,15.738950141450331,17.4933516504912,17.49445304625459,,10.187841666666666,22.553070833333333,2,2020,BASE+ALL
2021-11-15,18.990523300338904,16.651010513305664,16.43634506669091,15.71454380672126,16.948105671764186,16.942088114000782,,49.56771666666666,22.553070833333333,2,2020,BASE+ALL
2021-11-16,18.256042598087152,12.115166664123535,11.540060247875836,17.902249520526656,14.953379757653295,14.864287572259165,,9.465675,22.553070833333333,2,2020,BASE+ALL
2021-11-17,17.77241625924097,14.11475944519043,10.995868401528474,18.12245639092278,15.251375124220663,15.176917693275009,,10.122875,22.553070833333333,2,2020,BASE+ALL
2021-11-18,18.404780194228508,10.797361373901367,10.485013528496607,21.0351439586256,15.18057476381302,15.04531727082735,,5.630816666666667,22.553070833333333,2,2020,BASE+ALL
2021-11-19,18.681486369529182,9.858481407165527,10.148662243462981,17.64267694630902,14.082826741616678,13.966133267023498,,10.043466666666667,22.553070833333333,2,2020,BASE+ALL
2021-11-20,18.750009972411217,9.982612609863281,10.148662243462981,16.03724672295953,13.729632887174253,13.627877029535632,,11.600808333333331,22.553070833333333,2,2020,BASE+ALL
2021-11-21,19.172069945956977,10.723007202148438,10.616341447168946,20.05397197297896,15.14134764206333,15.01065932789567,,12.882604166666669,22.553070833333333,2,2020,BASE+ALL
2021-11-22,18.437633390453467,10.603882789611816,10.384686389787255,19.320588993236758,14.686697890772322,14.56423621775031,,20.8952125,22.553070833333333,2,2020,BASE+ALL
2021-11-23,18.903610481171363,10.603882789611816,10.3188791571062,15.298674426445166,13.781261713583637,13.691528649501269,,10.325020833333332,22.553070833333333,2,2020,BASE+ALL
2021-11-24,17.94166335863705,9.261452674865723,9.661689549965836,14.685324556620436,12.887532535022261,12.793249943112448,,8.3320125,22.553070833333333,2,2020,BASE+ALL
2021-11-25,18.57763601726021,9.49952220916748,9.889612351699295,16.81275766081169,13.694882059734669,13.581537196634926,,9.767379166666666,22.553070833333333,2,2020,BASE+ALL
2021-11-26,35.18654264966486,24.754472732543945,29.091525064545863,35.77176423393797,31.20107617017316,31.070604087800085,,28.54135833333333,22.553070833333333,2,2020,BASE+ALL
2021-11-27,53.75253613407557,42.343116760253906,45.563104397900005,45.27717732875666,46.73398365524654,46.66324000088376,,36.73737083333334,22.553070833333333,2,2020,BASE+ALL
2021-11-28,21.090843915531345,20.55531120300293,25.682271279014618,17.747717008934295,21.2690358516208,21.32128677177244,,10.2599125,22.553070833333333,2,2020,BASE+ALL
2021-11-29,17.931328238051876,15.468504905700684,17.425726937227928,16.411350852177623,16.80922773328953,16.798669185300774,,9.996233333333333,22.553070833333333,2,2020,BASE+ALL
2021-11-30,36.70377683576375,23.877595901489258,35.382663794034826,41.59717539336888,34.390302981164176,34.229306638992426,,19.086604166666667,22.553070833333333,2,2020,BASE+ALL
2021-12-01,58.37788007230269,40.3118896484375,53.947063758576945,57.24681752510867,52.470912751106454,52.30021340712704,,51.261,22.553070833333333,2,2020,BASE+ALL
2021-12-02,24.16404243700865,22.235483169555664,31.48438579609389,16.331822154358328,23.553933389254134,23.650267450297896,,13.429454166666666,22.553070833333333,2,2020,BASE+ALL
2021-12-03,24.13024968322705,21.113994598388672,25.363879020596976,24.98910922069954,23.89930813072806,23.87316871689587,,8.207783333333333,22.553070833333333,2,2020,BASE+ALL
2021-12-04,35.9498867656715,22.943613052368164,27.523037800877063,36.27501899454232,30.67288915336476,30.508920938483687,,31.328554166666667,22.553070833333333,2,2020,BASE+ALL
2021-12-05,25.509693920795193,20.475122451782227,26.34925238253345,27.523373824172168,24.96436064482076,24.908368894208216,,13.3695,22.553070833333333,2,2020,BASE+ALL
2021-12-06,17.466260054860612,16.277318954467773,18.977108122267577,20.740498095135703,18.365296306682918,18.334976324551523,,8.006775,22.553070833333333,2,2020,BASE+ALL
2021-12-07,47.87454549279557,31.4057674407959,45.454534067396935,37.42863707417883,40.540871018791805,40.47845033344059,,15.92195,22.553070833333333,2,2020,BASE+ALL
2021-12-08,43.02114112909291,31.682083129882812,45.21024749935655,28.374527093660383,37.07199971299816,37.118016781695324,,14.564516666666668,22.553070833333333,2,2020,BASE+ALL
2021-12-09,36.9377050510521,28.624549865722656,35.082553061066676,35.55028302889784,34.048772751684815,33.97901030098025,,31.151391666666665,22.553070833333333,2,2020,BASE+ALL
2021-12-10,28.431075842470623,24.073078155517578,27.106359974274817,24.888320454057663,26.12470860658017,26.111060005032897,,12.2762,22.553070833333333,2,2020,BASE+ALL
2021-12-11,18.093478789287236,17.412874221801758,18.232571752395454,21.24131445720355,18.745059805171998,18.71210248848386,,7.014083333333333,22.553070833333333,2,2020,BASE+ALL
2021-12-12,20.35210295190431,20.758506774902344,19.72894714825422,30.73745266357533,22.89425238465905,22.80180969281214,,7.8071875,22.553070833333333,2,2020,BASE+ALL
2021-12-13,20.1123606493644,20.91271209716797,19.548817997908987,28.26101137728229,22.20872553043091,22.139870304860104,,10.8510875,22.553070833333333,2,2020,BASE+ALL
2021-12-14,17.938171414272077,19.809192657470703,16.565651400696446,22.741906706611463,19.263730544762673,19.22896011728444,,9.90855,22.553070833333333,2,2020,BASE+ALL
2021-12-15,17.03981588669769,15.863183975219727,15.8274127204669,27.68782009475484,19.10455816928479,18.99275683383825,,12.855845833333332,22.553070833333333,2,2020,BASE+ALL
2021-12-16,15.684593016744637,14.263445854187012,15.136389280950251,27.18165013899126,18.06651957271829,17.949011923689994,,9.767054166666666,22.553070833333333,2,2020,BASE+ALL
2020-12-17,21.134863031617805,16.967880249023438,16.593584953983665,15.514354598784283,17.5526707083523,17.54009567169207,5.383402136363636,10.6220125,16.72460416666667,4,2020,BASE+ALL
2020-12-18,52.54047195716631,71.96107482910156,78.3267563433031,46.82486012831224,62.41329081447081,62.782623164507186,,62.2647625,16.72460416666667,4,2020,BASE+ALL
2020-12-19,32.30761576562553,35.21529006958008,31.010736148395026,17.384876513094653,28.97962962417382,29.129372371959672,12.262331666666666,12.839470833333332,16.72460416666667,4,2020,BASE+ALL
2020-12-20,16.0889194280855,23.368608474731445,21.54572995007317,9.58694088413352,17.64754968425591,17.799829546020746,11.024140588235294,10.985091666666667,16.72460416666667,4,2020,BASE+ALL
2020-12-21,35.70928167447064,34.12328338623047,41.4371411500202,25.68023491576924,34.23748528162264,34.34684717938518,,24.697770833333333,16.72460416666667,4,2020,BASE+ALL
2020-12-22,19.625634068773536,23.232332229614258,21.8719909702376,13.772990307728133,19.625736894088384,19.721849951575237,-6.790154615384616,17.109070833333334,16.72460416666667,4,2020,BASE+ALL
2020-12-23,29.497508699598114,29.965232849121094,26.99711497202814,14.820846652499744,25.320175793311773,25.43974522523287,,11.041866666666666,16.72460416666667,4,2020,BASE+ALL
2020-12-24,18.467082986425805,22.090776443481445,17.73972492271165,2.8801712840264617,15.29443890916134,15.459572453359455,6.385818384615384,7.3703416666666675,16.72460416666667,4,2020,BASE+ALL
2020-12-25,17.270295286089887,18.27402114868164,15.464814261185571,1.6122599198003922,13.155347653939375,13.2923262297897,7.593224000000001,8.140716666666666,16.72460416666667,4,2020,BASE+ALL
2020-12-26,39.13048139729306,32.403255462646484,35.63051094197,22.098650807657435,32.31572465239175,32.38875017038508,9.762993666666668,13.654908333333331,16.72460416666667,4,2020,BASE+ALL
2020-12-27,43.639905755313265,41.37580490112305,40.56790813233937,21.32474279759431,36.7270903965925,36.88775053360555,1.5329500000000007,13.074854166666668,16.72460416666667,4,2020,BASE+ALL
2020-12-28,30.399939876036274,26.874248504638672,24.803395928619985,10.925910585506177,23.250873723700277,23.360584835929217,23.29402590909091,16.440420833333334,16.72460416666667,4,2020,BASE+ALL
2020-12-29,18.943916263990783,18.225521087646484,17.112708230009453,4.504126080571716,14.69656791555461,14.80784214557758,9.194151714285711,9.699716666666664,16.72460416666667,4,2020,BASE+ALL
2020-12-30,17.695407145742998,16.12555503845215,15.530605070624503,2.8270608818430567,13.044657034165677,13.150481321166653,14.723247083333334,12.063016666666668,16.72460416666667,4,2020,BASE+ALL
2020-12-31,21.243440344776175,15.8482027053833,12.321642851714518,2.4091802147915704,12.95561652916639,13.02399551917362,-12.785287,1.5154291666666666,16.72460416666667,4,2020,BASE+ALL
2021-01-01,30.438012964252618,20.753768920898438,20.92758287790772,22.37450566605881,23.623467607279398,23.556016200455957,64.55987937500001,125.44841666666667,16.72460416666667,4,2020,BASE+ALL
2021-01-02,21.80103359698264,14.680551528930664,14.056577799126151,0.16892234268904,12.676771316932124,12.762199160745082,1.6290325,5.1494333333333335,16.72460416666667,4,2020,BASE+ALL
2021-01-03,21.557626441879155,12.997057914733887,11.990922938418292,3.763472127311889,12.577269855585804,12.60551996469616,15.56345540909091,12.231970833333332,16.72460416666667,4,2020,BASE+ALL
2021-01-04,20.45514451039741,14.038958549499512,13.345782626905375,9.4511143861442,14.322750018236624,14.323565619177016,-0.2475653800000004,2.9658583333333333,16.72460416666667,4,2020,BASE+ALL
2021-01-05,19.76365285612701,12.683146476745605,12.406535408948079,7.627369919675097,13.120176165373948,13.123899942813631,5.120827666666667,5.936595833333333,16.72460416666667,4,2020,BASE+ALL
2021-01-06,22.486914867374605,12.220654487609863,11.412512681457079,3.493120363297749,12.403300599934825,12.4187007278238,12.944847576923078,11.7102,16.72460416666667,4,2020,BASE+ALL
2021-01-07,21.898374732294553,11.5198392868042,10.484154753710579,0.2892654487128343,11.047908555380541,11.083566946791708,-6.752541416666666,4.891895833333333,16.72460416666667,4,2020,BASE+ALL
2021-01-08,22.684364558463177,11.117982864379883,10.336771395936703,3.1570184100286447,11.824034307202101,11.825524544739135,-3.376505833333334,2.6361875,16.72460416666667,4,2020,BASE+ALL
2021-01-09,23.781984057205932,11.32517147064209,10.909505880535612,4.89470927285473,12.727842670309592,12.712927938203684,13.155946244444443,9.02415,16.72460416666667,4,2020,BASE+ALL
2021-01-10,21.491746061376556,9.296636581420898,8.893417340477672,3.2082483726213784,10.722512088974126,10.706094412792648,5.579348166666667,8.982483333333333,16.72460416666667,4,2020,BASE+ALL
2021-01-11,26.48589312660651,12.263834953308105,10.962438012540321,15.881928938575516,16.398523757757612,16.279270078607084,3.2135166666666666,7.971775,16.72460416666667,4,2020,BASE+ALL
2021-01-12,46.421418644725236,29.74837875366211,40.58273909587754,30.62402410750185,36.84414015044168,36.80729191758145,,18.6316875,16.72460416666667,4,2020,BASE+ALL
2021-01-13,38.89682774844844,30.672523498535156,33.5113729497898,24.52098991698221,31.9004285284389,31.925912373056228,,14.978570833333334,16.72460416666667,4,2020,BASE+ALL
2021-01-14,29.783455090209515,24.159143447875977,23.357776919731336,15.556794044590792,23.214292375601904,23.254545088893774,9.855205454545455,13.239645833333334,16.72460416666667,4,2020,BASE+ALL
2021-01-15,21.16912253431206,19.388568878173828,18.306060841297185,4.011453787644783,15.718801510356965,15.839027954372813,13.66639855263158,12.976008333333333,16.72460416666667,4,2020,BASE+ALL
2021-01-16,28.463000517728855,20.67823028564453,21.722382097262695,18.56078027195794,22.356098293148506,22.337599929924856,4.6290757272727285,9.599604166666667,16.72460416666667,4,2020,BASE+ALL
2021-01-17,20.125346732137253,15.163678169250488,16.863386988089648,7.486682986244077,14.909773718930367,14.960293164522026,15.7852425,13.906441666666666,16.72460416666667,4,2020,BASE+ALL
2021-01-18,20.7282692512643,12.271234512329102,16.28077788319489,10.777074580272409,15.014339056765177,15.00407964468291,12.143702,10.7773625,16.72460416666667,4,2020,BASE+ALL
2021-01-19,47.76117859479938,36.9827766418457,48.66459589785973,36.674630191570216,42.520795331518755,42.53239062820199,,61.00933333333333,16.72460416666667,4,2020,BASE+ALL
2021-01-20,59.1769165175079,69.41487884521484,71.31335916509364,48.72822573113808,62.15834506473861,62.41046956787337,,82.60927500000001,16.72460416666667,4,2020,BASE+ALL
2021-01-21,25.548117673600135,32.59159469604492,28.683015505149264,10.684345034764572,24.37676822738972,24.587565939927508,13.687857894736842,13.393229166666666,16.72460416666667,4,2020,BASE+ALL
2021-01-22,17.942712598165237,22.9940242767334,22.32837910767377,7.188089397029511,17.613301344900478,17.777955033849505,-0.4447499444444441,5.3115875,16.72460416666667,4,2020,BASE+ALL
2021-01-23,19.89285535400834,20.13272476196289,18.680463220059938,3.058573762084986,15.44115427452904,15.585550635687667,-0.2583481250000001,1.6312125,16.72460416666667,4,2020,BASE+ALL
2021-01-24,28.210466505912567,22.648778915405273,21.64446389130853,7.423063863563005,19.981693294047343,20.07992045101252,17.5622215625,14.124916666666666,16.72460416666667,4,2020,BASE+ALL
2021-01-25,20.249305590913647,19.198488235473633,18.305406934912494,2.86800769646244,15.155302114440556,15.28919089413869,3.262077392857144,3.729212500000001,16.72460416666667,4,2020,BASE+ALL
2021-01-26,18.733095632132294,18.5589542388916,18.212947117722862,12.01208157792274,16.879269641667374,16.934396787764815,13.939591500000002,10.24255,16.72460416666667,4,2020,BASE+ALL
2021-01-27,17.64104344818799,16.312902450561523,16.81454865481836,11.680451403523245,15.612236489272778,15.648926809222804,,16.3346375,16.72460416666667,4,2020,BASE+ALL
2021-01-28,43.011565671072,36.723426818847656,36.502639894950136,30.18431370375507,36.60548652215621,36.62713951894047,,15.497991666666666,16.72460416666667,4,2020,BASE+ALL
2021-01-29,35.28988320776651,33.22307205200195,35.909176519354375,20.85383747319824,31.31899231308027,31.433183127923982,22.985526363636367,21.52672916666667,16.72460416666667,4,2020,BASE+ALL
2021-01-30,35.85279914157524,34.93107986450195,33.56732085211768,25.98519613366232,32.584098997964304,32.65034136053241,,43.86685416666666,16.72460416666667,4,2020,BASE+ALL
2021-01-31,29.749393803954753,25.706186294555664,25.435387640918123,12.384097833553682,23.318766393245554,23.412903168155626,,36.011900000000004,16.72460416666667,4,2020,BASE+ALL
2021-02-01,24.641336084022935,20.86493492126465,21.114927432363352,11.209773572530942,19.45774300254547,19.523881112540703,,16.842725,16.72460416666667,4,2020,BASE+ALL
2021-02-02,44.468625367525895,39.45533752441406,41.30589732769068,26.104463423372493,37.83358091075078,37.93509544259896,,-0.0156291666666665,16.72460416666667,4,2020,BASE+ALL
2021-02-03,21.68139717574488,24.375030517578125,25.024659735745004,9.668263096472389,20.1873376313851,20.336836951130028,-4.859649500000001,-2.806016666666667,16.72460416666667,4,2020,BASE+ALL
2021-02-04,21.007225747463874,20.7789363861084,21.760193520598296,9.33356021471608,18.219978967221664,18.326154734201726,2.592572666666667,6.951229166666667,16.72460416666667,4,2020,BASE+ALL
2021-02-05,19.132375181761677,17.4415225982666,21.23807226759863,9.010087391735173,16.705514359840517,16.793395965025216,-15.554099884615386,-9.038916666666667,16.72460416666667,4,2020,BASE+ALL
2021-02-06,22.189246970002902,18.129562377929688,21.790305847221745,4.820148629977703,16.73231595628301,16.84948832880849,-5.105296250000002,2.831933333333333,16.72460416666667,4,2020,BASE+ALL
2021-02-07,23.34717288776256,19.236669540405273,23.640949703205052,13.257368648405714,19.87054019494465,19.926722723172023,44.3771895,35.40550416666667,16.72460416666667,4,2020,BASE+ALL
2021-02-08,27.00350145883676,20.410491943359375,23.754330223798895,15.74827564930797,21.72914981882575,21.75350207561527,51.99632029411765,51.990141666666666,16.72460416666667,4,2020,BASE+ALL
2021-02-09,29.988179040512467,21.391246795654297,27.48574524968818,20.66266440090655,24.881958871690372,24.876443420611867,228.35106470588235,202.2675125,16.72460416666667,4,2020,BASE+ALL
2021-02-10,23.497693692588623,19.320476531982422,22.682419469511252,13.924285665347378,19.85621883985742,19.900688507103077,114.28357354166668,115.24025,16.72460416666667,4,2020,BASE+ALL
2021-02-11,29.199572565624628,20.135974884033203,22.90602804584407,19.067294875263364,22.82721759269132,22.802464924865035,46.95041708333333,56.821925,16.72460416666667,4,2020,BASE+ALL
2021-02-12,35.217347510700094,25.245960235595703,30.850935298303174,21.49103992242786,28.201320741756707,28.2121135010595,13.491820153846152,21.43692083333333,16.72460416666667,4,2020,BASE+ALL
2021-02-13,34.41184245287078,24.867250442504883,29.962661363948264,18.329483183362548,26.89280936067162,26.927688956770517,55.17817083333333,44.79417916666667,16.72460416666667,4,2020,BASE+ALL
2021-02-14,46.26490087194104,43.47671127319336,45.439979585287894,27.76953135170843,40.73778077053268,40.87331542651659,,37.07010833333333,16.72460416666667,4,2020,BASE+ALL
2021-02-15,26.84239521415686,29.447736740112305,29.235291943544155,16.185670910250543,25.427773702015962,25.55885313739837,-21.0525225,-9.303320833333332,16.72460416666667,4,2020,BASE+ALL
2021-02-16,33.62503079696402,30.885061264038086,28.565776757231017,24.60011056281419,29.418994845261828,29.44580167734615,-7.694138423076922,15.524708333333333,16.72460416666667,4,2020,BASE+ALL
2021-02-17,50.38149916806932,48.97130584716797,50.31952820535767,32.94546322096515,45.65444911039003,45.79687408052572,-15.670387857142856,19.828558333333334,16.72460416666667,4,2020,BASE+ALL
2021-02-18,31.786224396800172,36.75115203857422,33.78899189087335,17.904796321360603,30.057791161902088,30.235390237917407,-2.02651465,1.7006499999999998,16.72460416666667,4,2020,BASE+ALL
2021-02-19,55.346197501565776,57.20350646972656,54.066288600993886,32.70668872937274,49.830670325414744,50.040062860431334,,50.38560416666667,16.72460416666667,4,2020,BASE+ALL
2021-02-20,57.38866942563698,61.329689025878906,56.22413558195244,36.56479293238746,52.87682174146395,53.088597020769896,,45.34073333333333,16.72460416666667,4,2020,BASE+ALL
2021-02-21,28.062375346155186,36.86412811279297,31.62119034378509,11.815676300525372,27.090842525814654,27.331470262451983,1.7114368750000002,10.197975,16.72460416666667,4,2020,BASE+ALL
2021-02-22,25.482278034259252,24.134078979492188,22.671396279218467,10.677019689201243,20.74119324554279,20.844534337107348,,22.012025,16.72460416666667,4,2020,BASE+ALL
2021-02-23,49.78347362717396,42.8076057434082,44.262157546586025,24.225750052170376,40.26974674233465,40.40441790860683,23.8738855,24.99604583333333,16.72460416666667,4,2020,BASE+ALL
2021-02-24,52.482652040963224,41.921688079833984,46.82598424756541,31.366476364274902,43.14920018315938,43.21295412421405,,36.961304166666665,16.72460416666667,4,2020,BASE+ALL
2021-02-25,22.526184128652417,22.93802261352539,28.96499919601956,12.230594525145612,21.664950115835744,21.797973226121773,,13.323520833333331,16.72460416666667,4,2020,BASE+ALL
2021-02-26,20.284684624056535,21.018085479736328,22.800373652430615,9.406871866568595,18.37750390569802,18.495258442712032,,8.313666666666666,16.72460416666667,4,2020,BASE+ALL
2021-02-27,21.115181121299916,20.234079360961914,20.61481204155549,10.776325150704103,18.185099418630355,18.266426782296282,,-0.7164041666666668,16.72460416666667,4,2020,BASE+ALL
2021-02-28,20.834992690652612,19.502553939819336,19.295852047106244,14.298657683562652,18.48301409028521,18.520568411017315,,37.84140833333333,16.72460416666667,4,2020,BASE+ALL
2021-03-01,20.889130304518066,19.088167190551758,20.24194330961424,16.57459920398673,19.1984600021677,19.217546061582848,,34.56234166666666,16.72460416666667,4,2020,BASE+ALL
2021-03-02,19.572485844237406,18.455739974975586,18.875962949070512,12.068447473309032,17.243159060398135,17.29613401563747,31.830784285714287,30.670741666666668,16.72460416666667,4,2020,BASE+ALL
2021-03-03,17.775008545587706,17.215320587158203,17.788559343665028,9.80484822962732,15.645934176509565,15.712011906254771,40.49496222222222,33.46600416666667,16.72460416666667,4,2020,BASE+ALL
2021-03-04,17.792590559738105,15.562623977661133,16.35865505840052,9.141020710196765,14.713722576499128,14.763006627331968,34.853759999999994,34.73305,16.72460416666667,4,2020,BASE+ALL
2021-03-05,18.557110247466497,16.632701873779297,17.948429889413475,12.566156034480276,16.426099511284885,16.459246013108682,53.51813045454546,43.251695833333336,16.72460416666667,4,2020,BASE+ALL
2021-03-06,18.667483812893202,16.484569549560547,16.960301827602784,6.781206740316556,14.723390482593272,14.80019038392204,62.45456664285714,44.716225,16.72460416666667,4,2020,BASE+ALL
2021-03-07,19.223430194744154,15.468108177185059,17.060128768358947,3.7716616031014905,13.880832185847414,13.973150385354659,8.314042954545455,15.58295,16.72460416666667,4,2020,BASE+ALL
2021-03-08,19.5156420897682,11.91771125793457,16.168773529590215,6.9406362764182585,13.635690788427812,13.662589926011972,27.13262444444444,19.392316666666662,16.72460416666667,4,2020,BASE+ALL
2021-03-09,19.949333305560756,10.89146614074707,16.721000698590583,11.39950095754227,14.740325275610171,14.719686518121467,-8.224102916666666,-1.0889333333333333,16.72460416666667,4,2020,BASE+ALL
2021-03-10,48.320752218905575,40.60824203491211,43.844104055682955,31.314985340314813,41.02202091245386,41.080612565835885,-27.2028015,17.63094166666667,16.72460416666667,4,2020,BASE+ALL
2021-03-11,48.22229965087702,43.17186737060547,47.892915144622705,27.440776972846663,41.681964784737964,41.82137945547606,19.608755,17.6313375,16.72460416666667,4,2020,BASE+ALL
2021-03-12,47.274517080917555,46.75546646118164,51.384293062562726,26.27586457190411,42.92253529414151,43.12888482738102,,27.51565833333333,16.72460416666667,4,2020,BASE+ALL
2021-03-13,46.09882859602936,47.46543884277344,54.87377127771684,25.789269508472508,43.55682705624804,43.800765001860235,,24.192266666666665,16.72460416666667,4,2020,BASE+ALL
2021-03-14,37.62086598930236,38.12186813354492,44.428586922574524,21.34273086598773,35.37851297785238,35.56761258866769,,14.744429166666668,16.72460416666667,4,2020,BASE+ALL
2021-03-15,26.988217344175254,24.00625228881836,29.440509355511022,18.35795468571825,24.698233418555724,24.76386726529088,,11.1605,16.72460416666667,4,2020,BASE+ALL
2021-03-16,21.569988743686267,19.044952392578125,23.459359959218112,17.118493422998306,20.298198629620202,20.327300861497974,,11.93635,16.72460416666667,4,2020,BASE+ALL
2021-03-17,20.02480520340807,16.344234466552734,20.359605130808482,12.099071289384089,17.206929022538343,17.2478122405362,,15.3372,16.72460416666667,4,2020,BASE+ALL
2021-03-18,18.355322299025186,15.94575023651123,17.79541521764181,10.980314232692532,15.76920049646769,15.810777023705924,,13.502083333333331,16.72460416666667,4,2020,BASE+ALL
2021-03-19,18.904539330077384,16.78388023376465,18.10299923202184,18.967073148846765,18.18962298617766,18.166187447336117,,18.61692083333333,16.72460416666667,4,2020,BASE+ALL
2021-03-20,17.93157979697302,14.364790916442871,16.92372323317662,15.182540187668394,16.100658533565227,16.08860242621039,,13.261691666666666,16.72460416666667,4,2020,BASE+ALL
2021-03-21,17.574765261141565,11.348512649536133,16.7880191033022,16.081380456192935,15.448169367543208,15.403516879118241,,21.05877083333333,16.72460416666667,4,2020,BASE+ALL
2021-03-22,16.93453101929663,10.595242500305176,16.36293133615245,10.930429840859563,13.705783674153455,13.70149716198553,13.402056666666669,27.207654166666668,16.72460416666667,4,2020,BASE+ALL
2021-03-23,17.66700724112927,11.720084190368652,17.3540247353089,17.291573247485445,16.008172353573066,15.95878112389401,,21.793679166666667,16.72460416666667,4,2020,BASE+ALL
2021-03-24,16.54618967563952,9.86247444152832,15.525757774321592,13.84343416851162,13.944464015000264,13.905257436049213,8.349990714285713,13.967770833333333,16.72460416666667,4,2020,BASE+ALL
2021-03-25,20.19753886881256,11.611478805541992,13.754519619305553,17.591177017325915,15.788678577746506,15.70028740168214,,13.0397375,16.72460416666667,4,2020,BASE+ALL
2021-03-26,34.11331982534246,24.302701950073242,23.093403799267023,26.012863401497235,26.88057224404499,26.803444981801803,,34.42240833333334,16.72460416666667,4,2020,BASE+ALL
2021-03-27,23.197617713396028,17.980863571166992,19.668613819300198,18.895073947447464,19.93554226282767,19.9082649858988,,20.10953333333333,16.72460416666667,4,2020,BASE+ALL
2021-03-28,32.86486950532128,21.881824493408203,24.667299243636265,28.058513581182662,26.868126705887104,26.768396875627772,,22.44152083333333,16.72460416666667,4,2020,BASE+ALL
2021-03-29,22.520639958042327,17.707006454467773,18.169838654146183,19.834432084366888,19.557979287755792,19.514937625973527,,23.395841666666666,16.72460416666667,4,2020,BASE+ALL
2021-03-30,21.115534458598816,18.580141067504883,18.595108545617432,22.62230019605789,20.228271066944757,20.17830008819297,54.72225,38.15349583333333,16.72460416666667,4,2020,BASE+ALL
2021-03-31,20.84227729115263,18.272912979125977,17.87699123662863,25.154899576396097,20.536770270825834,20.458959239296895,,31.761825,16.72460416666667,4,2020,BASE+ALL
2021-04-01,20.57809891644336,19.0267391204834,18.70267106848984,28.665365855653803,21.7432187402676,21.64703513752699,,23.111704166666662,16.72460416666667,4,2020,BASE+ALL
2021-04-02,20.981989231026308,17.366634368896484,18.694255103488988,25.810002396658483,20.713220275017562,20.625888664816504,,35.90634583333333,16.72460416666667,4,2020,BASE+ALL
2021-04-03,20.26430602487773,16.80471420288086,18.315786128748943,21.835500522697497,19.305076719801257,19.250007737876206,,62.95305,16.72460416666667,4,2020,BASE+ALL
2021-04-04,19.29887075715021,14.568646430969238,16.305634368232532,17.50579837769507,16.919737483511764,16.87750199641377,,30.8186625,16.72460416666667,4,2020,BASE+ALL
2021-04-05,20.34803345275953,11.800796508789062,18.115226404446418,20.85897922711291,17.78075889827698,17.689901442846054,15.77038857142857,19.28614583333333,16.72460416666667,4,2020,BASE+ALL
2021-04-06,19.168061449199485,9.75149917602539,14.888959846114831,16.942491529498724,15.187753000209607,15.10166637730741,6.536958125,16.689320833333333,16.72460416666667,4,2020,BASE+ALL
2021-04-07,19.151417704372957,9.302995681762695,11.73963085815212,18.089027290497903,14.57076788369642,14.452138165279258,4.223935833333333,17.43509583333333,16.72460416666667,4,2020,BASE+ALL
2021-04-08,18.317006160509486,8.848974227905273,10.9236048336818,22.22149089455427,15.077769029162708,14.918389685172542,63.52348333333333,45.68675416666667,16.72460416666667,4,2020,BASE+ALL
2021-04-09,17.45689643058545,7.56909704208374,10.713705926961444,19.59069148903817,13.8325977221672,13.689196934387986,26.504849375000003,25.86842083333333,16.72460416666667,4,2020,BASE+ALL
2021-04-10,18.181869605897816,8.837929725646973,11.207344615953893,22.320170126702106,15.136828518550196,14.978910242590048,34.233420714285714,27.294908333333336,16.72460416666667,4,2020,BASE+ALL
2021-04-11,18.375172076019986,7.383266448974609,9.365199191660782,16.648549499368954,12.943046804006084,12.811086722032924,37.53791485714286,23.61562916666667,16.72460416666667,4,2020,BASE+ALL
2021-04-12,17.92959644721733,6.4770708084106445,9.604392582045913,20.66796153402696,13.669755342925214,13.498247426789867,,29.3439625,16.72460416666667,4,2020,BASE+ALL
2021-04-13,18.49980222712156,8.005327224731445,10.73684702518758,19.691014510665863,14.233247746926612,14.087000246944951,,17.35139583333333,16.72460416666667,4,2020,BASE+ALL
2021-04-14,18.538611841537076,8.821662902832031,10.74178551726244,20.31505725973404,14.604279380341397,14.459285682658141,,22.350691666666663,16.72460416666667,4,2020,BASE+ALL
2021-04-15,18.917730060260673,9.472689628601074,11.306554971526676,20.890650101111667,15.146906190375022,15.003591115531274,,40.2988625,16.72460416666667,4,2020,BASE+ALL
2021-04-16,19.456690543476757,10.153016090393066,11.236528130982405,18.912346792389847,14.939645389310519,14.816296515052336,,19.88362083333333,16.72460416666667,4,2020,BASE+ALL
2021-04-17,19.10543712426844,10.068639755249023,10.82336164235526,18.83799327834043,14.70885795005329,14.584966965168366,7.9166766875,15.6541375,16.72460416666667,4,2020,BASE+ALL
2021-04-18,18.489176877297087,8.275337219238281,9.918189805027628,18.75957382766215,13.860569432306287,13.720124372806684,1.2256322272727271,8.115220833333334,16.72460416666667,4,2020,BASE+ALL
2021-04-19,18.41049904810935,8.974843978881836,11.413901322973192,19.2465631772881,14.51145188181312,14.38194680215084,,15.578833333333334,16.72460416666667,4,2020,BASE+ALL
2021-04-20,18.397105416389007,10.825570106506348,11.310003800095732,22.48535380847539,15.75450828286662,15.611531860574388,,18.3597875,16.72460416666667,4,2020,BASE+ALL
2021-04-21,18.49456507710237,12.120347023010254,12.007066045377297,27.164637608030425,17.446653938380088,17.276772109209375,,45.7456,16.72460416666667,4,2020,BASE+ALL
2021-04-22,18.815483050240402,11.714319229125977,12.543230034018027,23.12913156821073,16.550540970398785,16.41440342992696,14.969255,22.4054,16.72460416666667,4,2020,BASE+ALL
2021-04-23,18.896563575023695,14.150264739990234,14.200028324468072,24.180331839520328,17.85679711975058,17.7415037127919,5.84167,15.669483333333334,16.72460416666667,4,2020,BASE+ALL
2021-04-24,20.566572218038093,18.98684310913086,18.79643359005179,28.636807818041667,21.746664183815604,21.651011531994413,17.451465,21.52531666666667,16.72460416666667,4,2020,BASE+ALL
2021-04-25,19.65782264378336,21.43370819091797,21.39103801698879,30.09529767284369,23.14446663113345,23.077205824494676,62.6927285,33.445729166666666,16.72460416666667,4,2020,BASE+ALL
2021-04-26,18.329620224248725,17.56763458251953,19.28939035733868,22.48628170081269,19.418231716229904,19.380469662368945,,20.991329166666667,16.72460416666667,4,2020,BASE+ALL
2021-04-27,17.224617461966606,14.181756019592285,15.641691121356994,18.88173614420656,16.48245018678061,16.432344281740512,26.351114285714285,19.72265,16.72460416666667,4,2020,BASE+ALL
2021-04-28,17.61953092686034,12.457728385925293,16.82096712020223,24.867580739769583,17.941451793189362,17.82820007148206,,15.1840375,16.72460416666667,4,2020,BASE+ALL
2021-04-29,17.96140211470161,11.872314453125,15.863776618505229,19.15063516171976,16.2120320870129,16.136978900420146,,17.2526,16.72460416666667,4,2020,BASE+ALL
2021-04-30,20.099561575942044,13.929594039916992,18.554088235032463,16.636575371541234,17.304954805608183,17.273791535853984,,17.349766666666667,16.72460416666667,4,2020,BASE+ALL
2021-05-01,18.293466617006075,11.537165641784668,15.863776618505229,17.522184113109617,15.804148247601397,15.738836205158497,,22.1082,16.72460416666667,4,2020,BASE+ALL
2021-05-02,17.382052944230406,9.391162872314453,15.641691121356994,18.67692753475051,15.272958618163091,15.182809278026628,17.73933268181818,16.781670833333333,16.72460416666667,4,2020,BASE+ALL
2021-05-03,41.83960659393141,33.59138107299805,37.09383287151081,36.57265651888972,37.2743692643325,37.22253061207206,,29.292466666666662,16.72460416666667,4,2020,BASE+ALL
2021-05-04,37.32671666215974,35.74845886230469,34.96550179554047,28.653453286608038,34.17353265165323,34.22310334298916,,25.400854166666665,16.72460416666667,4,2020,BASE+ALL
2021-05-05,21.397011431668584,20.10799217224121,21.353956157328984,19.230898795655342,20.52246463922353,20.530420653521805,5.5396984950000006,9.559425,16.72460416666667,4,2020,BASE+ALL
2021-05-06,18.234526553707934,15.00839900970459,17.64079405342541,14.456727758527173,16.335111843841275,16.337554806453145,-5.447409230769231,-1.3218375,16.72460416666667,4,2020,BASE+ALL
2021-05-07,18.1396551909727,11.226410865783691,15.725348351371284,19.257991251200217,16.08735141483197,16.004005318937175,-1.7404812941176473,0.0331583333333333,16.72460416666667,4,2020,BASE+ALL
2021-05-08,48.32743176153239,41.38017654418945,52.11302638609251,50.14422370362591,47.99121459886007,47.93802326200551,,38.04488333333333,16.72460416666667,4,2020,BASE+ALL
2021-05-09,31.717236174621206,25.384206771850586,35.14927586008388,30.389785702951865,30.660126127376888,30.63802459838363,-0.2882157142857143,6.445679166666667,16.72460416666667,4,2020,BASE+ALL
2021-05-10,27.89796519398598,19.46196174621582,25.965275619903917,21.98573592336007,23.827734620866448,23.79664923019606,-3.884735896875,-1.1422416666666668,16.72460416666667,4,2020,BASE+ALL
2021-05-11,21.537592434318586,18.175506591796875,21.747416867243945,18.907641724425936,20.092039404446332,20.08787482010792,3.546271208333333,3.5656041666666667,16.72460416666667,4,2020,BASE+ALL
2021-05-12,24.13032319452311,22.73240852355957,22.298222978412596,20.371518680423613,22.38311834422972,22.39371257943473,,10.523433333333331,16.72460416666667,4,2020,BASE+ALL
2021-05-13,33.348325123979876,25.155162811279297,26.227550798006444,28.31887762108198,28.2624790885869,28.1949630194013,,21.528716666666668,16.72460416666667,4,2020,BASE+ALL
2021-05-14,24.012631280067218,20.745641708374023,21.4690272858077,20.24977022118367,21.619267623858153,21.609702239875688,2.553448,3.4416583333333333,16.72460416666667,4,2020,BASE+ALL
2021-05-15,24.941337053603753,18.86717987060547,23.485588835030043,21.4716393258142,22.191436271263367,22.161682643633316,-2.907466363636364,0.8601249999999999,16.72460416666667,4,2020,BASE+ALL
2021-05-16,31.01634932048306,22.023469924926758,23.65797358958839,22.09024392822635,24.697009190806142,24.655854639101285,-7.089595555555557,1.2163333333333333,16.72460416666667,4,2020,BASE+ALL
2021-05-17,30.117414065318606,24.043682098388672,22.665629233510412,19.66855072047425,24.123819029422982,24.120609537406555,-17.334829166666665,-6.3424708333333335,16.72460416666667,4,2020,BASE+ALL
2021-05-18,22.74598189555178,18.027326583862305,18.070148094312337,20.17341992278375,19.754219124127545,19.709059328900313,5.324238875,5.0611875,16.72460416666667,4,2020,BASE+ALL
2021-05-19,18.986098215901187,14.931861877441406,15.90911654546954,18.86157051645371,17.17216178881646,17.12039537663846,24.654399583333333,18.4984,16.72460416666667,4,2020,BASE+ALL
2021-05-20,44.76053898796825,33.36250305175781,36.89183150787885,36.9585397817109,37.99335333232895,37.918622595530294,59.47091428571428,75.23247500000001,16.72460416666667,4,2020,BASE+ALL
2021-05-21,58.09396568694847,54.54747772216797,55.09322088331141,44.02451225363998,52.93979413651696,53.01667177542392,,78.533825,16.72460416666667,4,2020,BASE+ALL
2021-05-22,31.826803309583784,34.86112594604492,34.00951776443802,23.22674169477161,30.981047178709588,31.096288158938798,30.4639074375,25.3486,16.72460416666667,4,2020,BASE+ALL
2021-05-23,36.88090514428322,32.28358459472656,29.795015228969223,27.61518076664221,31.643671433655303,31.644747552403494,7.582102071428571,25.839025000000003,16.72460416666667,4,2020,BASE+ALL
2021-05-24,33.20489573538303,26.854358673095703,26.91724541747377,22.210159962046237,27.296664946999684,27.30281693603247,29.02554953846154,27.84618333333333,16.72460416666667,4,2020,BASE+ALL
2021-05-25,28.772012650644733,24.43564796447754,24.585508494386197,23.894710049413384,25.42196978973046,25.403442183308535,,23.506779166666664,16.72460416666667,4,2020,BASE+ALL
2021-05-26,22.11862434016089,19.768857955932617,19.537754444712647,18.78006118782804,20.05132448215855,20.045617252365844,18.79358544444445,14.047904166666669,16.72460416666667,4,2020,BASE+ALL
2021-05-27,19.203834983536115,19.447256088256836,17.494195994302565,20.862960628217,19.25206192357813,19.229303069116323,-0.3834983333333343,6.18955,16.72460416666667,4,2020,BASE+ALL
2021-05-28,18.759100356878363,22.622631072998047,22.048247576985776,23.187813095186268,21.654448025512114,21.667610183633244,,6.158591666666666,16.72460416666667,4,2020,BASE+ALL
2021-05-29,18.965986688723245,26.950984954833984,26.85310558217207,15.92742745017609,22.174376168976345,22.31629616128338,,15.643266666666667,16.72460416666667,4,2020,BASE+ALL
2021-05-30,18.354948888733833,26.950984954833984,27.95272522527324,9.509378763700088,20.692009458135285,20.900842942899253,,9.7789875,16.72460416666667,4,2020,BASE+ALL
2021-05-31,17.931031160676017,20.419315338134766,21.899505089060632,7.921165069504319,17.042754164343933,17.17640078827761,,9.918441666666666,16.72460416666667,4,2020,BASE+ALL
2021-06-01,19.203708471279647,27.863868713378906,27.78517268372245,10.86025841547037,21.428252070962845,21.627166994810114,,10.350425,16.72460416666667,4,2020,BASE+ALL
2021-06-02,20.271405542080505,30.53399658203125,28.295305482942542,8.845541090908071,21.98656217449059,22.223265867111145,,6.863462500000001,16.72460416666667,4,2020,BASE+ALL
2021-06-03,18.89508654822615,24.927318572998047,22.073558425181933,6.261824652385506,18.039447049697905,18.222041284734857,20.366851666666665,17.8421625,16.72460416666667,4,2020,BASE+ALL
2021-06-04,18.995270965750567,17.902769088745117,18.571076532340243,10.414739099398004,16.470963921558482,16.535316780667724,45.29307017777778,30.90299583333333,16.72460416666667,4,2020,BASE+ALL
2021-06-05,18.772109943743597,14.046123504638672,11.865481707254618,25.112928540001555,17.44916092390961,17.311588930036006,,46.100995833333336,16.72460416666667,4,2020,BASE+ALL
2021-06-06,19.621728385895846,11.258042335510254,9.485603180934959,25.27928173032305,16.411163908166028,16.2294497310732,,31.88553333333333,16.72460416666667,4,2020,BASE+ALL
2021-06-07,27.58980628516491,21.73225212097168,19.519038232914777,61.97236223900338,32.70336471951369,32.30018251967398,,48.896525,16.72460416666667,4,2020,BASE+ALL
2021-06-08,30.378590456566762,24.022462844848633,20.565367862317352,62.16779694436196,34.283554527023675,33.88883946943923,,118.5833625,16.72460416666667,4,2020,BASE+ALL
2021-06-09,31.631051896756052,24.4405460357666,18.534710380806207,62.93743067888538,34.38593474805356,33.96896258606202,,55.14687083333333,16.72460416666667,4,2020,BASE+ALL
2021-06-10,33.136750514639466,24.973743438720703,18.347318318689936,63.34022819391127,34.949510116490345,34.52400529952019,38.27702,41.5278125,16.72460416666667,4,2020,BASE+ALL
2021-06-11,32.342212043658115,24.475704193115234,18.240534981175365,63.53234540517935,34.647699155782014,34.220033509107886,65.71701666666667,44.24030416666667,16.72460416666667,4,2020,BASE+ALL
2021-06-12,34.58961749419304,26.149003982543945,21.273215754739415,62.83488455814385,36.211680447405065,35.80989966405806,28.441624944444445,24.39572083333333,16.72460416666667,4,2020,BASE+ALL
2021-06-13,39.8827437265707,36.681575775146484,34.76551767041713,64.55672501151471,43.97164054591226,43.694867718307876,38.95216666666666,70.73705,16.72460416666667,4,2020,BASE+ALL
2021-06-14,38.12363692057872,29.425790786743164,25.132785709539444,63.84635495238391,39.13214209231131,38.75248872177339,,98.13563333333332,16.72460416666667,4,2020,BASE+ALL
2021-06-15,41.695680952848875,36.17377853393555,31.7716665339042,62.59399404849831,43.05878001729673,42.76727252429425,96.73427611111111,80.18305416666666,16.72460416666667,4,2020,BASE+ALL
2021-06-16,38.482500665009255,31.002239227294922,28.293425188909175,62.46565982374008,40.06095622623836,39.72373071431382,,105.6161125,16.72460416666667,4,2020,BASE+ALL
2021-06-17,37.91670085141378,29.56368637084961,25.047765008694714,64.8252138082631,39.3383415098053,38.95182736621285,-8.248421,16.555425,16.72460416666667,4,2020,BASE+ALL
2021-06-18,37.89954024765204,31.309003829956055,26.060148611519946,61.46327399003555,39.1829916697909,38.84734737692654,47.26994272727273,39.61994583333333,16.72460416666667,4,2020,BASE+ALL
2021-06-19,38.76140397674624,33.77085876464844,32.86626506876444,61.8364900510609,41.80875446530501,41.52627557462268,-2.18318125,31.664016666666665,16.72460416666667,4,2020,BASE+ALL
2021-06-20,38.14338956462605,34.238006591796875,35.17996162511941,60.84114817143911,42.10062648824536,41.84811222448916,,67.38310416666667,16.72460416666667,4,2020,BASE+ALL
2021-06-21,26.27736935681824,21.204004287719727,19.01838161928803,25.14911168736466,22.912216737797664,22.835925491295153,32.436935,21.4237625,16.72460416666667,4,2020,BASE+ALL
2021-06-22,22.923769900897128,18.116548538208008,18.20469081595024,20.005734132065,19.812685846780095,19.769581014304478,-2.57336794117647,2.3528125,16.72460416666667,4,2020,BASE+ALL
2021-06-23,20.152093002968154,16.17578887939453,15.335623787059449,16.51322200546577,17.044181918721975,17.014011810907807,1.96368,4.613712500000001,16.72460416666667,4,2020,BASE+ALL
2021-06-24,20.597039654503636,14.698941230773926,11.81625330576011,21.25752324955005,17.09243936014693,16.984210481994904,48.80050714285714,25.194975,16.72460416666667,4,2020,BASE+ALL
2021-06-25,20.6287889687637,11.258217811584473,11.29815788884743,18.72597295740551,15.477784406650278,15.359364074291975,28.02133153846154,22.755591666666664,16.72460416666667,4,2020,BASE+ALL
2021-06-26,20.860733259228127,13.245076179504395,13.026560337009585,20.37458494738376,16.876738680781465,16.7695954814789,14.13113875,18.211129166666662,16.72460416666667,4,2020,BASE+ALL
2021-06-27,25.312869905559193,20.646026611328125,20.31927599742243,27.91273332997897,23.54772646107218,23.45519348875562,,7.671154166666667,16.72460416666667,4,2020,BASE+ALL
2021-06-28,25.401874126406536,20.759193420410156,18.220295910206435,23.81667752003903,22.04951024426554,21.981419285239685,,14.606075,16.72460416666667,4,2020,BASE+ALL
2021-06-29,23.20088277828658,16.361082077026367,15.883455800364546,21.36831872718839,19.203434845716473,19.117941613600443,15.7185205,13.859445833333332,16.72460416666667,4,2020,BASE+ALL
2021-06-30,20.87501608723746,15.99413013458252,16.59235799655357,6.899827767432065,15.090332996451403,15.147380096085639,9.305564999999998,5.709354166666667,16.72460416666667,4,2020,BASE+ALL
2021-07-01,63.71848541883848,59.53629684448242,56.63283278575866,84.79789594401637,66.17137774827398,65.90650118279979,334.9585955555556,154.1883,16.72460416666667,4,2020,BASE+ALL
2021-07-02,80.99074787240225,77.70841979980469,75.3849266489061,88.82646433961801,80.72763966518278,80.59683071042059,37.24840583333333,74.33962916666667,16.72460416666667,4,2020,BASE+ALL
2021-07-03,78.33397867468251,71.64089965820312,71.4094141053332,86.23280820908579,76.90427516182615,76.7359315855984,121.44619333333334,97.29006666666668,16.72460416666667,4,2020,BASE+ALL
2021-07-04,78.70462202196042,76.98595428466797,76.68830008827233,87.98453743593595,80.09085345770916,79.98181337442927,,57.923300000000005,16.72460416666667,4,2020,BASE+ALL
2021-07-05,77.14694104627499,74.05482482910156,70.46403339112767,87.23394717366682,77.22493661004276,77.06939354236091,23.773402142857144,39.42487916666666,16.72460416666667,4,2020,BASE+ALL
2021-07-06,75.96008536021021,75.45464324951172,69.29136189738755,86.87226471395479,76.89458880526607,76.75392974101769,-21.8342875,15.834520833333334,16.72460416666667,4,2020,BASE+ALL
2021-07-07,77.56457267255048,73.00875854492188,72.79685937527486,85.7486570420912,77.2797119087096,77.13986863730912,104.637539,65.00709166666667,16.72460416666667,4,2020,BASE+ALL
2021-07-08,80.88353634887329,73.69390869140625,69.06974543367379,88.65923806514883,78.07660713477554,77.87620789865983,,59.71507916666667,16.72460416666667,4,2020,BASE+ALL
2021-07-09,85.23429199006806,76.21038818359375,72.16713680548615,86.78639750732785,80.09955362161895,79.9313272700747,,60.5069875,16.72460416666667,4,2020,BASE+ALL
2021-07-10,89.52882827636122,77.00448608398438,73.46455832308003,85.46670569497275,81.36614459459959,81.20011754584755,92.27775,128.78244166666667,16.72460416666667,4,2020,BASE+ALL
2021-07-11,93.63267996568113,77.2726058959961,76.33652995351791,86.93945253091576,83.54531708652772,83.36256147355589,,75.63416666666667,16.72460416666667,4,2020,BASE+ALL
2021-07-12,90.6696663171401,77.99182891845703,76.48255834597379,85.34067863774564,82.62118305482915,82.47619063421128,,67.041475,16.72460416666667,4,2020,BASE+ALL
2021-07-13,88.4058077143712,76.16651153564453,73.87897514559194,86.05362427928975,81.12622966872436,80.95654273506936,12.737550000000004,31.792708333333337,16.72460416666667,4,2020,BASE+ALL
2021-07-14,88.729823030138,76.46112060546875,71.86295436460628,83.47277063807238,80.13166715957135,79.9736953368982,21.993871428571428,32.94949583333334,16.72460416666667,4,2020,BASE+ALL
2021-07-15,87.69854765004611,73.85575103759766,69.21368940842932,80.21406785112103,77.74551398679853,77.58429416736612,57.21667428571429,50.37841666666667,16.72460416666667,4,2020,BASE+ALL
2021-07-16,93.33073302355731,80.33464813232422,77.51487555641762,79.80230511595764,82.7456404570642,82.66111959583706,43.81705722222223,66.97984583333333,16.72460416666667,4,2020,BASE+ALL
2021-07-17,97.32655648008158,80.82722473144531,80.68709612983612,82.97699580613778,85.4544682868752,85.34240167919529,175.0525105,220.37012916666663,16.72460416666667,4,2020,BASE+ALL
2021-07-18,100.14922387243354,81.51406860351562,82.87556338567603,81.25476148480456,86.44840433660744,86.35468185090033,,76.65144583333334,16.72460416666667,4,2020,BASE+ALL
2021-07-19,99.9613521668346,83.94808197021484,82.83787417689764,79.84277036056747,86.64751966862863,86.58798679669371,89.53659999999999,84.1439625,16.72460416666667,4,2020,BASE+ALL
2021-07-20,97.06576934062666,86.86972045898438,80.85049298445247,78.85580724670871,85.91044750769306,85.88909799837552,18.05223075,49.0747375,16.72460416666667,4,2020,BASE+ALL
2021-07-21,99.41959274299276,87.26216125488281,82.92855312753603,78.45892225641836,87.0173073454575,87.00197824034242,37.968714166666665,71.90200833333334,16.72460416666667,4,2020,BASE+ALL
2021-07-22,103.23898638526144,91.72061157226562,84.31872580917513,83.32692610389472,90.65131246764923,90.61777773378991,188.972475,132.74805416666666,16.72460416666667,4,2020,BASE+ALL
2021-07-23,103.99656700882831,91.7717056274414,91.4600397825032,87.1066571893212,93.58374240202353,93.5550585924706,163.72014791666666,148.01487083333333,16.72460416666667,4,2020,BASE+ALL
2021-07-24,101.66780317030474,83.84092712402344,83.93836861409328,87.22883763835222,89.16898413669342,89.03991145131293,386.890859090909,282.447975,16.72460416666667,4,2020,BASE+ALL
2021-07-25,93.67580556483779,76.58329010009766,84.31833197240991,83.77977243271013,84.58930001751386,84.4756508509137,58.19206642857143,51.54975,16.72460416666667,4,2020,BASE+ALL
2021-07-26,86.42934680853703,77.89117431640625,88.14582120024679,82.1956038147155,83.6654865349764,83.6401908752531,-30.4003235,-7.058333333333334,16.72460416666667,4,2020,BASE+ALL
2021-07-27,88.16919093285046,75.09174346923828,81.9279750949655,82.52169154300611,81.92765026001508,81.82903788621327,22.91554,64.4403375,16.72460416666667,4,2020,BASE+ALL
2021-07-28,84.67951939497505,77.81443786621094,74.77796807277676,86.02212110289773,80.82351160921512,80.6943270574246,22.1181277,23.683520833333333,16.72460416666667,4,2020,BASE+ALL
2021-07-29,87.63693061423061,74.05668640136719,75.7605476028449,84.59039118358456,80.51113895050682,80.3518144946099,53.26437536363637,44.09964166666666,16.72460416666667,4,2020,BASE+ALL
2021-07-30,82.1820495188814,78.35465240478516,72.91411232762908,93.0962615019771,81.63676893831818,81.45230823686641,68.67196666666666,82.992025,16.72460416666667,4,2020,BASE+ALL
2021-07-31,80.52159592805482,70.12569427490234,66.22738688295874,83.22728553107152,75.02549065424685,74.82802821159042,49.23450817647058,39.44315,16.72460416666667,4,2020,BASE+ALL
2021-08-01,79.4416544496693,75.8062515258789,69.65768130709868,82.70672922459323,76.90307912681003,76.78514512295209,89.50302666666667,63.54731666666667,16.72460416666667,4,2020,BASE+ALL
2021-08-02,80.44818927229676,72.27008056640625,67.25781622782492,78.86039717429736,74.70912081020631,74.57528830854679,72.2841777,49.34912916666667,16.72460416666667,4,2020,BASE+ALL
2021-08-03,86.34923656043634,74.95970916748047,70.8810435151638,82.51175168161976,78.6754352311751,78.52064489195807,23.151263333333333,99.19907083333334,16.72460416666667,4,2020,BASE+ALL
2021-08-04,84.98720863722508,72.45477294921875,73.38603829591815,79.00032690768563,77.4570866975119,77.33446719042142,59.71189518181818,52.47739166666667,16.72460416666667,4,2020,BASE+ALL
2021-08-05,87.29248727906398,75.60002899169922,72.9548922728068,76.41285302806662,78.06506539290916,77.97691044404064,7.386758843750002,16.468758333333334,16.72460416666667,4,2020,BASE+ALL
2021-08-06,81.58619042769188,74.70352172851562,68.85149856785584,81.1832298441283,76.58111014204792,76.45053076807336,26.691918834615382,35.48557916666667,16.72460416666667,4,2020,BASE+ALL
2021-08-07,82.77244061614155,75.76676940917969,69.49981699518503,79.8035120713511,76.96063477296434,76.84861253001431,65.55237470833333,48.79645,16.72460416666667,4,2020,BASE+ALL
2021-08-08,76.89950654733683,74.40973663330078,68.2226450796493,79.34432230994747,74.7190526425586,74.62474881782319,8.12310575,13.0073625,16.72460416666667,4,2020,BASE+ALL
2021-08-09,45.065708883745614,48.02027130126953,45.76658681528075,37.815409548084006,44.166994137094974,44.26080562176461,30.955637727272723,18.676895833333333,16.72460416666667,4,2020,BASE+ALL
2021-08-10,40.053791044469044,42.02199172973633,40.930902692023324,36.169986130640766,39.79416789921737,39.85068390143782,-1.138321071428571,1.8181583333333329,16.72460416666667,4,2020,BASE+ALL
2021-08-11,34.18313833868299,33.00163650512695,35.05512279479053,37.058120310072816,34.82450448716832,34.79401761736204,18.066211,18.89282916666667,16.72460416666667,4,2020,BASE+ALL
2021-08-12,33.146823547715826,32.06943130493164,33.118285060993664,37.731850279306656,34.016597548236945,33.96649065254034,-4.849966944444444,29.414316666666664,16.72460416666667,4,2020,BASE+ALL
2021-08-13,32.81465956460327,31.860374450683594,31.74659709703412,40.61535880916692,34.25924748037197,34.17548942196836,13.170289344736842,14.0990125,16.72460416666667,4,2020,BASE+ALL
2021-08-14,34.10444795193808,31.675962448120117,31.93961133479554,39.94783621563027,34.416964487621,34.33149503612782,-48.3680425,-25.057404166666668,16.72460416666667,4,2020,BASE+ALL
2021-08-15,29.539268903175245,29.855512619018555,28.950125442943605,38.47673421278713,31.705410294481133,31.62525649993392,-41.39639285714286,-29.6800375,16.72460416666667,4,2020,BASE+ALL
2021-08-16,26.279076320335797,30.797828674316406,28.94108670130641,38.67521829069265,31.173302496662814,31.117601425730697,-42.38642921428571,-37.1407875,16.72460416666667,4,2020,BASE+ALL
2021-08-17,25.91654841633231,30.919336318969727,28.94108670130641,41.27911823158912,31.764022417049393,31.688259354888835,28.5793975,12.054929166666666,16.72460416666667,4,2020,BASE+ALL
2021-08-18,24.43733810110898,29.681991577148438,28.4608643509335,40.128590942248096,30.677196242859754,30.60648840804432,31.78656473125,24.129483333333337,16.72460416666667,4,2020,BASE+ALL
2021-08-19,14.909485367900158,21.11760139465332,20.144695537272337,-1.7853677167628543,13.596603645765741,13.828932754539172,12.274319180769233,8.985125,16.72460416666667,4,2020,BASE+ALL
2021-08-20,14.008836644086225,18.366703033447266,16.94543696321342,-1.067864421404889,12.063278054835504,12.25181948089667,12.268370733333333,11.527479166666666,16.72460416666667,4,2020,BASE+ALL
2021-08-21,16.08144582819543,19.8291072845459,17.745102786190255,-0.0878333879495247,13.391955627745515,13.577455715436056,7.306902409090909,13.382929166666663,16.72460416666667,4,2020,BASE+ALL
2021-08-22,13.08487240151992,14.105292320251465,15.257083199289282,1.5602362424314613,11.00187104087303,11.125795290683358,5.520831777777778,2.7131791666666665,16.72460416666667,4,2020,BASE+ALL
2021-08-23,12.450381345806539,13.074991226196289,13.23938887631579,1.66802528897486,10.10819668432337,10.213965955114254,75.62974444444444,39.92444583333333,16.72460416666667,4,2020,BASE+ALL
2021-08-24,12.305487904207805,12.72197437286377,13.211114944957759,3.8517441485040287,10.52258034263334,10.606577294780573,98.32598625625,43.94118333333333,16.72460416666667,4,2020,BASE+ALL
2021-08-25,11.909972820784757,12.536144256591797,12.162527844551482,-1.3584150330061693,8.812557472230468,8.937248314069462,61.715175,41.742466666666665,16.72460416666667,4,2020,BASE+ALL
2021-08-26,11.483791880870628,12.009089469909668,11.284163086178738,-2.145225291085322,8.157954786468427,8.28231257692504,27.808375,27.923066666666667,16.72460416666667,4,2020,BASE+ALL
2021-08-27,11.331533711361828,11.577177047729492,11.47436913745297,-0.0209906692811951,8.590522306815773,8.694293745259877,38.43618,49.66300833333333,16.72460416666667,4,2020,BASE+ALL
2021-08-28,10.929647494049835,11.39134693145752,11.130373510654834,-3.0724737667736406,7.594723542347136,7.724217503268734,22.035538846153845,24.722608333333337,16.72460416666667,4,2020,BASE+ALL
2021-08-29,10.12813866158406,11.107701301574707,11.157903635875435,-0.7207105080007725,7.918258272758358,8.029077854630428,28.418304111111112,23.0312375,16.72460416666667,4,2020,BASE+ALL
2021-08-30,9.998574262369416,10.947178840637207,10.92373800424707,0.1424342104863587,8.002981329435013,8.104101158321438,33.238550000000004,32.789683333333336,16.72460416666667,4,2020,BASE+ALL
2021-08-31,85.76369475032266,60.432125091552734,60.7255577595363,70.02733339333224,69.23717774868598,69.01222228300688,89.68799615384616,140.1521875,16.72460416666667,4,2020,BASE+ALL
2021-09-01,94.1568460474753,73.59910583496094,73.03366575956933,78.24809157832081,79.7594273050816,79.59998482163557,446.45076566666665,351.8616625,16.72460416666667,4,2020,BASE+ALL
2021-09-02,100.40267681988254,69.6684799194336,70.9303952425547,82.04937358821786,80.76273139252217,80.48858763282266,52.745838461538455,60.2643125,16.72460416666667,4,2020,BASE+ALL
2021-09-03,99.90017375400777,73.88926696777344,76.01858522996135,74.64778287859616,81.11395220758467,80.97453677841858,114.41595714285714,91.28739583333332,16.72460416666667,4,2020,BASE+ALL
2021-09-04,103.52399790362728,73.66970825195312,74.47459397966217,74.54166799059871,81.55249203146033,81.38277554973092,26.818050625,66.815725,16.72460416666667,4,2020,BASE+ALL
2021-09-05,106.15518271089005,75.02705383300781,73.86639418768081,72.62806975238229,81.91917512099025,81.75977611514513,,111.29925,16.72460416666667,4,2020,BASE+ALL
2021-09-06,109.59320715695657,78.9503173828125,75.90200264697674,71.61363537898336,84.0147906414323,83.89079664641551,14.13818125,73.66665833333333,16.72460416666667,4,2020,BASE+ALL
2021-09-07,107.64249828958567,79.17391204833984,80.68983802700052,79.4856705979609,86.74797974072173,86.59518058118888,-12.191260555555557,58.82707083333333,16.72460416666667,4,2020,BASE+ALL
2021-09-08,106.43777768718368,79.01065063476562,73.80706676159087,74.90325582341703,83.53968772673929,83.39223245514606,57.5212775,97.12052916666666,16.72460416666667,4,2020,BASE+ALL
2021-09-09,104.1351701530681,76.41392517089844,76.31784769277975,71.97762227876422,82.21114132387763,82.09515617207491,148.93070222222224,259.6593666666667,16.72460416666667,4,2020,BASE+ALL
2021-09-10,93.49848707211493,71.61404418945312,63.43310947458831,74.77263971091509,75.82957011176786,75.63093810801446,133.135265,97.78450416666668,16.72460416666667,4,2020,BASE+ALL
2021-09-11,87.06314012495491,69.76422119140625,63.623239840424404,73.74926221897738,73.54996584394074,73.38166171894817,90.32901258823529,72.8158125,16.72460416666667,4,2020,BASE+ALL
2021-09-12,98.68235232843404,72.57007598876953,68.94227912028738,70.92095009833113,77.77891438395551,77.6262843755639,47.5978268,116.10734166666668,16.72460416666667,4,2020,BASE+ALL
2021-09-13,102.82422665909621,74.05461883544922,75.57032773257379,73.73524691505614,81.54610503554383,81.39722873353892,,179.33028750000005,16.72460416666667,4,2020,BASE+ALL
2021-09-14,99.92535861977412,72.16238403320312,68.64905257814469,72.87194035277929,78.4021838959753,78.22006343926492,177.54472272727273,215.9745625,16.72460416666667,4,2020,BASE+ALL
2021-09-15,90.50928620334419,69.54338836669922,64.1184277452978,63.20257805543528,71.84342009269412,71.75057659836,115.218785,100.7395625,16.72460416666667,4,2020,BASE+ALL
2021-09-16,89.26895248277522,72.3646240234375,67.77631368834456,61.93899579999022,72.83722149863686,72.80828532900861,233.8345904333333,178.6971625,16.72460416666667,4,2020,BASE+ALL
2021-09-17,94.24285711085955,73.69502258300781,71.63225671252071,64.31842613904763,75.97214063635893,75.92846844770825,118.02774346153844,125.35849166666668,16.72460416666667,4,2020,BASE+ALL
2021-09-18,88.45596054399924,72.7109603881836,68.95647036200273,66.58204243435134,74.17635843213424,74.12066521487736,784.44725,512.0508083333333,16.72460416666667,4,2020,BASE+ALL
2021-09-19,82.47124362704506,68.2925033569336,63.03843005002307,62.998734933612845,69.20022799190365,69.13700041276535,121.65627555555554,104.86998333333334,16.72460416666667,4,2020,BASE+ALL
2021-09-20,82.36742250387303,72.28591918945312,67.77631368834456,64.34809469027599,71.69443751798667,71.68197565130683,60.24698120000001,71.95812083333333,16.72460416666667,4,2020,BASE+ALL
2021-09-21,83.32852105418067,71.50567626953125,68.81700648528702,66.5673630002681,72.55464170231676,72.51657905314762,28.63317333333333,102.39472083333334,16.72460416666667,4,2020,BASE+ALL
2021-09-22,81.70978970091632,72.01751708984375,67.10094311404586,64.05562858895732,71.22096962344081,71.2084895742409,110.75512541666669,105.431375,16.72460416666667,4,2020,BASE+ALL
2021-09-23,77.15811874987855,71.65351104736328,66.1860709093235,65.34907450028379,70.08669380171229,70.07962432803544,204.590295625,152.02439583333333,16.72460416666667,4,2020,BASE+ALL
2021-09-24,76.73079421831244,71.44921875,66.77769576453197,63.5057184535518,69.61585679659906,69.62929483458078,221.29174614705883,181.5005125,16.72460416666667,4,2020,BASE+ALL
2021-09-25,84.50860077487779,73.58857727050781,71.44662499729765,64.49551731009859,73.50983008819546,73.5169410020217,36.10068055555556,117.3375125,16.72460416666667,4,2020,BASE+ALL
2021-09-26,82.7466572900899,73.36807250976562,69.82697791793179,69.75502524828084,73.92418324151704,73.88296228372815,-9.700000307692306,82.02655,16.72460416666667,4,2020,BASE+ALL
2021-09-27,58.608691846899866,59.57270812988281,52.647666426401386,61.69779041560224,58.13171420469658,58.077289054452606,45.09355440666666,33.8839625,16.72460416666667,4,2020,BASE+ALL
2021-09-28,59.27205131625064,62.32343673706055,57.572501415130176,62.30868355598656,60.36916825610698,60.35825685784671,-8.365846692307692,9.703804166666666,16.72460416666667,4,2020,BASE+ALL
2021-09-29,53.0686222997859,54.51807403564453,53.686075045290394,56.46967224520284,54.43561090648092,54.4214548662853,-4.707117333333334,0.7774875,16.72460416666667,4,2020,BASE+ALL
2021-09-30,54.608297146643366,57.138206481933594,56.17933986309251,63.61502560166246,57.885217273332984,57.83615539545264,1.1408478499999997,9.143133333333331,16.72460416666667,4,2020,BASE+ALL
2021-10-01,49.48249672758122,55.44060516357422,54.324192454289125,58.50246872436582,54.4374407674526,54.43692278551622,24.45178349736842,20.159925,16.72460416666667,4,2020,BASE+ALL
2021-10-02,51.64586735734637,58.6619987487793,57.213278087713626,61.5486918684454,57.26745901557118,57.27244128263743,26.516275,33.733333333333334,16.72460416666667,4,2020,BASE+ALL
2021-10-03,48.55002708300748,55.90192794799805,54.5184253649308,58.12335897457108,54.273434842626855,54.28658625214101,10.620693035714286,21.191,16.72460416666667,4,2020,BASE+ALL
2021-10-04,35.63048336748412,41.655269622802734,38.59826529106147,4.505857215924049,30.097468874318093,30.4429821010175,-54.55114727272726,-26.913804166666665,16.72460416666667,4,2020,BASE+ALL
2021-10-05,32.32744413023075,27.989505767822266,29.63527669954439,11.493955365362371,25.361545490739946,25.493550106328737,5.725481111111111,4.5265125,16.72460416666667,4,2020,BASE+ALL
2021-10-06,16.86966415292199,22.62660026550293,22.095307095748456,6.379899783149512,16.992867824330723,17.16617105615964,5.895581192307692,5.712587500000001,16.72460416666667,4,2020,BASE+ALL
2021-10-07,16.011176786311864,20.99454116821289,20.705269924947615,8.154435412030843,16.466355822875805,16.60651432514213,-16.155351071428573,-1.540704166666668,16.72460416666667,4,2020,BASE+ALL
2021-10-08,15.470749045432516,18.615375518798828,18.191668160078425,7.422464177615003,14.925064225481192,15.039529771945121,31.69582045454545,25.110987500000004,16.72460416666667,4,2020,BASE+ALL
2021-10-09,13.93001729711722,16.860246658325195,17.161810784766136,6.027510766020306,13.494896376557213,13.609252952396348,21.09277834,16.050370833333332,16.72460416666667,4,2020,BASE+ALL
2021-10-10,13.316971547542842,15.616777420043945,16.053109683126678,6.793480926581388,12.945084894323713,13.038870808191106,4.555263333333333,5.5029916666666665,16.72460416666667,4,2020,BASE+ALL
2021-10-11,12.929722882755938,14.041178703308105,15.314871002897108,5.811902757930405,12.024418836722889,12.111242171264726,,22.248704166666663,16.72460416666667,4,2020,BASE+ALL
2021-10-12,12.286646532359867,10.397756576538086,10.915419842307973,6.264245520277154,9.96601711787077,9.99523919222954,,6.8926875,16.72460416666667,4,2020,BASE+ALL
2021-10-13,12.07326122995941,9.54252815246582,10.173643984997529,3.6546265343704825,8.86101497544831,8.902904470303621,-3.3442130444444462,11.026279166666669,16.72460416666667,4,2020,BASE+ALL
2021-10-14,11.691182482614982,9.54252815246582,10.173643984997529,5.302323390506956,9.177419502646323,9.20680907124719,4.5833055625,18.362041666666663,16.72460416666667,4,2020,BASE+ALL
2021-10-15,11.388721942988973,8.61034870147705,8.936007858454463,7.209013243213533,9.036022936533506,9.03487706462648,,14.081620833333332,16.72460416666667,4,2020,BASE+ALL
2021-10-16,11.48692875430761,9.569279670715332,9.208784460867193,6.44042686460617,9.176354937624076,9.191302702176628,-16.044473571428572,8.685045833333334,16.72460416666667,4,2020,BASE+ALL
2021-10-17,11.626076424632299,10.556832313537598,10.282414531662452,7.214564807837483,9.919972019417457,9.942062184873901,12.5017681,12.350620833333332,16.72460416666667,4,2020,BASE+ALL
2021-10-18,11.773653095763763,10.556832313537598,10.781471450958776,10.949363032261754,11.015329973130473,11.006375966131682,14.800660000000002,7.6787625,16.72460416666667,4,2020,BASE+ALL
2021-10-19,23.91604915099151,13.913979530334473,12.955730456517578,17.88458819480923,17.1675868331632,17.070798552614768,,-3.530375,16.72460416666667,4,2020,BASE+ALL
2021-10-20,28.234611758963496,18.73483657836914,17.949738271449196,13.508409912904485,19.606899130421578,19.595621606556914,26.39337584615384,13.528120833333332,16.72460416666667,4,2020,BASE+ALL
2021-10-21,21.747218865447188,12.968472480773926,13.723310358867732,3.8727256811087374,13.077931846549395,13.114148768944794,6.758231818181819,0.3008249999999998,16.72460416666667,4,2020,BASE+ALL
2021-10-22,15.975165834883315,10.65132999420166,10.863128351638572,5.054835408915112,10.636114897409664,10.657338718241038,-59.922390666666665,-36.227975,16.72460416666667,4,2020,BASE+ALL
2021-10-23,15.978638039940503,11.277992248535156,11.896939796555863,8.246922862337541,11.850123236842265,11.854449776311455,-43.42398166666666,-27.215429166666667,16.72460416666667,4,2020,BASE+ALL
2021-10-24,16.318232354062708,11.07528305053711,11.004689701684256,8.005451370134328,11.600914119104601,11.59848024059533,-7.443604614705882,-11.499120833333334,16.72460416666667,4,2020,BASE+ALL
2021-10-25,30.691666809473443,34.04234313964844,28.65921387376988,51.24336996595425,36.15914844721151,35.99327227070414,27.707210000000003,23.55698333333333,16.72460416666667,4,2020,BASE+ALL
2021-10-26,32.48902369647884,41.49253463745117,34.79286018969645,55.37046261096235,41.0362202836472,40.923645239287,-63.88466785714286,-42.021704166666666,16.72460416666667,4,2020,BASE+ALL
2021-10-27,36.047482323298716,44.35445785522461,37.713165600516895,57.37558341116641,43.87267229755166,43.764161908621546,-26.247272275,-25.6460625,16.72460416666667,4,2020,BASE+ALL
2021-10-28,42.810422179808235,58.6206169128418,51.49127091533097,62.71771808863296,53.91000702415349,53.91977291385479,17.481106,-2.823770833333333,16.72460416666667,4,2020,BASE+ALL
2021-10-29,42.132128967610086,57.95116424560547,52.58753284594353,62.72442928711907,53.84881383656954,53.86306137366914,17.852563272727274,14.196025,16.72460416666667,4,2020,BASE+ALL
2021-10-30,40.69154381121949,54.639095306396484,53.663185339524304,51.16210491306453,50.0389823425512,50.14198811958788,9.441992928571423,5.688891666666668,16.72460416666667,4,2020,BASE+ALL
2021-10-31,48.24646312633381,69.95552062988281,72.4561253930418,58.70741779336768,62.341381735656526,62.577302279122044,-40.344834000000006,-17.33525,16.72460416666667,4,2020,BASE+ALL
2021-11-01,39.792466783985425,54.59494400024414,51.17513695317014,46.3438821811696,47.976607479642325,48.11234160407513,32.453875882352946,26.395916666666665,16.72460416666667,4,2020,BASE+ALL
2021-11-02,41.34089886514896,55.673011779785156,56.22216429047621,41.99051653954847,48.8066478687397,49.011454889253685,35.686616875,25.98792083333333,16.72460416666667,4,2020,BASE+ALL
2021-11-03,38.04996437999057,54.86333084106445,54.85607252575746,39.96560123828818,46.933742246275166,47.15991041332194,,24.55654583333333,16.72460416666667,4,2020,BASE+ALL
2021-11-04,39.7727475399521,56.32487487792969,55.747427764526186,38.8272648844366,47.66807876671114,47.9125078840368,21.94968,26.4766375,16.72460416666667,4,2020,BASE+ALL
2021-11-05,36.12976842214942,54.6732292175293,52.890488967159065,40.21198544466648,45.976368012876065,46.197826572757734,31.151528666666664,25.2237125,16.72460416666667,4,2020,BASE+ALL
2021-11-06,33.32086766076113,55.68962478637695,52.92497115747948,50.46091822419063,48.099095457202054,48.25411590509205,-6.081594090909093,0.0098750000000003,16.72460416666667,4,2020,BASE+ALL
2021-11-07,31.99352317231372,53.356353759765625,52.536614156108506,42.92135785067678,45.201962234716156,45.409100424129946,33.3552128246875,22.6486,16.72460416666667,4,2020,BASE+ALL
2021-11-08,30.93108802620661,53.09584426879883,50.85925484301125,47.89798365731941,45.69604269883402,45.85277139024737,,15.009708333333334,16.72460416666667,4,2020,BASE+ALL
2021-11-09,30.975236271277627,53.12752151489258,52.527375446813245,51.43321896107155,47.01583804851375,47.15105416296112,,10.892441666666665,16.72460416666667,4,2020,BASE+ALL
2021-11-10,17.6098456371879,34.524391174316406,31.47004019283653,-1.837714918555628,20.441640521446303,20.840994196397986,-1.1417396999999996,0.1812000000000001,16.72460416666667,4,2020,BASE+ALL
2021-11-11,15.814544860670978,25.22054100036621,24.900141241630834,-0.9416505001492564,16.248394150629693,16.53138614288737,7.337241545454545,14.791179166666666,16.72460416666667,4,2020,BASE+ALL
2021-11-12,20.821080199608936,20.26492691040039,20.741321936376497,6.269152230355154,17.024120319185243,17.148131644953068,12.49995881818182,8.849858333333334,16.72460416666667,4,2020,BASE+ALL
2021-11-13,14.668401137688639,16.414875030517578,16.93155839196976,-2.670160999628994,11.336168390136745,11.518477044012672,7.755132772727273,7.311883333333333,16.72460416666667,4,2020,BASE+ALL
2021-11-14,14.188779275382347,17.629928588867188,17.83116628488395,-3.542096796807508,11.526944338081494,11.735388009526766,14.257536111111111,14.419866666666666,16.72460416666667,4,2020,BASE+ALL
2021-11-15,13.79202581605998,16.913206100463867,17.62453077847619,-3.1926435708618506,11.284279781034545,11.48448265286523,14.777506499999998,12.260470833333336,16.72460416666667,4,2020,BASE+ALL
2021-11-16,11.709824562266164,11.560331344604492,11.748278742526248,-2.3325777136759527,8.171464233930237,8.295128013420934,-1.2369112142857144,1.7797208333333332,16.72460416666667,4,2020,BASE+ALL
2021-11-17,10.917209539328441,10.081371307373047,10.858548557479955,0.107677589044755,7.991201748306549,8.079707603370881,8.75380928125,11.340866666666663,16.72460416666667,4,2020,BASE+ALL
2021-11-18,10.842918388630013,9.145122528076172,9.945194471035972,-0.0559891029086863,7.469311571208367,7.5462773374699985,16.487175555555556,10.5998625,16.72460416666667,4,2020,BASE+ALL
2021-11-19,10.110438715212029,8.742691993713379,9.699117565803226,-2.015792852477205,6.634113855562857,6.727678682761637,2.444306875,4.281391666666667,16.72460416666667,4,2020,BASE+ALL
2021-11-20,9.667265807021845,7.544866561889648,9.218352942266165,-0.7393133696582819,6.422792985379845,6.494406783803562,3.570984777777779,5.155804166666667,16.72460416666667,4,2020,BASE+ALL
2021-11-21,9.944759918992627,9.193670272827148,10.07790952224627,-3.421015092106201,6.448831155489961,6.561898729686682,12.802316538461538,11.232070833333331,16.72460416666667,4,2020,BASE+ALL
2021-11-22,10.846173250204329,10.955292701721191,11.18392439688576,-4.049278817352654,7.234027882864656,7.36924950941419,25.50920409090909,21.79505,16.72460416666667,4,2020,BASE+ALL
2021-11-23,10.55370801952462,10.03111457824707,10.92574590096939,-4.571471054944558,6.73477436094913,6.866834691343499,7.4575373076923075,17.371083333333335,16.72460416666667,4,2020,BASE+ALL
2021-11-24,10.495571047356043,9.61289119720459,10.11221875528157,-4.726188759430864,6.373623060102835,6.498995371710259,7.822950772727273,7.248420833333333,16.72460416666667,4,2020,BASE+ALL
2021-11-25,10.284380856750587,8.388590812683105,9.57873231889455,-6.040608452314592,5.552773884003413,5.677372109881604,6.11339655,7.547404166666666,16.72460416666667,4,2020,BASE+ALL
2021-11-26,17.799231285295697,15.079919815063477,17.645358542856158,5.926180172800613,14.112672454003986,14.193947996693883,28.228294444444444,20.7534875,16.72460416666667,4,2020,BASE+ALL
2021-11-27,24.921625748962466,22.96137046813965,22.43897580962381,3.761261675866225,18.52080842564804,18.67729553568555,16.700322000000003,16.032629166666666,16.72460416666667,4,2020,BASE+ALL
2021-11-28,14.75187934467572,15.103925704956055,15.953671578005833,-2.932325252612284,10.71928784375633,10.886463087572238,9.18226,10.193295833333332,16.72460416666667,4,2020,BASE+ALL
2021-11-29,14.091876133147666,10.596549034118652,15.221870118518142,-4.198858237763945,8.927859262005128,9.067082897770486,1.7804937499999998,6.348729166666666,16.72460416666667,4,2020,BASE+ALL
2021-11-30,23.11438872515756,16.474794387817383,17.926670354636506,6.543782674761186,16.01490903559316,16.074611303351332,-5.165199285714286,5.306391666666666,16.72460416666667,4,2020,BASE+ALL
2021-12-01,30.586172514342564,22.029800415039062,23.857064643141673,9.450742257872005,21.480944957598826,21.555679615259876,,16.573362499999998,16.72460416666667,4,2020,BASE+ALL
2021-12-02,16.144392048855245,15.994629859924316,17.864996367319392,-3.5369709306695807,11.616761836357343,11.800448400862416,4.388068772727273,7.669824999999999,16.72460416666667,4,2020,BASE+ALL
2021-12-03,15.581744881021631,14.051996231079102,15.506881508725908,3.418919679644544,12.139885575117797,12.234378362489265,,14.853683333333334,16.72460416666667,4,2020,BASE+ALL
2021-12-04,21.62115810585844,13.55746841430664,14.521942461613309,4.477213113017832,13.544445523699055,13.585757511894508,15.784589285714286,15.9292875,16.72460416666667,4,2020,BASE+ALL
2021-12-05,19.20835891860806,12.339120864868164,13.25224121509582,1.8447439088679047,11.661116226859987,11.72135472035634,15.70502,15.439595833333334,16.72460416666667,4,2020,BASE+ALL
2021-12-06,14.269092333029253,10.69979476928711,10.97901995914214,0.744110118695799,9.173004295038576,9.243140887422593,12.385794,12.540420833333334,16.72460416666667,4,2020,BASE+ALL
2021-12-07,37.463213396316796,24.808250427246094,27.248792656971492,8.71341400904533,24.558417622394927,24.64511252553138,19.980116111111112,21.5509,16.72460416666667,4,2020,BASE+ALL
2021-12-08,31.78779887415255,25.14106559753418,26.793189626812413,7.659865299508166,22.845479849501828,22.97338176106442,25.02730625,20.24117083333333,16.72460416666667,4,2020,BASE+ALL
2021-12-09,22.983821334487118,19.721635818481445,20.516723999671648,9.255010844568645,18.119297999302212,18.19873696242422,,18.28923333333333,16.72460416666667,4,2020,BASE+ALL
2021-12-10,23.531767304660157,16.610027313232422,17.187699680456863,5.448982366363852,15.694619166178324,15.758502448316202,46.011229,30.94592916666667,16.72460416666667,4,2020,BASE+ALL
2021-12-11,14.59440380505942,14.629931449890137,15.778979260113351,7.658932867086719,13.165561845537407,13.234464347746588,,11.785354166666666,16.72460416666667,4,2020,BASE+ALL
2021-12-12,16.899484189761136,12.383819580078125,17.297850718086345,8.653407983785495,13.808640617927775,13.845600495602227,28.612340454545457,22.98873333333333,16.72460416666667,4,2020,BASE+ALL
2021-12-13,18.200281241227216,12.115889549255371,16.681889417539615,10.02386944175462,14.255482412444206,14.267072865201955,30.5481575,20.947291666666665,16.72460416666667,4,2020,BASE+ALL
2021-12-14,15.335390464901351,10.098928451538086,15.609825325670426,10.381466717875398,12.856402739996316,12.85722493265415,,17.070625,16.72460416666667,4,2020,BASE+ALL
2021-12-15,13.500507528088885,9.061470985412598,14.705661912212184,10.492696093868837,11.940084129895626,11.935945831721268,,16.028629166666665,16.72460416666667,4,2020,BASE+ALL
2021-12-16,12.88770488904695,7.930874347686768,11.069389075213609,8.934038317922148,10.20550165746737,10.187461753399859,,10.200595833333333,16.72460416666667,4,2020,BASE+ALL
2020-12-17,27.753846328300046,27.296430587768555,24.524976349946133,46.49318551250877,31.517109694630875,31.327679522389403,1.0297210714285714,13.423445833333332,25.833304166666668,9,2020,BASE+ALL
2020-12-18,58.744571375656044,89.82939910888672,99.22571532238183,73.33223034449799,80.28297903785565,80.65864213365992,,81.50647916666667,25.833304166666668,9,2020,BASE+ALL
2020-12-19,37.385837724675575,42.90867233276367,38.360303156138784,27.29814473368704,36.48823948681627,36.630839444103344,6.771173928571429,12.3312875,25.833304166666668,9,2020,BASE+ALL
2020-12-20,18.220366791511786,27.74542999267578,23.129604944250907,11.777864907004506,20.218316658860743,20.38604047805389,1.5766622499999998,1.659070833333333,25.833304166666668,9,2020,BASE+ALL
2020-12-21,50.51097471874135,67.07918548583984,79.9138338741782,66.10302849298526,65.90175564293617,66.0788236827739,,147.9320708333333,25.833304166666668,9,2020,BASE+ALL
2020-12-22,25.82291736538353,33.608638763427734,31.693475315991048,16.293008713420328,26.854510039555663,27.040456801473965,-3.7210541666666654,5.725308333333333,25.833304166666668,9,2020,BASE+ALL
2020-12-23,38.20590130406387,44.63302230834961,43.74963421095032,31.38467395651582,39.49330794496991,39.64164332559764,,9.872425,25.833304166666668,9,2020,BASE+ALL
2020-12-24,21.457293556120433,30.824731826782227,28.451528932100917,8.520120073845273,22.313418597212213,22.549800209146,-4.395968749999999,-2.9253625,25.833304166666668,9,2020,BASE+ALL
2020-12-25,17.073050143554493,22.925710678100586,22.896167439286465,-3.497786796756518,14.849285366046256,15.11647276140092,6.379263375000001,6.963433333333334,25.833304166666668,9,2020,BASE+ALL
2020-12-26,49.67216846924268,61.80763626098633,73.16252617226182,58.7296015278328,60.842983107580906,61.00521550076104,,130.47466666666665,25.833304166666668,9,2020,BASE+ALL
2020-12-27,57.19080080473991,81.44418334960938,81.44534396730032,46.17537096634119,66.5639247719977,67.01261623361489,54.70354833333332,125.93865,25.833304166666668,9,2020,BASE+ALL
2020-12-28,51.848709005767546,47.119510650634766,50.32560459458013,27.878135016947187,44.292989816982406,44.45641934007235,20.004869444444445,50.40403333333333,25.833304166666668,9,2020,BASE+ALL
2020-12-29,32.71407781959747,37.965885162353516,36.602107228459644,14.372497578887677,30.413641947324574,30.6444515795647,53.678893888888894,36.20645833333334,25.833304166666668,9,2020,BASE+ALL
2020-12-30,21.31137942214877,24.176206588745117,22.30449073630347,-2.009540937053,16.44563395253609,16.68313388840903,4.764089272727273,7.921329166666666,25.833304166666668,9,2020,BASE+ALL
2020-12-31,19.744463860885062,19.91712188720703,20.843278579107952,0.0090216160925855,15.128471485823157,15.31172109606161,177.78631272727273,123.29679583333332,25.833304166666668,9,2020,BASE+ALL
2021-01-01,40.87207220409683,57.97468948364258,61.308250445636375,24.67376098016404,46.20719327838496,46.6181702471442,678.3017424999999,310.63834583333335,25.833304166666668,9,2020,BASE+ALL
2021-01-02,21.6022097955669,28.144088745117188,25.574541908409874,-4.53075059111427,17.697522464494924,18.009064802712288,-2.1902236363636374,0.4316541666666666,25.833304166666668,9,2020,BASE+ALL
2021-01-03,18.48015625706855,22.90099334716797,21.10163058933751,-1.5220451293027537,15.240183766067819,15.471146175601477,17.409970416666667,15.546441666666666,25.833304166666668,9,2020,BASE+ALL
2021-01-04,18.14359605513361,20.798965454101562,18.02867859129584,3.898812195070207,15.217513073900307,15.366063050050963,50.94174386666667,49.29927083333333,25.833304166666668,9,2020,BASE+ALL
2021-01-05,18.89032685388963,18.91721534729004,18.141885884060283,1.721692522965153,14.417780152051279,14.56606649302403,34.39424845,32.14315833333333,25.833304166666668,9,2020,BASE+ALL
2021-01-06,20.262536700334515,17.882036209106445,17.91977235666485,-1.2009234906953452,13.715855443852616,13.8722661815116,25.231839678571426,21.8336625,25.833304166666668,9,2020,BASE+ALL
2021-01-07,18.238429952383324,16.04497528076172,15.589121171440109,-7.127757678352424,10.686192181558184,10.877052488038387,-34.36919382857143,-9.403320833333334,25.833304166666668,9,2020,BASE+ALL
2021-01-08,19.295573160913623,15.370774269104004,12.419815737035712,-5.307733582330005,10.444607396180832,10.588897334118684,17.1555305,12.415695833333332,25.833304166666668,9,2020,BASE+ALL
2021-01-09,21.227749818854537,12.965790748596191,12.543313459457163,-4.74128855347772,10.498891368357544,10.607515267027333,7.362051111111111,8.154908333333333,25.833304166666668,9,2020,BASE+ALL
2021-01-10,20.844244747676456,11.225362777709961,12.07423311960727,0.7195605438280097,11.215850297205424,11.260454262559835,-2.479527357142857,3.132320833333333,25.833304166666668,9,2020,BASE+ALL
2021-01-11,44.48402039537586,49.09663009643555,51.414686305179046,50.06468599110913,48.76500569702489,48.79587107944448,,94.20667083333332,25.833304166666668,9,2020,BASE+ALL
2021-01-12,58.98204929149178,72.71234893798828,85.5310857266166,69.72920750149801,71.73867286439867,71.91762240300355,,81.35218333333334,25.833304166666668,9,2020,BASE+ALL
2021-01-13,52.241575927263696,67.25988006591797,66.14792992466657,70.05563400021313,63.92625497951534,63.978726145301394,,144.31350416666666,25.833304166666668,9,2020,BASE+ALL
2021-01-14,50.94604501523985,45.42134475708008,53.54398795634842,41.475380480977975,47.84668955241158,47.89889536020452,34.36899388888889,44.69008333333333,25.833304166666668,9,2020,BASE+ALL
2021-01-15,24.054572880355362,32.17045211791992,31.46124363160882,2.0612606076606,22.436882309386178,22.745425583885375,-12.312212230769232,-8.517475,25.833304166666668,9,2020,BASE+ALL
2021-01-16,31.305447005036694,28.498991012573242,30.730044975885185,26.768802489167868,29.325821370665746,29.3387025153486,23.06693583333333,15.048395833333332,25.833304166666668,9,2020,BASE+ALL
2021-01-17,20.15817927959528,22.216373443603516,22.95834851155708,8.3612628765535,18.423541027827344,18.56247356908116,-3.184893,-3.638491666666667,25.833304166666668,9,2020,BASE+ALL
2021-01-18,21.699349733356883,23.388330459594727,23.10028784363541,24.841215736335368,23.2572959432306,23.2521223064552,,-9.9713625,25.833304166666668,9,2020,BASE+ALL
2021-01-19,52.10340682281794,64.390869140625,73.47591258203515,65.73513659362668,63.9263312847762,64.03671901164901,,42.0282875,25.833304166666668,9,2020,BASE+ALL
2021-01-20,64.13301439547912,75.982421875,85.58738243701205,70.7046334464444,74.10186303848388,74.27169039977059,,31.59855,25.833304166666668,9,2020,BASE+ALL
2021-01-21,35.92432829597849,35.451148986816406,34.31296451946337,19.29075450639841,31.24479907716417,31.378954398672583,1.7152558235294122,3.0028916666666667,25.833304166666668,9,2020,BASE+ALL
2021-01-22,19.52159655642202,24.022502899169922,23.683418065448873,5.065993965507463,18.073377871637067,18.264869350810645,-9.435953583333331,-4.2644416666666665,25.833304166666668,9,2020,BASE+ALL
2021-01-23,15.831718183340366,19.60586929321289,20.293945889402263,-3.6365118021206726,13.02375539095871,13.255324155310563,3.7247544615384616,2.794875,25.833304166666668,9,2020,BASE+ALL
2021-01-24,30.15892757766636,26.838560104370117,32.78929227333147,21.02429362260269,27.702768394492658,27.771039353479615,20.78440183333333,70.955125,25.833304166666668,9,2020,BASE+ALL
2021-01-25,18.46565354278559,19.50537109375,22.609523737074976,-2.465914699610334,14.528658418500058,14.747948836420846,2.405134090909091,3.2908416666666667,25.833304166666668,9,2020,BASE+ALL
2021-01-26,16.194140020759505,18.78788948059082,21.997203416343307,14.372969713175952,17.838050657717396,17.910717575636642,-7.305129,-0.7042124999999994,25.833304166666668,9,2020,BASE+ALL
2021-01-27,36.33969688926539,31.667156219482422,36.12124161282556,46.69668868454028,37.706195851528406,37.57294729831435,,93.40853333333332,25.833304166666668,9,2020,BASE+ALL
2021-01-28,55.8893443426375,76.66450500488281,81.85668832778893,70.2142533563689,71.15619775791954,71.36020181833904,,188.94189166666663,25.833304166666668,9,2020,BASE+ALL
2021-01-29,50.60213501719807,49.24995040893555,53.00473449527996,41.19857173808335,48.51384791487423,48.599998614875965,39.02604,53.5451625,25.833304166666668,9,2020,BASE+ALL
2021-01-30,49.556729670074965,58.956504821777344,66.40034977721594,35.47240158713248,52.596496464050176,52.90156480940583,,42.729733333333336,25.833304166666668,9,2020,BASE+ALL
2021-01-31,34.471856658686484,37.81727981567383,37.99721874720092,8.353566621978633,29.659980460884963,29.941404931655665,,33.90743333333334,25.833304166666668,9,2020,BASE+ALL
2021-02-01,29.721170069896168,29.412107467651367,31.1714508331216,23.26407014043848,28.392199627776904,28.45547625088357,,38.59120416666666,25.833304166666668,9,2020,BASE+ALL
2021-02-02,57.373875074490186,71.9747085571289,89.45881932274654,58.28538994718586,69.27319822538787,69.5796727605889,,113.05170416666664,25.833304166666668,9,2020,BASE+ALL
2021-02-03,25.454168825962114,34.875789642333984,34.47261519084569,18.011526576516832,28.203525058914654,28.403536934053577,,19.568575,25.833304166666668,9,2020,BASE+ALL
2021-02-04,19.144544306259586,27.03054428100586,29.638266677116157,11.63633246464148,21.862421932255774,22.0585997045584,25.90113883333333,20.403025,25.833304166666668,9,2020,BASE+ALL
2021-02-05,16.923458914469826,20.601882934570312,25.80097870840441,13.369236962211229,19.173889379913945,19.289401201068262,,9.432833333333331,25.833304166666668,9,2020,BASE+ALL
2021-02-06,19.24622540529429,20.363183975219727,24.880517402840425,0.8444099417383164,16.33358418127319,16.539877994041447,,9.534345833333331,25.833304166666668,9,2020,BASE+ALL
2021-02-07,20.25767420185643,21.513626098632812,25.75164461483803,10.230106699848973,19.43826290379406,19.570541766111255,,18.307391666666664,25.833304166666668,9,2020,BASE+ALL
2021-02-08,23.538969325878416,25.238182067871094,26.157991059202484,9.476579675053298,21.102930532001324,21.25784165432576,15.241612666666668,18.6957875,25.833304166666668,9,2020,BASE+ALL
2021-02-09,30.150305467269014,26.860877990722656,28.797145141492898,18.89700033557564,26.176332233765052,26.240137055331807,,73.20518333333332,25.833304166666668,9,2020,BASE+ALL
2021-02-10,24.046761556210193,20.92899513244629,24.265742614435336,5.222140230041614,18.615909883283358,18.757719962282316,,28.6243,25.833304166666668,9,2020,BASE+ALL
2021-02-11,33.974295193185526,27.213680267333984,30.416258089013038,25.50443764472011,29.277167798563166,29.273522624276634,,31.6950875,25.833304166666668,9,2020,BASE+ALL
2021-02-12,43.78168780059018,36.24082565307617,38.56070702543099,32.92294693555634,37.876541853663426,37.87760819567979,,43.02698333333333,25.833304166666668,9,2020,BASE+ALL
2021-02-13,44.99488092908449,33.579566955566406,44.42662640920228,33.03426200813331,39.00883407549662,39.01404418925648,,35.170575,25.833304166666668,9,2020,BASE+ALL
2021-02-14,57.018642667810866,54.77288818359375,62.68286797412938,62.60908678812807,59.27087140341551,59.23549094668962,,106.54159166666666,25.833304166666668,9,2020,BASE+ALL
2021-02-15,30.00613471229448,33.99845504760742,31.1879156699098,27.562203486017285,30.688677228957246,30.751522378363493,,18.5251375,25.833304166666668,9,2020,BASE+ALL
2021-02-16,43.99973964003885,40.01752471923828,42.83211724387081,41.81873382426447,42.16702885685311,42.145429498667184,,64.6473875,25.833304166666668,9,2020,BASE+ALL
2021-02-17,59.55465473643502,83.13317108154297,100.75433895410761,61.59687311789479,76.2597594724951,76.68687442649518,,146.47669166666665,25.833304166666668,9,2020,BASE+ALL
2021-02-18,44.309235062314585,45.33345413208008,51.149989202562054,35.50349173017146,44.07404253178204,44.201448626248165,-4.775260714285714,41.733495833333336,25.833304166666668,9,2020,BASE+ALL
2021-02-19,64.7031557734597,93.9747085571289,106.85998692742643,76.88354281210476,85.60534851752996,85.99678433240038,,168.51946666666666,25.833304166666668,9,2020,BASE+ALL
2021-02-20,63.66079402213257,92.9232177734375,99.38846736957623,77.74619499349045,83.42966853965919,83.76610304851073,,177.09707916666665,25.833304166666668,9,2020,BASE+ALL
2021-02-21,30.30723571203717,47.38042449951172,47.937289301697426,15.969200655168247,35.39853754210364,35.77615340054668,,18.092583333333334,25.833304166666668,9,2020,BASE+ALL
2021-02-22,26.049869152504446,38.92702102661133,38.45642496759736,10.591873704040063,28.5062972126883,28.827085827209803,-5.967810625,9.271833333333332,25.833304166666668,9,2020,BASE+ALL
2021-02-23,50.98125884560132,50.32791519165039,55.72447746989638,43.20221076788296,50.058965568757756,50.15050282713045,,23.403504166666668,25.833304166666668,9,2020,BASE+ALL
2021-02-24,57.607607803111925,51.82875061035156,49.07163566063752,53.337211553663295,52.961301406941075,52.8993326061801,,68.76757083333334,25.833304166666668,9,2020,BASE+ALL
2021-02-25,22.433564207748265,33.820579528808594,30.614620823826947,15.002710935466087,25.46786887396247,25.679639859642634,,13.6557875,25.833304166666668,9,2020,BASE+ALL
2021-02-26,17.348033128733952,24.59158706665039,24.19094006278251,2.4468415165796635,17.14435044368663,17.379110965613126,,28.22587916666667,25.833304166666668,9,2020,BASE+ALL
2021-02-27,17.908167845743723,22.32015037536621,22.51463376376628,3.668851793490141,16.602950944591587,16.79438916087598,,22.787466666666663,25.833304166666668,9,2020,BASE+ALL
2021-02-28,18.149881408930217,21.84249496459961,21.37070088093044,6.472552114998351,16.958907342364654,17.113246678580644,,19.79094583333333,25.833304166666668,9,2020,BASE+ALL
2021-03-01,18.577262551548444,22.66962242126465,22.268294923008305,12.105471151736946,18.905162761889585,19.019469266575914,,14.015625,25.833304166666668,9,2020,BASE+ALL
2021-03-02,18.29542354970736,22.07607078552246,21.59965476996544,5.087587159842126,16.764684066259345,16.933862545088324,-3.4805266,2.578629166666667,25.833304166666668,9,2020,BASE+ALL
2021-03-03,16.572762467737313,21.05105209350586,20.264389807508614,1.0771896465388586,14.74134850382266,14.939103411170688,9.36237388888889,9.6279375,25.833304166666668,9,2020,BASE+ALL
2021-03-04,17.31686546267511,18.205486297607422,17.27508166457481,-4.680550584107426,12.02922071018748,12.231942368600137,2.483915833333332,2.375716666666667,25.833304166666668,9,2020,BASE+ALL
2021-03-05,17.813251150241765,17.548723220825195,19.201519986501,0.0661655606904396,13.6574149795646,13.820976247279251,-11.474406192307692,-7.647695833333334,25.833304166666668,9,2020,BASE+ALL
2021-03-06,17.954173401013488,16.998489379882812,17.813630711070587,-6.098229145936468,11.667016086507605,11.871627107404825,8.270339642857142,8.435979166666668,25.833304166666668,9,2020,BASE+ALL
2021-03-07,18.168136808023107,15.223230361938477,16.09714390994616,-4.465848719817263,11.25566559002262,11.419250211672688,-17.016402125,-3.136241666666667,25.833304166666668,9,2020,BASE+ALL
2021-03-08,17.896375452376862,11.970939636230469,16.21695425358431,-1.8477666751103283,11.059125666770328,11.173861060889962,,13.9647375,25.833304166666668,9,2020,BASE+ALL
2021-03-09,18.93419344855142,11.280782699584961,16.427515056553034,9.224080962525772,13.966643041803795,13.972590000467317,17.31835142857143,14.597879166666669,25.833304166666668,9,2020,BASE+ALL
2021-03-10,50.341325017052675,60.734405517578125,70.45745696417714,57.75304885235506,59.821559087790746,59.963555823343285,13.2658015,86.91078750000001,25.833304166666668,9,2020,BASE+ALL
2021-03-11,54.44787534933099,54.98226547241211,50.125957760690824,46.15733929176639,51.42835946855008,51.48101443875935,9.120467727272729,70.77950833333334,25.833304166666668,9,2020,BASE+ALL
2021-03-12,57.305548137270556,83.36658477783203,88.78337234065094,51.85146585362368,70.32674277734431,70.78420471738188,1.530078333333334,110.73924166666666,25.833304166666668,9,2020,BASE+ALL
2021-03-13,47.504061246015254,49.4359016418457,52.11203927845093,37.92795529825384,46.74498936614143,46.87380352892214,35.93219166666666,26.27485833333333,25.833304166666668,9,2020,BASE+ALL
2021-03-14,36.14309655233647,41.25532531738281,47.543624330297305,24.499900515376734,37.36048667884833,37.575019574674556,,15.596675,25.833304166666668,9,2020,BASE+ALL
2021-03-15,23.369013863410217,23.826995849609375,29.459232510947736,20.57644067272346,24.307920724172696,24.37264110859094,,12.176925,25.833304166666668,9,2020,BASE+ALL
2021-03-16,18.347863793393934,19.91301155090332,23.710301686806183,18.945856683572817,20.229258428669063,20.269035689687655,,11.578258333333332,25.833304166666668,9,2020,BASE+ALL
2021-03-17,16.808227516673238,18.20486068725586,20.604091102525445,15.324904584249447,17.735520972676,17.783081124755988,,11.842433333333334,25.833304166666668,9,2020,BASE+ALL
2021-03-18,15.89225422696093,16.488853454589844,17.464548598963827,16.18267755968594,16.507083460050136,16.518902141523753,,10.594854166666666,25.833304166666668,9,2020,BASE+ALL
2021-03-19,14.90611227126345,16.149240493774414,17.464548598963827,15.46058348310267,15.995121211776091,16.015955097121626,,11.660475,25.833304166666668,9,2020,BASE+ALL
2021-03-20,14.346544066510136,14.154315948486328,16.454351363208804,14.15780450293165,14.77825397028423,14.790745433913255,,14.700275,25.833304166666668,9,2020,BASE+ALL
2021-03-21,14.075631754648551,11.726202011108398,16.318647233334385,13.826564720523532,13.986761429903716,13.982133228821347,,15.610391666666668,25.833304166666668,9,2020,BASE+ALL
2021-03-22,13.88919395639422,11.076469421386719,15.490389717272121,14.621298677733986,13.76933794319676,13.748238234603008,,15.835345833333331,25.833304166666668,9,2020,BASE+ALL
2021-03-23,13.281772520232009,10.627965927124023,12.22438329581812,16.386764421688707,13.130221541215715,13.073691476950543,,12.9270375,25.833304166666668,9,2020,BASE+ALL
2021-03-24,12.378613338855972,9.59723949432373,10.98992956695944,15.323289410552302,12.07226795267286,12.014112026791315,,9.351170833333333,25.833304166666668,9,2020,BASE+ALL
2021-03-25,12.674098294128319,9.846942901611328,10.764760064986461,20.3184405712652,13.401060457997827,13.297695833338512,,9.606370833333331,25.833304166666668,9,2020,BASE+ALL
2021-03-26,16.969213147586544,17.384872436523438,17.771007942815032,22.435681643641,18.640193792641504,18.599939733180378,,12.271683333333334,25.833304166666668,9,2020,BASE+ALL
2021-03-27,14.683725006455264,13.803305625915527,15.427206632256874,20.49104295152369,16.10132005403784,16.046606236746435,,12.693970833333331,25.833304166666668,9,2020,BASE+ALL
2021-03-28,28.300784343839812,21.789091110229492,22.30538393942658,32.21329296544229,26.152138089734542,26.02624262144649,,17.613341666666667,25.833304166666668,9,2020,BASE+ALL
2021-03-29,24.297943087936684,22.37571144104004,21.84531265334865,22.83282027081865,22.837946863286007,22.820016548379257,,16.091654166666668,25.833304166666668,9,2020,BASE+ALL
2021-03-30,23.651388408357285,22.496126174926758,22.48368864060059,24.302874547435987,23.233519442830154,23.210947666776693,,22.77220416666667,25.833304166666668,9,2020,BASE+ALL
2021-03-31,18.149560099646568,17.796829223632812,17.937987107782178,21.4352680651226,18.82991112404604,18.796461389681603,,17.61445,25.833304166666668,9,2020,BASE+ALL
2021-04-01,25.852549413889495,20.83861541748047,22.571438254039084,29.41948149166676,24.67052114426895,24.57655282211556,,17.9078375,25.833304166666668,9,2020,BASE+ALL
2021-04-02,25.518211255816542,19.283849716186523,21.444556490791,25.567327872987143,22.9534863339453,22.875635371648514,,21.562541666666664,25.833304166666668,9,2020,BASE+ALL
2021-04-03,22.442783124286798,19.41707992553711,22.978451763723104,20.00203717805737,21.2100879979011,21.209046884574146,,20.076270833333336,25.833304166666668,9,2020,BASE+ALL
2021-04-04,19.682085746202215,15.223230361938477,18.14114353386794,24.28598988342624,19.333112381358717,19.244969523203636,,25.212079166666665,25.833304166666668,9,2020,BASE+ALL
2021-04-05,18.70462999006207,11.486381530761719,15.92619740641828,29.914339855353067,19.007887195648784,18.830154448793014,,23.516341666666666,25.833304166666668,9,2020,BASE+ALL
2021-04-06,18.835243324002235,10.591911315917969,15.736315877607977,27.878210460227542,18.260420244438933,18.091267053352745,,24.143933333333333,25.833304166666668,9,2020,BASE+ALL
2021-04-07,17.873232732304835,10.143407821655273,15.074830533767479,16.189186283918158,14.820164342911436,14.752450907881313,50.26190833333333,30.90465,25.833304166666668,9,2020,BASE+ALL
2021-04-08,16.78199320396218,9.726207733154297,11.31023491514137,14.475659815241809,13.073523916874915,13.001300801378878,8.5147283,10.198783333333331,25.833304166666668,9,2020,BASE+ALL
2021-04-09,16.418510403819283,9.211230278015137,10.940138144072579,8.466940620317782,11.259204861556196,11.235783897033183,41.18264334615385,30.372666666666664,25.833304166666668,9,2020,BASE+ALL
2021-04-10,16.5884434852377,11.020136833190918,12.60732462443446,11.305097765366336,12.880250677057353,12.856004183629302,13.187250384615384,16.48602083333333,25.833304166666668,9,2020,BASE+ALL
2021-04-11,16.093664435172965,9.211230278015137,10.450907741371314,11.498527022709258,11.813582369317167,11.762159103573406,35.168744,24.13477083333333,25.833304166666668,9,2020,BASE+ALL
2021-04-12,15.466278428435958,8.993392944335938,9.20040567446431,17.854881890948736,12.878739734546233,12.765111766000759,39.41811136363636,33.16034166666667,25.833304166666668,9,2020,BASE+ALL
2021-04-13,14.895884216121086,7.948510646820068,9.36459228279393,10.183653431536609,10.598160144317923,10.54788016507824,14.2695838125,8.5633875,25.833304166666668,9,2020,BASE+ALL
2021-04-14,14.652453994505231,8.37192440032959,10.079005358496449,9.68601677560532,10.697350132234149,10.660694664176788,3.646653333333338,4.212775,25.833304166666668,9,2020,BASE+ALL
2021-04-15,14.796878185879978,9.002165794372559,10.585932610414304,7.852368170215808,10.559336190220662,10.54654762536473,2.7322995555555565,10.1564625,25.833304166666668,9,2020,BASE+ALL
2021-04-16,14.735986458397448,9.0628662109375,10.410918898584464,7.585334736738066,10.44877657616437,10.438184438411403,12.9282835,8.699633333333333,25.833304166666668,9,2020,BASE+ALL
2021-04-17,13.825436643094422,7.4637017250061035,8.98368564610605,7.935213008744522,9.552009255737774,9.521277552270478,3.417164035714286,5.8182375,25.833304166666668,9,2020,BASE+ALL
2021-04-18,13.633394702660112,6.937342643737793,7.695671538101538,11.482384439305516,9.93719833095124,9.863918811927482,-1.594628,3.5045125,25.833304166666668,9,2020,BASE+ALL
2021-04-19,13.97000012473611,8.425440788269043,8.5233197251529,10.423977291902563,10.335684482515155,10.287548139480135,3.35392759375,5.721041666666667,25.833304166666668,9,2020,BASE+ALL
2021-04-20,14.192294740188121,8.96240520477295,8.62985517151559,11.789785240899416,10.893585089344018,10.837300513052362,22.73586933333333,17.930191666666666,25.833304166666668,9,2020,BASE+ALL
2021-04-21,14.269943496568938,9.261590003967285,8.97960724607434,14.902538054451188,11.853419700265437,11.773683013172718,-13.011655769230767,-0.5182749999999992,25.833304166666668,9,2020,BASE+ALL
2021-04-22,16.125470060592445,11.282950401306152,11.005662973338973,14.774240743375652,13.297081044653305,13.237390105520882,-21.454738,-8.828366666666666,25.833304166666668,9,2020,BASE+ALL
2021-04-23,20.261395763039108,13.245142936706543,13.594781082338672,29.928499224316425,19.257454751600186,19.07216659985642,36.17704714285714,29.730950000000004,25.833304166666668,9,2020,BASE+ALL
2021-04-24,23.060499975771886,14.05748462677002,14.229032175465846,28.83012718724368,20.044285991312858,19.86381914297395,12.838978928571429,13.999645833333332,25.833304166666668,9,2020,BASE+ALL
2021-04-25,22.127082464152245,14.187506675720215,14.27115395380263,23.89611463208794,18.62046443144076,18.49039250167317,19.67108785,19.969366666666662,25.833304166666668,9,2020,BASE+ALL
2021-04-26,18.65451205987214,12.115669250488281,11.63836157473117,15.915113435125573,14.580914080054292,14.5078303376287,54.65856416666667,29.547083333333333,25.833304166666668,9,2020,BASE+ALL
2021-04-27,17.617720890137594,9.746330261230469,9.998620352479278,16.495113408934625,13.464446228195492,13.362039197788448,18.08012040909091,17.397295833333335,25.833304166666668,9,2020,BASE+ALL
2021-04-28,17.653738251258723,10.674458503723145,10.999619239182064,12.728436527358792,13.01406313038068,12.958765280719478,20.699139545454543,19.578345833333334,25.833304166666668,9,2020,BASE+ALL
2021-04-29,17.392531060972946,10.272602081298828,10.099971905396865,6.425185120573165,11.04757254206045,11.040958951194222,-1.7570950000000003,6.1231375,25.833304166666668,9,2020,BASE+ALL
2021-04-30,19.79829593139822,12.028465270996094,11.835981574135285,6.4717816239560655,12.533631100121415,12.538451162951848,13.573032,15.263895833333336,25.833304166666668,9,2020,BASE+ALL
2021-05-01,18.15146063890894,9.10908031463623,9.451728970133612,4.067358862689378,10.194907196592041,10.19121005401001,17.521651428571428,15.997941666666668,25.833304166666668,9,2020,BASE+ALL
2021-05-02,17.500598677146126,8.56689167022705,8.887786703644945,11.983402799576576,11.734669962648674,11.65633069511027,12.618552541666668,15.249820833333333,25.833304166666668,9,2020,BASE+ALL
2021-05-03,46.34693306795392,39.50406265258789,43.65547226364043,50.742028475433145,45.06212411490385,44.94863972691517,24.7103484,75.94829166666666,25.833304166666668,9,2020,BASE+ALL
2021-05-04,39.77762635831377,35.08657455444336,38.61762686508591,32.94635135436839,36.60704478305286,36.620727068424955,19.32419985714285,15.892833333333334,25.833304166666668,9,2020,BASE+ALL
2021-05-05,21.114016134749548,19.907302856445312,20.483964142589375,14.876197653330234,19.095370196778617,19.136722679908807,11.635579923076923,9.5761125,25.833304166666668,9,2020,BASE+ALL
2021-05-06,18.044473661402947,15.369025230407715,15.173469306326895,6.254473186823354,13.710360346240227,13.775211986146175,14.971890076923076,13.633333333333333,25.833304166666668,9,2020,BASE+ALL
2021-05-07,18.141891145266726,11.618507385253906,11.6301563443461,14.75903431737814,14.037397298061217,13.973142287873667,3.136311186111111,21.234391666666667,25.833304166666668,9,2020,BASE+ALL
2021-05-08,47.826457270933915,57.468017578125,62.83788729150758,60.75218164070544,57.22113594531798,57.277556773496904,,96.27573333333332,25.833304166666668,9,2020,BASE+ALL
2021-05-09,36.77197442560112,37.53338623046875,35.17618925847887,35.745515077720924,36.30676624806742,36.31296337729532,0.836881333333333,16.774112499999998,25.833304166666668,9,2020,BASE+ALL
2021-05-10,31.058664669130458,24.970417022705078,23.882940175829145,19.75995257356605,24.917993610307683,24.923839586593633,10.980482315789471,10.564433333333332,25.833304166666668,9,2020,BASE+ALL
2021-05-11,22.287722041183297,22.210948944091797,22.89390566876815,13.82668889448308,20.30481638713158,20.38288820613715,-2.0094501818181816,3.8365458333333335,25.833304166666668,9,2020,BASE+ALL
2021-05-12,25.26265352373893,35.53830337524414,30.117658327722324,18.050602137943677,27.242304341162267,27.42296341993211,1.7165611818181816,10.215341666666667,25.833304166666668,9,2020,BASE+ALL
2021-05-13,30.207888213342642,39.19852066040039,37.989661363542204,28.69313797580153,34.022302053271694,34.158668981012305,,24.994225,25.833304166666668,9,2020,BASE+ALL
2021-05-14,23.98371388501676,27.506473541259766,27.129828432257188,17.036323852126625,23.914084927665083,24.024521373259716,23.638529222222225,19.543454166666667,25.833304166666668,9,2020,BASE+ALL
2021-05-15,24.057178951415345,25.31981086730957,22.600532083644147,17.951231161599846,22.482188265992228,22.538608444089753,11.650234375,29.174591666666668,25.833304166666668,9,2020,BASE+ALL
2021-05-16,30.46202629653315,34.44646072387695,40.156541549893355,13.493922577565936,29.639737786967352,29.88183020578435,27.663096666666668,23.112345833333336,25.833304166666668,9,2020,BASE+ALL
2021-05-17,27.791997147473094,27.849458694458008,33.78287579293613,8.017199795620193,24.360382857621858,24.571914534047792,25.779810884615383,23.3473375,25.833304166666668,9,2020,BASE+ALL
2021-05-18,20.505913211203055,21.338298797607422,21.103813799716736,11.56585620236078,18.628470502721996,18.71852551781999,20.95733,20.59134166666667,25.833304166666668,9,2020,BASE+ALL
2021-05-19,17.484331197092974,18.245237350463867,17.472490351859705,12.085811970755234,16.321967717542943,16.37635331236312,7.239819117647059,11.188825,25.833304166666668,9,2020,BASE+ALL
2021-05-20,37.99951080611656,36.45509338378906,35.72643503829066,41.0419622406321,37.8057503672071,37.752080303897586,,35.45730416666667,25.833304166666668,9,2020,BASE+ALL
2021-05-21,57.10363032879064,65.71156311035156,69.45322358444751,50.144278211240206,60.60317380870748,60.81162350145412,,69.21749583333333,25.833304166666668,9,2020,BASE+ALL
2021-05-22,35.10936565699164,39.09677505493164,39.39107764500681,22.27012559739976,33.96683598858246,34.14028777036765,17.42850512,26.964566666666663,25.833304166666668,9,2020,BASE+ALL
2021-05-23,34.43511851101693,31.8690242767334,38.15162084741188,21.558390695161474,31.50353858258092,31.61791749866437,41.253276666666665,36.1963625,25.833304166666668,9,2020,BASE+ALL
2021-05-24,29.334787754013913,27.685272216796875,27.01951063015178,18.153565629575088,25.548284057634415,25.619790730637643,15.877934821428571,18.257304166666668,25.833304166666668,9,2020,BASE+ALL
2021-05-25,28.443890026276556,28.691608428955078,36.3911336980911,13.783280043991535,26.82747804932857,27.006781006249216,11.973394222222222,20.446679166666662,25.833304166666668,9,2020,BASE+ALL
2021-05-26,18.552200687034105,21.50305938720703,21.22815428109314,4.045340303524217,16.33218866471462,16.502091557165592,60.68099229411765,50.350637500000005,25.833304166666668,9,2020,BASE+ALL
2021-05-27,16.83798114305448,19.197711944580078,18.42141994825283,7.656828993984138,15.528485507467881,15.639573822027847,0.0461314999999999,5.454729166666667,25.833304166666668,9,2020,BASE+ALL
2021-05-28,16.93797907494673,18.54094886779785,18.39818008665093,14.777816946879325,17.163731244068707,17.205261229050688,14.808812499999998,16.6944875,25.833304166666668,9,2020,BASE+ALL
2021-05-29,18.171021047562423,19.11959457397461,18.432961600656864,18.913514168525733,18.659272847679908,18.662341874677004,,13.458770833333332,25.833304166666668,9,2020,BASE+ALL
2021-05-30,17.664673847096243,16.766260147094727,17.694722920427317,15.782337067261704,16.976998495469996,16.98620793615759,-63.994213571428574,-19.85483333333333,25.833304166666668,9,2020,BASE+ALL
2021-05-31,17.834579917958433,18.20792579650879,18.044474994986068,18.047039777866303,18.033505121829897,18.03605287395869,,-10.680266666666666,25.833304166666668,9,2020,BASE+ALL
2021-06-01,19.378864570110924,18.902761459350586,18.36531909991429,23.174996189892,19.95548532981695,19.91170627736657,9.030852857142856,4.655562499999999,25.833304166666668,9,2020,BASE+ALL
2021-06-02,18.68071023470796,16.84787368774414,17.180017154965878,18.786228157038853,17.873707308614208,17.848219470619984,0.4662418333333336,0.6839916666666667,25.833304166666668,9,2020,BASE+ALL
2021-06-03,16.644190386861784,11.290363311767578,14.123204677020361,15.27917381339513,14.334233047261215,14.285652550447576,,7.319741666666666,25.833304166666668,9,2020,BASE+ALL
2021-06-04,16.06000952074284,8.426600456237793,11.662379146489688,13.241999399391188,12.347747130715378,12.2814762646427,,6.037908333333334,25.833304166666668,9,2020,BASE+ALL
2021-06-05,14.550231787153898,9.271038055419922,10.376765986447474,14.459948833968776,12.164496165747517,12.09546464320718,,20.450491666666668,25.833304166666668,9,2020,BASE+ALL
2021-06-06,10.613164457709996,8.29920768737793,9.816802731280713,14.369570139264829,10.774686253908367,10.716821140491893,-38.466701666666665,-5.567916666666666,25.833304166666668,9,2020,BASE+ALL
2021-06-07,9.053949478548239,4.390949249267578,8.529226995836442,13.039761165515852,8.753471722292026,8.675079002904468,-13.692390199999997,15.600404166666666,25.833304166666668,9,2020,BASE+ALL
2021-06-08,8.755209107007888,6.3659467697143555,7.492692694902373,10.38521582621517,8.249766099459947,8.207386488032443,,-3.509283333333333,25.833304166666668,9,2020,BASE+ALL
2021-06-09,8.80052369587391,6.649431228637695,6.606950396728295,14.125516473564776,9.045605448701169,8.966943252557867,24.26471235714285,18.436725,25.833304166666668,9,2020,BASE+ALL
2021-06-10,8.29668291388875,4.4053263664245605,6.414004362762709,9.294790510464365,7.102701038385096,7.049417324457915,23.602321944444444,24.71077916666667,25.833304166666668,9,2020,BASE+ALL
2021-06-11,8.522900909776313,2.4958302974700928,1.022285406078519,15.871819254640126,6.978208966991263,6.817041831436611,12.226375555555556,13.9053125,25.833304166666668,9,2020,BASE+ALL
2021-06-12,8.036584863466066,2.888388156890869,4.636093235011312,13.162259783757282,7.180831509781383,7.071165169012319,,9.022325,25.833304166666668,9,2020,BASE+ALL
2021-06-13,8.146514453321291,9.923131942749023,6.465723241773755,16.212640324334505,10.187002490544643,10.120627783734546,,-3.4862125,25.833304166666668,9,2020,BASE+ALL
2021-06-14,7.517516481662225,7.882040500640869,5.8595820236307885,14.194316935110177,8.863363985261014,8.797383109556316,-10.1994965,7.708349999999999,25.833304166666668,9,2020,BASE+ALL
2021-06-15,7.17405690970587,8.007009506225586,6.167865123947865,8.130244074322281,7.3697939035504,7.362479710594389,3.5011324375,10.801675,25.833304166666668,9,2020,BASE+ALL
2021-06-16,6.326766080594683,6.792686462402344,5.952290630360951,11.312167898446166,7.5959777679510365,7.553473020620103,34.771087666666666,26.487204166666668,25.833304166666668,9,2020,BASE+ALL
2021-06-17,5.815604835463458,6.467236042022705,5.952290630360951,15.676759927415088,8.477972858815551,8.39677520671021,30.22982727272728,28.68263333333333,25.833304166666668,9,2020,BASE+ALL
2021-06-18,5.264939834442511,6.6748046875,5.952290630360951,11.94428393492716,7.459079771807656,7.41588260079878,23.431015833333333,22.0382625,25.833304166666668,9,2020,BASE+ALL
2021-06-19,7.284482222327998,12.200812339782715,11.003390503867104,16.85567229777185,11.836089340937416,11.815126430580698,-11.8351645,20.633558333333333,25.833304166666668,9,2020,BASE+ALL
2021-06-20,8.860946941418009,11.561269760131836,10.708320994651393,27.468745022565816,14.649820679691764,14.518579750750316,,58.582704166666666,25.833304166666668,9,2020,BASE+ALL
2021-06-21,10.20460381258198,10.455875396728516,10.22668725010709,20.105876621989665,12.748260770351813,12.66260433348185,69.93149071428572,60.8656875,25.833304166666668,9,2020,BASE+ALL
2021-06-22,7.604764011323436,10.345102310180664,9.975254236764641,15.370306764085438,10.823856830588545,10.792344256340035,37.26619363636364,30.57103333333333,25.833304166666668,9,2020,BASE+ALL
2021-06-23,6.755194960337013,8.337830543518066,8.009102714352398,14.127117539484,9.307311439422868,9.262790322459788,,18.692325,25.833304166666668,9,2020,BASE+ALL
2021-06-24,6.878507205638009,6.693540573120117,6.396933529263432,15.51796206899648,8.87173584425451,8.790576833376482,-13.891048125,16.678741666666667,25.833304166666668,9,2020,BASE+ALL
2021-06-25,7.31816002452389,7.641007900238037,6.824787330337924,22.500634328587328,11.071147395921795,10.936152162632785,40.91325555555555,40.7386125,25.833304166666668,9,2020,BASE+ALL
2021-06-26,6.375175178673428,8.555716514587402,6.8377383947537975,10.139796392563898,7.977106620144631,7.965060410828554,15.991566666666666,21.26387083333333,25.833304166666668,9,2020,BASE+ALL
2021-06-27,14.553452131461759,24.21833038330078,21.702145337068178,25.063890461624545,21.384454578363815,21.41604754950751,,33.0927125,25.833304166666668,9,2020,BASE+ALL
2021-06-28,16.32939938589166,32.394832611083984,27.689192910251638,21.09152074344227,24.37623641266739,24.53853113391459,,20.445,25.833304166666668,9,2020,BASE+ALL
2021-06-29,13.899429749354898,20.364856719970703,19.026320599398705,15.071344569702775,17.090487909606768,17.16569712600025,,21.69654583333333,25.833304166666668,9,2020,BASE+ALL
2021-06-30,11.03294489738043,17.25128746032715,16.07025176676579,7.075661062718467,12.85753629679796,12.975656340049925,,9.759045833333332,25.833304166666668,9,2020,BASE+ALL
2021-07-01,80.72682693543929,57.51941680908203,63.2212870290048,84.99856105482361,71.61652295708744,71.27656757978187,,293.65859166666667,25.833304166666668,9,2020,BASE+ALL
2021-07-02,91.88570719559824,67.0975570678711,71.504916287159,83.18508658147952,78.41831678302697,78.1630539833881,,147.55367916666668,25.833304166666668,9,2020,BASE+ALL
2021-07-03,99.12406574961678,70.68810272216797,76.36310771905752,88.905533792402,83.77020249581106,83.48314434216768,,67.600375,25.833304166666668,9,2020,BASE+ALL
2021-07-04,103.87358821434101,82.51402282714844,81.98966703537478,91.95863141736656,90.0839773735577,89.87770815209039,,231.3108875,25.833304166666668,9,2020,BASE+ALL
2021-07-05,105.22498032326392,81.51905059814453,75.61801190178873,109.70193160426408,93.01599360686532,92.598416693167,1.1161666666666683,85.59801666666668,25.833304166666668,9,2020,BASE+ALL
2021-07-06,105.00459950304108,78.02577209472656,76.68769279327572,106.14513380643474,91.46579954936952,91.0574809314532,388.549425,233.46624166666663,25.833304166666668,9,2020,BASE+ALL
2021-07-07,103.62820804140172,82.53678894042969,90.93990343752179,117.56048636856428,98.66634669697936,98.28717058003313,,325.81432083333334,25.833304166666668,9,2020,BASE+ALL
2021-07-08,96.59481664365926,75.36800384521484,76.8900235347146,98.2611480438239,86.77849801685315,86.46562571620419,,109.32202083333334,25.833304166666668,9,2020,BASE+ALL
2021-07-09,96.40386747792508,78.14376068115234,79.64698439182598,94.29372153317456,87.12208352101949,86.88555708043098,,98.47462916666666,25.833304166666668,9,2020,BASE+ALL
2021-07-10,97.0157650770984,85.01194763183594,86.52334811303086,104.70187283005072,93.31323341300397,93.08025578328699,,122.94519583333332,25.833304166666668,9,2020,BASE+ALL
2021-07-11,100.57880673497273,101.38938903808594,104.62353878041291,128.10656172705464,108.67457407013154,108.46093442176165,,121.14375416666668,25.833304166666668,9,2020,BASE+ALL
2021-07-12,99.57403725012693,107.75798034667969,104.535270279968,101.7217077437581,103.39724890513318,103.47751463976067,,139.15465,25.833304166666668,9,2020,BASE+ALL
2021-07-13,96.85309117206018,97.51702880859375,96.29115161215681,98.87047974553148,97.38293783458556,97.36737890910088,,155.98844166666666,25.833304166666668,9,2020,BASE+ALL
2021-07-14,96.43954916910717,92.80953979492188,90.47075373497994,92.04412669998754,92.94099234974914,92.91369231262635,363.64143125,376.0651083333333,25.833304166666668,9,2020,BASE+ALL
2021-07-15,96.68382203567616,81.15945434570312,83.77833536305722,79.40112605066824,85.25568444877618,85.20008108008231,-54.364124583333336,-22.950154166666664,25.833304166666668,9,2020,BASE+ALL
2021-07-16,103.69002118188335,82.98799133300781,82.53069441853287,75.65097542655687,86.21492058999524,86.16176331091263,93.13532888888888,56.95517083333333,25.833304166666668,9,2020,BASE+ALL
2021-07-17,111.5139138449578,85.08251190185547,83.63575355943333,74.94282364916222,88.79375073885221,88.7276386492275,299.958825,195.54271666666668,25.833304166666668,9,2020,BASE+ALL
2021-07-18,111.68610394627433,90.13495635986328,82.28504012966705,75.65224790067354,89.93958708411955,89.90145163560743,,91.4369125,25.833304166666668,9,2020,BASE+ALL
2021-07-19,117.89232079151101,91.7099838256836,83.24367623629894,75.51156935533866,92.08938755220805,92.03698199889328,257.4654721428571,250.2075458333333,25.833304166666668,9,2020,BASE+ALL
2021-07-20,118.42597198392633,90.75526428222656,82.28149935640758,76.49173782736898,91.98861836248236,91.91067207666384,104.02476227272729,88.05907083333334,25.833304166666668,9,2020,BASE+ALL
2021-07-21,120.29538571295056,95.682373046875,83.73313185936273,96.10968679585328,98.9551443537604,98.7432560205225,1.1739988888888888,73.86320833333333,25.833304166666668,9,2020,BASE+ALL
2021-07-22,120.4284408337409,100.62960052490234,86.62582483307035,95.47426464902888,100.78953271018563,100.6419671797018,106.372605,101.640625,25.833304166666668,9,2020,BASE+ALL
2021-07-23,118.53501518154575,105.57172393798828,93.23837986454386,108.1951491394641,106.3850670308855,106.21646510190249,122.82819805555556,124.60621666666668,25.833304166666668,9,2020,BASE+ALL
2021-07-24,119.16635972946104,99.98260498046875,92.52344301184749,94.94172885586404,101.65353414441033,101.54707379898666,242.299709,163.90998333333334,25.833304166666668,9,2020,BASE+ALL
2021-07-25,114.5434693720694,94.34867858886719,89.32552462112365,98.7282504136107,99.23648074891773,99.05510752035038,33.108672222222225,70.81637916666666,25.833304166666668,9,2020,BASE+ALL
2021-07-26,109.18811766038925,95.2065658569336,94.43101548527055,102.12926472713016,100.23874093243089,100.09458949937894,352.1246566666667,155.77260416666667,25.833304166666668,9,2020,BASE+ALL
2021-07-27,105.41356786706788,95.26731872558594,92.69251871684966,98.91010974911426,98.07087876465444,97.96664095245944,,58.35798333333333,25.833304166666668,9,2020,BASE+ALL
2021-07-28,102.07115423854299,98.18150329589844,86.93249009173657,111.1441140492915,99.58231541886737,99.3789718061725,127.44907142857144,97.89080833333333,25.833304166666668,9,2020,BASE+ALL
2021-07-29,101.243844026417,96.92155456542969,86.78098015397171,110.44440711423438,98.84769646501319,98.64351317406128,,127.55694583333332,25.833304166666668,9,2020,BASE+ALL
2021-07-30,102.22527868096907,96.8322982788086,86.62003211418804,100.31468315326798,96.49807305680842,96.37665921199674,,81.03666666666668,25.833304166666668,9,2020,BASE+ALL
2021-07-31,107.00661146139274,88.49336242675781,80.38260251420101,84.3878372534869,90.06760341395962,89.9527288008578,136.73331875,104.2607125,25.833304166666668,9,2020,BASE+ALL
2021-08-01,106.16826054071326,84.34432220458984,76.4164836412628,80.28599472187203,86.80376527710949,86.67106324322313,,92.37705,25.833304166666668,9,2020,BASE+ALL
2021-08-02,110.84200110121112,88.81543731689453,84.19003732511916,98.5806833803,95.6070397808812,95.36995566720667,,72.47171666666667,25.833304166666668,9,2020,BASE+ALL
2021-08-03,114.12216490813958,88.92607116699219,87.46219755045412,95.55596853991813,96.51660054137601,96.30834980695359,,83.04431666666666,25.833304166666668,9,2020,BASE+ALL
2021-08-04,116.2956664215566,90.19383239746094,93.11808507660989,93.95844983158378,98.3915084318028,98.22958600537419,24.8349529375,59.1107375,25.833304166666668,9,2020,BASE+ALL
2021-08-05,116.59567209110695,93.03895568847656,96.45801040739755,100.19960057288216,101.5730596899658,101.39811483082494,-8.722154999999999,36.45349166666667,25.833304166666668,9,2020,BASE+ALL
2021-08-06,115.6886748939031,91.95926666259766,99.79554229857472,109.30361833835018,104.18677554835642,103.946532399874,100.16588,91.5200625,25.833304166666668,9,2020,BASE+ALL
2021-08-07,116.56933972243363,91.49363708496094,103.90111191710234,104.5204724463226,104.12114029270487,103.93874503714854,7.752629375,30.540970833333333,25.833304166666668,9,2020,BASE+ALL
2021-08-08,114.51072356405395,91.47965240478516,102.07327721502314,107.0786511901448,103.78557609350176,103.58103337273329,54.852854117647055,60.177725,25.833304166666668,9,2020,BASE+ALL
2021-08-09,68.40542276351698,58.50267791748047,63.02914528315203,68.09956286921889,64.50920220834209,64.39542108791953,76.59952535714285,68.35005833333334,25.833304166666668,9,2020,BASE+ALL
2021-08-10,63.54647696192856,55.321929931640625,57.76090457204425,63.10305112337761,59.93309064724776,59.83246872356643,-14.135166428571427,-5.4751916666666665,25.833304166666668,9,2020,BASE+ALL
2021-08-11,63.182858313299846,49.52994918823242,51.41661252153194,61.02968332404252,56.289775836776684,56.12254650789167,42.535858,36.39275,25.833304166666668,9,2020,BASE+ALL
2021-08-12,61.31046062649574,49.08000183105469,50.41116388112368,59.08131301510949,54.9707348384459,54.82147392567621,24.436190000000003,26.1971375,25.833304166666668,9,2020,BASE+ALL
2021-08-13,60.562968231231146,49.12041091918945,53.819472729362715,65.33563514678134,57.209621756641155,57.029481606065396,11.037872525,15.500870833333332,25.833304166666668,9,2020,BASE+ALL
2021-08-14,62.84565465187764,50.81475830078125,53.74424668174691,61.616611391845794,57.255317756562896,57.109509522612726,43.789041,69.6065,25.833304166666668,9,2020,BASE+ALL
2021-08-15,62.29324956774414,50.49515151977539,53.85748361007924,66.17876046484162,58.2061612906101,58.020855278398756,-5.015852,22.642758333333333,25.833304166666668,9,2020,BASE+ALL
2021-08-16,62.70954766762586,51.30760192871094,55.977677992344596,69.80813463100478,59.950740554921545,59.7503592655183,59.72619294117647,52.11410416666666,25.833304166666668,9,2020,BASE+ALL
2021-08-17,61.133145224728736,48.51837921142578,51.54155000182954,70.72643161507689,57.97987651326524,57.73005890953446,18.035987666666667,27.431358333333336,25.833304166666668,9,2020,BASE+ALL
2021-08-18,59.172104955877664,49.73465347290039,54.83647223620312,69.13726098579069,58.22012291269297,58.02525341480703,57.97777777777779,38.86015,25.833304166666668,9,2020,BASE+ALL
2021-08-19,39.236462917435205,43.21855926513672,45.86470617783966,16.32946212720019,36.162297621902944,36.43899002214853,2.5233057142857147,11.169641666666664,25.833304166666668,9,2020,BASE+ALL
2021-08-20,36.19224767702877,35.826725006103516,44.754199388029434,16.053445022924034,33.20665427352144,33.432998370496875,-21.01767033333333,-1.0929666666666675,25.833304166666668,9,2020,BASE+ALL
2021-08-21,34.431108834211464,32.92884063720703,43.528062293823815,22.580177246840474,33.367047253020694,33.51322167287115,-6.6145070000000015,11.919966666666667,25.833304166666668,9,2020,BASE+ALL
2021-08-22,33.91092936531346,31.674102783203125,42.606504756828535,22.169075641966185,32.59015313682782,32.72670207532067,1.8235663,9.3737625,25.833304166666668,9,2020,BASE+ALL
2021-08-23,17.064743714187433,24.095855712890625,28.823483686735305,-8.656901491976619,15.331795405459184,15.68989718902962,5.397653888888889,5.095916666666667,25.833304166666668,9,2020,BASE+ALL
2021-08-24,16.403066393312336,21.402206420898438,24.154773375065606,-1.3464449398301603,15.153400312361555,15.39962905379463,7.133906363636364,6.406045833333334,25.833304166666668,9,2020,BASE+ALL
2021-08-25,15.64192167729172,20.062767028808594,20.06709149590602,-3.976618424778078,12.948790444307065,13.187007527777487,6.1468079583333335,6.1854458333333335,25.833304166666668,9,2020,BASE+ALL
2021-08-26,13.694375971462025,18.825288772583008,17.23784717664871,-5.317420869423302,11.11002276281761,11.343713816598964,14.34801125,8.183349999999999,25.833304166666668,9,2020,BASE+ALL
2021-08-27,12.998641252964466,16.922607421875,17.063988862037547,-4.839117097847037,10.536530109757495,10.752553711876986,-14.2673655,-6.1710875,25.833304166666668,9,2020,BASE+ALL
2021-08-28,11.467725822547594,16.73069953918457,17.17052430840024,-8.914132517725683,9.11370428810168,9.37345734320768,-20.833282666666666,-14.069154166666666,25.833304166666668,9,2020,BASE+ALL
2021-08-29,10.730518291232826,17.009868621826172,16.733774128047532,0.5153206261624845,11.247370416817253,11.42730097869767,-40.158426000000006,-20.94768333333333,25.833304166666668,9,2020,BASE+ALL
2021-08-30,9.527602494728184,16.191852569580078,16.204393218643858,-1.3687014431723092,10.138786709944952,10.332040606682686,14.743200916666666,11.996829166666666,25.833304166666668,9,2020,BASE+ALL
2021-08-31,48.229737809964476,39.65919876098633,44.597672508170355,53.67893774923567,46.54138670708921,46.39820026650227,116.4771911111111,120.64176666666668,25.833304166666668,9,2020,BASE+ALL
2021-09-01,61.405963771806526,44.630615234375,61.22312199585845,54.94144039062017,55.55028534816503,55.46310632342576,176.92979031250002,153.19892083333335,25.833304166666668,9,2020,BASE+ALL
2021-09-02,65.01866118046615,53.11255645751953,67.19792300777847,60.359374253123406,61.42212872472189,61.37453569405214,122.5664282,100.29932083333334,25.833304166666668,9,2020,BASE+ALL
2021-09-03,67.75961283329734,59.07826614379883,59.64447234082207,49.42591833475312,58.977067413167845,59.01765661459463,36.53397513636364,45.40412083333334,25.833304166666668,9,2020,BASE+ALL
2021-09-04,70.1462282488963,57.16946792602539,60.148067039085525,56.18050922664766,60.911068110163725,60.864985949109006,-0.5503213636363626,33.36579166666667,25.833304166666668,9,2020,BASE+ALL
2021-09-05,69.44440545212535,56.82341003417969,61.52357954693445,57.5753459135622,61.34168523670043,61.29230504232247,,42.890175,25.833304166666668,9,2020,BASE+ALL
2021-09-06,70.45901315602745,61.371036529541016,66.90189168474464,53.227371991430815,62.98982834043598,63.04409456742104,30.3109675,36.885325,25.833304166666668,9,2020,BASE+ALL
2021-09-07,73.64886096607376,62.75982666015625,67.24189395734315,65.84138715483502,67.37299218460205,67.31130520129693,1.2318122222222212,33.84925,25.833304166666668,9,2020,BASE+ALL
2021-09-08,65.11890497913208,59.51301193237305,63.009358769939006,60.092798248840566,61.93351848257117,61.917729079661704,39.59649888888888,106.56995416666666,25.833304166666668,9,2020,BASE+ALL
2021-09-09,62.96681174629643,55.081756591796875,56.427467426652285,54.52710330866786,57.250784768353356,57.21962918244374,116.6839772777778,70.0049375,25.833304166666668,9,2020,BASE+ALL
2021-09-10,61.90599780158739,55.72789001464844,59.95489530739489,64.15168147391422,60.43511614938623,60.350784832219674,-1.652177777777779,25.2899625,25.833304166666668,9,2020,BASE+ALL
2021-09-11,63.17265217966318,57.66864013671875,59.4745619632998,58.612071433937885,59.73198142840491,59.70353889079886,21.32108827272728,31.798925,25.833304166666668,9,2020,BASE+ALL
2021-09-12,66.74464528928104,59.217926025390625,60.2927805712522,54.83273333565195,60.27202130539395,60.27528619242567,,111.06625416666668,25.833304166666668,9,2020,BASE+ALL
2021-09-13,70.94635927995556,61.40397262573242,64.04664697187823,58.57594553197363,63.74323110238497,63.7306768941653,87.94635000000001,98.75915,25.833304166666668,9,2020,BASE+ALL
2021-09-14,63.97851389840272,57.86648941040039,62.97963332670591,48.7455048899381,58.39253538136178,58.46963243039127,160.95180625,98.8482375,25.833304166666668,9,2020,BASE+ALL
2021-09-15,60.295102695544685,56.567325592041016,59.689344760369,47.53996625672757,56.02293482617057,56.10074593201314,342.517986,179.22860833333334,25.833304166666668,9,2020,BASE+ALL
2021-09-16,60.8949492093637,54.80408477783203,55.144963469529905,48.21754299129027,54.76538511200398,54.79188120241532,97.04334445833332,72.29767083333333,25.833304166666668,9,2020,BASE+ALL
2021-09-17,62.481024866470634,58.743919372558594,62.209852450340954,53.96855257366033,59.35083731575763,59.39286587487369,44.757055,37.6801,25.833304166666668,9,2020,BASE+ALL
2021-09-18,66.52789435549306,59.79780578613281,62.274428707432925,52.02888077217735,60.15725240530904,60.203304549158446,43.41030444444445,44.73857083333333,25.833304166666668,9,2020,BASE+ALL
2021-09-19,63.16372695392264,57.03544998168945,58.642088191299315,58.13981539486544,59.24527013044421,59.21073388065127,68.95359654166667,53.92227083333333,25.833304166666668,9,2020,BASE+ALL
2021-09-20,62.368133367321526,55.16146469116211,58.4605384383009,60.69729558189351,59.171858019669514,59.10194616062556,,69.05282916666667,25.833304166666668,9,2020,BASE+ALL
2021-09-21,62.38435720595484,55.22943878173828,57.821465769510525,55.55619444929745,57.74786405162527,57.720325279094645,52.84323888888888,40.4710625,25.833304166666668,9,2020,BASE+ALL
2021-09-22,61.06424329111838,55.37388610839844,57.707417984410874,59.58961326392976,58.43379016196437,58.37836336303933,,41.70057916666666,25.833304166666668,9,2020,BASE+ALL
2021-09-23,60.06533742774541,55.85888671875,56.59652160205609,62.42360879062515,58.73608863479417,58.65865323784796,76.34582,44.450525,25.833304166666668,9,2020,BASE+ALL
2021-09-24,61.18143945041355,55.969051361083984,57.69454623646783,54.73717693992421,57.3955534969724,57.38758383238197,-16.180027499999998,14.492383333333336,25.833304166666668,9,2020,BASE+ALL
2021-09-25,60.70698416048877,57.46794509887695,59.74896564664203,51.67048134569983,57.39859406292689,57.445477542761374,4.830455000000001,16.699708333333334,25.833304166666668,9,2020,BASE+ALL
2021-09-26,59.47318207859899,58.61613082885742,60.93623920038856,65.22732473066277,61.063219209626936,61.01343113770464,40.12038888888889,32.1046,25.833304166666668,9,2020,BASE+ALL
2021-09-27,49.54729382939261,46.430973052978516,47.53714288019729,58.69481475545068,50.552556129504765,50.43277154799751,85.75258535714286,68.80975833333333,25.833304166666668,9,2020,BASE+ALL
2021-09-28,47.53124618559787,44.28618240356445,46.32302197297649,58.52436370289229,49.16620356625778,49.03366658479811,35.490463125,36.60438333333334,25.833304166666668,9,2020,BASE+ALL
2021-09-29,44.13088988821819,38.73331832885742,41.33094520032504,51.57779418762193,43.943236901255645,43.81437150776224,35.92459291666666,41.67102916666666,25.833304166666668,9,2020,BASE+ALL
2021-09-30,45.07806501476481,36.765865325927734,39.28417602608141,61.82894832252801,45.73926367232549,45.48513419197785,-1.4278463636363634,20.053700000000003,25.833304166666668,9,2020,BASE+ALL
2021-10-01,42.12100325491109,33.129547119140625,38.74429989534759,52.18409497839163,41.54473631194773,41.35848090720877,18.80905357142857,30.654254166666664,25.833304166666668,9,2020,BASE+ALL
2021-10-02,39.57795980629478,33.45454788208008,39.28314058926734,51.15616937654313,40.86795441354633,40.7109963097158,-14.509738333333337,9.6186125,25.833304166666668,9,2020,BASE+ALL
2021-10-03,35.52907268258518,28.24608612060547,34.60362953175852,55.17772229871101,38.38912765841505,38.14684539232563,25.284002142857144,20.538666666666668,25.833304166666668,9,2020,BASE+ALL
2021-10-04,37.156772964929054,32.973934173583984,36.28533518588987,65.85764838372263,43.06842267703138,42.77258527007022,,19.0536625,25.833304166666668,9,2020,BASE+ALL
2021-10-05,42.875090762181415,37.65842819213867,42.77302757543565,73.21619321421574,49.13068493599287,48.81598376546372,-70.66990454545454,-34.79866666666667,25.833304166666668,9,2020,BASE+ALL
2021-10-06,42.94833520843173,36.47917556762695,45.41532681059286,52.87722668199514,44.430016067161674,44.30107393007893,100.3449228125,74.21783333333333,25.833304166666668,9,2020,BASE+ALL
2021-10-07,46.74868899831297,37.10725402832031,51.26824190527273,51.765456503698616,46.72241035890116,46.622089024724964,54.45779592307692,99.886225,25.833304166666668,9,2020,BASE+ALL
2021-10-08,49.567044046587,39.13413619995117,57.3323309208187,47.82603040859435,48.4648853939878,48.436997460086914,55.03254758571428,45.3149125,25.833304166666668,9,2020,BASE+ALL
2021-10-09,48.136580201475226,38.41388702392578,55.42757133408224,45.37851526136106,46.83913845521108,46.823555470921065,141.231773,96.11186666666669,25.833304166666668,9,2020,BASE+ALL
2021-10-10,47.59375146857115,36.720603942871094,55.72918530896878,49.639891228377806,47.42085798719721,47.35775685071401,-33.41175571428571,28.886545833333333,25.833304166666668,9,2020,BASE+ALL
2021-10-11,47.13987626953989,35.495567321777344,52.2708540168114,49.29120939757748,46.04937675142653,45.96098414535281,,92.1489375,25.833304166666668,9,2020,BASE+ALL
2021-10-12,46.962296003234556,35.243961334228516,49.33979556194562,56.1322408647556,46.919573441041074,46.751936462830386,,37.175275,25.833304166666668,9,2020,BASE+ALL
2021-10-13,46.783588278014776,35.12610626220703,47.542719730034186,42.56393366884649,43.00408698477562,42.9463216832074,,33.146225,25.833304166666668,9,2020,BASE+ALL
2021-10-14,46.9644777188622,35.38993453979492,52.009367156553964,41.89953101448636,44.06582760742435,44.04161320229945,10.215387083333336,23.612166666666667,25.833304166666668,9,2020,BASE+ALL
2021-10-15,46.76329305060394,35.166133880615234,52.26008379133869,41.46457761624902,43.913522084701725,43.893861666778754,34.97296911764706,32.502408333333335,25.833304166666668,9,2020,BASE+ALL
2021-10-16,48.256248463458085,37.94453048706055,56.29416652862329,41.65901244374498,46.03848948072173,46.056379668394875,23.485162142857146,32.4953,25.833304166666668,9,2020,BASE+ALL
2021-10-17,47.45845348769757,38.36963653564453,55.784491589814216,45.183224146067104,46.69895143980585,46.690621375422765,40.46259,36.8205875,25.833304166666668,9,2020,BASE+ALL
2021-10-18,43.68736406805837,38.04306411743164,55.21091910318102,51.18434388104875,47.03142279242995,46.98467119187241,7.907070500000001,23.87035416666667,25.833304166666668,9,2020,BASE+ALL
2021-10-19,44.30467405492028,33.30459213256836,40.91743375875017,68.99652023891822,46.880805046289254,46.54738074659456,4.893592499999999,18.44909583333333,25.833304166666668,9,2020,BASE+ALL
2021-10-20,45.88640151202525,33.30823516845703,34.13627420644896,65.21913499770996,44.6375114711603,44.28874807266928,23.219520125,27.483604166666662,25.833304166666668,9,2020,BASE+ALL
2021-10-21,42.66447773776804,33.487735748291016,35.18668048403933,49.044555105788206,40.09586226897164,39.91648942229349,82.34507490625,61.34241666666667,25.833304166666668,9,2020,BASE+ALL
2021-10-22,40.57278642315482,33.50050735473633,32.68357972836879,46.93604067398665,38.42322854506165,38.25957670338265,20.16000720384616,22.47417083333333,25.833304166666668,9,2020,BASE+ALL
2021-10-23,36.80318207558889,35.04468536376953,35.82843928581239,51.556917682913976,39.80830610202119,39.65646741503979,5.238968075000001,6.7712916666666665,25.833304166666668,9,2020,BASE+ALL
2021-10-24,35.518371761565604,34.16167449951172,34.7089149227239,53.335481828400034,39.43111075305032,39.256479595764404,-2.938836729411764,2.141625000000001,25.833304166666668,9,2020,BASE+ALL
2021-10-25,17.86292004045395,21.646163940429688,21.014738753213635,9.11774531652414,17.410392012655354,17.53905733997144,5.549181071428571,3.546645833333334,25.833304166666668,9,2020,BASE+ALL
2021-10-26,16.24516143895137,19.958919525146484,17.402748110047884,20.69779391715448,18.576155747825055,18.57522406217207,-15.820459541666668,-11.200291666666669,25.833304166666668,9,2020,BASE+ALL
2021-10-27,19.449835281191586,15.949231147766113,13.802511062081376,20.8873543693958,17.52223296510872,17.44613591863905,0.2655708078947368,0.6366916666666667,25.833304166666668,9,2020,BASE+ALL
2021-10-28,29.487135335514374,20.505430221557617,27.671363405110146,34.06829410744757,27.933055767407428,27.804797701119114,15.171722666666668,10.232666666666669,25.833304166666668,9,2020,BASE+ALL
2021-10-29,31.75955258862691,18.748897552490234,30.736845719127828,32.47204819980831,28.42933601501332,28.305657480882953,51.199504,50.94795,25.833304166666668,9,2020,BASE+ALL
2021-10-30,18.765339476644986,14.990192413330078,27.334699356362528,11.761992715338971,18.21305599041914,18.29361432654142,5.187645909090909,4.0250208333333335,25.833304166666668,9,2020,BASE+ALL
2021-10-31,37.687214209016965,26.99732208251953,43.42814251879587,41.21125919756467,37.33098450197426,37.24217088559726,7.426574782,16.635833333333334,25.833304166666668,9,2020,BASE+ALL
2021-11-01,17.927607952239576,17.03804588317871,25.734007353391235,15.20215280981648,18.9754534996565,19.038194359315902,3.6078068125,3.2553749999999995,25.833304166666668,9,2020,BASE+ALL
2021-11-02,14.553257753386593,14.231507301330566,17.063197061514632,1.771721415166617,11.904920882849602,12.03052231122523,10.703483181818182,6.989004166666667,25.833304166666668,9,2020,BASE+ALL
2021-11-03,12.174355401190184,11.082640647888184,15.50340235739855,-5.205687245243777,8.388677790308286,8.553375058013474,3.215175,2.000525,25.833304166666668,9,2020,BASE+ALL
2021-11-04,11.057033009007887,9.636247634887695,12.975634616174098,-8.496255600230764,6.293164914959729,6.466010903581623,-10.934440454545454,-4.285950000000001,25.833304166666668,9,2020,BASE+ALL
2021-11-05,9.911316775248572,9.31677532196045,10.67255433197489,-8.056262811037636,5.461095904536569,5.620085697677355,0.0763966538461539,1.5757916666666665,25.833304166666668,9,2020,BASE+ALL
2021-11-06,12.226549161940763,10.894214630126953,11.362177753116585,16.79387025054825,12.819202948933139,12.762131503584179,9.1060942,4.817541666666666,25.833304166666668,9,2020,BASE+ALL
2021-11-07,10.908050871606484,8.704068183898926,9.918292816401536,3.312149369370765,8.210640310319427,8.253396528167043,-7.314902541666666,-2.6565041666666667,25.833304166666668,9,2020,BASE+ALL
2021-11-08,10.311789346727238,7.716518878936768,9.251260476724655,-8.195905747800511,4.770915738647037,4.906817544092508,8.646871666666668,4.6616875,25.833304166666668,9,2020,BASE+ALL
2021-11-09,10.129078987908404,7.457091808319092,9.37184209152594,-1.3757537140910436,6.3955647934155975,6.47040830366993,-2.0649443823529423,-2.9050291666666666,25.833304166666668,9,2020,BASE+ALL
2021-11-10,9.691371877618533,6.62449312210083,9.19128463051101,-4.587875866722108,5.229818440877066,5.327444277755873,-0.8466201785714286,-1.8906458333333327,25.833304166666668,9,2020,BASE+ALL
2021-11-11,9.740007664547047,8.392918586730957,10.29943400273331,-2.662433433513055,6.442481705124565,6.544414664353768,-0.8097635418749999,-1.6803791666666668,25.833304166666668,9,2020,BASE+ALL
2021-11-12,13.115980904126205,10.17671012878418,12.639616052323383,23.859056653755584,14.947840934747337,14.8244668732571,-24.08106911111112,-14.382508333333334,25.833304166666668,9,2020,BASE+ALL
2021-11-13,10.528826154904788,8.188308715820312,9.759370623904163,1.8762785953091128,7.588196022484595,7.6404708857764225,-1.0417868749999992,-2.848433333333333,25.833304166666668,9,2020,BASE+ALL
2021-11-14,9.404797553072457,8.377184867858887,10.051018074701815,-9.80646137950506,4.506634779032025,4.672285331095186,-9.70014142857143,-7.263220833333334,25.833304166666668,9,2020,BASE+ALL
2021-11-15,9.765975565730239,8.670376777648926,10.87241488253365,-10.893044679228517,4.603930636671074,4.784578087364094,4.195053124999999,-1.6237624999999998,25.833304166666668,9,2020,BASE+ALL
2021-11-16,9.15149389627193,7.268735408782959,9.19128463051101,-2.3465305237852228,5.816245852945169,5.902492089754338,-10.7675855,-7.487695833333333,25.833304166666668,9,2020,BASE+ALL
2021-11-17,9.016123070805872,6.377640247344971,8.686576281382866,2.9526462094816672,6.758246452253844,6.787578217424009,2.010639,0.3594291666666668,25.833304166666668,9,2020,BASE+ALL
2021-11-18,10.638229873210452,7.537410259246826,8.587398880478878,10.825521134749357,9.397140036921378,9.35682645894688,6.381352611111111,6.264679166666667,25.833304166666668,9,2020,BASE+ALL
2021-11-19,10.098466223900335,7.009310245513916,7.833637847212039,-6.527546795425767,4.603466880300131,4.711312798678942,8.141529375000001,5.4829875,25.833304166666668,9,2020,BASE+ALL
2021-11-20,9.673705513692173,6.62449312210083,7.165574516317854,-3.127105486820394,5.084166916322616,5.15694340929036,90.604112,37.93015,25.833304166666668,9,2020,BASE+ALL
2021-11-21,9.491072306907592,6.317727088928223,6.49381337354221,-0.7192097488443956,5.395850755133407,5.44166658857882,-11.85636538888889,-4.275383333333333,25.833304166666668,9,2020,BASE+ALL
2021-11-22,10.299112245638515,8.05907154083252,7.484380173607231,-9.72469807488291,4.029466471298839,4.17150290728147,42.36847222222222,21.704529166666664,25.833304166666668,9,2020,BASE+ALL
2021-11-23,10.441842004864382,8.443890571594238,7.477144417074483,-12.701090205061703,3.4154466971178508,3.5863696974610404,-8.746583999999999,-1.1871999999999998,25.833304166666668,9,2020,BASE+ALL
2021-11-24,10.168586028916534,7.1614556312561035,6.519981945624696,-12.03669027826986,2.953333331881869,3.103252521760369,10.3482211,7.8378,25.833304166666668,9,2020,BASE+ALL
2021-11-25,9.591972301547312,6.62449312210083,6.527217702157439,-4.620811252502769,4.530717968325703,4.6134435721211435,1.2222365384615386,2.4272000000000005,25.833304166666668,9,2020,BASE+ALL
2021-11-26,18.451766272140436,13.134866714477539,12.369166829282186,27.17125258166317,17.781763099390833,17.622881138160793,6.005074999999997,9.119895833333333,25.833304166666668,9,2020,BASE+ALL
2021-11-27,37.29559264925064,32.194644927978516,26.09714956091903,36.07762990149946,32.91625425991191,32.817236783309106,-112.41941470588236,-62.32823333333334,25.833304166666668,9,2020,BASE+ALL
2021-11-28,14.95115075666759,18.395402908325195,15.315295590753863,1.956901892244879,12.654687786997881,12.80171200722522,6.681926818181818,7.688029166666666,25.833304166666668,9,2020,BASE+ALL
2021-11-29,14.434582857443022,13.68533992767334,10.893804970985245,-2.784346193096763,9.057345390751212,9.182932568841206,4.913494444444444,3.912475,25.833304166666668,9,2020,BASE+ALL
2021-11-30,22.93309549612223,18.023845672607422,16.724296896228676,26.21082768546356,20.973016437605473,20.86520597642314,-2.10348565,3.5901,25.833304166666668,9,2020,BASE+ALL
2021-12-01,23.41249474008242,18.607519149780273,19.221491445166105,27.806749303622198,22.26206365966275,22.157156660148587,,19.38818333333333,25.833304166666668,9,2020,BASE+ALL
2021-12-02,14.655157646311116,13.828380584716797,13.75013814282056,-1.837793317818964,10.098970764007378,10.233027516141094,-3.80687,0.0211333333333332,25.833304166666668,9,2020,BASE+ALL
2021-12-03,23.113703737497108,19.58988380432129,19.474952312034095,30.689015849050666,23.216888925725787,23.097954536984464,,29.48494583333333,25.833304166666668,9,2020,BASE+ALL
2021-12-04,27.81410021585544,24.743995666503906,22.814531733137553,45.42907699765311,30.200426153287502,29.988163492896113,-22.29709529166667,-0.461587500000002,25.833304166666668,9,2020,BASE+ALL
2021-12-05,29.809296122752457,27.721670150756836,25.435672811780684,38.30628949425005,30.31823214488501,30.199054536562556,64.56325236666666,52.084575,25.833304166666668,9,2020,BASE+ALL
2021-12-06,26.132404380467005,27.768556594848633,23.948948727305556,30.38606825839904,27.05899449025506,27.022306533813452,-3.796307727272726,13.645720833333334,25.833304166666668,9,2020,BASE+ALL
2021-12-07,40.12294642308404,36.21726989746094,32.129434281323846,51.0381793760405,39.87695749447734,39.69935145027455,-56.11896963636364,-13.4296625,25.833304166666668,9,2020,BASE+ALL
2021-12-08,40.24484898943264,37.401344299316406,32.76611453166878,51.07407062742632,40.37159461196104,40.206882225116786,34.56838007692308,26.3705125,25.833304166666668,9,2020,BASE+ALL
2021-12-09,29.943639824960915,31.70413589477539,27.36316805934186,37.52242721425441,31.633342748333142,31.565840139152154,15.92843155,17.863945833333332,25.833304166666668,9,2020,BASE+ALL
2021-12-10,32.33028672127638,32.42136001586914,27.583618114417202,41.89241813899372,33.55692074763911,33.444716742641205,24.489275666666668,21.611975,25.833304166666668,9,2020,BASE+ALL
2021-12-11,25.797853015308302,30.03180694580078,28.72648289010978,33.16202732883079,29.429542545012414,29.41767171365263,16.93453,15.945083333333336,25.833304166666668,9,2020,BASE+ALL
2021-12-12,28.553962994422836,32.01972961425781,29.635242845663093,43.47190995861229,33.420211353239004,33.32376102006974,23.87432,16.437304166666667,25.833304166666668,9,2020,BASE+ALL
2021-12-13,28.465821515917323,31.647132873535156,30.56013360731899,37.12951052076932,31.950649629385197,31.913300254802238,39.58545547058823,28.450716666666665,25.833304166666668,9,2020,BASE+ALL
2021-12-14,24.89001613154656,30.23502540588379,28.7581046846877,38.07234854733231,30.488873692362592,30.440388147779352,-18.90259181818182,-2.458016666666666,25.833304166666668,9,2020,BASE+ALL
2021-12-15,25.00910864117699,29.73729133605957,29.25421807446926,31.572327125145502,28.893236294212834,28.900489107742672,20.402775625,19.26664166666667,25.833304166666668,9,2020,BASE+ALL
2021-12-16,25.86889956952012,30.185956954956055,29.94701527815284,31.79829204514513,29.450040961943536,29.458418718940038,,29.227079166666663,25.833304166666668,9,2020,BASE+ALL
2021-12-17,10.961576789549444,10.04869270324707,9.218773000797421,14.647575060857386,11.21915438861283,11.168306037513956,,7.915641666666667,9.767054166666666,2,2021,BASE+ALL
2021-12-18,10.603995328104322,9.714488983154297,8.116475943062108,14.119065692723613,10.638506486761084,10.584974026283534,,7.511141666666667,9.767054166666666,2,2021,BASE+ALL
2021-12-19,11.145444802472376,9.091594696044922,8.551634113092042,18.152437830225875,11.735277860458805,11.640143257676987,,9.4536,9.767054166666666,2,2021,BASE+ALL
2021-12-20,11.892986585874569,8.935245513916016,8.88718232774258,16.345962880351134,11.515344326971075,11.43272471771114,,8.070612500000001,9.767054166666666,2,2021,BASE+ALL
2021-12-21,15.198342603234565,11.456371307373047,10.345688924855027,20.481771432446365,14.37054356697725,14.262922271972084,,15.327129166666666,9.767054166666666,2,2021,BASE+ALL
2021-12-22,16.11855702239287,12.43641471862793,11.477708029057908,17.287511017416747,14.330047696873864,14.260732313863521,,12.203404166666669,9.767054166666666,2,2021,BASE+ALL
2021-12-23,14.867906642574392,10.782200813293457,10.467814637903809,12.102970136274156,12.055223057511451,12.01881661037891,,9.798145833333333,9.767054166666666,2,2021,BASE+ALL
2021-12-24,16.578039759761236,13.989543914794922,13.751724485138014,11.068058915740144,13.84684176885858,13.856926448581671,,16.678820833333333,9.767054166666666,2,2021,BASE+ALL
2021-12-25,28.07778777940151,20.36720848083496,19.300029699733905,16.232172595720233,20.99429963892265,20.981653959245868,,16.090841666666666,9.767054166666666,2,2021,BASE+ALL
2021-12-26,15.440486171129079,14.255252838134766,14.7271590990405,7.152528340141841,12.893856612111547,12.95310858568019,,14.676816666666667,9.767054166666666,2,2021,BASE+ALL
2021-12-27,18.097103224618255,14.975290298461914,14.902094919604425,18.56551319967883,16.635000410590855,16.585247048008856,,17.7266375,9.767054166666666,2,2021,BASE+ALL
2021-12-28,36.3378445087199,27.603532791137695,29.802007702218273,39.76222218231487,33.37640179609768,33.232632615819384,,37.08269166666667,9.767054166666666,2,2021,BASE+ALL
2021-12-29,42.35723348811918,36.5507698059082,38.75966000107585,34.08007489666734,37.93693454794264,37.93950693268427,,25.336775,9.767054166666666,2,2021,BASE+ALL
2021-12-30,36.032586482242515,29.852176666259766,37.13066632634106,34.15668098146301,34.29302761407659,34.26330621435168,,18.903054166666667,9.767054166666666,2,2021,BASE+ALL
2021-12-31,46.22215991931279,37.28593826293945,41.456415756451534,43.7121150686256,42.169157251832345,42.08682977756136,,58.73559166666666,9.767054166666666,2,2021,BASE+ALL
2022-01-01,35.81640269149382,24.605701446533203,26.08480153851556,26.095950563902807,28.150714060111348,28.083612429981805,,18.1311875,9.767054166666666,2,2021,BASE+ALL
2022-01-02,45.419084666430464,33.988914489746094,41.30422055394943,36.80045730537485,39.378169253875214,39.332606136536945,,41.605175,9.767054166666666,2,2021,BASE+ALL
2022-01-03,29.064353611839024,24.412004470825195,27.475248347620447,16.334123996233245,24.32143260662948,24.38530008543661,,20.293916666666668,9.767054166666666,2,2021,BASE+ALL
2022-01-04,26.651530830974433,20.948293685913086,25.95204551057843,20.42027321689547,23.493035811090355,23.495452165242497,,24.834725,9.767054166666666,2,2021,BASE+ALL
2022-01-05,18.362562036147352,17.702211380004883,18.483341183206768,9.666757686011026,16.05371807134251,16.126013181554345,,14.678420833333334,9.767054166666666,2,2021,BASE+ALL
2022-01-06,29.721652446394792,23.521278381347656,28.033817574259174,32.91752140224887,28.548567451062624,28.457162958726258,,30.278325,9.767054166666666,2,2021,BASE+ALL
2022-01-07,40.16189944851355,26.347265243530273,33.40239898368767,27.85185633703889,31.940855003192596,31.892044687607147,,13.703954166666668,9.767054166666666,2,2021,BASE+ALL
2022-01-08,54.81747512824646,46.81969451904297,52.37153352207487,52.95514053423723,51.74096092590038,51.674622057921255,,40.4031375,9.767054166666666,2,2021,BASE+ALL
2022-01-09,24.863681295975624,30.477502822875977,33.705206686619185,11.681065641419409,25.18186411172255,25.399233396532317,,8.358441666666666,9.767054166666666,2,2021,BASE+ALL
2022-01-10,25.206100606488768,25.921728134155273,31.46488310635449,10.286571613170024,23.219820865042138,23.39544544212943,,12.116266666666666,9.767054166666666,2,2021,BASE+ALL
2022-01-11,22.395166762432385,19.67460823059082,25.96599068336422,10.0530788909462,19.522211141833406,19.62965917114056,,13.289508333333332,9.767054166666666,2,2021,BASE+ALL
2022-01-12,21.773537673838717,19.360246658325195,24.295402339446426,9.141873097302726,18.642764942228265,18.749212828991528,,10.575875,9.767054166666666,2,2021,BASE+ALL
2022-01-13,22.598455295497217,21.210840225219727,25.694957833463125,9.005026095205766,19.627319862346457,19.75448089756956,,17.427479166666668,9.767054166666666,2,2021,BASE+ALL
2022-01-14,22.739137298591018,18.106185913085938,23.55988949984754,14.944743421710475,19.837489033308742,19.8719307984889,,13.748075,9.767054166666666,2,2021,BASE+ALL
2022-01-15,23.149042587160288,17.740888595581055,23.022787801297415,8.928449357207505,18.210292085311565,18.289577361096967,,14.392433333333337,9.767054166666666,2,2021,BASE+ALL
2022-01-16,21.794074075598342,16.92814826965332,23.28858907413832,11.430727517046972,18.36038473410924,18.419631923133394,,8.1168125,9.767054166666666,2,2021,BASE+ALL
2022-01-17,22.786535104475227,16.92202377319336,21.877762793761196,7.861282124288987,17.361900948929694,17.43891481724794,,17.632416666666668,9.767054166666666,2,2021,BASE+ALL
2022-01-18,23.63292230341435,16.645246505737305,22.887690730622293,8.195739399898661,17.84039973491815,17.913318364326706,,11.336687500000002,9.767054166666666,2,2021,BASE+ALL
2022-01-19,22.21468552279973,15.672304153442383,22.222982993177066,12.653351433903463,18.19083102583066,18.219827966514273,,9.723770833333331,9.767054166666666,2,2021,BASE+ALL
2022-01-20,21.980926008622564,16.436800003051758,21.125752625166406,10.08101058367652,17.406122305129312,17.45932482425027,,10.7882875,9.767054166666666,2,2021,BASE+ALL
2022-01-21,23.365463599527136,16.784929275512695,20.419897446051497,7.826986639955545,17.099319240261718,17.163613912751547,,10.801233333333334,9.767054166666666,2,2021,BASE+ALL
2022-01-22,22.48058803402632,15.791191101074219,19.957386691892307,9.848877299410228,17.01951078160077,17.05955484759524,,8.333216666666667,9.767054166666666,2,2021,BASE+ALL
2022-01-23,23.547893749944862,17.136001586914062,22.523860148281756,15.540762938227056,19.687129605841935,19.69733713164562,,12.168533333333334,9.767054166666666,2,2021,BASE+ALL
2022-01-24,24.287809527245233,17.136001586914062,23.596808032447598,22.147133121070414,21.791938066919325,21.7456823071257,,11.9275125,9.767054166666666,2,2021,BASE+ALL
2022-01-25,24.80640762402912,18.387027740478516,24.08637561469149,12.150181585251906,19.857498141112757,19.910728831491955,,13.578129166666663,9.767054166666666,2,2021,BASE+ALL
2022-01-26,22.242035788520383,16.54567527770996,20.610231692182392,11.673729679208806,17.767918109405386,17.803400966085935,,8.6922625,9.767054166666666,2,2021,BASE+ALL
2022-01-27,21.05533447598676,15.85670280456543,21.183584653574083,15.366350654483483,18.36549314715244,18.372303166224256,,12.173508333333332,9.767054166666666,2,2021,BASE+ALL
2022-01-28,21.23714900500944,15.283713340759277,19.57770223592658,11.49866859794058,16.89930829490897,16.925058525625946,,17.457058333333332,9.767054166666666,2,2021,BASE+ALL
2022-01-29,36.55359080700027,28.243906021118164,34.39218595726912,49.53802117510471,37.18192599012306,36.982741571326095,,36.55660833333334,9.767054166666666,2,2021,BASE+ALL
2022-01-30,24.474709393534095,21.188274383544922,24.55429818680532,17.030522975726804,21.811951234902786,21.850420859002433,,31.25487916666667,9.767054166666666,2,2021,BASE+ALL
2022-01-31,27.981600518650694,20.871076583862305,25.24965503189208,20.292137732596963,23.59861746675051,23.589931099069222,,10.367804166666668,9.767054166666666,2,2021,BASE+ALL
2022-02-01,34.14233111079916,26.29962921142578,29.47039106650143,22.14420096707044,28.014138088949203,28.025987017268992,,11.311770833333334,9.767054166666666,2,2021,BASE+ALL
2022-02-02,24.799847563505654,18.6518611907959,24.236320103315833,15.8069113443297,20.873735050486772,20.897677695529733,,8.481779166666668,9.767054166666666,2,2021,BASE+ALL
2022-02-03,19.04201094354244,16.093820571899414,16.825706916269418,17.567803755071566,17.382335546695707,17.35710588925104,,12.622066666666669,9.767054166666666,2,2021,BASE+ALL
2022-02-04,30.172699535155928,21.85389518737793,21.69133713205678,31.353393801362863,26.267831413988375,26.136043368590524,,17.872766666666667,9.767054166666666,2,2021,BASE+ALL
2022-02-05,29.68167943400829,19.527029037475586,21.494620032697735,21.473289726341736,23.044154557630836,22.98178833737053,,19.53452916666667,9.767054166666666,2,2021,BASE+ALL
2022-02-06,48.56897553149639,41.15883255004883,57.750476401314216,42.80973324356418,47.572004431605905,47.61403482990935,,50.062804166666666,9.767054166666666,2,2021,BASE+ALL
2022-02-07,23.419313526143746,22.215805053710938,29.827286215879393,11.719635741129098,21.795510134215792,21.92700194336139,,11.570870833333332,9.767054166666666,2,2021,BASE+ALL
2022-02-08,20.674873287144326,16.821247100830078,24.335747671642437,18.58067159842484,20.10313491451042,20.110406964459667,,14.727845833333332,9.767054166666666,2,2021,BASE+ALL
2022-02-09,18.430031678335006,14.992530822753906,18.95467892493248,16.125015883381852,17.125564327350812,17.119729700302585,,11.594458333333334,9.767054166666666,2,2021,BASE+ALL
2022-02-10,17.886675748866367,12.311347961425781,17.798665808777926,16.31678279356784,16.078368078159478,16.044094077185388,,16.93657083333333,9.767054166666666,2,2021,BASE+ALL
2022-02-11,18.369457799229025,11.950766563415527,17.378736654975892,9.316622339698744,14.253895839329799,14.27352937686093,,11.402979166666666,9.767054166666666,2,2021,BASE+ALL
2022-02-12,18.819052375043416,11.99977970123291,17.26623226675305,18.50402667917204,16.647272755550354,16.582553188029227,,18.623366666666666,9.767054166666666,2,2021,BASE+ALL
2022-02-13,33.83749360009547,23.87314224243164,28.83171620982918,37.774651346551074,31.07925084972684,30.929449106383316,,37.80518333333333,9.767054166666666,2,2021,BASE+ALL
2022-02-14,22.214363948210483,16.04391860961914,21.852132842908723,20.426372267502376,20.13419691706018,20.09514775934412,,32.7622625,9.767054166666666,2,2021,BASE+ALL
2022-02-15,32.00284945898083,22.414419174194336,29.61617647110923,32.548673833671934,29.14552973448908,29.044545644848473,,45.62210416666667,9.767054166666666,2,2021,BASE+ALL
2022-02-16,74.45954285108536,83.47407531738281,98.69609660171048,50.97708311244413,76.9016994706557,77.3306413252263,,82.84893749999999,9.767054166666666,2,2021,BASE+ALL
2022-02-17,35.22131079836444,39.683265686035156,41.159893810148525,25.17363787934673,35.309527043473715,35.47203978424328,,30.521275,9.767054166666666,2,2021,BASE+ALL
2022-02-18,56.878864541900406,68.52238464355469,51.89069743214775,39.76199861681345,54.26348630860408,54.48563035979826,,43.11265,9.767054166666666,2,2021,BASE+ALL
2022-02-19,45.39659749048872,44.64768600463867,41.23232375258285,35.44183157474757,41.67960970561445,41.73699858728546,,42.157075,9.767054166666666,2,2021,BASE+ALL
2022-02-20,92.87007812055872,96.59820556640625,102.32873266824426,56.82431593117486,87.15533307159602,87.56327378258115,,83.41421666666666,9.767054166666666,2,2021,BASE+ALL
2022-02-21,49.52829871599842,49.65117263793945,46.587191935410274,29.331997864917195,43.77466528856633,43.937701201312976,,38.42126666666667,9.767054166666666,2,2021,BASE+ALL
2022-02-22,42.18964170338041,41.44557189941406,43.216583475528154,28.34146220329625,38.79831482040472,38.921010244766954,,35.60292916666666,9.767054166666666,2,2021,BASE+ALL
2022-02-23,26.15997428394544,26.624839782714844,27.78100449132425,18.718851744632683,24.821167575654307,24.900813873102415,,16.764370833333334,9.767054166666666,2,2021,BASE+ALL
2022-02-24,42.61200703369927,34.47821044921875,40.90374146455727,34.92687721326413,38.23020904018485,38.218781360356644,,36.9496375,9.767054166666666,2,2021,BASE+ALL
2022-02-25,25.635773165629573,24.4378604888916,25.043846583453853,9.258882466847616,21.09409067620566,21.22579237941608,,15.303854166666667,9.767054166666666,2,2021,BASE+ALL
2022-02-26,22.1011690822359,22.034589767456055,22.39930819219735,15.798450430707982,20.583379368149323,20.640548748733266,,15.400679166666668,9.767054166666666,2,2021,BASE+ALL
2022-02-27,21.297382290568525,19.922502517700195,22.021364246843007,15.22041946247654,19.615417129397066,19.66190633134167,,14.6327875,9.767054166666666,2,2021,BASE+ALL
2022-02-28,23.243838595678564,18.208614349365234,21.679605802692897,22.36287344963825,21.373733049343738,21.329234721075764,,14.733391666666668,9.767054166666666,2,2021,BASE+ALL
2022-03-01,29.030160005624072,23.357276916503906,27.53049067643703,23.850782755236622,25.942177588450406,25.930781451417374,,26.905083333333334,9.767054166666666,2,2021,BASE+ALL
2022-03-02,29.006390734622748,20.218441009521484,25.750979588400195,32.08649142057576,26.765575688280045,26.643796578837147,,19.9594,9.767054166666666,2,2021,BASE+ALL
2022-03-03,25.331110377054383,18.12334442138672,20.383051719257594,18.970809548092927,20.702079016447907,20.667656089725376,,12.904275,9.767054166666666,2,2021,BASE+ALL
2022-03-04,19.21143631262615,15.737442016601562,16.62811225432997,11.099678506670388,15.669167272557017,15.696220222589044,,14.974316666666668,9.767054166666666,2,2021,BASE+ALL
2022-03-05,19.43999059185503,15.043002128601074,16.11764283223016,12.075552957733356,15.669047127604905,15.677198198692833,,20.3231125,9.767054166666666,2,2021,BASE+ALL
2022-03-06,20.839879102973942,14.181777954101562,17.133163077884596,26.038056515012546,19.54821916249316,19.42318162510532,,18.2246625,9.767054166666666,2,2021,BASE+ALL
2022-03-07,23.23891056471054,14.626065254211426,18.32517041593972,32.6952320293576,22.22134456605482,22.03463132893997,,21.3497125,9.767054166666666,2,2021,BASE+ALL
2022-03-08,19.35854611167978,14.00901985168457,18.295676653399617,17.173822249912323,17.20926621666907,17.17662185081602,,13.470645833333334,9.767054166666666,2,2021,BASE+ALL
2022-03-09,22.159175373555023,15.320489883422852,23.040967742762746,20.02281549775165,20.13586212437307,20.10154388834256,,11.229133333333335,9.767054166666666,2,2021,BASE+ALL
2022-03-10,18.823946803944686,13.714322090148926,17.997163467696033,14.360140316290137,16.223893169519947,16.214938010408364,,7.976458333333333,9.767054166666666,2,2021,BASE+ALL
2022-03-11,26.38229125092527,20.685710906982422,28.092011796916236,25.912198949285223,25.268053226027288,25.233600983003427,,22.14957083333333,9.767054166666666,2,2021,BASE+ALL
2022-03-12,35.00753042255897,31.34868812561035,37.935272737643366,27.795430098260187,33.021730346018224,33.07178886309259,,23.11939166666667,9.767054166666666,2,2021,BASE+ALL
2022-03-13,24.32954120705718,22.98868179321289,24.962380503455627,18.205437057691658,22.62151014035434,22.668170298321126,,11.61195,9.767054166666666,2,2021,BASE+ALL
2022-03-14,24.047918169025273,19.926204681396484,22.08082130097002,9.563845397526208,18.904697387229497,18.986446505176044,,19.985458333333334,9.767054166666666,2,2021,BASE+ALL
2022-03-15,23.805379593189798,18.193979263305664,22.063375193422328,13.69050246530306,19.438309128805212,19.469840338186007,,11.507408333333332,9.767054166666666,2,2021,BASE+ALL
2022-03-16,22.819847129690775,17.160558700561523,21.580178234366294,12.74941400969254,18.57749951857778,18.61119573916229,,13.247791666666666,9.767054166666666,2,2021,BASE+ALL
2022-03-17,22.611365909341018,15.397196769714355,20.6824915825829,12.23170145394272,17.730688928895248,17.7497556098953,,12.351070833333331,9.767054166666666,2,2021,BASE+ALL
2022-03-18,23.477274028459423,14.746763229370117,21.40091947259523,17.50382482985527,19.282195390070008,19.248284991727846,,14.165095833333332,9.767054166666666,2,2021,BASE+ALL
2022-03-19,33.46649330504569,24.2082576751709,39.609318368228145,44.97349028107832,35.564389907380765,35.41930037891855,,18.96676666666667,9.767054166666666,2,2021,BASE+ALL
2022-03-20,27.06148831112422,19.53954315185547,26.155193805258424,23.041082182987942,23.949326862806515,23.91532648561017,,16.017645833333333,9.767054166666666,2,2021,BASE+ALL
2022-03-21,25.15054843333419,17.472131729125977,22.17257962549789,16.243941103404435,20.259800222840624,20.255611155090705,,12.034808333333332,9.767054166666666,2,2021,BASE+ALL
2022-03-22,25.13133125061353,17.736358642578125,22.28231173339037,16.95028618077483,20.525071951839216,20.517626007633876,,17.350745833333335,9.767054166666666,2,2021,BASE+ALL
2022-03-23,24.740122973602443,17.420156478881836,21.888898983282107,12.826711458524208,19.21897247357265,19.245303591401683,,23.211670833333333,9.767054166666666,2,2021,BASE+ALL
2022-03-24,24.363182121853995,17.524276733398438,21.980413894581712,10.269966530281415,18.534459820028893,18.58703510653254,,19.111083333333333,9.767054166666666,2,2021,BASE+ALL
2022-03-25,23.26053822909377,18.25739860534668,22.517515593131836,13.507675546004156,19.385781993394108,19.425206848624047,,14.0834,9.767054166666666,2,2021,BASE+ALL
2022-03-26,24.307363124723466,17.764467239379883,22.438416333375866,23.059205886627264,21.89236314602662,21.83642672870176,,20.578320833333333,9.767054166666666,2,2021,BASE+ALL
2022-03-27,24.47447555905642,17.650341033935547,22.420970225828174,17.022661857434237,20.392112169063594,20.387775603597824,,22.21033333333333,9.767054166666666,2,2021,BASE+ALL
2022-03-28,24.229395092876633,17.650341033935547,21.97372079314842,13.952996813237904,19.451613433299624,19.473264549381977,,15.626570833333332,9.767054166666666,2,2021,BASE+ALL
2022-03-29,24.23858341370362,19.063322067260742,22.83874654551067,12.448768417394424,19.647355110967364,19.699515777587372,,18.1914,9.767054166666666,2,2021,BASE+ALL
2022-03-30,23.115295881238005,16.075742721557617,21.06630643224181,11.710615020381226,17.991990013854664,18.02094401613016,,13.6989625,9.767054166666666,2,2021,BASE+ALL
2022-03-31,23.90218622887979,17.91058921813965,21.718623325255766,23.447298092576474,21.744674216212918,21.684549062314346,,16.180633333333333,9.767054166666666,2,2021,BASE+ALL
2022-04-01,23.655575450419256,15.795511245727539,20.834524494933692,14.549182241001867,18.70869835802059,18.705657251198577,,15.9046875,9.767054166666666,2,2021,BASE+ALL
2022-04-02,23.553983784490804,16.418270111083984,20.438673640405813,9.111787696812485,17.380678808198272,17.429484124984544,,14.282958333333331,9.767054166666666,2,2021,BASE+ALL
2022-04-03,23.507653452452786,15.04897689819336,20.033636886536314,8.818823799269428,16.85227275911297,16.889830274178664,,17.612933333333334,9.767054166666666,2,2021,BASE+ALL
2022-04-04,26.150594661568014,14.264328002929688,20.49724196061552,16.883373811082773,19.448884609049,19.396085665433816,,10.874225,9.767054166666666,2,2021,BASE+ALL
2022-04-05,27.288653192147603,14.645947456359863,22.574350836427335,20.261216844883776,21.192542082454647,21.11893049557547,,11.0362625,9.767054166666666,2,2021,BASE+ALL
2022-04-06,36.001599489996,25.442487716674805,35.51513670738705,29.295625205242057,31.56371227982498,31.53006233351919,,10.436108333333332,9.767054166666666,2,2021,BASE+ALL
2022-04-07,36.4739549454531,30.600969314575195,39.26231347979719,29.120016009969504,33.86431343744875,33.89586591417117,,10.4105,9.767054166666666,2,2021,BASE+ALL
2022-04-08,27.083336284968993,23.008756637573242,26.090172941605427,12.68114122051421,22.215851771165468,22.30303406127804,,23.67375833333333,9.767054166666666,2,2021,BASE+ALL
2022-04-09,24.663136406006522,17.99460220336914,20.892615635258938,10.556358737132784,18.526678245441847,18.572628191696865,,10.7297375,9.767054166666666,2,2021,BASE+ALL
2022-04-10,23.902749802980512,18.251527786254883,21.307718891396355,16.30575428886429,19.941937692374008,19.945723641078718,,12.025541666666667,9.767054166666666,2,2021,BASE+ALL
2022-04-11,24.58904978160892,19.502342224121094,23.481065383701182,25.15526304879408,23.18193010955632,23.126835441488552,,9.680825,9.767054166666666,2,2021,BASE+ALL
2022-04-12,23.42624877255296,17.25426483154297,23.0328224800779,15.89855745945282,19.902973385906662,19.9147028973977,,11.770895833333334,9.767054166666666,2,2021,BASE+ALL
2022-04-13,23.001590031105167,16.960338592529297,24.25418780976239,14.606782932536984,19.70572484148346,19.736003911949176,,12.6686125,9.767054166666666,2,2021,BASE+ALL
2022-04-14,22.19978645656506,15.88818359375,21.338451108874597,7.386810836599007,16.703307998947167,16.77578026920042,,24.9423875,9.767054166666666,2,2021,BASE+ALL
2022-04-15,22.018541052762473,16.561307907104492,22.025588176090242,9.729470764581473,17.58372697513467,17.64622584345948,,28.4409375,9.767054166666666,2,2021,BASE+ALL
2022-04-16,22.827799089565783,16.544647216796875,22.054629727772557,15.428168234101808,19.213811067059257,19.221207453972855,,28.8371875,9.767054166666666,2,2021,BASE+ALL
2022-04-17,22.330831118567712,16.083133697509766,21.39675947497809,13.37921473726024,18.29748475707895,18.31801703998387,,15.458795833333332,9.767054166666666,2,2021,BASE+ALL
2022-04-18,20.730106293876545,15.120290756225586,20.55297756268879,8.158778904465697,16.140538379314155,16.203150035554195,,13.303033333333332,9.767054166666666,2,2021,BASE+ALL
2022-04-19,21.02993440324446,13.466265678405762,20.761844518421224,8.785408341941606,16.010863235503262,16.053319699188663,,14.896820833333331,9.767054166666666,2,2021,BASE+ALL
2022-04-20,21.42498569951726,14.906867980957031,21.223871336394886,12.349994003102532,17.476429754992928,17.50007701827091,,31.926058333333334,9.767054166666666,2,2021,BASE+ALL
2022-04-21,22.462486492263185,13.533651351928711,21.079483135013206,18.002933190314078,18.769638542379795,18.72468461491308,,27.163391666666666,9.767054166666666,2,2021,BASE+ALL
2022-04-22,23.79037991837732,14.85240650177002,22.797673426552986,32.332114512578485,23.4431435898197,23.284949734036672,,23.6029625,9.767054166666666,2,2021,BASE+ALL
2022-04-23,23.692772592013924,14.08265495300293,22.38496680951941,24.69127321199504,21.212916891632826,21.11410431096232,,21.63905,9.767054166666666,2,2021,BASE+ALL
2022-04-24,23.914926133057595,13.41830062866211,22.393823677024177,17.90158508494938,19.407158880923312,19.361776010936513,,47.158191666666674,9.767054166666666,2,2021,BASE+ALL
2022-04-25,23.798125371878495,14.018073081970215,21.759384963387994,17.947641596834597,19.380806253517825,19.33704735378932,,18.082766666666668,9.767054166666666,2,2021,BASE+ALL
2022-04-26,23.95375415010667,13.361238479614258,21.95590799128352,20.32191563489257,19.898204063974255,19.82803178913207,,16.126708333333333,9.767054166666666,2,2021,BASE+ALL
2022-04-27,24.023775610387567,13.75891399383545,22.17948784726375,23.43975685671081,20.850483577049395,20.756953346099607,,16.888895833333333,9.767054166666666,2,2021,BASE+ALL
2022-04-28,23.888102651581804,14.612266540527344,22.492199972756264,16.773222938790305,19.441448025913928,19.4170321415021,,17.48165,9.767054166666666,2,2021,BASE+ALL
2022-04-29,24.055452340356098,14.505598068237305,22.492199972756264,14.330903323613002,18.846038426240668,18.841466461793363,,26.935104166666665,9.767054166666666,2,2021,BASE+ALL
2022-04-30,23.723019142828793,14.505598068237305,22.492199972756264,11.811878020582908,18.133173801101318,18.15283073301469,,33.3212125,9.767054166666666,2,2021,BASE+ALL
2022-05-01,24.0535693938047,15.623246192932129,23.22726197845937,7.461983429049537,17.591515248561436,17.66186552894283,,44.15317916666667,9.767054166666666,2,2021,BASE+ALL
2022-05-02,22.06478721396193,16.131507873535156,21.37470423984298,8.390938675763959,16.99048450077601,17.057088633063163,,16.618441666666666,9.767054166666666,2,2021,BASE+ALL
2022-05-03,21.431298812566254,14.91401195526123,21.132026410556055,6.865492291181392,16.085707367391233,16.157547307706686,,24.5187875,9.767054166666666,2,2021,BASE+ALL
2022-05-04,21.17421123072488,12.345577239990234,19.48463038873056,11.576891173233626,16.145327508169828,16.145048810621244,,15.954816666666666,9.767054166666666,2,2021,BASE+ALL
2022-05-05,21.140142447974327,12.177085876464844,19.48463038873056,12.568517149103476,16.3425939655683,16.332257135237736,,34.26819583333333,9.767054166666666,2,2021,BASE+ALL
2022-05-06,21.189766573396636,12.192065238952637,19.48463038873056,15.617278267798891,17.120935117219684,17.08337220449048,,16.233395833333333,9.767054166666666,2,2021,BASE+ALL
2022-05-07,21.643144174313107,11.02297592163086,19.652959985981553,10.05749038033673,15.594142615565563,15.594419617225487,,20.57797083333333,9.767054166666666,2,2021,BASE+ALL
2022-05-08,23.044436512244715,12.533490180969238,20.966978746790364,13.329459937799404,17.468591344450928,17.45267271519753,,18.97160833333333,9.767054166666666,2,2021,BASE+ALL
2022-05-09,22.87599155311135,12.091165542602539,19.944901062985338,15.023829999068925,17.483972039442037,17.444120087693346,,10.619854166666666,9.767054166666666,2,2021,BASE+ALL
2022-05-10,22.80457615863244,11.256047248840332,19.98789618615179,16.253502295753226,17.575505472344446,17.518241000371038,,11.529404166666666,9.767054166666666,2,2021,BASE+ALL
2022-05-11,24.984765157856454,14.310894966125488,23.065628023886347,22.31259405975742,21.168470551906427,21.089544426956284,,8.414620833333334,9.767054166666666,2,2021,BASE+ALL
2022-05-12,22.70359654700978,11.003353118896484,20.20790582400048,13.911971897106758,16.956706846753374,16.919941001603654,,7.485495833333334,9.767054166666666,2,2021,BASE+ALL
2022-05-13,22.390704978930238,12.307345390319824,19.426539248405316,17.13594583950492,17.815133864290075,17.758018972153295,,8.615425,9.767054166666666,2,2021,BASE+ALL
2022-05-14,22.659055274171955,12.742764472961426,20.920916952191323,10.78771542711338,16.777613031609523,16.787938824585183,,15.478741666666666,9.767054166666666,2,2021,BASE+ALL
2022-05-15,25.201943504484728,14.621508598327637,23.314095167371494,18.81641161167057,20.48848972046361,20.443527507948733,,30.113266666666664,9.767054166666666,2,2021,BASE+ALL
2022-05-16,22.849963941605548,11.137550354003906,20.167146493833833,14.580834958650504,17.18387393702345,17.141257368421538,,20.819075,9.767054166666666,2,2021,BASE+ALL
2022-05-17,23.97318489690178,13.103468894958496,21.011657742658667,17.00095525527699,18.772316697448986,18.723743624631062,,23.670304166666668,9.767054166666666,2,2021,BASE+ALL
2022-05-18,23.01899921360728,12.924210548400879,20.569308903666993,13.88981458691413,17.60058331314732,17.580821916835877,,35.54980833333333,9.767054166666666,2,2021,BASE+ALL
2022-05-19,22.049239536413413,10.835770606994629,19.06906408480972,10.480685616099288,15.608689961079262,15.597887399815452,,48.190625,9.767054166666666,2,2021,BASE+ALL
2022-05-20,21.607699495522837,11.334787368774414,19.765335013323604,16.36461503675884,17.268109228594923,17.215900249244307,,52.1678125,9.767054166666666,2,2021,BASE+ALL
2022-05-21,21.19357463866182,10.569336891174316,19.05161797726203,10.588495295437488,15.350756200633914,15.341392411801024,,51.7625875,9.767054166666666,2,2021,BASE+ALL
2022-05-22,21.190359530030552,10.84772777557373,19.27815301222736,7.54864518566486,14.716221375874126,14.7375942003163,,77.26997916666666,9.767054166666666,2,2021,BASE+ALL
2022-05-23,23.33061737237624,15.084839820861816,23.016019349852158,12.055026130932196,18.3716256685056,18.399366381634497,,16.326041666666665,9.767054166666666,2,2021,BASE+ALL
2022-05-24,21.75447259950558,10.857869148254395,20.20790582400048,14.522625160533073,16.83571818307338,16.797584978239104,,28.39925,9.767054166666666,2,2021,BASE+ALL
2022-05-25,25.106805504519855,13.206560134887695,21.681104912911053,24.544191014944023,21.134665391815656,21.017606407129815,,28.906658333333336,9.767054166666666,2,2021,BASE+ALL
2022-05-26,24.496826809062977,13.248445510864258,21.66625166460506,22.184420942956343,20.398986231872158,20.3065623043475,,36.21583333333333,9.767054166666666,2,2021,BASE+ALL
2022-05-27,21.921965571496855,11.075699806213379,20.656547084001453,14.776690304080455,17.107725691448035,17.070916172435567,,51.3494375,9.767054166666666,2,2021,BASE+ALL
2022-05-28,20.498481093279864,10.789568901062012,19.41474481541523,8.62988419157951,14.833169750334154,14.849113601311785,,68.6021375,9.767054166666666,2,2021,BASE+ALL
2022-05-29,23.14347770221766,14.238143920898438,23.13501824702366,8.403590694635856,17.230057641193902,17.284733145057814,,29.597458333333336,9.767054166666666,2,2021,BASE+ALL
2022-05-30,21.2782115826083,10.847195625305176,20.583798090149465,7.120182424831864,14.957346930723702,14.989747838489839,,18.39615833333333,9.767054166666666,2,2021,BASE+ALL
2022-05-31,20.972308210724574,11.831229209899902,20.16961468320782,11.786328276248488,16.189870095020197,16.18850778248987,,9.014383333333331,9.767054166666666,2,2021,BASE+ALL
2022-06-01,20.525149919500933,12.108617782592773,19.89929555156706,6.861521343938032,14.8486461493997,14.894295142339915,,13.454025,9.767054166666666,2,2021,BASE+ALL
2022-06-02,21.505783680707072,12.501341819763184,20.643595513903865,13.111825353625598,16.940636591999926,16.93305729993121,,14.172016666666666,9.767054166666666,2,2021,BASE+ALL
2022-06-03,22.37690813435238,12.781462669372559,20.936223932367785,11.929218435887304,17.005953292995006,17.008138285419594,,20.88018333333333,9.767054166666666,2,2021,BASE+ALL
2022-06-04,25.119633435434746,17.771728515625,24.96671737020696,22.131655326187357,22.497433661863518,22.460206221184173,,37.02615,9.767054166666666,2,2021,BASE+ALL
2022-06-05,23.64641747327951,16.052291870117188,22.391995336397226,14.202270465874596,19.07324378641713,19.08473814961498,,26.8501625,9.767054166666666,2,2021,BASE+ALL
2022-06-06,22.66310630203923,14.554397583007812,20.677706948177125,12.837770864853075,17.68324542451931,17.689402069593896,,24.165604166666668,9.767054166666666,2,2021,BASE+ALL
2022-06-07,22.896260719641123,13.647895812988281,20.445299529511484,14.71672648222681,17.926545636091923,17.905583649569024,,20.2296,9.767054166666666,2,2021,BASE+ALL
2022-06-08,29.413656635092803,21.28683090209961,28.071285610847195,26.4434458708105,26.30380475471253,26.252724784113248,,9.552358333333332,9.767054166666666,2,2021,BASE+ALL
2022-06-09,25.892454575949632,17.50088119506836,24.164283988567732,19.465254831368885,21.75571864773865,21.730795937182783,,26.823287500000003,9.767054166666666,2,2021,BASE+ALL
2022-06-10,23.47096925031962,16.60660171508789,20.78592300777033,18.76587936590828,19.90734333477153,19.874534812819736,,23.16690833333333,9.767054166666666,2,2021,BASE+ALL
2022-06-11,23.973521227362863,17.263280868530273,21.23297768948353,22.953793566577588,21.355893337988565,21.291344345151817,,23.4058375,9.767054166666666,2,2021,BASE+ALL
2022-06-12,22.52243457755694,15.637186050415039,19.98586865443024,16.616888489676835,18.690594443019762,18.669146646356555,,8.603620833333332,9.767054166666666,2,2021,BASE+ALL
2022-06-13,21.895424598303066,15.38845443725586,20.231091467140494,11.287887373332715,17.200714469008034,17.229418759784163,,22.003891666666664,9.767054166666666,2,2021,BASE+ALL
2022-06-14,21.282860920342628,12.630414009094238,19.300153899607146,8.754286109681583,15.491928734681398,15.517458047636442,,8.335433333333333,9.767054166666666,2,2021,BASE+ALL
2022-06-15,21.135144902294186,12.216849327087402,19.604301107699936,9.602831878065125,15.639781803786663,15.656859720362887,,11.076583333333334,9.767054166666666,2,2021,BASE+ALL
2022-06-16,22.3230602198276,14.8547945022583,21.548585630481757,9.313264848575455,17.009926300285777,17.057002199313242,,25.8327875,9.767054166666666,2,2021,BASE+ALL
2022-06-17,22.413833178044776,14.259771347045898,21.7549144521464,15.181776047564174,18.40257375620031,18.393151729225504,,31.556425,9.767054166666666,2,2021,BASE+ALL
2022-06-18,24.512980665822763,17.9935302734375,28.885763095866427,16.633254786240816,22.006382205341875,22.04643978686924,,18.7468625,9.767054166666666,2,2021,BASE+ALL
2022-06-19,23.51339171388624,17.480424880981445,25.992319486690754,9.402575408896068,19.097177872613628,19.185542746914592,,25.82132083333333,9.767054166666666,2,2021,BASE+ALL
2022-06-20,24.065879575349186,17.143543243408203,22.155963493840403,14.142870358969232,19.377064167891756,19.394683811735423,,40.579770833333335,9.767054166666666,2,2021,BASE+ALL
2022-06-21,22.186024927799142,16.561767578125,21.74931596219735,7.625225036737138,17.030583376214658,17.109206234436332,,15.418970833333333,9.767054166666666,2,2021,BASE+ALL
2022-06-22,22.285916129587363,19.449708938598633,22.89965728871249,9.146108849294103,18.44534780154815,18.54141133451831,,22.137304166666667,9.767054166666666,2,2021,BASE+ALL
2022-06-23,22.06639383824266,17.79460906982422,21.04775069929244,8.337756236384134,17.311627460935863,17.39098996557301,,19.93200416666667,9.767054166666666,2,2021,BASE+ALL
2022-06-24,22.676773790175808,17.20297622680664,19.751057747060575,19.670350493854976,19.825289564474502,19.787868175331496,,48.70947916666666,9.767054166666666,2,2021,BASE+ALL
2022-06-25,24.101276069613597,16.97637367248535,21.272785711429442,24.74644541554199,21.774220217267597,21.69081743022307,,26.2950625,9.767054166666666,2,2021,BASE+ALL
2022-06-26,26.162213108881502,19.423290252685547,23.515733124553858,26.906224293497004,24.00186519490448,23.92196248803349,,37.83319166666667,9.767054166666666,2,2021,BASE+ALL
2022-06-27,21.445308309419968,18.12977409362793,18.16769444678607,21.06163559309208,19.701103110731513,19.656771815385973,,33.85839583333333,9.767054166666666,2,2021,BASE+ALL
2022-06-28,22.448372132103763,19.38058090209961,19.70008037424214,21.309464326526346,20.709624433742967,20.677248998184176,,48.0397,9.767054166666666,2,2021,BASE+ALL
2022-06-29,21.126070530494495,18.388072967529297,18.147432440529666,9.78309412136663,16.86116751498002,16.920877632261764,,41.94915833333334,9.767054166666666,2,2021,BASE+ALL
2022-06-30,18.438513699705766,18.049245834350586,16.597950736425464,11.145962891415,16.057918290474202,16.1084758063924,,42.11911666666666,9.767054166666666,2,2021,BASE+ALL
2022-07-01,19.17344245552059,19.77930450439453,20.05029361471329,17.738963167394715,19.18550093550578,19.208607395440623,,47.91625,9.767054166666666,2,2021,BASE+ALL
2022-07-02,18.796517986042183,19.305343627929688,20.8880245222921,18.036248170177085,19.256533576610263,19.28000210070577,,39.554125,9.767054166666666,2,2021,BASE+ALL
2022-07-03,18.750140663686324,18.852378845214844,23.685979163717608,15.554021449976611,19.210630030648847,19.269067295386456,,38.57859583333333,9.767054166666666,2,2021,BASE+ALL
2022-07-04,18.846794325540646,18.19657325744629,24.987953943131007,12.091036015574526,18.530589385423117,18.621328699787846,,45.877525,9.767054166666666,2,2021,BASE+ALL
2022-07-05,18.84427158483272,18.06393051147461,19.983581326880476,13.516992625048273,17.60219401205902,17.64956634090127,,31.330625,9.767054166666666,2,2021,BASE+ALL
2022-07-06,19.449801608015974,18.988916397094727,21.42721786168887,15.279463177912405,18.786349761177995,18.83113405390753,,15.8576375,9.767054166666666,2,2021,BASE+ALL
2022-07-07,20.494171180921292,22.866657257080078,20.88239274151705,13.855651917356722,19.524718274218788,19.606268532879046,,6.298866666666666,9.767054166666666,2,2021,BASE+ALL
2022-07-08,19.77275108445547,25.482616424560547,20.740742580487332,7.641292357124124,18.40935061165687,18.57166371571704,,5.4605125,9.767054166666666,2,2021,BASE+ALL
2022-07-09,19.109238726331334,25.482616424560547,19.78818765555773,8.705658084158426,18.27142522265201,18.422360157107747,,6.172675000000001,9.767054166666666,2,2021,BASE+ALL
2022-07-10,19.262272521570374,27.201364517211914,23.65309069749582,8.682309398612997,19.699759283722777,19.887596953458157,,3.803775,9.767054166666666,2,2021,BASE+ALL
2022-07-11,19.52131430777379,27.65581512451172,24.529515553766135,8.521355693595073,20.057000169911678,20.253889154403634,,5.088029166666667,9.767054166666666,2,2021,BASE+ALL
2022-07-12,19.42079978963692,30.249353408813477,23.507759989619146,6.085192965717175,19.815776538446677,20.05101097919377,,30.632575,9.767054166666666,2,2021,BASE+ALL
2022-07-13,19.231513367476023,28.677885055541992,20.942269704924446,9.789436404718629,19.660276133165272,19.835060092555917,,2.7763875,9.767054166666666,2,2021,BASE+ALL
2022-07-14,19.119258292875912,23.9277400970459,19.54484428404231,14.197152940331884,19.197248903574003,19.284615733801775,,3.5921791666666665,9.767054166666666,2,2021,BASE+ALL
2022-07-15,18.7467700430499,20.296131134033203,18.08495854977958,9.82373790215648,16.73789940725479,16.82649046252423,,7.591770833333334,9.767054166666666,2,2021,BASE+ALL
2022-07-16,19.153779587854643,21.01694107055664,21.952302566516533,8.936905177518,17.764982100611455,17.88820352782939,,6.640325,9.767054166666666,2,2021,BASE+ALL
2022-07-17,19.37883382313115,21.24342918395996,23.453167416866567,13.004203122180137,19.269908386534453,19.36655939117886,,2.7378750000000003,9.767054166666666,2,2021,BASE+ALL
2022-07-18,19.698048442473905,21.952730178833008,23.610398594438802,12.580078182743929,19.460313849622413,19.565946347710128,,3.4157,9.767054166666666,2,2021,BASE+ALL
2022-07-19,19.48105398622526,21.36309051513672,19.733432113743085,15.912737590823411,19.12257855148212,19.171862530902793,,2.3242875,9.767054166666666,2,2021,BASE+ALL
2022-07-20,19.103914590637938,18.505565643310547,16.482135034174874,18.1000603426605,18.047918902695965,18.036217744563707,,1.5863333333333334,9.767054166666666,2,2021,BASE+ALL
2022-07-21,19.2568478233002,17.684574127197266,18.409568291489723,13.8050565016345,17.28901168590542,17.318971772852407,,3.9959166666666666,9.767054166666666,2,2021,BASE+ALL
2022-07-22,18.701364009629604,17.43889617919922,17.47160404461426,14.662055182981524,17.06847985410615,17.086284643686398,,6.121020833333334,9.767054166666666,2,2021,BASE+ALL
2022-07-23,18.682775321655797,17.01479721069336,16.86054540672252,17.290069551258092,17.46204687258244,17.4493749495151,,7.3989,9.767054166666666,2,2021,BASE+ALL
2022-07-24,24.7092729318599,22.602760314941406,21.87860887782332,28.00895884691614,24.299900242885194,24.23584088630711,,3.0217375000000004,9.767054166666666,2,2021,BASE+ALL
2022-07-25,21.89939839398388,19.50887107849121,17.810714337251532,23.20819581496179,20.606794906172105,20.550551160425062,,5.561179166666666,9.767054166666666,2,2021,BASE+ALL
2022-07-26,19.1861666375318,15.764591217041016,17.15219527877005,10.998212716862312,15.775291462551294,15.806716917281753,,8.406533333333334,9.767054166666666,2,2021,BASE+ALL
2022-07-27,18.095404277846587,14.507936477661133,15.316638820967551,9.284223867452177,14.301050860981862,14.332189568836643,,12.4029,9.767054166666666,2,2021,BASE+ALL
2022-07-28,18.419477237176988,14.494193077087402,13.292354787023214,6.981010664679486,13.296758941491774,13.334459840704989,,24.337845833333333,9.767054166666666,2,2021,BASE+ALL
2022-07-29,22.202598076076328,15.935159683227539,16.131022168296226,8.539916563960855,15.702174122890238,15.734009214452996,,50.935975000000006,9.767054166666666,2,2021,BASE+ALL
2022-07-30,22.302534106861668,15.763092041015625,17.03421383004361,11.548146909540156,16.661996721865265,16.670423503063084,,44.36782916666667,9.767054166666666,2,2021,BASE+ALL
2022-07-31,23.260641336108574,16.15882110595703,16.102232659009026,13.285087925369142,17.201695756610945,17.187221628660808,,44.6847,9.767054166666666,2,2021,BASE+ALL
2022-08-01,24.084256968583613,16.187734603881836,15.950596779843599,12.11774835311378,17.085084176355707,17.07572886409965,,52.3053875,9.767054166666666,2,2021,BASE+ALL
2022-08-02,23.782846504743077,18.812236785888672,16.24638004235289,17.864770198085623,19.176558382767567,19.142045980070833,,44.221425,9.767054166666666,2,2021,BASE+ALL
2022-08-03,24.006826470904844,18.833566665649414,15.934894774647224,12.226838939512731,17.75053171267855,17.76318204021919,,48.36453333333333,9.767054166666666,2,2021,BASE+ALL
2022-08-04,24.209174077135422,16.227170944213867,16.81391512837182,7.65373278806109,16.22599823444555,16.26103236722502,,47.705175,9.767054166666666,2,2021,BASE+ALL
2022-08-05,24.02412244033581,15.968021392822266,18.345460535564648,9.582896572413905,16.980125235284156,17.005895569190834,,45.24445416666666,9.767054166666666,2,2021,BASE+ALL
2022-08-06,23.93428298280613,17.882610321044922,20.219100754044177,9.435874592758482,17.86796716266343,17.922999637326853,,51.2598625,9.767054166666666,2,2021,BASE+ALL
2022-08-07,24.5425008556958,18.481056213378906,21.057757833863487,7.6258171666490355,17.926783017396808,18.004571598065382,,50.623491666666666,9.767054166666666,2,2021,BASE+ALL
2022-08-08,24.811785077657422,21.031204223632812,20.834177977883257,9.242446729069302,18.979903502060697,19.062325042010134,,49.42653333333333,9.767054166666666,2,2021,BASE+ALL
2022-08-09,24.981303642845635,21.976884841918945,21.733210148901797,11.002345481907405,19.92343602889345,20.002685178341814,,63.167008333333335,9.767054166666666,2,2021,BASE+ALL
2022-08-10,25.248424715190623,24.3478946685791,24.06174005143172,12.258789233502986,21.479212167176104,21.579858843364384,,60.5100125,9.767054166666666,2,2021,BASE+ALL
2022-08-11,24.72991315492541,23.440656661987305,23.247777952506716,12.208457278234118,20.906701261913387,20.998117878105937,,48.60935,9.767054166666666,2,2021,BASE+ALL
2022-08-12,24.609359667650377,23.285743713378906,23.247777952506716,13.023599590764372,21.041620231075093,21.1251452880712,,48.81017916666667,9.767054166666666,2,2021,BASE+ALL
2022-08-13,24.75737225213744,22.101280212402344,22.665885741885837,15.65547644704619,21.295003663367957,21.340754816730627,,62.585141666666665,9.767054166666666,2,2021,BASE+ALL
2022-08-14,24.5582603824822,22.03670310974121,22.710676253956592,11.000670389528404,20.076577533927104,20.164493923591976,,62.814820833333336,9.767054166666666,2,2021,BASE+ALL
2022-08-15,21.346390617545637,22.298601150512695,19.725432809863836,9.523777264799898,18.223550460680517,18.3271153898118,,39.528529166666665,9.767054166666666,2,2021,BASE+ALL
2022-08-16,22.128331873886346,21.1846866607666,19.576847254537583,8.308164934092696,17.799507680820806,17.899094118859573,,18.386775,9.767054166666666,2,2021,BASE+ALL
2022-08-17,22.14989397786564,22.188098907470703,18.543102566690692,8.344885569136665,17.806495255290926,17.908108575170836,,50.686145833333335,9.767054166666666,2,2021,BASE+ALL
2022-08-18,18.594034737004478,13.631032943725586,13.466054748692912,9.595149419026876,13.821567962112463,13.828719441173526,,15.002254166666669,9.767054166666666,2,2021,BASE+ALL
2022-08-19,18.56311152628207,9.292096138000488,9.074399598379859,9.248836676386878,11.544610984762324,11.491931592693378,,12.829666666666666,9.767054166666666,2,2021,BASE+ALL
2022-08-20,17.946357693102858,11.065823554992676,10.43772858357177,11.224648162912509,12.668639498644954,12.6250897295541,,14.269641666666669,9.767054166666666,2,2021,BASE+ALL
2022-08-21,18.737716238986312,14.177290916442871,12.114032751681968,8.369335028049743,13.349593733790222,13.363510761626298,,19.607433333333333,9.767054166666666,2,2021,BASE+ALL
2022-08-22,18.63290270387825,12.065364837646484,9.235052344722279,10.162849693993111,12.52404239506003,12.487530330027054,,18.0846125,9.767054166666666,2,2021,BASE+ALL
2022-08-23,18.91098711598932,15.091947555541992,9.610546422288627,8.190058544784222,12.950884909651041,12.958452645670441,,17.378416666666666,9.767054166666666,2,2021,BASE+ALL
2022-08-24,20.209661908531537,14.092289924621582,11.380141301227878,7.731671211060879,13.35344108636047,13.359735539347776,,17.7023875,9.767054166666666,2,2021,BASE+ALL
2022-08-25,19.083943426654557,13.419344902038574,12.243637551079082,7.291129607316767,13.009513871772246,13.025355151988347,,13.794229166666668,9.767054166666666,2,2021,BASE+ALL
2022-08-26,18.60733555345484,11.75985050201416,10.32260388492911,4.094200383145727,11.195997580885958,11.217341148724145,,41.97057083333333,9.767054166666666,2,2021,BASE+ALL
2022-08-27,18.46317775800536,13.51673412322998,10.691671658011924,5.986145955985114,12.164432373808095,12.186989664991417,,20.52488333333333,9.767054166666666,2,2021,BASE+ALL
2022-08-28,19.387567818277912,14.348660469055176,12.870504855196993,9.916824486916244,14.130889407361582,14.13337108543089,,30.71215,9.767054166666666,2,2021,BASE+ALL
2022-08-29,19.060502091636398,12.359728813171387,12.58116673853492,15.500142257409856,14.87538497518814,14.811380395887651,,28.153220833333336,9.767054166666666,2,2021,BASE+ALL
2022-08-30,20.025868698583125,14.800241470336914,15.630083670842286,15.946607333590784,16.600700293338278,16.56624033168114,,15.916704166666667,9.767054166666666,2,2021,BASE+ALL
2022-08-31,20.35164011645246,14.997505187988281,19.588718373709924,19.092102842635537,18.50749163019655,18.468363994541175,,14.275295833333333,9.767054166666666,2,2021,BASE+ALL
2022-09-01,20.256435401839997,16.026809692382812,20.121128163894962,14.851994484916128,17.814091935758476,17.825106661097355,,16.932558333333333,9.767054166666666,2,2021,BASE+ALL
2022-09-02,19.206421598769797,17.461246490478516,18.59216850016805,9.277857101414096,16.134423422707613,16.204041572135843,,19.0055,9.767054166666666,2,2021,BASE+ALL
2022-09-03,18.662754534733715,15.2415132522583,15.656292584524586,8.72335942819752,14.57097994992853,14.612214810595415,,15.514475,9.767054166666666,2,2021,BASE+ALL
2022-09-04,19.81887839675181,13.176421165466309,13.504614322019307,13.925605740707562,15.106379906236247,15.06456938376799,,14.221708333333334,9.767054166666666,2,2021,BASE+ALL
2022-09-05,19.279583830063828,13.44706916809082,11.045174580197056,10.175400187313477,13.486806941416296,13.469092225041745,,12.5598375,9.767054166666666,2,2021,BASE+ALL
2022-09-06,19.234708236596635,11.464973449707031,7.811880093662227,10.949512179047298,12.365268489753298,12.304859865260152,,12.082008333333333,9.767054166666666,2,2021,BASE+ALL
2022-09-07,19.539902132496536,11.501189231872559,7.552984783245565,11.328487094849985,12.48064081061616,12.413941372020817,,12.666358333333331,9.767054166666666,2,2021,BASE+ALL
2022-09-08,18.406076606313064,9.041579246520996,4.99686687383711,8.530312849742382,10.243708894103387,10.172041643668237,,14.6774125,9.767054166666666,2,2021,BASE+ALL
2022-09-09,18.797263517588423,8.353243827819824,4.557519277356557,4.814249948274158,9.130569142759741,9.08123508119979,,13.737695833333332,9.767054166666666,2,2021,BASE+ALL
2022-09-10,18.79103682004786,10.015568733215332,7.671717007693176,3.530021606691522,10.002086041911973,9.996822180243532,,16.6680625,9.767054166666666,2,2021,BASE+ALL
2022-09-11,18.93856070026671,12.339487075805664,9.653694093467749,8.751070186866064,12.420703014101546,12.399842183362614,,60.86135416666667,9.767054166666666,2,2021,BASE+ALL
2022-09-12,20.084541788307785,12.741744041442871,8.495090689202067,10.376728851176464,12.924526342532298,12.879419934934983,,18.812816666666667,9.767054166666666,2,2021,BASE+ALL
2022-09-13,19.521948048813744,13.453186988830566,9.847122829205075,16.953101435690897,14.94383982563507,14.857546871051138,,17.286779166666665,9.767054166666666,2,2021,BASE+ALL
2022-09-14,18.819471496145283,10.5536527633667,4.5510891684733155,7.835054955705726,10.439817095922756,10.382316529688925,,15.887075,9.767054166666666,2,2021,BASE+ALL
2022-09-15,18.500213206896895,12.274304389953613,7.791137659370617,4.809305801300347,10.843740264380369,10.848768068881856,,18.17169583333333,9.767054166666666,2,2021,BASE+ALL
2022-09-16,17.410686190841584,12.3152494430542,9.149117934871438,3.733933259820603,10.652246707146956,10.68128764429918,,16.843645833333333,9.767054166666666,2,2021,BASE+ALL
2022-09-17,16.544542971092163,10.865861892700195,8.345691082510298,3.445794099160097,9.800472511365689,9.819761115382985,,18.219579166666666,9.767054166666666,2,2021,BASE+ALL
2022-09-18,15.982420405385051,10.936050415039062,8.345691082510298,2.870744245849709,9.53372653719603,9.561862153638403,,42.0457875,9.767054166666666,2,2021,BASE+ALL
2022-09-19,15.8154908947233,11.941764831542969,8.782524853674555,4.578158297995124,10.279484719483987,10.304574505285942,,26.06194166666667,9.767054166666666,2,2021,BASE+ALL
2022-09-20,15.405354097137694,11.773171424865723,7.5828570239004796,4.85872705508068,9.905027400246144,9.921382092673806,,9.249516666666668,9.767054166666666,2,2021,BASE+ALL
2022-09-21,14.336195409566459,11.753911018371582,9.014002669727137,5.307756694164633,10.102966447957451,10.129599226483478,,8.325966666666668,9.767054166666666,2,2021,BASE+ALL
2022-09-22,13.516865388284643,10.857726097106934,8.170583854640789,7.995349272324095,10.135131153089116,10.129817872031396,,36.2089125,9.767054166666666,2,2021,BASE+ALL
2022-09-23,12.587498034156937,11.224068641662598,8.574788482850009,8.046468468405008,10.108205906768639,10.113152320202143,,7.386245833333334,9.767054166666666,2,2021,BASE+ALL
2022-09-24,12.951410273066582,11.030879020690918,8.514517926137364,4.865417015487784,9.340556058845662,9.369713105930243,,8.6756375,9.767054166666666,2,2021,BASE+ALL
2022-09-25,13.354653940776256,10.447179794311523,8.40881232707517,5.276350960293575,9.371749255614132,9.38938627220712,,10.7234,9.767054166666666,2,2021,BASE+ALL
2022-09-26,15.209317067505006,11.746252059936523,8.589609608671221,10.343243137730232,11.472105468460745,11.446565963941117,,13.348808333333332,9.767054166666666,2,2021,BASE+ALL
2022-09-27,13.861721136420334,10.749290466308594,8.228434693989726,6.875050614579093,9.928624227824438,9.93074906236954,,3.708583333333333,9.767054166666666,2,2021,BASE+ALL
2022-09-28,13.298527874505506,10.390109062194824,8.351263925665588,4.999728903421255,9.259907441446794,9.279486268986487,,2.8209875,9.767054166666666,2,2021,BASE+ALL
2022-09-29,13.441203708461666,10.687369346618652,8.524980171111899,6.165741721608516,9.704823736950182,9.716819904031254,,4.508624999999999,9.767054166666666,2,2021,BASE+ALL
2022-09-30,13.74990644277242,11.038256645202637,8.001133078797903,14.25454770004332,11.760960966704069,11.699298884495756,,11.074370833333331,9.767054166666666,2,2021,BASE+ALL
2022-10-01,13.69675078297717,9.9957275390625,6.645911041835179,7.55289618311477,9.472821386747404,9.454046058791496,,-1.2224333333333333,9.767054166666666,2,2021,BASE+ALL
2022-10-02,13.94168304942351,10.332247734069824,6.510658251985167,16.091296407135946,11.718971360653612,11.625075083095114,,0.6399125,9.767054166666666,2,2021,BASE+ALL
2022-10-03,13.78543339224767,10.402436256408691,6.510658251985167,15.206447049602328,11.476243737560964,11.391679189668002,,0.4427166666666668,9.767054166666666,2,2021,BASE+ALL
2022-10-04,13.712246927760827,10.520626068115234,6.300794105756739,4.0405207171352,8.643546954692,8.658330097782867,,-3.2961125,9.767054166666666,2,2021,BASE+ALL
2022-10-05,14.8384979589058,10.739120483398438,6.4915017435650855,-0.7032557283184615,7.841466114387716,7.8950869897922225,,2.758845833333333,9.767054166666666,2,2021,BASE+ALL
2022-10-06,13.81680563394535,10.520626068115234,6.568966618088661,6.474265060073131,9.345165845055593,9.339335359145744,,6.161154166666667,9.767054166666666,2,2021,BASE+ALL
2022-10-07,13.865908707850378,9.604568481445312,6.702238382932557,3.2269403718209504,8.3499139860123,8.365600863299935,,7.322358333333334,9.767054166666666,2,2021,BASE+ALL
2022-10-08,13.426727995666335,8.843181610107422,6.451511978148326,19.13209820799781,11.963379947979973,11.832264715205156,,8.213654166666666,9.767054166666666,2,2021,BASE+ALL
2022-10-09,12.64764317284216,8.62452507019043,6.4340658706006355,12.747528256774949,10.113440592602043,10.041406219670241,,9.3123125,9.767054166666666,2,2021,BASE+ALL
2022-10-10,12.355858963915388,8.62452507019043,6.4340658706006355,13.48294818219109,10.224349521724385,10.147413188907784,,4.757241666666666,9.767054166666666,2,2021,BASE+ALL
2022-10-11,12.348190990929442,7.962459564208984,6.451511978148326,18.376364728324717,11.284631815402868,11.158717409531512,,9.521166666666668,9.767054166666666,2,2021,BASE+ALL
2022-10-12,12.180876858767085,8.037755012512207,6.451511978148326,17.270302164205667,10.985111503408321,10.870598979482825,,12.62435,9.767054166666666,2,2021,BASE+ALL
2022-10-13,12.8596648778472,9.288783073425293,7.075550656803136,21.60274884040192,12.706686862119387,12.564296783037424,,8.755833333333333,9.767054166666666,2,2021,BASE+ALL
2022-10-14,12.241676976109458,8.14228343963623,6.451511978148326,17.425434474892537,11.065226717196637,10.949891086734862,,9.993495833333332,9.767054166666666,2,2021,BASE+ALL
2022-10-15,14.107892549895654,8.142121315002441,6.624773508408982,-0.5338462562937152,7.08523527925334,7.120002519346775,,11.866075,9.767054166666666,2,2021,BASE+ALL
2022-10-16,12.614404501621843,8.030852317810059,6.4340658706006355,8.717242395501012,8.949141271383386,8.908008049416365,,13.677041666666668,9.767054166666666,2,2021,BASE+ALL
2022-10-17,11.990599768795914,7.923625946044922,6.4340658706006355,14.233790810662995,10.145520599026117,10.057959535512955,,7.065641666666667,9.767054166666666,2,2021,BASE+ALL
2022-10-18,11.9313458850858,7.923625946044922,6.4340658706006355,12.87142709013517,9.790116197966633,9.71498567301405,,10.1537,9.767054166666666,2,2021,BASE+ALL
2022-10-19,11.894319980994457,7.923625946044922,6.4340658706006355,10.42650901860212,9.169630204060534,9.116420613924184,,3.2923,9.767054166666666,2,2021,BASE+ALL
2022-10-20,11.534368763467683,8.037755012512207,6.451511978148326,16.64356141766968,10.666799292949474,10.56146368447888,,1.112025,9.767054166666666,2,2021,BASE+ALL
2022-10-21,13.332989188020644,8.142121315002441,6.624773508408982,-0.8667046470460149,6.808294841096513,6.8503459886050315,,4.525141666666666,9.767054166666666,2,2021,BASE+ALL
2022-10-22,11.278960808779173,7.923625946044922,6.4340658706006355,13.426799498877482,9.765863031075554,9.689443492553945,,2.314554166666667,9.767054166666666,2,2021,BASE+ALL
2022-10-23,11.286544780307967,8.037755012512207,6.451511978148326,16.22538860578445,10.500300094188237,10.400062468072475,,2.891045833333333,9.767054166666666,2,2021,BASE+ALL
2022-10-24,11.370815512335716,7.923625946044922,6.4340658706006355,4.134630048465267,7.465784344361635,7.471378747259651,,5.488866666666667,9.767054166666666,2,2021,BASE+ALL
2022-10-25,11.393468722408034,7.923625946044922,6.4340658706006355,8.396350905971376,8.536877861256242,8.504495951713958,,6.6217958333333335,9.767054166666666,2,2021,BASE+ALL
2022-10-26,11.298458526878342,7.923625946044922,6.4340658706006355,6.481289107949925,8.034359862868456,8.019516884088723,,3.276691666666667,9.767054166666666,2,2021,BASE+ALL
2022-10-27,10.922659532036885,7.848330974578857,6.4340658706006355,7.930309744564573,8.283841530445239,8.257583922810541,,1.3352458333333337,9.767054166666666,2,2021,BASE+ALL
2022-10-28,11.40294314932362,7.848330974578857,6.4340658706006355,9.737721504109764,8.855765374653219,8.810773238993216,,2.5571375,9.767054166666666,2,2021,BASE+ALL
2022-10-29,10.780253042071438,7.848330974578857,6.4340658706006355,6.456344853411961,7.879748685165723,7.867377174678699,,0.5001125000000001,9.767054166666666,2,2021,BASE+ALL
2022-10-30,11.071809401330738,7.848330974578857,6.4340658706006355,6.647447140086504,8.000413346649184,7.984716308251579,,4.6496125,9.767054166666666,2,2021,BASE+ALL
2022-10-31,11.61540087228272,7.848330974578857,6.4340658706006355,5.475032935189921,7.843207663163033,7.834887387575377,,4.9433541666666665,9.767054166666666,2,2021,BASE+ALL
2022-11-01,18.20302279231971,10.021484375,7.234921721708846,-4.514854827355046,7.736143515418378,7.803081506370264,,4.189379166666667,9.767054166666666,2,2021,BASE+ALL
2022-11-02,18.847240741620627,9.522272109985352,7.211046333726972,-2.1161621714170464,8.366099253478977,8.403723952712923,,9.70775,9.767054166666666,2,2021,BASE+ALL
2022-11-03,17.617475579441606,7.952859401702881,6.768227811577275,13.279150435139542,11.404428306965325,11.29614616177263,,6.869929166666666,9.767054166666666,2,2021,BASE+ALL
2022-11-04,18.236357557324567,7.955556392669678,6.4340658706006355,14.67077509342118,11.824188728504014,11.698138528580012,,1.0788291666666667,9.767054166666666,2,2021,BASE+ALL
2022-11-05,16.131387470109356,7.955556392669678,6.4340658706006355,11.563396838034905,10.521101642853644,10.434404962391215,,4.228908333333334,9.767054166666666,2,2021,BASE+ALL
2022-11-06,16.349278566306328,7.848330974578857,6.4340658706006355,5.406245364168404,9.009480193913557,8.975333096081929,,4.560375,9.767054166666666,2,2021,BASE+ALL
2022-11-07,22.240157495178654,11.604164123535156,7.569083662685485,-5.074023426425013,9.08484546374357,9.149718051694812,,8.1367875,9.767054166666666,2,2021,BASE+ALL
2022-11-08,20.8858770567559,9.597567558288574,8.166166478075825,-1.172462864171139,9.36928705723729,9.393435136178732,,16.163625,9.767054166666666,2,2021,BASE+ALL
2022-11-09,19.17916935958409,8.028155326843262,7.975458840267479,3.915974241227295,9.774689441980533,9.748623471873737,,14.3550375,9.767054166666666,2,2021,BASE+ALL
2022-11-10,16.900667190345303,8.101040840148926,7.975458840267479,5.262173219851698,9.55983502265335,9.535161502766961,,8.737895833333333,9.767054166666666,2,2021,BASE+ALL
2022-11-11,16.676091988483375,8.030852317810059,7.975458840267479,7.919305757354509,10.150427225978856,10.102808553756361,,7.665025,9.767054166666666,2,2021,BASE+ALL
2022-11-12,15.290781668897287,7.923625946044922,7.975458840267479,9.67658401993412,10.216612618785952,10.160206321979912,,7.3561875,9.767054166666666,2,2021,BASE+ALL
2022-11-13,13.540492568745325,7.923625946044922,7.975458840267479,5.709074213814889,8.787162892218154,8.775768415540341,,7.958745833333334,9.767054166666666,2,2021,BASE+ALL
2022-11-14,11.922003055126256,7.923625946044922,7.975458840267479,12.31952723181715,10.03515376831395,9.974088536219309,,7.155454166666666,9.767054166666666,2,2021,BASE+ALL
2022-11-15,13.833357562434802,7.923625946044922,7.975458840267479,8.992455169039589,9.681224379446698,9.639033483141958,,16.856725,9.767054166666666,2,2021,BASE+ALL
2022-11-16,14.217323074330766,7.923625946044922,7.975458840267479,12.883291434382508,10.749924823756418,10.671033711749619,,12.838266666666668,9.767054166666666,2,2021,BASE+ALL
2022-11-17,14.311322423647239,7.923625946044922,7.975458840267479,6.614958959807746,9.206341542441846,9.182596665238806,,14.302933333333334,9.767054166666666,2,2021,BASE+ALL
2022-11-18,12.8158773209946,7.923625946044922,7.975458840267479,10.506149091386256,9.805277799673314,9.755325691603714,,15.868220833333332,9.767054166666666,2,2021,BASE+ALL
2022-11-19,11.552738630436705,9.02991008758545,8.616943626469977,21.10653618188703,12.57653213159479,12.452744869933774,,2.94565,9.767054166666666,2,2021,BASE+ALL
2022-11-20,10.794403603751226,7.923625946044922,7.975458840267479,9.441150917494385,9.033659826889503,9.004455852731999,,5.091641666666667,9.767054166666666,2,2021,BASE+ALL
2022-11-21,12.3068561912021,7.923625946044922,7.975458840267479,3.156806371007383,7.840686837130471,7.85884953240398,,21.71722083333333,9.767054166666666,2,2021,BASE+ALL
2022-11-22,12.830578715200613,7.923625946044922,7.975458840267479,4.1059424308178,8.208901483082704,8.215709692533279,,21.384208333333333,9.767054166666666,2,2021,BASE+ALL
2022-11-23,13.520694523522726,8.617522239685059,8.418277362417172,-1.2042169088703196,7.33806930418866,7.396738521641333,,9.438154166666664,9.767054166666666,2,2021,BASE+ALL
2022-11-24,14.434868565163441,10.096779823303223,9.017181609980803,-4.320625783188463,7.307051053814751,7.404487875158838,,4.397758333333333,9.767054166666666,2,2021,BASE+ALL
2022-11-25,11.909270957851422,8.903672218322754,7.975458840267479,9.885181374580142,9.668395847755448,9.637406201387336,,1.1980166666666667,9.767054166666666,2,2021,BASE+ALL
2022-11-26,12.723198496196197,9.733338356018066,10.29167057052831,5.23723439252637,9.496360453817235,9.522894547021103,,2.700904166666667,9.767054166666666,2,2021,BASE+ALL
2022-11-27,10.868818879078804,9.010897636413574,8.642597727972856,15.51901163071571,11.010331468545235,10.939977471355622,,-1.4374916666666666,9.767054166666666,2,2021,BASE+ALL
2022-11-28,10.857175614757878,8.426183700561523,8.797362774344085,10.505694912855144,9.646604250629657,9.616752922625357,,1.2687625,9.767054166666666,2,2021,BASE+ALL
2022-11-29,11.369938314974906,9.396008491516113,8.71079257524935,21.91445663112662,12.847799003216746,12.721543932393303,,-4.840479166666667,9.767054166666666,2,2021,BASE+ALL
2022-11-30,11.527910195946962,9.393311500549316,8.616943626469977,22.95685024114983,13.123753891029022,12.98678089170033,,-6.875333333333334,9.767054166666666,2,2021,BASE+ALL
2022-12-01,11.526712685190043,9.393311500549316,8.616943626469977,22.280906275490207,12.954468521924884,12.823505499730274,,-6.3652750000000005,9.767054166666666,2,2021,BASE+ALL
2022-12-02,11.63962255789801,9.500536918640137,8.616943626469977,22.12153845572268,12.9696603896827,12.840399494177362,,-1.8093708333333327,9.767054166666666,2,2021,BASE+ALL
2022-12-03,10.643012278944095,8.24950885772705,7.992904947815169,19.235080633495528,11.53012667949546,11.417675991099522,,-1.0619249999999998,9.767054166666666,2,2021,BASE+ALL
2022-12-04,10.431730347720165,8.144980430603027,7.992904947815169,21.035090110678954,11.90117645920433,11.773025005652606,,-1.5789583333333337,9.767054166666666,2,2021,BASE+ALL
2022-12-05,11.112522602889408,9.396008491516113,8.616943626469977,22.81814554279742,12.985905065918228,12.852506878534317,,-4.0016791666666665,9.767054166666666,2,2021,BASE+ALL
2022-12-06,11.844796028884783,9.393311500549316,8.616943626469977,23.152988245723787,13.252009850406967,13.111525139256216,,-2.3355083333333333,9.767054166666666,2,2021,BASE+ALL
2022-12-07,11.667865137514427,9.393311500549316,8.616943626469977,23.24394598752825,13.230516563015492,13.090212148280479,,-3.072604166666667,9.767054166666666,2,2021,BASE+ALL
2022-12-08,11.72021155984419,9.500536918640137,8.616943626469977,23.71945733942499,13.389287361094823,13.245384728838676,,-0.031925,9.767054166666666,2,2021,BASE+ALL
2022-12-09,14.741540372937903,24.1094913482666,18.172999634473875,24.063995319471875,20.272006668787565,20.289636969916153,,4.8464625,9.767054166666666,2,2021,BASE+ALL
2022-12-10,15.472905519186968,30.984373092651367,15.546595403706487,22.430101620435547,21.108493908995094,21.179839711952226,,0.6546416666666667,9.767054166666666,2,2021,BASE+ALL
2022-12-11,16.12980804750498,23.617570877075195,18.808161216310864,22.550784800176014,20.276581235266764,20.299443915541545,,3.060620833333333,9.767054166666666,2,2021,BASE+ALL
2022-12-12,21.851745489587934,25.485084533691406,30.42475771731422,23.37285353372858,25.283610318580536,25.35186069216469,,11.4204375,9.767054166666666,2,2021,BASE+ALL
2022-12-13,23.69318325720882,31.507600784301758,31.414084935835206,22.299326217891533,27.228548798809328,27.3534197780403,,5.467504166666667,9.767054166666666,2,2021,BASE+ALL
2022-12-14,26.01244182214757,35.68505859375,31.634163857053533,23.05701144693745,29.09716892997214,29.23939683031649,,8.4050125,9.767054166666666,2,2021,BASE+ALL
2022-12-15,26.452620941929272,37.036888122558594,25.405136889314473,23.47239600896185,28.091760490691048,28.202584595764435,,9.867383333333333,9.767054166666666,2,2021,BASE+ALL
2022-12-16,21.47652862607883,28.46485710144043,21.65796011690428,22.02444156554129,23.40594685249121,23.461937756807835,,-4.744441666666666,9.767054166666666,2,2021,BASE+ALL
2021-12-17,10.200189361211514,11.469982147216797,11.417813450089684,11.442126883022391,11.132527960385096,11.139558507701139,,10.565391666666669,10.200595833333333,4,2021,BASE+ALL
2021-12-18,9.749295757944973,10.621356964111328,10.615565175622507,10.190488426574554,10.29417658106334,10.30283932045588,,10.489670833333332,10.200595833333333,4,2021,BASE+ALL
2021-12-19,9.66779297077523,9.779264450073242,9.838475312244418,13.495630381306292,10.695290778599796,10.663257016876278,,13.6321,10.200595833333333,4,2021,BASE+ALL
2021-12-20,9.525193148829073,9.73532485961914,9.516667559596915,11.634812148766756,10.10299942920297,10.086010446604831,,12.296825,10.200595833333333,4,2021,BASE+ALL
2021-12-21,12.013859038971285,12.210219383239746,10.912508695508054,16.177137366132996,12.82843112096302,12.786625154190043,8.671577857142855,9.860616666666669,10.200595833333333,4,2021,BASE+ALL
2021-12-22,13.062039782648053,12.057971000671387,11.120980098379437,13.897554232914564,12.53463627865336,12.507152036891064,5.975637600000001,7.490925000000001,10.200595833333333,4,2021,BASE+ALL
2021-12-23,10.558559553990367,10.504697799682617,10.153159691091036,12.25445393858925,10.867717745838318,10.84979873979237,11.893139375,12.177470833333333,10.200595833333333,4,2021,BASE+ALL
2021-12-24,10.77675293400196,12.212900161743164,11.251726460774389,10.768507904817602,11.25247186533428,11.267638894275725,6.698133846153846,6.877666666666666,10.200595833333333,4,2021,BASE+ALL
2021-12-25,22.401104383912912,19.711084365844727,16.800957067243072,12.021233324619056,17.733594785404943,17.76966537704018,,11.6384375,10.200595833333333,4,2021,BASE+ALL
2021-12-26,13.956295554036572,14.066975593566895,13.444014252009309,8.110349139436494,12.394408634762318,12.444247136976799,3.1120022727272723,6.0317,10.200595833333333,4,2021,BASE+ALL
2021-12-27,13.089169924380297,12.240598678588867,12.151164734019723,13.568855967756068,12.762447326186237,12.745382857694231,,22.56540833333333,10.200595833333333,4,2021,BASE+ALL
2021-12-28,27.034855645020688,22.0792293548584,22.421101667474186,22.648879724742383,23.546016598023915,23.515302049757004,50.81897125,33.8627125,10.200595833333333,4,2021,BASE+ALL
2021-12-29,30.76483592163212,28.62439727783203,24.800910896823172,19.552831193427146,25.93574382242862,25.981756136971253,,20.89150833333333,10.200595833333333,4,2021,BASE+ALL
2021-12-30,22.33484057089144,21.511442184448242,17.224089716169207,15.936094522160609,19.251616748417376,19.271191344092653,12.518671363636363,10.541008333333332,10.200595833333333,4,2021,BASE+ALL
2021-12-31,32.03704746686921,23.326919555664062,20.47020337868781,23.81199631515154,24.911541679093155,24.84170258541623,-25.1646675,20.43592083333333,10.200595833333333,4,2021,BASE+ALL
2022-01-01,29.73410694757031,19.449630737304688,18.988845355798638,16.496192771735984,21.167193953102405,21.133263926896273,17.8933165,14.8086125,10.200595833333333,4,2021,BASE+ALL
2022-01-02,35.69729064108979,26.71267318725586,27.954346121545704,18.916647420133124,27.32023934250612,27.34664103641694,9.990129833333333,14.461654166666667,10.200595833333333,4,2021,BASE+ALL
2022-01-03,25.3269003049282,19.532684326171875,21.065160283090137,14.69734808415425,20.155523249586118,20.175166793386005,6.042546214285714,6.4486625,10.200595833333333,4,2021,BASE+ALL
2022-01-04,16.91561180442366,14.974883079528809,16.00023150186546,8.037582244396972,13.982077157553725,14.038912173416888,20.135678928571423,17.9512875,10.200595833333333,4,2021,BASE+ALL
2022-01-05,15.558863122781782,12.079753875732422,15.231859701166263,6.456274754008046,12.331687863422129,12.380834554520941,4.4801028125,6.0019375,10.200595833333333,4,2021,BASE+ALL
2022-01-06,17.95289325382034,12.280394554138184,12.2576284478332,11.937926023516354,13.60721056982702,13.578437818136837,-17.609567535714287,-5.582829166666667,10.200595833333333,4,2021,BASE+ALL
2022-01-07,28.74684080664363,17.49785041809082,19.843975808246217,14.34076267919781,20.10735742804462,20.086441719244085,-4.094559583333333,3.371204166666667,10.200595833333333,4,2021,BASE+ALL
2022-01-08,43.7762228651308,30.0444278717041,36.85485141665193,25.83472155343928,34.12755592673153,34.12851234447449,40.973733525,32.45062083333333,10.200595833333333,4,2021,BASE+ALL
2022-01-09,21.35325195178069,19.599393844604492,19.08766639468543,10.34160966846229,17.595480464883224,17.664882136015365,3.947296863636364,6.243099999999999,10.200595833333333,4,2021,BASE+ALL
2022-01-10,20.98603128918813,18.080528259277344,20.128776633902916,10.723673076735707,17.479752314776025,17.54097204765627,,7.729070833333334,10.200595833333333,4,2021,BASE+ALL
2022-01-11,17.482669464463,17.953033447265625,16.76875531565548,11.998028913889843,16.050621785318487,16.099136580951182,3.463857857142857,7.868529166666668,10.200595833333333,4,2021,BASE+ALL
2022-01-12,17.900900052834512,18.273534774780273,16.95953092453728,9.704727214087995,15.709673241560015,15.78008948019523,8.506978235294117,9.209708333333332,10.200595833333333,4,2021,BASE+ALL
2022-01-13,18.53312250412096,18.273534774780273,17.061549103763642,8.499581172585865,15.591946888812686,15.670138658105941,26.50958576923077,21.45424583333333,10.200595833333333,4,2021,BASE+ALL
2022-01-14,18.831036085403625,17.622814178466797,17.033346435566287,11.906252106289807,16.34836220143163,16.388900797438634,21.837656666666664,19.990441666666666,10.200595833333333,4,2021,BASE+ALL
2022-01-15,18.739067791308884,16.977664947509766,16.11191238990224,9.453452051183254,15.320524294976037,15.372394673303958,0.842189076923077,5.178458333333333,10.200595833333333,4,2021,BASE+ALL
2022-01-16,18.206040260558936,15.876352310180664,15.949758701101073,11.482576873709654,15.378682036387582,15.405127742592201,3.6882195416666654,5.166341666666667,10.200595833333333,4,2021,BASE+ALL
2022-01-17,17.511546773070727,15.93343448638916,15.980496833985802,6.669015939457481,14.023623508225793,14.097368732416191,41.675272500000005,24.879470833333333,10.200595833333333,4,2021,BASE+ALL
2022-01-18,19.223937419718197,16.031614303588867,16.277306767897,9.681022485712496,15.30347024422914,15.343495882393054,19.155287666666663,17.7322625,10.200595833333333,4,2021,BASE+ALL
2022-01-19,17.413534965657966,14.011398315429688,14.618318515581542,10.106306479371764,14.03738956901024,14.056659414781556,-4.9765758,5.7488,10.200595833333333,4,2021,BASE+ALL
2022-01-20,20.64872797456875,14.21760368347168,16.944941613795237,7.52893659934232,14.835052467794497,14.874662156966426,12.884102142857143,13.995879166666668,10.200595833333333,4,2021,BASE+ALL
2022-01-21,18.852262415303198,14.338092803955078,17.096946495961063,7.043101833540909,14.332600887190063,14.388487645989697,3.348511314705882,4.925583333333333,10.200595833333333,4,2021,BASE+ALL
2022-01-22,20.888970563585485,12.512408256530762,19.012933863318267,6.425939780782649,14.710063116054291,14.755763716556315,12.541372272727273,12.584004166666666,10.200595833333333,4,2021,BASE+ALL
2022-01-23,23.141074779790063,14.262124061584473,22.446855635614654,11.737208336138908,17.896815703282023,17.918034901627966,37.636055,28.78524583333333,10.200595833333333,4,2021,BASE+ALL
2022-01-24,19.219478490602313,12.854069709777832,18.08378786183899,15.27568628713696,16.358255587339023,16.332112848075734,5.44478,11.689475,10.200595833333333,4,2021,BASE+ALL
2022-01-25,20.153311338714815,14.018919944763184,17.874608190819274,12.258194999945829,16.076258618560775,16.080428683512178,22.079024444444443,18.5179625,10.200595833333333,4,2021,BASE+ALL
2022-01-26,16.389327162752803,10.644657135009766,15.17635858399884,10.261235313921652,13.117894548920765,13.11600488798589,13.3518615625,15.442220833333332,10.200595833333333,4,2021,BASE+ALL
2022-01-27,16.52127850656999,10.903850555419922,11.996715408018824,12.96180001072598,13.095911120183679,13.052721728749793,15.168920388888887,10.9477,10.200595833333333,4,2021,BASE+ALL
2022-01-28,16.720747060679116,12.21360969543457,11.963083326427194,12.429726825741822,13.331791727070677,13.303219952652007,0.990911863636364,7.320616666666667,10.200595833333333,4,2021,BASE+ALL
2022-01-29,21.689590941155586,12.16254997253418,12.430442257084579,18.216712952164063,16.1248240307346,16.01943191541961,17.064316350000002,16.3502875,10.200595833333333,4,2021,BASE+ALL
2022-01-30,18.32522204886796,9.889738082885742,10.12041463627148,12.752781780522172,12.772039137136838,12.700864576964635,37.30512145833333,25.09615833333333,10.200595833333333,4,2021,BASE+ALL
2022-01-31,23.507579848565367,13.904651641845703,11.779240003033172,8.990383035424987,14.54546363221731,14.52291475816055,7.07811994736842,7.406641666666666,10.200595833333333,4,2021,BASE+ALL
2022-02-01,29.272220965161722,19.306976318359375,15.607168425402694,16.375302172310022,20.14041697030845,20.088929940265587,,12.33085,10.200595833333333,4,2021,BASE+ALL
2022-02-02,22.10007847016269,14.074728012084961,13.131021170746152,12.784905625677723,15.52268331966788,15.48374026280704,11.700060133333333,11.050975,10.200595833333333,4,2021,BASE+ALL
2022-02-03,19.617031898916114,13.18715763092041,11.041238351588031,18.57123651102297,15.604166098111882,15.507753720394946,9.286113766666666,11.8586375,10.200595833333333,4,2021,BASE+ALL
2022-02-04,22.319560877733885,13.938867568969727,12.491022117071518,16.1081518287151,16.21440059812256,16.13977144429925,3.324165625000001,10.505166666666666,10.200595833333333,4,2021,BASE+ALL
2022-02-05,25.739106496359046,14.678424835205078,11.683564197811762,14.9315049798293,16.758150127301295,16.676427506702122,-0.0167762052631578,2.361825,10.200595833333333,4,2021,BASE+ALL
2022-02-06,43.94443157932875,36.80390548706055,39.768969014188315,28.803149647633557,37.33011393205279,37.378820111221124,25.417486875,32.81733333333333,10.200595833333333,4,2021,BASE+ALL
2022-02-07,23.729758269486315,20.079143524169922,18.479123229740036,10.91468375320862,18.300677194151223,18.352223885677716,25.33663333333333,14.747858333333332,10.200595833333333,4,2021,BASE+ALL
2022-02-08,22.528357781459352,16.81415557861328,16.462431762166556,19.82447615295984,18.90735531879976,18.846627856594303,24.708091666666665,16.5446375,10.200595833333333,4,2021,BASE+ALL
2022-02-09,19.137983705399144,15.20620059967041,15.283502493060334,17.817701100152334,16.861346974570555,16.816652082176123,,8.2458125,10.200595833333333,4,2021,BASE+ALL
2022-02-10,17.03786269078059,11.303241729736328,11.381425563248092,7.183121055751139,11.726412759879036,11.731440423878043,5.6026524375,6.6696375,10.200595833333333,4,2021,BASE+ALL
2022-02-11,16.42106127040526,12.831695556640625,11.669289875957286,8.086041633425717,12.252022084107223,12.267252748433641,2.5936497875,5.092745833333333,10.200595833333333,4,2021,BASE+ALL
2022-02-12,16.521669731922366,11.93486213684082,11.085838666077944,13.287877241747122,13.207561944147063,13.164910203815998,-3.834979884615384,0.995775,10.200595833333333,4,2021,BASE+ALL
2022-02-13,30.31462175456707,21.48084831237793,21.54636993113839,24.78886892602243,24.532677231026454,24.454350046610404,6.697094166666666,25.50815,10.200595833333333,4,2021,BASE+ALL
2022-02-14,20.652360731023563,14.632092475891113,14.77075091214277,14.266281008029864,16.08037128177183,16.050817839181367,11.56634561764706,17.338079166666667,10.200595833333333,4,2021,BASE+ALL
2022-02-15,28.838278016556483,19.728776931762695,16.721864732426624,22.017364499580303,21.82657104508153,21.737596096655327,5.385709722222222,8.575545833333333,10.200595833333333,4,2021,BASE+ALL
2022-02-16,66.20003429394968,60.18357467651367,57.98142458534485,30.53325698709373,53.72457263572548,53.94128914732818,31.324316666666665,21.490825,10.200595833333333,4,2021,BASE+ALL
2022-02-17,32.4431605243765,38.121028900146484,33.462203113769974,16.382564438419458,30.102239244178108,30.299476401728768,17.672103999999997,14.770033333333332,10.200595833333333,4,2021,BASE+ALL
2022-02-18,51.857624111366874,49.262386322021484,51.38895168374634,24.298123224383453,44.20177133537954,44.42156419011025,,15.442475,10.200595833333333,4,2021,BASE+ALL
2022-02-19,37.976490470933776,39.20846939086914,36.32467857683923,17.33182894336929,32.71036684550286,32.8944944107704,,13.9012375,10.200595833333333,4,2021,BASE+ALL
2022-02-20,69.9067011123739,86.85491180419922,51.05914750883449,30.71799109956124,59.63468788124221,60.016314949305205,,45.69099583333334,10.200595833333333,4,2021,BASE+ALL
2022-02-21,42.29096217442865,49.13992691040039,38.47203340834578,16.425482172098658,36.58210116631837,36.84783920454926,,5.764879166666667,10.200595833333333,4,2021,BASE+ALL
2022-02-22,32.912773213690876,39.982059478759766,26.148893175654056,18.53013659193818,29.39346561501072,29.541697195006797,,39.47347916666667,10.200595833333333,4,2021,BASE+ALL
2022-02-23,20.897504685880026,24.427352905273438,19.502608582002388,12.969672257335716,19.44928460762289,19.541646453003484,,12.24395,10.200595833333333,4,2021,BASE+ALL
2022-02-24,35.77269563736418,27.818449020385742,24.69496152798273,18.821536540174503,26.77691068147679,26.793928875108005,9.4069895,13.982145833333334,10.200595833333333,4,2021,BASE+ALL
2022-02-25,20.017593207785513,22.523242950439453,18.279543239228172,6.949143144288335,16.94238063543537,17.069607665090835,10.500707777777778,10.680595833333332,10.200595833333333,4,2021,BASE+ALL
2022-02-26,18.26846763375717,20.23326873779297,18.872631028414325,11.924652272072032,17.324754918009123,17.401476574696236,7.670876166666666,17.331408333333332,10.200595833333333,4,2021,BASE+ALL
2022-02-27,18.556879078123586,18.047504425048828,19.00761169282134,9.9647485326855,16.394185932169815,16.468802293877367,,17.5668875,10.200595833333333,4,2021,BASE+ALL
2022-02-28,17.330208761173964,17.180788040161133,15.959784743847186,13.725705743523845,16.04912182217653,16.071755492029986,8.0302805,10.628904166666668,10.200595833333333,4,2021,BASE+ALL
2022-03-01,20.819335470880645,18.207693099975586,18.18645068896443,22.4123926088426,19.906467967165817,19.854413532251783,67.50545458333333,53.7973375,10.200595833333333,4,2021,BASE+ALL
2022-03-02,19.892031422156116,16.886301040649414,17.53623081122119,19.0052873641258,18.329962659538133,18.298198696698343,,19.386845833333336,10.200595833333333,4,2021,BASE+ALL
2022-03-03,19.871094519960245,16.226207733154297,16.837327772742746,14.700720409074568,16.908837608732963,16.90564248970057,9.091902409090908,11.8292,10.200595833333333,4,2021,BASE+ALL
2022-03-04,18.88912396563746,13.881494522094727,15.741750566081182,8.256645453338791,14.19225362678804,14.225239608484102,4.778118361764706,6.4578750000000005,10.200595833333333,4,2021,BASE+ALL
2022-03-05,18.646901102388366,11.64819049835205,15.059278878832636,11.733629490828646,14.271999992600424,14.252318472195345,8.9544115,12.741366666666666,10.200595833333333,4,2021,BASE+ALL
2022-03-06,19.697602790372645,13.68080997467041,12.949796984380452,18.589944565178005,16.229538578650377,16.1480151336812,-22.932190384615385,-0.5178208333333328,10.200595833333333,4,2021,BASE+ALL
2022-03-07,21.390763592794197,12.908700942993164,12.94075293794261,22.13205127900804,17.343067188184506,17.213970327104523,89.98024909090908,48.98677083333333,10.200595833333333,4,2021,BASE+ALL
2022-03-08,19.636437952148427,12.568507194519043,12.375136271626204,12.14528262044255,14.181341009684056,14.144483792981685,3.884649625,5.039670833333333,10.200595833333333,4,2021,BASE+ALL
2022-03-09,21.483064730559246,14.114237785339355,14.219195388938825,16.776582517704455,16.648270105635472,16.584091933338218,2.062666307692308,4.3834625,10.200595833333333,4,2021,BASE+ALL
2022-03-10,20.02793926927823,12.16450309753418,11.66593820115155,12.47843507582616,14.084203910947531,14.034552951528724,7.244334431249999,7.338383333333333,10.200595833333333,4,2021,BASE+ALL
2022-03-11,24.735665837176658,19.06174659729004,13.943085110224265,23.49872903445564,20.30980664478665,20.20845509419803,4.153167272727273,17.623679166666665,10.200595833333333,4,2021,BASE+ALL
2022-03-12,30.129292408208727,24.460439682006836,19.515535072762646,18.63473517332565,23.185000584075965,23.175850871813182,-2.2961855041666666,8.036054166666666,10.200595833333333,4,2021,BASE+ALL
2022-03-13,20.500773254545557,16.95142364501953,15.062615817703392,13.108010447268509,16.40570579113425,16.408852910573348,8.640195909090908,14.275916666666667,10.200595833333333,4,2021,BASE+ALL
2022-03-14,20.825674373512438,15.998115539550781,12.886564908714496,10.668431306195709,15.094696531993357,15.096677298103689,30.32423365384616,28.118929166666664,10.200595833333333,4,2021,BASE+ALL
2022-03-15,20.72505239434713,16.377216339111328,13.103570675112,12.025606503798397,15.557861478092214,15.552876607452156,80.83635220833334,63.41106249999999,10.200595833333333,4,2021,BASE+ALL
2022-03-16,19.103025996987334,15.719484329223633,11.977807844013633,14.33900503797366,15.284830802049566,15.256077064495642,46.03526307692308,42.9059375,10.200595833333333,4,2021,BASE+ALL
2022-03-17,17.697336901014282,13.574745178222656,10.024025698662912,8.723114323053892,12.504805525238435,12.503881613427541,6.508915966666667,8.841866666666666,10.200595833333333,4,2021,BASE+ALL
2022-03-18,20.381873799090386,13.428547859191895,12.119334367669458,11.62364256974833,14.388349648925018,14.357807671041925,24.42792832352941,25.434975,10.200595833333333,4,2021,BASE+ALL
2022-03-19,23.400992584756885,14.092066764831543,13.501500115858034,23.220040544389477,18.553650002458987,18.417101917712255,34.23031566666667,31.9789,10.200595833333333,4,2021,BASE+ALL
2022-03-20,19.760456508445273,12.432779312133789,11.519221863106244,13.99237376276936,14.426207861613667,14.366032743767429,21.801258529411765,21.74110416666667,10.200595833333333,4,2021,BASE+ALL
2022-03-21,19.89533851157801,12.501314163208008,11.456657909229019,13.8416507561211,14.423740335034033,14.3643670326149,28.976811666666663,25.802954166666662,10.200595833333333,4,2021,BASE+ALL
2022-03-22,20.71231661349411,12.607982635498047,11.352054187361079,11.299820821581354,13.993043564483648,13.951976670616437,24.889339166666662,24.458683333333337,10.200595833333333,4,2021,BASE+ALL
2022-03-23,21.634987556708342,12.119088172912598,11.661786524085581,9.567598909630137,13.745865290834164,13.71267835989148,16.314902857142858,26.3159125,10.200595833333333,4,2021,BASE+ALL
2022-03-24,20.71170770961279,13.13878345489502,12.228351202450696,9.25209049517709,13.8327332155339,13.819577255327403,43.361128192307696,34.275933333333334,10.200595833333333,4,2021,BASE+ALL
2022-03-25,21.081352747214858,13.11124324798584,12.228351202450696,11.767403699661294,14.547087724328172,14.509292411181715,61.75800327272727,44.0360125,10.200595833333333,4,2021,BASE+ALL
2022-03-26,21.020030952633743,11.887718200683594,11.355732563954582,14.021486662293576,14.571242094891375,14.498144570096173,40.15357,34.04533333333333,10.200595833333333,4,2021,BASE+ALL
2022-03-27,20.383394335940046,11.725760459899902,11.374467699433588,10.64103994170626,13.53116560924495,13.49037168426173,54.93365940909091,34.59739583333333,10.200595833333333,4,2021,BASE+ALL
2022-03-28,21.428123066382007,13.490426063537598,14.268911417330251,15.297395647249566,16.121214048624857,16.06543709791879,49.178449,40.416925,10.200595833333333,4,2021,BASE+ALL
2022-03-29,21.29380674886253,14.82182788848877,15.071885238207894,17.21760421795421,17.10128102337835,17.045336766713362,17.156621349999998,23.3170625,10.200595833333333,4,2021,BASE+ALL
2022-03-30,19.279352301967148,12.146612167358398,13.78910686820145,12.99938709986088,14.553614609346969,14.515915052632925,2.6961618571428567,28.865375,10.200595833333333,4,2021,BASE+ALL
2022-03-31,18.837435747443877,12.482651710510254,12.658233099999729,16.340870483512234,15.079797760366523,15.01107931875903,1.31796735,5.986225,10.200595833333333,4,2021,BASE+ALL
2022-04-01,18.320108637395677,10.527193069458008,11.143300024884564,5.158919516970123,11.287380312177094,11.29517786852581,3.6311990833333336,6.0177958333333335,10.200595833333333,4,2021,BASE+ALL
2022-04-02,18.494704095097976,10.958487510681152,10.255885923130995,9.400619219827778,12.277424187184476,12.245018675968229,2.0327475,6.600408333333333,10.200595833333333,4,2021,BASE+ALL
2022-04-03,18.72896588569482,9.673704147338867,9.704429697874726,6.649700846178492,11.189200144271727,11.165667173141932,3.88408315625,11.7011,10.200595833333333,4,2021,BASE+ALL
2022-04-04,20.437980586515557,9.834826469421387,12.38305251233954,14.113289849008009,14.192287354321124,14.110135500862658,18.749226923076925,22.47180833333333,10.200595833333333,4,2021,BASE+ALL
2022-04-05,22.177283116876712,11.326092720031738,14.07861721720572,14.03746870662519,15.404865440184839,15.33645384473796,17.705297842105264,18.25055833333333,10.200595833333333,4,2021,BASE+ALL
2022-04-06,32.38813283917504,22.23689842224121,24.63946447684141,17.417960067050913,24.170613951327145,24.17092208320424,42.07925291666667,29.614425,10.200595833333333,4,2021,BASE+ALL
2022-04-07,33.784205435847554,23.23100471496582,21.427239847049766,13.7688759690257,23.05283149172221,23.067267960628314,4.521582588235294,7.734999999999999,10.200595833333333,4,2021,BASE+ALL
2022-04-08,22.08794878158683,16.41965103149414,17.676149964936226,9.712646088186542,16.474098966550937,16.509437308029163,35.640294614285715,30.27715,10.200595833333333,4,2021,BASE+ALL
2022-04-09,18.343223736645662,13.983362197875977,15.597401019513203,5.087426679045761,13.252853408270152,13.317053236055138,0.452108,4.487333333333333,10.200595833333333,4,2021,BASE+ALL
2022-04-10,18.663737938980866,13.828925132751465,16.444858322267724,8.729268977684043,14.416697592921025,14.450451272249257,13.130965394736842,12.148270833333331,10.200595833333333,4,2021,BASE+ALL
2022-04-11,19.460718207945025,13.598814964294434,16.17623848757591,14.255585542618274,15.872839300608412,15.849504456615552,10.726297421052632,14.640425,10.200595833333333,4,2021,BASE+ALL
2022-04-12,77.22136940382165,76.3735122680664,100.83170655666923,85.43767879049875,84.96606675476401,85.0254073079386,20.77396,39.595191666666665,10.200595833333333,4,2021,BASE+ALL
2022-04-13,80.40937882804879,83.61115264892578,116.27569168567057,86.82207371805829,91.77957422017585,91.96202527536204,13.791765000000002,77.98419583333333,10.200595833333333,4,2021,BASE+ALL
2022-04-14,73.07291398916337,74.78754425048828,112.55051420656014,84.44009713885129,86.21276739626576,86.35984063980086,36.81040009090909,88.68494166666666,10.200595833333333,4,2021,BASE+ALL
2022-04-15,71.36626791233618,74.4654769897461,106.39307101739018,83.08783503696868,83.82816273911028,83.9576239307564,29.678696111111112,58.304204166666665,10.200595833333333,4,2021,BASE+ALL
2022-04-16,71.79388320650054,76.11175537109375,99.85806730188051,81.6713241405951,82.35875750501748,82.4738650509842,-3.143633,5.549008333333333,10.200595833333333,4,2021,BASE+ALL
2022-04-17,69.80751957076055,75.47833251953125,101.3652553075088,85.07787086002723,82.93224456445697,83.03168126985867,-53.01175692307692,-13.593241666666666,10.200595833333333,4,2021,BASE+ALL
2022-04-18,71.71046420011781,71.10994720458984,92.65264251494621,82.35023803679539,79.4558229891123,79.47998384478419,30.5468905,22.867154166666666,10.200595833333333,4,2021,BASE+ALL
2022-04-19,78.36224215552068,71.50537109375,93.51291337139338,81.18786118110434,81.1420969504421,81.14790050631144,41.32402838461538,63.068925,10.200595833333333,4,2021,BASE+ALL
2022-04-20,88.84980927085581,85.09657287597656,112.55154949205007,82.26690774640058,92.19120984632076,92.35767224886342,4.063734545454543,26.34145,10.200595833333333,4,2021,BASE+ALL
2022-04-21,89.07745135497314,82.25862121582031,102.56800774645427,84.87123340320574,89.69382843011336,89.75259627551462,39.58415625,39.47795,10.200595833333333,4,2021,BASE+ALL
2022-04-22,95.43744909392116,80.13581848144531,109.51188123459097,94.86658791821256,94.9879341820425,94.94529687477473,268.8559839285714,195.98214166666665,10.200595833333333,4,2021,BASE+ALL
2022-04-23,98.1938616520911,77.28143310546875,96.2271280221861,93.00956873540464,91.17799787878764,91.03351131408425,199.3491728125,141.95790833333334,10.200595833333333,4,2021,BASE+ALL
2022-04-24,94.78843976033136,76.9975814819336,92.20386408672664,85.58373905568686,87.39340609616961,87.30767874940683,36.665991875,51.8337875,10.200595833333333,4,2021,BASE+ALL
2022-04-25,100.01651395187422,77.6406478881836,100.16398871249775,83.67010896851237,90.37281488026699,90.32744078635984,42.27252125,87.36098750000001,10.200595833333333,4,2021,BASE+ALL
2022-04-26,100.69052585150675,78.02336883544922,105.68780170926907,84.58668901652005,92.24709635318627,92.2257441690772,492.1190930769232,327.72143750000004,10.200595833333333,4,2021,BASE+ALL
2022-04-27,109.36356645450958,77.77827453613281,110.35515811149406,90.734697486785,97.05792414723035,96.95902520401313,422.4831976923077,356.84057916666666,10.200595833333333,4,2021,BASE+ALL
2022-04-28,98.14157831005487,82.90184020996094,108.79031196228988,86.13220147132236,93.991482988407,94.03071449502181,309.7299706666667,223.93139166666663,10.200595833333333,4,2021,BASE+ALL
2022-04-29,98.64057951618165,87.7422866821289,122.56629675820439,85.57257759111873,98.63043513690842,98.79469248581113,500.6947483333333,356.5640333333333,10.200595833333333,4,2021,BASE+ALL
2022-04-30,92.9272683988254,92.30677795410156,122.04167695474128,85.0625777972359,98.08457527622603,98.32121753347005,154.5347791923077,200.55301666666665,10.200595833333333,4,2021,BASE+ALL
2022-05-01,91.98647864847283,94.05136108398438,136.01514065690813,88.2987465388513,102.58793173205416,102.8986115028762,208.70409,148.13794583333333,10.200595833333333,4,2021,BASE+ALL
2022-05-02,90.34946505348584,92.5345458984375,124.87514743738457,87.98597861646556,98.93628425144337,99.18005708525493,44.930906625,82.27299583333334,10.200595833333333,4,2021,BASE+ALL
2022-05-03,83.95697225912892,84.47425079345703,113.40030439913154,84.26170102824304,91.52330711999014,91.69907183892,14.252436923076925,37.75417916666667,10.200595833333333,4,2021,BASE+ALL
2022-05-04,76.32668255771972,83.86734008789062,104.11574538228922,84.71445934314652,87.25605684276152,87.41033899127241,108.14505076666666,110.97288333333334,10.200595833333333,4,2021,BASE+ALL
2022-05-05,72.95294149165389,76.12039184570312,96.09049427333709,81.08029963750197,81.56103181204902,81.65271829633421,31.09225885,31.426641666666665,10.200595833333333,4,2021,BASE+ALL
2022-05-06,78.04317097519453,73.46648406982422,99.01838612936287,86.31687570979263,84.21122922104355,84.22258339721817,52.13769364285714,41.02882916666667,10.200595833333333,4,2021,BASE+ALL
2022-05-07,73.11966068819324,72.84534454345703,100.2286339479824,81.52024695460716,81.92847153355996,82.01176324806468,28.19593189230769,43.5016625,10.200595833333333,4,2021,BASE+ALL
2022-05-08,82.48300529116646,77.22201538085938,104.40975656637727,80.3187864245673,86.1083909157426,86.21221843014395,77.8914425,64.2813125,10.200595833333333,4,2021,BASE+ALL
2022-05-09,74.13484925801109,74.12559509277344,100.74864981243206,83.41105041771104,83.1050361452319,83.17989173821026,36.35713277777778,33.811995833333334,10.200595833333333,4,2021,BASE+ALL
2022-05-10,67.7556625091872,75.13082122802734,96.47823230729277,85.08199050831918,81.11167663820662,81.19067478941692,26.2096211,28.35899583333333,10.200595833333333,4,2021,BASE+ALL
2022-05-11,73.06444329611456,74.41714477539062,97.81381466278837,87.23239760728804,83.1319500853954,83.16399073575911,42.404624000000005,42.386275000000005,10.200595833333333,4,2021,BASE+ALL
2022-05-12,69.9320286702836,72.63203430175781,97.45204957652534,84.40457227749074,81.10517120651437,81.16241068387922,26.347234766666663,30.350391666666667,10.200595833333333,4,2021,BASE+ALL
2022-05-13,69.25264216092731,72.79046630859375,96.69285091389256,82.60367998022589,80.33490984090987,80.40880548214956,58.60040440625001,48.422133333333335,10.200595833333333,4,2021,BASE+ALL
2022-05-14,74.94453989864488,74.73564910888672,104.52186437950404,84.79437183465284,84.74910630542212,84.83467743558754,61.38847631818182,133.3970625,10.200595833333333,4,2021,BASE+ALL
2022-05-15,79.42969370740951,77.5933837890625,108.99690663184096,88.36963280470408,88.59740423325425,88.67707421241276,101.24123625,91.37514583333332,10.200595833333333,4,2021,BASE+ALL
2022-05-16,73.97505504894316,75.79743194580078,105.93127318279436,86.33328472986553,85.50926122685095,85.60399391211752,-0.86016375,31.525475,10.200595833333333,4,2021,BASE+ALL
2022-05-17,74.47766393673233,80.2306137084961,110.79552906542236,83.97284867262937,87.36916384582004,87.54873259668025,24.18950076923077,45.28024166666666,10.200595833333333,4,2021,BASE+ALL
2022-05-18,78.0749869907447,79.46385192871094,112.08408145783285,84.66150937740531,88.57110743867345,88.72552695742574,43.46818708333333,65.6737375,10.200595833333333,4,2021,BASE+ALL
2022-05-19,69.95054757263227,75.50822448730469,107.58173355570085,81.5542962865823,83.64870047555503,83.81563512549606,80.15642723333333,69.98400416666667,10.200595833333333,4,2021,BASE+ALL
2022-05-20,72.06065016338057,75.57713317871094,106.97083251310467,86.40260980366115,85.25280641471433,85.3618753822213,59.739803888888886,60.14535416666666,10.200595833333333,4,2021,BASE+ALL
2022-05-21,69.26968101755924,74.12027740478516,100.17567615351737,80.59087229757667,81.03912671835961,81.16276779354732,33.08268935555556,39.7297,10.200595833333333,4,2021,BASE+ALL
2022-05-22,76.55323831374542,76.03521728515625,108.34067494712583,83.57738235030475,86.12662822408306,86.24771511392998,49.091925,116.3969125,10.200595833333333,4,2021,BASE+ALL
2022-05-23,75.39364464345397,72.8043212890625,91.64721602712267,86.57024426643311,81.60385655651807,81.57852023035197,37.909008125,43.79980416666667,10.200595833333333,4,2021,BASE+ALL
2022-05-24,74.1060556757019,73.78130340576172,93.90176266112658,82.08148025207349,80.96765049866592,81.01105645938183,8.568663888888889,31.983491666666666,10.200595833333333,4,2021,BASE+ALL
2022-05-25,75.45507296830759,73.3700180053711,91.28041026227969,89.08918824354556,82.29867236987599,82.25329260252553,41.5278295,41.923475,10.200595833333333,4,2021,BASE+ALL
2022-05-26,72.31546635953528,73.69710540771484,90.57195427534795,88.74260951390956,81.3317838891269,81.30562664608738,37.116727617647065,42.2496625,10.200595833333333,4,2021,BASE+ALL
2022-05-27,75.48928296590566,72.80419921875,92.85798514553767,78.95956826981266,80.0277589000015,80.07663753789011,80.57006799999999,68.25088333333333,10.200595833333333,4,2021,BASE+ALL
2022-05-28,81.25997545196526,74.89095306396484,96.970292641432,79.19112306235111,83.0780860549283,83.13484077949762,63.889960375,95.5195125,10.200595833333333,4,2021,BASE+ALL
2022-05-29,88.07449213727958,78.78888702392578,105.15687689682032,85.33903559384977,89.33982291296886,89.385657415479,51.27949617647059,58.85245416666667,10.200595833333333,4,2021,BASE+ALL
2022-05-30,80.81638911843616,74.38565063476562,98.10563294478841,82.98533817379894,84.07325271794728,84.10117547697425,132.11963,103.72307083333334,10.200595833333333,4,2021,BASE+ALL
2022-05-31,76.01712661854177,74.34598541259766,96.12586994411024,81.5138191278489,82.00070027577465,82.0564528712483,75.98544115384615,65.16584166666667,10.200595833333333,4,2021,BASE+ALL
2022-06-01,75.22544607360021,73.63990020751953,101.78015802955721,81.00785972049586,82.9133410077932,83.00539177861859,178.39673374999998,143.1138125,10.200595833333333,4,2021,BASE+ALL
2022-06-02,82.45041419170231,77.9308090209961,109.97964889677641,81.57301847889615,87.98347264709274,88.11533141535014,238.41918125,165.65413750000002,10.200595833333333,4,2021,BASE+ALL
2022-06-03,79.16027472501108,78.5328369140625,113.43630693903563,87.00200293322821,89.53285537783435,89.66045559227057,148.88118167857144,185.21433750000003,10.200595833333333,4,2021,BASE+ALL
2022-06-04,90.92857431204001,79.97135925292969,125.28249641821128,96.56149740169704,98.1859818462195,98.2452891677858,292.46332727272727,193.0958375,10.200595833333333,4,2021,BASE+ALL
2022-06-05,85.95002974596777,76.33546447753906,120.08758927368385,91.510733199262,93.47095417411317,93.54111020566687,81.11928722222223,65.35762916666667,10.200595833333333,4,2021,BASE+ALL
2022-06-06,79.85578422001689,74.7341079711914,120.53906402718937,80.92206186480884,89.01275452080162,89.19995656596016,177.97532629166665,112.36464583333334,10.200595833333333,4,2021,BASE+ALL
2022-06-07,87.09861621900875,80.35905456542969,119.20481532476343,85.9978372578692,93.16508084176778,93.30698740828262,21.819615,47.7280875,10.200595833333333,4,2021,BASE+ALL
2022-06-08,77.84845594814395,74.88191986083984,113.79781060389749,86.59186412278244,88.28001263391593,88.38948527744553,37.1693573125,32.7072,10.200595833333333,4,2021,BASE+ALL
2022-06-09,70.17531098432858,75.23451232910156,114.23385995707957,83.64017203058437,85.82096382527352,86.00509839842269,41.24669947222222,37.72457916666667,10.200595833333333,4,2021,BASE+ALL
2022-06-10,68.86315588372534,74.11290740966797,114.32560712055881,83.33886700292946,85.1601343542204,85.34522013190816,27.36034292105263,46.481625,10.200595833333333,4,2021,BASE+ALL
2022-06-11,67.20573512409074,74.85818481445312,113.0034397734165,82.14325843948282,84.3026545378608,84.506175460942,52.28258473529412,49.4096125,10.200595833333333,4,2021,BASE+ALL
2022-06-12,69.76040634434844,74.11192321777344,111.22817738894958,80.75580668792294,83.9640784097486,84.14877627643449,58.34675238235294,58.58493333333333,10.200595833333333,4,2021,BASE+ALL
2022-06-13,71.470293009088,74.4874267578125,104.60938932488807,80.2493304458667,82.70410988441381,82.84784390018771,139.4342130357143,96.81169166666666,10.200595833333333,4,2021,BASE+ALL
2022-06-14,78.55385936257429,74.27684783935547,104.54038396218562,82.5279807689357,84.97476798326277,85.05649485130692,56.40256111111111,65.78584166666667,10.200595833333333,4,2021,BASE+ALL
2022-06-15,72.06114829842326,74.29363250732422,103.17616269571181,78.03173795845461,81.89067036497848,82.04066976535685,32.592652538461536,64.5299375,10.200595833333333,4,2021,BASE+ALL
2022-06-16,77.30526803545496,83.3278579711914,113.78383352889993,83.2322963422843,89.41231396945766,89.62682942217934,208.1441235,136.3376875,10.200595833333333,4,2021,BASE+ALL
2022-06-17,83.9389107427215,79.70394134521484,114.50138086280205,78.1367791251111,89.07025301896238,89.26621519085916,51.58481153846154,58.022075,10.200595833333333,4,2021,BASE+ALL
2022-06-18,81.32301282469747,75.48051452636719,113.41062640162212,91.84479938581016,90.51473828462424,90.56098532284284,,100.83074166666668,10.200595833333333,4,2021,BASE+ALL
2022-06-19,86.07806334711857,76.18602752685547,110.30817223885882,89.66772861498019,90.55999793195326,90.58672062531201,27.27460115384616,87.69662916666668,10.200595833333333,4,2021,BASE+ALL
2022-06-20,92.30091673834897,80.75763702392578,112.46133192704167,85.64809901426295,92.79199617589484,92.87150276133497,71.58097157142856,89.47747500000001,10.200595833333333,4,2021,BASE+ALL
2022-06-21,90.00462468527272,81.63259887695312,115.17156553451936,82.62513452317329,92.35848090497963,92.50116580097836,71.45931916666667,101.063775,10.200595833333333,4,2021,BASE+ALL
2022-06-22,97.0042321145891,94.59261322021484,137.73122757668438,84.35204310696768,103.42002900461401,103.75251218868429,88.09964375000001,94.94177083333334,10.200595833333333,4,2021,BASE+ALL
2022-06-23,95.9376841176927,87.73402404785156,119.43930390561542,83.11829161157156,96.55732592068281,96.73992073473174,42.05871875,52.15828333333334,10.200595833333333,4,2021,BASE+ALL
2022-06-24,38.37769952269029,43.525394439697266,51.46071661732588,15.45182849631638,37.20390976900745,37.52889692071527,35.59489708333333,26.448170833333336,10.200595833333333,4,2021,BASE+ALL
2022-06-25,34.64689750764221,31.676164627075195,43.077437856324906,12.006699471011611,30.35179986551348,30.57729553079275,14.030526294117648,14.847612500000002,10.200595833333333,4,2021,BASE+ALL
2022-06-26,31.77527035270958,26.12060546875,28.566136341256314,7.855952465202112,23.5794911569795,23.72458167843624,29.7751725,29.54855,10.200595833333333,4,2021,BASE+ALL
2022-06-27,30.764232005667765,22.725984573364258,25.80652139675486,8.786067785576616,22.020701440340876,22.117824332373296,9.072315,9.812233333333332,10.200595833333333,4,2021,BASE+ALL
2022-06-28,31.95948294935704,23.899471282958984,24.477357778779883,16.005647987531482,24.08548999965685,24.114000219131633,10.182131083333331,9.025125,10.200595833333333,4,2021,BASE+ALL
2022-06-29,29.73422228814459,24.206167221069336,24.247138975731517,10.412982547822171,22.150127758191903,22.241998868254672,38.66350392307693,21.2186875,10.200595833333333,4,2021,BASE+ALL
2022-06-30,27.591027119614328,20.213003158569336,21.506084725171434,9.375483076917652,19.671399520068185,19.734090150743558,-22.96629985714285,-16.246179166666668,10.200595833333333,4,2021,BASE+ALL
2022-07-01,27.95840943610967,21.264022827148438,21.957178781659877,11.618036572293622,20.6994119043029,20.751791803418246,-9.956416285714283,-7.962375000000001,10.200595833333333,4,2021,BASE+ALL
2022-07-02,27.893432592787637,22.025802612304688,22.051518871100967,12.449469329097932,21.105055851322806,21.1574890279856,1.5142264583333331,1.208025,10.200595833333333,4,2021,BASE+ALL
2022-07-03,25.894728147832087,18.578277587890625,21.462758343467385,10.620923086371487,19.139171791390396,19.18603366391243,-34.03391416666667,-27.08309583333333,10.200595833333333,4,2021,BASE+ALL
2022-07-04,20.444585162133922,17.968631744384766,21.530721039581977,10.412896194742656,17.58920853521083,17.663542177959215,-64.57260157894737,-53.16143333333333,10.200595833333333,4,2021,BASE+ALL
2022-07-05,19.45627806356918,17.968631744384766,21.611288391694536,10.34186191177298,17.344515027855365,17.425475296188147,-9.818267,-7.8832625,10.200595833333333,4,2021,BASE+ALL
2022-07-06,18.98234109741352,17.108612060546875,18.378685261716,8.908531219959062,15.844542409908865,15.914413406650883,9.949984166666669,5.0108958333333335,10.200595833333333,4,2021,BASE+ALL
2022-07-07,18.567769759801234,16.105833053588867,19.692336211160665,6.905079204398657,15.317754557237357,15.406920765547671,20.4721703125,14.59115,10.200595833333333,4,2021,BASE+ALL
2022-07-08,18.286717704400726,16.498409271240234,16.987350134715655,4.85376213865163,14.156559812252063,14.252882795267483,4.9382165,4.703054166666667,10.200595833333333,4,2021,BASE+ALL
2022-07-09,17.821607112975173,16.62087059020996,15.962395620462274,5.4281896701681465,13.958265748453888,14.047073514595258,1.1808617857142854,2.8689875000000007,10.200595833333333,4,2021,BASE+ALL
2022-07-10,18.813189173602836,18.20609474182129,17.28460658756353,8.955336293068024,15.81480669901392,15.888128231878134,15.155017857142855,11.898745833333336,10.200595833333333,4,2021,BASE+ALL
2022-07-11,18.77616423559564,19.014938354492188,19.009948243819863,6.95064415439308,15.937923747075194,16.04637487282467,39.53033693333334,67.92572916666667,10.200595833333333,4,2021,BASE+ALL
2022-07-12,18.332349967410217,18.09226417541504,17.06668469000166,10.578470558835516,16.01744234791561,16.076771665490718,9.356790222222225,22.25873333333333,10.200595833333333,4,2021,BASE+ALL
2022-07-13,17.72698773056436,16.109264373779297,15.030587462413438,9.033824109808766,14.475165919141464,14.5225943738017,-43.83764272727273,-30.27187083333333,10.200595833333333,4,2021,BASE+ALL
2022-07-14,16.920946708095304,13.873883247375488,11.381836174455785,6.945257458518444,12.280480897111254,12.310268133637246,-86.60212691666668,-72.45281666666666,10.200595833333333,4,2021,BASE+ALL
2022-07-15,16.452549214664447,12.05197811126709,11.028617979988683,7.522403742488095,11.76388726210208,11.773490360293232,-19.29878192857143,-16.98530416666667,10.200595833333333,4,2021,BASE+ALL
2022-07-16,17.37914161556815,15.323681831359863,13.140300212110768,7.756651016267954,13.399943668826683,13.442763291771445,7.378905256249999,9.091904166666668,10.200595833333333,4,2021,BASE+ALL
2022-07-17,17.559224640124796,14.35124683380127,12.519010809250961,7.04584963908529,12.868832980565578,12.904968063006029,7.130924125,7.295779166666667,10.200595833333333,4,2021,BASE+ALL
2022-07-18,18.35211720133091,14.394941329956055,12.932643406076107,8.30301802784652,13.4956799913024,13.519040461409034,8.0576585,35.32125,10.200595833333333,4,2021,BASE+ALL
2022-07-19,18.04092121916591,14.215903282165527,12.078819220142504,10.055647502089933,13.597822805890969,13.600776746788007,5.695864428571428,5.4474375,10.200595833333333,4,2021,BASE+ALL
2022-07-20,17.246657600949455,11.004958152770996,9.708811042876297,15.27438503741696,13.308702958503428,13.228264289441453,2.527229375,1.8443041666666664,10.200595833333333,4,2021,BASE+ALL
2022-07-21,16.887594277889946,10.727554321289062,10.065685609245314,7.763593085005853,11.361106823357543,11.349115752442907,-3.50412244117647,-1.7051791666666665,10.200595833333333,4,2021,BASE+ALL
2022-07-22,16.02628805532013,10.464055061340332,10.060872730783936,9.731155863435696,11.570592927720023,11.543654814051692,-9.74959035,-7.4492,10.200595833333333,4,2021,BASE+ALL
2022-07-23,14.616112787920251,10.23597240447998,9.89507219427515,17.035649022105147,12.945701602195133,12.858834020152601,0.3586876874999998,9.671233333333332,10.200595833333333,4,2021,BASE+ALL
2022-07-24,13.151006038270438,11.25642204284668,10.860226170186479,17.422695882760898,13.172587533516124,13.10489988245321,-7.333645673913042,-7.238470833333333,10.200595833333333,4,2021,BASE+ALL
2022-07-25,100.00113465629833,76.41690063476562,110.31723405910762,87.9141971563679,93.66236662663488,93.6289341670085,-33.7122335,-26.26623333333333,10.200595833333333,4,2021,BASE+ALL
2022-07-26,131.82658391678734,87.16898345947266,157.7322031528925,85.69152809736258,115.60482465662878,115.78565708782229,-0.3574065384615385,25.81374583333333,10.200595833333333,4,2021,BASE+ALL
2022-07-27,133.81781176558783,84.69599151611328,121.80752749213993,85.31071424048008,106.40801125358028,106.34759050850874,-25.2665963125,-2.394416666666666,10.200595833333333,4,2021,BASE+ALL
2022-07-28,135.17879532119673,99.27735900878906,138.37285144463397,85.1633838681625,114.49809741069556,114.65404802121725,12.041295384615385,47.3430875,10.200595833333333,4,2021,BASE+ALL
2022-07-29,133.6902888460919,102.62116241455078,123.34533148679463,82.73179251774283,110.59714381629504,110.72277832691249,0.999431818181818,38.18064583333333,10.200595833333333,4,2021,BASE+ALL
2022-07-30,117.66186091000878,101.403076171875,113.03196607894012,88.02022908695155,105.02928306194386,105.1260795370016,15.65582808076923,13.714433333333332,10.200595833333333,4,2021,BASE+ALL
2022-07-31,118.66897301825745,101.87922668457031,116.51135592323105,89.67535682499965,106.68372811276461,106.78484116603013,7.298422222222222,14.221620833333333,10.200595833333333,4,2021,BASE+ALL
2022-08-01,113.34199101744527,103.40374755859375,116.47175718624437,85.23565107922784,104.61328671037779,104.79638850779673,2.712018,15.0429,10.200595833333333,4,2021,BASE+ALL
2022-08-02,111.71454677824903,105.02449798583984,115.91857209433475,89.72183929494263,105.59486403834157,105.75780681490474,-1.2897583333333336,1.0509958333333334,10.200595833333333,4,2021,BASE+ALL
2022-08-03,107.34794558179127,106.63887786865234,114.6327027081274,85.41155546199495,103.5077704051415,103.73959071779429,2.144548044117647,3.2164749999999995,10.200595833333333,4,2021,BASE+ALL
2022-08-04,111.44060769827497,104.63385772705078,117.51315271886504,84.18236665688597,104.44249620026919,104.66225082940156,3.46650426,7.433158333333334,10.200595833333333,4,2021,BASE+ALL
2022-08-05,107.80419045610522,104.36006927490234,115.06623141657235,83.59924486281822,102.70743400259954,102.93586967402146,165.1702857142857,125.01682083333333,10.200595833333333,4,2021,BASE+ALL
2022-08-06,111.66451353982661,106.91669464111328,113.75032734093472,82.23003752934147,103.64039326280401,103.87352335723683,145.68885928571427,139.55484583333333,10.200595833333333,4,2021,BASE+ALL
2022-08-07,109.75103214764971,112.07132720947266,128.97301531221143,81.59659145452642,108.09799153096506,108.48151594522231,300.8729026666667,218.56930416666668,10.200595833333333,4,2021,BASE+ALL
2022-08-08,116.10880007347725,122.18946838378906,131.46625635339794,83.1701788065005,113.2336759042912,113.66901592588789,273.25536115384614,219.05747916666667,10.200595833333333,4,2021,BASE+ALL
2022-08-09,118.2324524648196,126.07532501220703,139.63126669749985,83.90431402258743,116.96083954927848,117.45930763300109,271.4310218181818,222.9846458333333,10.200595833333333,4,2021,BASE+ALL
2022-08-10,119.70819902321597,140.36265563964844,157.47629161960387,82.85156184364337,125.0996770315279,125.82696602618813,317.39055625000003,246.07434583333333,10.200595833333333,4,2021,BASE+ALL
2022-08-11,123.6686481624674,139.43067932128906,164.14285951449824,82.23434929656587,127.36913407370515,128.11122096018244,116.14088590909093,163.84632083333332,10.200595833333333,4,2021,BASE+ALL
2022-08-12,119.10117331685625,142.09341430664062,161.43778139208038,83.08706033197521,126.42985733688812,127.19666862943458,225.4243811111111,221.309325,10.200595833333333,4,2021,BASE+ALL
2022-08-13,115.02199894925678,128.00538635253906,165.47983177018168,84.7530039014143,123.31505524334796,123.99322348737215,210.1492523076924,188.51380000000003,10.200595833333333,4,2021,BASE+ALL
2022-08-14,107.29097299675293,132.632080078125,162.03457533631658,82.28499957393927,121.06065699628344,121.82313601340756,367.2939075714286,299.89259583333336,10.200595833333333,4,2021,BASE+ALL
2022-08-15,104.55663585060371,137.2850341796875,156.52837647783986,86.67286848693891,121.26072874876749,122.00676567522379,405.4593712,317.24059166666666,10.200595833333333,4,2021,BASE+ALL
2022-08-16,107.01034717843855,126.21073913574219,142.63064392278014,84.79234461065842,115.16101871190482,115.73316149641772,266.15761687500003,262.8022833333333,10.200595833333333,4,2021,BASE+ALL
2022-08-17,104.96520474274305,120.9386978149414,130.573941554088,86.69892627322116,110.79419259624841,111.24445241685036,146.06629818181818,202.52715,10.200595833333333,4,2021,BASE+ALL
2022-08-18,95.31723003522683,105.46528625488281,127.9003927386122,84.33151646538278,103.25360637352615,103.63059615939484,208.86356791666665,222.46203333333327,10.200595833333333,4,2021,BASE+ALL
2022-08-19,85.5841199169412,96.33164978027344,125.94942575286753,82.47960710699073,97.58620063926823,97.94432515505447,163.0256664,169.09907916666666,10.200595833333333,4,2021,BASE+ALL
2022-08-20,81.64558418257116,90.72257232666016,126.18614426558824,84.38916137029888,95.73586553627962,96.05244062961987,185.532608125,166.69114166666665,10.200595833333333,4,2021,BASE+ALL
2022-08-21,87.80130306262902,92.12647247314453,127.32357997355822,84.89196338388201,98.03582972330345,98.33229470341968,162.71789708333333,134.5130375,10.200595833333333,4,2021,BASE+ALL
2022-08-22,83.22689610671223,85.85978698730469,93.28076677488097,85.03657123348604,86.85100527559598,86.916887698637,161.3253908846154,145.6444375,10.200595833333333,4,2021,BASE+ALL
2022-08-23,82.97624304404603,86.75777435302734,83.66853134248227,80.81288190082263,83.55385766009456,83.60951419052378,-4.184957656250001,20.187166666666663,10.200595833333333,4,2021,BASE+ALL
2022-08-24,80.19162170440714,88.9400634765625,82.86535202162793,76.5131856883079,82.12755572272637,82.2508724251496,2.4188866250000003,65.60767916666667,10.200595833333333,4,2021,BASE+ALL
2022-08-25,68.72298678175616,83.68865966796875,67.01095408814183,73.77258332934072,73.29879596680186,73.37185879198316,-47.3876071875,-18.808420833333333,10.200595833333333,4,2021,BASE+ALL
2022-08-26,76.5532524094031,79.22116088867188,76.36673787579487,74.48843784955122,76.65739725585527,76.69745680893983,7.694964785714285,17.101845833333332,10.200595833333333,4,2021,BASE+ALL
2022-08-27,91.20163262507371,87.659423828125,95.62719552709663,76.78902598388466,87.819319491045,87.9431798936202,52.77736727272727,45.842420833333335,10.200595833333333,4,2021,BASE+ALL
2022-08-28,98.31976583473293,86.3370590209961,95.81257907385455,79.04634225470117,89.87893654607119,89.93277872945649,42.44974229411765,39.378145833333335,10.200595833333333,4,2021,BASE+ALL
2022-08-29,98.54069603886626,90.00113677978516,95.92675546461697,81.66262960496431,91.53280447205817,91.59419749473183,101.149979375,67.12328333333333,10.200595833333333,4,2021,BASE+ALL
2022-08-30,97.36282040359336,90.44139099121094,100.70153273226013,83.00281777435231,92.87714047535418,92.96520009839544,178.0737604166667,110.76281666666668,10.200595833333333,4,2021,BASE+ALL
2022-08-31,99.10755225695536,90.63796997070312,101.85892155442409,83.42528060561914,93.75743109692543,93.84051800075224,30.819951875000005,36.41702083333333,10.200595833333333,4,2021,BASE+ALL
2022-09-01,106.32821647543275,100.30754089355469,116.42521132104767,80.5265417933068,100.89687762083548,101.1342101785298,167.46850454545455,107.874675,10.200595833333333,4,2021,BASE+ALL
2022-09-02,113.38570864153498,112.30669403076172,133.7531782459241,77.61972901746853,109.26632748392234,109.6951429520484,57.68402636363636,56.767095833333336,10.200595833333333,4,2021,BASE+ALL
2022-09-03,110.30927000542317,106.22138977050781,111.97084189015051,77.19036090125965,101.42296564183528,101.69195638624022,,33.123312500000004,10.200595833333333,4,2021,BASE+ALL
2022-09-04,115.5199981115696,109.586181640625,118.5616843898218,78.64714684967358,105.5787527479225,105.87344984070123,-2.8702512142857146,40.03315,10.200595833333333,4,2021,BASE+ALL
2022-09-05,113.97982234864607,106.5757827758789,113.74815865274728,75.0245969656063,102.33209018571964,102.61335443357414,36.003593125,29.8867125,10.200595833333333,4,2021,BASE+ALL
2022-09-06,111.9288588968834,106.09771728515625,115.49694267561013,74.64994415960804,102.04336575431445,102.34565925958734,14.336511428571429,29.404804166666665,10.200595833333333,4,2021,BASE+ALL
2022-09-07,100.09145307529279,105.8324966430664,117.77659728458787,75.34134596135559,99.76047324107566,100.13394226858662,28.832285625,29.25967916666667,10.200595833333333,4,2021,BASE+ALL
2022-09-08,104.10615713218338,102.04573059082031,111.11509435500332,75.96274473538413,98.30743170334779,98.58118749740652,18.506619375,23.0189625,10.200595833333333,4,2021,BASE+ALL
2022-09-09,104.13420394601792,101.927978515625,103.95003632606775,75.26071581636985,96.31823365102012,96.55470621572823,-25.30830466666667,-3.1366875000000007,10.200595833333333,4,2021,BASE+ALL
2022-09-10,103.59220139622647,98.5409927368164,99.59499818991772,72.12344156794467,93.46290847272631,93.6755522441431,27.724388181818178,23.828725,10.200595833333333,4,2021,BASE+ALL
2022-09-11,110.73678350264228,103.7782974243164,107.58361269226583,74.51226214798162,99.15273894180153,99.39629289696981,16.0369,31.1776625,10.200595833333333,4,2021,BASE+ALL
2022-09-12,121.6005664731233,107.34843444824219,109.18140684211683,75.72122355973579,103.46290783080453,103.67503971679264,43.91035307692307,51.0127125,10.200595833333333,4,2021,BASE+ALL
2022-09-13,116.91532389996286,115.09088897705078,123.17637271781443,79.33592436058053,108.62962748885215,108.98478547041049,145.19523375,151.52225416666667,10.200595833333333,4,2021,BASE+ALL
2022-09-14,115.92059035764733,103.91940307617188,95.93222665526127,76.04135805009054,97.95339453479275,98.08675086628641,6.65134,39.57922083333333,10.200595833333333,4,2021,BASE+ALL
2022-09-15,114.32930665264011,106.60737609863281,104.07274389505235,75.5764419112762,100.14646713940039,100.36395529505478,70.53154383333334,53.55919166666667,10.200595833333333,4,2021,BASE+ALL
2022-09-16,106.93704651108837,103.39527893066406,96.4265666242601,74.14741020749793,95.22657556837763,95.4253622772605,7.208932000000002,47.5606875,10.200595833333333,4,2021,BASE+ALL
2022-09-17,107.39496680212116,102.24419403076172,96.75721071970428,73.85307895877436,95.06236262784037,95.25331306407406,39.367324625000016,58.30079583333333,10.200595833333333,4,2021,BASE+ALL
2022-09-18,104.96075522252943,105.24117279052734,99.56871929807077,73.13697418805853,95.72690537479653,95.98006871845656,-6.441731968749998,29.41365416666667,10.200595833333333,4,2021,BASE+ALL
2022-09-19,109.41618854611579,113.6750717163086,115.53442411886995,75.81131537432256,103.60924993890421,103.98030692431101,88.92225420833334,79.09620833333334,10.200595833333333,4,2021,BASE+ALL
2022-09-20,109.8349985982167,117.44696044921875,120.79694968953427,74.504029301847,105.6457345097042,106.08943912056097,63.4160055,52.62635,10.200595833333333,4,2021,BASE+ALL
2022-09-21,114.72281841925066,120.53386688232422,117.90670848488594,74.24128287278798,106.85116916481219,107.27923325112738,-1.9955550000000004,93.24155416666667,10.200595833333333,4,2021,BASE+ALL
2022-09-22,29.61706746715163,54.55379104614258,49.77831353502148,11.41383107422882,36.34075078063613,36.83492918358445,7.894097727272726,14.475154166666664,10.200595833333333,4,2021,BASE+ALL
2022-09-23,28.227185325071485,46.67851638793945,44.89087435336367,13.743492741389025,33.38501720194091,33.77000421061094,-2.4384414375000003,-3.5495083333333333,10.200595833333333,4,2021,BASE+ALL
2022-09-24,27.257171926776387,35.663169860839844,31.635280228721843,11.4624128407055,26.504508714260893,26.742579982949614,-6.109005625,0.9541083333333332,10.200595833333333,4,2021,BASE+ALL
2022-09-25,23.691604790142605,27.471153259277344,26.334256075434855,11.88886594113231,22.346470016496777,22.499249203539577,-87.68880615625,-65.98635833333334,10.200595833333333,4,2021,BASE+ALL
2022-09-26,31.17202331860372,28.73248863220215,25.35729410551716,15.915884921370626,25.294422744423414,25.37467557583821,-11.194092916666667,-17.501616666666667,10.200595833333333,4,2021,BASE+ALL
2022-09-27,31.479717983017938,27.131153106689453,22.43410975804167,13.559751089561043,23.651182984327527,23.719664158989474,-0.203916769230769,-7.560737499999999,10.200595833333333,4,2021,BASE+ALL
2022-09-28,24.25390478459054,22.26002311706543,21.879514511910163,11.754594752951553,20.03700929162942,20.11692689673605,-29.3603165,-19.14217083333333,10.200595833333333,4,2021,BASE+ALL
2022-09-29,21.846472496648836,25.038583755493164,23.959544807792877,11.83115854594345,20.66893990146958,20.797688421387864,7.908375666666667,-0.5446666666666662,10.200595833333333,4,2021,BASE+ALL
2022-09-30,22.645570051793147,22.032899856567383,21.709944631171652,20.792459918011676,21.795218614385963,21.800904688808615,52.7355069375,23.33455,10.200595833333333,4,2021,BASE+ALL
2022-10-01,20.677874357180823,17.226654052734375,18.145033238398728,14.73132205713468,17.69522092636215,17.70353719185947,-1.7671309999999998,-5.306087499999999,10.200595833333333,4,2021,BASE+ALL
2022-10-02,18.31617939354187,17.388465881347656,17.88716412422835,12.100828921188969,16.42315958007671,16.467887710325787,-1.4898129,-0.43305,10.200595833333333,4,2021,BASE+ALL
2022-10-03,18.505683224297723,19.06997299194336,19.01125321335881,11.385044238183063,16.992988416945742,17.06404523346172,5.357386493750001,7.067545833333334,10.200595833333333,4,2021,BASE+ALL
2022-10-04,17.934745778549704,15.55672550201416,16.615034045302796,19.23780716793192,17.336078123449646,17.296360306386944,-70.26191029411765,-51.90520416666666,10.200595833333333,4,2021,BASE+ALL
2022-10-05,27.77640892408594,23.122211456298828,21.509989409016118,22.89870775544056,23.826829386210363,23.79329145899404,-0.5609914399999998,-6.811029166666667,10.200595833333333,4,2021,BASE+ALL
2022-10-06,20.718250489388183,19.284563064575195,18.133184650810577,12.335393744563714,17.617847987334418,17.664753035864663,-20.11779617647059,-17.65820833333333,10.200595833333333,4,2021,BASE+ALL
2022-10-07,18.007795298205878,18.135513305664062,16.68745919112802,14.394657210515668,16.806356251378407,16.831733593634723,0.692841615,-7.0150625,10.200595833333333,4,2021,BASE+ALL
2022-10-08,16.8015704335694,16.37902069091797,16.21569354944567,10.210194244442308,14.901619729593836,14.953081868261236,10.69730175,10.329629166666669,10.200595833333333,4,2021,BASE+ALL
2022-10-09,18.756245262702063,17.004493713378906,17.303978762642682,19.3172774532321,18.095498797988938,18.066945318116883,6.347369333333334,18.529120833333334,10.200595833333333,4,2021,BASE+ALL
2022-10-10,18.379752013054823,15.85552978515625,16.707433824585046,16.085062600842296,16.756944555909605,16.74584451382264,35.767690571428574,27.41013333333333,10.200595833333333,4,2021,BASE+ALL
2022-10-11,18.90826456692418,16.7211856842041,17.57509958751956,16.195833881738125,17.350095930096494,17.347595034227954,10.675146363636363,19.041875,10.200595833333333,4,2021,BASE+ALL
2022-10-12,19.8020502102051,17.4112491607666,17.41474279727612,20.689286060099608,18.829332057086855,18.786887203506126,-18.83428753125,-8.954875,10.200595833333333,4,2021,BASE+ALL
2022-10-13,20.129229144702098,19.04020118713379,18.56759690285534,16.355068683706296,18.52302397959938,18.53799589298262,41.710646958333335,25.5518375,10.200595833333333,4,2021,BASE+ALL
2022-10-14,20.38796522287959,17.520116806030273,17.251424882694472,19.406405852003907,18.64147819090206,18.607120765414493,7.2900149090909085,5.251145833333333,10.200595833333333,4,2021,BASE+ALL
2022-10-15,23.037019656599327,19.11618995666504,18.155110969750353,22.21325333246476,20.63039347886987,20.57530921754838,17.5255505,14.591729166666669,10.200595833333333,4,2021,BASE+ALL
2022-10-16,21.913154558577897,20.79142951965332,20.020162952448946,20.97875211130647,20.92587478549666,20.91338738059933,9.167697032307691,5.943433333333334,10.200595833333333,4,2021,BASE+ALL
2022-10-17,20.383531258103087,17.16503143310547,17.39241917958622,17.549641977436515,18.122655962057824,18.102609572399345,-32.91710275,-24.563570833333333,10.200595833333333,4,2021,BASE+ALL
2022-10-18,25.07030959819626,23.455087661743164,22.632498708736936,26.641669647403265,24.449891404019905,24.407707093984733,16.211259615384616,11.974708333333334,10.200595833333333,4,2021,BASE+ALL
2022-10-19,26.930567100714384,20.397987365722656,20.82590121706676,30.769286165979707,24.730935462370876,24.604870770246656,,-3.7044541666666655,10.200595833333333,4,2021,BASE+ALL
2022-10-20,85.6269922353744,62.194950103759766,74.99090206117332,81.20382800792001,76.00416810205687,75.78012016555047,,58.26935833333334,10.200595833333333,4,2021,BASE+ALL
2022-10-21,94.94885174102679,80.2027359008789,84.3015095097063,93.39704037314416,88.21253438118904,88.03722591359876,,48.7892,10.200595833333333,4,2021,BASE+ALL
2022-10-22,96.81420642006171,80.00287628173828,93.40619305436887,84.65748582720076,88.7201903958424,88.66419321946141,45.62628396666666,45.45104583333333,10.200595833333333,4,2021,BASE+ALL
2022-10-23,109.24677842791976,82.23146057128906,98.01425100441412,83.62613850354032,93.27965712679082,93.20969089022455,35.65748255555556,54.37689583333333,10.200595833333333,4,2021,BASE+ALL
2022-10-24,111.56487977256916,76.0121078491211,92.72637588988178,83.97621251113219,91.06989400567605,90.89940865774652,38.6323406475,34.909866666666666,10.200595833333333,4,2021,BASE+ALL
2022-10-25,118.60565417498414,83.41329193115234,103.58334293465403,85.05053896748755,97.66320700206951,97.57135332618336,79.11991875,175.44119583333335,10.200595833333333,4,2021,BASE+ALL
2022-10-26,117.99230360126228,73.48087310791016,93.11018945869351,84.95974017218992,92.38577658501397,92.15127461243297,19.128953741666667,24.229108333333333,10.200595833333333,4,2021,BASE+ALL
2022-10-27,51.12440429046126,48.70652770996094,56.188995445869395,53.76777009432825,52.446924385154965,52.43270088028358,33.29415792857143,26.90529583333333,10.200595833333333,4,2021,BASE+ALL
2022-10-28,57.761610413336996,46.2926139831543,52.88102439656575,59.851841547040834,54.19677258502447,54.05124193516444,19.406809961538464,33.0473125,10.200595833333333,4,2021,BASE+ALL
2022-10-29,46.1137888630414,44.49015808105469,52.31983899296307,56.6711123903673,49.89872458185661,49.827756636448754,20.56280658333333,18.12847083333333,10.200595833333333,4,2021,BASE+ALL
2022-10-30,44.58679511746254,39.30859375,46.51054872654638,56.77446160080704,46.79509979870399,46.65307407171452,-5.8273934,4.968208333333333,10.200595833333333,4,2021,BASE+ALL
2022-10-31,57.034382418048814,43.5052375793457,53.7369206414684,56.14058362292572,52.604281065447154,52.47698637603453,6.799782727272728,48.5614625,10.200595833333333,4,2021,BASE+ALL
2022-11-01,62.119449026160865,48.64560317993164,51.10829125390093,65.35161611586828,56.806239893965426,56.59717686217323,35.13179363636363,30.071375,10.200595833333333,4,2021,BASE+ALL
2022-11-02,62.29062024524441,50.8878173828125,51.67401689271892,68.7217184866602,58.39354325185901,58.17611933270223,-29.84018759375,7.3448,10.200595833333333,4,2021,BASE+ALL
2022-11-03,55.70259425421316,47.250247955322266,45.22203659093934,53.98367646434403,50.53963881620469,50.420643103469,7.356579166666667,20.359175,10.200595833333333,4,2021,BASE+ALL
2022-11-04,55.95958562721297,42.30873107910156,40.59060876527182,53.2331645783667,48.023022512488254,47.83960543973643,20.310527,17.721316666666667,10.200595833333333,4,2021,BASE+ALL
2022-11-05,52.17503888694297,35.78285598754883,34.57185838437271,57.378215411677445,44.97699216763549,44.686490915384255,141.03006916666666,85.26739583333334,10.200595833333333,4,2021,BASE+ALL
2022-11-06,53.337615854871316,33.54263687133789,33.85266252162512,56.29165800833898,44.25614331404333,43.9453831651488,68.87047855,47.800870833333335,10.200595833333333,4,2021,BASE+ALL
2022-11-07,63.87322889096558,48.243988037109375,46.70134234695127,73.54048635928191,58.08976140857703,57.768689511322805,31.1645915,67.67332499999999,10.200595833333333,4,2021,BASE+ALL
2022-11-08,59.27277617420185,48.7127799987793,48.51465978002826,69.3641640009032,56.466094988478154,56.222536421167106,2.81276875,29.4901625,10.200595833333333,4,2021,BASE+ALL
2022-11-09,55.05958833339513,42.51509475708008,42.47742594211719,56.781700260348245,49.208452323235164,49.01146460151867,34.55411470588235,29.602645833333337,10.200595833333333,4,2021,BASE+ALL
2022-11-10,51.5781033017062,34.85234832763672,35.588663899418975,44.39233724538418,41.602863193536514,41.429077857803684,41.662521,32.451175,10.200595833333333,4,2021,BASE+ALL
2022-11-11,51.40975893777038,33.63397979736328,34.999712722578884,44.046588358824,41.02250995413414,40.83883103366588,14.084781191176472,16.536616666666667,10.200595833333333,4,2021,BASE+ALL
2022-11-12,52.67042350237079,35.579322814941406,36.58512766881192,40.64463239630289,41.369876595606755,41.235385042756675,17.396398269230772,17.766983333333332,10.200595833333333,4,2021,BASE+ALL
2022-11-13,43.681800516632585,33.76886749267578,36.5971154669543,38.22192321702786,38.067426673322636,37.98923422020835,34.67084565384615,30.0915875,10.200595833333333,4,2021,BASE+ALL
2022-11-14,48.693889760232175,35.19551086425781,38.28475419406407,41.11121218618713,40.8213417511853,40.71167785323796,,32.722375,10.200595833333333,4,2021,BASE+ALL
2022-11-15,55.94106349476775,37.384639739990234,34.48580083181081,49.830873202581344,44.41059431728753,44.17928554010444,14.383357444444446,29.88309166666667,10.200595833333333,4,2021,BASE+ALL
2022-11-16,55.98408245206162,38.60669708251953,36.2170348661637,43.239757862750245,43.51189306587378,43.35957028749593,4.800234111111112,16.156741666666665,10.200595833333333,4,2021,BASE+ALL
2022-11-17,54.831516981080725,34.341819763183594,32.13548341733766,42.24261277147812,40.88785823327002,40.69021565577175,17.276177321428573,19.843866666666667,10.200595833333333,4,2021,BASE+ALL
2022-11-18,53.51783081323096,33.73798370361328,32.13548341733766,38.83578558592475,39.55677088002666,39.391556397611474,12.59205395,21.7589,10.200595833333333,4,2021,BASE+ALL
2022-11-19,50.06600491753235,33.91635513305664,33.428080258081096,35.28002828052869,38.1726171472997,38.067427079650265,-3.0051181428571434,14.178916666666666,10.200595833333333,4,2021,BASE+ALL
2022-11-20,47.941410912663244,32.20254135131836,30.71459714054375,35.800376354020585,36.66473143963648,36.53608388217769,18.96509675,17.8905,10.200595833333333,4,2021,BASE+ALL
2022-11-21,46.86655406793796,31.492389678955078,28.74568325039022,17.4470046022838,31.13790789989176,31.16055179888994,3.3365954375,41.3398,10.200595833333333,4,2021,BASE+ALL
2022-11-22,49.44357101186438,30.464832305908203,25.94265921323032,23.173823522217056,32.256221513304986,32.18825150787093,-1.722377575,9.691529166666667,10.200595833333333,4,2021,BASE+ALL
2022-11-23,54.254137685722036,36.414546966552734,34.03356242593721,25.13206506954696,37.45857803693974,37.44507660257383,5.10921,12.265933333333336,10.200595833333333,4,2021,BASE+ALL
2022-11-24,56.66940270912257,36.38554763793945,41.60907789443673,23.2554646287343,39.479873217558264,39.514082153604164,-0.7160549666666667,3.9067625000000006,10.200595833333333,4,2021,BASE+ALL
2022-11-25,32.60702671074748,24.53016471862793,22.91727603732988,14.233267167469547,23.57193365854371,23.6087421546574,3.2072925277777777,2.9734125,10.200595833333333,4,2021,BASE+ALL
2022-11-26,50.167146134068645,36.81605911254883,49.90778619497123,34.557976816813394,42.86224206460052,42.88512174964448,-10.066306694444444,23.855704166666666,10.200595833333333,4,2021,BASE+ALL
2022-11-27,29.275142005578633,22.593299865722656,28.1990268911339,14.453282202426788,23.630187741215494,23.698301936504347,0.1270196666666666,0.6523416666666667,10.200595833333333,4,2021,BASE+ALL
2022-11-28,25.078385874909866,20.187286376953125,22.78045648810114,13.305859676822166,20.337997104196575,20.38712638923127,-10.226579,-5.544137500000001,10.200595833333333,4,2021,BASE+ALL
2022-11-29,21.620168021159113,22.331575393676758,21.545224861632637,12.96722219778788,19.616047618564096,19.698540418141626,5.809118928571428,5.547691666666666,10.200595833333333,4,2021,BASE+ALL
2022-11-30,21.28195035135907,23.798921585083008,21.849372069725426,15.712881241136095,20.6607813118259,20.735128768507597,6.768069642857143,4.602875,10.200595833333333,4,2021,BASE+ALL
2022-12-01,18.487938441289725,21.32508659362793,21.09080580899645,10.487271626343986,17.847775617564523,17.958489968708943,18.656893642857145,8.8821625,10.200595833333333,4,2021,BASE+ALL
2022-12-02,18.821994726275705,19.807292938232422,19.837895645162067,13.75797746009362,18.056290192440954,18.115699819918216,-24.51867625,-8.690154166666668,10.200595833333333,4,2021,BASE+ALL
2022-12-03,19.518240694996873,17.824182510375977,18.1310448032529,22.310089853794626,19.445889465605095,19.398401546837935,3.2625299999999995,-0.5193583333333335,10.200595833333333,4,2021,BASE+ALL
2022-12-04,19.603582231698446,18.154664993286133,17.605388891846538,26.8378334447788,20.550367390402478,20.461910407026757,-1.5381523461538469,-2.9880791666666666,10.200595833333333,4,2021,BASE+ALL
2022-12-05,18.800078155233034,18.81098175048828,18.182841917936923,24.280690253938246,20.018648019399123,19.966417494920165,-12.741455909090911,-10.504666666666669,10.200595833333333,4,2021,BASE+ALL
2022-12-06,17.456358740986925,18.606687545776367,17.874608190819274,18.286128085369413,18.055945640737995,18.06088951440708,14.19777431818182,4.695241666666667,10.200595833333333,4,2021,BASE+ALL
2022-12-07,16.676858813526188,18.442956924438477,17.570460982726484,10.782984583960673,15.868315326162953,15.941051947308171,1.3882966666666667,3.141916666666667,10.200595833333333,4,2021,BASE+ALL
2022-12-08,16.675511399565515,17.573101043701172,17.253282518193544,10.491337849757617,15.498308202804463,15.564326101638212,1.5606075850000003,8.1560375,10.200595833333333,4,2021,BASE+ALL
2022-12-09,23.434459990673627,25.503145217895508,28.870974794996226,11.367700628344776,22.294070157977536,22.451073020123413,8.740353,9.456975,10.200595833333333,4,2021,BASE+ALL
2022-12-10,24.78611832493233,27.733474731445312,24.853871857654266,13.854502614823051,22.80699188221374,22.929694214479532,-3.388628318181817,3.1241625,10.200595833333333,4,2021,BASE+ALL
2022-12-11,25.1819311509892,25.941892623901367,26.199979773516922,11.341255546626863,22.166264773758588,22.301707858907243,8.641309090909091,9.9296875,10.200595833333333,4,2021,BASE+ALL
2022-12-12,30.38335268116723,27.93096160888672,36.77529596446336,17.066487172850856,28.03902435684204,28.174100112412713,34.2915705,19.733741666666667,10.200595833333333,4,2021,BASE+ALL
2022-12-13,30.821248804975717,29.907562255859375,35.46229058437824,16.85455069320706,28.2614130846051,28.40507377364532,19.9552575,14.362708333333332,10.200595833333333,4,2021,BASE+ALL
2022-12-14,31.750567903605063,30.57163429260254,32.41295387318115,16.005320424270046,27.6851191234147,27.818787861936123,0.6795066666666673,6.061895833333334,10.200595833333333,4,2021,BASE+ALL
2022-12-15,32.792979335411765,31.989538192749023,32.016996184951324,11.395138468723136,27.04866304545881,27.22724419900077,9.596058958333332,13.366925,10.200595833333333,4,2021,BASE+ALL
2022-12-16,27.56048175487415,27.692642211914062,31.187784907078754,14.062443050660193,25.125837981131788,25.268291062488714,-12.86563,-3.760783333333333,10.200595833333333,4,2021,BASE+ALL
2021-12-17,21.593907779877423,27.73934555053711,26.957065705980202,16.730849689549657,23.255292181486098,23.382759195670847,,26.445395833333333,29.227079166666663,9,2021,BASE+ALL
2021-12-18,24.159422699114778,27.77266502380371,23.90992427088775,14.74503823490084,22.64676255717677,22.75981110023978,,29.16069583333333,29.227079166666663,9,2021,BASE+ALL
2021-12-19,25.10639294004669,28.14104461669922,25.162615505537435,15.540102651268027,23.487538928387842,23.598793981628262,,32.00080416666667,29.227079166666663,9,2021,BASE+ALL
2021-12-20,15.842102334387342,20.40164566040039,17.156985087112098,-6.8140596710756185,11.646668352706053,11.894664572032692,,7.779858333333333,29.227079166666663,9,2021,BASE+ALL
2021-12-21,16.918775439378464,18.06499481201172,17.88486579050894,4.747951850601844,14.404146973125242,14.527756802951716,11.558021642857142,10.219525,29.227079166666663,9,2021,BASE+ALL
2021-12-22,19.242389790544525,18.140396118164062,18.198985914786945,8.290463337267596,15.968058790190781,16.049731333571,,17.848512500000002,29.227079166666663,9,2021,BASE+ALL
2021-12-23,14.995620434796265,16.194091796875,16.00648657855719,-5.366984583473048,10.457303556688851,10.65437908706317,,6.980275,29.227079166666663,9,2021,BASE+ALL
2021-12-24,14.45752915058445,15.942310333251953,16.013788747941643,-9.297746474639276,9.278970439284693,9.511850732857674,,10.2130125,29.227079166666663,9,2021,BASE+ALL
2021-12-25,17.47379344237103,18.97842788696289,16.00438703558314,-4.4156884787526,12.010229971541115,12.208823997437857,,13.044766666666668,29.227079166666663,9,2021,BASE+ALL
2021-12-26,15.247269380746495,15.892044067382812,15.280700022331253,-15.274279191212202,7.78643356981209,8.063219484394205,,14.455241666666666,29.227079166666663,9,2021,BASE+ALL
2021-12-27,15.28173652524529,15.565352439880371,12.497634445623067,1.2082887690889166,11.138253044959411,11.249213031737465,,23.688904166666664,29.227079166666663,9,2021,BASE+ALL
2021-12-28,26.468978253183018,23.55828285217285,23.329916239756585,20.80822860014548,23.541351486314486,23.54817008936966,,26.632608333333334,29.227079166666663,9,2021,BASE+ALL
2021-12-29,26.439079633387443,24.785146713256836,21.2126327541168,18.10379112417089,22.63516255623299,22.66414718246218,,21.69012083333333,29.227079166666663,9,2021,BASE+ALL
2021-12-30,21.233038204466826,18.624412536621094,17.383005100991205,14.350672380027136,17.897782055526566,17.91383173071138,,29.6174375,29.227079166666663,9,2021,BASE+ALL
2021-12-31,29.53144569317025,21.992294311523438,20.99775980998152,19.77320415400915,23.07367599217109,23.045400950036907,,34.70538333333333,29.227079166666663,9,2021,BASE+ALL
2022-01-01,28.769623678221524,19.120513916015625,19.916601034579035,5.360436409755998,18.291793759643042,18.364819226404666,21.06037071428572,26.3836125,29.227079166666663,9,2021,BASE+ALL
2022-01-02,30.147748080977635,19.361513137817383,19.98597857786665,3.940717529046175,18.35898933142696,18.43939909668312,,35.26840833333333,29.227079166666663,9,2021,BASE+ALL
2022-01-03,21.45901964460769,16.10367202758789,15.708933676024687,-6.455785196421534,11.703960037949685,11.872076369727482,,31.55207916666667,29.227079166666663,9,2021,BASE+ALL
2022-01-04,17.922959070237535,14.981953620910645,15.054592522067965,-7.220528854798175,10.184744089604493,10.365936385724513,59.61666666666666,46.64930416666667,29.227079166666663,9,2021,BASE+ALL
2022-01-05,15.804166856353186,11.806986808776855,11.471315047240665,-17.71539489076709,5.341768455400904,5.5796591442253565,22.9104973,19.65234583333333,29.227079166666663,9,2021,BASE+ALL
2022-01-06,15.948130591885873,12.345489501953125,11.14848449950666,-3.745163838995488,8.924235188587542,9.03994600420333,-3.667435625,6.9556875,29.227079166666663,9,2021,BASE+ALL
2022-01-07,20.25452498665337,11.811654090881348,10.79702928116664,-3.9290262877543753,9.733545517736745,9.820194489115,2.1883723333333336,6.270966666666666,29.227079166666663,9,2021,BASE+ALL
2022-01-08,33.27541158001379,19.482450485229492,16.447317198725276,12.885003918540008,20.522545795627142,20.486167755553403,-4.562678888888889,2.2403291666666667,29.227079166666663,9,2021,BASE+ALL
2022-01-09,18.277845921521596,13.484134674072266,12.771845476150787,-11.899672381438734,8.158538422576479,8.352998284412845,3.852363333333333,4.781616666666667,29.227079166666663,9,2021,BASE+ALL
2022-01-10,16.518094615867998,11.975321769714355,11.302537860867393,-23.692832781221387,4.02578036630709,4.313213996020727,,12.5556625,29.227079166666663,9,2021,BASE+ALL
2022-01-11,14.836721906923705,12.282764434814453,10.74597485201527,-25.567926834110157,3.074383589910819,3.387200882369938,8.249280727272728,6.998808333333333,29.227079166666663,9,2021,BASE+ALL
2022-01-12,14.824501483064564,12.41097640991211,10.980471123746597,-28.815098295692213,2.3502126802577648,2.694420461876006,-13.470407714285717,-6.207725,29.227079166666663,9,2021,BASE+ALL
2022-01-13,15.991916870207637,13.486470222473145,11.326946869786921,-27.53841432758661,3.3167299087202737,3.654328106582521,-5.2713055,-2.147320833333333,29.227079166666663,9,2021,BASE+ALL
2022-01-14,16.807582186699864,12.297749519348145,10.79439852955466,-20.87581965733709,4.755977644566395,5.016530313741388,11.3623825,7.150091666666666,29.227079166666663,9,2021,BASE+ALL
2022-01-15,16.85781066192886,11.669306755065918,10.720854042239944,-23.88724031603605,3.8401827857996675,4.121389376841999,8.612128541666666,5.922175,29.227079166666663,9,2021,BASE+ALL
2022-01-16,15.238649093296038,10.310760498046875,9.717773049630916,-15.30493437979456,4.990562065294817,5.187037266972009,9.1857746875,7.300133333333332,29.227079166666663,9,2021,BASE+ALL
2022-01-17,14.332002467586337,10.949271202087402,10.100792888205147,-29.171413170689004,1.5526633467974706,1.8850814449969322,-6.013874583333333,-2.4353083333333334,29.227079166666663,9,2021,BASE+ALL
2022-01-18,15.28598956641076,12.104737281799316,10.585927126683277,-28.090098882316624,2.471638773144182,2.8018781830038746,-2.569281944444445,-1.2654541666666668,29.227079166666663,9,2021,BASE+ALL
2022-01-19,13.37757520245038,10.252803802490234,9.933992773541803,-13.790379322594289,4.943498113972032,5.137698061427146,6.9427500250000005,5.426595833333333,29.227079166666663,9,2021,BASE+ALL
2022-01-20,12.336053988969304,10.952779769897461,10.035919786825998,-25.094805310657076,2.0574870587589222,2.3644929146316853,-3.3929740000000006,-1.528666666666667,29.227079166666663,9,2021,BASE+ALL
2022-01-21,13.422197512026084,11.33773422241211,10.031722512461718,-28.73931779051927,1.51308411409516,1.8496606842428642,-2.2705202954545456,0.6567291666666664,29.227079166666663,9,2021,BASE+ALL
2022-01-22,11.472019822762343,10.100555419921875,9.742967478218109,-21.68105570136933,2.4086217548832485,2.6811119708661595,12.723388333333334,9.692845833333331,29.227079166666663,9,2021,BASE+ALL
2022-01-23,13.065818398573354,12.182804107666016,10.585927126683277,-20.18444743093949,3.912525550495789,4.185619231197408,-5.4250205000000005,-0.3937500000000001,29.227079166666663,9,2021,BASE+ALL
2022-01-24,14.085553310042744,12.182804107666016,11.054159628561585,-12.572999189804833,6.187379464116379,6.389946082336309,7.823922083333334,7.693154166666666,29.227079166666663,9,2021,BASE+ALL
2022-01-25,16.079920831930785,13.60895824432373,11.6420170641897,-25.672444070515724,3.9146130174821234,4.238057734940553,3.253011363636364,4.750233333333333,29.227079166666663,9,2021,BASE+ALL
2022-01-26,15.297305051518652,11.415592193603516,10.020811333717152,-23.066516776833005,3.4167979505015786,3.693121911820737,17.0510075,9.381025,29.227079166666663,9,2021,BASE+ALL
2022-01-27,16.10237503831292,11.822760581970215,13.312249630501515,-16.365587318536306,6.217949483062087,6.453203739325393,,8.912829166666667,29.227079166666663,9,2021,BASE+ALL
2022-01-28,18.033740731823052,11.297786712646484,13.774864885079236,-22.771735715796936,5.083664153437958,5.363270821630186,,9.1628,29.227079166666663,9,2021,BASE+ALL
2022-01-29,23.710920295096063,14.224547386169434,16.6823427970561,-7.546286319778144,11.767881039635864,11.92278433474732,,9.979725,29.227079166666663,9,2021,BASE+ALL
2022-01-30,17.049258349993703,10.586962699890137,13.60714407704565,-21.6862800387119,4.889271272054398,5.157663292555055,,9.729329166666668,29.227079166666663,9,2021,BASE+ALL
2022-01-31,22.791712320417055,14.896329879760742,13.40632898262422,0.2471948227521636,12.835391501388546,12.912593648171413,,8.514883333333334,29.227079166666663,9,2021,BASE+ALL
2022-02-01,28.38193403050167,20.95372772216797,16.960494964506225,0.3835414254678468,16.669924535660925,16.78752550589376,,6.479429166666667,29.227079166666663,9,2021,BASE+ALL
2022-02-02,19.694857172306662,14.001873016357422,12.9911815030015,-14.045849122383991,8.160515642320398,8.371848467035402,-1.2187304500000002,0.4195083333333333,29.227079166666663,9,2021,BASE+ALL
2022-02-03,17.071718056516627,12.070165634155273,10.837461978247932,-11.3895890975162,7.147439142850908,7.320573806542322,0.0353615384615385,2.190783333333333,29.227079166666663,9,2021,BASE+ALL
2022-02-04,21.637109540040615,14.563824653625488,12.521193951144559,-3.337435337415151,11.346173201848877,11.453583116422205,0.6968953333333334,6.060483333333334,29.227079166666663,9,2021,BASE+ALL
2022-02-05,25.04605630733229,15.218262672424316,12.198514649012642,1.105239484547461,13.392018278329179,13.44462424452067,-0.4123338125,3.3269625,29.227079166666663,9,2021,BASE+ALL
2022-02-06,38.064150710862826,29.472747802734375,23.30848061296882,17.96422130760596,27.202400108542996,27.220191715601764,,4.370491666666667,29.227079166666663,9,2021,BASE+ALL
2022-02-07,22.26489479148354,20.773223876953125,14.649665740625652,-16.317860244773,10.342481041072329,10.627371287274745,17.828728458333334,13.421354166666667,29.227079166666663,9,2021,BASE+ALL
2022-02-08,19.24318946976623,15.643950462341309,10.98052037449162,-7.196646872537968,9.667753358515297,9.822940951789043,13.493136357142856,12.552575,29.227079166666663,9,2021,BASE+ALL
2022-02-09,17.712546216182982,14.446511268615723,11.087043508535983,-17.80326422508599,6.360709192062176,6.609031788675073,-0.2587676666666665,2.7720125,29.227079166666663,9,2021,BASE+ALL
2022-02-10,17.58526952190246,11.822916030883789,10.679476696301858,-22.2081551058565,4.469876785807903,4.733177662561747,-0.5287380162500002,0.4471333333333332,29.227079166666663,9,2021,BASE+ALL
2022-02-11,17.54193074887923,11.858174324035645,9.942194854869685,-26.07910750103058,3.3157981066884945,3.60966367358629,1.981045,1.9972666666666663,29.227079166666663,9,2021,BASE+ALL
2022-02-12,18.77057299640992,11.992254257202148,9.763445498465869,-3.4928792727436004,9.258348369833584,9.344846627734889,-0.0142218958333333,5.116695833333333,29.227079166666663,9,2021,BASE+ALL
2022-02-13,30.852600621351513,19.57990837097168,15.455774864752447,6.939134491550334,18.206854587156492,18.231787279110485,,10.674195833333334,29.227079166666663,9,2021,BASE+ALL
2022-02-14,22.1750735892722,13.983534812927246,13.028684784375786,-12.031069116344824,9.289056017557602,9.46870819434188,4.685474444444444,6.6970375,29.227079166666663,9,2021,BASE+ALL
2022-02-15,25.935502066181332,15.099780082702637,12.888489162535254,-1.986991151199732,12.984195040054871,13.062361765893105,,12.159979166666666,29.227079166666663,9,2021,BASE+ALL
2022-02-16,54.0485403361224,40.78368377685547,51.77514836843077,26.44094756793018,43.26208001233471,43.38035411562579,,32.709829166666665,29.227079166666663,9,2021,BASE+ALL
2022-02-17,28.28162856375068,23.545936584472656,29.14471631967719,-0.3065530189041823,20.166432112249087,20.384921926196572,7.760139884615384,11.862408333333336,29.227079166666663,9,2021,BASE+ALL
2022-02-18,51.172973170974906,46.364192962646484,41.11967498132601,22.764256031081626,40.35527428650725,40.50701585656174,,40.29128333333333,29.227079166666663,9,2021,BASE+ALL
2022-02-19,42.55872905810354,37.48500442504883,28.01393003504774,2.845721344739012,27.72584621573478,27.94916824946312,,20.255216666666666,29.227079166666663,9,2021,BASE+ALL
2022-02-20,65.95479737553102,72.07412719726562,52.79473328565929,26.66321293279315,54.37171769781227,54.69523813346223,,23.8909875,29.227079166666663,9,2021,BASE+ALL
2022-02-21,46.83409973203512,46.274749755859375,37.425444016124594,9.486971911844869,35.005316353965995,35.276607179442,,25.38359583333333,29.227079166666663,9,2021,BASE+ALL
2022-02-22,38.141925710346136,32.94462203979492,25.098752953588704,-6.818541135345036,22.341689892096177,22.619435628012692,,13.403733333333332,29.227079166666663,9,2021,BASE+ALL
2022-02-23,28.378185756271467,23.979455947875977,18.421717456229192,-14.927768862963443,13.962897574353295,14.251026932368383,,13.9416625,29.227079166666663,9,2021,BASE+ALL
2022-02-24,37.081682601533416,22.318748474121094,21.877587760530083,-2.7411159645731686,19.634225717902858,19.771735142509165,,15.628591666666669,29.227079166666663,9,2021,BASE+ALL
2022-02-25,26.08361900016322,17.570960998535156,18.80373771664886,-18.8451322191114,10.90329637405896,11.186465874871601,,9.356329166666669,29.227079166666663,9,2021,BASE+ALL
2022-02-26,20.970719422957966,18.905128479003906,19.48847280414777,-10.326168402660386,12.259538075862315,12.511063575765164,,11.194766666666666,29.227079166666663,9,2021,BASE+ALL
2022-02-27,19.67108343359119,18.709726333618164,19.146270185259144,-13.14691001828724,11.095042483545313,11.375183673514808,,10.851,29.227079166666663,9,2021,BASE+ALL
2022-02-28,17.902284884813046,15.984244346618652,15.841652100512091,-18.049562825936107,7.91965462650192,8.21036573359548,,11.242304166666663,29.227079166666663,9,2021,BASE+ALL
2022-03-01,22.94600818541375,17.171241760253906,21.77139772152363,-17.288058191749464,11.150147368860454,11.451133789805446,,15.57415,29.227079166666663,9,2021,BASE+ALL
2022-03-02,20.888188920773818,16.828126907348633,17.987052583626575,-5.436844943752924,12.566630866999025,12.748549722048054,,11.499904166666669,29.227079166666663,9,2021,BASE+ALL
2022-03-03,18.738471000860777,15.283601760864258,15.58804867319669,-16.12440860637046,8.371428207137816,8.632878382897317,-2.4960042857142857,3.4158250000000003,29.227079166666663,9,2021,BASE+ALL
2022-03-04,17.153999298296057,11.727178573608398,15.044703329256418,-23.01314918750816,5.2281830034131795,5.526026626933506,15.44666,11.180116666666668,29.227079166666663,9,2021,BASE+ALL
2022-03-05,17.963891706955888,11.775032043457031,11.994255813475634,-22.057075940666632,4.919025905805481,5.1862327655984535,31.14186090909091,23.708175,29.227079166666663,9,2021,BASE+ALL
2022-03-06,19.0803775441681,12.958704948425293,12.814601536347732,-13.044507179850868,7.952294212272564,8.148197494818906,45.370559,29.19503333333333,29.227079166666663,9,2021,BASE+ALL
2022-03-07,21.01657969578621,13.627484321594238,13.387466101626384,-1.4183529868198337,11.65329428304675,11.744236104004427,33.12692911764706,32.01722916666667,29.227079166666663,9,2021,BASE+ALL
2022-03-08,19.58590942842939,13.627484321594238,12.68230211174679,-7.368353751247458,9.631835527630741,9.77944296641795,,18.688145833333333,29.227079166666663,9,2021,BASE+ALL
2022-03-09,20.522117241544287,14.247455596923828,14.098754574278072,-6.412641335806349,10.613921519234959,10.761489180069432,,7.835529166666666,29.227079166666663,9,2021,BASE+ALL
2022-03-10,18.22271776762769,12.458605766296387,11.242322079468597,-13.593784129922868,7.082465370867451,7.274464434313282,2.3421706071428576,3.3103875,29.227079166666663,9,2021,BASE+ALL
2022-03-11,20.699010780979503,14.240476608276367,13.097027032222831,-0.090950228913968,11.986391048141185,12.070844565312392,12.75188375,10.500208333333331,29.227079166666663,9,2021,BASE+ALL
2022-03-12,29.588896730890006,21.090097427368164,18.88892249647083,3.1175744343598737,18.17137277227222,18.27051719972444,0.7833918791666665,7.298558333333333,29.227079166666663,9,2021,BASE+ALL
2022-03-13,20.178622750523072,15.15179443359375,14.671870710820247,-13.7720292248721,9.057564667516242,9.283536276619188,5.44174946875,6.6205125,29.227079166666663,9,2021,BASE+ALL
2022-03-14,18.190500837661777,13.278079986572266,12.238672150738667,-27.094957744411403,4.153073807640327,4.47806151041653,70.65688857142857,31.64590833333333,29.227079166666663,9,2021,BASE+ALL
2022-03-15,18.350279963077906,13.521697044372559,12.716135796455742,-21.071734474183103,5.879094582430776,6.154602163091681,5.489325625000001,11.842125,29.227079166666663,9,2021,BASE+ALL
2022-03-16,17.23548318874419,11.917152404785156,10.72852874446758,-22.074171643237463,4.451748173689866,4.716908725637022,6.570696888888889,11.525262500000002,29.227079166666663,9,2021,BASE+ALL
2022-03-17,16.32509996096027,10.02450180053711,9.762365705982612,-22.46398481449384,3.411995663246538,3.6637999045500464,2.419997563888889,3.162041666666666,29.227079166666663,9,2021,BASE+ALL
2022-03-18,17.344864191690373,12.009541511535645,11.375364721797807,-16.67345855786732,6.0140779667891255,6.235276037882426,13.103175192307692,12.112049999999998,29.227079166666663,9,2021,BASE+ALL
2022-03-19,30.296654891027366,19.99085807800293,28.654306180256096,11.497282910944705,22.609775515057773,22.678865566388183,7.065350517500001,8.640779166666666,29.227079166666663,9,2021,BASE+ALL
2022-03-20,21.029977279397922,15.731231689453125,20.21038150131599,-4.602220968465186,13.092342375425464,13.269815507493997,15.665018235294118,15.296870833333337,29.227079166666663,9,2021,BASE+ALL
2022-03-21,18.30306532595466,15.419572830200195,16.579025291493323,-10.084663112077411,10.054250083892693,10.271511966355021,,15.745491666666666,29.227079166666663,9,2021,BASE+ALL
2022-03-22,18.09438934219273,13.624831199645996,16.636780639955635,-17.909274162467728,7.611681754831658,7.88458961842964,13.370661,10.699845833333333,29.227079166666663,9,2021,BASE+ALL
2022-03-23,19.141706596238937,13.257468223571777,16.478142290301157,-21.696217897217444,6.795274803223606,7.0918862451442815,7.152565500000001,8.36495,29.227079166666663,9,2021,BASE+ALL
2022-03-24,19.499960684541023,14.341835021972656,17.20397805180299,-20.56740568047475,7.61959201946048,7.917744565140865,-12.8043775,-3.6226625,29.227079166666663,9,2021,BASE+ALL
2022-03-25,19.079156199853013,13.117597579956055,16.902924288762275,-18.48554081034904,7.653534314555578,7.923294362187562,-12.126773134210527,-8.9171875,29.227079166666663,9,2021,BASE+ALL
2022-03-26,19.06267680725816,12.535167694091797,17.002084349659118,-12.679284414659657,8.980161109087355,9.194049356535011,11.669272083333333,8.8995125,29.227079166666663,9,2021,BASE+ALL
2022-03-27,18.172531252135574,12.716534614562988,16.975394215891622,-16.68335289682249,7.795276796441923,8.051091635921843,8.756301368421052,8.461695833333334,29.227079166666663,9,2021,BASE+ALL
2022-03-28,17.869077643719546,11.88701343536377,16.724667811107395,-20.072371306686414,6.602096895876075,6.881126903647649,0.6590574285714291,1.5895583333333343,29.227079166666663,9,2021,BASE+ALL
2022-03-29,17.67124418731248,13.105620384216309,17.0759582152902,-23.451400623004368,6.100355540953656,6.423002366067573,-42.94367571428571,-15.849133333333334,29.227079166666663,9,2021,BASE+ALL
2022-03-30,17.224959034513212,10.002790451049805,15.44630129582485,-25.832042745723072,4.2105020089161975,4.5206068138970394,11.816605333333332,8.635279166666669,29.227079166666663,9,2021,BASE+ALL
2022-03-31,18.445922407461968,12.331524848937988,16.79630496737615,-9.19268395574456,9.595267067007889,9.77867551782533,-3.084971083333334,7.413658333333333,29.227079166666663,9,2021,BASE+ALL
2022-04-01,18.48324025916136,10.261819839477539,14.953692119742676,-19.509676815820377,6.0472688506402985,6.293499376795228,-6.188374958333333,1.3718374999999996,29.227079166666663,9,2021,BASE+ALL
2022-04-02,17.8706048953545,11.019899368286133,12.437201220124678,-27.482562194575078,3.461285822297559,3.773357508687112,-2.408410392857143,0.9546083333333334,29.227079166666663,9,2021,BASE+ALL
2022-04-03,18.22737949470768,9.721129417419434,11.242180801698362,-27.511905601586346,2.919696028059783,3.2118609083304923,5.272328833333334,51.1569375,29.227079166666663,9,2021,BASE+ALL
2022-04-04,18.80925860688145,10.31942081451416,10.606984582905557,-13.040125215462847,6.673884697209581,6.835634632121572,14.446502222222222,16.474883333333334,29.227079166666663,9,2021,BASE+ALL
2022-04-05,20.423209167006664,11.442280769348145,11.600129326354049,-8.184392153337392,8.820306777342866,8.945394374986515,12.516194714285714,13.801975,29.227079166666663,9,2021,BASE+ALL
2022-04-06,30.828905350342236,22.96282386779785,22.775742653797973,9.021511184435695,21.39724576409344,21.476026975687518,0.9044809181818184,25.9690875,29.227079166666663,9,2021,BASE+ALL
2022-04-07,29.33911616169358,23.39128303527832,21.13122223974137,-3.556113590928064,17.576376961446304,17.76912885017954,0.2471480187499999,3.851945833333333,29.227079166666663,9,2021,BASE+ALL
2022-04-08,19.61947686297145,16.614166259765625,15.975519600193074,-22.53192926118998,7.419308365435043,7.746418984890066,12.321713583333334,12.696325,29.227079166666663,9,2021,BASE+ALL
2022-04-09,17.590177198243257,14.344991683959961,15.225900997387136,-30.089461164284963,4.267902178826349,4.649623274246217,27.840579545454545,18.63275416666667,29.227079166666663,9,2021,BASE+ALL
2022-04-10,18.43841254746594,14.22589111328125,14.552048146736416,-11.885490437399287,8.83271534252108,9.043021347412836,4.218922888888889,6.216670833333333,29.227079166666663,9,2021,BASE+ALL
2022-04-11,18.599390451560062,14.356365203857422,14.369652348781017,-6.453099551064508,10.218077113283499,10.3792751853218,25.37833302142857,22.210954166666667,29.227079166666663,9,2021,BASE+ALL
2022-04-12,16.833482239190978,12.651590347290039,12.709895231733528,-24.40635870680357,4.4471522778527435,4.7532662167636435,55.4529,27.761445833333337,29.227079166666663,9,2021,BASE+ALL
2022-04-13,97.28413859181343,73.1895523071289,84.78233610238614,56.3551401888056,77.90279179753351,77.98626800519888,,101.05301666666666,29.227079166666663,9,2021,BASE+ALL
2022-04-14,125.54531391603254,85.98995971679688,120.15806667371416,59.04470352770869,97.68451095856307,97.90488733767899,92.83110957142856,74.1649875,29.227079166666663,9,2021,BASE+ALL
2022-04-15,133.22229979362285,82.10419464111328,114.31347607423152,53.92530403421774,95.89131863579634,96.04649668430486,88.35705750000001,101.24275833333331,29.227079166666663,9,2021,BASE+ALL
2022-04-16,131.23215622642525,83.64735412597656,109.23756912426933,63.098648441075305,96.80393197943661,96.87194981206929,184.2363296318182,153.30375833333332,29.227079166666663,9,2021,BASE+ALL
2022-04-17,124.62075295774872,76.67436218261719,99.64372607598611,68.82232491566509,92.44029153300427,92.37803410437851,53.39608230769231,56.02194166666666,29.227079166666663,9,2021,BASE+ALL
2022-04-18,122.508593667868,74.2036361694336,95.34848080851343,61.83057294071994,88.47282089663375,88.43792859759942,,119.30024583333334,29.227079166666663,9,2021,BASE+ALL
2022-04-19,118.51642419301362,74.01067352294922,93.709475285282,64.11594597150292,87.58812974318694,87.54389642997057,177.55603333333332,179.82906666666668,29.227079166666663,9,2021,BASE+ALL
2022-04-20,114.33800467911031,84.92354583740234,109.643351279738,58.57688548466593,91.87044682022915,92.08629077879007,138.077747,112.30744583333336,29.227079166666663,9,2021,BASE+ALL
2022-04-21,113.39475922061793,85.17852783203125,103.20590005667914,65.24501391937127,91.75605025717489,91.88206832333462,145.33185285714285,128.83895,29.227079166666663,9,2021,BASE+ALL
2022-04-22,120.71166989401404,88.08599853515625,116.60756917065031,75.48840972833312,100.22341183203844,100.32168466564775,134.6150353125,115.43885833333331,29.227079166666663,9,2021,BASE+ALL
2022-04-23,124.64096118389548,88.23368072509766,115.79707861967022,71.80424010455806,100.11899015830535,100.22451149178536,146.24865333333335,111.01304583333332,29.227079166666663,9,2021,BASE+ALL
2022-04-24,118.6851977929467,92.47904968261719,111.94020703078745,65.86140734473165,97.24146546277075,97.44654887579279,98.25592636363636,92.15176666666667,29.227079166666663,9,2021,BASE+ALL
2022-04-25,119.4254152851722,91.95268249511719,109.21463242484701,61.66543964930279,95.56454246360981,95.7821432475544,187.4328990909091,123.59430416666667,29.227079166666663,9,2021,BASE+ALL
2022-04-26,115.40050208815931,91.890380859375,102.69790393209962,63.7595152425606,93.43707553054864,93.61950167560343,51.03309458333334,62.08445,29.227079166666663,9,2021,BASE+ALL
2022-04-27,121.91213844867796,92.47904968261719,111.39240327631222,67.68327717264322,98.36671714506265,98.53435991446092,120.15760661538462,90.33925416666666,29.227079166666663,9,2021,BASE+ALL
2022-04-28,114.76610352515284,100.1478500366211,123.72824290404486,60.90281117032476,99.88625190903589,100.29254927211547,160.08281126666668,145.0952,29.227079166666663,9,2021,BASE+ALL
2022-04-29,118.22630515431254,110.26228332519531,124.24364636726952,59.81040113242586,103.1356589948008,103.62190877766402,104.39188364285714,84.94453750000001,29.227079166666663,9,2021,BASE+ALL
2022-04-30,116.39035389019035,113.22161102294922,125.85172804142138,57.15995418128495,103.15591178396147,103.71077704918267,77.26552783333334,75.68914583333334,29.227079166666663,9,2021,BASE+ALL
2022-05-01,116.78451676529698,115.07354736328125,124.45921837688806,59.60399159759597,103.98031852576557,104.51888789363339,,156.4239458333333,29.227079166666663,9,2021,BASE+ALL
2022-05-02,114.79367444136346,114.39676666259766,126.0099797661464,54.98632917491431,102.54668751125546,103.14076344224685,144.55024857142857,139.2652875,29.227079166666663,9,2021,BASE+ALL
2022-05-03,107.48529255402562,106.15744018554688,107.38267809921756,55.15278118999103,94.04454800719526,94.49736466533909,395.6400064285714,221.72385833333337,29.227079166666663,9,2021,BASE+ALL
2022-05-04,102.70557970348129,102.75096130371094,102.65314706319458,60.45225646271484,92.14048613327542,92.51583062743249,465.5180982769231,291.4197375,29.227079166666663,9,2021,BASE+ALL
2022-05-05,101.03694629185419,102.24317932128906,97.63249867262061,58.21831564146893,89.78273498180819,90.15321668288216,145.217263,124.13702916666666,29.227079166666663,9,2021,BASE+ALL
2022-05-06,97.0824150287526,100.8716812133789,99.68716908026623,68.2624984841654,91.4759409516408,91.77971462297221,80.9701933846154,70.69415,29.227079166666663,9,2021,BASE+ALL
2022-05-07,99.92989879425367,99.88434600830078,100.00137588665551,61.74227726793068,90.38947448928516,90.7286646176733,74.74910000000001,100.90641666666666,29.227079166666663,9,2021,BASE+ALL
2022-05-08,104.59547096234813,103.86157989501953,103.98425017740476,60.265186712611374,93.17662193684595,93.56044289568726,68.78369638888888,62.80936666666667,29.227079166666663,9,2021,BASE+ALL
2022-05-09,101.96711923856428,102.01020812988281,99.62906735091013,70.66658070549653,93.56824385621344,93.832782528945,34.967985,45.48758333333333,29.227079166666663,9,2021,BASE+ALL
2022-05-10,95.22541513521482,100.29534912109375,97.87950940513443,70.21713337392276,90.90435175884143,91.18552067708322,56.80504646666667,54.12829166666666,29.227079166666663,9,2021,BASE+ALL
2022-05-11,87.96483320749726,99.3523941040039,96.28240886819557,74.18828265384388,89.44697970838516,89.715920660135,76.35745961111111,95.61880833333332,29.227079166666663,9,2021,BASE+ALL
2022-05-12,87.09540790372525,98.97726440429688,97.19557492118663,68.91074177250303,88.04474725042795,88.36760412353267,201.464113,177.32753749999998,29.227079166666663,9,2021,BASE+ALL
2022-05-13,86.83774173457272,99.13605499267578,97.16895656752719,69.33527933429187,88.11950815726689,88.441234675407,163.8209381,170.55283749999998,29.227079166666663,9,2021,BASE+ALL
2022-05-14,89.69832069221947,102.45458984375,100.63012919045939,63.80056561722245,89.14590133591282,89.54965733240911,265.11350500000003,184.33439583333333,29.227079166666663,9,2021,BASE+ALL
2022-05-15,92.9651731037209,104.92767333984375,106.13632676238429,70.05501070287724,93.52104597720654,93.90471475768479,189.75758436,117.08467083333332,29.227079166666663,9,2021,BASE+ALL
2022-05-16,86.47614985841022,102.05427551269531,103.85530720277504,70.42565241681848,90.70284624767476,91.08139781519199,91.23314007692308,70.82656666666666,29.227079166666663,9,2021,BASE+ALL
2022-05-17,85.88119298079998,105.07962799072266,105.21443003531418,69.14706105722522,91.33057801601552,91.75772363343981,43.701489166666654,70.71237500000001,29.227079166666663,9,2021,BASE+ALL
2022-05-18,85.42508771017714,103.00668334960938,100.00406822241295,68.95193058167649,89.346942465969,89.72983490922422,498.7513283333333,283.1028333333333,29.227079166666663,9,2021,BASE+ALL
2022-05-19,81.83544037652453,100.41851043701172,99.13924902908386,59.0520643543944,85.11131604925363,85.57492628332133,15.838139615384616,183.6040875,29.227079166666663,9,2021,BASE+ALL
2022-05-20,76.18755925279747,100.13549041748047,99.02475684532592,70.31413844969165,86.41548624132389,86.80751841728693,19.181806538461537,43.42921666666667,29.227079166666663,9,2021,BASE+ALL
2022-05-21,74.72576124290993,98.90196990966797,96.19093216629193,62.88451992157602,83.17579581011147,83.61467279237132,104.64461685714284,83.16062916666667,29.227079166666663,9,2021,BASE+ALL
2022-05-22,81.42330756989169,100.62690734863281,100.66927445669226,66.35100321786956,87.26762314827158,87.6795378188732,,185.3368833333333,29.227079166666663,9,2021,BASE+ALL
2022-05-23,80.73465597428414,99.53041076660156,103.18160491138238,67.87796888133792,87.83116013340148,88.23882975718321,27.882518125,53.614725,29.227079166666663,9,2021,BASE+ALL
2022-05-24,77.39838773967803,99.53041076660156,101.34364265463738,65.45172481671344,85.9310414944076,86.36802721457421,82.8397799375,85.19227916666667,29.227079166666663,9,2021,BASE+ALL
2022-05-25,78.10714055530089,100.44758605957031,100.81394601440402,79.98917819298364,89.83946270556473,90.1480933105806,2.1813349999999985,35.60684583333333,29.227079166666663,9,2021,BASE+ALL
2022-05-26,77.96855145360696,102.72994995117188,104.42910587567819,79.11524221061302,91.06071237276751,91.4187741297182,37.66003321428572,45.05479166666667,29.227079166666663,9,2021,BASE+ALL
2022-05-27,80.62472995859208,101.80086517333984,101.69470742302389,64.12519516885288,87.06137443095217,87.51362183239881,174.05845363636365,120.96884166666666,29.227079166666663,9,2021,BASE+ALL
2022-05-28,84.2240072998754,100.59333801269531,100.8219840314654,61.09009963166306,86.6823572439248,87.12596997161573,271.83689990909085,179.62707916666668,29.227079166666663,9,2021,BASE+ALL
2022-05-29,87.27944305956525,104.69200897216797,107.86603227616088,55.72099562774269,88.8896199839092,89.44055626853623,30.355489545454542,56.45532083333333,29.227079166666663,9,2021,BASE+ALL
2022-05-30,86.92801220862188,102.46839904785156,102.2302262061349,58.74378319053751,87.59260516328646,88.06632043659825,170.25846458333334,109.5882375,29.227079166666663,9,2021,BASE+ALL
2022-05-31,86.90798889420793,102.29659271240234,101.73707808896538,63.77749802631427,88.67978943047248,89.10452549441793,110.702185,137.75336666666666,29.227079166666663,9,2021,BASE+ALL
2022-06-01,87.34436968842424,102.7393798828125,101.27412747552468,60.80101247023424,88.03972237924891,88.48950794074315,201.90459318181817,164.2962375,29.227079166666663,9,2021,BASE+ALL
2022-06-02,90.98002552678432,105.46614837646484,101.02359824446765,60.4751160534046,89.48622205028035,89.94044397567468,344.01560307692307,256.172525,29.227079166666663,9,2021,BASE+ALL
2022-06-03,90.67796752275224,107.6123046875,104.79159647282407,66.36075797670676,92.36065666494576,92.804926777035,102.343665625,119.92925,29.227079166666663,9,2021,BASE+ALL
2022-06-04,97.94568306646242,109.85286712646484,119.9660020026278,76.41855280713943,101.04577625067364,101.46899793506948,-6.1043334192307706,30.7257875,29.227079166666663,9,2021,BASE+ALL
2022-06-05,103.99631588096676,112.42518615722656,115.47641973610072,64.9621077303463,99.21500737616009,99.70165321863217,119.06495100000002,75.14707083333333,29.227079166666663,9,2021,BASE+ALL
2022-06-06,96.28662329094139,111.73260498046875,110.24376024460724,81.62472606189505,99.97192864447811,100.31678880222664,89.3517085,78.990925,29.227079166666663,9,2021,BASE+ALL
2022-06-07,102.05099495069197,118.83634948730469,124.98052753427523,81.12666129681739,106.74863331727232,107.21360829814452,41.53666454545455,77.78215,29.227079166666663,9,2021,BASE+ALL
2022-06-08,100.6968116818796,116.78587341308594,115.1045920907489,94.0081076252262,106.64884620273516,106.9310590595378,39.55020333333333,53.04006666666667,29.227079166666663,9,2021,BASE+ALL
2022-06-09,99.35705249700055,112.83312225341797,117.30047807060252,83.23322356014202,103.18096909529078,103.54552452464843,49.066244375,58.378712500000006,29.227079166666663,9,2021,BASE+ALL
2022-06-10,97.54263404560018,111.89350128173828,114.56947494925004,67.3075982376134,97.82830212855049,98.32024970548039,161.848486721875,130.65332916666668,29.227079166666663,9,2021,BASE+ALL
2022-06-11,94.32285855618439,111.01167297363281,112.75536384446181,71.3409569260258,97.35771307507619,97.81355323541895,76.7752040625,80.14577083333333,29.227079166666663,9,2021,BASE+ALL
2022-06-12,89.53548286078308,106.77468872070312,113.395213650797,67.57294908251001,94.31958357869831,94.80316043433581,94.87046414705884,82.86323750000001,29.227079166666663,9,2021,BASE+ALL
2022-06-13,90.52692092930985,104.64031982421875,107.8003503620408,60.1914360920258,90.7897568018988,91.28202261471735,38.7604777,50.33905416666667,29.227079166666663,9,2021,BASE+ALL
2022-06-14,92.15385038693726,104.0422134399414,101.24844461183983,60.660627761338624,89.52628405001428,89.96145026688966,123.93942203333332,113.87955416666668,29.227079166666663,9,2021,BASE+ALL
2022-06-15,87.57410532283856,101.40914916992188,98.53736286864799,62.084235485680175,87.40121321177214,87.81076137878422,180.5807715,155.38382083333337,29.227079166666663,9,2021,BASE+ALL
2022-06-16,87.15846911625262,105.76276397705078,103.31509537520051,64.26153703552765,90.12446637600789,90.58248547605704,32.71673567647059,48.48659166666667,29.227079166666663,9,2021,BASE+ALL
2022-06-17,97.36367945300438,107.63685607910156,104.94549515340826,68.29100727730955,94.55925949070593,94.95016781563457,118.78745222222224,119.1923,29.227079166666663,9,2021,BASE+ALL
2022-06-18,108.91686241916774,105.88306427001953,105.68442469912473,74.43524951925761,98.7299002268924,98.99108166382803,,96.77504583333332,29.227079166666663,9,2021,BASE+ALL
2022-06-19,111.0673364631984,109.70246124267578,113.4945269954593,69.25102688075597,100.87883789552237,101.25289406423012,288.112635,167.508,29.227079166666663,9,2021,BASE+ALL
2022-06-20,112.1291252481735,113.6275863647461,110.8942385025995,73.80971327586553,102.61516584784616,102.9610131789888,130.3984392307692,97.88639166666668,29.227079166666663,9,2021,BASE+ALL
2022-06-21,109.17133588840865,112.09737396240234,110.15576527900119,65.63577626751484,99.26506284933174,99.68256823634601,-0.0626839285714303,23.71452083333333,29.227079166666663,9,2021,BASE+ALL
2022-06-22,116.3237947230209,127.4244613647461,127.88827970772603,67.81575065837765,109.86307161346767,110.45721364162411,-1.6678571428571445,46.8951625,29.227079166666663,9,2021,BASE+ALL
2022-06-23,113.43889866151108,120.71202850341797,116.83724200703598,69.68651429029467,105.16867086556492,105.63956015348015,24.972111666666663,30.717191666666665,29.227079166666663,9,2021,BASE+ALL
2022-06-24,53.56085281935159,67.48072814941406,69.45617740835468,4.496997200694231,48.74868889445364,49.397485913911,4.4111777,6.194029166666667,29.227079166666663,9,2021,BASE+ALL
2022-06-25,47.040309504875545,53.23210906982422,52.24792986620347,5.983388412203453,39.62593421327667,40.074328495375084,2.1654484411764705,5.267920833333333,29.227079166666663,9,2021,BASE+ALL
2022-06-26,46.3604861216847,49.01557159423828,52.23073380329549,6.5004865253402855,38.526819511139685,38.93824413271157,1.42199641,2.920041666666666,29.227079166666663,9,2021,BASE+ALL
2022-06-27,43.603020495981696,45.79990005493164,48.13058525189425,2.589191542270392,35.03067433626949,35.44048970707489,-4.719860029411765,-0.8162291666666667,29.227079166666663,9,2021,BASE+ALL
2022-06-28,45.83470848948701,42.525211334228516,52.86715262650897,29.58589602007634,42.703242117575215,42.86081115516573,-14.425702125,-2.137258333333333,29.227079166666663,9,2021,BASE+ALL
2022-06-29,44.42883491930149,39.217559814453125,49.64391716935775,13.574847809991065,36.716289928275856,36.97656012842457,28.138439666666667,29.51630833333333,29.227079166666663,9,2021,BASE+ALL
2022-06-30,44.62523968004704,38.410926818847656,49.37683803126445,15.977647662847057,37.09766304825155,37.32701683449655,76.54015033333333,65.16830416666666,29.227079166666663,9,2021,BASE+ALL
2022-07-01,42.48611786122364,38.61460494995117,49.737070009860346,24.52565593674101,38.840862189444046,39.01011661559173,121.504831,102.49331666666669,29.227079166666663,9,2021,BASE+ALL
2022-07-02,40.46991554100677,37.85198974609375,51.24307924780178,22.59506582649427,38.04001259034914,38.24005155559867,37.64394071428571,39.4269,29.227079166666663,9,2021,BASE+ALL
2022-07-03,38.50087801431096,36.51020812988281,49.800822492410866,19.484382758921093,36.074072848881436,36.29273119938449,45.31083657894737,43.1208375,29.227079166666663,9,2021,BASE+ALL
2022-07-04,37.59520900512574,35.75107955932617,49.09346739161164,17.564986709265938,35.001185666332375,35.23127319143006,53.96568653846153,44.01402916666667,29.227079166666663,9,2021,BASE+ALL
2022-07-05,40.13834542544846,36.169918060302734,50.97048626785554,16.279701940049527,35.88961292341407,36.13159119220303,12.761835423076924,21.409358333333333,29.227079166666663,9,2021,BASE+ALL
2022-07-06,40.34924348398199,36.783077239990234,53.84343664957476,19.90093187317551,37.71917231168062,37.95003953298647,49.46134233333333,46.80050833333333,29.227079166666663,9,2021,BASE+ALL
2022-07-07,42.00503866746757,37.50543975830078,52.2353023207695,24.59641035390816,39.08554777511151,39.26213929802149,19.59775206923077,26.927,29.227079166666663,9,2021,BASE+ALL
2022-07-08,48.77039004147384,38.06981658935547,50.84520113296076,16.99552497547665,38.67023318481668,38.87315866591682,39.53966065625,41.00739166666667,29.227079166666663,9,2021,BASE+ALL
2022-07-09,51.30946950562611,38.06981658935547,50.51785972190092,20.9304719118703,40.206904432188196,40.358767075537024,81.52672833333332,67.65105416666667,29.227079166666663,9,2021,BASE+ALL
2022-07-10,54.678761171190274,40.314029693603516,52.143645022368375,20.02599101768985,41.79060672621301,41.960495001581315,23.448480458333336,35.527975,29.227079166666663,9,2021,BASE+ALL
2022-07-11,54.111714205966756,40.547908782958984,52.143645022368375,19.42821609229532,41.557871025897356,41.73823600511607,10.72099625,19.7565375,29.227079166666663,9,2021,BASE+ALL
2022-07-12,56.75385261205081,40.778099060058594,61.68277325631001,24.964432246123813,46.0447892936358,46.21958652789187,114.74596083333334,65.23587083333334,29.227079166666663,9,2021,BASE+ALL
2022-07-13,53.91201805742584,35.98181915283203,48.56441202327175,22.121360154424487,40.14490234698852,40.24224368941556,121.11552626666666,103.14962083333334,29.227079166666663,9,2021,BASE+ALL
2022-07-14,52.140340017885926,33.02949905395508,45.716217440210386,24.6455993170916,38.88291395728575,38.92563796740944,203.81819965,179.58401666666666,29.227079166666663,9,2021,BASE+ALL
2022-07-15,54.66712347539397,33.411231994628906,45.245411114047535,21.62240387161146,38.73654261392046,38.79248774142026,163.22566852941176,132.03320416666665,29.227079166666663,9,2021,BASE+ALL
2022-07-16,56.082847901497196,39.62575149536133,49.85176056699184,19.524105572805475,41.27111638416396,41.4181845475349,57.680929166666665,56.494733333333336,29.227079166666663,9,2021,BASE+ALL
2022-07-17,55.63359472108891,39.939239501953125,52.35168556856853,29.37937476736113,44.32597363974293,44.40548223691256,51.3200675625,50.068579166666666,29.227079166666663,9,2021,BASE+ALL
2022-07-18,55.61428711490039,40.37610626220703,52.68479670565713,26.01161780848991,43.671701972813615,43.78693505273512,37.18407714285714,45.707483333333336,29.227079166666663,9,2021,BASE+ALL
2022-07-19,55.62495639213828,39.22660827636719,50.910537764146476,35.525397438937695,45.32187496789741,45.33223144149036,42.5696215625,60.464754166666665,29.227079166666663,9,2021,BASE+ALL
2022-07-20,46.78952235590936,34.10652160644531,47.001141052257225,23.92291510574126,37.95502503008829,38.050859984241164,88.11933684210526,84.99380416666666,29.227079166666663,9,2021,BASE+ALL
2022-07-21,48.35299120746631,33.43598937988281,47.06129453247978,24.087755860306352,38.23450774503381,38.314766262444884,170.03285263157895,149.7231375,29.227079166666663,9,2021,BASE+ALL
2022-07-22,49.66908846603022,33.290367126464844,46.73775317433108,20.75306559203039,37.61256858971414,37.71193518428243,119.82463535714284,95.45790833333332,29.227079166666663,9,2021,BASE+ALL
2022-07-23,44.87583532941993,33.12895965576172,46.33065898285664,24.696663357001725,37.258029331260005,37.34535358509476,46.88176388888889,45.66654583333334,29.227079166666663,9,2021,BASE+ALL
2022-07-24,47.36612090165059,34.718238830566406,46.59444774764851,33.191951625421616,40.46768977632178,40.48081220827224,54.151929575,52.50268333333333,29.227079166666663,9,2021,BASE+ALL
2022-07-25,47.35796964209228,32.28435134887695,43.25581407615737,29.361649111760062,38.06494604472167,38.07157512167373,53.14446233333333,57.0559625,29.227079166666663,9,2021,BASE+ALL
2022-07-26,47.84400410758899,32.43391036987305,41.57370625889563,22.06882842469189,35.98011229026239,36.04013316185591,117.30182941176471,102.3534125,29.227079166666663,9,2021,BASE+ALL
2022-07-27,47.56014619617222,33.441688537597656,37.52458270184194,17.677502974816143,34.05098010260699,34.13627335501701,39.14636,43.487225,29.227079166666663,9,2021,BASE+ALL
2022-07-28,49.870218393930465,37.53823471069336,42.928693187477116,12.810105182009387,35.786812868527576,35.969424357554075,20.82033275,28.164175,29.227079166666663,9,2021,BASE+ALL
2022-07-29,52.13690815691521,38.3950309753418,42.686862605451566,15.73162393222578,37.23760641748359,37.387512212603106,26.40487625,27.528116666666666,29.227079166666663,9,2021,BASE+ALL
2022-07-30,44.06596618365783,34.1537971496582,38.9283213238758,21.740816789089813,34.72222536157041,34.805335058851874,27.30550086666667,28.5679375,29.227079166666663,9,2021,BASE+ALL
2022-07-31,43.854985368709826,34.960201263427734,38.41204540366653,22.81256616965927,35.00994955136584,35.088565870588475,35.61903125,40.3387625,29.227079166666663,9,2021,BASE+ALL
2022-08-01,47.90886385164138,36.81221008300781,40.33770437950567,12.60238439005282,34.41529067605192,34.58917379646395,36.52056833333334,35.22570416666667,29.227079166666663,9,2021,BASE+ALL
2022-08-02,44.06986282355362,34.77422332763672,37.48285159374056,22.055482874408668,34.59560515483489,34.67266165153207,,36.605025,29.227079166666663,9,2021,BASE+ALL
2022-08-03,45.1910266178841,36.547401428222656,38.59847598631897,23.29089315983217,35.90694929806447,35.988536321538646,,40.980404166666666,29.227079166666663,9,2021,BASE+ALL
2022-08-04,41.84618140035801,33.34373092651367,36.09012786261763,23.452490837458825,33.68313275673704,33.739730315489695,,39.3181625,29.227079166666663,9,2021,BASE+ALL
2022-08-05,39.820707521957516,33.138916015625,35.81256746681899,24.6713546496434,33.360886413511224,33.41457779261514,,50.84236666666666,29.227079166666663,9,2021,BASE+ALL
2022-08-06,42.27557500780398,35.08389663696289,37.89788714692909,26.740368239848813,35.49943175788619,35.55000351717392,,59.09238333333334,29.227079166666663,9,2021,BASE+ALL
2022-08-07,45.775774143351136,35.48528289794922,38.57492730955966,26.65589544665156,36.62296994937789,36.66217999584146,,57.31294583333334,29.227079166666663,9,2021,BASE+ALL
2022-08-08,48.33906394963425,36.71920394897461,38.754514919871255,26.839538566743517,37.66308034630591,37.69796162391375,,59.22202083333334,29.227079166666663,9,2021,BASE+ALL
2022-08-09,47.768933228384704,36.71920394897461,38.754514919871255,27.03443380127191,37.569271474625616,37.6056058856831,,63.40660833333333,29.227079166666663,9,2021,BASE+ALL
2022-08-10,49.61309596391844,38.397212982177734,44.28224882887344,27.661695976256645,39.98856343780657,40.056058503874695,,67.75318333333333,29.227079166666663,9,2021,BASE+ALL
2022-08-11,49.99986702110081,40.162662506103516,51.224737276358695,27.83988310394184,42.30678747687622,42.4266817880405,,68.378,29.227079166666663,9,2021,BASE+ALL
2022-08-12,50.71054030415747,40.23795700073242,54.889029944109204,27.67489476127968,43.378105502569696,43.51780072246445,,68.58361666666667,29.227079166666663,9,2021,BASE+ALL
2022-08-13,51.06322999007469,37.62434005737305,48.6326399580243,27.381744138660487,41.17548853603313,41.25647546866546,,67.53542083333333,29.227079166666663,9,2021,BASE+ALL
2022-08-14,51.38336104273303,40.23795700073242,56.48821837623594,27.819064635672497,43.98215026384347,44.12626063948655,,68.38322083333334,29.227079166666663,9,2021,BASE+ALL
2022-08-15,52.49629236356419,40.23795700073242,56.15510723914734,22.1139288689814,42.75082136810634,42.937416416241476,,53.36730833333333,29.227079166666663,9,2021,BASE+ALL
2022-08-16,47.99706675946857,37.03428649902344,58.9241220364429,22.1159743399135,41.5178624087121,41.71852763256377,,50.23037083333333,29.227079166666663,9,2021,BASE+ALL
2022-08-17,47.070904426078336,34.42066955566406,47.58675093707389,21.457823505140816,37.63403710598928,37.75634309646487,,49.891025000000006,29.227079166666663,9,2021,BASE+ALL
2022-08-18,43.03486871431845,33.615596771240234,46.45774293399303,10.741872553608886,33.46252024329015,33.68897755172583,,46.79297916666667,29.227079166666663,9,2021,BASE+ALL
2022-08-19,41.02837709456409,33.41902542114258,46.45774293399303,9.877120383093889,32.6955664581984,32.93922812224516,,47.80624583333333,29.227079166666663,9,2021,BASE+ALL
2022-08-20,38.19690688546217,33.41902542114258,46.45774293399303,10.41872890458665,32.123101036296106,32.37776567769191,,47.94483333333333,29.227079166666663,9,2021,BASE+ALL
2022-08-21,40.257909931890374,35.268836975097656,57.81256014090974,13.641052329620813,36.74508984437964,37.042571400710266,,50.867129166666665,29.227079166666663,9,2021,BASE+ALL
2022-08-22,39.310532863348755,35.02132034301758,46.91566359267966,12.119215892487077,33.341683172883265,33.59144021279398,,48.59877083333333,29.227079166666663,9,2021,BASE+ALL
2022-08-23,41.7268858887686,35.458984375,45.18720112787226,11.990961097915267,33.591008122389034,33.82193626595379,,37.6483875,29.227079166666663,9,2021,BASE+ALL
2022-08-24,39.363951873945325,33.68579864501953,41.27954736539889,12.459793598136647,31.697272870625095,31.898965211549037,,30.740225,29.227079166666663,9,2021,BASE+ALL
2022-08-25,36.8986236029723,32.08349609375,35.890613802089824,11.330020123985996,29.050688405699532,29.230620291676708,,34.6009625,29.227079166666663,9,2021,BASE+ALL
2022-08-26,37.091002243479295,32.25529861450195,35.81008712415047,12.694298433191442,29.462671603830792,29.630406219570723,,34.302533333333336,29.227079166666663,9,2021,BASE+ALL
2022-08-27,40.016795268346016,35.447628021240234,37.56216925508335,13.698651738339322,31.68131107075223,31.861452791422764,,44.887570833333335,29.227079166666663,9,2021,BASE+ALL
2022-08-28,38.10990673339432,32.45187759399414,36.18492634518253,13.36649109637822,30.028300442237306,30.188272183395153,,36.856525,29.227079166666663,9,2021,BASE+ALL
2022-08-29,39.087751623965794,32.25529861450195,34.16819959313443,13.550397174938348,29.765411751635135,29.90468607237059,,43.02935416666667,29.227079166666663,9,2021,BASE+ALL
2022-08-30,36.62782627230145,31.83951187133789,33.0067941685484,13.300457292069034,28.693647401064197,28.838457367637112,,24.181404166666667,29.227079166666663,9,2021,BASE+ALL
2022-08-31,36.95303352843777,32.03606033325195,33.0067941685484,13.61940948068088,28.903824377729748,29.045666861641415,,30.576416666666663,29.227079166666663,9,2021,BASE+ALL
2022-09-01,35.894216335931766,33.51750183105469,33.49374127433862,14.273128803658558,29.294647061245904,29.452148989591663,,32.71250833333333,29.227079166666663,9,2021,BASE+ALL
2022-09-02,36.53511937289311,33.51750183105469,33.49374127433862,14.406330129366744,29.488173151913287,29.640912760122013,,32.85155,29.227079166666663,9,2021,BASE+ALL
2022-09-03,32.96359415738484,31.667707443237305,31.69894321892974,10.483916031928564,26.703540212870113,26.88462807784437,,21.01140833333333,29.227079166666663,9,2021,BASE+ALL
2022-09-04,32.69637445903093,31.667707443237305,31.69894321892974,7.913461998896317,25.99412178002357,26.199531093293945,,14.676270833333334,29.227079166666663,9,2021,BASE+ALL
2022-09-05,32.11628628220954,29.198942184448242,30.035347382930834,4.082692824719395,23.858317168577003,24.070034553776534,,13.9841,29.227079166666663,9,2021,BASE+ALL
2022-09-06,32.01386306524515,29.198942184448242,29.8152684617125,4.10219388241925,23.78256689845628,23.993382167400362,,16.698133333333335,29.227079166666663,9,2021,BASE+ALL
2022-09-07,32.02783360483054,29.198942184448242,29.8152684617125,3.47492658232337,23.62924270832866,23.845550929821584,,17.66187916666667,29.227079166666663,9,2021,BASE+ALL
2022-09-08,31.763392460691964,29.198942184448242,29.8152684617125,4.511202425064873,23.822201382979394,24.030782934926545,,17.941,29.227079166666663,9,2021,BASE+ALL
2022-09-09,31.1819773486591,29.198942184448242,29.8152684617125,2.5430889640672305,23.18481923972177,23.414127365320546,,16.6961125,29.227079166666663,9,2021,BASE+ALL
2022-09-10,33.16282746829054,29.370746612548828,30.6978505408153,7.389739218453052,25.15529096002693,25.33717858786958,,21.92235833333333,29.227079166666663,9,2021,BASE+ALL
2022-09-11,32.16477386256995,29.198942184448242,30.39990120833538,5.197468000274412,24.240271313906998,24.44397216233407,,23.199104166666668,29.227079166666663,9,2021,BASE+ALL
2022-09-12,24.38198889749025,23.295276641845703,22.338819807473076,4.551341062057553,18.64185660221664,18.796605008533824,,14.385695833333337,29.227079166666663,9,2021,BASE+ALL
2022-09-13,19.032908184820418,20.4302921295166,19.42979836546821,4.875727931784631,15.942181652897464,16.082217024849985,,15.875679166666666,29.227079166666663,9,2021,BASE+ALL
2022-09-14,19.066110568172203,15.804231643676758,17.971481298577014,3.6721985611525056,14.128505517894622,14.230848391881654,,25.227725000000003,29.227079166666663,9,2021,BASE+ALL
2022-09-15,18.625909430337963,14.881257057189941,15.868269688962062,2.653099143168617,13.007133829914647,13.10065759569964,,26.564420833333333,29.227079166666663,9,2021,BASE+ALL
2022-09-16,17.869837200746495,12.240296363830566,15.2397552571582,2.509777718710957,11.964916635111555,12.037627293691937,,30.7237,29.227079166666663,9,2021,BASE+ALL
2022-09-17,17.71838408310358,11.909512519836426,12.067469553140043,4.267952558914949,11.49082967874875,11.527189329958432,,31.363679166666667,29.227079166666663,9,2021,BASE+ALL
2022-09-18,17.547042914330603,11.425089836120605,11.5746731981248,3.9476686090123607,11.123618639397092,11.156722523021758,,32.869025,29.227079166666663,9,2021,BASE+ALL
2022-09-19,18.12519142162598,11.790085792541504,11.594036262485444,5.415116415856211,11.731107473127285,11.751186581389796,,33.25342916666667,29.227079166666663,9,2021,BASE+ALL
2022-09-20,18.598925760381913,11.708500862121582,10.846668445574924,5.696264817400255,11.712589971369669,11.722410590155349,,31.917325,29.227079166666663,9,2021,BASE+ALL
2022-09-21,18.89703425365437,10.539057731628418,10.183769770194969,4.629766386312731,11.062407035447622,11.066111681322587,,32.35209166666667,29.227079166666663,9,2021,BASE+ALL
2022-09-22,19.206839837572474,10.457472801208496,9.975298367323589,3.751316098726704,10.847731776207816,10.855577765690626,,30.793166666666668,29.227079166666663,9,2021,BASE+ALL
2022-09-23,19.372781110392882,10.305224418640137,9.928130213308332,3.8283008473502704,10.858609147422905,10.863263366102604,,32.12081666666666,29.227079166666663,9,2021,BASE+ALL
2022-09-24,18.278470223004614,10.23503589630127,9.928130213308332,4.472432713016147,10.72851726140759,10.732961772065881,,31.297966666666667,29.227079166666663,9,2021,BASE+ALL
2022-09-25,18.0470873598154,10.23503589630127,9.910684105760643,2.923168655493868,10.278994004342795,10.298387157116405,,15.9022125,29.227079166666663,9,2021,BASE+ALL
2022-09-26,18.954416519631344,10.266129493713379,9.822163172392656,-5.994642931766318,8.262016563492764,8.355287335137925,,-25.407125,29.227079166666663,9,2021,BASE+ALL
2022-09-27,17.365011989360237,10.047635078430176,9.63145553458431,-4.898647996586519,8.03636365144705,8.125780503037664,,-24.96132083333333,29.227079166666663,9,2021,BASE+ALL
2022-09-28,15.794878353554724,10.047635078430176,9.63145553458431,-0.6482781722315849,8.706422698584406,8.766859442082682,,-23.57095,29.227079166666663,9,2021,BASE+ALL
2022-09-29,14.297260431700971,10.047635078430176,9.63145553458431,-0.6672287214032977,8.32728058082804,8.396249523406278,,-20.766595833333334,29.227079166666663,9,2021,BASE+ALL
2022-09-30,12.952934266748489,10.047635078430176,9.63145553458431,-4.011102639756352,7.155230560001655,7.261405378565843,,-0.1866958333333333,29.227079166666663,9,2021,BASE+ALL
2022-10-01,12.357538946983993,10.047635078430176,9.63145553458431,-1.59541721386433,7.610303086533538,7.6983485398440825,,2.8238041666666667,29.227079166666663,9,2021,BASE+ALL
2022-10-02,12.087677473741856,10.047635078430176,9.648901642132,3.478485639602326,8.815674958476588,8.860267596518092,,2.8988541666666667,29.227079166666663,9,2021,BASE+ALL
2022-10-03,11.869966949159563,10.047635078430176,9.648901642132,3.1526986831272623,8.679800588212249,8.72850252069805,,2.537220833333333,29.227079166666663,9,2021,BASE+ALL
2022-10-04,11.691537326666793,10.047635078430176,9.63145553458431,-0.8489223252084628,7.630426403618204,7.715561464963729,,-2.7125583333333334,29.227079166666663,9,2021,BASE+ALL
2022-10-05,13.549263544121233,10.266129493713379,9.822163172392656,-2.542204783739372,7.773837856621974,7.866633030286529,,1.2618250000000002,29.227079166666663,9,2021,BASE+ALL
2022-10-06,11.83080942747265,10.047635078430176,9.63145553458431,0.0030275537715667,7.878231898564676,7.95502269551076,,1.4944791666666666,29.227079166666663,9,2021,BASE+ALL
2022-10-07,11.721557341094835,10.047635078430176,9.63145553458431,-1.1644917902024048,7.55903904097673,7.646809126847009,,1.615525,29.227079166666663,9,2021,BASE+ALL
2022-10-08,11.408000038381456,10.047635078430176,9.648901642132,4.44067964087332,8.886304099954238,8.9261470251804,,6.998575,29.227079166666663,9,2021,BASE+ALL
2022-10-09,11.020334695812716,10.047635078430176,9.63145553458431,2.1528387168079703,8.213066006408793,8.275289933214294,,8.3243,29.227079166666663,9,2021,BASE+ALL
2022-10-10,10.642286303958263,10.047635078430176,9.63145553458431,2.391170412054187,8.178136832256735,8.240355377558261,,9.843383333333334,29.227079166666663,9,2021,BASE+ALL
2022-10-11,10.488516542175473,10.047635078430176,9.648901642132,4.104335479534761,8.572347185568102,8.620312427296964,,10.628429166666669,29.227079166666663,9,2021,BASE+ALL
2022-10-12,10.270302100282366,10.047635078430176,9.648901642132,1.6837454286030251,7.912646062361891,7.983328074732181,,8.399625,29.227079166666663,9,2021,BASE+ALL
2022-10-13,11.227794102101376,11.298663139343262,10.168741921268264,3.1957611373359,8.9727400750122,9.038421298834576,,7.276979166666667,29.227079166666663,9,2021,BASE+ALL
2022-10-14,10.71260782471125,10.047635078430176,9.648901642132,1.686269510750428,8.023853514005964,8.09204292125031,,5.8074666666666666,29.227079166666663,9,2021,BASE+ALL
2022-10-15,13.02757286046135,10.266129493713379,9.822163172392656,-4.716066711273662,7.09994970382343,7.214965224723558,,8.892270833333333,29.227079166666663,9,2021,BASE+ALL
2022-10-16,11.112193805061162,10.117823600769043,9.63145553458431,-1.4611970000272905,7.350068985096806,7.4444778407750976,,8.237870833333334,29.227079166666663,9,2021,BASE+ALL
2022-10-17,10.596275398995846,10.047635078430176,9.63145553458431,0.4671328704476849,7.685624720614504,7.76518826220979,,6.3823083333333335,29.227079166666663,9,2021,BASE+ALL
2022-10-18,10.60551008714798,10.047635078430176,9.63145553458431,-0.0471487265450178,7.559362993404362,7.643442471691475,,7.085887499999999,29.227079166666663,9,2021,BASE+ALL
2022-10-19,10.488813324943287,10.047635078430176,9.63145553458431,-0.9466419740926072,7.305315490966292,7.398035403857272,,7.339991666666666,29.227079166666663,9,2021,BASE+ALL
2022-10-20,10.425902230039206,10.047635078430176,9.648901642132,1.2274370827981826,7.837469008349891,7.911334655815289,,5.191475,29.227079166666663,9,2021,BASE+ALL
2022-10-21,13.138610098024209,10.266129493713379,9.822163172392656,-5.021332021249741,7.051392685720126,7.168499251641458,,10.662975,29.227079166666663,9,2021,BASE+ALL
2022-10-22,11.0293055674476,10.047635078430176,9.63145553458431,0.0175668939966939,7.681490768614696,7.762628673441696,,6.716441666666667,29.227079166666663,9,2021,BASE+ALL
2022-10-23,10.858485954342113,10.047635078430176,9.648901642132,0.9754735379494052,7.882624053213424,7.956311582509507,,5.953583333333333,29.227079166666663,9,2021,BASE+ALL
2022-10-24,10.754178956280619,10.047635078430176,9.63145553458431,-3.352439940582641,6.770207407178116,6.882812020386437,,9.813041666666669,29.227079166666663,9,2021,BASE+ALL
2022-10-25,10.523548018710173,10.047635078430176,9.63145553458431,-1.877018976556954,7.081404913791927,7.18219383645292,,9.320325,29.227079166666663,9,2021,BASE+ALL
2022-10-26,10.18280075590223,10.047635078430176,9.63145553458431,-4.59815709271891,6.315933569049451,6.442792853382263,,7.954183333333333,29.227079166666663,9,2021,BASE+ALL
2022-10-27,9.739669909752305,10.047635078430176,9.63145553458431,-4.122864675249844,6.323973961879236,6.449086807908069,,7.009645833333334,29.227079166666663,9,2021,BASE+ALL
2022-10-28,9.393420412436999,10.047635078430176,9.63145553458431,-3.5212324745615504,6.387819637722483,6.5095229159599,,8.406658333333334,29.227079166666663,9,2021,BASE+ALL
2022-10-29,8.980575870486225,10.047635078430176,9.166575318086807,-4.7267001570333775,5.867021527492458,5.9989886226980165,,8.317791666666666,29.227079166666663,9,2021,BASE+ALL
2022-10-30,8.637842972717772,10.047635078430176,8.49943643038143,-4.700472912526188,5.621110392250797,5.750815047356485,,9.7467375,29.227079166666663,9,2021,BASE+ALL
2022-10-31,8.95486850859835,10.047635078430176,8.49943643038143,-5.159052897111515,5.585721780074611,5.717728717275994,,9.784645833333334,29.227079166666663,9,2021,BASE+ALL
2022-11-01,18.105733339155606,13.06482982635498,14.323625585473456,-8.74817554281427,9.186503302042443,9.359520640681321,,10.8601875,29.227079166666663,9,2021,BASE+ALL
2022-11-02,16.795078297629885,10.741532325744629,10.188896510826018,-7.9408360530699476,7.4461677702826465,7.575017689395123,,11.054679166666666,29.227079166666663,9,2021,BASE+ALL
2022-11-03,15.685230092542255,10.129220008850098,10.038083800580562,-2.5212005162304223,8.332833346435624,8.413618136141043,,7.289941666666666,29.227079166666663,9,2021,BASE+ALL
2022-11-04,13.919191847363146,10.117823600769043,10.210279869166879,-2.072891576284995,8.043600935253517,8.131187498442992,,7.361195833333333,29.227079166666663,9,2021,BASE+ALL
2022-11-05,11.251360843377626,10.047635078430176,9.63145553458431,-3.2222511779378,6.927050069613578,7.035721771800537,,9.165220833333333,29.227079166666663,9,2021,BASE+ALL
2022-11-06,10.604026450056066,10.047635078430176,9.63145553458431,-5.45486810947617,6.2070622383985965,6.339177805755578,,9.145575,29.227079166666663,9,2021,BASE+ALL
2022-11-07,21.360356039413837,13.771614074707031,15.455644689676351,-9.22269606551178,10.34122968457136,10.513023086986712,,13.306616666666663,29.227079166666663,9,2021,BASE+ALL
2022-11-08,17.497024265030312,10.741532325744629,13.751496266911056,-7.8864854846177295,8.525891843267067,8.671398120271506,,11.585483333333334,29.227079166666663,9,2021,BASE+ALL
2022-11-09,16.88916823782349,10.61364459991455,10.572373268472505,-6.129710174827956,7.986368982845647,8.099780944361923,,11.503637500000002,29.227079166666663,9,2021,BASE+ALL
2022-11-10,17.468653382944208,10.240351676940918,11.134940123157094,-6.274278224446167,8.142416739649015,8.254008312399568,,11.107012500000002,29.227079166666663,9,2021,BASE+ALL
2022-11-11,17.771070054898175,10.047635078430176,9.88709509147095,-5.381862649158123,8.080984393910295,8.17393622800641,,10.293758333333331,29.227079166666663,9,2021,BASE+ALL
2022-11-12,18.041100254707715,10.047635078430176,9.63145553458431,-4.809513436825327,8.227669357724219,8.312518758806108,,8.9157875,29.227079166666663,9,2021,BASE+ALL
2022-11-13,18.662988964207578,10.047635078430176,9.678623688599567,-6.269803567133415,8.029861041025976,8.124485476194858,,11.2988125,29.227079166666663,9,2021,BASE+ALL
2022-11-14,22.890801886701126,17.78703498840332,16.20754704102091,17.7733964248684,18.66469508524844,18.626976018107694,,25.214816666666668,29.227079166666663,9,2021,BASE+ALL
2022-11-15,24.64820953340882,21.082935333251953,19.287954535205145,16.539169253618972,20.38956716387122,20.39940005255822,,24.8901125,29.227079166666663,9,2021,BASE+ALL
2022-11-16,25.938601645260587,22.13578224182129,21.960245662402013,17.866300520270578,21.97523251743862,21.990875632692237,,27.058554166666667,29.227079166666663,9,2021,BASE+ALL
2022-11-17,26.35318932884505,24.045394897460938,23.402312049239516,15.586892079877591,22.34694708885577,22.405379977123243,,24.425175,29.227079166666663,9,2021,BASE+ALL
2022-11-18,26.125657619501297,25.06267738342285,23.545370445483204,16.912986746530898,22.911673048734563,22.969147579925878,,25.98147916666667,29.227079166666663,9,2021,BASE+ALL
2022-11-19,26.31068022977991,26.054832458496094,25.530171886397888,20.619923511745988,24.628902021604965,24.6726410657089,,30.538633333333333,29.227079166666663,9,2021,BASE+ALL
2022-11-20,25.147150381442174,25.06267738342285,23.640428726158355,16.423185872574003,22.568360590899346,22.63621188557629,,24.556829166666663,29.227079166666663,9,2021,BASE+ALL
2022-11-21,29.03556584184238,25.06267738342285,23.82925874453987,14.135900466133243,23.015850608984586,23.08341626860009,,21.334845833333333,29.227079166666663,9,2021,BASE+ALL
2022-11-22,31.308554269032836,25.06267738342285,23.82925874453987,14.415599165177774,23.654022390543332,23.70640977044615,,24.21110833333333,29.227079166666663,9,2021,BASE+ALL
2022-11-23,33.92951232509284,25.618986129760742,24.8447005978256,12.473099716025864,24.21657469217626,24.28233822717941,,21.362629166666665,29.227079166666663,9,2021,BASE+ALL
2022-11-24,41.55853347956462,28.166168212890625,31.131163966933205,11.308789223058524,28.041163720611745,28.13361293941532,,14.402133333333332,29.227079166666663,9,2021,BASE+ALL
2022-11-25,27.765038450131886,28.31416130065918,27.38760549856855,16.29246465707829,24.939817476609477,25.04417594160636,,23.7956375,29.227079166666663,9,2021,BASE+ALL
2022-11-26,27.183760581380092,28.31416130065918,27.167526577350223,14.583648044143118,24.312274125883153,24.433754560542788,,21.95422083333333,29.227079166666663,9,2021,BASE+ALL
2022-11-27,26.51186326043918,28.31416130065918,24.0049825515629,18.17364818493692,24.251163824399548,24.325818176983596,,24.41143333333333,29.227079166666663,9,2021,BASE+ALL
2022-11-28,26.447961496908743,28.31416130065918,23.640428726158355,16.334321572843898,23.684218274142545,23.77341023742368,,23.70693333333333,29.227079166666663,9,2021,BASE+ALL
2022-11-29,27.127388851801417,31.154586791992188,25.530171886397888,20.32355138929674,26.033924729872055,26.119362819599708,,27.211979166666666,29.227079166666663,9,2021,BASE+ALL
2022-11-30,27.270133649001863,32.332862854003906,25.530171886397888,20.63291877286569,26.44152179056734,26.533495145421895,,30.694391666666665,29.227079166666663,9,2021,BASE+ALL
2022-12-01,27.03689834373617,32.332862854003906,25.530171886397888,19.330397658665937,26.05758268570097,26.162426747488194,,30.8302625,29.227079166666663,9,2021,BASE+ALL
2022-12-02,27.668217390250057,32.332862854003906,25.530171886397888,19.212524446678906,26.185944144332687,26.288309289371323,,33.97584166666667,29.227079166666663,9,2021,BASE+ALL
2022-12-03,27.338950121409304,30.43047523498535,24.94827967577701,18.126369864421285,25.21101872414824,25.305154797272056,,30.2932,29.227079166666663,9,2021,BASE+ALL
2022-12-04,27.74339401507926,30.43047523498535,24.94827967577701,18.70336046636201,25.45637734805091,25.54313023329039,,33.199754166666665,29.227079166666663,9,2021,BASE+ALL
2022-12-05,27.75446554098409,32.332862854003906,25.530171886397888,18.70170070443435,26.079800246455058,26.18622051320534,,32.477245833333335,29.227079166666663,9,2021,BASE+ALL
2022-12-06,19.638208724976337,24.593467712402344,17.541987575520242,-2.419068889798524,14.838648780775099,15.064547655543466,,0.0292833333333332,29.227079166666663,9,2021,BASE+ALL
2022-12-07,18.095569151714578,20.41600799560547,16.18837943595429,-2.449472911800939,13.06262091786835,13.253665828668405,,-0.5717249999999999,29.227079166666663,9,2021,BASE+ALL
2022-12-08,18.678023099827474,18.709556579589844,15.65492328482558,-2.3436025038063093,12.674725115109146,12.843824929922674,,7.366333333333333,29.227079166666663,9,2021,BASE+ALL
2022-12-09,26.130777950695972,24.032278060913086,24.368598674353034,-2.284422971213779,18.06180792868708,18.28580390730292,,12.036183333333334,29.227079166666663,9,2021,BASE+ALL
2022-12-10,23.412073813429128,25.29822540283203,16.98839073954047,-2.9276624983725057,15.69275686435728,15.904853180274884,,6.656504166666667,29.227079166666663,9,2021,BASE+ALL
2022-12-11,24.57916207778222,20.64996910095215,20.384870800926443,-2.9482879959243604,15.666428495934113,15.852501879188994,,6.903933333333334,29.227079166666663,9,2021,BASE+ALL
2022-12-12,28.85263014214384,24.032278060913086,31.283369078540332,-3.1493730902629906,20.254726047833564,20.51207763904641,,14.325933333333332,29.227079166666663,9,2021,BASE+ALL
2022-12-13,29.24238189677429,25.400161743164062,30.250202910934824,-3.5941517244936705,20.324648706594875,20.589368720072887,,5.060291666666667,29.227079166666663,9,2021,BASE+ALL
2022-12-14,30.894532193371337,31.76124382019043,31.897125389811002,-3.3890583101688136,22.790960773300988,23.10878624872679,,5.575516666666666,29.227079166666663,9,2021,BASE+ALL
2022-12-15,30.055791531563436,37.29053497314453,27.666777237275095,-4.164086478144334,22.712254315959683,23.063943455454456,,14.749479166666667,29.227079166666663,9,2021,BASE+ALL
2022-12-16,24.93956312266865,25.01699447631836,25.736807128122027,-4.742034964494408,17.737832440653655,18.006819952701175,,-1.318820833333333,29.227079166666663,9,2021,BASE+ALL
2022-12-17,3.905684727485904,3.6171841621398926,1.22252927456452,2.341771858140349,2.7717925055826664,2.767353342999393,,-7.1261625,-4.744441666666666,2,2022,BASE+ALL
2022-12-18,7.3538907578380135,9.634846687316895,8.571119726193887,-9.946192624178622,3.9034161367925435,4.08377279539644,,-7.243837500000001,-4.744441666666666,2,2022,BASE+ALL
2022-12-19,17.612482885291872,19.68494987487793,24.163734932762925,-17.622436094470267,10.959682899615613,11.32907190537458,,-11.978279166666669,-4.744441666666666,2,2022,BASE+ALL
2022-12-20,17.08918993673108,19.00178337097168,18.249106660934682,1.7106164963005006,14.012674116234486,14.172475090146957,,-7.643108333333333,-4.744441666666666,2,2022,BASE+ALL
2022-12-21,11.928167383414246,14.820491790771484,15.621683210544605,3.844947273474282,11.553822414551155,11.672189034988007,,-15.508895833333334,-4.744441666666666,2,2022,BASE+ALL
2022-12-22,9.832522296357135,11.310495376586914,14.727000395971368,1.3395293157740538,9.302386846172366,9.41939227506824,,-20.107941666666665,-4.744441666666666,2,2022,BASE+ALL
2022-12-23,13.994728735139466,16.145479202270508,15.969822571516966,-4.394294322831619,10.42893404652383,10.622327953931656,,-20.12224583333333,-4.744441666666666,2,2022,BASE+ALL
2022-12-24,11.05193521520341,12.476162910461426,13.488923680598813,-0.0431904411130195,9.243457841287656,9.368587164313185,,-20.80428333333333,-4.744441666666666,2,2022,BASE+ALL
2022-12-25,12.948848985144805,13.762327194213867,14.47581519402539,0.965839208393096,10.53820764544429,10.660618318228138,,-20.978341666666665,-4.744441666666666,2,2022,BASE+ALL
2022-12-26,11.909549803392759,11.11549186706543,11.937337491333476,1.337014038422304,9.07484830005349,9.162117754923244,,-9.376375,-4.744441666666666,2,2022,BASE+ALL
2022-12-27,14.283311378194568,13.892139434814453,13.846336571035197,-6.216970133264965,8.951204312694813,9.127344817949549,,-20.89595,-4.744441666666666,2,2022,BASE+ALL
2022-12-28,18.455686538200425,16.904443740844727,26.48795438315198,-13.327141154117529,12.130235877019901,12.44671971677911,,-33.91780833333333,-4.744441666666666,2,2022,BASE+ALL
2022-12-29,19.18898561815087,16.84847640991211,18.988324627405124,-7.806942577773194,11.804711019423726,12.023262049444046,,-30.521095833333334,-4.744441666666666,2,2022,BASE+ALL
2022-12-30,20.85238495931426,17.546579360961914,19.158858771449555,-9.215036607411207,12.085696621078633,12.314443949008146,,4.9897625,-4.744441666666666,2,2022,BASE+ALL
2022-12-31,25.879702292616923,24.566280364990234,22.7373304014259,-7.949406067224432,16.308476747952156,16.579113157085708,,12.890991666666666,-4.744441666666666,2,2022,BASE+ALL
2023-01-01,20.97035221339692,19.807064056396484,20.405773090583263,-6.065024092498225,13.779541316969611,14.006362538928979,,12.880579166666664,-4.744441666666666,2,2022,BASE+ALL
2023-01-02,16.031730216834724,16.418167114257812,16.98723768907075,9.446898986092238,14.72100850156388,14.788444785189977,,7.974512499999999,-4.744441666666666,2,2022,BASE+ALL
2023-01-03,22.488420713605745,21.885089874267578,23.524106179677645,-8.720337815868827,14.794319737920535,15.072456092600126,,9.638441666666669,-4.744441666666666,2,2022,BASE+ALL
2023-01-04,23.743216370915167,19.5400333404541,30.515767606262155,-14.770594423996164,14.757105723408815,15.103236119215502,,13.1184375,-4.744441666666666,2,2022,BASE+ALL
2023-01-05,18.228027229611342,16.519588470458984,21.12400626114863,-4.22842034871436,12.91080040312615,13.112746972428766,,8.893291666666666,-4.744441666666666,2,2022,BASE+ALL
2023-01-06,18.340088870161384,14.860837936401367,17.997478060979198,-4.176023165098236,11.755595425610927,11.923778732071174,,10.562666666666669,-4.744441666666666,2,2022,BASE+ALL
2023-01-07,28.48970325206093,21.25149154663086,35.17082735401179,-11.832028598805495,18.269998388474523,18.60568066078876,,15.5986,-4.744441666666666,2,2022,BASE+ALL
2023-01-08,24.567468829108915,19.01462745666504,24.06066884006173,-7.173492474212847,15.117318162905711,15.348720539101164,,17.175250000000002,-4.744441666666666,2,2022,BASE+ALL
2023-01-09,22.35079532674249,19.05221176147461,20.405773090583263,-5.900695272446381,13.977021226588494,14.188215788190067,,17.47565833333333,-4.744441666666666,2,2022,BASE+ALL
2023-01-10,22.6235354817838,18.56165885925293,19.821093912174458,-10.384802870025943,12.655371345796313,12.897214793244205,,14.681320833333332,-4.744441666666666,2,2022,BASE+ALL
2023-01-11,27.69279460018491,22.83438491821289,32.749302551927386,-13.695170593127756,17.395327869299358,17.751235298089068,,16.234583333333333,-4.744441666666666,2,2022,BASE+ALL
2023-01-12,37.90975438486093,28.483234405517578,40.16398559306569,-17.18587087456062,22.342775877220895,22.76478101919576,,18.7105625,-4.744441666666666,2,2022,BASE+ALL
2023-01-13,20.681883032909177,20.687061309814453,25.158470722336315,-6.35705189353146,15.04259079288212,15.309239179217547,,12.733608333333336,-4.744441666666666,2,2022,BASE+ALL
2023-01-14,30.77892932528466,26.413469314575195,37.66801303244613,-11.847355034668144,20.75326415940946,21.135219418871888,,17.528808333333334,-4.744441666666666,2,2022,BASE+ALL
2023-01-15,27.706518088552404,24.210205078125,29.5590882261185,-1.5143751642383547,19.990359057139386,20.230920035903775,,15.6903875,-4.744441666666666,2,2022,BASE+ALL
2023-01-16,18.740376653457098,17.0787410736084,22.718904269591647,0.694356636715519,14.808094658343165,14.977670287903,,8.956795833333333,-4.744441666666666,2,2022,BASE+ALL
2023-01-17,19.165236298664432,15.513875961303711,19.254238257028053,11.671277173329557,16.40115692258144,16.43700232953119,,8.2545375,-4.744441666666666,2,2022,BASE+ALL
2023-01-18,19.803314296309534,14.918622016906738,19.587594100941512,0.4207775320869857,13.682576986561195,13.811656572821908,,7.486216666666666,-4.744441666666666,2,2022,BASE+ALL
2023-01-19,17.15637013343989,11.56494426727295,18.56887386284434,11.92949471090242,14.8049207436149,14.81185779296062,,8.277954166666666,-4.744441666666666,2,2022,BASE+ALL
2023-01-20,15.970991413971785,11.56494426727295,17.121131676797667,13.802427676652693,14.614873758673772,14.603238836552901,,9.4163625,-4.744441666666666,2,2022,BASE+ALL
2023-01-21,16.102342922951074,11.276484489440918,16.29000237731013,11.550075835226538,13.804726406232165,13.804981083703359,,8.249154166666667,-4.744441666666666,2,2022,BASE+ALL
2023-01-22,15.254189433863614,10.895795822143555,15.425405704273675,9.07098128208209,12.661593060590732,12.680234610129599,,7.909658333333334,-4.744441666666666,2,2022,BASE+ALL
2023-01-23,14.542617303375321,10.733566284179688,13.547063580772386,14.414826448115916,13.309518404110829,13.27218228138835,,7.94985,-4.744441666666666,2,2022,BASE+ALL
2023-01-24,15.406122848852409,12.922760009765625,11.953124166722509,14.489131138836209,13.692784541044187,13.65927226036704,,8.173525,-4.744441666666666,2,2022,BASE+ALL
2023-01-25,13.760924220686574,10.368334770202637,11.133322786669181,7.50642928501074,10.692252765642284,10.703245408933922,,8.879483333333333,-4.744441666666666,2,2022,BASE+ALL
2023-01-26,13.672644898806993,10.517356872558594,10.417851696219392,12.544645887015037,11.788124838650004,11.751909951354968,,10.391958333333331,-4.744441666666666,2,2022,BASE+ALL
2023-01-27,13.960378743758504,10.416255950927734,10.317934200801341,12.954402699361673,11.912242898712313,11.869326341425193,,10.772591666666663,-4.744441666666666,2,2022,BASE+ALL
2023-01-28,14.048596806631043,10.416255950927734,10.451828188528262,13.750649222663633,12.166832542187668,12.117143043522896,,10.2970125,-4.744441666666666,2,2022,BASE+ALL
2023-01-29,12.787511344163855,9.981440544128418,10.242223058611676,1.7504157463848775,8.690397673322206,8.749370420659593,,7.068858333333334,-4.744441666666666,2,2022,BASE+ALL
2023-01-30,11.884635044926684,9.981440544128418,10.242223058611676,2.8683830478180123,8.744170423871198,8.798256502948254,,6.827829166666668,-4.744441666666666,2,2022,BASE+ALL
2023-01-31,12.417456541781336,9.981440544128418,10.373910696305922,-4.630358955521483,7.035612206673547,7.154099908921537,,6.477329166666667,-4.744441666666666,2,2022,BASE+ALL
2023-02-01,12.156916515628552,9.981440544128418,10.373910696305922,-5.6949615465999965,6.704326552365723,6.833724417199477,,7.483066666666667,-4.744441666666666,2,2022,BASE+ALL
2023-02-02,12.400662558471362,9.981440544128418,10.373910696305922,-6.976454118861488,6.444889920011052,6.584307885887177,,8.267629166666667,-4.744441666666666,2,2022,BASE+ALL
2023-02-03,11.909565795459677,10.047751426696777,10.242223058611676,-1.257601950820443,7.735484582486922,7.826642995314574,,10.8865875,-4.744441666666666,2,2022,BASE+ALL
2023-02-04,11.82788286500332,10.051024436950684,10.242223058611676,7.658934203094876,9.94501614091514,9.957467933020006,,13.541620833333331,-4.744441666666666,2,2022,BASE+ALL
2023-02-05,12.859879299516995,10.416255950927734,10.317934200801341,11.830082077768187,11.356037882253565,11.32925286701424,,13.76695,-4.744441666666666,2,2022,BASE+ALL
2023-02-06,12.86746272025743,10.416255950927734,10.317934200801341,10.0338289255195,10.9088704493765,10.897996220160072,,11.5548625,-4.744441666666666,2,2022,BASE+ALL
2023-02-07,13.836207872573434,10.430415153503418,10.317934200801341,12.313015945565008,11.724393293110799,11.68798771078156,,14.1732375,-4.744441666666666,2,2022,BASE+ALL
2023-02-08,14.458809369630208,10.416255950927734,10.317934200801341,10.724239633401949,11.479309788690308,11.453416437376003,,12.5238,-4.744441666666666,2,2022,BASE+ALL
2023-02-09,13.876474765380292,10.051024436950684,10.242223058611676,7.638672684111208,10.452098736263466,10.453289506981045,,12.6421375,-4.744441666666666,2,2022,BASE+ALL
2023-02-10,13.5693422060751,10.051024436950684,10.242223058611676,7.585470196478528,10.362014974528996,10.365393527854298,,14.0754875,-4.744441666666666,2,2022,BASE+ALL
2023-02-11,14.190804655474464,10.416255950927734,10.317934200801341,12.408172046929568,11.833291713533278,11.793939535228553,,15.3217,-4.744441666666666,2,2022,BASE+ALL
2023-02-12,14.081791124303342,10.051024436950684,10.242223058611676,6.030889645709405,10.101482066393778,10.115805457254286,,12.721304166666668,-4.744441666666666,2,2022,BASE+ALL
2023-02-13,16.04841302942278,11.801567077636719,13.0255697284933,5.854257559453671,11.682451848751617,11.718789503548525,,14.489345833333331,-4.744441666666666,2,2022,BASE+ALL
2023-02-14,17.009620778847058,12.48847484588623,13.214104621989748,4.57787611500936,11.822519090433099,11.871815488832501,,15.656095833333334,-4.744441666666666,2,2022,BASE+ALL
2023-02-15,17.50803931194962,10.883017539978027,12.737017432507377,3.2740503823096243,11.100531166686162,11.142068988924,,27.137183333333336,-4.744441666666666,2,2022,BASE+ALL
2023-02-16,18.53969569696093,10.218958854675293,11.321713991433116,8.003338341175226,12.02092672106114,12.000653395418087,,25.11231666666667,-4.744441666666666,2,2022,BASE+ALL
2023-02-17,19.45524650412225,10.657033920288086,11.329149272601859,9.227346291913602,12.66719399723145,12.634728323860932,,27.59777916666667,-4.744441666666666,2,2022,BASE+ALL
2023-02-18,26.399423003516787,14.396909713745117,15.854068609385848,15.345309345794949,17.998927668110674,17.932086579357474,,31.81598333333333,-4.744441666666666,2,2022,BASE+ALL
2023-02-19,19.534902472486877,10.139057159423828,13.666722343951566,3.851558315583858,11.798060072861531,11.822280389135303,,20.82540833333333,-4.744441666666666,2,2022,BASE+ALL
2023-02-20,18.51541045541281,10.3607177734375,11.385568515015205,4.452303432234675,11.178500044025046,11.191490495366825,,20.506966666666667,-4.744441666666666,2,2022,BASE+ALL
2023-02-21,18.90130331387909,11.010820388793945,11.735078310104964,1.4779841689472195,10.781296545431303,10.826175415137126,,18.727975,-4.744441666666666,2,2022,BASE+ALL
2023-02-22,18.51610143427921,10.123013496398926,11.511351296946538,3.648542124929608,10.94975208813857,10.968587145953302,,20.93405,-4.744441666666666,2,2022,BASE+ALL
2023-02-23,19.73437554930237,12.439108848571777,13.135865132661161,9.094354960318324,13.600926122713407,13.594008113219926,,19.69449583333333,-4.744441666666666,2,2022,BASE+ALL
2023-02-24,19.088877078784726,10.398090362548828,10.426740876498219,1.6458061090786995,10.389878606727619,10.419243708860169,,15.891445833333334,-4.744441666666666,2,2022,BASE+ALL
2023-02-25,20.08428684363766,13.132719993591309,12.63268507951926,10.174752796417993,14.006111178291555,13.99060298910592,,17.350925,-4.744441666666666,2,2022,BASE+ALL
2023-02-26,19.77322537779505,12.159929275512695,11.90502764178106,10.12393566834717,13.490529490858995,13.46458635070139,,12.284166666666666,-4.744441666666666,2,2022,BASE+ALL
2023-02-27,19.406676183020373,12.467681884765625,12.004945137199112,8.932034858306595,13.202834515822925,13.192747591154875,,12.5121625,-4.744441666666666,2,2022,BASE+ALL
2023-02-28,19.085177974271122,12.534481048583984,12.004945137199112,3.762430493230658,11.84675866332122,11.884951725308866,,13.590116666666669,-4.744441666666666,2,2022,BASE+ALL
2023-03-01,19.495581455752756,13.539923667907715,12.63268507951926,11.178420121211344,14.21165258109777,14.194001876772019,,12.721791666666666,-4.744441666666666,2,2022,BASE+ALL
2023-03-02,19.013499511563893,12.645139694213867,12.004945137199112,7.570579703445112,12.808541011605497,12.81425958560471,,8.433529166666666,-4.744441666666666,2,2022,BASE+ALL
2023-03-03,19.625163650484343,12.578340530395508,11.99750985603037,6.686303760719662,12.721829449407469,12.731370146436138,,9.92025,-4.744441666666666,2,2022,BASE+ALL
2023-03-04,19.66642297907313,13.539923667907715,12.374748311101584,6.607427433686887,13.04713059794233,13.067597606474319,,11.906295833333331,-4.744441666666666,2,2022,BASE+ALL
2023-03-05,18.54409390459768,10.88330078125,10.426740876498219,2.142810173207787,10.499236433888422,10.531380915567354,,10.928479166666667,-4.744441666666666,2,2022,BASE+ALL
2023-03-06,17.571849108470524,10.104538917541504,9.644876348370373,7.672372566210505,11.248409235148227,11.22558955649341,,14.7466625,-4.744441666666666,2,2022,BASE+ALL
2023-03-07,18.23080193831834,11.051980972290039,9.711978125029939,8.22536795418303,11.805032247455337,11.782123058427466,,13.389679166666667,-4.744441666666666,2,2022,BASE+ALL
2023-03-08,35.25970963501348,28.156457901000977,35.37970548818214,44.02352320290817,35.70484905677619,35.56695616992922,,57.81650833333333,-4.744441666666666,2,2022,BASE+ALL
2023-03-09,39.200447735492006,33.48628234863281,37.33983001694779,32.5869999816122,35.6533900206712,35.652243543525316,,85.95645833333333,-4.744441666666666,2,2022,BASE+ALL
2023-03-10,24.340232548714706,22.760143280029297,22.921042539175453,17.213023600897962,21.80861049220436,21.85000298853683,,32.37036666666667,-4.744441666666666,2,2022,BASE+ALL
2023-03-11,20.189317705703946,17.991857528686523,19.572505700331927,12.18567106531948,17.48483800001047,17.533475905265266,,14.4144,-4.744441666666666,2,2022,BASE+ALL
2023-03-12,26.520444685938067,17.546859741210938,20.811385756596447,19.68893943927926,21.14190740575618,21.092064521904895,,20.677645833333333,-4.744441666666666,2,2022,BASE+ALL
2023-03-13,75.82795916572287,88.53084564208984,84.07762180615825,58.49594801369351,76.73309365691611,77.04446293215045,,136.855825,-4.744441666666666,2,2022,BASE+ALL
2023-03-14,29.95166452802999,40.710140228271484,39.93467038271645,16.19769223632023,31.69854184383454,31.971745208108555,,19.03885,-4.744441666666666,2,2022,BASE+ALL
2023-03-15,21.282103454015946,27.299348831176758,27.60571786865475,3.994650659766396,20.045455203403463,20.287848299078586,,14.502783333333332,-4.744441666666666,2,2022,BASE+ALL
2023-03-16,18.970984688650603,22.27298927307129,21.987147602222525,9.831079450349945,18.26555025357359,18.392802460716986,,12.563620833333331,-4.744441666666666,2,2022,BASE+ALL
2023-03-17,16.669454398574132,17.747669219970703,18.22350455815237,6.185474280787542,14.706525614371188,14.818047793538714,,11.792779166666667,-4.744441666666666,2,2022,BASE+ALL
2023-03-18,16.97480557994867,16.89069366455078,18.13583932045826,2.892665250255712,13.723500953803354,13.85471280078943,,16.076379166666666,-4.744441666666666,2,2022,BASE+ALL
2023-03-19,16.4516388783291,15.935046195983887,17.7167165857428,3.5194875385480127,13.40572229965095,13.523635887194242,,10.737391666666667,-4.744441666666666,2,2022,BASE+ALL
2023-03-20,17.213578906169552,14.984097480773926,18.338403508921118,9.86732066580283,15.100850140416856,15.15367080221149,,10.745495833333337,-4.744441666666666,2,2022,BASE+ALL
2023-03-21,19.633575571020216,12.345723152160645,17.583539188803314,15.380579694377552,16.23585440159043,16.199161476135536,,13.5358375,-4.744441666666666,2,2022,BASE+ALL
2023-03-22,38.322526292751625,32.15520095825195,38.10436125227513,34.83775228566544,35.85496019723604,35.83185903978051,,39.26701666666666,-4.744441666666666,2,2022,BASE+ALL
2023-03-23,40.66429486109317,37.63467788696289,40.422096964431134,30.94452786162857,37.41639939352894,37.47537413518554,,18.161191666666667,-4.744441666666666,2,2022,BASE+ALL
2023-03-24,33.32138100553361,32.0528450012207,32.98028858179663,20.722636866162222,29.76928786367829,29.86831311372626,,15.687391666666665,-4.744441666666666,2,2022,BASE+ALL
2023-03-25,27.091438339959076,23.16596031188965,22.021154618052087,14.19846199463252,21.619253816133334,21.67020704090331,,12.933579166666666,-4.744441666666666,2,2022,BASE+ALL
2023-03-26,21.42268069484192,17.799705505371094,19.23190933380833,3.5277714614878355,15.495516748877295,15.610503151586009,,11.231391666666669,-4.744441666666666,2,2022,BASE+ALL
2023-03-27,19.52763235132311,17.550186157226562,20.126589774802667,4.74651562048777,15.487730975960027,15.605630784962209,,12.042054166666668,-4.744441666666666,2,2022,BASE+ALL
2023-03-28,18.0141339049107,15.85739517211914,19.070629860808776,8.46705083419534,15.352302443008488,15.424887784998425,,15.5223,-4.744441666666666,2,2022,BASE+ALL
2023-03-29,24.694582717357914,17.451562881469727,21.499602497017996,17.21193276603096,20.21442021546915,20.200026482407267,,19.589558333333333,-4.744441666666666,2,2022,BASE+ALL
2023-03-30,33.077114550251196,25.6578369140625,28.311104794494653,23.046576278892864,27.5231581344253,27.520598503752424,,23.313558333333333,-4.744441666666666,2,2022,BASE+ALL
2023-03-31,94.60981091359591,95.33285522460938,86.79744610220521,51.80454480103741,82.13616426036198,82.47633748089783,,56.54428333333333,-4.744441666666666,2,2022,BASE+ALL
2023-04-01,30.37069357143149,39.73150634765625,36.94667678699207,11.222163343086208,29.567760012291505,29.856777746770902,,17.862041666666666,-4.744441666666666,2,2022,BASE+ALL
2023-04-02,25.21003780764424,27.864852905273438,25.40119741951954,5.245358500412591,20.93036165821245,21.131516525014277,,13.210479166666666,-4.744441666666666,2,2022,BASE+ALL
2023-04-03,20.91876321205826,24.486248016357422,21.204473558084445,11.313014701907614,19.480624872101938,19.598145266131226,,12.103429166666666,-4.744441666666666,2,2022,BASE+ALL
2023-04-04,19.360558527466672,20.20831871032715,20.266757278685635,6.6804433602621245,16.629019469185394,16.754245163455423,,19.318995833333336,-4.744441666666666,2,2022,BASE+ALL
2023-04-05,17.71952203923512,18.09872055053711,19.536186146484834,3.502618646567592,14.714261845706163,14.8545097269114,,15.203375,-4.744441666666666,2,2022,BASE+ALL
2023-04-06,19.640208816129398,16.798282623291016,18.023169728300438,10.83328467377417,16.323736460373755,16.36808263268326,,12.823225,-4.744441666666666,2,2022,BASE+ALL
2023-04-07,19.140176271582686,17.9212703704834,20.069846621526345,3.737250927506647,15.217136047774769,15.349002521721893,,10.106166666666669,-4.744441666666666,2,2022,BASE+ALL
2023-04-08,17.824035705545572,16.23814582824707,18.55229242073856,10.13360767541874,15.687020407487484,15.746059438492228,,10.8017,-4.744441666666666,2,2022,BASE+ALL
2023-04-09,16.99969786835562,15.313469886779785,18.12217152517392,10.076321452810433,15.12791518327994,15.181613682639677,,9.569579166666664,-4.744441666666666,2,2022,BASE+ALL
2023-04-10,21.628240447998966,13.560332298278809,20.55513145640557,19.714545135894024,18.86456233464434,18.80619479041145,,11.274283333333337,-4.744441666666666,2,2022,BASE+ALL
2023-04-11,24.488990908560154,20.48957633972168,27.294650259099292,18.830807923375488,22.776006357689155,22.808628775234272,,14.803120833333333,-4.744441666666666,2,2022,BASE+ALL
2023-04-12,42.94666395511503,47.03590774536133,44.16971928145195,37.54060424582148,42.92322380693744,43.013449785858754,,78.05844583333334,-4.744441666666666,2,2022,BASE+ALL
2023-04-13,21.863784365443614,27.155406951904297,25.20574021190409,10.420985789940172,21.161479329798045,21.328131183946848,,9.072945833333334,-4.744441666666666,2,2022,BASE+ALL
2023-04-14,20.019074010907286,20.418596267700195,20.135366225005665,16.999436907244117,19.393118352714318,19.424042092533885,,13.353008333333332,-4.744441666666666,2,2022,BASE+ALL
2023-04-15,17.878754142198733,16.956928253173828,17.096483108535928,2.2203299819449,13.538123871463347,13.66468136285247,,14.886554166666668,-4.744441666666666,2,2022,BASE+ALL
2023-04-16,18.165338341560986,15.530377388000488,16.661144841133495,2.197317546063942,13.138544529189726,13.248928473818006,,13.058325000000002,-4.744441666666666,2,2022,BASE+ALL
2023-04-17,19.173278442187748,16.566234588623047,17.843722063873166,3.872897620384309,14.364033178767068,14.469758730821328,,9.3439625,-4.744441666666666,2,2022,BASE+ALL
2023-04-18,20.1378712425717,16.489013671875,18.29763218839042,22.03304512717655,19.239390557503416,19.18046512092083,,11.873133333333334,-4.744441666666666,2,2022,BASE+ALL
2023-04-19,20.305160723208587,16.396039962768555,19.220777315064552,19.972771952226807,18.973687488317125,18.936787289159934,,14.0833375,-4.744441666666666,2,2022,BASE+ALL
2023-04-20,19.615047257762196,16.44567108154297,19.00963647864222,24.01661837241928,19.77174329759167,19.70195895263711,,13.607045833333332,-4.744441666666666,2,2022,BASE+ALL
2023-04-21,20.329658209387638,16.32500648498535,19.220777315064552,11.282434672778308,16.789469170553964,16.829006326047306,,12.642679166666667,-4.744441666666666,2,2022,BASE+ALL
2023-04-22,18.707559656547822,15.354403495788574,19.358311025715846,4.810115175899412,14.557597338487913,14.656186021877444,,12.25155,-4.744441666666666,2,2022,BASE+ALL
2023-04-23,16.999683228513895,11.503568649291992,16.975971197023323,5.628464458102412,12.776921883232905,12.830754546969027,,9.140320833333334,-4.744441666666666,2,2022,BASE+ALL
2023-04-24,17.239705360420466,11.509554862976074,16.75526060488037,6.518125405929258,13.005661558551541,13.048998908528276,,10.734379166666663,-4.744441666666666,2,2022,BASE+ALL
2023-04-25,17.668955789334877,12.779302597045898,17.817188998881587,10.087988895439803,14.588359070175542,14.614733848957268,,11.7367625,-4.744441666666666,2,2022,BASE+ALL
2023-04-26,18.690533871712134,13.203505516052246,18.50604854697937,17.199567485918344,16.899913855165522,16.86512398872576,,12.506183333333333,-4.744441666666666,2,2022,BASE+ALL
2023-04-27,21.491863502427858,18.80668067932129,24.513554133666084,16.939750744669315,20.437962265021135,20.473281456174043,,13.5244625,-4.744441666666666,2,2022,BASE+ALL
2023-04-28,17.56289512990065,14.396379470825195,16.32156344149378,8.50174258005898,14.195645155569652,14.2416932655581,,10.994570833333334,-4.744441666666666,2,2022,BASE+ALL
2023-04-29,18.651749130768746,13.346979141235352,17.061634329249223,4.486374192363609,13.386684198404232,13.45771031409264,,11.256308333333337,-4.744441666666666,2,2022,BASE+ALL
2023-04-30,18.717088548667437,11.312577247619629,15.81022246983831,4.645226368050357,12.621278658543934,12.665727527341545,,12.184070833333337,-4.744441666666666,2,2022,BASE+ALL
2023-05-01,17.119857113143162,10.673101425170898,14.750628984757984,7.015175915076409,12.389690859537115,12.410277459201858,,12.151733333333333,-4.744441666666666,2,2022,BASE+ALL
2023-05-02,18.616384978754112,11.871152877807617,13.284235057050667,5.177666134416013,12.237359762007102,12.267489180588099,,12.001545833333331,-4.744441666666666,2,2022,BASE+ALL
2023-05-03,20.50050277503876,13.442262649536133,13.732383549101876,24.69719060723423,18.09308489522775,17.955422160227624,,13.926275,-4.744441666666666,2,2022,BASE+ALL
2023-05-04,19.268987771038933,12.330656051635742,13.969909742318931,17.909850880644193,15.86985111140945,15.791241178246887,,13.9534375,-4.744441666666666,2,2022,BASE+ALL
2023-05-05,17.839838987409202,10.369526863098145,11.666731080515044,8.72912625808933,12.15130579727793,12.131822627077423,,11.173625,-4.744441666666666,2,2022,BASE+ALL
2023-05-06,19.42522643413659,11.000969886779785,11.929894697771646,8.327902036216885,12.670998263726226,12.653181999299585,,13.790758333333336,-4.744441666666666,2,2022,BASE+ALL
2023-05-07,18.404149203808423,9.925735473632812,9.931906999593089,4.716347954531713,10.74453490789151,10.743487515784711,,13.0050875,-4.744441666666666,2,2022,BASE+ALL
2023-05-08,20.17417163279674,16.88001251220703,14.714886868723031,4.38845728397864,14.03938207442636,14.119128111092945,,13.103904166666666,-4.744441666666666,2,2022,BASE+ALL
2023-05-09,20.65882833207685,19.925073623657227,16.045873970856217,9.474178377665428,16.52598857606393,16.59177789590868,,12.688916666666666,-4.744441666666666,2,2022,BASE+ALL
2023-05-10,17.927980750644743,15.25989055633545,12.921719120168033,10.087448110638498,14.049259634446681,14.066475687517112,,11.505525,-4.744441666666666,2,2022,BASE+ALL
2023-05-11,17.98320026951637,12.092813491821289,11.236829458592217,4.830273810196214,11.535779257531523,11.56232383146283,,11.474708333333334,-4.744441666666666,2,2022,BASE+ALL
2023-05-12,20.36078883891923,13.213188171386719,12.57469437819303,4.975144471607889,12.780953965026718,12.810426669825466,,7.8356875,-4.744441666666666,2,2022,BASE+ALL
2023-05-13,21.39580722214044,13.277950286865234,11.509986490018843,6.024446036773851,13.052047508949592,13.060680958789582,,9.650695833333334,-4.744441666666666,2,2022,BASE+ALL
2023-05-14,19.33547253064937,11.201732635498047,10.031699724736,5.463328060655707,11.50805823788478,11.50668136428352,,13.241575,-4.744441666666666,2,2022,BASE+ALL
2023-05-15,18.099356185027425,10.974686622619629,9.56345845427587,12.074847240373057,12.678087125573995,12.620184314897605,,11.609133333333332,-4.744441666666666,2,2022,BASE+ALL
2023-05-16,18.534549129298934,10.782242774963379,9.108781041961544,5.29698612151855,10.930639766935602,10.92616895368203,,9.757991666666667,-4.744441666666666,2,2022,BASE+ALL
2023-05-17,18.529900698208717,10.985246658325195,9.06920745868772,3.1163543180287667,10.4251772833126,10.44160212168417,,6.880029166666667,-4.744441666666666,2,2022,BASE+ALL
2023-05-18,18.03183898063772,10.964481353759766,9.067819161032984,6.743527704654184,11.201916800021163,11.18872319408127,,9.886629166666667,-4.744441666666666,2,2022,BASE+ALL
2023-05-19,18.060426648073605,10.964481353759766,9.116581751366823,7.049940540830596,11.297857573507697,11.28207120027007,,8.897120833333334,-4.744441666666666,2,2022,BASE+ALL
2023-05-20,20.631500975499954,12.485750198364258,9.954482763101076,6.28387288677666,12.338901705935488,12.333527464982245,,5.6569666666666665,-4.744441666666666,2,2022,BASE+ALL
2023-05-21,20.13561743503373,12.028594970703125,9.500184688020417,6.346468918973045,12.00271650318258,11.992959352753953,,3.4890833333333333,-4.744441666666666,2,2022,BASE+ALL
2023-05-22,17.911739875552826,10.45977783203125,8.061078715614835,7.237101873977293,10.917424574294051,10.890249337626605,,4.742304166666666,-4.744441666666666,2,2022,BASE+ALL
2023-05-23,18.75313669834243,10.883964538574219,8.417296164426116,2.724749051159527,10.194786613125574,10.208722655632597,,3.446683333333333,-4.744441666666666,2,2022,BASE+ALL
2023-05-24,17.95561025570459,10.738069534301758,8.02150513234101,6.657667990864116,10.843213228302869,10.82308597142828,,3.4703250000000003,-4.744441666666666,2,2022,BASE+ALL
2023-05-25,19.961075237247737,12.443934440612793,9.883235794572474,5.255712529466113,11.885989500474778,11.892712008110736,,2.5631375,-4.744441666666666,2,2022,BASE+ALL
2023-05-26,21.1529304245228,13.20111083984375,10.564531545624268,12.386411427974291,14.326246059491279,14.273486996697635,,16.804720833333334,-4.744441666666666,2,2022,BASE+ALL
2023-05-27,19.963047779365997,12.444031715393066,11.00353617385632,7.986851664420429,12.849366833258951,12.838445312540598,,5.574645833333334,-4.744441666666666,2,2022,BASE+ALL
2023-05-28,20.60469233606889,12.751687049865723,11.190569377013793,6.461431756542739,12.752095129872787,12.754875491201329,,4.1894,-4.744441666666666,2,2022,BASE+ALL
2023-05-29,21.567018592235122,13.444744110107422,11.937911325238804,16.163624268155473,15.778324573934206,15.69990880123613,,8.8497,-4.744441666666666,2,2022,BASE+ALL
2023-05-30,22.522998673605585,13.536542892456055,12.18290802312009,20.47517447789061,17.179406016768084,17.059592498214368,,8.1188,-4.744441666666666,2,2022,BASE+ALL
2023-05-31,22.917984182058117,13.555402755737305,12.330199811217245,18.05150389270957,16.713772660430557,16.61431069227566,,10.824416666666666,-4.744441666666666,2,2022,BASE+ALL
2023-06-01,22.622957524617267,13.465509414672852,12.60456576680805,15.477193508909576,16.042556553751936,15.968458384812317,,8.325779166666667,-4.744441666666666,2,2022,BASE+ALL
2023-06-02,23.296128967924663,13.465509414672852,12.47067177908113,17.64490230384091,16.719303116379887,16.621401782885915,,11.798229166666667,-4.744441666666666,2,2022,BASE+ALL
2023-06-03,23.322640875344465,12.848185539245605,11.890306129440086,10.715758828516272,14.694222843136606,14.649001711326104,,6.942575000000001,-4.744441666666666,2,2022,BASE+ALL
2023-06-04,23.406076047622555,12.540532112121582,11.914954697701829,11.200433872196156,14.765499182410531,14.713021268392344,,19.906133333333333,-4.744441666666666,2,2022,BASE+ALL
2023-06-05,24.142858046134368,13.479667663574219,12.400581271206443,11.00911650224122,15.258055870789061,15.214067210302126,,8.358370833333334,-4.744441666666666,2,2022,BASE+ALL
2023-06-06,24.501424592211627,13.270748138427734,12.578726217907706,14.381219255226451,16.18302955094338,16.10635533442472,,10.957641666666667,-4.744441666666666,2,2022,BASE+ALL
2023-06-07,24.82988576524998,13.172014236450195,12.361426359615951,17.77365143025657,17.034244447893172,16.92347732604506,,9.623875,-4.744441666666666,2,2022,BASE+ALL
2023-06-08,24.79018154779701,13.38866138458252,12.361426359615951,20.874476258094894,17.853686387522593,17.717454921171274,,7.643491666666666,-4.744441666666666,2,2022,BASE+ALL
2023-06-09,24.901344471935737,15.321096420288086,12.786537167662155,17.321696554324173,17.58266865355254,17.496414572840894,,10.242454166666668,-4.744441666666666,2,2022,BASE+ALL
2023-06-10,24.697367676200493,13.023563385009766,12.646946068319808,10.64953391414506,15.254352760918781,15.208015229432633,,13.180616666666667,-4.744441666666666,2,2022,BASE+ALL
2023-06-11,22.305871080848153,12.70892333984375,13.493286071186263,7.284779629574498,13.948215030363166,13.947428230272,,12.712220833333332,-4.744441666666666,2,2022,BASE+ALL
2023-06-12,20.664640069629936,11.556929588317871,10.39728245520006,8.858196249689977,12.86926209070946,12.835510822520021,,11.258925,-4.744441666666666,2,2022,BASE+ALL
2023-06-13,21.977860809118713,14.225775718688965,13.864428535009626,5.369651976338423,13.85942925978893,13.892653694469821,,9.711058333333334,-4.744441666666666,2,2022,BASE+ALL
2023-06-14,22.838554599481537,15.453106880187988,15.066709305088441,7.114104123285765,15.118118727010932,15.148649950793244,,26.642954166666662,-4.744441666666666,2,2022,BASE+ALL
2023-06-15,21.782991413233738,14.510384559631348,11.755957041474941,5.584213619878481,13.408386658554628,13.43076498494726,,33.09138333333333,-4.744441666666666,2,2022,BASE+ALL
2023-06-16,22.392086817596773,14.916083335876465,12.619033459312272,3.95034510173604,13.469387178630388,13.511447327124962,,9.805441666666669,-4.744441666666666,2,2022,BASE+ALL
2023-06-17,23.24133387809426,14.988214492797852,16.272701848906774,7.708259515485242,15.55262743382103,15.578784080519801,,12.7017125,-4.744441666666666,2,2022,BASE+ALL
2023-06-18,21.225655082673367,11.56852912902832,13.39943526997636,3.288176101810851,12.370448895872224,12.400879325512273,,11.244470833333333,-4.744441666666666,2,2022,BASE+ALL
2023-06-19,20.91959686684688,12.99767780303955,10.975748558804254,10.818834114009904,13.927964335675147,13.891121020630916,,18.150716666666668,-4.744441666666666,2,2022,BASE+ALL
2023-06-20,21.27798157599901,16.586145401000977,16.294406772864438,5.977236581241147,15.03394258277639,15.100236441997762,,13.439275,-4.744441666666666,2,2022,BASE+ALL
2023-06-21,20.571905138423,13.254610061645508,14.036291113656997,6.618421994645502,13.62030707709275,13.643000403447122,,7.980316666666667,-4.744441666666666,2,2022,BASE+ALL
2023-06-22,20.55782535129386,11.474522590637207,10.90529822716236,8.220108794369558,12.789438740865746,12.764249088234362,,10.6514125,-4.744441666666666,2,2022,BASE+ALL
2023-06-23,20.189464403448117,12.551298141479492,11.696924931858963,13.031404103625851,14.367272895103104,14.315300915467189,,13.143545833333333,-4.744441666666666,2,2022,BASE+ALL
2023-06-24,21.850334584521946,13.580822944641113,12.62707791433741,11.682465690886737,14.9351752835968,14.900213904149966,,13.515633333333334,-4.744441666666666,2,2022,BASE+ALL
2023-06-25,21.446621046982255,12.138860702514648,11.144440254137825,16.998549666970604,15.432117917651334,15.331097171174473,,17.5213875,-4.744441666666666,2,2022,BASE+ALL
2023-06-26,21.025954789185494,11.568161964416504,11.750643719480967,14.121132002524003,14.616473118901741,14.542058151130936,,40.130766666666666,-4.744441666666666,2,2022,BASE+ALL
2023-06-27,21.240834813491936,11.283514022827148,11.55988507232934,14.780702849731377,14.716234189594951,14.63119852939315,,39.85754583333333,-4.744441666666666,2,2022,BASE+ALL
2023-06-28,21.407573289208816,11.791971206665039,12.739122054599049,12.752762213062406,14.672857190883827,14.61622169900553,,38.97201666666667,-4.744441666666666,2,2022,BASE+ALL
2023-06-29,21.265847479973125,11.415878295898438,10.244048286300545,12.149641483997575,13.768853886542422,13.700400063953735,,38.2870375,-4.744441666666666,2,2022,BASE+ALL
2023-06-30,22.549743172766156,14.353347778320312,15.410616338207848,19.689055258851432,18.000690637036435,17.913776928657093,,42.27121666666667,-4.744441666666666,2,2022,BASE+ALL
2023-07-01,24.69533977579517,16.604991912841797,25.9442332981588,20.683553568575046,21.982029638842704,21.955829840554657,,42.76443333333333,-4.744441666666666,2,2022,BASE+ALL
2023-07-02,21.946513652978762,16.299917221069336,19.42356808355138,14.342693264652787,18.003173055563067,18.007485301729474,,46.986354166666665,-4.744441666666666,2,2022,BASE+ALL
2023-07-03,23.157265649530608,17.0739688873291,19.30389555523089,19.40015904715508,19.733822284811417,19.692370188924116,,46.0592,-4.744441666666666,2,2022,BASE+ALL
2023-07-04,23.53499247623044,17.10373306274414,19.59580371768889,9.374501165578785,17.402257605560564,17.449717436453778,,61.338120833333335,-4.744441666666666,2,2022,BASE+ALL
2023-07-05,22.48658696588369,15.588189125061035,17.303558613601414,14.946634484716483,17.581242297315654,17.55855392476171,,50.225775,-4.744441666666666,2,2022,BASE+ALL
2023-07-06,21.3823711140863,14.963512420654297,16.918612394124015,18.703229114496477,17.99193126084027,17.934426548051057,,42.73356666666667,-4.744441666666666,2,2022,BASE+ALL
2023-07-07,22.424297118431618,15.315317153930664,18.95628552814463,14.138791342699118,17.708672785801507,17.70094224375377,,37.14480833333334,-4.744441666666666,2,2022,BASE+ALL
2023-07-08,21.080743185254498,11.675471305847168,16.537703776542383,12.487935278320334,15.445463386491095,15.414462774960372,,18.0615125,-4.744441666666666,2,2022,BASE+ALL
2023-07-09,20.569929817208227,11.195181846618652,15.41732465358078,13.865549136356986,15.26199636344116,15.210881840643353,,16.412679166666667,-4.744441666666666,2,2022,BASE+ALL
2023-07-10,21.036581878649216,11.797920227050781,14.380441099721228,19.920427387950003,16.783842648342805,16.675373666985692,,16.020508333333336,-4.744441666666666,2,2022,BASE+ALL
2023-07-11,18.93171844705866,10.173996925354004,11.08437893191332,15.821680090534784,14.002943598715191,13.909255957101452,,19.086762500000003,-4.744441666666666,2,2022,BASE+ALL
2023-07-12,18.840148693620993,10.38895034790039,11.614466759773377,15.152090697951357,13.99891412481153,13.916657106919903,,16.051920833333334,-4.744441666666666,2,2022,BASE+ALL
2023-07-13,18.56107306047503,10.016463279724121,9.948820408524037,15.203693135856716,13.432512471144976,13.338323144133087,,12.77375,-4.744441666666666,2,2022,BASE+ALL
2023-07-14,20.17472817707538,10.748894691467285,10.266765152164286,16.617196936901,14.451896239401986,14.34428650047483,,18.3072125,-4.744441666666666,2,2022,BASE+ALL
2023-07-15,20.275568017923902,10.149799346923828,8.807339494646078,21.74449183923305,15.244299674681715,15.07683731475807,,13.816,-4.744441666666666,2,2022,BASE+ALL
2023-07-16,18.989890947482966,10.589427947998047,9.63713948936356,17.17503821384663,14.097874149672801,13.986841029626113,,16.177341666666667,-4.744441666666666,2,2022,BASE+ALL
2023-07-17,17.47800276962522,10.076502799987793,9.138907467134375,10.602581684390431,11.823998680284454,11.772448188942235,,12.214687499999998,-4.744441666666666,2,2022,BASE+ALL
2023-07-18,17.631606663681392,10.344382286071777,9.049352525342051,12.504569379638305,12.38247771368338,12.314939483688065,,24.347241666666665,-4.744441666666666,2,2022,BASE+ALL
2023-07-19,17.424928135339457,10.742511749267578,9.472439018635164,12.850948693580534,12.622706899205683,12.559153536453424,,10.989725,-4.744441666666666,2,2022,BASE+ALL
2023-07-20,17.905454378706768,11.0172700881958,8.693668351417514,8.05959736349426,11.418997545453585,11.393061225796146,,15.211670833333336,-4.744441666666666,2,2022,BASE+ALL
2023-07-21,17.16397151816288,10.478458404541016,8.290701379339712,10.746220257030997,11.669837889768651,11.61719026838941,,15.186895833333333,-4.744441666666666,2,2022,BASE+ALL
2023-07-22,31.782460220860113,25.823265075683594,26.590383861879275,38.67841673866909,30.718631474273018,30.575714186126476,,22.625633333333337,-4.744441666666666,2,2022,BASE+ALL
2023-07-23,20.96271736088008,15.822480201721191,15.159535121404362,13.782473769523133,16.43180161338219,16.417293613643743,,10.638229166666669,-4.744441666666666,2,2022,BASE+ALL
2023-07-24,18.111490790258348,14.317766189575195,11.763284324650172,8.877632895128496,13.267543549903053,13.2795719594112,,21.3476625,-4.744441666666666,2,2022,BASE+ALL
2023-07-25,18.030707454887985,12.117083549499512,11.821012526407053,7.947720947002823,12.479131119449342,12.481384122061062,,38.59811666666667,-4.744441666666666,2,2022,BASE+ALL
2023-07-26,18.732136413961197,11.45982837677002,11.35082364481537,7.654096144232021,12.299221144944651,12.291762435213666,,43.95239166666667,-4.744441666666666,2,2022,BASE+ALL
2023-07-27,17.960607368368652,11.411683082580566,10.210439226694586,12.141985764074466,12.931178860429569,12.881017567430652,,29.303366666666665,-4.744441666666666,2,2022,BASE+ALL
2023-07-28,17.623802396632783,10.514168739318848,10.053873077332218,8.38452698225053,11.644092798883594,11.620580104609175,,37.333416666666665,-4.744441666666666,2,2022,BASE+ALL
2023-07-29,19.229946580456073,11.60078239440918,9.950889381365634,14.197890987246936,13.744877335869456,13.669451319537297,,38.5578,-4.744441666666666,2,2022,BASE+ALL
2023-07-30,23.694998814498025,13.169154167175293,13.868595799325591,21.251160298112893,17.99597726977795,17.869548051005417,,33.08435,-4.744441666666666,2,2022,BASE+ALL
2023-07-31,22.81168907110624,13.382767677307129,14.91382525507322,21.61909964079625,18.18184541107071,18.065087525972586,,33.42189166666667,-4.744441666666666,2,2022,BASE+ALL
2023-08-01,18.078545432955362,11.225902557373047,11.473601367725626,13.518986523140814,13.574258970298711,13.517086886338443,,50.88329166666667,-4.744441666666666,2,2022,BASE+ALL
2023-08-02,30.433911745423927,19.5650577545166,26.05788920359157,35.64313366164641,27.924998091294626,27.75988337504797,,67.22480416666666,-4.744441666666666,2,2022,BASE+ALL
2023-08-03,23.325244014472446,15.858284950256348,17.158528629496587,17.520153525423197,18.465552779912144,18.416777722052704,,49.12930416666666,-4.744441666666666,2,2022,BASE+ALL
2023-08-04,17.572184477133952,14.393864631652832,15.810042505984319,8.84645402724479,14.155636410503973,14.195525917216477,,42.86838333333333,-4.744441666666666,2,2022,BASE+ALL
2023-08-05,30.9307028986586,21.069664001464844,30.81554072436223,34.84652071924477,29.415607085932614,29.295788173745596,,49.82715833333333,-4.744441666666666,2,2022,BASE+ALL
2023-08-06,20.671268090169125,16.418968200683594,20.14339409924601,10.672597566727555,16.97655698920657,17.02586011515331,,46.40745,-4.744441666666666,2,2022,BASE+ALL
2023-08-07,16.31944741314533,14.385468482971191,16.727182163977808,3.5159783737568726,12.737019108462801,12.836596253724624,,46.6717,-4.744441666666666,2,2022,BASE+ALL
2023-08-08,16.055523197333613,11.63345718383789,16.009502586448782,11.958756339263562,13.914309826720963,13.9125921320103,,46.01819583333333,-4.744441666666666,2,2022,BASE+ALL
2023-08-09,15.641217586338502,12.472549438476562,15.385121934388046,-4.879927895386377,9.654740265954185,9.80837401497477,,46.349783333333335,-4.744441666666666,2,2022,BASE+ALL
2023-08-10,14.983533978527708,12.719467163085938,14.882684967021113,11.414488885632338,13.500043748566775,13.51177659543328,,47.1601,-4.744441666666666,2,2022,BASE+ALL
2023-08-11,14.526005783504294,11.013778686523438,12.09810025449332,16.062218401769883,13.425025781572733,13.366983443727674,,35.1675,-4.744441666666666,2,2022,BASE+ALL
2023-08-12,15.383711164480953,11.420804023742676,12.076276546430833,20.84649049313339,14.931820556946963,14.829850420005382,,35.23667916666667,-4.744441666666666,2,2022,BASE+ALL
2023-08-13,13.91148660170047,10.839428901672363,11.71501604383339,12.909105536252,12.343759270864556,12.313396728614029,,18.19855833333333,-4.744441666666666,2,2022,BASE+ALL
2023-08-14,13.624596590517001,10.873417854309082,10.923833811193937,15.550495221361473,12.743085869345373,12.686480390911413,,17.35611666666667,-4.744441666666666,2,2022,BASE+ALL
2023-08-15,11.666130010335397,10.825448036193848,10.80870036219646,2.545658534388909,8.961484235778652,9.030225837287581,,13.314683333333331,-4.744441666666666,2,2022,BASE+ALL
2023-08-16,11.578360814407201,12.130131721496582,11.813554663110994,-8.516938382631526,6.751277204095813,6.935861061258994,,14.578141666666667,-4.744441666666666,2,2022,BASE+ALL
2023-08-17,12.165108271567778,12.279631614685059,12.452601481930971,7.438867749200959,11.084052279346192,11.128706808561507,,20.8527125,-4.744441666666666,2,2022,BASE+ALL
2023-08-18,13.507816126875605,12.898710250854492,12.517019298650009,21.332847707064165,15.064098345861066,14.983533899898148,,25.67815416666667,-4.744441666666666,2,2022,BASE+ALL
2023-08-19,12.886065107243178,11.10479736328125,10.92225726603137,17.27150364782269,13.046155846094623,12.980360167690232,,36.5661625,-4.744441666666666,2,2022,BASE+ALL
2023-08-20,10.881836475354248,10.618892669677734,10.74821753306512,2.6225917321683663,8.717884602566366,8.788198461992412,,15.641070833333336,-4.744441666666666,2,2022,BASE+ALL
2023-08-21,10.546644072769398,10.38873291015625,10.648300037647068,6.045738674097855,9.407353923667642,9.446577994161055,,6.610245833333334,-4.744441666666666,2,2022,BASE+ALL
2023-08-22,10.789197394598476,10.494302749633789,10.465753491401557,4.223335747535845,8.993147345792416,9.047026258418683,,1.7274083333333332,-4.744441666666666,2,2022,BASE+ALL
2023-08-23,12.980420356635587,13.95136547088623,14.900223448208546,0.0810194192166302,10.478257173736749,10.612475889965005,,9.4090875,-4.744441666666666,2,2022,BASE+ALL
2023-08-24,10.548165752463376,11.002059936523438,10.805422540371586,-0.6193217592619153,7.9340816175241216,8.038667619871092,,17.59519166666667,-4.744441666666666,2,2022,BASE+ALL
2023-08-25,10.061519884666263,10.666621208190918,10.438103607890387,1.4183193933715024,8.146141023529767,8.23030690328551,,6.6613625,-4.744441666666666,2,2022,BASE+ALL
2023-08-26,9.724964974523294,10.24315357208252,10.571605653587614,0.6227492579890526,7.790618364545621,7.8808959907830936,,5.3356208333333335,-4.744441666666666,2,2022,BASE+ALL
2023-08-27,9.47537955613772,10.10509204864502,9.982365223403422,1.0978976180749949,7.665183611565288,7.747970934588643,,4.531229166666667,-4.744441666666666,2,2022,BASE+ALL
2023-08-28,9.307020123110362,10.88530158996582,9.815453440913549,1.171288282979265,7.79476585924225,7.883529610855307,,5.932441666666667,-4.744441666666666,2,2022,BASE+ALL
2023-08-29,9.454732053223292,10.348034858703613,9.490857275068334,1.5668609611845166,7.715121287044939,7.793031847331794,,7.2592541666666675,-4.744441666666666,2,2022,BASE+ALL
2023-08-30,9.586881405876804,10.702178001403809,9.460693524017275,-1.7620791786075525,6.996918438172583,7.1065077893548025,,7.352154166666666,-4.744441666666666,2,2022,BASE+ALL
2023-08-31,10.162124203805849,10.854363441467285,9.737160660920038,1.5035898167754396,8.064309530742152,8.144618936880534,,7.1669833333333335,-4.744441666666666,2,2022,BASE+ALL
2023-09-01,10.458572846384417,10.380430221557617,9.44755853330014,-0.8005845592470942,7.37149426049877,7.464845857479358,,9.246379166666664,-4.744441666666666,2,2022,BASE+ALL
2023-09-02,12.216344875271837,10.953097343444824,10.035381888562663,0.2290498566045733,8.358468490970974,8.4412326261579,,27.043604166666668,-4.744441666666666,2,2022,BASE+ALL
2023-09-03,12.628925599420802,14.412835121154785,12.921785603607711,2.573872230857924,10.634354638760305,10.74064937313161,,16.1188875,-4.744441666666666,2,2022,BASE+ALL
2023-09-04,13.41954142962635,14.664924621582031,14.648049149978066,11.111989639497803,13.461126210171063,13.499536497893846,,13.9281625,-4.744441666666666,2,2022,BASE+ALL
2023-09-05,12.434785354772272,14.907946586608887,14.342886438745065,7.734795537528676,12.355103479413726,12.429282597487267,,7.344433333333334,-4.744441666666666,2,2022,BASE+ALL
2023-09-06,13.504317558969737,15.856139183044434,17.765601959791145,-0.044971930581783,11.770271692805885,11.93591658358514,,26.84830833333333,-4.744441666666666,2,2022,BASE+ALL
2023-09-07,12.95050238335284,20.228633880615234,20.234713888329036,2.6107795099767066,14.006157415568456,14.20331042953945,,33.710745833333334,-4.744441666666666,2,2022,BASE+ALL
2023-09-08,12.758988664831508,20.808778762817383,20.450008191702644,-1.7616340885173585,13.064035382708543,13.307326607582201,,21.26642083333333,-4.744441666666666,2,2022,BASE+ALL
2023-09-09,13.518240346415979,23.82822608947754,23.80995474024574,-1.543347376699995,14.903268449859816,15.186073237822354,,41.410579166666665,-4.744441666666666,2,2022,BASE+ALL
2023-09-10,12.649393697252325,20.358827590942383,20.787592434768445,3.1929380200750503,14.247187935759548,14.445234213036736,,15.882529166666666,-4.744441666666666,2,2022,BASE+ALL
2023-09-11,10.4053105661069,16.9699764251709,17.21076812186062,1.7102273062317184,11.574070604842532,11.747683350439006,,6.04765,-4.744441666666666,2,2022,BASE+ALL
2023-09-12,10.197224024082944,14.9163818359375,16.141534035601268,1.4901882998299911,10.686332048862925,10.839172337955013,,5.125945833333334,-4.744441666666666,2,2022,BASE+ALL
2023-09-13,11.962569157780608,13.02046012878418,15.965376671035983,0.4882523997787618,10.359164589344882,10.493783546525867,,14.645516666666667,-4.744441666666666,2,2022,BASE+ALL
2023-09-14,11.73519899217252,11.636442184448242,15.290102368692445,0.3643720847887866,9.756528907525498,9.877686043749524,,11.704120833333333,-4.744441666666666,2,2022,BASE+ALL
2023-09-15,11.704962070215755,12.845688819885254,13.812780963253813,2.013179288626364,10.094152785495297,10.202447419889102,,7.830116666666666,-4.744441666666666,2,2022,BASE+ALL
2023-09-16,12.584922179963643,12.65994930267334,13.854890500996637,5.163327718805482,11.065772425609776,11.139835047484892,,11.1134125,-4.744441666666666,2,2022,BASE+ALL
2023-09-17,12.35718880120535,12.830231666564941,14.730351780333244,14.79461911987126,13.678097841993697,13.674525311345018,,12.023316666666666,-4.744441666666666,2,2022,BASE+ALL
2023-09-18,12.202836767199187,10.943009376525879,11.494462637979222,7.432559412824364,10.518217048632163,10.545618431494448,,-3.1280125,-4.744441666666666,2,2022,BASE+ALL
2023-09-19,17.182613744590657,12.253551483154297,14.115037415205764,18.60594190206969,15.539286136255104,15.466344214256502,,2.092470833333333,-4.744441666666666,2,2022,BASE+ALL
2023-09-20,19.342298877802936,12.380160331726074,15.490822909324045,20.773301424340207,16.996645885798316,16.901609191209076,,21.1599875,-4.744441666666666,2,2022,BASE+ALL
2023-09-21,15.034215948438574,10.836981773376465,13.539284439897347,2.970580314777798,10.595265619122545,10.657663004679303,,4.263491666666666,-4.744441666666666,2,2022,BASE+ALL
2023-09-22,12.410367288162613,10.398828506469727,10.832205311968185,1.290335589263623,8.732934173966036,8.80515755765002,,-0.1002416666666668,-4.744441666666666,2,2022,BASE+ALL
2023-09-23,11.759354757901637,10.329174041748047,11.384832255928416,3.959809456757202,9.358292628083824,9.413114082983476,,1.8254625,-4.744441666666666,2,2022,BASE+ALL
2023-09-24,17.442219022444373,12.36273193359375,14.913812387667265,18.781500457555943,15.875065950315333,15.804770750357566,,6.363104166666667,-4.744441666666666,2,2022,BASE+ALL
2023-09-25,14.298015400627971,10.052938461303711,10.92992288580006,5.430522576178387,10.177849830977532,10.200379233344014,,-0.6928833333333334,-4.744441666666666,2,2022,BASE+ALL
2023-09-26,13.082196985488924,10.283044815063477,11.048944356002956,2.5183773685661985,9.23314088128039,9.290996243696906,,2.1708166666666666,-4.744441666666666,2,2022,BASE+ALL
2023-09-27,15.648031390030479,11.255350112915039,11.956229678930567,13.196944160720562,13.014138835649161,12.976505689510013,,3.4400374999999994,-4.744441666666666,2,2022,BASE+ALL
2023-09-28,12.924330520689182,10.181943893432617,10.438760625981805,4.211924585454934,9.439239906389634,9.47846411217504,,1.2043625,-4.744441666666666,2,2022,BASE+ALL
2023-09-29,11.223640208220656,10.200563430786133,10.80870036219646,4.081709315102163,9.078653329076353,9.130878113845709,,20.185875,-4.744441666666666,2,2022,BASE+ALL
2023-09-30,11.586812455444722,10.112360000610352,10.404568128192546,6.23413721902266,9.584469450817569,9.612406058709897,,0.0819541666666666,-4.744441666666666,2,2022,BASE+ALL
2023-10-01,10.624216526249993,10.511445999145508,10.438760625981805,3.0896357635891607,8.666014728741617,8.730870901569531,,3.7603041666666654,-4.744441666666666,2,2022,BASE+ALL
2023-10-02,9.771476421517175,12.030909538269043,11.564342862367035,3.685848291230552,9.26314427834595,9.34712011900691,,-1.8561375,-4.744441666666666,2,2022,BASE+ALL
2023-10-03,9.274192510374045,9.9456148147583,9.853799897245217,0.573287706738959,7.41172373227913,7.498169591106399,,-15.209525,-4.744441666666666,2,2022,BASE+ALL
2023-10-04,9.336501888712895,9.833099365234375,9.090193289650587,0.1201403557380298,7.0949837248339716,7.179629751455282,,-19.392675,-4.744441666666666,2,2022,BASE+ALL
2023-10-05,9.439273641078483,10.122522354125977,9.337563205418943,2.395242104817452,7.823650326360213,7.891454686187208,,-14.638120833333334,-4.744441666666666,2,2022,BASE+ALL
2023-10-06,9.41086467487584,10.122522354125977,9.288800615085105,2.012841267603086,7.708757227922502,7.77982823243373,,-12.961270833333332,-4.744441666666666,2,2022,BASE+ALL
2023-10-07,10.865806121271516,10.76065731048584,9.51297583754627,-0.5857625477985136,7.638419180376279,7.731228064238839,,-1.3115541666666666,-4.744441666666666,2,2022,BASE+ALL
2023-10-08,11.96016243818289,14.386279106140137,13.894247453965413,-1.3917526272082026,9.712234092770059,9.863005048563643,,6.982758333333333,-4.744441666666666,2,2022,BASE+ALL
2023-10-09,11.6512878678771,12.991049766540527,13.988799597873086,-2.4037419673821767,9.056848816227134,9.206955432610572,,22.905525,-4.744441666666666,2,2022,BASE+ALL
2023-10-10,9.747200221466558,10.776215553283691,11.190977319659194,0.5014316558168992,8.053956187556585,8.153408641305777,,8.389370833333333,-4.744441666666666,2,2022,BASE+ALL
2023-10-11,8.716567069189475,10.451576232910156,10.758213910858592,1.0945941252302975,7.75523783454713,7.849842664985169,,5.132175,-4.744441666666666,2,2022,BASE+ALL
2023-10-12,9.181888960194193,9.450337409973145,8.914144745771177,9.25447658825802,9.200211926049134,9.200281113502394,,17.935208333333332,-4.744441666666666,2,2022,BASE+ALL
2023-10-13,19.577411624037197,16.23841094970703,22.614774167271385,31.57674613739213,22.501835719601935,22.38465513048741,,71.75894583333333,-4.744441666666666,2,2022,BASE+ALL
2023-10-14,12.623069392784048,12.842443466186523,14.791929432474781,0.8009711553440506,10.26460336169735,10.384296779675946,,1.3142958333333334,-4.744441666666666,2,2022,BASE+ALL
2023-10-15,11.475492181493529,12.884913444519043,13.400239618829534,2.8087865023405,10.142357936795653,10.242764998086567,,5.972512500000001,-4.744441666666666,2,2022,BASE+ALL
2023-10-16,11.740348441774657,13.667865753173828,14.170013814456789,17.82981045036025,14.35200961494138,14.328779060759885,,-1.697775,-4.744441666666666,2,2022,BASE+ALL
2023-10-17,19.617623165178323,20.15108299255371,26.686430349316193,33.41753087011126,24.96816684428987,24.891954091079644,,7.8093,-4.744441666666666,2,2022,BASE+ALL
2023-10-18,18.700170728274085,17.536880493164062,18.306805505049518,24.00467875181208,19.63713386957494,19.57774559489996,,34.694250000000004,-4.744441666666666,2,2022,BASE+ALL
2023-10-19,16.68569039078358,15.835585594177246,16.128999460563655,1.3651198824339832,12.503848831989615,12.629352750531295,,3.5565625,-4.744441666666666,2,2022,BASE+ALL
2023-10-20,15.425783319013444,14.415305137634277,15.39515314986719,0.3192500020820037,11.388872902149227,11.514213558785446,,2.070691666666667,-4.744441666666666,2,2022,BASE+ALL
2023-10-21,11.28124931942435,11.509679794311523,13.218388479223835,2.3565320726222843,9.5914624163955,9.68413092907799,,2.096154166666667,-4.744441666666666,2,2022,BASE+ALL
2023-10-22,10.89697716965579,11.567258834838867,11.900384215097356,1.8349517637424893,9.049892995833625,9.14204150253347,,2.754775,-4.744441666666666,2,2022,BASE+ALL
2023-10-23,10.772665132977236,12.887904167175293,13.157373304117849,5.203699986984532,10.505410647813727,10.587062761627685,,2.439995833333333,-4.744441666666666,2,2022,BASE+ALL
2023-10-24,10.917196140775417,12.65994930267334,12.08207687099747,3.521868208356508,9.795272630700683,9.88274804648438,,13.837975,-4.744441666666666,2,2022,BASE+ALL
2023-10-25,11.016029583586597,13.001904487609863,12.092451247202888,2.8135806080739907,9.730991481618336,9.827192202905042,,6.9756375,-4.744441666666666,2,2022,BASE+ALL
2023-10-26,9.931387750293442,10.447701454162598,10.374531999797657,3.063752649289435,8.454343463385783,8.522373822426351,,5.236108333333333,-4.744441666666666,2,2022,BASE+ALL
2023-10-27,10.101705356679691,10.540931701660156,10.423294590131496,3.602777627752397,8.667177319055934,8.730555047666835,,4.223270833333333,-4.744441666666666,2,2022,BASE+ALL
2023-10-28,10.128995209607771,10.259590148925781,10.323377094713445,6.7584301005413145,9.367598138447079,9.39979954150398,,3.2185,-4.744441666666666,2,2022,BASE+ALL
2023-10-29,10.83871401419078,10.330623626708984,10.323377094713445,8.950201248162077,10.11072899594382,10.120108580963919,,4.574579166666667,-4.744441666666666,2,2022,BASE+ALL
2023-10-30,10.272721689148069,10.329174041748047,10.323377094713445,4.846017973272282,8.94282269972046,8.991801489913936,,5.1594291666666665,-4.744441666666666,2,2022,BASE+ALL
2023-10-31,9.827945707955921,9.983755111694336,10.323377094713445,4.412912854828832,8.636997692298133,8.689351987744859,,4.9236375,-4.744441666666666,2,2022,BASE+ALL
2023-11-01,16.05026921408623,12.15608024597168,19.198491367585653,25.13950873546448,18.136087390777014,18.0406580701321,,39.678337500000005,-4.744441666666666,2,2022,BASE+ALL
2023-11-02,23.50113632409362,17.024328231811523,21.268651650496853,22.396110644093472,21.047556712623866,20.988765520890283,,37.002633333333335,-4.744441666666666,2,2022,BASE+ALL
2023-11-03,14.603268721993695,13.160139083862305,15.422451725676236,10.193939475290048,13.34494975170557,13.376607011402898,,9.866225,-4.744441666666666,2,2022,BASE+ALL
2023-11-04,12.392137961657266,11.141129493713379,13.617678271812204,10.106400327367936,11.814336513637697,11.831179077992124,,8.290941666666667,-4.744441666666666,2,2022,BASE+ALL
2023-11-05,12.019170205998762,10.906335830688477,10.891058938464397,7.998929955089114,10.453873732560186,10.473390137803873,,21.40985,-4.744441666666666,2,2022,BASE+ALL
2023-11-06,11.729426862430985,10.357748985290527,10.590332115526564,13.857347261347847,11.63371380614898,11.596346983849243,,16.848604166666664,-4.744441666666666,2,2022,BASE+ALL
2023-11-07,10.275822143079404,9.984821319580078,9.783232868391336,2.155586248210809,8.049865644815407,8.116582942996285,,4.097579166666667,-4.744441666666666,2,2022,BASE+ALL
2023-11-08,11.480606810489258,10.671391487121582,9.641778788277492,13.94442255421792,11.434549910026563,11.394875438172322,,19.000229166666667,-4.744441666666666,2,2022,BASE+ALL
2023-11-09,13.821325893558798,11.075006484985352,8.954425042886601,10.802278374477488,11.163258948977061,11.137808291890728,,5.867141666666666,-4.744441666666666,2,2022,BASE+ALL
2023-11-10,11.393617346635217,9.876431465148926,8.624254098496193,3.716569798819609,8.402718177274986,8.441550948723602,,6.580970833333333,-4.744441666666666,2,2022,BASE+ALL
2023-11-11,11.007847026456584,10.78518009185791,9.477553154292309,4.615193054764813,8.971443331842904,9.017267882020326,,6.8157958333333335,-4.744441666666666,2,2022,BASE+ALL
2023-11-12,10.736413861893542,10.32624340057373,9.002710195421223,6.626338573177563,9.172926507766515,9.195672219420738,,4.978766666666666,-4.744441666666666,2,2022,BASE+ALL
2023-11-13,26.19954558429157,19.23027801513672,18.160026625899057,23.56937379380391,21.789806004782815,21.706020579841777,,58.19325,-4.744441666666666,2,2022,BASE+ALL
2023-11-14,17.47665468450563,15.392584800720215,14.27983811348558,8.05279060967014,13.800467052095392,13.847437479649162,,5.265241666666667,-4.744441666666666,2,2022,BASE+ALL
2023-11-15,13.741066886057633,12.242232322692871,11.780535127744399,0.1820422132429828,9.48646913743447,9.582479927425585,,5.445262499999999,-4.744441666666666,2,2022,BASE+ALL
2023-11-16,13.477512616179757,12.079293251037598,12.367057336526212,11.421634598913498,12.336374450664266,12.336107604976515,,5.336454166666666,-4.744441666666666,2,2022,BASE+ALL
2023-11-17,10.370415318900532,10.852437019348145,10.423294590131496,3.519021378864529,8.791292076811176,8.856577887192408,,4.505925,-4.744441666666666,2,2022,BASE+ALL
2023-11-18,15.79627704819538,11.279692649841309,10.489826760602163,12.235892832858829,12.45042232287442,12.412036706888419,,11.035566666666666,-4.744441666666666,2,2022,BASE+ALL
2023-11-19,29.056392628477145,24.818246841430664,24.309005238570357,24.320025904897253,25.625917653343855,25.603663101679324,,15.145975,-4.744441666666666,2,2022,BASE+ALL
2023-11-20,24.239046207394228,18.23451805114746,18.920164017968432,19.06192160655711,20.113912470766806,20.07708294359044,,45.185475,-4.744441666666666,2,2022,BASE+ALL
2023-11-21,16.590617024976304,15.459636688232422,16.048648635288767,6.412399774175505,13.627825530668249,13.705342612079473,,12.5467625,-4.744441666666666,2,2022,BASE+ALL
2023-11-22,14.551233976860718,12.914186477661133,14.94185979819779,1.1385618129398831,10.886460516414882,10.993887294319725,,5.125804166666667,-4.744441666666666,2,2022,BASE+ALL
2023-11-23,13.604266895382455,11.345817565917969,11.520769467226573,9.63609431823954,11.526737061691634,11.530342893988445,,7.6304375,-4.744441666666666,2,2022,BASE+ALL
2023-11-24,10.994090769270581,11.342630386352539,11.608691610167922,0.1643726417442859,8.527446351883832,8.63024354572635,,5.376141666666666,-4.744441666666666,2,2022,BASE+ALL
2023-11-25,11.776160279076588,12.60166072845459,13.000495859434125,3.4657024360194044,10.211004825746178,10.29911224509267,,5.680533333333333,-4.744441666666666,2,2022,BASE+ALL
2023-11-26,10.773283474092162,10.904515266418457,10.598136222787348,4.617546828959886,9.223370448064463,9.278128993407378,,3.5847916666666664,-4.744441666666666,2,2022,BASE+ALL
2023-11-27,11.698955684577667,10.952102661132812,10.53115171194194,10.552757946297763,10.933742000987547,10.930629363764519,,6.3347541666666665,-4.744441666666666,2,2022,BASE+ALL
2023-11-28,10.964066654120943,10.677592277526855,10.242210792219385,-0.333898096556608,7.887492906827643,7.981116180101852,,3.2418,-4.744441666666666,2,2022,BASE+ALL
2023-11-29,10.4487162955948,12.32877254486084,11.599952181077755,-2.1734546818085083,8.050996584931221,8.185987339437704,,4.5779375,-4.744441666666666,2,2022,BASE+ALL
2023-11-30,12.034698335299142,13.119324684143066,12.147517683202159,21.321634408473205,14.655793777779394,14.583259122234034,,4.05695,-4.744441666666666,2,2022,BASE+ALL
2023-12-01,11.013880755661916,12.163374900817871,11.707564404870975,-3.893526678814129,7.747823345634159,7.894155472577687,,6.676995833333333,-4.744441666666666,2,2022,BASE+ALL
2023-12-02,10.625463193634287,10.66940975189209,10.503665621544213,-0.6753745504284123,7.7807910041605455,7.880813592808991,,7.821879166666666,-4.744441666666666,2,2022,BASE+ALL
2023-12-03,11.430397087098285,10.633994102478027,10.360162842446357,1.222630999462543,8.411796257871304,8.489315364176809,,8.353654166666667,-4.744441666666666,2,2022,BASE+ALL
2023-12-04,25.09048961419567,23.0582218170166,30.55592102883515,42.74852925585447,30.363290428975475,30.22138478315892,,90.50910833333334,-4.744441666666666,2,2022,BASE+ALL
2023-12-05,17.894739226514393,16.256582260131836,19.236566588319583,19.079712114408952,18.11690004734369,18.1002934171605,,29.7842625,-4.744441666666666,2,2022,BASE+ALL
2023-12-06,14.136626996133636,15.26620101928711,17.451444872696904,11.497272847329333,14.587886433861746,14.640585458949325,,18.651516666666662,-4.744441666666666,2,2022,BASE+ALL
2023-12-07,25.65528352644067,25.62220573425293,33.744779491917384,37.03087613663158,30.51328622231064,30.459791462743826,,28.803625,-4.744441666666666,2,2022,BASE+ALL
2023-12-08,13.994751575728444,15.774741172790527,19.76502685975154,11.709990139737428,15.311127437001986,15.380756193972456,,4.856679166666667,-4.744441666666666,2,2022,BASE+ALL
2023-12-09,34.636893858907015,28.47284698486328,33.187019856501905,29.96215600804237,31.564729177078643,31.544943646639638,,38.9513375,-4.744441666666666,2,2022,BASE+ALL
2023-12-10,25.204136034725565,24.237531661987305,26.37934286450167,13.53331467860868,22.338581309955803,22.440911532754974,,10.216491666666666,-4.744441666666666,2,2022,BASE+ALL
2023-12-11,14.96227779840342,16.74051856994629,17.249597722771977,4.635869983044643,13.397066018541583,13.517511928330967,,5.478229166666666,-4.744441666666666,2,2022,BASE+ALL
2023-12-12,13.423918848418053,14.41032600402832,15.425557494821486,8.742533996887886,13.000584086038938,13.062431818010548,,6.259516666666666,-4.744441666666666,2,2022,BASE+ALL
2023-12-13,10.620910187089848,11.71141242980957,13.708139062814912,-1.1688537121032463,8.71790199190277,8.850189348538922,,6.4345791666666665,-4.744441666666666,2,2022,BASE+ALL
2023-12-14,10.482702605104928,11.094701766967773,10.982494700555412,0.1182623833127087,8.169540363985206,8.26978048336473,,6.203875,-4.744441666666666,2,2022,BASE+ALL
2023-12-15,10.896007290163494,10.805127143859863,11.039239042957723,3.569659933623512,9.077508352651149,9.14264534711726,,-0.7077958333333333,-4.744441666666666,2,2022,BASE+ALL
2023-12-16,10.712333041368487,10.898110389709473,10.490523998994124,4.126021406740822,9.056747209203227,9.11552064342638,,-2.0837791666666665,-4.744441666666666,2,2022,BASE+ALL
2022-12-17,4.248139796399334,5.034590244293213,4.694209052446477,5.993284369716079,4.992555865713776,4.986421476040123,,3.6547,-3.760783333333333,4,2022,BASE+ALL
2022-12-18,10.097332770288032,17.202526092529297,12.215365519108847,-9.58773608996039,7.481872072991446,7.730006435449782,,4.113058333333334,-3.760783333333333,4,2022,BASE+ALL
2022-12-19,23.50592832221225,23.01293182373047,17.908885103073352,-19.786292533903875,11.160363178778049,11.507553313073096,,3.3117666666666667,-3.760783333333333,4,2022,BASE+ALL
2022-12-20,16.310482485923895,19.757604598999023,17.59466859372228,3.576025487942532,14.309695291646932,14.45987532481346,,-1.9374,-3.760783333333333,4,2022,BASE+ALL
2022-12-21,13.118943273973844,15.721272468566895,15.444719320441825,6.566290449031705,12.712806378003567,12.80701361752759,,-3.9638166666666654,-3.760783333333333,4,2022,BASE+ALL
2022-12-22,10.253321257604174,13.501063346862793,14.314512251216948,4.6267516273819655,10.67391212076647,10.775674367276087,,-4.116641666666667,-3.760783333333333,4,2022,BASE+ALL
2022-12-23,13.965334558276009,15.542154312133789,15.463614133484215,-2.3147249949988407,10.664094502223794,10.831029498882163,,-2.03745,-3.760783333333333,4,2022,BASE+ALL
2022-12-24,9.555591210668094,12.47547721862793,13.0764355358444,3.1052012302560907,9.553176298849129,9.65625628629683,,-3.2348041666666667,-3.760783333333333,4,2022,BASE+ALL
2022-12-25,12.034133494597434,13.101858139038086,13.315110210133964,4.92392277407513,10.843756154461154,10.923610796773886,,-2.3600166666666667,-3.760783333333333,4,2022,BASE+ALL
2022-12-26,10.065181495044465,10.85147762298584,11.491132827798259,4.799776423319916,9.301892092287119,9.363811761551899,,2.1397708333333334,-3.760783333333333,4,2022,BASE+ALL
2022-12-27,14.45818553345582,15.309063911437988,14.83852765781048,-3.7379027465326775,10.216968589042903,10.388101749743997,,4.2041625,-3.760783333333333,4,2022,BASE+ALL
2022-12-28,20.483563067992183,18.035974502563477,19.598489526953784,-12.88396679187325,11.308515076409048,11.578692712523267,,2.4065333333333334,-3.760783333333333,4,2022,BASE+ALL
2022-12-29,18.820343932516572,16.576751708984375,17.609451840791223,-6.254796872587583,11.687937652426147,11.88428693864146,,4.622745833333333,-3.760783333333333,4,2022,BASE+ALL
2022-12-30,22.207553132735992,19.110998153686523,21.656107200517365,-7.593501108964567,13.84528934449383,14.080212177477822,,2.2995666666666668,-3.760783333333333,4,2022,BASE+ALL
2022-12-31,25.272974222505162,24.200862884521484,21.296092074338194,-5.553923310739084,16.30400146765644,16.545105642000244,,3.2525791666666666,-3.760783333333333,4,2022,BASE+ALL
2023-01-01,21.162594378429716,21.485183715820312,20.991774508637135,-3.2923717678589792,15.086795208757046,15.305738092315067,,2.0863083333333337,-3.760783333333333,4,2022,BASE+ALL
2023-01-02,14.894848412382158,16.387584686279297,16.513120981961585,14.770401072558164,15.641488788295302,15.66493025012571,,0.1937624999999999,-3.760783333333333,4,2022,BASE+ALL
2023-01-03,25.45847258233544,22.91667366027832,23.16357866679596,-6.563642249714439,16.243770664923822,16.492859497933132,,3.752825,-3.760783333333333,4,2022,BASE+ALL
2023-01-04,25.354548806180258,21.176225662231445,25.539421292697185,-14.335877183391316,14.433579644429393,14.751431456683779,,2.564554166666667,-3.760783333333333,4,2022,BASE+ALL
2023-01-05,18.382383869497165,16.572052001953125,18.068558244170777,-1.753166738732867,12.817456844222049,12.978945204201164,,-2.003366666666667,-3.760783333333333,4,2022,BASE+ALL
2023-01-06,18.51291837208847,14.282576560974121,17.235754794525256,-4.010155895022184,11.505273458141417,11.661568730939297,,0.8017291666666666,-3.760783333333333,4,2022,BASE+ALL
2023-01-07,27.204108366449272,21.464378356933594,28.70525837843334,-13.472972260273751,15.975193210385616,16.29623091919383,,1.5997291666666669,-3.760783333333333,4,2022,BASE+ALL
2023-01-08,21.784277802636367,20.56293487548828,24.24346889954861,-7.667339018376268,14.730835639824246,14.9964938182104,,2.4190625,-3.760783333333333,4,2022,BASE+ALL
2023-01-09,18.940948595534593,17.92286491394043,19.599251354056154,-6.058461030004045,12.601150958381782,12.81836099473205,,2.2241916666666666,-3.760783333333333,4,2022,BASE+ALL
2023-01-10,22.1882889725041,18.332324981689453,20.204669074176373,-11.586034786290238,12.284812060519922,12.5400602833777,,0.2546291666666667,-3.760783333333333,4,2022,BASE+ALL
2023-01-11,28.63042013553937,25.842926025390625,29.0981761244929,-15.65732161019048,16.978550168808102,17.35080293586519,,1.122575,-3.760783333333333,4,2022,BASE+ALL
2023-01-12,36.00940796007985,29.745180130004883,32.779410300049754,-19.951072192570088,19.6457315493911,20.070052484242122,,2.0371,-3.760783333333333,4,2022,BASE+ALL
2023-01-13,18.29761042038205,20.409610748291016,20.859037411926426,-6.490215780437262,13.269010700040559,13.522369000438465,,-0.8786208333333335,-3.760783333333333,4,2022,BASE+ALL
2023-01-14,29.038393401295874,26.317594528198242,29.402493690193957,-13.260801051887006,17.874420141950267,18.22896978287717,,1.1017791666666663,-3.760783333333333,4,2022,BASE+ALL
2023-01-15,23.740950106947587,22.76593780517578,24.45062514431427,-0.4123804189027016,17.636283159383733,17.846651023169944,,2.4454541666666665,-3.760783333333333,4,2022,BASE+ALL
2023-01-16,15.925020322362196,16.13092041015625,17.09967615750088,2.3646827320955595,12.880074905528721,13.009213998176545,,3.4429625,-3.760783333333333,4,2022,BASE+ALL
2023-01-17,14.977062280251184,14.448221206665039,16.025425081866224,16.013779278158943,15.366121961735347,15.358587425167707,,5.436370833333334,-3.760783333333333,4,2022,BASE+ALL
2023-01-18,12.859687455533308,11.39865779876709,15.132791041601543,2.1062691383880665,10.374351358572502,10.47079394314374,,5.0583833333333335,-3.760783333333333,4,2022,BASE+ALL
2023-01-19,11.303916814248161,11.244956016540527,11.860909774107778,16.416979539764327,12.706690536165198,12.66406777878233,,2.7142083333333336,-3.760783333333333,4,2022,BASE+ALL
2023-01-20,10.881727909528461,10.803762435913086,11.688546871278614,18.782288004904657,13.039081305406205,12.973016023008775,,0.5508541666666666,-3.760783333333333,4,2022,BASE+ALL
2023-01-21,10.627089722527844,10.575807571411133,11.253926060613864,16.034150024683584,12.122743344809106,12.077988043918857,,2.842608333333333,-3.760783333333333,4,2022,BASE+ALL
2023-01-22,10.028303661476867,10.575807571411133,10.414511625377413,13.006001093228168,11.006155987873395,10.986676852568248,,0.7814333333333333,-3.760783333333333,4,2022,BASE+ALL
2023-01-23,10.50904131895224,10.413578033447266,10.293920607910126,19.67789698374324,12.723609236013218,12.640089190707156,,0.3188625,-3.760783333333333,4,2022,BASE+ALL
2023-01-24,11.09191783572761,11.199136734008789,10.293920607910126,19.8176502170937,13.100656348685057,13.01936025563504,,3.498745833333333,-3.760783333333333,4,2022,BASE+ALL
2023-01-25,10.20963448956459,9.731036186218262,10.08431547799354,11.20913062642006,10.308529195049113,10.294817168308931,,1.7492208333333332,-3.760783333333333,4,2022,BASE+ALL
2023-01-26,10.193713114793558,10.096267700195312,9.35315117111484,17.50530641870314,11.787109601201713,11.716370463411334,,1.2604749999999998,-3.760783333333333,4,2022,BASE+ALL
2023-01-27,10.479130777644624,10.096267700195312,9.04576554689767,18.06411470368883,11.92131968210661,11.842206554956114,,0.1730958333333333,-3.760783333333333,4,2022,BASE+ALL
2023-01-28,10.658949634716725,10.096267700195312,9.064374809161102,19.10311988870637,12.230678008194879,12.141442872480848,,0.1994416666666666,-3.760783333333333,4,2022,BASE+ALL
2023-01-29,9.8489201506112,9.661452293395996,8.726151636930123,4.277942736279845,8.12861670430429,8.169853759382738,,6.709654166666667,-3.760783333333333,4,2022,BASE+ALL
2023-01-30,9.731186220543016,9.661452293395996,8.043268650817058,5.717821093457152,8.288432064553305,8.313501920658554,,3.8186875,-3.760783333333333,4,2022,BASE+ALL
2023-01-31,10.446966967795799,9.661452293395996,8.252744072203598,-3.524397220169682,6.209191528306428,6.313585446196557,,4.115625,-3.760783333333333,4,2022,BASE+ALL
2023-02-01,10.461246805201235,9.661452293395996,8.174956288511304,-4.788551307542738,5.877276019891449,5.992357751855649,,4.228908333333334,-3.760783333333333,4,2022,BASE+ALL
2023-02-02,10.932248243311921,9.661452293395996,8.174956288511304,-6.3206635072969455,5.611998329480569,5.738056825660877,,2.5709,-3.760783333333333,4,2022,BASE+ALL
2023-02-03,10.118801788739308,9.727763175964355,8.043268650817058,0.8272416728350933,7.179268822088954,7.246176114960194,,0.3967666666666667,-3.760783333333333,4,2022,BASE+ALL
2023-02-04,9.814818728192892,9.731036186218262,8.043268650817058,11.940574290763282,9.882424463997873,9.852356137470483,,0.0434541666666666,-3.760783333333333,4,2022,BASE+ALL
2023-02-05,10.053507190015154,10.096267700195312,8.118979793006723,17.171424840440626,11.360044880914455,11.285758629921844,,-1.8575541666666664,-3.760783333333333,4,2022,BASE+ALL
2023-02-06,9.958344583222026,10.096267700195312,8.118979793006723,15.004713363280114,10.794576359926044,10.740064877652523,,0.8499708333333333,-3.760783333333333,4,2022,BASE+ALL
2023-02-07,10.099894013559792,10.096267700195312,8.118979793006723,17.891626502520204,11.551692002320507,11.470750333312674,,0.789275,-3.760783333333333,4,2022,BASE+ALL
2023-02-08,9.973057822711413,10.096267700195312,8.118979793006723,15.983843296166212,11.043037153019915,10.979747512853567,,2.0251875,-3.760783333333333,4,2022,BASE+ALL
2023-02-09,9.66728376630413,9.731036186218262,8.043268650817058,12.22114652932652,9.915683783166493,9.883947551619332,,2.7290791666666667,-3.760783333333333,4,2022,BASE+ALL
2023-02-10,9.574130118639353,9.731036186218262,8.043268650817058,12.218804664214929,9.891809904972401,9.860614716584998,,1.495375,-3.760783333333333,4,2022,BASE+ALL
2023-02-11,9.922646233398632,10.096267700195312,8.118979793006723,18.262436107743817,11.60008245858612,11.516837395750049,,-1.0702625,-3.760783333333333,4,2022,BASE+ALL
2023-02-12,9.641279821073667,9.731036186218262,8.12445968429616,10.420991054265716,9.479441686463451,9.46431841501976,,4.127070833333334,-3.760783333333333,4,2022,BASE+ALL
2023-02-13,9.68324623360482,9.661452293395996,8.12445968429616,4.432164757330046,7.975330742156755,8.012566624096534,,2.1719708333333334,-3.760783333333333,4,2022,BASE+ALL
2023-02-14,9.535893283417433,9.731036186218262,8.12445968429616,9.41202315729143,9.20085307780582,9.195279357413513,,4.814675,-3.760783333333333,4,2022,BASE+ALL
2023-02-15,9.787740730381156,9.992246627807617,8.760231987404971,10.234816020319885,9.693758841478408,9.685463921536913,,5.097204166666667,-3.760783333333333,4,2022,BASE+ALL
2023-02-16,10.192611295354713,9.661452293395996,8.256147321990404,-3.981550745858325,6.032165041220697,6.142059738001669,,3.455929166666667,-3.760783333333333,4,2022,BASE+ALL
2023-02-17,10.49450341978446,9.661452293395996,8.256147321990404,-4.172360442766742,6.059935648101029,6.169838984613514,,2.5914208333333333,-3.760783333333333,4,2022,BASE+ALL
2023-02-18,15.408780915204009,13.775313377380371,9.235742519533492,-10.45932794516311,6.99012721673869,7.169406384862734,,2.823375,-3.760783333333333,4,2022,BASE+ALL
2023-02-19,11.446865008117161,9.661452293395996,8.12445968429616,4.301011053694335,8.383447009875912,8.411998258995872,,4.0826625000000005,-3.760783333333333,4,2022,BASE+ALL
2023-02-20,10.340106593795001,9.949912071228027,8.12445968429616,7.468103940710023,8.970645572507301,8.979717561089615,,3.1152083333333334,-3.760783333333333,4,2022,BASE+ALL
2023-02-21,10.512029323772135,10.096267700195312,8.277958610178118,19.352706965378992,12.059740649881139,11.96446069172853,,3.647229166666667,-3.760783333333333,4,2022,BASE+ALL
2023-02-22,9.98178169491603,9.661452293395996,8.12445968429616,4.639577418329241,8.101817772734357,8.135544291885658,,5.05175,-3.760783333333333,4,2022,BASE+ALL
2023-02-23,10.16135587203105,9.959733963012695,8.656151118683644,12.863179559766204,10.410105128373399,10.375486861315956,,8.104862500000001,-3.760783333333333,4,2022,BASE+ALL
2023-02-24,9.90088523894576,10.096267700195312,8.200170826485824,15.671323111107418,10.96716171918358,10.907530684390958,,7.400229166666667,-3.760783333333333,4,2022,BASE+ALL
2023-02-25,9.959354062135649,10.096267700195312,8.200170826485824,15.022812012629512,10.819651150361574,10.765453227647031,,9.166316666666669,-3.760783333333333,4,2022,BASE+ALL
2023-02-26,10.212795466914063,10.096267700195312,8.200170826485824,18.073657965999807,11.64572298989875,11.563014043108293,,10.718845833333331,-3.760783333333333,4,2022,BASE+ALL
2023-02-27,10.196747870096582,10.096267700195312,8.200170826485824,16.28478959037818,11.194493996788974,11.127762223744389,,11.377825,-3.760783333333333,4,2022,BASE+ALL
2023-02-28,10.38100997032037,10.096267700195312,8.200170826485824,17.389397742516472,11.516711559879495,11.439140317962064,,11.669216666666664,-3.760783333333333,4,2022,BASE+ALL
2023-03-01,9.860907384197432,10.096267700195312,8.200170826485824,14.57560925200755,10.68323879072153,10.633562433257879,,8.331920833333333,-3.760783333333333,4,2022,BASE+ALL
2023-03-02,10.227012761495713,10.096267700195312,8.200170826485824,18.970384281701,11.873458892469463,11.782706412213475,,12.056325,-3.760783333333333,4,2022,BASE+ALL
2023-03-03,10.597099562980567,10.096267700195312,8.200170826485824,19.23588192202073,12.032355002920609,11.93717768758799,,13.9570625,-3.760783333333333,4,2022,BASE+ALL
2023-03-04,11.068087622475092,10.096267700195312,8.334064814212745,20.970111600907213,12.61713293444759,12.504714435985012,,13.448070833333333,-3.760783333333333,4,2022,BASE+ALL
2023-03-05,10.871138329032512,10.096267700195312,8.200170826485824,19.21758757922651,12.09629110873504,11.999745820703678,,11.156754166666666,-3.760783333333333,4,2022,BASE+ALL
2023-03-06,10.221398354294566,9.661452293395996,8.12445968429616,1.957185088773599,7.49112385519008,7.547335406482335,,5.720925,-3.760783333333333,4,2022,BASE+ALL
2023-03-07,10.079039218506734,9.731036186218262,8.12445968429616,12.91855075302964,10.213271460512699,10.173521710578427,,8.612516666666666,-3.760783333333333,4,2022,BASE+ALL
2023-03-08,23.477334493488303,16.290863037109375,12.998868019412571,13.63556549424496,16.6006577610638,16.564645690689492,,12.658504166666669,-3.760783333333333,4,2022,BASE+ALL
2023-03-09,22.448427768430548,18.316303253173828,13.854657020666343,6.529710398188302,15.287274610114755,15.342504543203765,,5.741841666666667,-3.760783333333333,4,2022,BASE+ALL
2023-03-10,15.91061700595592,14.404570579528809,10.240723533618945,2.254969699112678,10.702720204554089,10.777600604944059,,8.942645833333334,-3.760783333333333,4,2022,BASE+ALL
2023-03-11,15.65811158824813,11.983075141906738,11.6385116567826,2.6268335439522232,10.476632982722423,10.53716783791428,,4.833608333333333,-3.760783333333333,4,2022,BASE+ALL
2023-03-12,16.876437186919024,11.526269912719727,11.274401566981412,-5.236340951099335,8.610191928880207,8.727697954138616,,4.268808333333333,-3.760783333333333,4,2022,BASE+ALL
2023-03-13,24.798535758192322,19.242475509643555,16.171146677984748,-17.055118709642645,10.789259809044495,11.062446389992719,,6.3489875,-3.760783333333333,4,2022,BASE+ALL
2023-03-14,17.631775227299695,14.344651222229004,13.395156131849038,-2.3518424947211223,10.754935021664153,10.879251695729543,,5.574637500000001,-3.760783333333333,4,2022,BASE+ALL
2023-03-15,16.316771426854146,11.47612476348877,11.326474670758484,9.71652660091822,12.208974365504906,12.196683312941007,,6.5027125,-3.760783333333333,4,2022,BASE+ALL
2023-03-16,17.115361171049123,11.272826194763184,11.451727995098583,6.8374369381843785,11.669338074773819,11.677158434305497,-3.651391428571429,1.5261333333333331,-3.760783333333333,4,2022,BASE+ALL
2023-03-17,16.490850027835595,12.295096397399902,12.309727412044708,13.405573000379302,13.625311709414877,13.59210324014251,3.110388854545455,1.6831208333333336,-3.760783333333333,4,2022,BASE+ALL
2023-03-18,15.528764824999817,10.41667366027832,10.699633356555776,10.248725016416987,11.723449214562724,11.698063465396004,25.081029668181817,16.320116666666667,-3.760783333333333,4,2022,BASE+ALL
2023-03-19,12.697661548043307,10.448589324951172,10.546111239578796,8.929937041707523,10.6555747885702,10.657078318367766,0.7009429374999999,1.7747958333333334,-3.760783333333333,4,2022,BASE+ALL
2023-03-20,12.514487519431833,10.437028884887695,11.420717581889598,16.037395546623152,12.60240738320807,12.546881222429542,1.4148773636363634,2.6741458333333337,-3.760783333333333,4,2022,BASE+ALL
2023-03-21,15.279817920714155,11.162172317504883,11.299349757468798,16.455610412830165,13.549237602129502,13.48003943850561,9.560411666666663,6.619916666666666,-3.760783333333333,4,2022,BASE+ALL
2023-03-22,31.23276451381831,25.746749877929688,25.99061600287777,23.22442781806612,26.548639553172972,26.541844421303516,6.87724195,14.445870833333332,-3.760783333333333,4,2022,BASE+ALL
2023-03-23,30.27492382693914,25.77798843383789,26.02144623706395,19.33586872902737,25.35255680671709,25.38609613041124,34.19917589285715,25.485758333333333,-3.760783333333333,4,2022,BASE+ALL
2023-03-24,32.693927324932766,27.111982345581055,27.36442878274138,17.306912294012136,26.119312686816833,26.176713096360796,8.607926345769231,12.2332875,-3.760783333333333,4,2022,BASE+ALL
2023-03-25,26.40666847679813,18.619230270385742,21.683906989267722,14.273129990673516,20.245733931781277,20.258957828165006,8.347299472222224,9.18635,-3.760783333333333,4,2022,BASE+ALL
2023-03-26,19.642520025719477,16.770414352416992,17.62180385495154,13.386191095574024,16.855232332165507,16.87428139218862,-30.52586108333333,-2.7478416666666674,-3.760783333333333,4,2022,BASE+ALL
2023-03-27,17.655703954052537,16.932157516479492,18.21960277051458,11.501116775175738,16.077145254055587,16.128949686492607,-3.2152999,1.9715,-3.760783333333333,4,2022,BASE+ALL
2023-03-28,18.91140371556794,15.827377319335938,19.39909012061393,16.857201012885973,17.74876804210095,17.743511322334488,1.3871450000000007,6.558675,-3.760783333333333,4,2022,BASE+ALL
2023-03-29,25.610951046791836,19.982755661010742,21.62921042521071,25.46311380396756,23.171507734245214,23.101135016623395,-7.1475083375,3.6214791666666666,-3.760783333333333,4,2022,BASE+ALL
2023-03-30,32.919574221670445,28.177104949951172,28.53338510723354,26.72877011814814,29.089708599250827,29.07819207358783,,7.597283333333333,-3.760783333333333,4,2022,BASE+ALL
2023-03-31,71.79991198104172,81.44364166259766,58.25770549726249,37.56021309864408,62.265368059886484,62.57191302495427,,48.925891666666665,-3.760783333333333,4,2022,BASE+ALL
2023-04-01,30.995814414684514,35.83486557006836,30.679557460367207,16.619295570229152,28.53238325383731,28.699594286185437,24.50244156666667,21.126566666666665,-3.760783333333333,4,2022,BASE+ALL
2023-04-02,24.42901025797932,24.998767852783203,22.38189563008782,18.07316124688899,22.470708746934832,22.519930513954755,9.813617272727273,14.827558333333334,-3.760783333333333,4,2022,BASE+ALL
2023-04-03,23.431343728016767,21.129793167114258,21.143873692042735,18.21551608293248,20.98013166752656,20.99324389715526,14.610201666666669,20.6483625,-3.760783333333333,4,2022,BASE+ALL
2023-04-04,22.54988531795956,20.461246490478516,20.914049647540775,16.339063965316328,20.066061355323797,20.093683858145692,47.32616357142857,43.784841666666665,-3.760783333333333,4,2022,BASE+ALL
2023-04-05,21.73851486523632,18.048810958862305,20.013675764101972,19.067740120499465,19.717185427175014,19.699144456708204,-0.1246390909090902,4.038258333333334,-3.760783333333333,4,2022,BASE+ALL
2023-04-06,21.69023098993979,16.679441452026367,18.16990100107185,15.147476502284436,17.92176248633061,17.91619457118721,5.637280277777778,5.668291666666666,-3.760783333333333,4,2022,BASE+ALL
2023-04-07,22.21860917726159,17.698352813720703,20.30805036669844,14.704121265983623,18.73228340591609,18.749057963881082,19.55143325,18.772570833333333,-3.760783333333333,4,2022,BASE+ALL
2023-04-08,23.4754932156294,16.78633689880371,19.10170293100465,15.825090238010564,18.79715582086208,18.782022021920703,60.575580875,44.54999583333333,-3.760783333333333,4,2022,BASE+ALL
2023-04-09,22.50748292852517,16.19464111328125,18.721854653417477,17.366784444443645,18.697690784916887,18.666963536887806,0.6625985769230771,5.4631625,-3.760783333333333,4,2022,BASE+ALL
2023-04-10,31.734779671278915,19.957857131958008,25.42015689583591,28.055760271071016,26.292138492535962,26.186735344515306,3.556263846153845,10.975179166666669,-3.760783333333333,4,2022,BASE+ALL
2023-04-11,32.241524511039984,24.16425323486328,27.748032645289637,24.93646104956333,27.27256786018906,27.241784181995932,7.722861692307693,12.764804166666666,-3.760783333333333,4,2022,BASE+ALL
2023-04-12,47.28536624999608,35.35002136230469,38.306596032584046,25.632284221297105,36.643566966545485,36.680693971897576,-2.223061166666666,13.679991666666666,-3.760783333333333,4,2022,BASE+ALL
2023-04-13,28.26407355606074,21.114887237548828,20.972859352498386,15.076968772371108,21.357197229619764,21.37005573132815,9.049113785714288,9.743458333333333,-3.760783333333333,4,2022,BASE+ALL
2023-04-14,25.176994522468654,18.284420013427734,18.905966193784405,22.36938766882844,21.184192099627307,21.113092566225703,-4.660211046666666,7.8626125,-3.760783333333333,4,2022,BASE+ALL
2023-04-15,21.486450464740297,16.43621063232422,17.04038029211027,12.811239972663344,16.943570340459534,16.95113175285387,68.29298773684211,55.95600833333333,-3.760783333333333,4,2022,BASE+ALL
2023-04-16,22.578754163542282,14.370954513549805,16.637063681231147,18.798748818278817,18.096380294150514,18.024612098043143,21.832099090909093,14.424379166666668,-3.760783333333333,4,2022,BASE+ALL
2023-04-17,25.398536982601353,14.251806259155273,18.197770185644696,19.11503372802651,19.24078678885696,19.15866800838482,,31.010166666666667,-3.760783333333333,4,2022,BASE+ALL
2023-04-18,23.927145666881987,14.343549728393555,19.70321449312842,25.74890481226467,20.93070367516716,20.807568503907234,,13.522658333333332,-3.760783333333333,4,2022,BASE+ALL
2023-04-19,25.641203394320964,14.18896484375,19.574667029492566,28.222598553235294,21.906858455199707,21.750098565818206,51.594025,32.02365,-3.760783333333333,4,2022,BASE+ALL
2023-04-20,24.35867919234397,13.767565727233887,20.01353936568847,25.656323062386782,20.949026836913276,20.821210785298298,71.78850668181818,46.37882916666666,-3.760783333333333,4,2022,BASE+ALL
2023-04-21,24.844449043544568,13.07896614074707,18.883861810033395,22.74788478517562,19.888790444875163,19.77152361725271,-2.4785269999999984,13.6858375,-3.760783333333333,4,2022,BASE+ALL
2023-04-22,23.9195224097508,13.247590065002441,19.598227576231885,23.18758236128624,19.98823060306784,19.877889532998164,65.75526166666667,37.5089125,-3.760783333333333,4,2022,BASE+ALL
2023-04-23,20.715049778647916,10.058027267456055,16.102914027129152,15.690251829655544,15.641560725722167,15.567754322790478,5.470662678571429,6.942529166666667,-3.760783333333333,4,2022,BASE+ALL
2023-04-24,21.079507890621446,10.101855278015137,15.460526578019262,17.324882555588626,15.99169307556112,15.897911189573417,6.643872468750001,10.151679166666666,-3.760783333333333,4,2022,BASE+ALL
2023-04-25,22.159993400678424,12.904215812683105,16.742247234389037,17.559313015581203,17.34144236583294,17.271094639495164,-11.817036932142855,3.203349999999999,-3.760783333333333,4,2022,BASE+ALL
2023-04-26,24.453108460216317,13.339343070983887,17.934365697606253,24.98714342866626,20.178490164368178,20.040136103940853,29.01466388888889,18.94055833333333,-3.760783333333333,4,2022,BASE+ALL
2023-04-27,25.9682930180747,17.955968856811523,22.90698455500696,29.722162014900285,24.138352111198365,24.018371836248356,0.1480241666666666,12.900516666666666,-3.760783333333333,4,2022,BASE+ALL
2023-04-28,20.765099076184153,13.158550262451172,16.526264883607567,19.11977998504693,17.392423551822457,17.316906081747902,-0.1527663214285712,2.759608333333333,-3.760783333333333,4,2022,BASE+ALL
2023-04-29,23.087635862070293,14.036027908325195,17.894650418989624,20.61602481232724,18.908584750428087,18.82240329664102,7.553152735294117,10.147545833333332,-3.760783333333333,4,2022,BASE+ALL
2023-04-30,22.21764941188942,11.238354682922363,16.1958323093381,18.6764455294559,17.082070483401445,16.983997831798064,43.92124592857142,29.44864583333333,-3.760783333333333,4,2022,BASE+ALL
2023-05-01,20.379800016584525,9.947263717651367,14.639962439427494,14.283162714600532,14.81254722206598,14.743514566368852,-0.8413464705882352,4.101408333333333,-3.760783333333333,4,2022,BASE+ALL
2023-05-02,22.489821730820633,12.024574279785156,13.79480144494732,13.885355727066074,15.548638295654797,15.48412996424165,14.065812181818185,15.551766666666666,-3.760783333333333,4,2022,BASE+ALL
2023-05-03,25.053541620336354,13.162918090820312,14.078938205368908,23.593150490494853,18.972137101755106,18.81851071140794,41.02209611111111,34.73021666666667,-3.760783333333333,4,2022,BASE+ALL
2023-05-04,22.86799297913132,12.229962348937988,14.196226652754136,26.081769557737505,18.843987884640235,18.67317701543029,35.883519375,21.0234875,-3.760783333333333,4,2022,BASE+ALL
2023-05-05,21.88364908159669,10.487714767456055,11.75870178764938,18.103325992826186,15.558347907382077,15.434580153687893,-21.804270133333333,-12.487970833333334,-3.760783333333333,4,2022,BASE+ALL
2023-05-06,22.82651240778584,10.981735229492188,11.70304593196866,17.979537487786523,15.872707764258303,15.748671032167726,7.84136026923077,8.413820833333334,-3.760783333333333,4,2022,BASE+ALL
2023-05-07,21.24122795927928,9.819391250610352,10.248635749614543,19.05785876823107,15.091778431933811,14.948477157208977,-5.82360480625,-3.260825,-3.760783333333333,4,2022,BASE+ALL
2023-05-08,23.512958533245943,16.411012649536133,16.46029450656031,29.12729052562853,21.377889053742727,21.225579831929757,-9.151764277777778,19.887016666666668,-3.760783333333333,4,2022,BASE+ALL
2023-05-09,23.024693765514666,18.09526252746582,17.72728786208165,24.98131681552572,20.957140242646965,20.866277789928876,-16.70888,-6.442225,-3.760783333333333,4,2022,BASE+ALL
2023-05-10,20.695269969145745,13.7642822265625,14.373410348818995,19.64972824092643,17.120672696363414,17.03329456363608,1.8630167366666668,3.3194583333333334,-3.760783333333333,4,2022,BASE+ALL
2023-05-11,20.071374979864228,11.649164199829102,12.213609078957278,16.411380278418317,15.086382134267232,15.00038747946255,0.5418414705882355,3.324591666666667,-3.760783333333333,4,2022,BASE+ALL
2023-05-12,21.938198639000703,13.397674560546875,13.842190388539587,19.60475398428669,17.195704393093465,17.095507731209786,4.525703642857144,13.273858333333337,-3.760783333333333,4,2022,BASE+ALL
2023-05-13,23.61733073897018,12.728527069091797,12.507019737299848,17.66375437777085,16.62915798078317,16.5232054006188,13.9907375,14.34395,-3.760783333333333,4,2022,BASE+ALL
2023-05-14,20.183959735789582,10.682279586791992,10.397937504685736,17.664373712583227,14.732137634962633,14.615381505598377,9.462073111111112,12.01995,-3.760783333333333,4,2022,BASE+ALL
2023-05-15,19.58264226640001,10.523611068725586,10.598749972160693,13.635165040530945,13.585042086954308,13.507258620788738,-9.63511754,-3.472583333333333,-3.760783333333333,4,2022,BASE+ALL
2023-05-16,19.381509210236274,10.333203315734863,10.437089026712238,14.149909220989343,13.57542769341818,13.49161135921359,-13.872989923076924,-1.8824958333333333,-3.760783333333333,4,2022,BASE+ALL
2023-05-17,20.388145860444435,10.631635665893555,10.49474088310794,15.070720502742816,14.146310728047187,14.05158835129785,-12.69101042857143,-7.213929166666666,-3.760783333333333,4,2022,BASE+ALL
2023-05-18,20.34245954747535,10.172798156738281,9.915918266174534,12.883007148320411,13.328545779677144,13.246161516522754,2.745508571428572,1.9821083333333336,-3.760783333333333,4,2022,BASE+ALL
2023-05-19,20.141424933090132,10.450307846069336,9.687865434039576,15.626031734589183,13.976407486947057,13.871810228418424,-6.149240611111112,-0.7503708333333335,-3.760783333333333,4,2022,BASE+ALL
2023-05-20,22.88629933043218,12.501110076904297,11.077319075061324,17.58890283585398,16.013407829562944,15.901805891846337,-32.69804812500001,-12.666404166666666,-3.760783333333333,4,2022,BASE+ALL
2023-05-21,23.961811492430847,12.501110076904297,12.191580148346858,18.531711543318416,16.796553315250105,16.67715808948515,-26.741015000000004,-8.132166666666667,-3.760783333333333,4,2022,BASE+ALL
2023-05-22,65.33029638902298,57.41591262817383,52.95658005475164,89.85721619132971,66.39000131581955,66.03131871609516,72.582419375,154.5215875,-3.760783333333333,4,2022,BASE+ALL
2023-05-23,72.29190970344953,72.7647933959961,69.19564159333204,94.57246777087776,77.20620311591387,76.99406464890177,206.75716615384616,167.1512,-3.760783333333333,4,2022,BASE+ALL
2023-05-24,67.36391718283578,72.03251647949219,71.03727902856068,87.79941931734909,74.55828300205944,74.43844187145112,,153.80823333333333,-3.760783333333333,4,2022,BASE+ALL
2023-05-25,85.00200936293852,81.23859405517578,80.58234034360916,92.37466229584244,84.79940151439148,84.67560111949761,,187.63326666666669,-3.760783333333333,4,2022,BASE+ALL
2023-05-26,86.99187110684474,79.06539154052734,85.13280228572262,92.59817823107758,85.94706079104307,85.81846947023936,,159.57127083333333,-3.760783333333333,4,2022,BASE+ALL
2023-05-27,92.03548202390766,85.08812713623047,105.90656257719546,91.49292951614036,93.63077531336849,93.65815473456668,,148.11769583333333,-3.760783333333333,4,2022,BASE+ALL
2023-05-28,32.159415915693344,57.30583572387695,61.60063332074802,20.20495441930609,42.817709844906105,43.31304057620549,,6.389720833333334,-3.760783333333333,4,2022,BASE+ALL
2023-05-29,28.396346272716684,43.21099853515625,42.739095645892185,23.45738361945181,34.45095601830423,34.70634193415661,,-3.4350666666666663,-3.760783333333333,4,2022,BASE+ALL
2023-05-30,27.457445951873193,31.864627838134766,30.189089425321743,24.88765961155468,28.599705706721096,28.676379297001468,,-3.680095833333333,-3.760783333333333,4,2022,BASE+ALL
2023-05-31,29.729976825802765,33.61946105957031,33.23787020847085,34.69835879020342,32.821416721011836,32.83130097816876,,15.540225,-3.760783333333333,4,2022,BASE+ALL
2023-06-01,30.207124291799335,33.9236946105957,33.59095921027335,29.34799662768636,31.767443685088683,31.82687144436935,,14.583170833333334,-3.760783333333333,4,2022,BASE+ALL
2023-06-02,30.473201695660595,31.594511032104492,33.52019697023157,30.20449099541933,31.448100173353996,31.478090843584766,,17.0167875,-3.760783333333333,4,2022,BASE+ALL
2023-06-03,31.608517543141364,32.962196350097656,32.99725767455825,25.06335247463065,30.657831010606976,30.735750618485078,9.495374285714288,7.778108333333335,-3.760783333333333,4,2022,BASE+ALL
2023-06-04,33.40539053566635,32.899776458740234,31.99252683830329,26.746720726989334,31.261103639924805,31.307564330954442,17.0172395,11.302725,-3.760783333333333,4,2022,BASE+ALL
2023-06-05,32.496602691470514,32.24464797973633,31.12184376036037,26.21116959617552,30.518566006935686,30.564107137480804,-7.790138888888888,0.2212875000000001,-3.760783333333333,4,2022,BASE+ALL
2023-06-06,30.717801219413445,31.684133529663086,31.325828255961984,30.44081959857456,31.04214565090327,31.056466697726712,-21.5848335,-8.490929166666666,-3.760783333333333,4,2022,BASE+ALL
2023-06-07,31.523267905375093,30.92035675048828,31.191934268235066,28.933829596249137,30.642347130086893,30.658228372554234,-60.240062727272736,-31.33996666666667,-3.760783333333333,4,2022,BASE+ALL
2023-06-08,31.4464202857251,28.170026779174805,30.661174259291077,29.594905572988534,29.968131724294878,29.951904600906047,46.97944728125,34.00427916666667,-3.760783333333333,4,2022,BASE+ALL
2023-06-09,31.738063202117594,30.758329391479492,32.62258672587649,30.98348923010798,31.525617137395386,31.529165825288384,19.863617366666663,16.6693125,-3.760783333333333,4,2022,BASE+ALL
2023-06-10,29.945660465836415,30.685131072998047,31.26282838471696,33.209188742772454,31.27570216658097,31.260829834202973,-0.4178764285714281,6.2076875,-3.760783333333333,4,2022,BASE+ALL
2023-06-11,29.62149593045794,29.21931266784668,32.799346365430615,27.6914131858931,29.83289203740708,29.86537806829012,-2.3382196785714284,6.0722,-3.760783333333333,4,2022,BASE+ALL
2023-06-12,28.743865437073136,25.82779884338379,28.8749631174642,25.908291409254733,27.338729701793966,27.33974161891723,0.8844176923076924,3.1220166666666667,-3.760783333333333,4,2022,BASE+ALL
2023-06-13,31.266636829574324,26.73714828491211,33.078045257258545,24.87676392404544,28.989648573947605,29.018357406459604,,-9.321491666666669,-3.760783333333333,4,2022,BASE+ALL
2023-06-14,33.66404135915894,29.84202003479004,35.186316885018805,25.99895570975697,31.172833497181188,31.21721113223445,-12.617044166666666,-6.91745,-3.760783333333333,4,2022,BASE+ALL
2023-06-15,33.830627991402814,30.072389602661133,31.887998895748858,21.70853943706479,29.374888981719398,29.4389146473669,,-0.7562208333333332,-3.760783333333333,4,2022,BASE+ALL
2023-06-16,34.071632728604506,29.707157135009766,31.042841136907803,20.64706843941847,28.867174859985134,28.93116140471428,11.809286666666669,5.72485,-3.760783333333333,4,2022,BASE+ALL
2023-06-17,32.80905021700472,31.742145538330078,34.297468949343525,29.40023343914626,32.06222453595614,32.09217047460201,6.6933478846153855,6.625979166666667,-3.760783333333333,4,2022,BASE+ALL
2023-06-18,30.888439111343825,28.833040237426758,28.477465221300648,29.36181922015744,29.39019094755717,29.371913814289243,18.43056375,11.569341666666666,-3.760783333333333,4,2022,BASE+ALL
2023-06-19,32.95800038423569,27.03369140625,30.2623723879249,24.540274777114497,28.698584738881273,28.706728982548896,-30.3079488,-24.636866666666663,-3.760783333333333,4,2022,BASE+ALL
2023-06-20,28.361509719403657,25.234357833862305,26.377876279218242,16.555587544129104,24.132332844153325,24.198707040416394,4.644988434615384,7.095704166666667,-3.760783333333333,4,2022,BASE+ALL
2023-06-21,24.99706203341795,19.264230728149414,19.093150977145847,17.016719003588765,20.092790685575494,20.07972361421183,-16.984844374999998,-10.761970833333336,-3.760783333333333,4,2022,BASE+ALL
2023-06-22,21.294770842186352,16.698833465576172,18.736689402804124,12.442645684745688,17.293234848828085,17.317414329862583,8.745854846153845,5.244041666666667,-3.760783333333333,4,2022,BASE+ALL
2023-06-23,19.445811644850735,16.141372680664062,19.456103804437955,14.250745148734726,17.32350831967187,17.341439091673195,-13.490517083333334,-7.178745833333334,-3.760783333333333,4,2022,BASE+ALL
2023-06-24,20.29560168526598,16.82680892944336,20.827732389846524,12.906956052736202,17.714274764323015,17.753366127025227,-1.089981,12.8513125,-3.760783333333333,4,2022,BASE+ALL
2023-06-25,18.691632857653296,15.598370552062988,17.364466751605374,16.913234020546945,17.14192604546715,17.12341282307943,7.528616333333333,2.7735125000000003,-3.760783333333333,4,2022,BASE+ALL
2023-06-26,18.38785845093513,13.773938179016113,19.937550691836964,16.967871346089293,17.266804666969374,17.24910487833566,-99.6193939375,-70.30538750000001,-3.760783333333333,4,2022,BASE+ALL
2023-06-27,19.01322249165465,11.526134490966797,16.35436118797993,20.39903019560247,16.823187091550963,16.73111068521515,-12.778241875,-14.827229166666667,-3.760783333333333,4,2022,BASE+ALL
2023-06-28,18.938398129538765,12.086160659790039,16.98453526612447,19.38462644754424,16.848430125749378,16.77429694032045,-19.84987273333333,-18.922495833333333,-3.760783333333333,4,2022,BASE+ALL
2023-06-29,18.13303153959315,11.362156867980957,16.88741297459561,13.318672601193647,14.925318495840841,14.902789019309283,40.60257733333333,25.340325000000004,-3.760783333333333,4,2022,BASE+ALL
2023-06-30,20.962034190396192,13.460312843322754,18.77759654508778,20.16265197471804,18.340648888381192,18.270659132878386,-5.480227,0.4998874999999998,-3.760783333333333,4,2022,BASE+ALL
2023-07-01,20.561822125313164,14.980957984924316,19.085669094943224,14.360926405074494,17.2473439025638,17.2459464451202,-3.184389735294117,-0.4904500000000003,-3.760783333333333,4,2022,BASE+ALL
2023-07-02,18.678116472560017,14.308777809143066,20.686070672869658,15.129309974875705,17.200568732362115,17.20657697788843,-41.993480025,-36.357675,-3.760783333333333,4,2022,BASE+ALL
2023-07-03,20.099110857677953,12.101089477539062,18.420451763322763,15.763890384877492,16.59613562085432,16.55629280859393,-89.61932964285714,-60.5542625,-3.760783333333333,4,2022,BASE+ALL
2023-07-04,21.319809794083028,17.292417526245117,21.65758323398645,19.783118982577346,20.013232384222984,19.994422872650205,-14.16074,-6.891020833333333,-3.760783333333333,4,2022,BASE+ALL
2023-07-05,59.54804083324557,56.72753143310547,85.820848285961,79.65369544219385,70.43752899862648,70.39013875499992,30.914128,32.535225000000004,-3.760783333333333,4,2022,BASE+ALL
2023-07-06,74.3637580377794,69.72178649902344,117.45219040587223,84.16927175734438,86.42675167500485,86.55465878858305,17.060105,22.9243875,-3.760783333333333,4,2022,BASE+ALL
2023-07-07,81.7932725193881,77.4882583618164,124.88485223862148,73.70590066906306,89.46807094722226,89.75779214000902,53.48669314285714,65.47785833333333,-3.760783333333333,4,2022,BASE+ALL
2023-07-08,71.98267629876294,71.83218383789062,136.7717356376049,82.4618413503974,90.76210928116399,91.05073478592215,17.500859,32.5081875,-3.760783333333333,4,2022,BASE+ALL
2023-07-09,75.04219760045798,76.80361938476562,138.86832183476326,79.12167136659272,92.4589525466449,92.81508006339925,86.81337607142858,76.544875,-3.760783333333333,4,2022,BASE+ALL
2023-07-10,78.40806791860048,79.77711486816406,149.65217459867517,86.14512187404014,98.49561981486997,98.85975565760425,-4.156733333333332,60.582995833333335,-3.760783333333333,4,2022,BASE+ALL
2023-07-11,65.97831769512526,74.0949478149414,138.77116295760803,83.83501965458181,90.66986203056412,91.01100181548829,19.45920269230769,40.8154375,-3.760783333333333,4,2022,BASE+ALL
2023-07-12,65.07314988938468,73.82672882080078,145.5846994120499,82.26899234192997,91.68839261604133,92.08647768279592,143.36713205882353,118.32007083333332,-3.760783333333333,4,2022,BASE+ALL
2023-07-13,63.87337254512524,74.78467559814453,137.75893509092117,81.07852792705864,89.3738777903124,89.75117168611263,18.12054457142857,20.7344,-3.760783333333333,4,2022,BASE+ALL
2023-07-14,79.47044429070189,83.20207977294922,171.67117302431262,85.884627221398,105.05708107734043,105.57705663708018,,118.3062875,-3.760783333333333,4,2022,BASE+ALL
2023-07-15,65.49350593432314,70.0081558227539,138.0247233823844,83.05719842425323,89.14589589092867,89.457276784323,3.140769722222222,49.13752083333333,-3.760783333333333,4,2022,BASE+ALL
2023-07-16,62.94104796267713,75.25239562988281,154.63559668960704,80.11415913460228,93.23579985419232,93.73062835249365,77.71693030916667,74.80648333333333,-3.760783333333333,4,2022,BASE+ALL
2023-07-17,66.19831649874114,74.2496566772461,166.1981095710511,77.64337021495527,96.0723632404984,96.63071460688505,33.428112692307685,33.8295625,-3.760783333333333,4,2022,BASE+ALL
2023-07-18,70.23818361423626,75.3721694946289,162.46855734927698,81.24552658187811,97.33110926000506,97.82246363673308,27.85874911764706,26.167041666666663,-3.760783333333333,4,2022,BASE+ALL
2023-07-19,70.65005817433804,75.63195037841797,160.65090874976468,77.69057310411065,96.15587260165782,96.66797739462606,21.670822865625,50.70851666666667,-3.760783333333333,4,2022,BASE+ALL
2023-07-20,75.00894168266258,76.99773406982422,167.81831861668607,79.71992710522865,99.88623036860037,100.4100205651408,27.750637945454542,28.090241666666667,-3.760783333333333,4,2022,BASE+ALL
2023-07-21,76.19584933023444,75.14793395996094,158.8759027204597,81.19971982968958,97.85485146008617,98.2901850369333,33.150992583333334,31.26504583333333,-3.760783333333333,4,2022,BASE+ALL
2023-07-22,72.81311731495846,76.87823486328125,156.45875147858322,85.74143002043415,97.97288341931427,98.38728668551943,-0.4661049000000001,51.441766666666666,-3.760783333333333,4,2022,BASE+ALL
2023-07-23,67.83882452693271,74.66919708251953,153.57413617783925,80.18681606674673,94.06724346350956,94.52280984044309,31.383138545454543,49.235283333333335,-3.760783333333333,4,2022,BASE+ALL
2023-07-24,91.38852349826377,77.88574981689453,173.56504701493407,84.24897493348587,106.77207381589457,107.20573039443164,369.1453839090909,273.9850833333333,-3.760783333333333,4,2022,BASE+ALL
2023-07-25,84.04225053489681,67.4530258178711,132.43928758351723,76.76849521384472,90.17576478753247,90.38453116823398,-5.101660714285715,15.541691666666669,-3.760783333333333,4,2022,BASE+ALL
2023-07-26,91.81102865973541,75.98151397705078,160.58780315179584,84.92156005108372,103.32547645991644,103.65779811278313,-3.5249865,42.228345833333336,-3.760783333333333,4,2022,BASE+ALL
2023-07-27,88.26075706249547,73.09219360351562,152.40513672770854,82.52662068725037,99.0711770202425,99.37150908336616,60.461955333333336,78.3196875,-3.760783333333333,4,2022,BASE+ALL
2023-07-28,87.9852100731259,74.40047454833984,150.89333774690792,82.13219776603917,98.8528050336032,99.1604346534599,-8.58306625,44.23047916666667,-3.760783333333333,4,2022,BASE+ALL
2023-07-29,80.50449778713532,72.71646881103516,139.44284295370704,80.28327531173231,93.23677121590246,93.52050714168242,56.518958125000005,58.7713125,-3.760783333333333,4,2022,BASE+ALL
2023-07-30,73.54743928745069,74.4105453491211,155.33352720269755,82.86626373761442,96.53944389422094,96.94751911461701,117.9243252,112.48997916666669,-3.760783333333333,4,2022,BASE+ALL
2023-07-31,73.86653834628635,67.28102111816406,135.55157274314493,89.85319790950992,91.6380825292763,91.80439438355697,62.23568181818182,95.64038333333332,-3.760783333333333,4,2022,BASE+ALL
2023-08-01,80.7026846830599,67.33169555664062,139.98336984818155,85.33791728202176,93.33891684247595,93.53378277135735,55.86226075,52.194320833333336,-3.760783333333333,4,2022,BASE+ALL
2023-08-02,77.01880656160512,73.4988021850586,162.44342691614324,97.27677434052568,102.55945250083315,102.85438441546808,,100.1044,-3.760783333333333,4,2022,BASE+ALL
2023-08-03,80.07063525041713,73.88648986816406,162.5941329741948,86.00457556307396,100.63895841396248,101.02116622650516,94.79725926666669,69.30251666666668,-3.760783333333333,4,2022,BASE+ALL
2023-08-04,74.5364451899359,74.01966094970703,133.67385068125063,78.28274331484262,90.12817503393404,90.44005569536719,19.51039786666666,24.49809583333333,-3.760783333333333,4,2022,BASE+ALL
2023-08-05,78.43462820567346,76.08094024658203,171.44275483867813,100.43961360793914,106.59948422471818,106.93370575774148,57.432998125,85.557925,-3.760783333333333,4,2022,BASE+ALL
2023-08-06,74.77199744305163,75.13805389404297,161.49876563128365,79.66471189849771,97.76838221671899,98.2407204288212,,67.79198749999999,-3.760783333333333,4,2022,BASE+ALL
2023-08-07,77.30273688424192,74.44171142578125,171.31877384857358,76.24414930834115,99.82684286673448,100.36751761000424,,55.906420833333335,-3.760783333333333,4,2022,BASE+ALL
2023-08-08,76.8791728859281,74.71143341064453,155.97449484666473,85.4551516580669,98.25506320032606,98.6279015370763,,87.7658875,-3.760783333333333,4,2022,BASE+ALL
2023-08-09,85.64253700832835,75.17820739746094,153.03295758208287,71.63271635421498,96.3716045855218,96.80486823842597,114.210665,101.91904166666669,-3.760783333333333,4,2022,BASE+ALL
2023-08-10,98.81924408726033,79.76178741455078,155.73648386565975,79.45129170684234,103.44220176857829,103.78763004834457,35.535203888888894,71.54849583333333,-3.760783333333333,4,2022,BASE+ALL
2023-08-11,30.037629153257534,40.15639877319336,58.56920612619086,15.328313550680203,36.02288690083049,36.40874693305983,1.0547333735294118,6.154633333333333,-3.760783333333333,4,2022,BASE+ALL
2023-08-12,25.46995409848428,28.977731704711914,63.150047819320385,22.288603165917635,34.971584197108555,35.25258273726866,-2.751143802631579,-2.131720833333333,-3.760783333333333,4,2022,BASE+ALL
2023-08-13,17.704782548431787,24.515132904052734,37.908816668089145,18.4437970455188,24.643132291523116,24.81426125918488,-22.41089684375,-14.419870833333334,-3.760783333333333,4,2022,BASE+ALL
2023-08-14,15.999754858165659,19.465688705444336,24.70805316249414,19.9092417866534,20.020684628189382,20.067090559031175,-7.983974409090909,-1.2382499999999994,-3.760783333333333,4,2022,BASE+ALL
2023-08-15,12.66667864933525,17.18148422241211,19.987518399355412,8.17042025673302,14.501525381958949,14.623357062985802,-4.76789461904762,-3.5227416666666667,-3.760783333333333,4,2022,BASE+ALL
2023-08-16,10.941034235426265,17.608068466186523,21.232793985698613,-0.1772990664040712,12.401149405226834,12.617767894730274,10.821910625,13.789858333333331,-3.760783333333333,4,2022,BASE+ALL
2023-08-17,10.581573550072113,17.734079360961914,21.353372610735395,14.539238664936466,16.052066046676472,16.141780231983745,22.50807,14.237620833333333,-3.760783333333333,4,2022,BASE+ALL
2023-08-18,11.30930677496871,17.13349151611328,19.99745564434062,28.17239314360121,19.153161769755954,19.10457791056907,2.869118750000001,13.708825,-3.760783333333333,4,2022,BASE+ALL
2023-08-19,10.885251705751024,7.900043964385986,7.125378582557366,18.05425171967408,10.991231493092116,10.879797511509578,66.48118106666666,45.4765,-3.760783333333333,4,2022,BASE+ALL
2023-08-20,9.741032005077896,11.295734405517578,9.924225237851733,8.239519769423028,9.80012785446756,9.82784655442966,-17.11545014166667,-12.699279166666669,-3.760783333333333,4,2022,BASE+ALL
2023-08-21,9.537070819845745,10.864167213439941,9.961952546738864,13.520809339116015,10.970999979785141,10.9494838140072,-102.85685866666668,-73.014025,-3.760783333333333,4,2022,BASE+ALL
2023-08-22,9.736017301210923,10.299872398376465,9.305457164675197,8.36206377751105,9.425852660443407,9.44033381597713,-18.66298083333333,-15.387970833333334,-3.760783333333333,4,2022,BASE+ALL
2023-08-23,11.470578928551385,15.054720878601074,14.534423475443488,11.77391875892729,13.208410510380808,13.25448955235523,1.5642696153846158,7.0091875,-3.760783333333333,4,2022,BASE+ALL
2023-08-24,9.842712408256082,10.654433250427246,10.45097739238332,13.922869669921075,11.217748180246932,11.192050705189832,,-1.32275,-3.760783333333333,4,2022,BASE+ALL
2023-08-25,9.442882860694768,10.381099700927734,10.000252589337288,13.981002610558662,10.951309440379612,10.922325955036175,-8.571699554545454,-0.9722333333333332,-3.760783333333333,4,2022,BASE+ALL
2023-08-26,9.455501145082263,9.795480728149414,9.33037255832574,15.505608892862298,11.021740831104928,10.970176595288248,1.0017574999999994,-2.666229166666667,-3.760783333333333,4,2022,BASE+ALL
2023-08-27,9.244745617960453,9.623712539672852,8.385192481776288,16.758589590994305,11.003060057600974,10.934488073321456,16.25986363125,14.026491666666663,-3.760783333333333,4,2022,BASE+ALL
2023-08-28,9.061504786588415,9.808003425598145,8.460903623965953,16.792478887547958,11.030722680925118,10.96489721663384,12.5837658,12.063004166666666,-3.760783333333333,4,2022,BASE+ALL
2023-08-29,9.823152082723844,10.096267700195312,8.881718231100342,17.064187213906862,11.46633130698159,11.398792666817222,-41.075885,-6.463737500000001,-3.760783333333333,4,2022,BASE+ALL
2023-08-30,9.370374586057835,10.230093002319336,8.905740585704484,14.844430764077366,10.837659734539756,10.793651047052965,,7.546020833333333,-3.760783333333333,4,2022,BASE+ALL
2023-08-31,9.725377100256894,10.689932823181152,8.591932395126522,14.875559319687062,10.970700409562907,10.926511549370987,11.519614285714288,15.953283333333331,-3.760783333333333,4,2022,BASE+ALL
2023-09-01,9.394324831294014,10.096267700195312,8.070217202672884,12.30019952264905,9.965252314202816,9.937622233251208,,18.039270833333333,-3.760783333333333,4,2022,BASE+ALL
2023-09-02,11.095439745993634,12.36483097076416,10.011584172758637,12.27608843924059,11.436985832189254,11.430952732168093,,27.997354166666668,-3.760783333333333,4,2022,BASE+ALL
2023-09-03,11.35591395395492,14.528071403503418,11.19362807776055,11.274860343523008,12.088118444685474,12.115016571973399,,27.32878333333333,-3.760783333333333,4,2022,BASE+ALL
2023-09-04,10.990745460732876,14.055018424987793,12.121341599072116,10.291625118262807,11.864682650763898,11.90378959856439,,22.99076666666667,-3.760783333333333,4,2022,BASE+ALL
2023-09-05,10.42187633330674,14.814263343811035,12.686388515521102,11.904810146272313,12.456834584727797,12.494626700683568,,19.8527,-3.760783333333333,4,2022,BASE+ALL
2023-09-06,11.214095228487368,15.821148872375488,16.480562028852642,9.711360410095924,13.306791634952855,13.390682147426405,,27.4849375,-3.760783333333333,4,2022,BASE+ALL
2023-09-07,11.182747206193408,20.992673873901367,17.339398912164693,12.688798608615103,15.550904650218644,15.657845366415092,,14.172333333333334,-3.760783333333333,4,2022,BASE+ALL
2023-09-08,11.149183895728381,21.027511596679688,18.200622180184272,9.666101628214948,15.010854825201822,15.150217499436891,,24.42632083333333,-3.760783333333333,4,2022,BASE+ALL
2023-09-09,11.17962359531443,23.925212860107422,22.543823959223833,9.209799223952976,16.714614909649665,16.908323374428605,4.151669428571429,7.243683333333333,-3.760783333333333,4,2022,BASE+ALL
2023-09-10,10.749769193162091,20.898944854736328,20.437062391964336,13.71229227495722,16.449517178704994,16.567295099827795,3.2198746666666667,9.484283333333334,-3.760783333333333,4,2022,BASE+ALL
2023-09-11,8.718588385545678,16.598939895629883,16.464358391627748,14.63005174507289,14.10298460446905,14.16368559983759,2.728539533333333,1.917125,-3.760783333333333,4,2022,BASE+ALL
2023-09-12,9.003575404341712,13.678024291992188,14.51936179172196,13.657865946447476,12.714706858625835,12.745965068187036,-3.518265590625,-1.9309416666666663,-3.760783333333333,4,2022,BASE+ALL
2023-09-13,10.483540483263273,13.30821704864502,13.310933671724833,16.535133834087304,13.409456259430108,13.396588214132388,3.31439675,4.880870833333334,-3.760783333333333,4,2022,BASE+ALL
2023-09-14,10.328283100685073,11.461993217468262,12.059689335101977,18.157417799059168,13.00184586307862,12.952246161148391,3.952099094117648,5.319191666666667,-3.760783333333333,4,2022,BASE+ALL
2023-09-15,10.300864834473161,12.954851150512695,12.946094478713214,11.20773374174648,11.852386051361387,11.882673011426775,17.563330923076926,11.722304166666667,-3.760783333333333,4,2022,BASE+ALL
2023-09-16,10.538379701083155,12.777569770812988,12.097576593464064,20.662803253067807,14.019082329607004,13.957536715023956,-12.533641428571428,8.1639625,-3.760783333333333,4,2022,BASE+ALL
2023-09-17,9.49427929458653,11.758978843688965,11.74663504733288,21.917400148881644,13.729323333622503,13.651677845116222,,6.16405,-3.760783333333333,4,2022,BASE+ALL
2023-09-18,10.852843714080196,6.340065002441406,5.0464489128276,17.138793500881548,9.844537782557687,9.715780788840073,-13.7635425,-9.6751625,-3.760783333333333,4,2022,BASE+ALL
2023-09-19,13.288676023568804,8.512974739074707,7.76448279460225,18.94844079179006,12.128643587258956,12.004866827636782,4.072854555555556,0.7861541666666665,-3.760783333333333,4,2022,BASE+ALL
2023-09-20,11.234122768316714,8.92258358001709,8.645230267579253,19.40082853375599,12.050691287417262,11.943081441323462,-11.007202142857142,-9.0324,-3.760783333333333,4,2022,BASE+ALL
2023-09-21,10.019642560512457,8.97784423828125,8.643153626076623,18.396995477051053,11.509408975480348,11.417957615002612,-0.1313072916666668,2.7713250000000005,-3.760783333333333,4,2022,BASE+ALL
2023-09-22,9.986738362469467,8.445116996765137,7.56625617218009,14.9067633398772,10.226218717822974,10.155025851582579,-1.4066930357142855,-0.6444416666666667,-3.760783333333333,4,2022,BASE+ALL
2023-09-23,10.357041013602624,8.65261173248291,8.414411114640421,14.466471960182622,10.472633955227145,10.410072129193429,,0.2978,-3.760783333333333,4,2022,BASE+ALL
2023-09-24,12.008947604454804,9.307657241821289,8.924122980902524,18.61435550697912,12.213770833539435,12.113761554125851,56.866394444444445,27.3393,-3.760783333333333,4,2022,BASE+ALL
2023-09-25,10.30614302502192,8.501045227050781,7.446438531115238,13.531544802427494,9.946292896403857,9.885300199539508,-30.32649955555556,-18.366504166666665,-3.760783333333333,4,2022,BASE+ALL
2023-09-26,10.046586663015486,8.690402030944824,8.25437401573558,14.87998161744864,10.467836081786134,10.402712839504645,-12.210423333333331,-8.1820875,-3.760783333333333,4,2022,BASE+ALL
2023-09-27,12.587805032854428,10.444801330566406,9.659571015304032,17.399437338419496,12.52290367928609,12.444527274851229,-61.238875,-35.77132916666667,-3.760783333333333,4,2022,BASE+ALL
2023-09-28,9.847969668046169,9.622286796569824,8.524140924040255,18.238599615655417,11.558249251077916,11.473973064877782,,-0.2090916666666665,-3.760783333333333,4,2022,BASE+ALL
2023-09-29,10.037445351150382,9.005151748657227,7.99450606048322,12.749708064704617,9.946702806248862,9.90170682862583,2.525419454545454,4.1023958333333335,-3.760783333333333,4,2022,BASE+ALL
2023-09-30,10.438105369842086,10.00479793548584,9.43163142833583,16.297341004166224,11.542968934457495,11.481274665565785,-1.9702747142857144,0.2829583333333333,-3.760783333333333,4,2022,BASE+ALL
2023-10-01,9.528088852312674,9.644601821899414,7.949013964615282,19.1434739788902,11.566294654429392,11.472559644225331,-2.0897806,0.7079291666666667,-3.760783333333333,4,2022,BASE+ALL
2023-10-02,10.06480203754724,10.332962989807129,8.324525675678913,19.77725264427108,12.12488583682609,12.030633195622254,37.845598571428575,29.444254166666667,-3.760783333333333,4,2022,BASE+ALL
2023-10-03,10.1127844095603,5.478837490081787,1.7879845270715942,14.089726784616287,7.867333302832492,7.743159976193999,-3.1590167,-3.640179166666666,-3.760783333333333,4,2022,BASE+ALL
2023-10-04,16.319711227094988,23.813737869262695,16.83637798350175,58.22041073484251,28.797559453675483,28.4925899906085,38.24040562307693,23.2967625,-3.760783333333333,4,2022,BASE+ALL
2023-10-05,23.957460247215813,30.659801483154297,23.01660986684979,60.70439269223097,34.58456607236272,34.30998047011946,28.17262623684211,24.7087375,-3.760783333333333,4,2022,BASE+ALL
2023-10-06,25.37257929996558,35.27004623413086,25.905859393567773,59.0105084753135,36.389748350744426,36.178822830190285,10.5216315625,13.9313,-3.760783333333333,4,2022,BASE+ALL
2023-10-07,28.742462612697587,39.79918670654297,29.206297170186883,59.1745157506078,39.23061556000881,39.05766937036873,13.95343807692308,73.58350833333334,-3.760783333333333,4,2022,BASE+ALL
2023-10-08,36.66448853425406,46.383663177490234,46.07234856599141,57.76842490144048,46.72223129479405,46.67355871121514,62.44335291666667,78.3133,-3.760783333333333,4,2022,BASE+ALL
2023-10-09,38.28438283895622,47.68517303466797,51.451348356823694,58.18041812513251,48.9003305888951,48.881882909762226,136.78995458333335,89.56316249999999,-3.760783333333333,4,2022,BASE+ALL
2023-10-10,36.26021785629104,45.968692779541016,52.807531839587924,59.161587640813295,48.54950752905832,48.526982630830794,119.584839,69.3072875,-3.760783333333333,4,2022,BASE+ALL
2023-10-11,34.36602282427136,43.61740493774414,48.39015170196882,60.41710943899284,46.69767222574429,46.62834813424125,-44.092415714285714,17.201116666666667,-3.760783333333333,4,2022,BASE+ALL
2023-10-12,33.62269371337181,40.541011810302734,47.251107230964024,60.45764315424962,45.468113977222046,45.369529786291764,,19.116529166666663,-3.760783333333333,4,2022,BASE+ALL
2023-10-13,31.139312360022537,31.918359756469727,38.160629843314325,58.47767559429568,39.923994388525564,39.72936224811427,60.52021181818182,27.136604166666668,-3.760783333333333,4,2022,BASE+ALL
2023-10-14,30.303935604710173,30.798625946044922,37.155926007530816,52.76747913483102,37.75649167327923,37.601720890122074,12.90828781875,12.96635,-3.760783333333333,4,2022,BASE+ALL
2023-10-15,33.31865279433567,35.09810256958008,42.61202388359653,52.872254697209456,40.97525848618043,40.87175443325958,21.89490959230769,31.31855833333333,-3.760783333333333,4,2022,BASE+ALL
2023-10-16,33.29358993866544,35.324851989746094,44.49117888468562,62.48673130711239,43.89908803005238,43.7233824086017,65.66882,38.60447083333333,-3.760783333333333,4,2022,BASE+ALL
2023-10-17,32.937463573042685,36.25810241699219,53.14125098975309,72.74897927030108,48.771449062522265,48.5657061203042,-17.789794004166666,-4.519941666666667,-3.760783333333333,4,2022,BASE+ALL
2023-10-18,33.372922030784906,35.28982162475586,52.424917839176715,72.45027501481607,48.38448412738339,48.166444164240446,44.87254157142856,38.375616666666666,-3.760783333333333,4,2022,BASE+ALL
2023-10-19,31.363642014357406,30.251094818115234,43.38454065445253,51.54039537341028,39.13491821508386,39.017261923351285,38.20400333333334,33.5842125,-3.760783333333333,4,2022,BASE+ALL
2023-10-20,29.114328070146165,29.61336898803711,35.475524163925954,50.45399881992682,36.16430501050901,36.016651754073266,,20.33158333333333,-3.760783333333333,4,2022,BASE+ALL
2023-10-21,27.32617128957223,30.061433792114258,34.90674789361277,53.40464594215686,36.42474972936403,36.261348263759714,59.14822077142857,43.97672083333333,-3.760783333333333,4,2022,BASE+ALL
2023-10-22,28.25594235120281,30.382999420166016,35.069894210150565,52.7725810956064,36.62035426928145,36.4610891670729,2.10507945,13.5642375,-3.760783333333333,4,2022,BASE+ALL
2023-10-23,27.83222825601155,32.6184196472168,36.860362738900164,53.087272250830885,37.59957072323985,37.46958479396649,96.5419240909091,53.62730833333333,-3.760783333333333,4,2022,BASE+ALL
2023-10-24,28.730431590649555,35.06211471557617,37.13179486319013,55.76626322572444,39.172651098785074,39.03636597315537,-12.07024714285714,26.86059583333333,-3.760783333333333,4,2022,BASE+ALL
2023-10-25,29.513208042561214,36.94327163696289,39.013284063151325,56.69796578975385,40.54193238310732,40.42021588261876,10.71009625,25.106929166666664,-3.760783333333333,4,2022,BASE+ALL
2023-10-26,27.24192997052557,31.100082397460938,33.534039421572956,52.87711039649046,36.188290546512484,36.030815962247665,-19.4738755,-1.7292666666666665,-3.760783333333333,4,2022,BASE+ALL
2023-10-27,18.90701381454139,21.707382202148438,22.336994431587463,16.955623622976628,19.976753517813478,20.038316772051015,-1.1218947307692304,-1.6786875,-3.760783333333333,4,2022,BASE+ALL
2023-10-28,17.01185050640937,17.21617317199707,17.86563253475758,18.20073177511709,17.57359699707028,17.569832989814863,-15.288147953571428,-12.732858333333333,-3.760783333333333,4,2022,BASE+ALL
2023-10-29,18.35991903382748,16.487018585205078,17.84276161056454,20.317643626427984,18.25183571400627,18.215368941980795,-0.8345025909090911,-4.269441666666666,-3.760783333333333,4,2022,BASE+ALL
2023-10-30,17.211980973735667,14.605177879333496,18.24384883702327,18.48400267274725,17.13625259070992,17.108753918369242,-8.954933888888888,-6.588329166666667,-3.760783333333333,4,2022,BASE+ALL
2023-10-31,16.235319211126775,10.729052543640137,16.14382885710102,17.607429005037616,15.178907404226386,15.119074711001144,-15.571758636363636,-9.703241666666669,-3.760783333333333,4,2022,BASE+ALL
2023-11-01,18.08888249853559,11.820290565490723,15.551889995612909,17.863162359189175,15.8310563547071,15.76443701272272,-0.5173622999999999,-0.6008999999999999,-3.760783333333333,4,2022,BASE+ALL
2023-11-02,28.78003237249561,17.54520606994629,21.9918043338514,26.40357855518019,23.680155332868374,23.565021665448985,90.22248958333334,61.43602916666666,-3.760783333333333,4,2022,BASE+ALL
2023-11-03,15.44106738701437,13.190579414367676,15.019655151785923,13.40985371286504,14.265288916508254,14.261585005314508,6.229142812499999,5.54925,-3.760783333333333,4,2022,BASE+ALL
2023-11-04,12.770926566521425,11.33714771270752,12.008312707096794,16.17507077321039,13.072864439884032,13.025857227890294,-2.366962636363637,3.9640916666666666,-3.760783333333333,4,2022,BASE+ALL
2023-11-05,11.881478056744255,10.456255912780762,10.498808868388895,12.73267377836515,11.392304154069766,11.364378471931666,-7.711597375,-0.1669958333333335,-3.760783333333333,4,2022,BASE+ALL
2023-11-06,9.918346794890788,9.576738357543945,10.114676174886233,13.356663633525006,10.741606240211492,10.709307484190887,12.016709333333331,7.503283333333333,-3.760783333333333,4,2022,BASE+ALL
2023-11-07,9.361517027085696,9.43019962310791,8.810401363808838,12.207254891552708,9.952343226388788,9.924399068012853,-4.3856701437500005,2.558533333333333,-3.760783333333333,4,2022,BASE+ALL
2023-11-08,9.77697358776828,9.446104049682617,8.935960712723617,13.940323088259664,10.524840359608545,10.480062259138563,2.072810083333333,1.2429291666666666,-3.760783333333333,4,2022,BASE+ALL
2023-11-09,13.989000887068512,9.991399765014648,8.968300385405024,12.572818970826674,11.380380002078715,11.32907998412448,-9.062924363636364,-3.646825,-3.760783333333333,4,2022,BASE+ALL
2023-11-10,11.327447064332135,9.492904663085938,8.297754579829519,8.824184410872142,9.485572679529934,9.474201476756942,-5.401194071428572,-0.8079124999999999,-3.760783333333333,4,2022,BASE+ALL
2023-11-11,10.336496812275373,9.090282440185547,8.081094731458794,21.166759117141694,12.16865827526535,12.048477580772873,,3.739891666666667,-3.760783333333333,4,2022,BASE+ALL
2023-11-12,9.88483368634582,9.045987129211426,8.12445968429616,7.523749458578866,8.644757489608068,8.6481448682399,,3.287245833333333,-3.760783333333333,4,2022,BASE+ALL
2023-11-13,17.866352217324433,16.567676544189453,15.233342955026247,-12.73482112369696,9.233137648210793,9.478242768352056,,3.729316666666667,-3.760783333333333,4,2022,BASE+ALL
2023-11-14,20.19829800168736,17.61311149597168,13.572370561231216,9.033022973568563,15.104200758114706,15.1420800276125,,4.3026125,-3.760783333333333,4,2022,BASE+ALL
2023-11-15,13.614814083841077,13.50273609161377,10.488363046136234,9.79859728138794,11.851127625744756,11.865580810604502,5.883604642857143,5.3677375,-3.760783333333333,4,2022,BASE+ALL
2023-11-16,18.00490174213371,17.771804809570312,16.010998983397773,18.05766114721211,17.461341670578477,17.447092583397602,,6.878275,-3.760783333333333,4,2022,BASE+ALL
2023-11-17,16.0653670383808,14.137520790100098,13.498765662492808,8.295406294567993,12.999264946385424,13.036608311872843,,5.660683333333334,-3.760783333333333,4,2022,BASE+ALL
2023-11-18,15.990894189830376,11.404403686523438,10.822390005343918,-7.456484042347768,7.690300959837492,7.828755919094408,,2.5024291666666665,-3.760783333333333,4,2022,BASE+ALL
2023-11-19,20.372923784024383,15.50045394897461,15.804001503410202,-15.91233549410272,8.941260935576619,9.194831227429635,,3.691925,-3.760783333333333,4,2022,BASE+ALL
2023-11-20,18.21733943465612,13.480193138122559,14.067041824032318,-7.492944556700291,9.567907460027676,9.731190046447242,,2.1477,-3.760783333333333,4,2022,BASE+ALL
2023-11-21,15.096175739803755,10.49903392791748,10.87240772038461,11.004220211795117,11.86795939997524,11.840005654477483,,4.743433333333333,-3.760783333333333,4,2022,BASE+ALL
2023-11-22,12.201550685302974,10.585040092468262,10.626518640397835,14.835423442381678,12.062133215137688,12.015601412876553,,-0.1243708333333333,-3.760783333333333,4,2022,BASE+ALL
2023-11-23,12.422500409881291,10.102245330810547,9.695929314004413,8.603154655351418,10.205957427511917,10.20391138826846,,-11.176366666666668,-3.760783333333333,4,2022,BASE+ALL
2023-11-24,10.738342184520636,10.376310348510742,9.207865150331388,7.972666739545918,9.573796105727173,9.586214881550726,14.497555,7.5578166666666675,-3.760783333333333,4,2022,BASE+ALL
2023-11-25,11.76922148520007,12.504683494567871,10.904276234665195,11.376248436645158,11.638607412769574,11.643276486425336,,11.229579166666667,-3.760783333333333,4,2022,BASE+ALL
2023-11-26,10.872929819121751,10.4812650680542,10.740633470897611,11.91144835322192,11.001569177823871,10.988213045330905,,3.0232749999999995,-3.760783333333333,4,2022,BASE+ALL
2023-11-27,12.265486324915027,12.519025802612305,12.905097031287616,8.949098546669727,11.65967692637117,11.695080786235783,-31.112805833333336,-3.5653,-3.760783333333333,4,2022,BASE+ALL
2023-11-28,10.9047495885857,10.369172096252441,10.375111641389227,9.94962781531494,10.399665285385577,10.400435419571403,0.5117072222222221,3.0666,-3.760783333333333,4,2022,BASE+ALL
2023-11-29,10.165762342407945,11.70112133026123,11.65726505897049,5.092843590159928,9.654248080449898,9.721253877798318,5.457820000000001,4.057283333333333,-3.760783333333333,4,2022,BASE+ALL
2023-11-30,10.564867665777518,12.771759033203125,12.838072393354002,16.372134572955325,13.136708416322493,13.117449284963953,11.2405635,8.426941666666666,-3.760783333333333,4,2022,BASE+ALL
2023-12-01,10.195186551338553,12.206250190734863,12.024134398915685,2.719978292068001,9.286387358264275,9.38079303743861,9.367310909090907,7.804354166666666,-3.760783333333333,4,2022,BASE+ALL
2023-12-02,10.064949293768041,11.999695777893066,11.914888979450506,4.579847253014282,9.639845326031473,9.716047391717689,5.193699852941176,6.190404166666666,-3.760783333333333,4,2022,BASE+ALL
2023-12-03,10.202675205831904,10.443184852600098,10.636566470714055,7.234660666946258,9.629271799023078,9.66025411624564,23.94669561111111,15.6012125,-3.760783333333333,4,2022,BASE+ALL
2023-12-04,13.399335309730281,12.900907516479492,12.95862370789996,18.71642546181617,14.493822998981475,14.439730951863659,,16.57388333333333,-3.760783333333333,4,2022,BASE+ALL
2023-12-05,12.348314261292236,11.273270606994629,11.283387153697873,8.188209933044835,10.773295488757395,10.794750866534065,-5.481070142857143,39.39613333333333,-3.760783333333333,4,2022,BASE+ALL
2023-12-06,11.860404214112977,12.9417142868042,11.970947441779936,7.866484263859167,11.15988755163907,11.205262890395325,24.73927245,15.648679166666668,-3.760783333333333,4,2022,BASE+ALL
2023-12-07,16.215574765209638,14.788716316223145,14.443614931474722,24.76011557042562,17.55200539583328,17.453437308941616,3.7462638888888886,9.734483333333332,-3.760783333333333,4,2022,BASE+ALL
2023-12-08,14.690711762907874,10.565766334533691,10.572406502258044,18.265097352707254,13.523495488101716,13.43211736570484,1.0970778653846156,3.1441458333333334,-3.760783333333333,4,2022,BASE+ALL
2023-12-09,23.40676384093969,24.563396453857422,22.875980767940263,14.766347726051336,21.403122197197177,21.486618017364354,1.6925,8.934791666666667,-3.760783333333333,4,2022,BASE+ALL
2023-12-10,27.062070721347116,26.136234283447266,26.5308267767017,14.250194394864645,23.494831544090182,23.59755743663682,9.74686473076923,11.349841666666668,-3.760783333333333,4,2022,BASE+ALL
2023-12-11,16.792831687335923,16.166851043701172,16.731514691727224,12.056557669336232,15.436938773025137,15.473285565271304,,9.526583333333331,-3.760783333333333,4,2022,BASE+ALL
2023-12-12,18.66697971669763,16.146564483642578,18.35178064630655,13.174058980530976,16.58484595679443,16.61020528991927,25.788059727272728,16.515804166666666,-3.760783333333333,4,2022,BASE+ALL
2023-12-13,15.102875945264188,13.44391918182373,15.752919217333853,7.716203406608084,13.003979437757465,13.059233294333355,1.8431453125,3.7848958333333336,-3.760783333333333,4,2022,BASE+ALL
2023-12-14,11.853692861456222,10.558784484863281,14.3473806908898,9.574613908443164,11.583617986413117,11.607522143818713,7.24685025,6.1983041666666665,-3.760783333333333,4,2022,BASE+ALL
2023-12-15,10.963127751220249,10.964365005493164,11.768786679431892,13.31358356281423,11.752465749739883,11.736363555736117,0.2266221875,3.686325,-3.760783333333333,4,2022,BASE+ALL
2023-12-16,10.258315771450974,10.575807571411133,11.635843917030794,12.653244674961556,11.280802983713613,11.270391784286593,2.93285255,6.628175,-3.760783333333333,4,2022,BASE+ALL
2022-12-17,4.103527097223917,7.03948450088501,6.574804995770906,1.6589013090259923,4.844179475726456,4.905616180632167,,-0.8185333333333333,-1.318820833333333,9,2022,BASE+ALL
2022-12-18,7.401230473565617,8.192468643188477,7.995377303833813,-3.7563584651889705,4.958179488849734,5.067554960250918,,-0.2695666666666667,-1.318820833333333,9,2022,BASE+ALL
2022-12-19,13.7924638761265,13.44214916229248,16.965061714322722,-8.015142008406162,9.046133186083885,9.255570972971205,,1.3934125,-1.318820833333333,9,2022,BASE+ALL
2022-12-20,9.41197382140373,9.681225776672363,12.849158189996684,0.3205307296461477,8.06572212942973,8.16908770439448,,-1.3072666666666668,-1.318820833333333,9,2022,BASE+ALL
2022-12-21,7.834381684040333,9.99465560913086,10.498947960529222,1.0210840817123277,7.337267333853186,7.432010360600779,,-2.1221666666666668,-1.318820833333333,9,2022,BASE+ALL
2022-12-22,8.491698837919921,10.002710342407227,11.035877911449129,-0.2623425399620949,7.316986137953545,7.422699547340039,,-5.394954166666667,-1.318820833333333,9,2022,BASE+ALL
2022-12-23,10.618466166493244,9.829976081848145,9.438647420404694,-2.951802168974254,6.733821874942956,6.8406244292450005,,-2.5985375,-1.318820833333333,9,2022,BASE+ALL
2022-12-24,9.13271640747569,10.478068351745605,9.313702662196636,-1.066306116590436,6.964545326206874,7.067705562966389,,-4.096154166666667,-1.318820833333333,9,2022,BASE+ALL
2022-12-25,9.30122381493997,10.478068351745605,9.198417936733147,-0.6731029654883471,7.076151784482594,7.174197297291169,,-5.002816666666667,-1.318820833333333,9,2022,BASE+ALL
2022-12-26,9.370460436949845,10.478068351745605,9.198417936733147,-0.5597473080473385,7.121799854345315,7.21845194432359,,3.9478625,-1.318820833333333,9,2022,BASE+ALL
2022-12-27,10.7405438786529,10.478068351745605,9.330105574427392,-4.015260650505837,6.633364288580015,6.7538327683299535,,3.4303000000000003,-1.318820833333333,9,2022,BASE+ALL
2022-12-28,18.45797289907528,15.478825569152832,18.655120786431485,-7.268518408531108,11.330850211532123,11.535014971096992,,4.677029166666666,-1.318820833333333,9,2022,BASE+ALL
2022-12-29,15.138770831629973,11.575242042541504,14.876872875915575,-4.826412323537387,9.191118356637418,9.336402112476861,,8.441033333333333,-1.318820833333333,9,2022,BASE+ALL
2022-12-30,15.733497420068042,13.784027099609375,13.443862139233104,-5.507133571154451,9.363563271939018,9.521996475395968,,5.470416666666666,-1.318820833333333,9,2022,BASE+ALL
2022-12-31,18.464703063337012,14.082906723022461,11.596910414395596,-4.982041259903831,9.79061973521281,9.920775349783295,,4.060275,-1.318820833333333,9,2022,BASE+ALL
2023-01-01,17.68979214326664,11.08383846282959,11.296183591457764,-4.177714546717812,8.973024912709047,9.072930282857017,,5.758420833333333,-1.318820833333333,9,2022,BASE+ALL
2023-01-02,15.349989729847865,11.430109024047852,10.603592373089887,2.7705705207552533,10.038565411935213,10.088696274980483,,3.591383333333333,-1.318820833333333,9,2022,BASE+ALL
2023-01-03,19.339897385625015,14.040831565856934,12.01072646080629,-5.464613388959581,9.981710505832165,10.1133504307402,,5.8267,-1.318820833333333,9,2022,BASE+ALL
2023-01-04,23.964748813748738,15.796134948730469,20.269942409835252,-8.236882595338514,12.948485894243987,13.142756913077132,,7.457145833333333,-1.318820833333333,9,2022,BASE+ALL
2023-01-05,16.121951178145302,13.109270095825195,14.976790371333628,-3.5285559226993186,10.169863930651202,10.311844245942487,,1.2143208333333335,-1.318820833333333,9,2022,BASE+ALL
2023-01-06,15.280101762769931,11.311793327331543,11.992787051603228,-3.549166889473632,8.758878813057768,8.872727378435284,,2.1666541666666665,-1.318820833333333,9,2022,BASE+ALL
2023-01-07,23.425672501320197,15.5836820602417,23.51820662261871,-7.044771281221724,13.870697475739718,14.07477524545889,,1.785195833333333,-1.318820833333333,9,2022,BASE+ALL
2023-01-08,17.397464849642347,13.079887390136719,16.313169494273822,-4.988362412729003,10.450539830330971,10.606009956518967,,4.284108333333333,-1.318820833333333,9,2022,BASE+ALL
2023-01-09,16.60059887627982,11.08383846282959,14.94176515750428,-4.458125777147853,9.542019179866458,9.672047714912848,,4.038775,-1.318820833333333,9,2022,BASE+ALL
2023-01-10,21.413631362555503,14.294665336608887,16.07346707065018,-6.523047673654421,11.31467902404004,11.470325139611273,,1.3655916666666668,-1.318820833333333,9,2022,BASE+ALL
2023-01-11,22.75771141889526,15.796134948730469,26.36554305308505,-8.058555197032838,14.215208555919483,14.450669248079755,,1.0471916666666667,-1.318820833333333,9,2022,BASE+ALL
2023-01-12,28.449234493305596,20.20035743713379,28.446349302107404,-9.675095640348328,16.855211398049615,17.123221018761313,,0.5788833333333333,-1.318820833333333,9,2022,BASE+ALL
2023-01-13,17.379258452216625,15.611367225646973,20.48260215826159,-4.835651047357111,12.15939419719202,12.359912749890528,,2.359829166666666,-1.318820833333333,9,2022,BASE+ALL
2023-01-14,24.312687648887344,18.674575805664062,28.557434614300362,-7.353106004412112,16.047898016109915,16.30599073161063,,1.6433875,-1.318820833333333,9,2022,BASE+ALL
2023-01-15,18.922429023655244,15.87594223022461,20.350914520567343,-2.7366051881261626,13.103170146580258,13.277913046311358,,2.0013666666666663,-1.318820833333333,9,2022,BASE+ALL
2023-01-16,17.530827863711075,14.36806583404541,16.787797796552653,-1.7824629444345312,11.72605713746865,11.866135669314652,,2.8611791666666666,-1.318820833333333,9,2022,BASE+ALL
2023-01-17,17.96588849103602,12.323141098022461,16.475743054180615,3.124993602199861,12.472441561359739,12.547166769485544,,3.842925,-1.318820833333333,9,2022,BASE+ALL
2023-01-18,15.938199327007265,11.626755714416504,15.225965811755595,-1.9880530582090932,10.200716948742569,10.318831878736525,,7.170079166666667,-1.318820833333333,9,2022,BASE+ALL
2023-01-19,14.08782267939122,11.632932662963867,12.311227746422167,3.1598499751643843,10.29795826598541,10.363510091874625,,1.551225,-1.318820833333333,9,2022,BASE+ALL
2023-01-20,12.373264681662148,11.303877830505371,12.138864843593003,3.963993455034437,9.94500020269874,10.009151701360384,,0.275125,-1.318820833333333,9,2022,BASE+ALL
2023-01-21,11.244076241366072,11.303877830505371,11.704244032928253,2.908701863013416,9.290224991953277,9.367486047836275,,3.587054166666667,-1.318820833333333,9,2022,BASE+ALL
2023-01-22,10.262480140172329,11.14164924621582,10.758159882866044,1.751576726576264,8.478466498957616,8.564506034562207,,2.9113375,-1.318820833333333,9,2022,BASE+ALL
2023-01-23,10.513856361281332,11.14164924621582,10.737486360816808,4.12168868616401,9.128670163619493,9.192133834320806,,1.6941625000000002,-1.318820833333333,9,2022,BASE+ALL
2023-01-24,10.723758830165742,11.036272048950195,10.637568865398757,4.116532943003495,9.128533171879546,9.189378241993872,,4.889225,-1.318820833333333,9,2022,BASE+ALL
2023-01-25,9.975707365669939,10.547652244567871,10.427963735482171,0.9302730456948644,7.970399097853712,8.058301019974389,,4.036833333333333,-1.318820833333333,9,2022,BASE+ALL
2023-01-26,9.705395183453629,10.824338912963867,10.503674877671836,3.1638701082584184,8.549319770586937,8.621708571397011,,2.5439625,-1.318820833333333,9,2022,BASE+ALL
2023-01-27,9.675852205642666,10.824338912963867,10.503674877671836,3.3112534975586634,8.578779873459258,8.650024703586654,,0.9394375,-1.318820833333333,9,2022,BASE+ALL
2023-01-28,9.679370973196361,10.824338912963867,10.637568865398757,3.6333368070943663,8.693653889663338,8.762810012311089,,1.3680958333333333,-1.318820833333333,9,2022,BASE+ALL
2023-01-29,9.158164007580941,10.478068351745605,10.427963735482171,-1.813181027176455,7.062753766908067,7.178991770977985,,11.894891666666666,-1.318820833333333,9,2022,BASE+ALL
2023-01-30,9.22141205288841,10.478068351745605,10.427963735482171,-1.3451073116895067,7.195584207106671,7.30731186107989,,9.835604166666666,-1.318820833333333,9,2022,BASE+ALL
2023-01-31,9.62870789974946,10.478068351745605,10.559651373176417,-4.761236570421996,6.47629776356237,6.616868997527446,,11.669408333333337,-1.318820833333333,9,2022,BASE+ALL
2023-02-01,9.552225889704618,10.478068351745605,10.559651373176417,-5.276145626575914,6.32844999701268,6.474021450747848,,10.533420833333333,-1.318820833333333,9,2022,BASE+ALL
2023-02-02,10.144083451875662,10.478068351745605,10.559651373176417,-5.888324737644069,6.323369609788404,6.471072630730317,,9.1262,-1.318820833333333,9,2022,BASE+ALL
2023-02-03,9.603199290777008,10.478068351745605,10.427963735482171,-3.343999285700413,6.791308023076093,6.918656315144244,,6.122941666666667,-1.318820833333333,9,2022,BASE+ALL
2023-02-04,8.958030468623823,10.547652244567871,10.427963735482171,0.6424774939437476,7.644030985654404,7.740172437747004,,0.9818208333333334,-1.318820833333333,9,2022,BASE+ALL
2023-02-05,8.664903678772088,10.824338912963867,10.503674877671836,2.4901198838075054,8.120759338303824,8.204942879349176,,-3.019408333333333,-1.318820833333333,9,2022,BASE+ALL
2023-02-06,8.631508201173625,10.824338912963867,10.503674877671836,1.648014480584667,7.901884118098498,7.993733191893701,,1.1129125,-1.318820833333333,9,2022,BASE+ALL
2023-02-07,8.63353352770935,10.824338912963867,10.503674877671836,2.643810671316043,8.151339497415275,8.23433325401224,,0.1095375,-1.318820833333333,9,2022,BASE+ALL
2023-02-08,8.397051237946824,10.824338912963867,10.503674877671836,1.8963729153427984,7.905359485981331,7.996312198326459,,1.9942791666666664,-1.318820833333333,9,2022,BASE+ALL
2023-02-09,8.397436002363774,10.547652244567871,10.427963735482171,0.4747123062975085,7.461941072177832,7.562703310770895,,3.6071166666666654,-1.318820833333333,9,2022,BASE+ALL
2023-02-10,8.420982774418903,10.547652244567871,10.427963735482171,0.4207284997558567,7.454331813556201,7.555441996824467,,1.6639,-1.318820833333333,9,2022,BASE+ALL
2023-02-11,8.342894069833664,10.824338912963867,10.503674877671836,2.5655581885885117,8.059116512264469,8.144428418402214,,-1.7562583333333333,-1.318820833333333,9,2022,BASE+ALL
2023-02-12,8.396497836772262,10.547652244567871,10.509154768961272,-0.3383239373940512,7.278745228226839,7.387213496501341,,4.178954166666666,-1.318820833333333,9,2022,BASE+ALL
2023-02-13,8.439143442125673,10.478068351745605,10.299615357296009,-2.568666194926827,6.662040239060115,6.7882448544887755,,4.972020833333333,-1.318820833333333,9,2022,BASE+ALL
2023-02-14,8.733617572346486,10.547652244567871,10.299615357296009,-0.6766499828193169,7.226058797847762,7.334410477541566,,7.651629166666666,-1.318820833333333,9,2022,BASE+ALL
2023-02-15,8.890539075466936,10.547652244567871,10.299615357296009,0.5871186158630977,7.5812313232984785,7.677482667517827,,8.424020833333334,-1.318820833333333,9,2022,BASE+ALL
2023-02-16,9.661323892948074,10.478068351745605,10.431302994990254,-4.456677316342876,6.528504480835265,6.665429971560094,,11.90225,-1.318820833333333,9,2022,BASE+ALL
2023-02-17,10.346964094867259,10.478068351745605,10.431302994990254,-4.11730080888902,6.784758658178525,6.91484086853684,,8.616195833333334,-1.318820833333333,9,2022,BASE+ALL
2023-02-18,14.575928584540517,14.59192943572998,11.882378082620127,-6.756977703996451,8.573314599723542,8.746994160715849,,7.731983333333333,-1.318820833333333,9,2022,BASE+ALL
2023-02-19,11.055889138523648,10.478068351745605,10.299615357296009,-2.439554898706501,7.34850448721469,7.458948426372859,,7.801212499999999,-1.318820833333333,9,2022,BASE+ALL
2023-02-20,10.116024091932548,10.766529083251953,10.609072264379323,-0.82090178000173,7.667680914890524,7.7732950246149155,,8.793120833333333,-1.318820833333333,9,2022,BASE+ALL
2023-02-21,10.033068046912625,11.20502758026123,10.375326499485674,3.8824372488670313,8.873964843881641,8.940639886107286,,7.2408375,-1.318820833333333,9,2022,BASE+ALL
2023-02-22,9.600800738875348,10.478068351745605,10.299615357296009,-2.0386566762780483,7.084956942909729,7.199966742008084,,11.056604166666666,-1.318820833333333,9,2022,BASE+ALL
2023-02-23,9.346527558448692,10.547652244567871,10.299615357296009,1.1478667455500222,7.8354154764656485,7.924140021653695,,13.493491666666666,-1.318820833333333,9,2022,BASE+ALL
2023-02-24,9.047124707676003,10.824338912963867,10.375326499485674,2.34290126102912,8.147422845288666,8.230020563438815,,10.653475,-1.318820833333333,9,2022,BASE+ALL
2023-02-25,8.91007732125452,10.824338912963867,10.375326499485674,1.6539718814983717,7.940928653800608,8.03041037102329,,13.809120833333331,-1.318820833333333,9,2022,BASE+ALL
2023-02-26,9.199042962338444,10.824338912963867,10.375326499485674,1.9637901242775195,8.090624624766377,8.175740925752168,,15.459625,-1.318820833333333,9,2022,BASE+ALL
2023-02-27,9.087562906291664,10.824338912963867,10.375326499485674,1.253794235380255,7.885255638530365,7.977300249093287,,16.111816666666666,-1.318820833333333,9,2022,BASE+ALL
2023-02-28,9.019289867639431,10.824338912963867,10.375326499485674,2.0931181743978406,8.078018363621702,8.162989942640786,,15.521166666666666,-1.318820833333333,9,2022,BASE+ALL
2023-03-01,9.101316548570443,12.574585914611816,11.837762926701139,-8.200243128091678,6.32835556544793,6.527905906923063,12.25519288888889,11.344079166666669,-1.318820833333333,9,2022,BASE+ALL
2023-03-02,9.713401082534673,12.484692573547363,11.790388634022035,-13.730969410341222,5.064378219940712,5.308581392435373,8.90777138888889,11.2238125,-1.318820833333333,9,2022,BASE+ALL
2023-03-03,10.266637040634771,13.203115463256836,12.078841022936533,-14.402170580129429,5.286605736674678,5.5415315230429325,17.1290927,15.863225,-1.318820833333333,9,2022,BASE+ALL
2023-03-04,10.635234730477329,13.49966049194336,12.260109303342558,-13.044235459367291,5.837692266598989,6.08210765990135,1.9790807,6.616370833333334,-1.318820833333333,9,2022,BASE+ALL
2023-03-05,10.43171866922391,11.483604431152344,10.584489414368903,-16.25807661314332,4.06043397540046,4.307377029606966,-4.484617550000001,-0.0779166666666668,-1.318820833333333,9,2022,BASE+ALL
2023-03-06,10.460544455933919,10.575540542602539,9.839114503512256,-4.158048237063248,6.679287816246367,6.8064309094411435,8.54444,7.993604166666667,-1.318820833333333,9,2022,BASE+ALL
2023-03-07,10.344808449969054,11.494841575622559,10.676160367779069,-8.948014079313221,5.891949078514366,6.075092365583855,13.061852636363636,9.166025,-1.318820833333333,9,2022,BASE+ALL
2023-03-08,17.58817333893847,13.911643028259277,12.747763140807143,17.25493469000345,15.375628549502085,15.318523013722562,,-12.319983333333331,-1.318820833333333,9,2022,BASE+ALL
2023-03-09,21.83523974809333,11.683738708496094,10.683194501927522,18.646012059834717,15.712046254587916,15.587603418129696,-8.784281333333334,19.584154166666664,-1.318820833333333,9,2022,BASE+ALL
2023-03-10,16.195892532115085,11.604975700378418,10.556152564858342,-0.0585650674317754,9.574613932480018,9.646362663797627,29.56086683333333,17.553916666666666,-1.318820833333333,9,2022,BASE+ALL
2023-03-11,16.687089237338167,12.60683822631836,11.8094165679688,4.6585299213303415,11.440468488238917,11.48355902397434,-31.001282916666668,-7.824725,-1.318820833333333,9,2022,BASE+ALL
2023-03-12,26.71555181100078,18.0972900390625,16.980588109861262,18.794487274697847,20.146979308655595,20.08605495110615,0.8892532916666668,7.544250000000001,-1.318820833333333,9,2022,BASE+ALL
2023-03-13,43.75066749735766,36.852333068847656,32.53599303575563,37.37262687794494,37.627905119976475,37.55924360218391,,18.901508333333336,-1.318820833333333,9,2022,BASE+ALL
2023-03-14,19.934907976218707,22.29007339477539,19.584092893243,-1.275177578720431,15.133474171379167,15.33992270754226,22.380827307692304,14.736658333333333,-1.318820833333333,9,2022,BASE+ALL
2023-03-15,16.02913863909048,17.735958099365234,17.733624458452752,3.0566236804134768,13.638836219330486,13.778726849496945,-13.323770205,-7.560879166666666,-1.318820833333333,9,2022,BASE+ALL
2023-03-16,17.078789297935167,16.08401107788086,16.46253876120721,5.26881030211581,13.72353735978476,13.816272775922565,-1.0153765555555565,-0.2953083333333336,-1.318820833333333,9,2022,BASE+ALL
2023-03-17,16.194124147269584,14.802133560180664,15.9171915740633,-2.7923214891502965,11.030281948090813,11.185361675256502,-3.955562545454546,-1.25475,-1.318820833333333,9,2022,BASE+ALL
2023-03-18,15.331526225046257,11.795073509216309,14.733692681187586,-13.134791548851922,7.181375216649558,7.400406299835952,1.8617792857142856,2.8625291666666666,-1.318820833333333,9,2022,BASE+ALL
2023-03-19,12.712490307510834,11.843964576721191,12.06772103964403,-12.79602857269055,5.957036837796375,6.172345166674378,3.17834832,3.4658541666666665,-1.318820833333333,9,2022,BASE+ALL
2023-03-20,12.062721750581126,11.458746910095215,11.491441908291343,-0.6466006928906616,8.591577469019256,8.695909386556725,-4.477263678571428,-3.4204000000000003,-1.318820833333333,9,2022,BASE+ALL
2023-03-21,14.899391507672124,11.793410301208496,11.574294229985027,14.54886051868937,13.203989139388753,13.160875526684542,-0.6783866111111116,2.8898666666666664,-1.318820833333333,9,2022,BASE+ALL
2023-03-22,31.057116680955673,25.070945739746094,25.92367453295916,33.202013214599475,28.813437542065103,28.7128318641866,-1.0381409999999998,7.764812500000001,-1.318820833333333,9,2022,BASE+ALL
2023-03-23,23.809659484718154,20.145307540893555,20.651972364787007,13.6062682938669,19.553301921066403,19.5939077033175,4.087128433333333,2.7271749999999995,-1.318820833333333,9,2022,BASE+ALL
2023-03-24,24.241908985828847,20.484058380126953,21.08297251287792,12.402240505203633,19.552795096009337,19.607125956633332,-1.1876515833333334,0.3991916666666664,-1.318820833333333,9,2022,BASE+ALL
2023-03-25,20.580613450682428,17.436891555786133,17.350332478821073,6.904709388493881,15.568136718445878,15.643607907023775,1.2335907352941178,2.159870833333333,-1.318820833333333,9,2022,BASE+ALL
2023-03-26,19.039063763582053,16.74811363220215,17.027119587562975,-12.534769642113242,10.069881835308484,10.318807896904888,12.052049,9.259283333333334,-1.318820833333333,9,2022,BASE+ALL
2023-03-27,23.200796761736086,23.03041648864746,24.049540180286023,1.4602711914695945,17.935256155534788,18.131900703861223,11.290704266666667,15.549333333333331,-1.318820833333333,9,2022,BASE+ALL
2023-03-28,23.936812607882032,25.17359733581543,25.623539054830456,17.024985464735206,22.939733615815783,23.021671115672685,17.99040625,18.594754166666664,-1.318820833333333,9,2022,BASE+ALL
2023-03-29,26.66853103531995,26.00124740600586,26.854159831781544,34.57162506464313,28.52389083443762,28.449089486623343,31.831217142857145,41.647575,-1.318820833333333,9,2022,BASE+ALL
2023-03-30,28.283085371431262,25.872278213500977,26.636254943391993,30.82937841378761,27.90524923552796,27.852275695482078,,33.29820833333333,-1.318820833333333,9,2022,BASE+ALL
2023-03-31,62.94177074658649,70.3946762084961,48.51723617866323,54.7423796823978,59.149015704035904,59.20032983224101,,73.96352083333333,-1.318820833333333,9,2022,BASE+ALL
2023-04-01,33.12892553325574,42.09748077392578,36.70983193937822,13.67964120548952,31.403969863012314,31.674598423325858,53.446565,32.400283333333334,-1.318820833333333,9,2022,BASE+ALL
2023-04-02,29.566931140899435,33.90419006347656,32.80576084737197,2.688485495714815,24.741341886865698,25.036308885605617,39.18478611111111,29.8522375,-1.318820833333333,9,2022,BASE+ALL
2023-04-03,23.00662570532662,26.283466339111328,24.669949071939186,-1.5927528838087213,18.091822058142107,18.34816292955325,26.710583846153845,21.6255625,-1.318820833333333,9,2022,BASE+ALL
2023-04-04,21.189450102789355,20.207260131835938,20.89306721782186,-6.654574682454015,13.908800692498282,14.145938444639274,-0.18594810625,6.966208333333333,-1.318820833333333,9,2022,BASE+ALL
2023-04-05,18.685046673895677,18.09970474243164,18.76643366541164,-5.942167356712517,12.40225443125661,12.616450671972007,7.624646539999999,5.229345833333333,-1.318820833333333,9,2022,BASE+ALL
2023-04-06,18.526001497264993,16.97420883178711,18.12121531022009,-1.342582583866072,13.069710763851528,13.230502199026741,-4.59084035,-1.1780541666666664,-1.318820833333333,9,2022,BASE+ALL
2023-04-07,19.33903952525796,18.086162567138672,20.150959670361825,-7.535187056651068,12.510243676526848,12.74300402914546,-10.324425066666665,-4.880354166666666,-1.318820833333333,9,2022,BASE+ALL
2023-04-08,20.373075630598876,17.565595626831055,18.63340546957404,4.995472041182339,15.391887192046578,15.494159599274656,-1.1983358709999998,-0.1047500000000001,-1.318820833333333,9,2022,BASE+ALL
2023-04-09,19.6785733293367,17.1125431060791,18.444870576077587,6.766863279882568,15.500712572843991,15.586141003568175,5.6701972000000005,3.749225000000001,-1.318820833333333,9,2022,BASE+ALL
2023-04-10,20.6438948235638,15.66300106048584,16.90132850271317,13.60086972077718,16.702273526884998,16.700090755551603,-6.455529961538462,-2.6646541666666663,-1.318820833333333,9,2022,BASE+ALL
2023-04-11,25.916197998848567,18.485137939453125,21.79538533123648,21.317554464227623,21.87856893344145,21.831479890314867,0.5494563038461538,2.943058333333333,-1.318820833333333,9,2022,BASE+ALL
2023-04-12,32.77983082130011,28.19499397277832,28.252729811933275,25.281961798747258,28.627379101189742,28.627986638776214,-0.4000186666666667,5.5697,-1.318820833333333,9,2022,BASE+ALL
2023-04-13,20.489242863637067,20.574493408203125,19.80638461589356,0.353974612235433,15.306023874992295,15.48154486177377,3.3728241071428573,3.76135,-1.318820833333333,9,2022,BASE+ALL
2023-04-14,20.443853652863343,18.329269409179688,18.27927399492642,7.253593921706827,16.07649774466907,16.162759544082828,11.7397495,11.014591666666668,-1.318820833333333,9,2022,BASE+ALL
2023-04-15,19.703064713208462,17.365007400512695,17.29811222993443,-12.007978044835486,10.589551574705027,10.836970084782928,26.98097173076923,19.153641666666665,-1.318820833333333,9,2022,BASE+ALL
2023-04-16,19.962829694610562,15.62567138671875,16.676955301017887,-10.802466409125165,10.365747493305507,10.582457027170102,3.612332125,7.9899625,-1.318820833333333,9,2022,BASE+ALL
2023-04-17,21.031602276773395,16.785329818725586,17.70387788601693,-11.396824815156616,11.030996291589823,11.263006797264133,10.289880529411764,10.413704166666667,-1.318820833333333,9,2022,BASE+ALL
2023-04-18,22.58335234979451,17.21237564086914,18.13938374280258,8.004432854154967,16.4848861469053,16.542148958704328,14.51381078125,15.4626875,-1.318820833333333,9,2022,BASE+ALL
2023-04-19,23.221992334967712,17.059986114501953,18.722677671885037,6.301171677093354,16.326456949612012,16.39742462516215,18.224262666666668,17.134875,-1.318820833333333,9,2022,BASE+ALL
2023-04-20,27.45093667025235,26.655851364135742,29.123392009509132,26.30676596531045,27.384236502301917,27.397482619642087,15.520496,16.00695,-1.318820833333333,9,2022,BASE+ALL
2023-04-21,29.865892324476572,29.329450607299805,32.29286890539951,8.059786324659289,24.886999540458795,25.09042417691386,21.709779444444443,21.67585833333333,-1.318820833333333,9,2022,BASE+ALL
2023-04-22,27.624758926154243,31.235301971435547,30.890127882303346,7.982550366870502,24.43318478669091,24.657824171150637,17.119768571428573,19.60758333333333,-1.318820833333333,9,2022,BASE+ALL
2023-04-23,25.656540763380818,29.045995712280273,27.594833569047665,3.282999525610112,21.395092392579716,21.634253652314275,12.612752636363636,15.3193125,-1.318820833333333,9,2022,BASE+ALL
2023-04-24,25.121424273770273,29.767120361328125,28.96703761346285,6.838428753841615,22.673502750600715,22.898356105130254,5.90218109375,7.7974875,-1.318820833333333,9,2022,BASE+ALL
2023-04-25,26.800349012253427,31.347143173217773,30.945169677884895,11.592976470344713,25.171409583425202,25.36986985957535,6.105795779411765,11.16755,-1.318820833333333,9,2022,BASE+ALL
2023-04-26,28.112660189522018,32.732872009277344,34.40599175633867,17.1719755235118,28.105874869662458,28.279769623677865,12.4591329375,12.962675,-1.318820833333333,9,2022,BASE+ALL
2023-04-27,27.73018116086213,33.718780517578125,33.4746803713619,18.899510299800443,28.45578808740065,28.619405275152893,-4.545890714285715,3.145325,-1.318820833333333,9,2022,BASE+ALL
2023-04-28,25.556164035072985,31.33648681640625,29.39935372693454,8.784607761980201,23.76915308509849,23.990275150887896,3.550135444444445,6.065579166666667,-1.318820833333333,9,2022,BASE+ALL
2023-04-29,25.584456062797365,32.508766174316406,33.713628607168175,5.644039087335624,24.362722482904392,24.647110371238988,17.81319776923077,21.07814583333333,-1.318820833333333,9,2022,BASE+ALL
2023-04-30,24.629297971537675,31.73972511291504,30.94277484003328,6.940071426401939,23.562967337721986,23.818220886124827,8.476530892857143,8.540695833333332,-1.318820833333333,9,2022,BASE+ALL
2023-05-01,23.107820640697312,31.923856735229492,30.428547986291893,6.058632866718931,22.879714557234408,23.149829132541612,9.909446428571428,10.6379625,-1.318820833333333,9,2022,BASE+ALL
2023-05-02,24.998697232107002,33.34132385253906,33.321025214709515,6.727016342175279,24.597015660382713,24.879858307957228,4.082171562499999,6.185204166666666,-1.318820833333333,9,2022,BASE+ALL
2023-05-03,28.17458628627114,34.871131896972656,37.83354476370322,32.66803200509243,33.386823738009866,33.46130052847545,6.958755928571428,7.052491666666668,-1.318820833333333,9,2022,BASE+ALL
2023-05-04,23.824589041438802,25.543481826782227,26.556955331033404,7.84917263067916,20.9435497074834,21.11628943923661,16.5311948,11.735375,-1.318820833333333,9,2022,BASE+ALL
2023-05-05,19.882340147380482,18.249265670776367,18.919213160416945,-5.95825615593672,12.77314070565927,12.98297578976631,0.5370248,2.2041791666666666,-1.318820833333333,9,2022,BASE+ALL
2023-05-06,18.46939516064604,16.836944580078125,18.49043626850196,-8.24371168360372,11.388266081405602,11.611673195404041,3.1550645000000004,5.2708208333333335,-1.318820833333333,9,2022,BASE+ALL
2023-05-07,17.92880540953855,16.071435928344727,18.283420824745562,-11.546455902771973,10.184301564964217,10.432287981242915,10.238279411764706,9.005479166666666,-1.318820833333333,9,2022,BASE+ALL
2023-05-08,17.8874963670955,13.515305519104004,16.7686325908454,-6.253895687917982,10.47938469728173,10.649775039360637,-18.880299583333336,-7.3265875,-1.318820833333333,9,2022,BASE+ALL
2023-05-09,17.04300482533281,11.450764656066895,15.264949900946508,-6.405816168861971,9.33822580337106,9.488131134817445,-8.788152857142856,-4.129545833333333,-1.318820833333333,9,2022,BASE+ALL
2023-05-10,16.13709313839705,11.2606201171875,11.595835324725778,-6.777667231347607,8.05397033724068,8.188921944208492,-18.16581366666667,-14.583179166666667,-1.318820833333333,9,2022,BASE+ALL
2023-05-11,15.798868813221983,10.882819175720215,11.071101046795295,-14.815432886698732,5.734339037259691,5.936231825897275,-22.828321363636363,-8.997666666666666,-1.318820833333333,9,2022,BASE+ALL
2023-05-12,15.532145038303456,12.435624122619629,13.011204379177807,-13.908706670947335,6.767566717288388,6.98764865493221,-13.20406559090909,-7.419029166666667,-1.318820833333333,9,2022,BASE+ALL
2023-05-13,15.826355684215644,12.820443153381348,12.188082493071805,-14.455630365092505,6.5948127413940725,6.816535436580866,16.9097693,11.328404166666669,-1.318820833333333,9,2022,BASE+ALL
2023-05-14,14.011464648435258,11.478951454162598,10.5175792275092,-13.417754502707908,5.647560206849787,5.848849907473797,33.18535979,25.658891666666666,-1.318820833333333,9,2022,BASE+ALL
2023-05-15,12.800269558558856,11.222574234008789,10.665335737337253,-12.08754268933406,5.650159210142711,5.845079256965623,28.15508093333333,25.471520833333333,-1.318820833333333,9,2022,BASE+ALL
2023-05-16,11.211019026258464,11.061958312988281,10.310796287931442,-15.850793203688529,4.183245105872415,4.416993692736976,39.67455464285714,27.933879166666667,-1.318820833333333,9,2022,BASE+ALL
2023-05-17,11.861905422206933,11.411092758178711,10.843711963632721,-9.929268018886033,6.046860531283082,6.230519958986612,-49.7606,-14.2142375,-1.318820833333333,9,2022,BASE+ALL
2023-05-18,17.23034380450884,19.694976806640625,21.078851780343044,12.217689443901047,17.55546545884839,17.643818659764197,19.423519833333334,12.509312499999998,-1.318820833333333,9,2022,BASE+ALL
2023-05-19,21.989236775654312,24.117145538330078,26.239060693706794,6.278233444030494,19.65591911293042,19.838779619737338,9.445021,7.1566,-1.318820833333333,9,2022,BASE+ALL
2023-05-20,25.1946614319317,28.87333869934082,28.278522998805958,9.881299947332106,23.056955769352648,23.24265913821602,-38.764729,-11.330079166666666,-1.318820833333333,9,2022,BASE+ALL
2023-05-21,26.40050398702248,32.92378234863281,32.415800735052144,9.575148176446266,25.328808811788424,25.569604408773746,5.875312307692308,11.5693625,-1.318820833333333,9,2022,BASE+ALL
2023-05-22,25.447098328843456,31.596187591552734,29.332183962486386,11.22819835965517,24.400917060634434,24.602770539204805,20.00671333333333,13.563583333333334,-1.318820833333333,9,2022,BASE+ALL
2023-05-23,26.096597955893472,32.69462585449219,29.41535792227308,7.63432927615607,23.960227752203703,24.20026100202252,-17.266052314285712,4.9339458333333335,-1.318820833333333,9,2022,BASE+ALL
2023-05-24,28.757457522147487,32.05161666870117,30.103520018963145,11.291633275897926,25.55105687142743,25.742314971361985,-7.983495999999997,4.896929166666667,-1.318820833333333,9,2022,BASE+ALL
2023-05-25,32.88940636784338,37.24906539916992,35.498948570297,12.620975596952224,29.56459898356563,29.797331960136088,9.3349105,15.659120833333333,-1.318820833333333,9,2022,BASE+ALL
2023-05-26,36.48278985996927,36.92996597290039,36.071532410669164,18.639673751959823,32.030990498874665,32.19085583597203,31.59020375,25.4876375,-1.318820833333333,9,2022,BASE+ALL
2023-05-27,37.68105213651916,34.626895904541016,32.92812206607916,17.010493707888816,30.56164095375704,30.69099958002234,,32.14442916666666,-1.318820833333333,9,2022,BASE+ALL
2023-05-28,37.643280068465565,34.68906021118164,31.90038822782958,20.451739696525756,31.171117051000635,31.264580401594117,,26.7676,-1.318820833333333,9,2022,BASE+ALL
2023-05-29,38.6088755014702,32.25148391723633,32.197773270022,19.472718848373265,30.63271288427545,30.710383222848794,,23.661033333333336,-1.318820833333333,9,2022,BASE+ALL
2023-05-30,42.99348630421162,35.8128547668457,36.06934325017382,22.879201014999293,34.43872133405761,34.51500331700734,,12.473808333333332,-1.318820833333333,9,2022,BASE+ALL
2023-05-31,33.74315653812949,26.61802864074707,24.955982017271435,8.132970717870936,23.36253447850473,23.477089483209816,-7.1023955,-2.462916666666666,-1.318820833333333,9,2022,BASE+ALL
2023-06-01,31.101903244873665,23.714426040649414,21.447534980632916,-1.1711409108921629,18.773180838815957,18.939540418076916,-32.71731033333334,-19.78105,-1.318820833333333,9,2022,BASE+ALL
2023-06-02,29.00734885136885,20.94698715209961,20.815818395284357,3.4324969278113,18.550662831641027,18.660424148509186,10.984374396428572,6.071241666666666,-1.318820833333333,9,2022,BASE+ALL
2023-06-03,28.177473761733733,22.241111755371094,20.996083787330758,-1.1993170140418634,17.55383807259843,17.72150752197082,30.354039375,12.38615,-1.318820833333333,9,2022,BASE+ALL
2023-06-04,26.177909034604617,22.361562728881836,21.16542654930353,-1.5963764942646606,17.02713045463133,17.211524959285935,-12.293305714285715,-0.7707208333333337,-1.318820833333333,9,2022,BASE+ALL
2023-06-05,23.92050788455419,20.192562103271484,19.403524983483535,-2.1527443222105305,15.34096266227467,15.513934972864424,19.66660166666667,12.310170833333336,-1.318820833333333,9,2022,BASE+ALL
2023-06-06,22.489860797036876,19.903156280517578,19.356150690804434,-1.8126759568328907,14.9841229528815,15.159308989681966,6.3035253846153845,3.9024875,-1.318820833333333,9,2022,BASE+ALL
2023-06-07,22.728626290813036,19.44698143005371,19.44989638780302,2.2242367056672627,15.96243520358426,16.09708619224684,-43.11344,-12.852425000000002,-1.318820833333333,9,2022,BASE+ALL
2023-06-08,22.303315569390797,19.15789222717285,19.34065096833784,7.759187943059612,17.140261676990274,17.225011237560008,25.5509863125,4.606112500000001,-1.318820833333333,9,2022,BASE+ALL
2023-06-09,22.19377098190104,21.13825035095215,20.585830715319545,6.50683734234288,17.606172347628902,17.726958585340697,-26.17410513333333,-16.781683333333334,-1.318820833333333,9,2022,BASE+ALL
2023-06-10,21.87101958526112,18.58880615234375,18.85438588224119,-7.312251808508069,13.0004899528345,13.213765498432318,13.587651,9.637508333333336,-1.318820833333333,9,2022,BASE+ALL
2023-06-11,19.58396545325134,18.898723602294922,21.232052352938314,-4.8613199017291855,13.713355376688845,13.934342308958032,57.83936881818182,32.5169625,-1.318820833333333,9,2022,BASE+ALL
2023-06-12,18.08624959028448,17.194778442382812,17.21342239050365,-8.359512527646682,11.033734473881065,11.255822384554355,10.34267434375,7.371300000000001,-1.318820833333333,9,2022,BASE+ALL
2023-06-13,19.872809756909163,18.574987411499023,20.35276359289682,-7.900513448242659,12.725011828265586,12.963410536804965,-10.298215375,2.6146541666666665,-1.318820833333333,9,2022,BASE+ALL
2023-06-14,21.0015346320883,21.13651466369629,22.90060417661532,1.0973697332603545,16.534005801415066,16.723162040380263,11.816389909090908,6.81935,-1.318820833333333,9,2022,BASE+ALL
2023-06-15,18.88989423222472,19.25116539001465,19.61715769406652,-3.83904375273988,13.479793390891501,13.689046511620003,-9.17996984375,-5.38205,-1.318820833333333,9,2022,BASE+ALL
2023-06-16,20.364536773337242,19.864765167236328,19.969630090808195,-2.4601066537976592,14.434706344396027,14.63080991360912,-2.4160745384615385,17.684725,-1.318820833333333,9,2022,BASE+ALL
2023-06-17,21.16514762913886,20.029033660888672,22.081630332233967,-5.193327114847978,14.520621126853381,14.750417901492746,3.260095939583333,4.0968125,-1.318820833333333,9,2022,BASE+ALL
2023-06-18,18.65395296599964,16.68767738342285,17.382132392610615,-11.141605258582969,10.395539370862533,10.635824558559765,-7.307863428571428,-5.049854166666667,-1.318820833333333,9,2022,BASE+ALL
2023-06-19,19.277166120060443,16.808866500854492,17.671910320896757,-5.326442213760515,12.107875182012794,12.295783104038847,-4.562906916666667,-2.1611666666666665,-1.318820833333333,9,2022,BASE+ALL
2023-06-20,18.88283633735592,15.165068626403809,16.464170649932267,-7.624021340317189,10.722013568343701,10.911327552184549,1.5539701666666668,3.737208333333333,-1.318820833333333,9,2022,BASE+ALL
2023-06-21,17.98432278696081,12.05627727508545,16.04102683873129,-10.3233172780755,8.939577405675513,9.128786004600437,-3.558007384615385,-1.5394166666666669,-1.318820833333333,9,2022,BASE+ALL
2023-06-22,18.06912363471759,12.380159378051758,15.120377537208268,-6.364255572853185,9.801351244281108,9.952253100086281,-3.035883769230769,-1.174825,-1.318820833333333,9,2022,BASE+ALL
2023-06-23,17.837665039246673,13.07624626159668,13.279755328412808,-5.178113904190461,9.753888181266424,9.890622816192087,-29.37821544736842,-23.302479166666668,-1.318820833333333,9,2022,BASE+ALL
2023-06-24,20.104695554989764,14.457657814025879,15.835341157900189,2.564993159714863,13.240671921657672,13.322900958426466,41.604728892857146,26.30456666666667,-1.318820833333333,9,2022,BASE+ALL
2023-06-25,18.682810805811506,12.975733757019043,15.673492619302758,6.886380701785082,13.554604470979598,13.59276025652144,18.507761818181816,11.876154166666666,-1.318820833333333,9,2022,BASE+ALL
2023-06-26,18.938711176421062,12.386163711547852,16.875454856127845,3.017228315605113,12.804389514925468,12.877540741478406,-26.764911666666663,-20.224308333333333,-1.318820833333333,9,2022,BASE+ALL
2023-06-27,19.675504287306573,12.30118179321289,18.165069195178745,0.5903396488878592,12.683023731146516,12.780510317267025,-81.62119210526316,-65.38177083333333,-1.318820833333333,9,2022,BASE+ALL
2023-06-28,19.722493738775416,12.444043159484863,19.295453426198335,-3.4952448594939085,11.991686366241176,12.133100109033139,-11.638013714285714,-14.830891666666666,-1.318820833333333,9,2022,BASE+ALL
2023-06-29,19.497598173623707,12.180145263671875,17.260315049910293,0.2403144129259686,12.294593225032962,12.389798420570768,22.246705416666668,6.395995833333334,-1.318820833333333,9,2022,BASE+ALL
2023-06-30,20.45438890823693,12.367217063903809,19.015855202514736,8.361262413085182,15.049680896935165,15.079395455410928,-31.440953125,-12.65285,-1.318820833333333,9,2022,BASE+ALL
2023-07-01,20.7772192057126,16.095415115356445,21.61612664661233,11.102431294075362,17.397798065439183,17.44862964071641,11.4657975,11.991324999999998,-1.318820833333333,9,2022,BASE+ALL
2023-07-02,18.69788198939367,17.390106201171875,23.147759124443475,4.898601943170604,16.033587314544906,16.171259687528366,34.9289015,14.213658333333331,-1.318820833333333,9,2022,BASE+ALL
2023-07-03,20.695451935011878,16.407777786254883,22.600667858721163,15.99531514984,18.92480318245698,18.941128111438722,-24.112591666666663,-12.115770833333334,-1.318820833333333,9,2022,BASE+ALL
2023-07-04,19.66010726523625,15.118868827819824,17.847167835715762,-5.460910159809544,11.791308442240574,11.964850152658785,,6.896575,-1.318820833333333,9,2022,BASE+ALL
2023-07-05,18.45412474021303,12.377556800842285,18.382074773058115,2.425543612144324,12.909824981564437,12.999769800630444,3.049516785714286,4.454125,-1.318820833333333,9,2022,BASE+ALL
2023-07-06,19.926873921277668,12.781960487365723,17.659732427925988,7.15734273050025,14.381477391767408,14.420362203406977,17.967241133333335,11.237025,-1.318820833333333,9,2022,BASE+ALL
2023-07-07,102.5318898491651,65.17700958251953,92.06028542990211,89.85129901211768,87.4051209684261,87.13627353318438,46.13086055555556,39.56304166666667,-1.318820833333333,9,2022,BASE+ALL
2023-07-08,114.4251671802389,72.0146484375,125.02963117361261,85.27844455563978,99.18697283674783,99.145701288046,4.0984599999999975,11.606366666666666,-1.318820833333333,9,2022,BASE+ALL
2023-07-09,120.43682397237139,72.46236419677734,125.92362355987602,79.72271034128124,99.6363805175765,99.61999221192076,96.5276795263158,84.25182916666667,-1.318820833333333,9,2022,BASE+ALL
2023-07-10,122.41366634561963,76.94042205810547,127.09477638778165,94.03586890004442,105.12118342288778,105.01186718626917,96.01628,77.89262916666667,-1.318820833333333,9,2022,BASE+ALL
2023-07-11,114.94737400630147,73.2151870727539,115.71604009813093,87.92173538308683,97.95008414006827,97.83763609021516,,26.366416666666662,-1.318820833333333,9,2022,BASE+ALL
2023-07-12,115.91575214736898,73.9006118774414,113.1616237938038,86.91035608716665,97.4720859764452,97.35397619195174,-0.2856208333333256,3.830795833333338,-1.318820833333333,9,2022,BASE+ALL
2023-07-13,117.69224002830295,75.52976989746094,115.81258836045723,80.6572266471361,97.4229562333393,97.38006904640687,1.4267800000000013,9.588016666666668,-1.318820833333333,9,2022,BASE+ALL
2023-07-14,114.61253984334137,79.55380249023438,114.66247713669897,93.85700046680908,100.67145498427095,100.55616234176838,69.61352413636364,61.62785,-1.318820833333333,9,2022,BASE+ALL
2023-07-15,106.0848316860887,75.07044982910156,103.49291696972463,89.7654701338292,93.60341715468603,93.46770790646619,35.17753269230769,62.343575,-1.318820833333333,9,2022,BASE+ALL
2023-07-16,109.44762073190373,75.8316650390625,99.75087236949672,85.701647946841,92.682951521826,92.5489460832167,43.746358138888894,51.473375,-1.318820833333333,9,2022,BASE+ALL
2023-07-17,106.45596213119856,75.95867919921875,113.42553669886783,76.9632351342792,93.20085329089109,93.24308495436254,121.2945930357143,85.9650625,-1.318820833333333,9,2022,BASE+ALL
2023-07-18,113.37723885054194,76.4608154296875,115.02783255471064,76.36334210392982,95.30730723471747,95.32998007607631,31.307306625,152.8835375,-1.318820833333333,9,2022,BASE+ALL
2023-07-19,117.80802884269785,71.3041000366211,104.65963450712017,78.14087318057058,92.97815914175243,92.85489610572802,37.56838119230769,62.38038333333333,-1.318820833333333,9,2022,BASE+ALL
2023-07-20,123.06915620998058,78.82970428466797,112.11441934418191,71.98652931033568,96.49995228729153,96.51041355998139,100.73077,89.21000833333333,-1.318820833333333,9,2022,BASE+ALL
2023-07-21,117.13632277627504,74.92767333984375,110.35952672761053,73.11484452351067,93.88459184180999,93.8744107067387,16.76242583333333,44.29487083333333,-1.318820833333333,9,2022,BASE+ALL
2023-07-22,105.88805560633189,75.79572296142578,103.83404993671057,102.94806508850766,97.11647339824398,96.87300514251793,42.0044,61.4897875,-1.318820833333333,9,2022,BASE+ALL
2023-07-23,105.89868446106553,74.1867904663086,94.9182702893606,82.19494425133998,89.29967236701867,89.1739929280525,24.732645307692305,51.49033333333333,-1.318820833333333,9,2022,BASE+ALL
2023-07-24,122.42672389154957,78.58317565917969,115.20732868257797,77.6794854784888,98.474178427949,98.45384028183292,79.45493958333333,100.1744125,-1.318820833333333,9,2022,BASE+ALL
2023-07-25,105.91315726580223,75.88560485839844,104.83620517356349,74.14792151807677,90.19572220396023,90.21459056153164,95.16989833333334,64.92093333333334,-1.318820833333333,9,2022,BASE+ALL
2023-07-26,107.57947737893838,75.1866226196289,100.60420720169202,79.10150488282241,90.61795302077041,90.55252486514075,21.163080714285712,54.36145,-1.318820833333333,9,2022,BASE+ALL
2023-07-27,100.00449614830515,75.14014434814453,100.52901608003943,99.19317696026783,93.71670838418925,93.51430187205868,152.31617071428573,135.19895416666665,-1.318820833333333,9,2022,BASE+ALL
2023-07-28,102.49931930486208,74.31612396240234,92.46600797405614,90.71716066705324,89.99965297709345,89.80388017942457,51.68199483333333,50.79060833333333,-1.318820833333333,9,2022,BASE+ALL
2023-07-29,99.27749272059113,74.73939514160156,96.53415353198268,101.07578642588174,92.90670695501427,92.66459764473984,87.84974023809524,86.15370416666667,-1.318820833333333,9,2022,BASE+ALL
2023-07-30,108.21833703143683,75.38495635986328,100.95806302410963,103.8609981147374,97.10558863253678,96.82048350505738,40.357486,73.95695,-1.318820833333333,9,2022,BASE+ALL
2023-07-31,109.20626522061212,76.75106048583984,110.03835850673475,118.22577608356625,103.55536507418824,103.20252655637718,155.478909,116.90309166666668,-1.318820833333333,9,2022,BASE+ALL
2023-08-01,109.94271294356429,74.47675323486328,107.16267883574963,107.36526871130414,99.73685343137032,99.43990259221866,109.3951290909091,80.18364166666667,-1.318820833333333,9,2022,BASE+ALL
2023-08-02,112.41210838550263,80.13015747070312,127.2193693487098,129.08055277318115,112.21054699452418,111.8738680666977,,87.807475,-1.318820833333333,9,2022,BASE+ALL
2023-08-03,121.50320028334394,77.2510986328125,123.51319022593579,100.26099745981315,105.63212165047635,105.45408898117675,205.29278892857147,150.55388333333337,-1.318820833333333,9,2022,BASE+ALL
2023-08-04,115.95037057093175,75.73992156982422,116.23862111282814,95.07055749633598,100.74986768748002,100.59301497605165,14.096986444444443,215.24594583333337,-1.318820833333333,9,2022,BASE+ALL
2023-08-05,114.79853734009372,73.90791320800781,125.0497014696924,127.6252925141164,110.34536113297759,109.94222294196881,,155.24306249999998,-1.318820833333333,9,2022,BASE+ALL
2023-08-06,115.9846651715856,75.6921157836914,124.55499253592724,94.6194881050354,102.7128153990599,102.60852813771707,110.9642155,87.49884166666668,-1.318820833333333,9,2022,BASE+ALL
2023-08-07,116.68404931090762,74.67402648925781,125.7355568685681,88.37703996196947,101.36766815767575,101.31318518308606,87.08921419230768,74.66362083333333,-1.318820833333333,9,2022,BASE+ALL
2023-08-08,114.80127835617519,74.8060302734375,120.63719188778754,97.55749869519308,101.95049980314833,101.79598868822578,0.3457883333333325,68.35785,-1.318820833333333,9,2022,BASE+ALL
2023-08-09,121.07888864975735,74.8301773071289,128.64793476277933,66.73012775693105,97.82178211914915,97.95356002720008,45.60672222222222,68.4314,-1.318820833333333,9,2022,BASE+ALL
2023-08-10,124.32432252163937,80.0416488647461,130.51390754164873,78.69917904512415,103.39476449328959,103.45772998991801,26.52999321428572,36.99114166666667,-1.318820833333333,9,2022,BASE+ALL
2023-08-11,122.15828525639903,76.07788848876953,127.1910086054056,82.13015528089045,101.88933440786616,101.88037307211397,70.70087486666667,63.041158333333335,-1.318820833333333,9,2022,BASE+ALL
2023-08-12,115.82782756996691,75.14573669433594,123.64023288122439,85.2389639539718,99.96319027487476,99.93300898709079,27.398531138888888,28.809616666666667,-1.318820833333333,9,2022,BASE+ALL
2023-08-13,111.15846806126547,74.56671142578125,114.39877349564979,80.43236159336251,95.13907864401475,95.1180820982307,108.590455,84.65306249999999,-1.318820833333333,9,2022,BASE+ALL
2023-08-14,108.21352969147475,74.63774871826172,105.75681713100697,84.99356553393532,93.40041526866969,93.30487926118917,15.693508620833336,35.019016666666666,-1.318820833333333,9,2022,BASE+ALL
2023-08-15,107.08331035673908,74.6203842163086,97.89627653402225,72.5643346579321,88.0410764412505,88.01562683496545,39.24557529411765,41.2892875,-1.318820833333333,9,2022,BASE+ALL
2023-08-16,103.57407136861868,78.5049819946289,106.16830840111164,68.59037408701232,89.20943396284288,89.32100704106018,1.6643118181818195,24.647458333333333,-1.318820833333333,9,2022,BASE+ALL
2023-08-17,112.33156382179993,78.60150909423828,105.69089728619728,79.19436608222131,93.9545840711142,93.92107435492161,51.61357546666667,58.2286,-1.318820833333333,9,2022,BASE+ALL
2023-08-18,103.70166792647376,86.72001647949219,129.54933472531914,130.6984914842998,112.66737765389621,112.43512397919213,41.4336925,107.56862916666668,-1.318820833333333,9,2022,BASE+ALL
2023-08-19,101.27620536068517,77.13542175292969,95.10982203738169,85.2261143265038,89.68689086937509,89.58646380590335,32.73812566666667,32.34005416666667,-1.318820833333333,9,2022,BASE+ALL
2023-08-20,101.33806146102837,78.35940551757812,105.61463182963756,71.6688326016967,89.24523285248519,89.33743445482439,22.220222696875,28.435320833333336,-1.318820833333333,9,2022,BASE+ALL
2023-08-21,67.14997790958444,55.04831314086914,72.78190110854237,55.40788195344484,62.5970185281102,62.63106676316493,-33.86031214285714,-29.92543333333333,-1.318820833333333,9,2022,BASE+ALL
2023-08-22,59.66162542832288,53.01911926269531,61.52795792406823,57.96774191893861,58.044111133506256,58.01336124059074,-22.458594375,-14.332470833333334,-1.318820833333333,9,2022,BASE+ALL
2023-08-23,60.68607870896838,61.114830017089844,68.78708251060733,54.165909954098495,61.188475297691014,61.29793784705981,-10.67591440909091,24.89188333333333,-1.318820833333333,9,2022,BASE+ALL
2023-08-24,56.4766720574275,56.31644058227539,62.138202362720776,60.863781725991714,58.94877418210385,58.94190651191781,13.140365,32.92037916666667,-1.318820833333333,9,2022,BASE+ALL
2023-08-25,51.482367741263126,54.37306594848633,57.45487280050038,58.25597812579707,55.39157115401173,55.39144686861612,3.209308846153846,4.431225,-1.318820833333333,9,2022,BASE+ALL
2023-08-26,52.79287806185327,51.51950454711914,56.702128794336474,61.49574017030321,55.627562893403024,55.56248460504888,-0.3350312083333338,0.2377041666666669,-1.318820833333333,9,2022,BASE+ALL
2023-08-27,51.76973429437884,51.51950454711914,58.71362257428699,66.11126843651898,57.02853246307599,56.940066512526904,-13.6381425,-3.0097291666666663,-1.318820833333333,9,2022,BASE+ALL
2023-08-28,52.51103864917706,53.661624908447266,60.385663003086044,64.17216250620064,57.682622266727755,57.635447611688335,-1.594600840625,-0.066329166666667,-1.318820833333333,9,2022,BASE+ALL
2023-08-29,50.35972675622898,52.712982177734375,56.800772078952015,60.90118826837119,55.19366732032164,55.15825132095975,-25.210017333333333,-14.235625,-1.318820833333333,9,2022,BASE+ALL
2023-08-30,51.20177804136846,53.00736999511719,57.74953380742802,59.84455211731422,55.45080849030697,55.42820095109691,-4.028892423076924,-1.6017541666666666,-1.318820833333333,9,2022,BASE+ALL
2023-08-31,53.69520581696422,58.01557540893555,75.1649197013127,101.99783623484548,72.21838429051448,71.95326464162702,-2.3012214285714285,74.50096666666666,-1.318820833333333,9,2022,BASE+ALL
2023-09-01,28.402477354871575,37.78956604003906,35.462371465951854,-4.869305142013175,24.196277429712328,24.61381388179844,-2.449245217857143,0.4969874999999999,-1.318820833333333,9,2022,BASE+ALL
2023-09-02,23.003459321157212,30.461496353149414,27.997555512579453,-5.190603612610371,19.067976893568925,19.41170211753994,-11.881772307692303,-5.9059,-1.318820833333333,9,2022,BASE+ALL
2023-09-03,21.504061298695955,28.016889572143555,26.956263512554823,-4.264196645448543,18.053254434486448,18.370057028375783,27.786173125,24.01235833333333,-1.318820833333333,9,2022,BASE+ALL
2023-09-04,20.01684958386,26.999298095703125,24.828911705736655,6.161693372210412,19.501688189377546,19.71292001773055,-16.508779615384615,-5.486958333333334,-1.318820833333333,9,2022,BASE+ALL
2023-09-05,18.37183712274021,23.765522003173828,24.36007107038714,2.883526896088473,17.345239273097413,17.56433654997222,-13.779479970588236,-14.007445833333334,-1.318820833333333,9,2022,BASE+ALL
2023-09-06,18.99048278194538,23.911386489868164,26.206337910298135,-6.519618959359431,15.647147055688063,15.95846341087622,-3.442267,-2.9431208333333334,-1.318820833333333,9,2022,BASE+ALL
2023-09-07,20.44936294236606,26.041929244995117,23.15650464002136,-1.7735542288190906,16.96856064964086,17.229776448376143,,35.369479166666665,-1.318820833333333,9,2022,BASE+ALL
2023-09-08,19.260399987878618,25.28630828857422,23.169385393960713,-0.564351236023434,16.78793560859753,17.038664040046804,,8.544316666666667,-1.318820833333333,9,2022,BASE+ALL
2023-09-09,20.25491917602593,24.612871170043945,23.41963944530956,-0.350405273975511,16.98425612935098,17.223248346619155,12.28641115,9.300879166666666,-1.318820833333333,9,2022,BASE+ALL
2023-09-10,20.25240074675211,20.75171661376953,20.09366625159971,3.649518291875804,16.18682547599929,16.337614643260224,-0.7905435041666663,2.009983333333333,-1.318820833333333,9,2022,BASE+ALL
2023-09-11,18.391678822626098,17.04047393798828,16.89959066796215,4.110314811542899,14.110514560029857,14.216972723718227,-9.34606019375,-5.423433333333334,-1.318820833333333,9,2022,BASE+ALL
2023-09-12,19.010014910453364,15.43139934539795,15.955390231225623,8.790361940193922,14.796791606817713,14.838884507929562,53.28961,25.1636125,-1.318820833333333,9,2022,BASE+ALL
2023-09-13,19.685580601627194,13.976053237915039,15.760597907433914,1.036344971877913,12.614644179713515,12.708228421014315,-8.94451415,20.207675,-1.318820833333333,9,2022,BASE+ALL
2023-09-14,18.353237488078072,11.973026275634766,15.06976606652755,-0.919594866413096,11.119108740956822,11.21628581826942,-2.1903472692307693,4.5445375,-1.318820833333333,9,2022,BASE+ALL
2023-09-15,20.73943099673556,13.049038887023926,13.501928923079412,8.10659580242434,13.849248652315811,13.852872025398876,12.92880409375,11.6428375,-1.318820833333333,9,2022,BASE+ALL
2023-09-16,21.13847970104358,13.607648849487305,13.849301729331374,3.682065969312017,13.06937406229357,13.116896851524961,,10.404229166666664,-1.318820833333333,9,2022,BASE+ALL
2023-09-17,27.245337367505247,14.616270065307617,22.529608350987484,36.02241341071013,25.10340729862762,24.88953868045575,-8.583547250000004,77.14594166666667,-1.318820833333333,9,2022,BASE+ALL
2023-09-18,21.68639129578872,7.48247766494751,10.881849629036358,17.806118992459854,14.464209395558111,14.313290044709742,-11.969733153846157,-4.827429166666666,-1.318820833333333,9,2022,BASE+ALL
2023-09-19,33.898167852053426,33.567359924316406,29.481126010487536,87.59502108484554,46.13541871792573,45.62957850309196,20.577089166666667,55.890237500000005,-1.318820833333333,9,2022,BASE+ALL
2023-09-20,38.62591051161821,43.43701171875,43.71485418469159,88.67006495478266,53.61196034246061,53.23874155603099,112.2880805,83.35881666666667,-1.318820833333333,9,2022,BASE+ALL
2023-09-21,39.53125055148287,39.81290817260742,42.41474144331642,56.40764169270713,44.54163546502846,44.41120496173612,73.9650045,45.40938333333333,-1.318820833333333,9,2022,BASE+ALL
2023-09-22,39.96180096145246,39.59749984741211,40.159625682026444,58.86688998518756,44.646454119019644,44.47660438050343,138.02398536363637,84.61179583333333,-1.318820833333333,9,2022,BASE+ALL
2023-09-23,42.182781391913835,39.802032470703125,41.54982613556721,60.0716560719878,45.90157401754299,45.7185881477218,-4.9889747,0.2823458333333329,-1.318820833333333,9,2022,BASE+ALL
2023-09-24,43.06975695742573,41.659976959228516,46.15248178522034,80.98658620653724,52.96720047710296,52.63661024750441,26.412855961538465,32.756462500000005,-1.318820833333333,9,2022,BASE+ALL
2023-09-25,41.682851719768564,40.498538970947266,46.25433243284962,62.10889172543466,47.63615371225003,47.4716343674212,110.39560705,93.85517916666667,-1.318820833333333,9,2022,BASE+ALL
2023-09-26,41.7447068506617,41.01333999633789,47.174215690771945,59.907236083125696,47.459874655224304,47.324405228964046,17.495006,18.73464166666667,-1.318820833333333,9,2022,BASE+ALL
2023-09-27,42.53775717717838,41.78911590576172,49.6678535685687,74.73095531862472,52.181420492533384,51.93124465822471,107.9906,125.15653333333334,-1.318820833333333,9,2022,BASE+ALL
2023-09-28,41.007757004978174,40.02060317993164,53.701313526756074,60.94603889050414,48.91892815054251,48.808438761075806,74.50454791666667,87.8660875,-1.318820833333333,9,2022,BASE+ALL
2023-09-29,39.26402267556028,39.09974670410156,54.1187349695236,61.18218857339807,48.416173230645875,48.30791452767929,-6.516501333333324,4.644395833333335,-1.318820833333333,9,2022,BASE+ALL
2023-09-30,40.310604592548785,40.550289154052734,54.67950251689795,65.53921158982031,50.26990196332994,50.13282620133299,-4.653274119047618,-5.889204166666669,-1.318820833333333,9,2022,BASE+ALL
2023-10-01,40.65274321554821,40.95018005371094,55.25291135619793,61.39603415041088,49.56296719396699,49.46758821037975,-12.063754705882353,0.2912208333333315,-1.318820833333333,9,2022,BASE+ALL
2023-10-02,44.29679338992625,44.84376525878906,64.35587371719744,60.42718337610667,53.480903935504855,53.460897253301994,10.86388,33.46682083333334,-1.318820833333333,9,2022,BASE+ALL
2023-10-03,39.613454590126736,41.298500061035156,53.19848958874929,66.1236862023544,50.058532610566395,49.91780567511309,-13.955659047619047,-6.626104166666667,-1.318820833333333,9,2022,BASE+ALL
2023-10-04,36.791371777401466,39.67594528198242,53.84813226650913,62.52610077111488,48.21038752425197,48.107332077518734,-57.69716911764706,-45.33997083333333,-1.318820833333333,9,2022,BASE+ALL
2023-10-05,38.19380375828324,40.87282943725586,55.25291135619793,61.206867066085366,48.88160290445559,48.800974928502946,-44.17784047894737,-35.3040875,-1.318820833333333,9,2022,BASE+ALL
2023-10-06,39.349774018455676,40.56125259399414,55.25291135619793,59.49170792185318,48.66391147262523,48.58939503466938,0.3513745882352937,1.2865541666666662,-1.318820833333333,9,2022,BASE+ALL
2023-10-07,46.924149253334726,44.99153137207031,60.71822671491313,54.941883465626745,51.893947701486226,51.88774580909007,49.53598590909091,40.068354166666666,-1.318820833333333,9,2022,BASE+ALL
2023-10-08,50.11453847232032,52.40702438354492,66.55055886560453,53.213846668669234,55.57149209753476,55.660734963192226,51.34329333333333,101.50775,-1.318820833333333,9,2022,BASE+ALL
2023-10-09,49.302558782807765,56.26554489135742,60.578079634661435,51.23364473643187,54.34495701131462,54.454026219002735,2.8338450000000024,23.874012500000003,-1.318820833333333,9,2022,BASE+ALL
2023-10-10,46.64642771838708,52.574806213378906,56.41734224680466,56.525337199258345,53.040978344457244,53.06171517556903,318.53587444444446,140.8276375,-1.318820833333333,9,2022,BASE+ALL
2023-10-11,41.72663377179881,50.63935852050781,55.25291135619793,60.694409707195646,52.07832833892505,52.06607345546854,55.891434375,48.319516666666665,-1.318820833333333,9,2022,BASE+ALL
2023-10-12,37.55708423232125,45.902496337890625,50.17545395376896,62.25634601225545,48.97284513405907,48.899466811920504,57.1996935,75.35471666666666,-1.318820833333333,9,2022,BASE+ALL
2023-10-13,36.17804835411444,37.57748794555664,52.20800698923385,60.109583793791245,46.518281770674044,46.41246624708222,70.938869375,58.515075,-1.318820833333333,9,2022,BASE+ALL
2023-10-14,33.2944379571604,34.64351272583008,50.9636272039664,35.842183759378855,38.68594041158393,38.77930060484826,38.779470833333335,33.2784625,-1.318820833333333,9,2022,BASE+ALL
2023-10-15,35.864205603746946,37.70746612548828,53.965421889194864,31.00403273735046,39.63528158894513,39.80121556501596,36.70047315384616,36.795825,-1.318820833333333,9,2022,BASE+ALL
2023-10-16,37.28458413308356,37.36394500732422,56.59631964682637,45.90967511346673,44.288630975175224,44.32686332526232,52.483650833333336,45.8804625,-1.318820833333333,9,2022,BASE+ALL
2023-10-17,36.27221860354438,36.12743377685547,53.4475722594445,57.46776580065108,45.828747610123855,45.740791283930804,-10.989856666666666,2.306095833333333,-1.318820833333333,9,2022,BASE+ALL
2023-10-18,72.83985194128832,83.35122680664062,109.59564053344664,103.69070192892218,92.36935530257443,92.4025537237928,,81.66513333333333,-1.318820833333333,9,2022,BASE+ALL
2023-10-19,39.23501066234684,46.31321334838867,52.41010621368051,43.21729065570757,45.293905220030894,45.39697153464155,,35.00633333333334,-1.318820833333333,9,2022,BASE+ALL
2023-10-20,34.592214156416354,39.416500091552734,53.24714265521121,36.50175044107692,40.939401836064306,41.07398727271119,71.66159916666668,32.3969,-1.318820833333333,9,2022,BASE+ALL
2023-10-21,32.613178406089816,34.61984634399414,50.60414404898038,38.38414654866091,39.05532883693131,39.127590240862936,23.235300126923075,22.56856666666667,-1.318820833333333,9,2022,BASE+ALL
2023-10-22,33.46987858301281,33.07036590576172,49.19435073252438,32.590958632612725,37.08138846347791,37.17872737235658,11.878508133333332,13.583725,-1.318820833333333,9,2022,BASE+ALL
2023-10-23,32.481640649891624,34.78886413574219,52.71207233627498,38.64275310801016,39.65633255747974,39.74093814988852,63.69453615384615,43.83208333333334,-1.318820833333333,9,2022,BASE+ALL
2023-10-24,33.67202631712184,35.745853424072266,51.68224772674226,31.594637959582503,38.173691356879715,38.3163450627048,13.589004083333334,13.863954166666666,-1.318820833333333,9,2022,BASE+ALL
2023-10-25,33.81005002315623,37.52785873413086,55.52715523560586,40.65207388703297,41.879284469981485,41.97869815188754,26.42775375,27.806183333333333,-1.318820833333333,9,2022,BASE+ALL
2023-10-26,30.030686215414224,32.806278228759766,48.41242409538741,36.99583057207313,37.06130477790863,37.13184832106998,-8.362994947368422,-3.2857125000000007,-1.318820833333333,9,2022,BASE+ALL
2023-10-27,20.212957586215282,23.696645736694336,34.9847521189191,4.560966151650039,20.863830398369686,21.11996301241056,-0.0537014230769232,2.705341666666667,-1.318820833333333,9,2022,BASE+ALL
2023-10-28,16.67035313903057,18.032785415649414,24.013248527658604,14.89271413480598,18.402275304286142,18.473124056277864,9.385130868421054,9.127245833333337,-1.318820833333333,9,2022,BASE+ALL
2023-10-29,17.702045704349377,17.111982345581055,20.612647027380024,17.33719960685131,18.19096867104044,18.20636623368589,11.253038461538464,9.445879166666666,-1.318820833333333,9,2022,BASE+ALL
2023-10-30,16.917207290050165,16.429508209228516,19.65691596843282,8.911891214016936,15.478880670432108,15.562001392848533,1.1776544999999998,2.463883333333333,-1.318820833333333,9,2022,BASE+ALL
2023-10-31,16.002992949652473,14.122703552246094,18.444298885258124,11.96683313101759,15.134207129543572,15.168398991066907,12.490627083333331,10.1145625,-1.318820833333333,9,2022,BASE+ALL
2023-11-01,20.023399283895483,13.20865535736084,24.871718936136848,25.638786047573777,20.935639906241736,20.8561275704022,-1.8983995,14.832170833333334,-1.318820833333333,9,2022,BASE+ALL
2023-11-02,41.573508385183814,30.19704246520996,45.87985941775835,49.01090203644711,41.665328076149805,41.527404992660905,3.1008466666666665,63.334316666666666,-1.318820833333333,9,2022,BASE+ALL
2023-11-03,16.974317465888934,19.736177444458008,28.846047154299107,11.153206679894478,19.17743718613513,19.322940300578367,-3.760341961538463,0.0450416666666666,-1.318820833333333,9,2022,BASE+ALL
2023-11-04,17.33778456630818,16.249004364013672,20.31888638493403,18.61920350476024,18.13121970500403,18.1281464837935,-4.730614,12.107741666666668,-1.318820833333333,9,2022,BASE+ALL
2023-11-05,17.719304735065453,14.574776649475098,16.25291801013334,13.837979674747787,15.596244767355419,15.595146813381987,4.0090746818181815,4.934341666666667,-1.318820833333333,9,2022,BASE+ALL
2023-11-06,16.33233544984426,11.295764923095703,14.82097130452043,11.958934191930355,13.602001467347687,13.588821657863638,1.5567116666666667,5.033533333333334,-1.318820833333333,9,2022,BASE+ALL
2023-11-07,15.160821913463373,11.259135246276855,11.587356890103415,8.870535278553024,11.719462332099166,11.720826363008202,10.280500892857145,9.204704166666668,-1.318820833333333,9,2022,BASE+ALL
2023-11-08,14.754566255976108,11.981839179992676,11.728527430492667,20.34868075775186,14.70340340605333,14.612112128530068,-6.9240953125,7.948033333333334,-1.318820833333333,9,2022,BASE+ALL
2023-11-09,18.180782358104768,12.952204704284668,14.606884585014113,23.43615956166804,17.294007802267895,17.18147683738933,11.059863363636364,12.991216666666666,-1.318820833333333,9,2022,BASE+ALL
2023-11-10,19.41626025062636,11.639301300048828,10.495878758789512,22.48983876316358,16.01031976815707,15.863760682010835,12.3819025,13.000783333333333,-1.318820833333333,9,2022,BASE+ALL
2023-11-11,16.96028967036776,11.215482711791992,11.02434040938589,3.839634079663377,10.759936717802255,10.79223068285272,2.08609125,2.5759541666666665,-1.318820833333333,9,2022,BASE+ALL
2023-11-12,24.001945422628406,12.940838813781738,19.911832405520364,32.34362071513749,22.299559339267,22.106669600146724,19.31948827777778,36.80054166666667,-1.318820833333333,9,2022,BASE+ALL
2023-11-13,33.79241313984252,25.11115837097168,28.745126941558553,34.0445678142741,30.423316566661715,30.31697402211685,46.33097727272728,31.06900416666667,-1.318820833333333,9,2022,BASE+ALL
2023-11-14,22.334281816323603,16.643753051757812,19.39430623021166,19.39417706945864,19.441629541937928,19.401680744719748,44.48209583333334,32.20704583333333,-1.318820833333333,9,2022,BASE+ALL
2023-11-15,15.886613634115516,14.651956558227539,16.722495207601565,5.776345148911911,13.259352637214132,13.34352406183167,8.630119666666667,7.775166666666666,-1.318820833333333,9,2022,BASE+ALL
2023-11-16,16.322995023873617,12.704692840576172,16.908994182605575,14.86175599368421,15.199609510184892,15.185096935923905,,6.554470833333333,-1.318820833333333,9,2022,BASE+ALL
2023-11-17,15.477324155046452,11.615253448486328,15.299025426326091,8.057203283711626,12.612201578392625,12.644008519588905,-22.35441346153846,-11.844779166666669,-1.318820833333333,9,2022,BASE+ALL
2023-11-18,24.059451169377734,18.66021728515625,18.837685967579592,28.551409345276124,22.527190941847426,22.410239313723192,13.401428833333336,16.43645833333333,-1.318820833333333,9,2022,BASE+ALL
2023-11-19,41.18655968792935,34.425601959228516,37.622213411262024,43.467791912982335,39.175541742850555,39.07637223991185,73.919037,54.907604166666665,-1.318820833333333,9,2022,BASE+ALL
2023-11-20,25.626328757472226,24.306669235229492,27.182160674249037,21.56168264758989,24.66921032863516,24.703217106665516,2.026726555555556,3.6312958333333327,-1.318820833333333,9,2022,BASE+ALL
2023-11-21,17.846449131322352,17.740137100219727,20.442231643760536,6.351863985355198,15.595170465164454,15.711692537437305,-4.624895,-1.8204666666666671,-1.318820833333333,9,2022,BASE+ALL
2023-11-22,16.239588110585114,15.734294891357422,16.25291801013334,3.107768949608822,12.833642490421173,12.946026712861013,-28.767852857142856,-7.846458333333333,-1.318820833333333,9,2022,BASE+ALL
2023-11-23,16.282118300202203,14.563159942626953,14.911812456254006,10.663247749689225,14.105084612193098,14.132181990061422,,9.401025,-1.318820833333333,9,2022,BASE+ALL
2023-11-24,15.604558940439329,11.943217277526855,12.017364300226784,7.99996699052387,11.891276877179209,11.906288677370636,6.579004666666666,5.702933333333333,-1.318820833333333,9,2022,BASE+ALL
2023-11-25,14.710484054952218,13.244638442993164,13.445459505086129,-5.177478887767936,9.055775778815892,9.212389541735519,-2.3248293,1.264425,-1.318820833333333,9,2022,BASE+ALL
2023-11-26,12.7164791262651,11.380613327026367,11.64306917249945,4.130828219869979,9.967747461415225,10.026226172427933,-38.4911625,-16.16785833333333,-1.318820833333333,9,2022,BASE+ALL
2023-11-27,10.854769013286559,10.99459457397461,10.481973898158884,8.725925446971392,10.26431573309786,10.28221524552032,17.889893125,13.167616666666667,-1.318820833333333,9,2022,BASE+ALL
2023-11-28,10.779768703099972,11.22279167175293,10.67218377186572,-7.357856992057144,6.32922178866537,6.493462309451865,4.2689547,3.313895833333333,-1.318820833333333,9,2022,BASE+ALL
2023-11-29,10.276883998824387,12.511995315551758,11.827594874356764,-6.709101686171945,6.976843125640241,7.155989261022224,5.555295769230768,5.151116666666666,-1.318820833333333,9,2022,BASE+ALL
2023-11-30,11.225445160594846,13.132586479187012,13.285000537614508,13.4493108191328,12.77308574913229,12.781824762207739,5.2316343,8.5719125,-1.318820833333333,9,2022,BASE+ALL
2023-12-01,10.723207494585596,12.545330047607422,11.877640776485496,-6.921955419178644,7.056055724874966,7.23518066882168,2.031036875000001,13.4971,-1.318820833333333,9,2022,BASE+ALL
2023-12-02,10.372141714847121,11.20720100402832,10.647902444258388,-3.704961057577535,7.130571026389074,7.264368535510291,110.99086965,58.38010416666668,-1.318820833333333,9,2022,BASE+ALL
2023-12-03,10.215309535273803,10.976585388183594,10.647902444258388,0.9577161483668312,8.199378379020654,8.290668035648183,,8.208470833333333,-1.318820833333333,9,2022,BASE+ALL
2023-12-04,31.66991024206538,24.595916748046875,46.41124952465317,48.72441151202092,37.85037200669659,37.72552688357937,48.74257383333333,104.963825,-1.318820833333333,9,2022,BASE+ALL
2023-12-05,15.663481681966081,16.355113983154297,25.91385805965636,6.90075923646199,16.208303240309682,16.352637003780174,19.34841714285714,21.314329166666667,-1.318820833333333,9,2022,BASE+ALL
2023-12-06,13.90158236152197,15.328577995300293,18.17415303902959,6.042964319212384,13.361819428766058,13.469078420961491,5.587843091666667,5.907941666666667,-1.318820833333333,9,2022,BASE+ALL
2023-12-07,31.078247133048233,25.55836296081543,47.12415789010849,45.91368485921463,37.41861321079669,37.33448323907645,30.34106913636364,42.43100833333333,-1.318820833333333,9,2022,BASE+ALL
2023-12-08,15.228043173578103,16.66866683959961,27.4481295264017,14.050606000658645,18.348861385059514,18.44387858102237,-1.7145953000000007,-0.3080791666666667,-1.318820833333333,9,2022,BASE+ALL
2023-12-09,33.86997346967929,29.932809829711914,36.72088494735557,38.59358868137895,34.77931423203143,34.720532400137415,0.6915953888888889,8.026774999999999,-1.318820833333333,9,2022,BASE+ALL
2023-12-10,32.95140530984975,29.95050811767578,32.58808157350521,29.43643043190885,31.231606358234895,31.23500391615083,0.1934864444444447,3.437645833333333,-1.318820833333333,9,2022,BASE+ALL
2023-12-11,17.173328158784322,20.966463088989258,22.372561958296345,10.526023733259963,17.759594234832473,17.881814985297623,7.021981,6.026504166666666,-1.318820833333333,9,2022,BASE+ALL
2023-12-12,14.382420869023738,16.881221771240234,18.460838883875375,7.413364227858342,14.284461437999422,14.391841467213991,4.077843,5.266108333333333,-1.318820833333333,9,2022,BASE+ALL
2023-12-13,12.012586934865846,15.81197452545166,18.617458596019656,5.735077114678756,13.044274292753979,13.171573288388988,8.448665833333333,7.489483333333333,-1.318820833333333,9,2022,BASE+ALL
2023-12-14,10.68834458040876,14.068971633911133,18.032588995572244,0.1412188812716799,10.732781022790954,10.898788061324739,8.267274055555555,7.391283333333334,-1.318820833333333,9,2022,BASE+ALL
2023-12-15,10.35690347658699,11.879796028137207,16.927305118448107,-2.055334010392897,9.277167653194851,9.439272257053206,-45.85927368421053,-44.40708333333333,-1.318820833333333,9,2022,BASE+ALL
2023-12-16,10.035164961108661,11.973026275634766,16.55693408765972,0.0666321219477339,9.65793936158772,9.801603139066758,-63.13362117647058,-58.08659166666666,-1.318820833333333,9,2022,BASE+ALL
