anchor_year,eval_tower,model,feature,importance,pvalue
2018,pooled,RF,fx_lsu_dens,0.3818634967668409,
2018,pooled,RF,ar_ch4_dlag1,0.18978731221207562,
2018,pooled,RF,ar_ch4_drm7,0.11349782622920873,
2018,pooled,RF,ar_ch4_dlag2,0.06692538926970897,
2018,pooled,RF,fx_TS_lag28,0.03162834102297515,
2018,pooled,RF,ar_ch4_dlag3,0.02090782195832786,
2018,pooled,RF,fx_PRECIP_sum,0.01554497989654166,
2018,pooled,RF,fx_WS_mean,0.013276267231769055,
2018,pooled,RF,fx_USTAR_mean,0.012752451146692195,
2018,pooled,RF,fx_TS_lag14,0.008688519995828488,
2018,pooled,RF,fx_wd_sin,0.007903525529758103,
2018,pooled,RF,fx_days_since_grazing,0.007892722923848338,
2018,pooled,RF,fx_TS_roll14,0.007845992810109172,
2018,pooled,RF,fx_DOY_cos,0.007210560138458648,
2018,pooled,RF,fx_TS_lag21,0.0063464436197992686,
2018,pooled,RF,ar_ch4_dlag14,0.006044684183982931,
2018,pooled,RF,fx_SWC_lag28,0.0058052610758048805,
2018,pooled,RF,ar_ch4_dlag7,0.005615300930584757,
2018,pooled,RF,fx_TA_mean,0.005496979403015617,
2018,pooled,RF,fx_VPD_mean,0.005421113663369811,
2018,pooled,RF,fx_grazing_active,0.005180171622929043,
2018,pooled,RF,fx_SWC_mean,0.00489961847444236,
2018,pooled,RF,fx_SWC_roll7,0.004878845251311918,
2018,pooled,RF,fx_TS_lag7,0.0046630512209831654,
2018,pooled,RF,fx_SHF_mean,0.00451130534967064,
2018,pooled,RF,fx_RN_mean,0.004399036765900326,
2018,pooled,RF,fx_TA_max,0.004335252456938232,
2018,pooled,RF,fx_SWIN_mean,0.004015387439552692,
2018,pooled,RF,fx_PPFD_mean,0.004008075673307819,
2018,pooled,RF,fx_TS_mean,0.0037853998491236196,
2018,pooled,RF,fx_SWC_lag7,0.003749607769995465,
2018,pooled,RF,fx_SWC_lag21,0.0036845085134032322,
2018,pooled,RF,fx_SWC_roll14,0.003633187581420057,
2018,pooled,RF,fx_TS_roll7,0.003560044071016603,
2018,pooled,RF,fx_DOY_sin,0.0033825448837609498,
2018,pooled,RF,ar_fc_dlag1,0.0032846555161968587,
2018,pooled,RF,fx_TA_min,0.003254585606383681,
2018,pooled,RF,fx_SWC_lag14,0.0030757506585889134,
2018,pooled,RF,fx_wd_cos,0.0030263909647722633,
2018,pooled,RF,is_t9,0.002137819464080825,
2018,pooled,RF,is_t4,0.000692249704193369,
2018,pooled,RF,fx_is_growing,0.0006813745781720643,
2018,pooled,RF,is_t2,0.0006680330001878414,
2018,pooled,RF,fx_is_winter,3.811357496806672e-05,
2018,pooled,XGB,fx_lsu_dens,0.21478943526744843,
2018,pooled,XGB,ar_ch4_dlag1,0.12241840362548828,
2018,pooled,XGB,fx_TS_lag28,0.05566622316837311,
2018,pooled,XGB,ar_ch4_dlag2,0.04583052918314934,
2018,pooled,XGB,ar_ch4_drm7,0.03808214142918587,
2018,pooled,XGB,fx_TA_min,0.03745383024215698,
2018,pooled,XGB,ar_ch4_dlag3,0.033969342708587646,
2018,pooled,XGB,fx_TA_mean,0.032371316105127335,
2018,pooled,XGB,fx_DOY_cos,0.027133451774716377,
2018,pooled,XGB,fx_PRECIP_sum,0.020933430641889572,
2018,pooled,XGB,is_t9,0.020560793578624725,
2018,pooled,XGB,fx_TS_lag14,0.020431116223335266,
2018,pooled,XGB,fx_grazing_active,0.018556881695985794,
2018,pooled,XGB,fx_SWC_roll14,0.01770191825926304,
2018,pooled,XGB,fx_days_since_grazing,0.017309194430708885,
2018,pooled,XGB,fx_WS_mean,0.01637064293026924,
2018,pooled,XGB,fx_TS_roll14,0.014997932128608227,
2018,pooled,XGB,fx_wd_sin,0.013130725361406803,
2018,pooled,XGB,fx_TS_lag21,0.013002438470721245,
2018,pooled,XGB,fx_SWC_roll7,0.012875384651124477,
2018,pooled,XGB,fx_TA_max,0.012482717633247375,
2018,pooled,XGB,fx_PPFD_mean,0.012407192960381508,
2018,pooled,XGB,fx_VPD_mean,0.012224391102790833,
2018,pooled,XGB,fx_SWC_lag28,0.012017800472676754,
2018,pooled,XGB,fx_TS_lag7,0.011995387263596058,
2018,pooled,XGB,fx_SWC_lag7,0.011514533311128616,
2018,pooled,XGB,fx_USTAR_mean,0.011079124175012112,
2018,pooled,XGB,fx_SWC_mean,0.01102721318602562,
2018,pooled,XGB,ar_ch4_dlag7,0.01102376077324152,
2018,pooled,XGB,fx_wd_cos,0.010014730505645275,
2018,pooled,XGB,is_t4,0.00978082139045,
2018,pooled,XGB,fx_RN_mean,0.009443654678761959,
2018,pooled,XGB,ar_ch4_dlag14,0.009287196211516857,
2018,pooled,XGB,fx_TS_roll7,0.009061097167432308,
2018,pooled,XGB,fx_SHF_mean,0.00897803995758295,
2018,pooled,XGB,fx_TS_mean,0.008975215256214142,
2018,pooled,XGB,ar_fc_dlag1,0.00816917885094881,
2018,pooled,XGB,fx_SWIN_mean,0.007244461216032505,
2018,pooled,XGB,fx_SWC_lag14,0.006822869181632996,
2018,pooled,XGB,fx_DOY_sin,0.006808014586567879,
2018,pooled,XGB,fx_SWC_lag21,0.006057509686797857,
2018,pooled,XGB,fx_is_growing,0.0,
2018,pooled,XGB,fx_is_winter,0.0,
2018,pooled,XGB,is_t2,0.0,
2018,pooled,LightGBM,ar_ch4_dlag1,228.0,
2018,pooled,LightGBM,fx_lsu_dens,220.0,
2018,pooled,LightGBM,ar_ch4_dlag2,141.0,
2018,pooled,LightGBM,ar_ch4_dlag3,134.0,
2018,pooled,LightGBM,fx_TS_lag28,134.0,
2018,pooled,LightGBM,ar_ch4_drm7,129.0,
2018,pooled,LightGBM,fx_PRECIP_sum,114.0,
2018,pooled,LightGBM,fx_USTAR_mean,107.0,
2018,pooled,LightGBM,fx_WS_mean,91.0,
2018,pooled,LightGBM,fx_wd_sin,89.0,
2018,pooled,LightGBM,fx_TS_lag21,81.0,
2018,pooled,LightGBM,fx_VPD_mean,75.0,
2018,pooled,LightGBM,ar_fc_dlag1,66.0,
2018,pooled,LightGBM,ar_ch4_dlag14,55.0,
2018,pooled,LightGBM,fx_TA_max,55.0,
2018,pooled,LightGBM,fx_TS_lag14,49.0,
2018,pooled,LightGBM,is_t9,45.0,
2018,pooled,LightGBM,fx_SWC_lag21,45.0,
2018,pooled,LightGBM,fx_DOY_cos,44.0,
2018,pooled,LightGBM,fx_TS_roll14,42.0,
2018,pooled,LightGBM,fx_PPFD_mean,42.0,
2018,pooled,LightGBM,fx_SHF_mean,38.0,
2018,pooled,LightGBM,fx_TA_mean,32.0,
2018,pooled,LightGBM,fx_SWC_mean,30.0,
2018,pooled,LightGBM,fx_TS_lag7,30.0,
2018,pooled,LightGBM,fx_SWIN_mean,28.0,
2018,pooled,LightGBM,fx_TS_mean,27.0,
2018,pooled,LightGBM,fx_wd_cos,27.0,
2018,pooled,LightGBM,fx_SWC_roll7,26.0,
2018,pooled,LightGBM,fx_SWC_lag28,24.0,
2018,pooled,LightGBM,fx_SWC_lag14,23.0,
2018,pooled,LightGBM,ar_ch4_dlag7,17.0,
2018,pooled,LightGBM,fx_SWC_roll14,16.0,
2018,pooled,LightGBM,fx_SWC_lag7,15.0,
2018,pooled,LightGBM,fx_days_since_grazing,14.0,
2018,pooled,LightGBM,fx_RN_mean,14.0,
2018,pooled,LightGBM,fx_TS_roll7,13.0,
2018,pooled,LightGBM,is_t4,13.0,
2018,pooled,LightGBM,fx_DOY_sin,12.0,
2018,pooled,LightGBM,fx_TA_min,9.0,
2018,pooled,LightGBM,is_t2,6.0,
2018,pooled,LightGBM,fx_is_growing,0.0,
2018,pooled,LightGBM,fx_grazing_active,0.0,
2018,pooled,LightGBM,fx_is_winter,0.0,
2018,2,SARIMAX,fx_USTAR_mean,19.031211855828435,0.4782638484042857
2018,2,SARIMAX,fx_lsu_dens,15.559036155856209,6.136557245119094e-56
2018,2,SARIMAX,fx_DOY_sin,13.635867752444806,0.0324164784247677
2018,2,SARIMAX,fx_VPD_mean,4.390392905314814,0.00025166835067218164
2018,2,SARIMAX,fx_WS_mean,2.6777910414998782,0.18062241887033426
2018,2,SARIMAX,fx_DOY_cos,1.3995457497509767,0.9020484953147647
2018,2,SARIMAX,fx_is_growing,0.7071997098780376,0.962740368075168
2018,2,SARIMAX,fx_PPFD_mean,0.012868385448724528,0.30092792692882253
2018,2,Ensemble_unweighted,fx_lsu_dens,59.03892227197262,
2018,2,Ensemble_unweighted,ar_ch4_dlag1,57.07805142895939,
2018,2,Ensemble_unweighted,ar_ch4_dlag2,35.27818897961321,
2018,2,Ensemble_unweighted,fx_TS_lag28,33.52182364104784,
2018,2,Ensemble_unweighted,ar_ch4_dlag3,33.51371929116673,
2018,2,Ensemble_unweighted,ar_ch4_drm7,32.2878949919146,
2018,2,Ensemble_unweighted,fx_USTAR_mean,31.513760857787535,
2018,2,Ensemble_unweighted,fx_PRECIP_sum,28.50911960263461,
2018,2,Ensemble_unweighted,fx_WS_mean,23.42685948791548,
2018,2,Ensemble_unweighted,fx_wd_sin,22.25525856272279,
2018,2,Ensemble_unweighted,fx_TS_lag21,20.25483722052263,
2018,2,Ensemble_unweighted,fx_VPD_mean,19.852009602520244,
2018,2,Ensemble_unweighted,ar_fc_dlag1,16.502863458591786,
2018,2,Ensemble_unweighted,fx_TA_max,13.754204492522547,
2018,2,Ensemble_unweighted,ar_ch4_dlag14,13.753832970098875,
2018,2,Ensemble_unweighted,fx_TS_lag14,12.257279909054791,
2018,2,Ensemble_unweighted,fx_DOY_cos,11.358472440416039,
2018,2,Ensemble_unweighted,is_t9,11.255674653260677,
2018,2,Ensemble_unweighted,fx_SWC_lag21,11.25243550455005,
2018,2,Ensemble_unweighted,fx_PPFD_mean,10.507320913520603,
2018,2,Ensemble_unweighted,fx_TS_roll14,10.50571098123468,
2018,2,Ensemble_unweighted,fx_SHF_mean,9.503372336326814,
2018,2,Ensemble_unweighted,fx_TA_mean,8.009467073877035,
2018,2,Ensemble_unweighted,fx_TS_lag7,7.504164609621145,
2018,2,Ensemble_unweighted,fx_SWC_mean,7.503981707915117,
2018,2,Ensemble_unweighted,fx_SWIN_mean,7.002814962163896,
2018,2,Ensemble_unweighted,fx_wd_cos,6.753260280367605,
2018,2,Ensemble_unweighted,fx_TS_mean,6.753190153776335,
2018,2,Ensemble_unweighted,fx_SWC_roll7,6.504438557475609,
2018,2,Ensemble_unweighted,fx_DOY_sin,6.411514577978783,
2018,2,Ensemble_unweighted,fx_SWC_lag28,6.00445576538712,
2018,2,Ensemble_unweighted,fx_SWC_lag14,5.752474654960055,
2018,2,Ensemble_unweighted,ar_ch4_dlag7,4.254159765425957,
2018,2,Ensemble_unweighted,fx_SWC_roll14,4.005333776460171,
2018,2,Ensemble_unweighted,fx_SWC_lag7,3.753816035270281,
2018,2,Ensemble_unweighted,fx_days_since_grazing,3.5063004793386394,
2018,2,Ensemble_unweighted,fx_RN_mean,3.5034606728611655,
2018,2,Ensemble_unweighted,fx_TS_roll7,3.2531552853096124,
2018,2,Ensemble_unweighted,is_t4,3.252618267773661,
2018,2,Ensemble_unweighted,fx_TA_min,2.260177103962135,
2018,2,Ensemble_unweighted,is_t2,1.500167008250047,
2018,2,Ensemble_unweighted,fx_is_growing,0.17697027111405242,
2018,2,Ensemble_unweighted,fx_grazing_active,0.005934263329728709,
2018,2,Ensemble_unweighted,fx_is_winter,9.52839374201668e-06,
2018,2,Ensemble_MASEweighted,fx_lsu_dens,60.20090913626881,
2018,2,Ensemble_MASEweighted,ar_ch4_dlag1,58.42579560088868,
2018,2,Ensemble_MASEweighted,ar_ch4_dlag2,36.111688480060295,
2018,2,Ensemble_MASEweighted,fx_TS_lag28,34.31422591326742,
2018,2,Ensemble_MASEweighted,ar_ch4_dlag3,34.305995820129155,
2018,2,Ensemble_MASEweighted,ar_ch4_drm7,33.050133538627634,
2018,2,Ensemble_MASEweighted,fx_USTAR_mean,31.977261633926346,
2018,2,Ensemble_MASEweighted,fx_PRECIP_sum,29.183090278683913,
2018,2,Ensemble_MASEweighted,fx_WS_mean,23.94106349855894,
2018,2,Ensemble_MASEweighted,fx_wd_sin,22.781424810626255,
2018,2,Ensemble_MASEweighted,fx_TS_lag21,20.733721354108496,
2018,2,Ensemble_MASEweighted,fx_VPD_mean,20.25643238387031,
2018,2,Ensemble_MASEweighted,ar_fc_dlag1,16.893055131933124,
2018,2,Ensemble_MASEweighted,fx_TA_max,14.079403845366011,
2018,2,Ensemble_MASEweighted,ar_ch4_dlag14,14.078995438666285,
2018,2,Ensemble_MASEweighted,fx_TS_lag14,12.547055663119483,
2018,2,Ensemble_MASEweighted,fx_DOY_cos,11.606327872127912,
2018,2,Ensemble_MASEweighted,is_t9,11.521843244631174,
2018,2,Ensemble_MASEweighted,fx_SWC_lag21,11.51847138346963,
2018,2,Ensemble_MASEweighted,fx_PPFD_mean,10.755561375612418,
2018,2,Ensemble_MASEweighted,fx_TS_roll14,10.754066461443186,
2018,2,Ensemble_MASEweighted,fx_SHF_mean,9.728050083953434,
2018,2,Ensemble_MASEweighted,fx_TA_mean,8.198872159821473,
2018,2,Ensemble_MASEweighted,fx_TS_lag7,7.681577610137705,
2018,2,Ensemble_MASEweighted,fx_SWC_mean,7.681385104594866,
2018,2,Ensemble_MASEweighted,fx_SWIN_mean,7.16836850773053,
2018,2,Ensemble_MASEweighted,fx_wd_cos,6.912931834622729,
2018,2,Ensemble_MASEweighted,fx_TS_mean,6.912848576145576,
2018,2,Ensemble_MASEweighted,fx_SWC_roll7,6.6582130247278695,
2018,2,Ensemble_MASEweighted,fx_DOY_sin,6.361383698558765,
2018,2,Ensemble_MASEweighted,fx_SWC_lag28,6.146395294021313,
2018,2,Ensemble_MASEweighted,fx_SWC_lag14,5.888473771007085,
2018,2,Ensemble_MASEweighted,ar_ch4_dlag7,4.354713352296537,
2018,2,Ensemble_MASEweighted,fx_SWC_roll14,4.100044350066246,
2018,2,Ensemble_MASEweighted,fx_SWC_lag7,3.842561811976556,
2018,2,Ensemble_MASEweighted,fx_days_since_grazing,3.5891614763746262,
2018,2,Ensemble_MASEweighted,fx_RN_mean,3.5862738923241637,
2018,2,Ensemble_MASEweighted,fx_TS_roll7,3.330058703523577,
2018,2,Ensemble_MASEweighted,is_t4,3.3295438592250886,
2018,2,Ensemble_MASEweighted,fx_TA_min,2.3136802693915417,
2018,2,Ensemble_MASEweighted,is_t2,1.5356305620360238,
2018,2,Ensemble_MASEweighted,fx_is_growing,0.17068558355381902,
2018,2,Ensemble_MASEweighted,fx_grazing_active,0.006064085851356831,
2018,2,Ensemble_MASEweighted,fx_is_winter,9.315537145019036e-06,
2018,2,TFT,dec:dec_9,0.15285497903823853,
2018,2,TFT,enc:enc_12,0.1413928121328354,
2018,2,TFT,dec:dec_25,0.1264907717704773,
2018,2,TFT,dec:dec_21,0.1067606583237648,
2018,2,TFT,dec:dec_1,0.08714752644300461,
2018,2,TFT,enc:enc_27,0.07914747297763824,
2018,2,TFT,enc:enc_7,0.0749165415763855,
2018,2,TFT,enc:enc_22,0.07277099043130875,
2018,2,TFT,enc:enc_20,0.0676272064447403,
2018,2,TFT,enc:enc_13,0.06558199971914291,
2018,2,TFT,dec:dec_19,0.059034835547208786,
2018,2,TFT,enc:enc_11,0.05298220366239548,
2018,2,TFT,enc:enc_6,0.04972488805651665,
2018,2,TFT,dec:dec_10,0.04790468513965607,
2018,2,TFT,dec:dec_23,0.04532347619533539,
2018,2,TFT,enc:enc_2,0.043555278331041336,
2018,2,TFT,enc:enc_4,0.04204591363668442,
2018,2,TFT,dec:dec_12,0.041294824331998825,
2018,2,TFT,dec:dec_8,0.040510665625333786,
2018,2,TFT,dec:dec_0,0.03500654175877571,
2018,2,TFT,dec:dec_5,0.0335267074406147,
2018,2,TFT,dec:dec_24,0.03346166014671326,
2018,2,TFT,enc:enc_5,0.032362233847379684,
2018,2,TFT,enc:enc_21,0.031297266483306885,
2018,2,TFT,dec:dec_6,0.025296371430158615,
2018,2,TFT,enc:enc_25,0.024871842935681343,
2018,2,TFT,dec:dec_14,0.024597538635134697,
2018,2,TFT,enc:enc_0,0.024376453831791878,
2018,2,TFT,enc:enc_17,0.02285696007311344,
2018,2,TFT,enc:enc_29,0.020320776849985123,
2018,2,TFT,dec:dec_13,0.020191559568047523,
2018,2,TFT,dec:dec_3,0.01993698813021183,
2018,2,TFT,enc:enc_16,0.019489597529172897,
2018,2,TFT,enc:enc_18,0.01771625690162182,
2018,2,TFT,enc:enc_8,0.017574546858668327,
2018,2,TFT,enc:enc_14,0.017435919493436813,
2018,2,TFT,enc:enc_28,0.017427681013941765,
2018,2,TFT,dec:dec_4,0.015596510842442513,
2018,2,TFT,dec:dec_2,0.013995269313454628,
2018,2,TFT,dec:dec_15,0.013361198827624321,
2018,2,TFT,dec:dec_17,0.013247751630842686,
2018,2,TFT,dec:dec_20,0.013054531067609787,
2018,2,TFT,enc:enc_3,0.012140745297074318,
2018,2,TFT,dec:dec_11,0.009374651126563549,
2018,2,TFT,enc:enc_19,0.00841513741761446,
2018,2,TFT,enc:enc_1,0.007614842150360346,
2018,2,TFT,enc:enc_24,0.0076036700047552586,
2018,2,TFT,enc:enc_23,0.0074331676587462425,
2018,2,TFT,dec:dec_7,0.007250767666846514,
2018,2,TFT,enc:enc_9,0.006380255334079266,
2018,2,TFT,enc:enc_10,0.006018687970936298,
2018,2,TFT,dec:dec_18,0.005999529268592596,
2018,2,TFT,dec:dec_22,0.005738223437219858,
2018,2,TFT,enc:enc_26,0.0054818144999444485,
2018,2,TFT,enc:enc_15,0.0034368904307484627,
2018,2,TFT,dec:dec_16,0.0030418322421610355,
2018,2,TabPFN,fx_TA_mean,0.21698760986328125,
2018,2,TabPFN,fx_TS_lag28,0.19929170608520508,
2018,2,TabPFN,fx_is_winter,0.15177369117736816,
2018,2,TabPFN,fx_TS_lag21,0.14348578453063965,
2018,2,TabPFN,fx_TS_lag7,0.13203859329223633,
2018,2,TabPFN,fx_TA_max,0.13135838508605957,
2018,2,TabPFN,fx_DOY_cos,0.10558700561523438,
2018,2,TabPFN,fx_grazing_active,0.08076238632202148,
2018,2,TabPFN,fx_TS_lag14,0.0762033462524414,
2018,2,TabPFN,fx_USTAR_mean,0.069305419921875,
2018,2,TabPFN,fx_TS_roll14,0.05877566337585449,
2018,2,TabPFN,fx_SWIN_mean,0.05268573760986328,
2018,2,TabPFN,fx_WS_mean,0.04458808898925781,
2018,2,TabPFN,fx_TS_mean,0.03628993034362793,
2018,2,TabPFN,fx_TS_roll7,0.03489995002746582,
2018,2,TabPFN,fx_wd_sin,0.03271746635437012,
2018,2,TabPFN,fx_wd_cos,0.026546001434326172,
2018,2,TabPFN,fx_SWC_roll14,0.025859355926513672,
2018,2,TabPFN,fx_DOY_sin,0.02242302894592285,
2018,2,TabPFN,fx_lsu_dens,0.02101421356201172,
2018,2,TabPFN,fx_SWC_lag14,0.020543813705444336,
2018,2,TabPFN,fx_SWC_roll7,0.01863884925842285,
2018,2,TabPFN,fx_PRECIP_sum,0.01733565330505371,
2018,2,TabPFN,fx_is_growing,0.01584315299987793,
2018,2,TabPFN,fx_SWC_lag7,0.013374805450439453,
2018,2,TabPFN,fx_TA_min,0.012255668640136719,
2018,2,TabPFN,fx_SWC_lag28,0.011825323104858398,
2018,2,TabPFN,fx_SWC_mean,0.009233474731445312,
2018,2,TabPFN,fx_RN_mean,0.005031585693359375,
2018,2,TabPFN,fx_SWC_lag21,0.004774332046508789,
2018,2,TabPFN,fx_PPFD_mean,0.0034532546997070312,
2018,2,TabPFN,fx_days_since_grazing,0.0029795169830322266,
2018,2,TabPFN,fx_VPD_mean,0.00035309791564941406,
2018,2,TabPFN,fx_SHF_mean,0.0,
2018,4,SARIMAX,fx_lsu_dens,23.774043314112724,6.175548674259802e-140
2018,4,SARIMAX,fx_USTAR_mean,15.780981835725548,0.5563665618258331
2018,4,SARIMAX,fx_is_growing,8.726566591370842,0.40304833894020586
2018,4,SARIMAX,fx_DOY_cos,7.304873238613981,0.5773687970348196
2018,4,SARIMAX,fx_DOY_sin,5.42909102788628,0.6734586427313183
2018,4,SARIMAX,fx_VPD_mean,2.213404666501051,0.040950748256622135
2018,4,SARIMAX,fx_WS_mean,0.09484952937227796,0.9569834174870918
2018,4,SARIMAX,fx_PPFD_mean,0.019961065668447808,0.0668952390608998
2018,4,Ensemble_unweighted,fx_lsu_dens,61.092674061536755,
2018,4,Ensemble_unweighted,ar_ch4_dlag1,57.07805142895939,
2018,4,Ensemble_unweighted,ar_ch4_dlag2,35.27818897961321,
2018,4,Ensemble_unweighted,fx_TS_lag28,33.52182364104784,
2018,4,Ensemble_unweighted,ar_ch4_dlag3,33.51371929116673,
2018,4,Ensemble_unweighted,ar_ch4_drm7,32.2878949919146,
2018,4,Ensemble_unweighted,fx_USTAR_mean,30.701203352761816,
2018,4,Ensemble_unweighted,fx_PRECIP_sum,28.50911960263461,
2018,4,Ensemble_unweighted,fx_WS_mean,22.78112410988358,
2018,4,Ensemble_unweighted,fx_wd_sin,22.25525856272279,
2018,4,Ensemble_unweighted,fx_TS_lag21,20.25483722052263,
2018,4,Ensemble_unweighted,fx_VPD_mean,19.307762542816803,
2018,4,Ensemble_unweighted,ar_fc_dlag1,16.502863458591786,
2018,4,Ensemble_unweighted,fx_TA_max,13.754204492522547,
2018,4,Ensemble_unweighted,ar_ch4_dlag14,13.753832970098875,
2018,4,Ensemble_unweighted,fx_DOY_cos,12.834804312631789,
2018,4,Ensemble_unweighted,fx_TS_lag14,12.257279909054791,
2018,4,Ensemble_unweighted,is_t9,11.255674653260677,
2018,4,Ensemble_unweighted,fx_SWC_lag21,11.25243550455005,
2018,4,Ensemble_unweighted,fx_PPFD_mean,10.509094083575533,
2018,4,Ensemble_unweighted,fx_TS_roll14,10.50571098123468,
2018,4,Ensemble_unweighted,fx_SHF_mean,9.503372336326814,
2018,4,Ensemble_unweighted,fx_TA_mean,8.009467073877035,
2018,4,Ensemble_unweighted,fx_TS_lag7,7.504164609621145,
2018,4,Ensemble_unweighted,fx_SWC_mean,7.503981707915117,
2018,4,Ensemble_unweighted,fx_SWIN_mean,7.002814962163896,
2018,4,Ensemble_unweighted,fx_wd_cos,6.753260280367605,
2018,4,Ensemble_unweighted,fx_TS_mean,6.753190153776335,
2018,4,Ensemble_unweighted,fx_SWC_roll7,6.504438557475609,
2018,4,Ensemble_unweighted,fx_SWC_lag28,6.00445576538712,
2018,4,Ensemble_unweighted,fx_SWC_lag14,5.752474654960055,
2018,4,Ensemble_unweighted,fx_DOY_sin,4.359820396839153,
2018,4,Ensemble_unweighted,ar_ch4_dlag7,4.254159765425957,
2018,4,Ensemble_unweighted,fx_SWC_roll14,4.005333776460171,
2018,4,Ensemble_unweighted,fx_SWC_lag7,3.753816035270281,
2018,4,Ensemble_unweighted,fx_days_since_grazing,3.5063004793386394,
2018,4,Ensemble_unweighted,fx_RN_mean,3.5034606728611655,
2018,4,Ensemble_unweighted,fx_TS_roll7,3.2531552853096124,
2018,4,Ensemble_unweighted,is_t4,3.252618267773661,
2018,4,Ensemble_unweighted,fx_TA_min,2.260177103962135,
2018,4,Ensemble_unweighted,fx_is_growing,2.1818119914872534,
2018,4,Ensemble_unweighted,is_t2,1.500167008250047,
2018,4,Ensemble_unweighted,fx_grazing_active,0.005934263329728709,
2018,4,Ensemble_unweighted,fx_is_winter,9.52839374201668e-06,
2018,4,Ensemble_MASEweighted,fx_lsu_dens,62.18170064080068,
2018,4,Ensemble_MASEweighted,ar_ch4_dlag1,58.42579560088868,
2018,4,Ensemble_MASEweighted,ar_ch4_dlag2,36.111688480060295,
2018,4,Ensemble_MASEweighted,fx_TS_lag28,34.31422591326742,
2018,4,Ensemble_MASEweighted,ar_ch4_dlag3,34.305995820129155,
2018,4,Ensemble_MASEweighted,ar_ch4_drm7,33.050133538627634,
2018,4,Ensemble_MASEweighted,fx_USTAR_mean,31.193570532072144,
2018,4,Ensemble_MASEweighted,fx_PRECIP_sum,29.183090278683913,
2018,4,Ensemble_MASEweighted,fx_WS_mean,23.318268106496145,
2018,4,Ensemble_MASEweighted,fx_wd_sin,22.781424810626255,
2018,4,Ensemble_MASEweighted,fx_TS_lag21,20.733721354108496,
2018,4,Ensemble_MASEweighted,fx_VPD_mean,19.731519900431497,
2018,4,Ensemble_MASEweighted,ar_fc_dlag1,16.893055131933124,
2018,4,Ensemble_MASEweighted,fx_TA_max,14.079403845366011,
2018,4,Ensemble_MASEweighted,ar_ch4_dlag14,14.078995438666285,
2018,4,Ensemble_MASEweighted,fx_DOY_cos,13.030212513501835,
2018,4,Ensemble_MASEweighted,fx_TS_lag14,12.547055663119483,
2018,4,Ensemble_MASEweighted,is_t9,11.521843244631174,
2018,4,Ensemble_MASEweighted,fx_SWC_lag21,11.51847138346963,
2018,4,Ensemble_MASEweighted,fx_PPFD_mean,10.757271553151273,
2018,4,Ensemble_MASEweighted,fx_TS_roll14,10.754066461443186,
2018,4,Ensemble_MASEweighted,fx_SHF_mean,9.728050083953434,
2018,4,Ensemble_MASEweighted,fx_TA_mean,8.198872159821473,
2018,4,Ensemble_MASEweighted,fx_TS_lag7,7.681577610137705,
2018,4,Ensemble_MASEweighted,fx_SWC_mean,7.681385104594866,
2018,4,Ensemble_MASEweighted,fx_SWIN_mean,7.16836850773053,
2018,4,Ensemble_MASEweighted,fx_wd_cos,6.912931834622729,
2018,4,Ensemble_MASEweighted,fx_TS_mean,6.912848576145576,
2018,4,Ensemble_MASEweighted,fx_SWC_roll7,6.6582130247278695,
2018,4,Ensemble_MASEweighted,fx_SWC_lag28,6.146395294021313,
2018,4,Ensemble_MASEweighted,fx_SWC_lag14,5.888473771007085,
2018,4,Ensemble_MASEweighted,fx_DOY_sin,4.382576705158001,
2018,4,Ensemble_MASEweighted,ar_ch4_dlag7,4.354713352296537,
2018,4,Ensemble_MASEweighted,fx_SWC_roll14,4.100044350066246,
2018,4,Ensemble_MASEweighted,fx_SWC_lag7,3.842561811976556,
2018,4,Ensemble_MASEweighted,fx_days_since_grazing,3.5891614763746262,
2018,4,Ensemble_MASEweighted,fx_RN_mean,3.5862738923241637,
2018,4,Ensemble_MASEweighted,fx_TS_roll7,3.330058703523577,
2018,4,Ensemble_MASEweighted,is_t4,3.3295438592250886,
2018,4,Ensemble_MASEweighted,fx_TA_min,2.3136802693915417,
2018,4,Ensemble_MASEweighted,fx_is_growing,2.1043045670284886,
2018,4,Ensemble_MASEweighted,is_t2,1.5356305620360238,
2018,4,Ensemble_MASEweighted,fx_grazing_active,0.006064085851356831,
2018,4,Ensemble_MASEweighted,fx_is_winter,9.315537145019036e-06,
2018,4,TFT,dec:dec_23,0.31497377157211304,
2018,4,TFT,enc:enc_26,0.28253015875816345,
2018,4,TFT,enc:enc_14,0.11352410167455673,
2018,4,TFT,enc:enc_6,0.09819706529378891,
2018,4,TFT,dec:dec_17,0.0795980840921402,
2018,4,TFT,dec:dec_11,0.07856924831867218,
2018,4,TFT,dec:dec_9,0.07722267508506775,
2018,4,TFT,enc:enc_13,0.06209537386894226,
2018,4,TFT,enc:enc_3,0.05597829073667526,
2018,4,TFT,dec:dec_20,0.05129741132259369,
2018,4,TFT,dec:dec_24,0.048972681164741516,
2018,4,TFT,enc:enc_7,0.042184993624687195,
2018,4,TFT,dec:dec_10,0.04130518436431885,
2018,4,TFT,dec:dec_1,0.03315495699644089,
2018,4,TFT,dec:dec_12,0.02927863597869873,
2018,4,TFT,dec:dec_19,0.027932748198509216,
2018,4,TFT,enc:enc_28,0.027641991153359413,
2018,4,TFT,dec:dec_21,0.026144327595829964,
2018,4,TFT,enc:enc_0,0.025880759581923485,
2018,4,TFT,dec:dec_0,0.025518260896205902,
2018,4,TFT,enc:enc_19,0.024731654673814774,
2018,4,TFT,enc:enc_5,0.023129401728510857,
2018,4,TFT,dec:dec_14,0.022861646488308907,
2018,4,TFT,enc:enc_2,0.021754125133156776,
2018,4,TFT,enc:enc_21,0.021260367706418037,
2018,4,TFT,enc:enc_15,0.02028937265276909,
2018,4,TFT,dec:dec_25,0.01848316751420498,
2018,4,TFT,dec:dec_8,0.01770894043147564,
2018,4,TFT,dec:dec_6,0.017041292041540146,
2018,4,TFT,enc:enc_11,0.016767451539635658,
2018,4,TFT,enc:enc_10,0.01633809693157673,
2018,4,TFT,enc:enc_24,0.014570648781955242,
2018,4,TFT,enc:enc_8,0.014082149602472782,
2018,4,TFT,dec:dec_16,0.012918381951749325,
2018,4,TFT,dec:dec_4,0.012558133341372013,
2018,4,TFT,enc:enc_1,0.011691912077367306,
2018,4,TFT,dec:dec_2,0.011653530411422253,
2018,4,TFT,dec:dec_18,0.011572165414690971,
2018,4,TFT,enc:enc_9,0.011481826193630695,
2018,4,TFT,dec:dec_13,0.011164729483425617,
2018,4,TFT,enc:enc_4,0.010624962858855724,
2018,4,TFT,enc:enc_23,0.010529986582696438,
2018,4,TFT,enc:enc_16,0.01041241455823183,
2018,4,TFT,enc:enc_18,0.01002228818833828,
2018,4,TFT,enc:enc_12,0.009875515475869179,
2018,4,TFT,enc:enc_27,0.00969729758799076,
2018,4,TFT,enc:enc_20,0.009205861017107964,
2018,4,TFT,enc:enc_29,0.009183511137962341,
2018,4,TFT,enc:enc_17,0.007853273302316666,
2018,4,TFT,dec:dec_7,0.0074720606207847595,
2018,4,TFT,dec:dec_3,0.006625985261052847,
2018,4,TFT,dec:dec_5,0.006421646103262901,
2018,4,TFT,dec:dec_22,0.005127239972352982,
2018,4,TFT,enc:enc_22,0.004892523400485516,
2018,4,TFT,dec:dec_15,0.004423167090862989,
2018,4,TFT,enc:enc_25,0.00357269449159503,
2018,4,TabPFN,fx_is_growing,1.2354745864868164,
2018,4,TabPFN,fx_grazing_active,0.8306245803833008,
2018,4,TabPFN,fx_DOY_cos,0.3192882537841797,
2018,4,TabPFN,fx_TA_min,0.30803871154785156,
2018,4,TabPFN,fx_lsu_dens,0.2932395935058594,
2018,4,TabPFN,fx_TS_lag14,0.20264625549316406,
2018,4,TabPFN,fx_TA_max,0.15879440307617188,
2018,4,TabPFN,fx_days_since_grazing,0.15032958984375,
2018,4,TabPFN,fx_VPD_mean,0.1467599868774414,
2018,4,TabPFN,fx_SWC_mean,0.11617755889892578,
2018,4,TabPFN,fx_SWC_roll14,0.11215782165527344,
2018,4,TabPFN,fx_TS_lag28,0.11187267303466797,
2018,4,TabPFN,fx_TS_mean,0.11168670654296875,
2018,4,TabPFN,fx_TS_lag7,0.10529232025146484,
2018,4,TabPFN,fx_TS_roll14,0.1035146713256836,
2018,4,TabPFN,fx_SWC_roll7,0.09718036651611328,
2018,4,TabPFN,fx_RN_mean,0.08696746826171875,
2018,4,TabPFN,fx_is_winter,0.07616996765136719,
2018,4,TabPFN,fx_PPFD_mean,0.065673828125,
2018,4,TabPFN,fx_SWC_lag14,0.06277084350585938,
2018,4,TabPFN,fx_SWC_lag7,0.06009197235107422,
2018,4,TabPFN,fx_SHF_mean,0.05754566192626953,
2018,4,TabPFN,fx_SWIN_mean,0.05359649658203125,
2018,4,TabPFN,fx_TA_mean,0.046535491943359375,
2018,4,TabPFN,fx_DOY_sin,0.04396343231201172,
2018,4,TabPFN,fx_TS_roll7,0.04111480712890625,
2018,4,TabPFN,fx_TS_lag21,0.03997516632080078,
2018,4,TabPFN,fx_SWC_lag28,0.031144142150878906,
2018,4,TabPFN,fx_SWC_lag21,0.021808624267578125,
2018,4,TabPFN,fx_wd_cos,0.015664100646972656,
2018,4,TabPFN,fx_WS_mean,0.015451431274414062,
2018,4,TabPFN,fx_PRECIP_sum,0.014405250549316406,
2018,4,TabPFN,fx_wd_sin,0.011277198791503906,
2018,4,TabPFN,fx_USTAR_mean,0.009762763977050781,
2018,9,SARIMAX,fx_lsu_dens,20.127189944036548,3.017272503076785e-29
2018,9,SARIMAX,fx_USTAR_mean,12.903454784748426,0.5457240564955299
2018,9,SARIMAX,fx_WS_mean,6.118854541691929,4.051203150075926e-09
2018,9,SARIMAX,fx_VPD_mean,4.603496466458195,0.0003970166706291674
2018,9,SARIMAX,fx_DOY_cos,4.128891721073884,0.8620083824717304
2018,9,SARIMAX,fx_DOY_sin,3.4556007909168183,0.8504414119707422
2018,9,SARIMAX,fx_is_growing,1.5881843288934865,0.8970163237313221
2018,9,SARIMAX,fx_PPFD_mean,0.017297334829522986,0.20955777632235784
2018,9,Ensemble_unweighted,fx_lsu_dens,60.18096071901771,
2018,9,Ensemble_unweighted,ar_ch4_dlag1,57.07805142895939,
2018,9,Ensemble_unweighted,ar_ch4_dlag2,35.27818897961321,
2018,9,Ensemble_unweighted,fx_TS_lag28,33.52182364104784,
2018,9,Ensemble_unweighted,ar_ch4_dlag3,33.51371929116673,
2018,9,Ensemble_unweighted,ar_ch4_drm7,32.2878949919146,
2018,9,Ensemble_unweighted,fx_USTAR_mean,29.98182159001753,
2018,9,Ensemble_unweighted,fx_PRECIP_sum,28.50911960263461,
2018,9,Ensemble_unweighted,fx_WS_mean,24.287125362963494,
2018,9,Ensemble_unweighted,fx_wd_sin,22.25525856272279,
2018,9,Ensemble_unweighted,fx_TS_lag21,20.25483722052263,
2018,9,Ensemble_unweighted,fx_VPD_mean,19.90528549280609,
2018,9,Ensemble_unweighted,ar_fc_dlag1,16.502863458591786,
2018,9,Ensemble_unweighted,fx_TA_max,13.754204492522547,
2018,9,Ensemble_unweighted,ar_ch4_dlag14,13.753832970098875,
2018,9,Ensemble_unweighted,fx_TS_lag14,12.257279909054791,
2018,9,Ensemble_unweighted,fx_DOY_cos,12.040808933246765,
2018,9,Ensemble_unweighted,is_t9,11.255674653260677,
2018,9,Ensemble_unweighted,fx_SWC_lag21,11.25243550455005,
2018,9,Ensemble_unweighted,fx_PPFD_mean,10.508428150865802,
2018,9,Ensemble_unweighted,fx_TS_roll14,10.50571098123468,
2018,9,Ensemble_unweighted,fx_SHF_mean,9.503372336326814,
2018,9,Ensemble_unweighted,fx_TA_mean,8.009467073877035,
2018,9,Ensemble_unweighted,fx_TS_lag7,7.504164609621145,
2018,9,Ensemble_unweighted,fx_SWC_mean,7.503981707915117,
2018,9,Ensemble_unweighted,fx_SWIN_mean,7.002814962163896,
2018,9,Ensemble_unweighted,fx_wd_cos,6.753260280367605,
2018,9,Ensemble_unweighted,fx_TS_mean,6.753190153776335,
2018,9,Ensemble_unweighted,fx_SWC_roll7,6.504438557475609,
2018,9,Ensemble_unweighted,fx_SWC_lag28,6.00445576538712,
2018,9,Ensemble_unweighted,fx_SWC_lag14,5.752474654960055,
2018,9,Ensemble_unweighted,ar_ch4_dlag7,4.254159765425957,
2018,9,Ensemble_unweighted,fx_SWC_roll14,4.005333776460171,
2018,9,Ensemble_unweighted,fx_DOY_sin,3.866447837596787,
2018,9,Ensemble_unweighted,fx_SWC_lag7,3.753816035270281,
2018,9,Ensemble_unweighted,fx_days_since_grazing,3.5063004793386394,
2018,9,Ensemble_unweighted,fx_RN_mean,3.5034606728611655,
2018,9,Ensemble_unweighted,fx_TS_roll7,3.2531552853096124,
2018,9,Ensemble_unweighted,is_t4,3.252618267773661,
2018,9,Ensemble_unweighted,fx_TA_min,2.260177103962135,
2018,9,Ensemble_unweighted,is_t2,1.500167008250047,
2018,9,Ensemble_unweighted,fx_is_growing,0.3972164258679146,
2018,9,Ensemble_unweighted,fx_grazing_active,0.005934263329728709,
2018,9,Ensemble_unweighted,fx_is_winter,9.52839374201668e-06,
2018,9,Ensemble_MASEweighted,fx_lsu_dens,61.3023762489211,
2018,9,Ensemble_MASEweighted,ar_ch4_dlag1,58.42579560088868,
2018,9,Ensemble_MASEweighted,ar_ch4_dlag2,36.111688480060295,
2018,9,Ensemble_MASEweighted,fx_TS_lag28,34.31422591326742,
2018,9,Ensemble_MASEweighted,ar_ch4_dlag3,34.305995820129155,
2018,9,Ensemble_MASEweighted,ar_ch4_drm7,33.050133538627634,
2018,9,Ensemble_MASEweighted,fx_USTAR_mean,30.49974507010556,
2018,9,Ensemble_MASEweighted,fx_PRECIP_sum,29.183090278683913,
2018,9,Ensemble_MASEweighted,fx_WS_mean,24.77076811310509,
2018,9,Ensemble_MASEweighted,fx_wd_sin,22.781424810626255,
2018,9,Ensemble_MASEweighted,fx_TS_lag21,20.733721354108496,
2018,9,Ensemble_MASEweighted,fx_VPD_mean,20.30781562862793,
2018,9,Ensemble_MASEweighted,ar_fc_dlag1,16.893055131933124,
2018,9,Ensemble_MASEweighted,fx_TA_max,14.079403845366011,
2018,9,Ensemble_MASEweighted,ar_ch4_dlag14,14.078995438666285,
2018,9,Ensemble_MASEweighted,fx_TS_lag14,12.547055663119483,
2018,9,Ensemble_MASEweighted,fx_DOY_cos,12.264424110971854,
2018,9,Ensemble_MASEweighted,is_t9,11.521843244631174,
2018,9,Ensemble_MASEweighted,fx_SWC_lag21,11.51847138346963,
2018,9,Ensemble_MASEweighted,fx_PPFD_mean,10.756629277945123,
2018,9,Ensemble_MASEweighted,fx_TS_roll14,10.754066461443186,
2018,9,Ensemble_MASEweighted,fx_SHF_mean,9.728050083953434,
2018,9,Ensemble_MASEweighted,fx_TA_mean,8.198872159821473,
2018,9,Ensemble_MASEweighted,fx_TS_lag7,7.681577610137705,
2018,9,Ensemble_MASEweighted,fx_SWC_mean,7.681385104594866,
2018,9,Ensemble_MASEweighted,fx_SWIN_mean,7.16836850773053,
2018,9,Ensemble_MASEweighted,fx_wd_cos,6.912931834622729,
2018,9,Ensemble_MASEweighted,fx_TS_mean,6.912848576145576,
2018,9,Ensemble_MASEweighted,fx_SWC_roll7,6.6582130247278695,
2018,9,Ensemble_MASEweighted,fx_SWC_lag28,6.146395294021313,
2018,9,Ensemble_MASEweighted,fx_SWC_lag14,5.888473771007085,
2018,9,Ensemble_MASEweighted,ar_ch4_dlag7,4.354713352296537,
2018,9,Ensemble_MASEweighted,fx_SWC_roll14,4.100044350066246,
2018,9,Ensemble_MASEweighted,fx_DOY_sin,3.906731386905679,
2018,9,Ensemble_MASEweighted,fx_SWC_lag7,3.842561811976556,
2018,9,Ensemble_MASEweighted,fx_days_since_grazing,3.5891614763746262,
2018,9,Ensemble_MASEweighted,fx_RN_mean,3.5862738923241637,
2018,9,Ensemble_MASEweighted,fx_TS_roll7,3.330058703523577,
2018,9,Ensemble_MASEweighted,is_t4,3.3295438592250886,
2018,9,Ensemble_MASEweighted,fx_TA_min,2.3136802693915417,
2018,9,Ensemble_MASEweighted,is_t2,1.5356305620360238,
2018,9,Ensemble_MASEweighted,fx_is_growing,0.3831074129389795,
2018,9,Ensemble_MASEweighted,fx_grazing_active,0.006064085851356831,
2018,9,Ensemble_MASEweighted,fx_is_winter,9.315537145019036e-06,
2018,9,TFT,enc:enc_26,0.3992040753364563,
2018,9,TFT,dec:dec_23,0.30113673210144043,
2018,9,TFT,dec:dec_17,0.08305730670690536,
2018,9,TFT,enc:enc_13,0.08298192918300629,
2018,9,TFT,dec:dec_11,0.06832675635814667,
2018,9,TFT,dec:dec_9,0.06796486675739288,
2018,9,TFT,enc:enc_14,0.06521481275558472,
2018,9,TFT,dec:dec_24,0.056672606617212296,
2018,9,TFT,dec:dec_20,0.053923070430755615,
2018,9,TFT,enc:enc_6,0.04925982654094696,
2018,9,TFT,enc:enc_7,0.044596221297979355,
2018,9,TFT,dec:dec_10,0.0436989925801754,
2018,9,TFT,enc:enc_3,0.041095804423093796,
2018,9,TFT,dec:dec_12,0.03876587375998497,
2018,9,TFT,dec:dec_1,0.033201202750205994,
2018,9,TFT,enc:enc_2,0.030758442357182503,
2018,9,TFT,dec:dec_0,0.029647454619407654,
2018,9,TFT,dec:dec_19,0.025151820853352547,
2018,9,TFT,enc:enc_28,0.024744337424635887,
2018,9,TFT,dec:dec_25,0.023358317092061043,
2018,9,TFT,dec:dec_14,0.021272005513310432,
2018,9,TFT,enc:enc_5,0.021248964592814445,
2018,9,TFT,dec:dec_21,0.020736167207360268,
2018,9,TFT,dec:dec_8,0.020139401778578758,
2018,9,TFT,enc:enc_15,0.01924614980816841,
2018,9,TFT,enc:enc_8,0.01862877607345581,
2018,9,TFT,enc:enc_9,0.017806433141231537,
2018,9,TFT,enc:enc_0,0.017496226355433464,
2018,9,TFT,enc:enc_21,0.016566533595323563,
2018,9,TFT,dec:dec_4,0.0164713766425848,
2018,9,TFT,dec:dec_13,0.015449091792106628,
2018,9,TFT,enc:enc_11,0.014973348006606102,
2018,9,TFT,enc:enc_19,0.014970735646784306,
2018,9,TFT,dec:dec_2,0.013815924525260925,
2018,9,TFT,enc:enc_12,0.013399631716310978,
2018,9,TFT,dec:dec_6,0.013236906379461288,
2018,9,TFT,enc:enc_24,0.012650496326386929,
2018,9,TFT,dec:dec_16,0.011417013593018055,
2018,9,TFT,enc:enc_10,0.011308050714433193,
2018,9,TFT,enc:enc_23,0.010862821713089943,
2018,9,TFT,enc:enc_20,0.010704632848501205,
2018,9,TFT,enc:enc_4,0.009136559441685677,
2018,9,TFT,dec:dec_7,0.009128313511610031,
2018,9,TFT,dec:dec_18,0.009107975289225578,
2018,9,TFT,enc:enc_27,0.008494611829519272,
2018,9,TFT,dec:dec_5,0.008378678932785988,
2018,9,TFT,dec:dec_3,0.007865015417337418,
2018,9,TFT,enc:enc_1,0.007794809527695179,
2018,9,TFT,enc:enc_16,0.007778592873364687,
2018,9,TFT,enc:enc_17,0.007749263197183609,
2018,9,TFT,enc:enc_29,0.007198970764875412,
2018,9,TFT,enc:enc_18,0.005521658342331648,
2018,9,TFT,enc:enc_22,0.005124230869114399,
2018,9,TFT,dec:dec_22,0.004795486107468605,
2018,9,TFT,enc:enc_25,0.0034830684307962656,
2018,9,TFT,dec:dec_15,0.003281676908954978,
2018,9,TabPFN,fx_WS_mean,0.0,
2018,9,TabPFN,fx_USTAR_mean,0.0,
2018,9,TabPFN,fx_TA_mean,0.0,
2018,9,TabPFN,fx_TA_min,0.0,
2018,9,TabPFN,fx_TA_max,0.0,
2018,9,TabPFN,fx_VPD_mean,0.0,
2018,9,TabPFN,fx_SWIN_mean,0.0,
2018,9,TabPFN,fx_RN_mean,0.0,
2018,9,TabPFN,fx_PPFD_mean,0.0,
2018,9,TabPFN,fx_SWC_mean,0.0,
2018,9,TabPFN,fx_TS_mean,0.0,
2018,9,TabPFN,fx_SHF_mean,0.0,
2018,9,TabPFN,fx_PRECIP_sum,0.0,
2018,9,TabPFN,fx_wd_sin,0.0,
2018,9,TabPFN,fx_wd_cos,0.0,
2018,9,TabPFN,fx_SWC_lag7,0.0,
2018,9,TabPFN,fx_TS_lag7,0.0,
2018,9,TabPFN,fx_SWC_lag14,0.0,
2018,9,TabPFN,fx_TS_lag14,0.0,
2018,9,TabPFN,fx_SWC_lag21,0.0,
2018,9,TabPFN,fx_TS_lag21,0.0,
2018,9,TabPFN,fx_SWC_lag28,0.0,
2018,9,TabPFN,fx_TS_lag28,0.0,
2018,9,TabPFN,fx_SWC_roll7,0.0,
2018,9,TabPFN,fx_TS_roll7,0.0,
2018,9,TabPFN,fx_SWC_roll14,0.0,
2018,9,TabPFN,fx_TS_roll14,0.0,
2018,9,TabPFN,fx_DOY_sin,0.0,
2018,9,TabPFN,fx_DOY_cos,0.0,
2018,9,TabPFN,fx_is_growing,0.0,
2018,9,TabPFN,fx_is_winter,0.0,
2018,9,TabPFN,fx_lsu_dens,0.0,
2018,9,TabPFN,fx_grazing_active,0.0,
2018,9,TabPFN,fx_days_since_grazing,0.0,
2019,pooled,RF,fx_lsu_dens,0.35843318544812147,
2019,pooled,RF,ar_ch4_dlag1,0.2210875986135798,
2019,pooled,RF,ar_ch4_drm7,0.11263275717521376,
2019,pooled,RF,ar_ch4_dlag2,0.0615247475490118,
2019,pooled,RF,fx_TS_lag28,0.032975864366643695,
2019,pooled,RF,ar_ch4_dlag3,0.020338082230338773,
2019,pooled,RF,fx_WS_mean,0.016291804559763503,
2019,pooled,RF,fx_USTAR_mean,0.013871823207737789,
2019,pooled,RF,fx_PRECIP_sum,0.01143767470953557,
2019,pooled,RF,fx_TS_lag21,0.01126551387003779,
2019,pooled,RF,fx_VPD_mean,0.009583819620668788,
2019,pooled,RF,fx_TS_lag14,0.008999685383102213,
2019,pooled,RF,fx_wd_sin,0.008650423861812681,
2019,pooled,RF,fx_DOY_cos,0.0071749378638194606,
2019,pooled,RF,ar_ch4_dlag7,0.0065633560131691335,
2019,pooled,RF,fx_days_since_grazing,0.0064368459914957085,
2019,pooled,RF,fx_TS_roll14,0.005389406291625494,
2019,pooled,RF,fx_TA_max,0.005010117325781183,
2019,pooled,RF,fx_TS_mean,0.004545607940716765,
2019,pooled,RF,fx_TA_mean,0.004497949289598731,
2019,pooled,RF,fx_SWIN_mean,0.00441398523678377,
2019,pooled,RF,fx_SHF_mean,0.004409539452945321,
2019,pooled,RF,fx_SWC_lag28,0.00438044533119987,
2019,pooled,RF,fx_RN_mean,0.004225511695637325,
2019,pooled,RF,fx_TS_roll7,0.00413219523621403,
2019,pooled,RF,fx_PPFD_mean,0.004065821776481919,
2019,pooled,RF,fx_TS_lag7,0.003973685557869113,
2019,pooled,RF,fx_SWC_lag21,0.003916967776682553,
2019,pooled,RF,fx_SWC_mean,0.0039030645619001826,
2019,pooled,RF,fx_TA_min,0.0038831353690076498,
2019,pooled,RF,fx_wd_cos,0.0037208284928239984,
2019,pooled,RF,ar_fc_dlag1,0.003656892951892821,
2019,pooled,RF,ar_ch4_dlag14,0.0036426365248821584,
2019,pooled,RF,fx_DOY_sin,0.003153330564458348,
2019,pooled,RF,fx_SWC_roll7,0.0031346671381121045,
2019,pooled,RF,fx_SWC_lag7,0.002895675987439461,
2019,pooled,RF,fx_grazing_active,0.0028062794157348533,
2019,pooled,RF,fx_SWC_roll14,0.0027810963864367435,
2019,pooled,RF,fx_SWC_lag14,0.002600710690864407,
2019,pooled,RF,is_t9,0.0015782555570277306,
2019,pooled,RF,fx_is_growing,0.0011989487515186666,
2019,pooled,RF,is_t2,0.00042669471266989844,
2019,pooled,RF,is_t4,0.0003376031371126536,
2019,pooled,RF,fx_is_winter,5.082638253022336e-05,
2019,pooled,XGB,fx_lsu_dens,0.21191036701202393,
2019,pooled,XGB,ar_ch4_dlag1,0.1242114007472992,
2019,pooled,XGB,fx_TS_lag28,0.05361121520400047,
2019,pooled,XGB,ar_ch4_drm7,0.04781520739197731,
2019,pooled,XGB,fx_SWC_roll7,0.04644507169723511,
2019,pooled,XGB,ar_ch4_dlag2,0.045110613107681274,
2019,pooled,XGB,fx_TA_mean,0.03757525235414505,
2019,pooled,XGB,fx_DOY_cos,0.023147763684391975,
2019,pooled,XGB,ar_ch4_dlag3,0.022662943229079247,
2019,pooled,XGB,fx_TA_min,0.02197451703250408,
2019,pooled,XGB,fx_TS_roll7,0.021632520481944084,
2019,pooled,XGB,fx_SWC_roll14,0.02079973742365837,
2019,pooled,XGB,fx_TS_mean,0.01914612203836441,
2019,pooled,XGB,fx_TS_lag14,0.018786804750561714,
2019,pooled,XGB,is_t9,0.017107775434851646,
2019,pooled,XGB,fx_WS_mean,0.016529560089111328,
2019,pooled,XGB,fx_PRECIP_sum,0.01641460508108139,
2019,pooled,XGB,fx_SWC_lag7,0.015462681651115417,
2019,pooled,XGB,fx_SHF_mean,0.014677817933261395,
2019,pooled,XGB,fx_USTAR_mean,0.014042647555470467,
2019,pooled,XGB,fx_days_since_grazing,0.013318837620317936,
2019,pooled,XGB,fx_VPD_mean,0.012835205532610416,
2019,pooled,XGB,is_t4,0.012634561397135258,
2019,pooled,XGB,fx_grazing_active,0.012312851846218109,
2019,pooled,XGB,fx_wd_cos,0.011845514178276062,
2019,pooled,XGB,fx_SWC_lag28,0.011481983587145805,
2019,pooled,XGB,fx_TS_lag7,0.011277885176241398,
2019,pooled,XGB,fx_TA_max,0.01095979567617178,
2019,pooled,XGB,fx_SWC_mean,0.010648162104189396,
2019,pooled,XGB,fx_DOY_sin,0.010493475943803787,
2019,pooled,XGB,fx_TS_lag21,0.010025545954704285,
2019,pooled,XGB,fx_TS_roll14,0.009525183588266373,
2019,pooled,XGB,fx_wd_sin,0.00855843722820282,
2019,pooled,XGB,fx_PPFD_mean,0.007760504726320505,
2019,pooled,XGB,fx_SWIN_mean,0.007538795005530119,
2019,pooled,XGB,ar_fc_dlag1,0.005748699884861708,
2019,pooled,XGB,fx_RN_mean,0.005720522720366716,
2019,pooled,XGB,ar_ch4_dlag14,0.005517789162695408,
2019,pooled,XGB,fx_SWC_lag21,0.004946576897054911,
2019,pooled,XGB,fx_SWC_lag14,0.004060273990035057,
2019,pooled,XGB,ar_ch4_dlag7,0.003724671434611082,
2019,pooled,XGB,fx_is_growing,0.0,
2019,pooled,XGB,fx_is_winter,0.0,
2019,pooled,XGB,is_t2,0.0,
2019,pooled,LightGBM,fx_lsu_dens,247.0,
2019,pooled,LightGBM,ar_ch4_dlag1,230.0,
2019,pooled,LightGBM,ar_ch4_drm7,176.0,
2019,pooled,LightGBM,ar_ch4_dlag2,148.0,
2019,pooled,LightGBM,fx_WS_mean,129.0,
2019,pooled,LightGBM,fx_USTAR_mean,125.0,
2019,pooled,LightGBM,fx_wd_sin,121.0,
2019,pooled,LightGBM,fx_TS_lag28,106.0,
2019,pooled,LightGBM,fx_PRECIP_sum,96.0,
2019,pooled,LightGBM,fx_VPD_mean,89.0,
2019,pooled,LightGBM,fx_TS_lag21,78.0,
2019,pooled,LightGBM,ar_fc_dlag1,70.0,
2019,pooled,LightGBM,is_t9,66.0,
2019,pooled,LightGBM,ar_ch4_dlag3,52.0,
2019,pooled,LightGBM,fx_RN_mean,48.0,
2019,pooled,LightGBM,fx_SHF_mean,43.0,
2019,pooled,LightGBM,ar_ch4_dlag14,39.0,
2019,pooled,LightGBM,fx_TA_max,38.0,
2019,pooled,LightGBM,fx_SWC_lag14,36.0,
2019,pooled,LightGBM,fx_days_since_grazing,35.0,
2019,pooled,LightGBM,fx_TS_mean,33.0,
2019,pooled,LightGBM,fx_TS_lag14,30.0,
2019,pooled,LightGBM,fx_TA_mean,30.0,
2019,pooled,LightGBM,fx_SWC_lag7,30.0,
2019,pooled,LightGBM,fx_SWIN_mean,30.0,
2019,pooled,LightGBM,fx_TS_lag7,28.0,
2019,pooled,LightGBM,fx_PPFD_mean,28.0,
2019,pooled,LightGBM,fx_DOY_cos,27.0,
2019,pooled,LightGBM,fx_SWC_lag28,25.0,
2019,pooled,LightGBM,fx_DOY_sin,24.0,
2019,pooled,LightGBM,fx_wd_cos,21.0,
2019,pooled,LightGBM,fx_SWC_mean,20.0,
2019,pooled,LightGBM,fx_TS_roll14,19.0,
2019,pooled,LightGBM,fx_SWC_roll7,19.0,
2019,pooled,LightGBM,fx_SWC_lag21,19.0,
2019,pooled,LightGBM,fx_TS_roll7,14.0,
2019,pooled,LightGBM,ar_ch4_dlag7,11.0,
2019,pooled,LightGBM,is_t2,7.0,
2019,pooled,LightGBM,fx_SWC_roll14,5.0,
2019,pooled,LightGBM,fx_TA_min,4.0,
2019,pooled,LightGBM,is_t4,2.0,
2019,pooled,LightGBM,fx_is_growing,1.0,
2019,pooled,LightGBM,fx_grazing_active,1.0,
2019,pooled,LightGBM,fx_is_winter,0.0,
2019,2,SARIMAX,fx_USTAR_mean,56.07029839075372,3.9649124074444064e-05
2019,2,SARIMAX,fx_lsu_dens,15.526803869918544,1.4888240231324052e-115
2019,2,SARIMAX,fx_DOY_sin,7.905312542378688,0.07064749293796163
2019,2,SARIMAX,fx_DOY_cos,3.5074317990768886,0.6500385059830391
2019,2,SARIMAX,fx_VPD_mean,3.3983773704389497,5.3152890841122544e-05
2019,2,SARIMAX,fx_WS_mean,2.583796726766025,0.038140081080554014
2019,2,SARIMAX,fx_is_growing,0.5316488061664535,0.9580482064822154
2019,2,SARIMAX,fx_PPFD_mean,0.002780368091336166,0.7514271652549273
2019,2,Ensemble_unweighted,fx_lsu_dens,65.77428685559467,
2019,2,Ensemble_unweighted,ar_ch4_dlag1,57.58632474984022,
2019,2,Ensemble_unweighted,fx_USTAR_mean,45.27455321537923,
2019,2,Ensemble_unweighted,ar_ch4_drm7,44.0401119911418,
2019,2,Ensemble_unweighted,ar_ch4_dlag2,37.026658840164174,
2019,2,Ensemble_unweighted,fx_WS_mean,32.90415452285372,
2019,2,Ensemble_unweighted,fx_wd_sin,30.254302215272503,
2019,2,Ensemble_unweighted,fx_TS_lag28,26.521646769892662,
2019,2,Ensemble_unweighted,fx_PRECIP_sum,24.006963069947655,
2019,2,Ensemble_unweighted,fx_VPD_mean,23.10519909889806,
2019,2,Ensemble_unweighted,fx_TS_lag21,19.505322764956187,
2019,2,Ensemble_unweighted,ar_fc_dlag1,17.50235139820919,
2019,2,Ensemble_unweighted,is_t9,16.504671507747968,
2019,2,Ensemble_unweighted,ar_ch4_dlag3,13.010750256364854,
2019,2,Ensemble_unweighted,fx_RN_mean,12.002486508604001,
2019,2,Ensemble_unweighted,fx_SHF_mean,10.754771839346551,
2019,2,Ensemble_unweighted,ar_ch4_dlag14,9.752290106421894,
2019,2,Ensemble_unweighted,fx_TA_max,9.503992478250488,
2019,2,Ensemble_unweighted,fx_SWC_lag14,9.001665246170225,
2019,2,Ensemble_unweighted,fx_days_since_grazing,8.754938920902953,
2019,2,Ensemble_unweighted,fx_TS_mean,8.255922932494771,
2019,2,Ensemble_unweighted,fx_DOY_sin,7.979739837221738,
2019,2,Ensemble_unweighted,fx_DOY_cos,7.634438625156275,
2019,2,Ensemble_unweighted,fx_TA_mean,7.510518300410936,
2019,2,Ensemble_unweighted,fx_TS_lag14,7.506946622533416,
2019,2,Ensemble_unweighted,fx_SWC_lag7,7.504589589409639,
2019,2,Ensemble_unweighted,fx_SWIN_mean,7.502988195060579,
2019,2,Ensemble_unweighted,fx_TS_lag7,7.003812892683528,
2019,2,Ensemble_unweighted,fx_PPFD_mean,7.003651673648535,
2019,2,Ensemble_unweighted,fx_SWC_lag28,6.253965607229587,
2019,2,Ensemble_unweighted,fx_wd_cos,5.253891585667775,
2019,2,Ensemble_unweighted,fx_SWC_mean,5.003637806666522,
2019,2,Ensemble_unweighted,fx_SWC_roll7,4.762394934708837,
2019,2,Ensemble_unweighted,fx_TS_roll14,4.753728647469973,
2019,2,Ensemble_unweighted,fx_SWC_lag21,4.752215886168434,
2019,2,Ensemble_unweighted,fx_TS_roll7,3.5064411789295393,
2019,2,Ensemble_unweighted,ar_ch4_dlag7,2.752572006861945,
2019,2,Ensemble_unweighted,is_t2,1.7501066736781674,
2019,2,Ensemble_unweighted,fx_SWC_roll14,1.2558952084525237,
2019,2,Ensemble_unweighted,fx_TA_min,1.006464413100378,
2019,2,Ensemble_unweighted,is_t4,0.503243041133562,
2019,2,Ensemble_unweighted,fx_is_growing,0.38321193872949305,
2019,2,Ensemble_unweighted,fx_grazing_active,0.25377978281548824,
2019,2,Ensemble_unweighted,fx_is_winter,1.270659563255584e-05,
2019,2,Ensemble_MASEweighted,fx_lsu_dens,67.09626898993146,
2019,2,Ensemble_MASEweighted,ar_ch4_dlag1,58.94573188317013,
2019,2,Ensemble_MASEweighted,fx_USTAR_mean,45.515518165586414,
2019,2,Ensemble_MASEweighted,ar_ch4_drm7,45.080265697556925,
2019,2,Ensemble_MASEweighted,ar_ch4_dlag2,37.90156084199092,
2019,2,Ensemble_MASEweighted,fx_WS_mean,33.643803983371285,
2019,2,Ensemble_MASEweighted,fx_wd_sin,30.969584027597953,
2019,2,Ensemble_MASEweighted,fx_TS_lag28,27.14850994115836,
2019,2,Ensemble_MASEweighted,fx_PRECIP_sum,24.574516172405893,
2019,2,Ensemble_MASEweighted,fx_VPD_mean,23.60117128414853,
2019,2,Ensemble_MASEweighted,fx_TS_lag21,19.966420317131295,
2019,2,Ensemble_MASEweighted,ar_fc_dlag1,17.91616514207383,
2019,2,Ensemble_MASEweighted,is_t9,16.89494918001079,
2019,2,Ensemble_MASEweighted,ar_ch4_dlag3,13.318213685403993,
2019,2,Ensemble_MASEweighted,fx_RN_mean,12.286250125539649,
2019,2,Ensemble_MASEweighted,fx_SHF_mean,11.009054987000635,
2019,2,Ensemble_MASEweighted,ar_ch4_dlag14,9.982854317304463,
2019,2,Ensemble_MASEweighted,fx_TA_max,9.728684393884773,
2019,2,Ensemble_MASEweighted,fx_SWC_lag14,9.214489164757085,
2019,2,Ensemble_MASEweighted,fx_days_since_grazing,8.96190940766599,
2019,2,Ensemble_MASEweighted,fx_TS_mean,8.451131405215392,
2019,2,Ensemble_MASEweighted,fx_DOY_sin,8.051471354519794,
2019,2,Ensemble_MASEweighted,fx_DOY_cos,7.763048662693547,
2019,2,Ensemble_MASEweighted,fx_TA_mean,7.688151056815499,
2019,2,Ensemble_MASEweighted,fx_TS_lag14,7.684393503893676,
2019,2,Ensemble_MASEweighted,fx_SWC_lag7,7.68204212280234,
2019,2,Ensemble_MASEweighted,fx_SWIN_mean,7.680364460747729,
2019,2,Ensemble_MASEweighted,fx_TS_lag7,7.169401176786165,
2019,2,Ensemble_MASEweighted,fx_PPFD_mean,7.1691846588642685,
2019,2,Ensemble_MASEweighted,fx_SWC_lag28,6.401819723400375,
2019,2,Ensemble_MASEweighted,fx_wd_cos,5.3781076392319624,
2019,2,Ensemble_MASEweighted,fx_SWC_mean,5.121931385119492,
2019,2,Ensemble_MASEweighted,fx_SWC_roll7,4.875087830279809,
2019,2,Ensemble_MASEweighted,fx_TS_roll14,4.866093103905944,
2019,2,Ensemble_MASEweighted,fx_SWC_lag21,4.864549396238485,
2019,2,Ensemble_MASEweighted,fx_TS_roll7,3.5893601634811207,
2019,2,Ensemble_MASEweighted,ar_ch4_dlag7,2.817590571260113,
2019,2,Ensemble_MASEweighted,is_t2,1.7914827893920988,
2019,2,Ensemble_MASEweighted,fx_SWC_roll14,1.2856136872984651,
2019,2,Ensemble_MASEweighted,fx_TA_min,1.0302755733307374,
2019,2,Ensemble_MASEweighted,is_t4,0.5151716716184707,
2019,2,Ensemble_MASEweighted,fx_is_growing,0.38439470227343453,
2019,2,Ensemble_MASEweighted,fx_grazing_active,0.25978065993979066,
2019,2,Ensemble_MASEweighted,fx_is_winter,1.242274058006737e-05,
2019,2,TFT,enc:enc_7,0.49785465002059937,
2019,2,TFT,dec:dec_23,0.34025371074676514,
2019,2,TFT,dec:dec_25,0.2191513031721115,
2019,2,TFT,enc:enc_14,0.07284025102853775,
2019,2,TFT,enc:enc_13,0.06562266498804092,
2019,2,TFT,dec:dec_3,0.041989948600530624,
2019,2,TFT,enc:enc_26,0.041896089911460876,
2019,2,TFT,dec:dec_14,0.040796633809804916,
2019,2,TFT,enc:enc_11,0.03849954903125763,
2019,2,TFT,dec:dec_11,0.033915113657712936,
2019,2,TFT,dec:dec_10,0.032135844230651855,
2019,2,TFT,dec:dec_20,0.02812369167804718,
2019,2,TFT,enc:enc_29,0.027593150734901428,
2019,2,TFT,dec:dec_17,0.027111850678920746,
2019,2,TFT,dec:dec_6,0.021098129451274872,
2019,2,TFT,dec:dec_9,0.020342716947197914,
2019,2,TFT,dec:dec_13,0.019097933545708656,
2019,2,TFT,dec:dec_5,0.018867485225200653,
2019,2,TFT,enc:enc_1,0.018444770947098732,
2019,2,TFT,dec:dec_21,0.017992008477449417,
2019,2,TFT,enc:enc_8,0.016395017504692078,
2019,2,TFT,enc:enc_28,0.01637701317667961,
2019,2,TFT,enc:enc_4,0.01607521064579487,
2019,2,TFT,dec:dec_24,0.0158877894282341,
2019,2,TFT,dec:dec_7,0.01579747535288334,
2019,2,TFT,dec:dec_1,0.015673261135816574,
2019,2,TFT,enc:enc_15,0.01448104903101921,
2019,2,TFT,dec:dec_15,0.013947044499218464,
2019,2,TFT,enc:enc_0,0.013855944387614727,
2019,2,TFT,enc:enc_5,0.013492627069354057,
2019,2,TFT,dec:dec_4,0.013260251842439175,
2019,2,TFT,enc:enc_9,0.013139595277607441,
2019,2,TFT,enc:enc_23,0.012857633642852306,
2019,2,TFT,enc:enc_6,0.011063077487051487,
2019,2,TFT,enc:enc_20,0.010436971671879292,
2019,2,TFT,enc:enc_22,0.010034732520580292,
2019,2,TFT,enc:enc_12,0.009853100404143333,
2019,2,TFT,enc:enc_27,0.009491796605288982,
2019,2,TFT,dec:dec_8,0.009486623108386993,
2019,2,TFT,dec:dec_2,0.009325879625976086,
2019,2,TFT,dec:dec_22,0.008854513987898827,
2019,2,TFT,enc:enc_18,0.008623400703072548,
2019,2,TFT,enc:enc_2,0.008591249585151672,
2019,2,TFT,enc:enc_3,0.008234703913331032,
2019,2,TFT,dec:dec_0,0.008190293796360493,
2019,2,TFT,dec:dec_18,0.008144160732626915,
2019,2,TFT,dec:dec_19,0.007960496470332146,
2019,2,TFT,enc:enc_24,0.007885970175266266,
2019,2,TFT,dec:dec_12,0.007529309950768948,
2019,2,TFT,enc:enc_25,0.00739757064729929,
2019,2,TFT,enc:enc_10,0.007210866082459688,
2019,2,TFT,enc:enc_17,0.006785998586565256,
2019,2,TFT,enc:enc_19,0.005401844624429941,
2019,2,TFT,dec:dec_16,0.005066588521003723,
2019,2,TFT,enc:enc_21,0.0049813250079751015,
2019,2,TFT,enc:enc_16,0.004582176450639963,
2019,2,TabPFN,fx_TA_max,0.17176198959350586,
2019,2,TabPFN,fx_TS_lag28,0.07134675979614258,
2019,2,TabPFN,fx_SWIN_mean,0.05114340782165527,
2019,2,TabPFN,fx_PPFD_mean,0.04432320594787598,
2019,2,TabPFN,fx_RN_mean,0.03658604621887207,
2019,2,TabPFN,fx_is_growing,0.028352975845336914,
2019,2,TabPFN,fx_TS_lag21,0.027022838592529297,
2019,2,TabPFN,fx_is_winter,0.02373194694519043,
2019,2,TabPFN,fx_DOY_cos,0.023318767547607422,
2019,2,TabPFN,fx_TS_lag14,0.021754741668701172,
2019,2,TabPFN,fx_wd_sin,0.021705150604248047,
2019,2,TabPFN,fx_SHF_mean,0.013359308242797852,
2019,2,TabPFN,fx_TS_roll7,0.012976646423339844,
2019,2,TabPFN,fx_wd_cos,0.01265859603881836,
2019,2,TabPFN,fx_TS_lag7,0.012336015701293945,
2019,2,TabPFN,fx_USTAR_mean,0.011886835098266602,
2019,2,TabPFN,fx_PRECIP_sum,0.010505914688110352,
2019,2,TabPFN,fx_SWC_lag28,0.007100343704223633,
2019,2,TabPFN,fx_TS_roll14,0.006904125213623047,
2019,2,TabPFN,fx_SWC_lag21,0.006541013717651367,
2019,2,TabPFN,fx_TA_mean,0.006409168243408203,
2019,2,TabPFN,fx_DOY_sin,0.005154609680175781,
2019,2,TabPFN,fx_SWC_roll14,0.005136251449584961,
2019,2,TabPFN,fx_SWC_lag14,0.005029439926147461,
2019,2,TabPFN,fx_SWC_lag7,0.004990816116333008,
2019,2,TabPFN,fx_SWC_mean,0.0037870407104492188,
2019,2,TabPFN,fx_TA_min,0.0035479068756103516,
2019,2,TabPFN,fx_WS_mean,0.003286123275756836,
2019,2,TabPFN,fx_VPD_mean,0.0006730556488037109,
2019,2,TabPFN,fx_SWC_roll7,0.0003020763397216797,
2019,2,TabPFN,fx_TS_mean,5.817413330078125e-05,
2019,2,TabPFN,fx_lsu_dens,0.0,
2019,2,TabPFN,fx_grazing_active,0.0,
2019,2,TabPFN,fx_days_since_grazing,0.0,
2019,4,SARIMAX,fx_USTAR_mean,24.57250348347375,0.21182630868419539
2019,4,SARIMAX,fx_lsu_dens,23.58138070810917,3.081048708219366e-104
2019,4,SARIMAX,fx_is_growing,8.150946369423556,0.4032613133104166
2019,4,SARIMAX,fx_DOY_cos,7.945054769469348,0.3276506159136018
2019,4,SARIMAX,fx_DOY_sin,5.474278857951332,0.20539514805086612
2019,4,SARIMAX,fx_VPD_mean,0.9349586057053946,0.25404437933371005
2019,4,SARIMAX,fx_WS_mean,0.44142627722688504,0.7696945885806148
2019,4,SARIMAX,fx_PPFD_mean,0.01259666007690496,0.15894673195422804
2019,4,Ensemble_unweighted,fx_lsu_dens,67.78793106514233,
2019,4,Ensemble_unweighted,ar_ch4_dlag1,57.58632474984022,
2019,4,Ensemble_unweighted,ar_ch4_drm7,44.0401119911418,
2019,4,Ensemble_unweighted,fx_USTAR_mean,37.400104488559236,
2019,4,Ensemble_unweighted,ar_ch4_dlag2,37.026658840164174,
2019,4,Ensemble_unweighted,fx_WS_mean,32.36856191046894,
2019,4,Ensemble_unweighted,fx_wd_sin,30.254302215272503,
2019,4,Ensemble_unweighted,fx_TS_lag28,26.521646769892662,
2019,4,Ensemble_unweighted,fx_PRECIP_sum,24.006963069947655,
2019,4,Ensemble_unweighted,fx_VPD_mean,22.48934440771467,
2019,4,Ensemble_unweighted,fx_TS_lag21,19.505322764956187,
2019,4,Ensemble_unweighted,ar_fc_dlag1,17.50235139820919,
2019,4,Ensemble_unweighted,is_t9,16.504671507747968,
2019,4,Ensemble_unweighted,ar_ch4_dlag3,13.010750256364854,
2019,4,Ensemble_unweighted,fx_RN_mean,12.002486508604001,
2019,4,Ensemble_unweighted,fx_SHF_mean,10.754771839346551,
2019,4,Ensemble_unweighted,ar_ch4_dlag14,9.752290106421894,
2019,4,Ensemble_unweighted,fx_TA_max,9.503992478250488,
2019,4,Ensemble_unweighted,fx_SWC_lag14,9.001665246170225,
2019,4,Ensemble_unweighted,fx_days_since_grazing,8.754938920902953,
2019,4,Ensemble_unweighted,fx_DOY_cos,8.74384436775439,
2019,4,Ensemble_unweighted,fx_TS_mean,8.255922932494771,
2019,4,Ensemble_unweighted,fx_TA_mean,7.510518300410936,
2019,4,Ensemble_unweighted,fx_TS_lag14,7.506946622533416,
2019,4,Ensemble_unweighted,fx_SWC_lag7,7.504589589409639,
2019,4,Ensemble_unweighted,fx_SWIN_mean,7.502988195060579,
2019,4,Ensemble_unweighted,fx_DOY_sin,7.371981416114899,
2019,4,Ensemble_unweighted,fx_PPFD_mean,7.006105746644927,
2019,4,Ensemble_unweighted,fx_TS_lag7,7.003812892683528,
2019,4,Ensemble_unweighted,fx_SWC_lag28,6.253965607229587,
2019,4,Ensemble_unweighted,fx_wd_cos,5.253891585667775,
2019,4,Ensemble_unweighted,fx_SWC_mean,5.003637806666522,
2019,4,Ensemble_unweighted,fx_SWC_roll7,4.762394934708837,
2019,4,Ensemble_unweighted,fx_TS_roll14,4.753728647469973,
2019,4,Ensemble_unweighted,fx_SWC_lag21,4.752215886168434,
2019,4,Ensemble_unweighted,fx_TS_roll7,3.5064411789295393,
2019,4,Ensemble_unweighted,ar_ch4_dlag7,2.752572006861945,
2019,4,Ensemble_unweighted,fx_is_growing,2.2880363295437687,
2019,4,Ensemble_unweighted,is_t2,1.7501066736781674,
2019,4,Ensemble_unweighted,fx_SWC_roll14,1.2558952084525237,
2019,4,Ensemble_unweighted,fx_TA_min,1.006464413100378,
2019,4,Ensemble_unweighted,is_t4,0.503243041133562,
2019,4,Ensemble_unweighted,fx_grazing_active,0.25377978281548824,
2019,4,Ensemble_unweighted,fx_is_winter,1.270659563255584e-05,
2019,4,Ensemble_MASEweighted,fx_lsu_dens,69.03837775092651,
2019,4,Ensemble_MASEweighted,ar_ch4_dlag1,58.94573188317013,
2019,4,Ensemble_MASEweighted,ar_ch4_drm7,45.080265697556925,
2019,4,Ensemble_MASEweighted,fx_USTAR_mean,37.92081211580273,
2019,4,Ensemble_MASEweighted,ar_ch4_dlag2,37.90156084199092,
2019,4,Ensemble_MASEweighted,fx_WS_mean,33.12723849483824,
2019,4,Ensemble_MASEweighted,fx_wd_sin,30.969584027597953,
2019,4,Ensemble_MASEweighted,fx_TS_lag28,27.14850994115836,
2019,4,Ensemble_MASEweighted,fx_PRECIP_sum,24.574516172405893,
2019,4,Ensemble_MASEweighted,fx_VPD_mean,23.007195056582567,
2019,4,Ensemble_MASEweighted,fx_TS_lag21,19.966420317131295,
2019,4,Ensemble_MASEweighted,ar_fc_dlag1,17.91616514207383,
2019,4,Ensemble_MASEweighted,is_t9,16.89494918001079,
2019,4,Ensemble_MASEweighted,ar_ch4_dlag3,13.318213685403993,
2019,4,Ensemble_MASEweighted,fx_RN_mean,12.286250125539649,
2019,4,Ensemble_MASEweighted,fx_SHF_mean,11.009054987000635,
2019,4,Ensemble_MASEweighted,ar_ch4_dlag14,9.982854317304463,
2019,4,Ensemble_MASEweighted,fx_TA_max,9.728684393884773,
2019,4,Ensemble_MASEweighted,fx_SWC_lag14,9.214489164757085,
2019,4,Ensemble_MASEweighted,fx_days_since_grazing,8.96190940766599,
2019,4,Ensemble_MASEweighted,fx_DOY_cos,8.83304235968435,
2019,4,Ensemble_MASEweighted,fx_TS_mean,8.451131405215392,
2019,4,Ensemble_MASEweighted,fx_TA_mean,7.688151056815499,
2019,4,Ensemble_MASEweighted,fx_TS_lag14,7.684393503893676,
2019,4,Ensemble_MASEweighted,fx_SWC_lag7,7.68204212280234,
2019,4,Ensemble_MASEweighted,fx_SWIN_mean,7.680364460747729,
2019,4,Ensemble_MASEweighted,fx_DOY_sin,7.4653037740685955,
2019,4,Ensemble_MASEweighted,fx_PPFD_mean,7.1715515500180365,
2019,4,Ensemble_MASEweighted,fx_TS_lag7,7.169401176786165,
2019,4,Ensemble_MASEweighted,fx_SWC_lag28,6.401819723400375,
2019,4,Ensemble_MASEweighted,fx_wd_cos,5.3781076392319624,
2019,4,Ensemble_MASEweighted,fx_SWC_mean,5.121931385119492,
2019,4,Ensemble_MASEweighted,fx_SWC_roll7,4.875087830279809,
2019,4,Ensemble_MASEweighted,fx_TS_roll14,4.866093103905944,
2019,4,Ensemble_MASEweighted,fx_SWC_lag21,4.864549396238485,
2019,4,Ensemble_MASEweighted,fx_TS_roll7,3.5893601634811207,
2019,4,Ensemble_MASEweighted,ar_ch4_dlag7,2.817590571260113,
2019,4,Ensemble_MASEweighted,fx_is_growing,2.221549508478499,
2019,4,Ensemble_MASEweighted,is_t2,1.7914827893920988,
2019,4,Ensemble_MASEweighted,fx_SWC_roll14,1.2856136872984651,
2019,4,Ensemble_MASEweighted,fx_TA_min,1.0302755733307374,
2019,4,Ensemble_MASEweighted,is_t4,0.5151716716184707,
2019,4,Ensemble_MASEweighted,fx_grazing_active,0.25978065993979066,
2019,4,Ensemble_MASEweighted,fx_is_winter,1.242274058006737e-05,
2019,4,TFT,enc:enc_12,0.35236823558807373,
2019,4,TFT,dec:dec_0,0.2825937271118164,
2019,4,TFT,dec:dec_14,0.19894751906394958,
2019,4,TFT,enc:enc_13,0.11662473529577255,
2019,4,TFT,enc:enc_29,0.11142382770776749,
2019,4,TFT,dec:dec_18,0.08817628026008606,
2019,4,TFT,dec:dec_13,0.06619154661893845,
2019,4,TFT,dec:dec_23,0.044203534722328186,
2019,4,TFT,dec:dec_8,0.04363689571619034,
2019,4,TFT,enc:enc_22,0.04340310022234917,
2019,4,TFT,enc:enc_25,0.035022836178541183,
2019,4,TFT,enc:enc_20,0.03227955847978592,
2019,4,TFT,enc:enc_11,0.026538947597146034,
2019,4,TFT,enc:enc_15,0.02601274475455284,
2019,4,TFT,dec:dec_10,0.025695424526929855,
2019,4,TFT,enc:enc_6,0.024047205224633217,
2019,4,TFT,dec:dec_3,0.023599576205015182,
2019,4,TFT,enc:enc_8,0.021248148754239082,
2019,4,TFT,dec:dec_17,0.020459288731217384,
2019,4,TFT,dec:dec_16,0.018604259938001633,
2019,4,TFT,dec:dec_20,0.01841750182211399,
2019,4,TFT,dec:dec_2,0.018136432394385338,
2019,4,TFT,dec:dec_24,0.018097275868058205,
2019,4,TFT,enc:enc_26,0.017763348296284676,
2019,4,TFT,enc:enc_28,0.017751215025782585,
2019,4,TFT,dec:dec_1,0.016504118219017982,
2019,4,TFT,enc:enc_5,0.015915390104055405,
2019,4,TFT,enc:enc_24,0.015048153698444366,
2019,4,TFT,enc:enc_2,0.013970836997032166,
2019,4,TFT,dec:dec_4,0.013658924028277397,
2019,4,TFT,enc:enc_10,0.013362514786422253,
2019,4,TFT,enc:enc_19,0.013095651753246784,
2019,4,TFT,dec:dec_15,0.012649868614971638,
2019,4,TFT,enc:enc_1,0.012552308849990368,
2019,4,TFT,dec:dec_12,0.012350493110716343,
2019,4,TFT,enc:enc_7,0.011510264128446579,
2019,4,TFT,dec:dec_9,0.011344727128744125,
2019,4,TFT,dec:dec_19,0.010627002455294132,
2019,4,TFT,enc:enc_4,0.010521994903683662,
2019,4,TFT,dec:dec_25,0.01046744454652071,
2019,4,TFT,dec:dec_7,0.009997694753110409,
2019,4,TFT,dec:dec_6,0.009957540780305862,
2019,4,TFT,enc:enc_9,0.009857725352048874,
2019,4,TFT,enc:enc_21,0.00891619361937046,
2019,4,TFT,dec:dec_21,0.008657724596560001,
2019,4,TFT,enc:enc_27,0.008573009632527828,
2019,4,TFT,enc:enc_17,0.007793737575411797,
2019,4,TFT,enc:enc_23,0.007643651217222214,
2019,4,TFT,dec:dec_11,0.006746113300323486,
2019,4,TFT,enc:enc_3,0.006654163356870413,
2019,4,TFT,enc:enc_16,0.006497620139271021,
2019,4,TFT,dec:dec_22,0.005808040965348482,
2019,4,TFT,enc:enc_18,0.005489963572472334,
2019,4,TFT,enc:enc_0,0.004820357542484999,
2019,4,TFT,dec:dec_5,0.004471087362617254,
2019,4,TFT,enc:enc_14,0.0032926106359809637,
2019,4,TabPFN,fx_lsu_dens,2.343451499938965,
2019,4,TabPFN,fx_grazing_active,1.3777427673339844,
2019,4,TabPFN,fx_is_growing,0.3284111022949219,
2019,4,TabPFN,fx_days_since_grazing,0.32293128967285156,
2019,4,TabPFN,fx_TS_mean,0.2724933624267578,
2019,4,TabPFN,fx_TA_mean,0.26460742950439453,
2019,4,TabPFN,fx_SWC_lag21,0.2629985809326172,
2019,4,TabPFN,fx_RN_mean,0.16182613372802734,
2019,4,TabPFN,fx_VPD_mean,0.1518230438232422,
2019,4,TabPFN,fx_TS_roll7,0.14760780334472656,
2019,4,TabPFN,fx_TS_lag7,0.14353275299072266,
2019,4,TabPFN,fx_TS_lag28,0.12269306182861328,
2019,4,TabPFN,fx_TS_lag21,0.1205282211303711,
2019,4,TabPFN,fx_is_winter,0.11707115173339844,
2019,4,TabPFN,fx_TS_lag14,0.11479377746582031,
2019,4,TabPFN,fx_TA_max,0.10666370391845703,
2019,4,TabPFN,fx_SWC_roll14,0.10553550720214844,
2019,4,TabPFN,fx_TA_min,0.09408760070800781,
2019,4,TabPFN,fx_SWC_mean,0.07993507385253906,
2019,4,TabPFN,fx_PPFD_mean,0.06779098510742188,
2019,4,TabPFN,fx_wd_cos,0.05967903137207031,
2019,4,TabPFN,fx_SWC_roll7,0.05266761779785156,
2019,4,TabPFN,fx_USTAR_mean,0.04946136474609375,
2019,4,TabPFN,fx_PRECIP_sum,0.049317359924316406,
2019,4,TabPFN,fx_WS_mean,0.04634284973144531,
2019,4,TabPFN,fx_SWC_lag7,0.04328727722167969,
2019,4,TabPFN,fx_TS_roll14,0.02685832977294922,
2019,4,TabPFN,fx_SWC_lag14,0.017899513244628906,
2019,4,TabPFN,fx_SHF_mean,0.015101432800292969,
2019,4,TabPFN,fx_DOY_cos,0.014454841613769531,
2019,4,TabPFN,fx_DOY_sin,0.013482093811035156,
2019,4,TabPFN,fx_SWIN_mean,0.008874893188476562,
2019,4,TabPFN,fx_SWC_lag28,0.0038709640502929688,
2019,4,TabPFN,fx_wd_sin,0.0019636154174804688,
2019,9,SARIMAX,fx_lsu_dens,19.751125957985824,1.9445528543419917e-37
2019,9,SARIMAX,fx_USTAR_mean,10.612871629054435,0.4380966928367316
2019,9,SARIMAX,fx_DOY_sin,8.244003607170184,0.6019296371414193
2019,9,SARIMAX,fx_WS_mean,4.828103228582185,2.343492246014284e-12
2019,9,SARIMAX,fx_VPD_mean,4.3385492456201185,6.165710334083728e-05
2019,9,SARIMAX,fx_DOY_cos,4.233964665499244,0.8180991287197513
2019,9,SARIMAX,fx_is_growing,1.4289755591835909,0.8837732942373695
2019,9,SARIMAX,fx_PPFD_mean,0.022468413751106035,0.06459271402402789
2019,9,Ensemble_unweighted,fx_lsu_dens,66.8303673776115,
2019,9,Ensemble_unweighted,ar_ch4_dlag1,57.58632474984022,
2019,9,Ensemble_unweighted,ar_ch4_drm7,44.0401119911418,
2019,9,Ensemble_unweighted,ar_ch4_dlag2,37.026658840164174,
2019,9,Ensemble_unweighted,fx_USTAR_mean,33.91019652495441,
2019,9,Ensemble_unweighted,fx_WS_mean,33.465231148307765,
2019,9,Ensemble_unweighted,fx_wd_sin,30.254302215272503,
2019,9,Ensemble_unweighted,fx_TS_lag28,26.521646769892662,
2019,9,Ensemble_unweighted,fx_PRECIP_sum,24.006963069947655,
2019,9,Ensemble_unweighted,fx_VPD_mean,23.34024206769335,
2019,9,Ensemble_unweighted,fx_TS_lag21,19.505322764956187,
2019,9,Ensemble_unweighted,ar_fc_dlag1,17.50235139820919,
2019,9,Ensemble_unweighted,is_t9,16.504671507747968,
2019,9,Ensemble_unweighted,ar_ch4_dlag3,13.010750256364854,
2019,9,Ensemble_unweighted,fx_RN_mean,12.002486508604001,
2019,9,Ensemble_unweighted,fx_SHF_mean,10.754771839346551,
2019,9,Ensemble_unweighted,ar_ch4_dlag14,9.752290106421894,
2019,9,Ensemble_unweighted,fx_TA_max,9.503992478250488,
2019,9,Ensemble_unweighted,fx_SWC_lag14,9.001665246170225,
2019,9,Ensemble_unweighted,fx_days_since_grazing,8.754938920902953,
2019,9,Ensemble_unweighted,fx_TS_mean,8.255922932494771,
2019,9,Ensemble_unweighted,fx_DOY_sin,8.064412603419612,
2019,9,Ensemble_unweighted,fx_DOY_cos,7.816071841761864,
2019,9,Ensemble_unweighted,fx_TA_mean,7.510518300410936,
2019,9,Ensemble_unweighted,fx_TS_lag14,7.506946622533416,
2019,9,Ensemble_unweighted,fx_SWC_lag7,7.504589589409639,
2019,9,Ensemble_unweighted,fx_SWIN_mean,7.502988195060579,
2019,9,Ensemble_unweighted,fx_PPFD_mean,7.008573685063477,
2019,9,Ensemble_unweighted,fx_TS_lag7,7.003812892683528,
2019,9,Ensemble_unweighted,fx_SWC_lag28,6.253965607229587,
2019,9,Ensemble_unweighted,fx_wd_cos,5.253891585667775,
2019,9,Ensemble_unweighted,fx_SWC_mean,5.003637806666522,
2019,9,Ensemble_unweighted,fx_SWC_roll7,4.762394934708837,
2019,9,Ensemble_unweighted,fx_TS_roll14,4.753728647469973,
2019,9,Ensemble_unweighted,fx_SWC_lag21,4.752215886168434,
2019,9,Ensemble_unweighted,fx_TS_roll7,3.5064411789295393,
2019,9,Ensemble_unweighted,ar_ch4_dlag7,2.752572006861945,
2019,9,Ensemble_unweighted,is_t2,1.7501066736781674,
2019,9,Ensemble_unweighted,fx_SWC_roll14,1.2558952084525237,
2019,9,Ensemble_unweighted,fx_TA_min,1.006464413100378,
2019,9,Ensemble_unweighted,fx_is_growing,0.6075436269837774,
2019,9,Ensemble_unweighted,is_t4,0.503243041133562,
2019,9,Ensemble_unweighted,fx_grazing_active,0.25377978281548824,
2019,9,Ensemble_unweighted,fx_is_winter,1.270659563255584e-05,
2019,9,Ensemble_MASEweighted,fx_lsu_dens,68.11483186434602,
2019,9,Ensemble_MASEweighted,ar_ch4_dlag1,58.94573188317013,
2019,9,Ensemble_MASEweighted,ar_ch4_drm7,45.080265697556925,
2019,9,Ensemble_MASEweighted,ar_ch4_dlag2,37.90156084199092,
2019,9,Ensemble_MASEweighted,fx_USTAR_mean,34.55488441166978,
2019,9,Ensemble_MASEweighted,fx_WS_mean,34.184948156069304,
2019,9,Ensemble_MASEweighted,fx_wd_sin,30.969584027597953,
2019,9,Ensemble_MASEweighted,fx_TS_lag28,27.14850994115836,
2019,9,Ensemble_MASEweighted,fx_PRECIP_sum,24.574516172405893,
2019,9,Ensemble_MASEweighted,fx_VPD_mean,23.82786426533321,
2019,9,Ensemble_MASEweighted,fx_TS_lag21,19.966420317131295,
2019,9,Ensemble_MASEweighted,ar_fc_dlag1,17.91616514207383,
2019,9,Ensemble_MASEweighted,is_t9,16.89494918001079,
2019,9,Ensemble_MASEweighted,ar_ch4_dlag3,13.318213685403993,
2019,9,Ensemble_MASEweighted,fx_RN_mean,12.286250125539649,
2019,9,Ensemble_MASEweighted,fx_SHF_mean,11.009054987000635,
2019,9,Ensemble_MASEweighted,ar_ch4_dlag14,9.982854317304463,
2019,9,Ensemble_MASEweighted,fx_TA_max,9.728684393884773,
2019,9,Ensemble_MASEweighted,fx_SWC_lag14,9.214489164757085,
2019,9,Ensemble_MASEweighted,fx_days_since_grazing,8.96190940766599,
2019,9,Ensemble_MASEweighted,fx_TS_mean,8.451131405215392,
2019,9,Ensemble_MASEweighted,fx_DOY_sin,8.13313608966559,
2019,9,Ensemble_MASEweighted,fx_DOY_cos,7.938229292709943,
2019,9,Ensemble_MASEweighted,fx_TA_mean,7.688151056815499,
2019,9,Ensemble_MASEweighted,fx_TS_lag14,7.684393503893676,
2019,9,Ensemble_MASEweighted,fx_SWC_lag7,7.68204212280234,
2019,9,Ensemble_MASEweighted,fx_SWIN_mean,7.680364460747729,
2019,9,Ensemble_MASEweighted,fx_PPFD_mean,7.173931814019759,
2019,9,Ensemble_MASEweighted,fx_TS_lag7,7.169401176786165,
2019,9,Ensemble_MASEweighted,fx_SWC_lag28,6.401819723400375,
2019,9,Ensemble_MASEweighted,fx_wd_cos,5.3781076392319624,
2019,9,Ensemble_MASEweighted,fx_SWC_mean,5.121931385119492,
2019,9,Ensemble_MASEweighted,fx_SWC_roll7,4.875087830279809,
2019,9,Ensemble_MASEweighted,fx_TS_roll14,4.866093103905944,
2019,9,Ensemble_MASEweighted,fx_SWC_lag21,4.864549396238485,
2019,9,Ensemble_MASEweighted,fx_TS_roll7,3.5893601634811207,
2019,9,Ensemble_MASEweighted,ar_ch4_dlag7,2.817590571260113,
2019,9,Ensemble_MASEweighted,is_t2,1.7914827893920988,
2019,9,Ensemble_MASEweighted,fx_SWC_roll14,1.2856136872984651,
2019,9,Ensemble_MASEweighted,fx_TA_min,1.0302755733307374,
2019,9,Ensemble_MASEweighted,fx_is_growing,0.6007569250840508,
2019,9,Ensemble_MASEweighted,is_t4,0.5151716716184707,
2019,9,Ensemble_MASEweighted,fx_grazing_active,0.25978065993979066,
2019,9,Ensemble_MASEweighted,fx_is_winter,1.242274058006737e-05,
2019,9,TFT,dec:dec_12,0.18983520567417145,
2019,9,TFT,enc:enc_11,0.18258777260780334,
2019,9,TFT,dec:dec_4,0.14738373458385468,
2019,9,TFT,dec:dec_10,0.12182286381721497,
2019,9,TFT,enc:enc_25,0.09115754067897797,
2019,9,TFT,enc:enc_18,0.08170764893293381,
2019,9,TFT,dec:dec_7,0.08149178326129913,
2019,9,TFT,dec:dec_21,0.06587724387645721,
2019,9,TFT,enc:enc_21,0.06439700722694397,
2019,9,TFT,dec:dec_18,0.0631769597530365,
2019,9,TFT,enc:enc_26,0.061275921761989594,
2019,9,TFT,enc:enc_20,0.05920010805130005,
2019,9,TFT,enc:enc_15,0.05745522305369377,
2019,9,TFT,enc:enc_7,0.0466296561062336,
2019,9,TFT,enc:enc_16,0.04561151936650276,
2019,9,TFT,dec:dec_20,0.044288381934165955,
2019,9,TFT,dec:dec_3,0.036436326801776886,
2019,9,TFT,enc:enc_13,0.035036779940128326,
2019,9,TFT,dec:dec_22,0.02598642185330391,
2019,9,TFT,enc:enc_28,0.02425539307296276,
2019,9,TFT,dec:dec_8,0.02364788018167019,
2019,9,TFT,enc:enc_0,0.023513061925768852,
2019,9,TFT,dec:dec_24,0.01952691189944744,
2019,9,TFT,enc:enc_8,0.019492175430059433,
2019,9,TFT,enc:enc_19,0.019303789362311363,
2019,9,TFT,enc:enc_22,0.018960505723953247,
2019,9,TFT,dec:dec_0,0.018216140568256378,
2019,9,TFT,enc:enc_10,0.01796841248869896,
2019,9,TFT,enc:enc_1,0.017935683950781822,
2019,9,TFT,dec:dec_14,0.0170427355915308,
2019,9,TFT,dec:dec_2,0.016919387504458427,
2019,9,TFT,enc:enc_24,0.01649474911391735,
2019,9,TFT,dec:dec_19,0.01635405234992504,
2019,9,TFT,enc:enc_23,0.015620474703609943,
2019,9,TFT,dec:dec_17,0.014032848179340363,
2019,9,TFT,dec:dec_5,0.013647057116031647,
2019,9,TFT,enc:enc_4,0.013104754500091076,
2019,9,TFT,dec:dec_6,0.01265390869230032,
2019,9,TFT,enc:enc_5,0.012309209443628788,
2019,9,TFT,enc:enc_27,0.012012152001261711,
2019,9,TFT,enc:enc_12,0.011531726457178593,
2019,9,TFT,enc:enc_17,0.011047924868762493,
2019,9,TFT,dec:dec_16,0.011000842787325382,
2019,9,TFT,dec:dec_23,0.010510868392884731,
2019,9,TFT,dec:dec_1,0.009864401072263718,
2019,9,TFT,enc:enc_3,0.009699752554297447,
2019,9,TFT,dec:dec_9,0.009644666686654091,
2019,9,TFT,dec:dec_11,0.009487147442996502,
2019,9,TFT,enc:enc_6,0.00902228057384491,
2019,9,TFT,dec:dec_13,0.008114457130432129,
2019,9,TFT,enc:enc_2,0.007934636436402798,
2019,9,TFT,dec:dec_15,0.007142113987356424,
2019,9,TFT,enc:enc_9,0.005997483618557453,
2019,9,TFT,dec:dec_25,0.00589573523029685,
2019,9,TFT,enc:enc_14,0.0049828230403363705,
2019,9,TFT,enc:enc_29,0.003753873985260725,
2019,9,TabPFN,fx_WS_mean,0.0,
2019,9,TabPFN,fx_USTAR_mean,0.0,
2019,9,TabPFN,fx_TA_mean,0.0,
2019,9,TabPFN,fx_TA_min,0.0,
2019,9,TabPFN,fx_TA_max,0.0,
2019,9,TabPFN,fx_VPD_mean,0.0,
2019,9,TabPFN,fx_SWIN_mean,0.0,
2019,9,TabPFN,fx_RN_mean,0.0,
2019,9,TabPFN,fx_PPFD_mean,0.0,
2019,9,TabPFN,fx_SWC_mean,0.0,
2019,9,TabPFN,fx_TS_mean,0.0,
2019,9,TabPFN,fx_SHF_mean,0.0,
2019,9,TabPFN,fx_PRECIP_sum,0.0,
2019,9,TabPFN,fx_wd_sin,0.0,
2019,9,TabPFN,fx_wd_cos,0.0,
2019,9,TabPFN,fx_SWC_lag7,0.0,
2019,9,TabPFN,fx_TS_lag7,0.0,
2019,9,TabPFN,fx_SWC_lag14,0.0,
2019,9,TabPFN,fx_TS_lag14,0.0,
2019,9,TabPFN,fx_SWC_lag21,0.0,
2019,9,TabPFN,fx_TS_lag21,0.0,
2019,9,TabPFN,fx_SWC_lag28,0.0,
2019,9,TabPFN,fx_TS_lag28,0.0,
2019,9,TabPFN,fx_SWC_roll7,0.0,
2019,9,TabPFN,fx_TS_roll7,0.0,
2019,9,TabPFN,fx_SWC_roll14,0.0,
2019,9,TabPFN,fx_TS_roll14,0.0,
2019,9,TabPFN,fx_DOY_sin,0.0,
2019,9,TabPFN,fx_DOY_cos,0.0,
2019,9,TabPFN,fx_is_growing,0.0,
2019,9,TabPFN,fx_is_winter,0.0,
2019,9,TabPFN,fx_lsu_dens,0.0,
2019,9,TabPFN,fx_grazing_active,0.0,
2019,9,TabPFN,fx_days_since_grazing,0.0,
2020,pooled,RF,fx_lsu_dens,0.3654213754515366,
2020,pooled,RF,ar_ch4_dlag1,0.20991487208156095,
2020,pooled,RF,ar_ch4_drm7,0.11412362025864733,
2020,pooled,RF,ar_ch4_dlag2,0.07007929645356029,
2020,pooled,RF,fx_TS_lag28,0.028882732350487137,
2020,pooled,RF,fx_USTAR_mean,0.01793472223925292,
2020,pooled,RF,fx_WS_mean,0.017904322331786536,
2020,pooled,RF,ar_ch4_dlag3,0.017811951565010385,
2020,pooled,RF,fx_PRECIP_sum,0.009728322905503154,
2020,pooled,RF,fx_days_since_grazing,0.00852283318019028,
2020,pooled,RF,ar_ch4_dlag7,0.008229620101427113,
2020,pooled,RF,fx_wd_sin,0.008149448979624892,
2020,pooled,RF,fx_TS_lag21,0.007919776302291856,
2020,pooled,RF,fx_VPD_mean,0.007883737814276403,
2020,pooled,RF,fx_TS_lag14,0.006510380416618601,
2020,pooled,RF,fx_SWC_mean,0.005877462987307269,
2020,pooled,RF,fx_DOY_cos,0.005447455077470787,
2020,pooled,RF,fx_SWC_lag28,0.0052762701135817295,
2020,pooled,RF,fx_wd_cos,0.00525447962596193,
2020,pooled,RF,fx_PPFD_mean,0.004971032305782499,
2020,pooled,RF,fx_SWIN_mean,0.004665441631781014,
2020,pooled,RF,fx_TS_roll14,0.004605399142700263,
2020,pooled,RF,fx_SWC_roll7,0.0045834286730251726,
2020,pooled,RF,fx_SHF_mean,0.004453761912228978,
2020,pooled,RF,ar_ch4_dlag14,0.004293105103191092,
2020,pooled,RF,fx_TA_max,0.004290879520698668,
2020,pooled,RF,fx_SWC_lag21,0.004082095565789988,
2020,pooled,RF,fx_TS_mean,0.0039199055502022115,
2020,pooled,RF,fx_RN_mean,0.003790167552561834,
2020,pooled,RF,fx_TA_min,0.0036662684988267996,
2020,pooled,RF,fx_TS_roll7,0.0035943328608460477,
2020,pooled,RF,fx_SWC_roll14,0.003593112323018756,
2020,pooled,RF,fx_SWC_lag7,0.0035889861108817324,
2020,pooled,RF,fx_TA_mean,0.0033361598971158703,
2020,pooled,RF,fx_TS_lag7,0.0033131676823870445,
2020,pooled,RF,ar_fc_dlag1,0.003090643129299764,
2020,pooled,RF,fx_DOY_sin,0.0030245707350396987,
2020,pooled,RF,fx_SWC_lag14,0.002993916119820435,
2020,pooled,RF,fx_grazing_active,0.00239543910634677,
2020,pooled,RF,is_t9,0.0014307027718825952,
2020,pooled,RF,is_t4,0.0005538657038498875,
2020,pooled,RF,fx_is_growing,0.00045464342181783285,
2020,pooled,RF,is_t2,0.0003651417870121016,
2020,pooled,RF,fx_is_winter,7.115265779690648e-05,
2020,pooled,XGB,fx_lsu_dens,0.2627265751361847,
2020,pooled,XGB,ar_ch4_dlag1,0.11231986433267593,
2020,pooled,XGB,fx_TS_lag28,0.08337441831827164,
2020,pooled,XGB,ar_ch4_drm7,0.05422886833548546,
2020,pooled,XGB,ar_ch4_dlag2,0.04099901393055916,
2020,pooled,XGB,is_t4,0.024390192702412605,
2020,pooled,XGB,fx_SWC_lag28,0.022939532995224,
2020,pooled,XGB,fx_SWC_roll14,0.022610852494835854,
2020,pooled,XGB,fx_TS_lag14,0.021077672019600868,
2020,pooled,XGB,fx_WS_mean,0.020256489515304565,
2020,pooled,XGB,is_t9,0.019238846376538277,
2020,pooled,XGB,fx_USTAR_mean,0.018971482291817665,
2020,pooled,XGB,fx_grazing_active,0.016943812370300293,
2020,pooled,XGB,ar_ch4_dlag3,0.01643332466483116,
2020,pooled,XGB,fx_PRECIP_sum,0.015919528901576996,
2020,pooled,XGB,fx_TA_min,0.015406215563416481,
2020,pooled,XGB,fx_TS_lag7,0.013848894275724888,
2020,pooled,XGB,fx_TS_roll7,0.013756168074905872,
2020,pooled,XGB,fx_TS_mean,0.013606126420199871,
2020,pooled,XGB,fx_days_since_grazing,0.012867615558207035,
2020,pooled,XGB,fx_SWC_roll7,0.012676674872636795,
2020,pooled,XGB,fx_TS_roll14,0.0118474205955863,
2020,pooled,XGB,fx_SHF_mean,0.011834513396024704,
2020,pooled,XGB,fx_DOY_sin,0.01113651692867279,
2020,pooled,XGB,fx_TS_lag21,0.011046326719224453,
2020,pooled,XGB,fx_TA_mean,0.010619191452860832,
2020,pooled,XGB,fx_TA_max,0.009939327836036682,
2020,pooled,XGB,fx_PPFD_mean,0.009676261804997921,
2020,pooled,XGB,fx_DOY_cos,0.009241902269423008,
2020,pooled,XGB,fx_wd_sin,0.00907451193779707,
2020,pooled,XGB,fx_VPD_mean,0.008228452876210213,
2020,pooled,XGB,ar_ch4_dlag14,0.008191478438675404,
2020,pooled,XGB,fx_SWC_lag7,0.007820693776011467,
2020,pooled,XGB,fx_SWIN_mean,0.007728369906544685,
2020,pooled,XGB,fx_RN_mean,0.007515872363001108,
2020,pooled,XGB,fx_SWC_mean,0.006879847031086683,
2020,pooled,XGB,ar_ch4_dlag7,0.006398995406925678,
2020,pooled,XGB,fx_wd_cos,0.0063652293756604195,
2020,pooled,XGB,ar_fc_dlag1,0.006292436737567186,
2020,pooled,XGB,fx_SWC_lag21,0.0055705527774989605,
2020,pooled,XGB,fx_SWC_lag14,0.0,
2020,pooled,XGB,fx_is_growing,0.0,
2020,pooled,XGB,fx_is_winter,0.0,
2020,pooled,XGB,is_t2,0.0,
2020,pooled,LightGBM,ar_ch4_dlag1,274.0,
2020,pooled,LightGBM,fx_lsu_dens,236.0,
2020,pooled,LightGBM,ar_ch4_dlag2,163.0,
2020,pooled,LightGBM,fx_WS_mean,147.0,
2020,pooled,LightGBM,fx_USTAR_mean,146.0,
2020,pooled,LightGBM,ar_ch4_drm7,114.0,
2020,pooled,LightGBM,fx_wd_sin,109.0,
2020,pooled,LightGBM,fx_VPD_mean,103.0,
2020,pooled,LightGBM,fx_TS_lag28,97.0,
2020,pooled,LightGBM,fx_PRECIP_sum,91.0,
2020,pooled,LightGBM,fx_TS_lag21,67.0,
2020,pooled,LightGBM,fx_PPFD_mean,57.0,
2020,pooled,LightGBM,fx_RN_mean,56.0,
2020,pooled,LightGBM,ar_fc_dlag1,52.0,
2020,pooled,LightGBM,fx_SWC_mean,51.0,
2020,pooled,LightGBM,fx_TA_max,46.0,
2020,pooled,LightGBM,fx_SWC_lag28,45.0,
2020,pooled,LightGBM,ar_ch4_dlag3,44.0,
2020,pooled,LightGBM,fx_SHF_mean,41.0,
2020,pooled,LightGBM,fx_wd_cos,38.0,
2020,pooled,LightGBM,is_t9,36.0,
2020,pooled,LightGBM,fx_SWC_lag14,34.0,
2020,pooled,LightGBM,fx_DOY_cos,33.0,
2020,pooled,LightGBM,fx_SWIN_mean,31.0,
2020,pooled,LightGBM,fx_days_since_grazing,31.0,
2020,pooled,LightGBM,fx_TS_roll14,30.0,
2020,pooled,LightGBM,ar_ch4_dlag7,29.0,
2020,pooled,LightGBM,fx_TS_lag14,24.0,
2020,pooled,LightGBM,fx_TS_lag7,24.0,
2020,pooled,LightGBM,ar_ch4_dlag14,21.0,
2020,pooled,LightGBM,fx_TS_mean,20.0,
2020,pooled,LightGBM,fx_SWC_lag21,18.0,
2020,pooled,LightGBM,fx_DOY_sin,14.0,
2020,pooled,LightGBM,fx_TS_roll7,14.0,
2020,pooled,LightGBM,fx_SWC_roll14,13.0,
2020,pooled,LightGBM,fx_TA_min,11.0,
2020,pooled,LightGBM,fx_SWC_lag7,11.0,
2020,pooled,LightGBM,fx_SWC_roll7,10.0,
2020,pooled,LightGBM,fx_TA_mean,8.0,
2020,pooled,LightGBM,is_t4,7.0,
2020,pooled,LightGBM,is_t2,2.0,
2020,pooled,LightGBM,fx_is_growing,1.0,
2020,pooled,LightGBM,fx_grazing_active,1.0,
2020,pooled,LightGBM,fx_is_winter,0.0,
2020,2,SARIMAX,fx_USTAR_mean,95.24085169430481,8.862994879806066e-42
2020,2,SARIMAX,fx_lsu_dens,16.493985484415,3.0906107221337956e-204
2020,2,SARIMAX,fx_WS_mean,4.078381131474292,5.135132479220055e-06
2020,2,SARIMAX,fx_DOY_sin,1.9060754054207047,0.5462103632850153
2020,2,SARIMAX,fx_is_growing,1.630695197612228,0.8480833331204897
2020,2,SARIMAX,fx_DOY_cos,1.4650752530118452,0.8193038780692334
2020,2,SARIMAX,fx_VPD_mean,0.20195904933113573,0.7137514667301958
2020,2,SARIMAX,fx_PPFD_mean,0.003949023304290639,0.5461979807454209
2020,2,Ensemble_unweighted,ar_ch4_dlag1,68.58055868410356,
2020,2,Ensemble_unweighted,fx_lsu_dens,63.28053335875068,
2020,2,Ensemble_unweighted,fx_USTAR_mean,60.31943947470897,
2020,2,Ensemble_unweighted,ar_ch4_dlag2,40.77776957759603,
2020,2,Ensemble_unweighted,fx_WS_mean,37.779135485830345,
2020,2,Ensemble_unweighted,ar_ch4_drm7,28.542088122148535,
2020,2,Ensemble_unweighted,fx_wd_sin,27.254305990229355,
2020,2,Ensemble_unweighted,fx_VPD_mean,25.804517810005407,
2020,2,Ensemble_unweighted,fx_TS_lag28,24.27806428766719,
2020,2,Ensemble_unweighted,fx_PRECIP_sum,22.75641196295177,
2020,2,Ensemble_unweighted,fx_TS_lag21,16.754741525755378,
2020,2,Ensemble_unweighted,fx_PPFD_mean,14.254649079353769,
2020,2,Ensemble_unweighted,fx_RN_mean,14.00282650997889,
2020,2,Ensemble_unweighted,ar_fc_dlag1,13.002345769966716,
2020,2,Ensemble_unweighted,fx_SWC_mean,12.753189327504598,
2020,2,Ensemble_unweighted,fx_TA_max,11.503557551839183,
2020,2,Ensemble_unweighted,fx_SWC_lag28,11.257053950777202,
2020,2,Ensemble_unweighted,ar_ch4_dlag3,11.00856131905746,
2020,2,Ensemble_unweighted,fx_SHF_mean,10.254072068827064,
2020,2,Ensemble_unweighted,fx_wd_cos,9.502904927250405,
2020,2,Ensemble_unweighted,is_t9,9.005167387287106,
2020,2,Ensemble_unweighted,fx_DOY_cos,8.619941152589686,
2020,2,Ensemble_unweighted,fx_SWC_lag14,8.500748479029955,
2020,2,Ensemble_unweighted,fx_days_since_grazing,7.7553476121845994,
2020,2,Ensemble_unweighted,fx_SWIN_mean,7.753098452884581,
2020,2,Ensemble_unweighted,fx_TS_roll14,7.504113204934572,
2020,2,Ensemble_unweighted,ar_ch4_dlag7,7.253657153877088,
2020,2,Ensemble_unweighted,fx_TS_lag14,6.006897013109055,
2020,2,Ensemble_unweighted,fx_TS_lag7,6.004290515489528,
2020,2,Ensemble_unweighted,ar_ch4_dlag14,5.2531211458854665,
2020,2,Ensemble_unweighted,fx_TS_mean,5.0043815079926,
2020,2,Ensemble_unweighted,fx_SWC_lag21,4.502413162085822,
2020,2,Ensemble_unweighted,fx_DOY_sin,3.9800591232711042,
2020,2,Ensemble_unweighted,fx_TS_roll7,3.504337625233938,
2020,2,Ensemble_unweighted,fx_SWC_roll14,3.2565509912044637,
2020,2,Ensemble_unweighted,fx_TA_min,2.754768121015561,
2020,2,Ensemble_unweighted,fx_SWC_lag7,2.7528524199717235,
2020,2,Ensemble_unweighted,fx_SWC_roll7,2.5043150258864153,
2020,2,Ensemble_unweighted,fx_TA_mean,2.003488837837494,
2020,2,Ensemble_unweighted,is_t4,1.7562360146015656,
2020,2,Ensemble_unweighted,fx_is_growing,0.6577874602585114,
2020,2,Ensemble_unweighted,is_t2,0.5000912854467531,
2020,2,Ensemble_unweighted,fx_grazing_active,0.25483481286916176,
2020,2,Ensemble_unweighted,fx_is_winter,1.778816444922662e-05,
2020,2,Ensemble_MASEweighted,ar_ch4_dlag1,70.20001990415615,
2020,2,Ensemble_MASEweighted,fx_lsu_dens,64.52929796885033,
2020,2,Ensemble_MASEweighted,fx_USTAR_mean,60.33667233084472,
2020,2,Ensemble_MASEweighted,ar_ch4_dlag2,41.74125684111461,
2020,2,Ensemble_MASEweighted,fx_WS_mean,38.61193576352232,
2020,2,Ensemble_MASEweighted,ar_ch4_drm7,29.21579309642874,
2020,2,Ensemble_MASEweighted,fx_wd_sin,27.89866044614852,
2020,2,Ensemble_MASEweighted,fx_VPD_mean,26.41160555996925,
2020,2,Ensemble_MASEweighted,fx_TS_lag28,24.852004013293897,
2020,2,Ensemble_MASEweighted,fx_PRECIP_sum,23.29441430594157,
2020,2,Ensemble_MASEweighted,fx_TS_lag21,17.15084314077259,
2020,2,Ensemble_MASEweighted,fx_PPFD_mean,14.591608228056378,
2020,2,Ensemble_MASEweighted,fx_RN_mean,14.333897630124913,
2020,2,Ensemble_MASEweighted,ar_fc_dlag1,13.309765474004971,
2020,2,Ensemble_MASEweighted,fx_SWC_mean,13.054687278866865,
2020,2,Ensemble_MASEweighted,fx_TA_max,11.775534467065093,
2020,2,Ensemble_MASEweighted,fx_SWC_lag28,11.523225364473742,
2020,2,Ensemble_MASEweighted,ar_ch4_dlag3,11.268695849285217,
2020,2,Ensemble_MASEweighted,fx_SHF_mean,10.496508217045628,
2020,2,Ensemble_MASEweighted,fx_wd_cos,9.727556172000662,
2020,2,Ensemble_MASEweighted,is_t9,9.21812769167948,
2020,2,Ensemble_MASEweighted,fx_DOY_cos,8.80204802498972,
2020,2,Ensemble_MASEweighted,fx_SWC_lag14,8.701713038099705,
2020,2,Ensemble_MASEweighted,fx_days_since_grazing,7.938657732550778,
2020,2,Ensemble_MASEweighted,fx_SWIN_mean,7.93638615014025,
2020,2,Ensemble_MASEweighted,fx_TS_roll14,7.681525261582567,
2020,2,Ensemble_MASEweighted,ar_ch4_dlag7,7.425091145013737,
2020,2,Ensemble_MASEweighted,fx_TS_lag14,6.148910110316058,
2020,2,Ensemble_MASEweighted,fx_TS_lag7,6.146259626830734,
2020,2,Ensemble_MASEweighted,ar_ch4_dlag14,5.377302743399018,
2020,2,Ensemble_MASEweighted,fx_TS_mean,5.122700297554913,
2020,2,Ensemble_MASEweighted,fx_SWC_lag21,4.608839873914971,
2020,2,Ensemble_MASEweighted,fx_DOY_sin,4.0459659943176804,
2020,2,Ensemble_MASEweighted,fx_TS_roll7,3.5871922320338987,
2020,2,Ensemble_MASEweighted,fx_SWC_roll14,3.333570141879424,
2020,2,Ensemble_MASEweighted,fx_TA_min,2.8199027997945576,
2020,2,Ensemble_MASEweighted,fx_SWC_lag7,2.817922636787288,
2020,2,Ensemble_MASEweighted,fx_SWC_roll7,2.5635100173932237,
2020,2,Ensemble_MASEweighted,fx_TA_mean,2.050850765266481,
2020,2,Ensemble_MASEweighted,is_t4,1.7978200763603767,
2020,2,Ensemble_MASEweighted,fx_is_growing,0.649213374131754,
2020,2,Ensemble_MASEweighted,is_t2,0.5119116744088202,
2020,2,Ensemble_MASEweighted,fx_grazing_active,0.2608776019733084,
2020,2,Ensemble_MASEweighted,fx_is_winter,1.7390791266084475e-05,
2020,2,TFT,dec:dec_12,0.34561315178871155,
2020,2,TFT,dec:dec_21,0.11234337091445923,
2020,2,TFT,enc:enc_11,0.09379435330629349,
2020,2,TFT,enc:enc_20,0.0769055187702179,
2020,2,TFT,enc:enc_2,0.07368598878383636,
2020,2,TFT,enc:enc_23,0.06714051961898804,
2020,2,TFT,enc:enc_19,0.0618504174053669,
2020,2,TFT,enc:enc_0,0.05989673733711243,
2020,2,TFT,enc:enc_13,0.05360571667551994,
2020,2,TFT,enc:enc_28,0.0522654764354229,
2020,2,TFT,enc:enc_25,0.04815402254462242,
2020,2,TFT,dec:dec_19,0.0461469441652298,
2020,2,TFT,dec:dec_4,0.044581763446331024,
2020,2,TFT,dec:dec_24,0.04249326512217522,
2020,2,TFT,dec:dec_8,0.03889874741435051,
2020,2,TFT,enc:enc_15,0.03793425112962723,
2020,2,TFT,enc:enc_6,0.03586989641189575,
2020,2,TFT,enc:enc_18,0.03362482786178589,
2020,2,TFT,enc:enc_17,0.03287472948431969,
2020,2,TFT,enc:enc_26,0.03283127397298813,
2020,2,TFT,dec:dec_3,0.031528837978839874,
2020,2,TFT,dec:dec_6,0.031491719186306,
2020,2,TFT,dec:dec_11,0.028075644746422768,
2020,2,TFT,dec:dec_0,0.02803068608045578,
2020,2,TFT,enc:enc_7,0.027635684236884117,
2020,2,TFT,enc:enc_5,0.027067402377724648,
2020,2,TFT,dec:dec_10,0.026454003527760506,
2020,2,TFT,enc:enc_4,0.024321667850017548,
2020,2,TFT,enc:enc_3,0.02293265424668789,
2020,2,TFT,enc:enc_16,0.022529054433107376,
2020,2,TFT,dec:dec_16,0.02224479243159294,
2020,2,TFT,dec:dec_7,0.021789738908410072,
2020,2,TFT,enc:enc_21,0.02093931846320629,
2020,2,TFT,dec:dec_23,0.020847691223025322,
2020,2,TFT,enc:enc_9,0.0200247410684824,
2020,2,TFT,dec:dec_2,0.01905098371207714,
2020,2,TFT,dec:dec_22,0.01898728683590889,
2020,2,TFT,dec:dec_14,0.017686136066913605,
2020,2,TFT,dec:dec_9,0.01637868396937847,
2020,2,TFT,enc:enc_10,0.015937287360429764,
2020,2,TFT,dec:dec_13,0.014931829646229744,
2020,2,TFT,dec:dec_1,0.01381557434797287,
2020,2,TFT,dec:dec_17,0.013083278201520443,
2020,2,TFT,dec:dec_20,0.012627607211470604,
2020,2,TFT,enc:enc_22,0.011727316305041313,
2020,2,TFT,dec:dec_15,0.01017431728541851,
2020,2,TFT,enc:enc_12,0.009326203726232052,
2020,2,TFT,dec:dec_25,0.008742501959204674,
2020,2,TFT,enc:enc_8,0.008723283186554909,
2020,2,TFT,enc:enc_24,0.008588185533881187,
2020,2,TFT,dec:dec_18,0.008587058633565903,
2020,2,TFT,enc:enc_1,0.007175062317401171,
2020,2,TFT,enc:enc_14,0.005678948946297169,
2020,2,TFT,dec:dec_5,0.005394445266574621,
2020,2,TFT,enc:enc_27,0.004772962536662817,
2020,2,TFT,enc:enc_29,0.0021865474991500378,
2020,2,TabPFN,fx_TA_max,0.11304831504821777,
2020,2,TabPFN,fx_USTAR_mean,0.06338620185852051,
2020,2,TabPFN,fx_WS_mean,0.05564570426940918,
2020,2,TabPFN,fx_PPFD_mean,0.04711413383483887,
2020,2,TabPFN,fx_RN_mean,0.043096303939819336,
2020,2,TabPFN,fx_SWIN_mean,0.039485931396484375,
2020,2,TabPFN,fx_TS_lag28,0.03402543067932129,
2020,2,TabPFN,fx_TS_lag21,0.02675652503967285,
2020,2,TabPFN,fx_is_growing,0.026252031326293945,
2020,2,TabPFN,fx_is_winter,0.02529168128967285,
2020,2,TabPFN,fx_wd_sin,0.020677804946899414,
2020,2,TabPFN,fx_DOY_cos,0.019218921661376953,
2020,2,TabPFN,fx_SHF_mean,0.016568899154663086,
2020,2,TabPFN,fx_TS_roll7,0.015314817428588867,
2020,2,TabPFN,fx_TS_lag14,0.014347076416015625,
2020,2,TabPFN,fx_TS_lag7,0.008986711502075195,
2020,2,TabPFN,fx_wd_cos,0.008058786392211914,
2020,2,TabPFN,fx_TS_roll14,0.007735252380371094,
2020,2,TabPFN,fx_PRECIP_sum,0.004706621170043945,
2020,2,TabPFN,fx_SWC_lag14,0.0034275054931640625,
2020,2,TabPFN,fx_SWC_roll14,0.0024514198303222656,
2020,2,TabPFN,fx_SWC_lag28,0.001988649368286133,
2020,2,TabPFN,fx_TA_mean,0.0018267631530761719,
2020,2,TabPFN,fx_VPD_mean,0.0017197132110595703,
2020,2,TabPFN,fx_SWC_lag21,0.0015883445739746094,
2020,2,TabPFN,fx_TA_min,0.001542806625366211,
2020,2,TabPFN,fx_SWC_lag7,0.0014607906341552734,
2020,2,TabPFN,fx_DOY_sin,0.0014390945434570312,
2020,2,TabPFN,fx_SWC_roll7,0.001102447509765625,
2020,2,TabPFN,fx_SWC_mean,0.0008492469787597656,
2020,2,TabPFN,fx_TS_mean,0.0006644725799560547,
2020,2,TabPFN,fx_lsu_dens,0.0,
2020,2,TabPFN,fx_grazing_active,0.0,
2020,2,TabPFN,fx_days_since_grazing,0.0,
2020,4,SARIMAX,fx_USTAR_mean,50.8359769476235,8.155012656126443e-05
2020,4,SARIMAX,fx_lsu_dens,20.692232659709905,2.797784732300272e-152
2020,4,SARIMAX,fx_DOY_sin,5.076170652308037,0.39817192615753916
2020,4,SARIMAX,fx_WS_mean,3.081367320056549,0.014084077850278081
2020,4,SARIMAX,fx_VPD_mean,2.2030331312473233,0.004716378688071947
2020,4,SARIMAX,fx_is_growing,0.5118429290494276,0.9394805343504264
2020,4,SARIMAX,fx_DOY_cos,0.04155511337498648,0.9953370242651671
2020,4,SARIMAX,fx_PPFD_mean,0.018509569457646043,0.013514985898899847
2020,4,Ensemble_unweighted,ar_ch4_dlag1,68.58055868410356,
2020,4,Ensemble_unweighted,fx_lsu_dens,64.33009515257442,
2020,4,Ensemble_unweighted,fx_USTAR_mean,49.21822078803864,
2020,4,Ensemble_unweighted,ar_ch4_dlag2,40.77776957759603,
2020,4,Ensemble_unweighted,fx_WS_mean,37.52988203297591,
2020,4,Ensemble_unweighted,ar_ch4_drm7,28.542088122148535,
2020,4,Ensemble_unweighted,fx_wd_sin,27.254305990229355,
2020,4,Ensemble_unweighted,fx_VPD_mean,26.304786330484454,
2020,4,Ensemble_unweighted,fx_TS_lag28,24.27806428766719,
2020,4,Ensemble_unweighted,fx_PRECIP_sum,22.75641196295177,
2020,4,Ensemble_unweighted,fx_TS_lag21,16.754741525755378,
2020,4,Ensemble_unweighted,fx_PPFD_mean,14.258289215892107,
2020,4,Ensemble_unweighted,fx_RN_mean,14.00282650997889,
2020,4,Ensemble_unweighted,ar_fc_dlag1,13.002345769966716,
2020,4,Ensemble_unweighted,fx_SWC_mean,12.753189327504598,
2020,4,Ensemble_unweighted,fx_TA_max,11.503557551839183,
2020,4,Ensemble_unweighted,fx_SWC_lag28,11.257053950777202,
2020,4,Ensemble_unweighted,ar_ch4_dlag3,11.00856131905746,
2020,4,Ensemble_unweighted,fx_SHF_mean,10.254072068827064,
2020,4,Ensemble_unweighted,fx_wd_cos,9.502904927250405,
2020,4,Ensemble_unweighted,is_t9,9.005167387287106,
2020,4,Ensemble_unweighted,fx_SWC_lag14,8.500748479029955,
2020,4,Ensemble_unweighted,fx_DOY_cos,8.26406111768047,
2020,4,Ensemble_unweighted,fx_days_since_grazing,7.7553476121845994,
2020,4,Ensemble_unweighted,fx_SWIN_mean,7.753098452884581,
2020,4,Ensemble_unweighted,fx_TS_roll14,7.504113204934572,
2020,4,Ensemble_unweighted,ar_ch4_dlag7,7.253657153877088,
2020,4,Ensemble_unweighted,fx_TS_lag14,6.006897013109055,
2020,4,Ensemble_unweighted,fx_TS_lag7,6.004290515489528,
2020,4,Ensemble_unweighted,ar_ch4_dlag14,5.2531211458854665,
2020,4,Ensemble_unweighted,fx_TS_mean,5.0043815079926,
2020,4,Ensemble_unweighted,fx_DOY_sin,4.772582934992937,
2020,4,Ensemble_unweighted,fx_SWC_lag21,4.502413162085822,
2020,4,Ensemble_unweighted,fx_TS_roll7,3.504337625233938,
2020,4,Ensemble_unweighted,fx_SWC_roll14,3.2565509912044637,
2020,4,Ensemble_unweighted,fx_TA_min,2.754768121015561,
2020,4,Ensemble_unweighted,fx_SWC_lag7,2.7528524199717235,
2020,4,Ensemble_unweighted,fx_SWC_roll7,2.5043150258864153,
2020,4,Ensemble_unweighted,fx_TA_mean,2.003488837837494,
2020,4,Ensemble_unweighted,is_t4,1.7562360146015656,
2020,4,Ensemble_unweighted,is_t2,0.5000912854467531,
2020,4,Ensemble_unweighted,fx_is_growing,0.3780743931178113,
2020,4,Ensemble_unweighted,fx_grazing_active,0.25483481286916176,
2020,4,Ensemble_unweighted,fx_is_winter,1.778816444922662e-05,
2020,4,Ensemble_MASEweighted,ar_ch4_dlag1,70.20001990415615,
2020,4,Ensemble_MASEweighted,fx_lsu_dens,65.54157369528,
2020,4,Ensemble_MASEweighted,fx_USTAR_mean,49.62982850665811,
2020,4,Ensemble_MASEweighted,ar_ch4_dlag2,41.74125684111461,
2020,4,Ensemble_MASEweighted,fx_WS_mean,38.37153713093289,
2020,4,Ensemble_MASEweighted,ar_ch4_drm7,29.21579309642874,
2020,4,Ensemble_MASEweighted,fx_wd_sin,27.89866044614852,
2020,4,Ensemble_MASEweighted,fx_VPD_mean,26.894101857907923,
2020,4,Ensemble_MASEweighted,fx_TS_lag28,24.852004013293897,
2020,4,Ensemble_MASEweighted,fx_PRECIP_sum,23.29441430594157,
2020,4,Ensemble_MASEweighted,fx_TS_lag21,17.15084314077259,
2020,4,Ensemble_MASEweighted,fx_PPFD_mean,14.595119047410067,
2020,4,Ensemble_MASEweighted,fx_RN_mean,14.333897630124913,
2020,4,Ensemble_MASEweighted,ar_fc_dlag1,13.309765474004971,
2020,4,Ensemble_MASEweighted,fx_SWC_mean,13.054687278866865,
2020,4,Ensemble_MASEweighted,fx_TA_max,11.775534467065093,
2020,4,Ensemble_MASEweighted,fx_SWC_lag28,11.523225364473742,
2020,4,Ensemble_MASEweighted,ar_ch4_dlag3,11.268695849285217,
2020,4,Ensemble_MASEweighted,fx_SHF_mean,10.496508217045628,
2020,4,Ensemble_MASEweighted,fx_wd_cos,9.727556172000662,
2020,4,Ensemble_MASEweighted,is_t9,9.21812769167948,
2020,4,Ensemble_MASEweighted,fx_SWC_lag14,8.701713038099705,
2020,4,Ensemble_MASEweighted,fx_DOY_cos,8.458810758752069,
2020,4,Ensemble_MASEweighted,fx_days_since_grazing,7.938657732550778,
2020,4,Ensemble_MASEweighted,fx_SWIN_mean,7.93638615014025,
2020,4,Ensemble_MASEweighted,fx_TS_roll14,7.681525261582567,
2020,4,Ensemble_MASEweighted,ar_ch4_dlag7,7.425091145013737,
2020,4,Ensemble_MASEweighted,fx_TS_lag14,6.148910110316058,
2020,4,Ensemble_MASEweighted,fx_TS_lag7,6.146259626830734,
2020,4,Ensemble_MASEweighted,ar_ch4_dlag14,5.377302743399018,
2020,4,Ensemble_MASEweighted,fx_TS_mean,5.122700297554913,
2020,4,Ensemble_MASEweighted,fx_DOY_sin,4.8103351071650415,
2020,4,Ensemble_MASEweighted,fx_SWC_lag21,4.608839873914971,
2020,4,Ensemble_MASEweighted,fx_TS_roll7,3.5871922320338987,
2020,4,Ensemble_MASEweighted,fx_SWC_roll14,3.333570141879424,
2020,4,Ensemble_MASEweighted,fx_TA_min,2.8199027997945576,
2020,4,Ensemble_MASEweighted,fx_SWC_lag7,2.817922636787288,
2020,4,Ensemble_MASEweighted,fx_SWC_roll7,2.5635100173932237,
2020,4,Ensemble_MASEweighted,fx_TA_mean,2.050850765266481,
2020,4,Ensemble_MASEweighted,is_t4,1.7978200763603767,
2020,4,Ensemble_MASEweighted,is_t2,0.5119116744088202,
2020,4,Ensemble_MASEweighted,fx_is_growing,0.37943721621715226,
2020,4,Ensemble_MASEweighted,fx_grazing_active,0.2608776019733084,
2020,4,Ensemble_MASEweighted,fx_is_winter,1.7390791266084475e-05,
2020,4,TFT,enc:enc_9,0.2747575044631958,
2020,4,TFT,dec:dec_18,0.2605077028274536,
2020,4,TFT,enc:enc_1,0.17017537355422974,
2020,4,TFT,dec:dec_7,0.11217371374368668,
2020,4,TFT,dec:dec_25,0.0903952494263649,
2020,4,TFT,dec:dec_12,0.08462062478065491,
2020,4,TFT,enc:enc_21,0.05923132225871086,
2020,4,TFT,dec:dec_10,0.05658597871661186,
2020,4,TFT,dec:dec_4,0.04624970629811287,
2020,4,TFT,enc:enc_25,0.04367109015583992,
2020,4,TFT,dec:dec_0,0.04117631912231445,
2020,4,TFT,enc:enc_10,0.03859861195087433,
2020,4,TFT,enc:enc_23,0.035109829157590866,
2020,4,TFT,enc:enc_28,0.032542433589696884,
2020,4,TFT,enc:enc_19,0.032457973808050156,
2020,4,TFT,dec:dec_8,0.0323951318860054,
2020,4,TFT,dec:dec_13,0.029953673481941223,
2020,4,TFT,enc:enc_3,0.02969578094780445,
2020,4,TFT,enc:enc_6,0.028812799602746964,
2020,4,TFT,dec:dec_6,0.028675265610218048,
2020,4,TFT,enc:enc_29,0.024425435811281204,
2020,4,TFT,dec:dec_3,0.024305762723088264,
2020,4,TFT,enc:enc_2,0.023490633815526962,
2020,4,TFT,dec:dec_9,0.02342391386628151,
2020,4,TFT,dec:dec_11,0.02331075631082058,
2020,4,TFT,enc:enc_7,0.02224602736532688,
2020,4,TFT,dec:dec_14,0.02156095579266548,
2020,4,TFT,enc:enc_22,0.01822385936975479,
2020,4,TFT,enc:enc_4,0.01788933575153351,
2020,4,TFT,enc:enc_26,0.017050370573997498,
2020,4,TFT,enc:enc_14,0.01657363772392273,
2020,4,TFT,enc:enc_13,0.016384083777666092,
2020,4,TFT,enc:enc_0,0.015412832610309124,
2020,4,TFT,dec:dec_23,0.015181491151452065,
2020,4,TFT,enc:enc_27,0.014857165515422821,
2020,4,TFT,dec:dec_19,0.014210478402674198,
2020,4,TFT,dec:dec_2,0.013941165991127491,
2020,4,TFT,dec:dec_21,0.012957033701241016,
2020,4,TFT,dec:dec_1,0.011468199081718922,
2020,4,TFT,dec:dec_5,0.011383462697267532,
2020,4,TFT,enc:enc_15,0.01109343208372593,
2020,4,TFT,enc:enc_8,0.010184942744672298,
2020,4,TFT,dec:dec_17,0.00959037709981203,
2020,4,TFT,dec:dec_16,0.009263154119253159,
2020,4,TFT,enc:enc_11,0.008734412491321564,
2020,4,TFT,dec:dec_15,0.00811672955751419,
2020,4,TFT,enc:enc_5,0.007459512446075678,
2020,4,TFT,enc:enc_20,0.0067678638733923435,
2020,4,TFT,dec:dec_20,0.006624158006161451,
2020,4,TFT,enc:enc_17,0.00657582376152277,
2020,4,TFT,dec:dec_24,0.006520281080156565,
2020,4,TFT,dec:dec_22,0.005408772267401218,
2020,4,TFT,enc:enc_12,0.005404472816735506,
2020,4,TFT,enc:enc_18,0.005288986023515463,
2020,4,TFT,enc:enc_16,0.003857191652059555,
2020,4,TFT,enc:enc_24,0.003027301048859954,
2020,4,TabPFN,fx_lsu_dens,0.49721527099609375,
2020,4,TabPFN,fx_grazing_active,0.4428825378417969,
2020,4,TabPFN,fx_TA_max,0.3049163818359375,
2020,4,TabPFN,fx_days_since_grazing,0.2151508331298828,
2020,4,TabPFN,fx_is_growing,0.2044811248779297,
2020,4,TabPFN,fx_TS_mean,0.13294601440429688,
2020,4,TabPFN,fx_TS_roll7,0.12784767150878906,
2020,4,TabPFN,fx_TA_mean,0.11767578125,
2020,4,TabPFN,fx_VPD_mean,0.11156082153320312,
2020,4,TabPFN,fx_TA_min,0.08946609497070312,
2020,4,TabPFN,fx_TS_lag7,0.07598686218261719,
2020,4,TabPFN,fx_TS_lag28,0.07527542114257812,
2020,4,TabPFN,fx_TS_roll14,0.067596435546875,
2020,4,TabPFN,fx_SWC_roll14,0.06082725524902344,
2020,4,TabPFN,fx_WS_mean,0.05774116516113281,
2020,4,TabPFN,fx_DOY_cos,0.050701141357421875,
2020,4,TabPFN,fx_TS_lag21,0.05065727233886719,
2020,4,TabPFN,fx_RN_mean,0.04813385009765625,
2020,4,TabPFN,fx_wd_cos,0.0438690185546875,
2020,4,TabPFN,fx_SWC_lag21,0.037151336669921875,
2020,4,TabPFN,fx_DOY_sin,0.03658294677734375,
2020,4,TabPFN,fx_TS_lag14,0.036533355712890625,
2020,4,TabPFN,fx_is_winter,0.028238296508789062,
2020,4,TabPFN,fx_PPFD_mean,0.026826858520507812,
2020,4,TabPFN,fx_USTAR_mean,0.0221405029296875,
2020,4,TabPFN,fx_wd_sin,0.020748138427734375,
2020,4,TabPFN,fx_SWIN_mean,0.01845550537109375,
2020,4,TabPFN,fx_SWC_lag14,0.013408660888671875,
2020,4,TabPFN,fx_SWC_lag7,0.011339187622070312,
2020,4,TabPFN,fx_SWC_lag28,0.008876800537109375,
2020,4,TabPFN,fx_SHF_mean,0.008394241333007812,
2020,4,TabPFN,fx_PRECIP_sum,0.0064849853515625,
2020,4,TabPFN,fx_SWC_mean,0.005794525146484375,
2020,4,TabPFN,fx_SWC_roll7,0.0019397735595703125,
2020,9,SARIMAX,fx_USTAR_mean,39.25815736301776,9.20761795073792e-08
2020,9,SARIMAX,fx_lsu_dens,23.089793525733207,6.782266272393638e-82
2020,9,SARIMAX,fx_VPD_mean,4.33941243475677,1.243235246942875e-08
2020,9,SARIMAX,fx_DOY_sin,4.032815006600856,0.389187591415432
2020,9,SARIMAX,fx_DOY_cos,2.7260205323081297,0.7353450920509779
2020,9,SARIMAX,fx_WS_mean,2.3140043839090927,0.00034338579014025924
2020,9,SARIMAX,fx_PPFD_mean,0.027493982251262015,0.0056226941325189725
2020,9,SARIMAX,fx_is_growing,0.009964706395433568,0.9992192719882144
2020,9,Ensemble_unweighted,ar_ch4_dlag1,68.58055868410356,
2020,9,Ensemble_unweighted,fx_lsu_dens,64.92948536908024,
2020,9,Ensemble_unweighted,fx_USTAR_mean,46.323765891887206,
2020,9,Ensemble_unweighted,ar_ch4_dlag2,40.77776957759603,
2020,9,Ensemble_unweighted,fx_WS_mean,37.338041298939046,
2020,9,Ensemble_unweighted,ar_ch4_drm7,28.542088122148535,
2020,9,Ensemble_unweighted,fx_wd_sin,27.254305990229355,
2020,9,Ensemble_unweighted,fx_VPD_mean,26.838881156361815,
2020,9,Ensemble_unweighted,fx_TS_lag28,24.27806428766719,
2020,9,Ensemble_unweighted,fx_PRECIP_sum,22.75641196295177,
2020,9,Ensemble_unweighted,fx_TS_lag21,16.754741525755378,
2020,9,Ensemble_unweighted,fx_PPFD_mean,14.260535319090511,
2020,9,Ensemble_unweighted,fx_RN_mean,14.00282650997889,
2020,9,Ensemble_unweighted,ar_fc_dlag1,13.002345769966716,
2020,9,Ensemble_unweighted,fx_SWC_mean,12.753189327504598,
2020,9,Ensemble_unweighted,fx_TA_max,11.503557551839183,
2020,9,Ensemble_unweighted,fx_SWC_lag28,11.257053950777202,
2020,9,Ensemble_unweighted,ar_ch4_dlag3,11.00856131905746,
2020,9,Ensemble_unweighted,fx_SHF_mean,10.254072068827064,
2020,9,Ensemble_unweighted,fx_wd_cos,9.502904927250405,
2020,9,Ensemble_unweighted,is_t9,9.005167387287106,
2020,9,Ensemble_unweighted,fx_DOY_cos,8.935177472413756,
2020,9,Ensemble_unweighted,fx_SWC_lag14,8.500748479029955,
2020,9,Ensemble_unweighted,fx_days_since_grazing,7.7553476121845994,
2020,9,Ensemble_unweighted,fx_SWIN_mean,7.753098452884581,
2020,9,Ensemble_unweighted,fx_TS_roll14,7.504113204934572,
2020,9,Ensemble_unweighted,ar_ch4_dlag7,7.253657153877088,
2020,9,Ensemble_unweighted,fx_TS_lag14,6.006897013109055,
2020,9,Ensemble_unweighted,fx_TS_lag7,6.004290515489528,
2020,9,Ensemble_unweighted,ar_ch4_dlag14,5.2531211458854665,
2020,9,Ensemble_unweighted,fx_TS_mean,5.0043815079926,
2020,9,Ensemble_unweighted,fx_DOY_sin,4.511744023566142,
2020,9,Ensemble_unweighted,fx_SWC_lag21,4.502413162085822,
2020,9,Ensemble_unweighted,fx_TS_roll7,3.504337625233938,
2020,9,Ensemble_unweighted,fx_SWC_roll14,3.2565509912044637,
2020,9,Ensemble_unweighted,fx_TA_min,2.754768121015561,
2020,9,Ensemble_unweighted,fx_SWC_lag7,2.7528524199717235,
2020,9,Ensemble_unweighted,fx_SWC_roll7,2.5043150258864153,
2020,9,Ensemble_unweighted,fx_TA_mean,2.003488837837494,
2020,9,Ensemble_unweighted,is_t4,1.7562360146015656,
2020,9,Ensemble_unweighted,is_t2,0.5000912854467531,
2020,9,Ensemble_unweighted,fx_grazing_active,0.25483481286916176,
2020,9,Ensemble_unweighted,fx_is_growing,0.25260483745431284,
2020,9,Ensemble_unweighted,fx_is_winter,1.778816444922662e-05,
2020,9,Ensemble_MASEweighted,ar_ch4_dlag1,70.20001990415615,
2020,9,Ensemble_MASEweighted,fx_lsu_dens,66.11967035466562,
2020,9,Ensemble_MASEweighted,fx_USTAR_mean,46.83820018152141,
2020,9,Ensemble_MASEweighted,ar_ch4_dlag2,41.74125684111461,
2020,9,Ensemble_MASEweighted,fx_WS_mean,38.18651160928306,
2020,9,Ensemble_MASEweighted,ar_ch4_drm7,29.21579309642874,
2020,9,Ensemble_MASEweighted,fx_wd_sin,27.89866044614852,
2020,9,Ensemble_MASEweighted,fx_VPD_mean,27.409222769348165,
2020,9,Ensemble_MASEweighted,fx_TS_lag28,24.852004013293897,
2020,9,Ensemble_MASEweighted,fx_PRECIP_sum,23.29441430594157,
2020,9,Ensemble_MASEweighted,fx_TS_lag21,17.15084314077259,
2020,9,Ensemble_MASEweighted,fx_PPFD_mean,14.597285356969143,
2020,9,Ensemble_MASEweighted,fx_RN_mean,14.333897630124913,
2020,9,Ensemble_MASEweighted,ar_fc_dlag1,13.309765474004971,
2020,9,Ensemble_MASEweighted,fx_SWC_mean,13.054687278866865,
2020,9,Ensemble_MASEweighted,fx_TA_max,11.775534467065093,
2020,9,Ensemble_MASEweighted,fx_SWC_lag28,11.523225364473742,
2020,9,Ensemble_MASEweighted,ar_ch4_dlag3,11.268695849285217,
2020,9,Ensemble_MASEweighted,fx_SHF_mean,10.496508217045628,
2020,9,Ensemble_MASEweighted,fx_wd_cos,9.727556172000662,
2020,9,Ensemble_MASEweighted,is_t9,9.21812769167948,
2020,9,Ensemble_MASEweighted,fx_DOY_cos,9.106085459016706,
2020,9,Ensemble_MASEweighted,fx_SWC_lag14,8.701713038099705,
2020,9,Ensemble_MASEweighted,fx_days_since_grazing,7.938657732550778,
2020,9,Ensemble_MASEweighted,fx_SWIN_mean,7.93638615014025,
2020,9,Ensemble_MASEweighted,fx_TS_roll14,7.681525261582567,
2020,9,Ensemble_MASEweighted,ar_ch4_dlag7,7.425091145013737,
2020,9,Ensemble_MASEweighted,fx_TS_lag14,6.148910110316058,
2020,9,Ensemble_MASEweighted,fx_TS_lag7,6.146259626830734,
2020,9,Ensemble_MASEweighted,ar_ch4_dlag14,5.377302743399018,
2020,9,Ensemble_MASEweighted,fx_TS_mean,5.122700297554913,
2020,9,Ensemble_MASEweighted,fx_SWC_lag21,4.608839873914971,
2020,9,Ensemble_MASEweighted,fx_DOY_sin,4.558762593665157,
2020,9,Ensemble_MASEweighted,fx_TS_roll7,3.5871922320338987,
2020,9,Ensemble_MASEweighted,fx_SWC_roll14,3.333570141879424,
2020,9,Ensemble_MASEweighted,fx_TA_min,2.8199027997945576,
2020,9,Ensemble_MASEweighted,fx_SWC_lag7,2.817922636787288,
2020,9,Ensemble_MASEweighted,fx_SWC_roll7,2.5635100173932237,
2020,9,Ensemble_MASEweighted,fx_TA_mean,2.050850765266481,
2020,9,Ensemble_MASEweighted,is_t4,1.7978200763603767,
2020,9,Ensemble_MASEweighted,is_t2,0.5119116744088202,
2020,9,Ensemble_MASEweighted,fx_grazing_active,0.2608776019733084,
2020,9,Ensemble_MASEweighted,fx_is_growing,0.2584250125036788,
2020,9,Ensemble_MASEweighted,fx_is_winter,1.7390791266084475e-05,
2020,9,TFT,enc:enc_18,0.16247054934501648,
2020,9,TFT,dec:dec_7,0.1333765834569931,
2020,9,TFT,enc:enc_2,0.09374157339334488,
2020,9,TFT,enc:enc_3,0.09271752089262009,
2020,9,TFT,dec:dec_8,0.09106627106666565,
2020,9,TFT,dec:dec_2,0.07992565631866455,
2020,9,TFT,dec:dec_15,0.07326319068670273,
2020,9,TFT,enc:enc_21,0.07250254601240158,
2020,9,TFT,dec:dec_25,0.06499379873275757,
2020,9,TFT,dec:dec_11,0.05716609209775925,
2020,9,TFT,enc:enc_12,0.0545271560549736,
2020,9,TFT,enc:enc_11,0.053407587110996246,
2020,9,TFT,dec:dec_14,0.04936565086245537,
2020,9,TFT,dec:dec_10,0.045200008898973465,
2020,9,TFT,enc:enc_8,0.04207862541079521,
2020,9,TFT,enc:enc_16,0.04207039251923561,
2020,9,TFT,dec:dec_20,0.04127361997961998,
2020,9,TFT,enc:enc_6,0.04043487831950188,
2020,9,TFT,enc:enc_22,0.03991615027189255,
2020,9,TFT,dec:dec_19,0.03722667694091797,
2020,9,TFT,dec:dec_4,0.03470087796449661,
2020,9,TFT,enc:enc_25,0.0341288261115551,
2020,9,TFT,dec:dec_17,0.033690810203552246,
2020,9,TFT,dec:dec_1,0.03063187375664711,
2020,9,TFT,dec:dec_13,0.029345467686653137,
2020,9,TFT,dec:dec_9,0.02863672561943531,
2020,9,TFT,dec:dec_6,0.025268806144595146,
2020,9,TFT,dec:dec_5,0.024219470098614693,
2020,9,TFT,dec:dec_0,0.023332875221967697,
2020,9,TFT,enc:enc_23,0.022160375490784645,
2020,9,TFT,enc:enc_24,0.02174576371908188,
2020,9,TFT,enc:enc_17,0.02025931514799595,
2020,9,TFT,enc:enc_15,0.02020122855901718,
2020,9,TFT,enc:enc_14,0.01899799332022667,
2020,9,TFT,enc:enc_29,0.01857798360288143,
2020,9,TFT,enc:enc_20,0.018328046426177025,
2020,9,TFT,enc:enc_28,0.01765778660774231,
2020,9,TFT,dec:dec_23,0.01637139916419983,
2020,9,TFT,dec:dec_12,0.016096774488687515,
2020,9,TFT,enc:enc_1,0.015800675377249718,
2020,9,TFT,dec:dec_18,0.01505662314593792,
2020,9,TFT,enc:enc_9,0.014036281034350395,
2020,9,TFT,dec:dec_16,0.012988324277102947,
2020,9,TFT,enc:enc_4,0.012913624756038189,
2020,9,TFT,dec:dec_22,0.012711944989860058,
2020,9,TFT,enc:enc_19,0.012486218474805355,
2020,9,TFT,enc:enc_27,0.012105999514460564,
2020,9,TFT,enc:enc_10,0.011730522848665714,
2020,9,TFT,enc:enc_5,0.010896905325353146,
2020,9,TFT,dec:dec_24,0.010252478532493114,
2020,9,TFT,dec:dec_21,0.009823969565331936,
2020,9,TFT,enc:enc_13,0.009007412008941174,
2020,9,TFT,enc:enc_7,0.006846640259027481,
2020,9,TFT,enc:enc_26,0.004937567748129368,
2020,9,TFT,dec:dec_3,0.0040140640921890736,
2020,9,TFT,enc:enc_0,0.003313919994980097,
2020,9,TabPFN,fx_TS_roll7,1.1588611602783203,
2020,9,TabPFN,fx_grazing_active,0.9770889282226562,
2020,9,TabPFN,fx_SWC_lag21,0.7189693450927734,
2020,9,TabPFN,fx_lsu_dens,0.4682331085205078,
2020,9,TabPFN,fx_SWC_lag14,0.45088958740234375,
2020,9,TabPFN,fx_TS_mean,0.3646888732910156,
2020,9,TabPFN,fx_is_growing,0.3488483428955078,
2020,9,TabPFN,fx_SWC_lag7,0.3160266876220703,
2020,9,TabPFN,fx_SWC_lag28,0.3159198760986328,
2020,9,TabPFN,fx_SWC_roll14,0.2588691711425781,
2020,9,TabPFN,fx_TS_lag7,0.225860595703125,
2020,9,TabPFN,fx_TS_lag21,0.1951465606689453,
2020,9,TabPFN,fx_is_winter,0.18543052673339844,
2020,9,TabPFN,fx_days_since_grazing,0.17209625244140625,
2020,9,TabPFN,fx_TA_mean,0.1562633514404297,
2020,9,TabPFN,fx_RN_mean,0.1460399627685547,
2020,9,TabPFN,fx_PPFD_mean,0.08235549926757812,
2020,9,TabPFN,fx_TA_min,0.07476997375488281,
2020,9,TabPFN,fx_TA_max,0.054195404052734375,
2020,9,TabPFN,fx_wd_sin,0.04422760009765625,
2020,9,TabPFN,fx_WS_mean,0.041042327880859375,
2020,9,TabPFN,fx_SHF_mean,0.038272857666015625,
2020,9,TabPFN,fx_DOY_sin,0.03625297546386719,
2020,9,TabPFN,fx_TS_lag28,0.03119659423828125,
2020,9,TabPFN,fx_PRECIP_sum,0.02814483642578125,
2020,9,TabPFN,fx_TS_roll14,0.0254974365234375,
2020,9,TabPFN,fx_wd_cos,0.02120208740234375,
2020,9,TabPFN,fx_SWC_mean,0.0123291015625,
2020,9,TabPFN,fx_VPD_mean,0.0122222900390625,
2020,9,TabPFN,fx_USTAR_mean,0.011423110961914062,
2020,9,TabPFN,fx_TS_lag14,0.009304046630859375,
2020,9,TabPFN,fx_SWC_roll7,0.008592605590820312,
2020,9,TabPFN,fx_DOY_cos,0.0072784423828125,
2020,9,TabPFN,fx_SWIN_mean,0.005817413330078125,
2021,pooled,RF,fx_lsu_dens,0.35725187543732456,
2021,pooled,RF,ar_ch4_dlag1,0.207345386840468,
2021,pooled,RF,ar_ch4_drm7,0.11798983047312583,
2021,pooled,RF,ar_ch4_dlag2,0.060099817802525414,
2021,pooled,RF,fx_USTAR_mean,0.041075879412717724,
2021,pooled,RF,fx_TS_lag28,0.01776429985263996,
2021,pooled,RF,ar_ch4_dlag3,0.01737082514743201,
2021,pooled,RF,fx_WS_mean,0.015929847434321753,
2021,pooled,RF,fx_days_since_grazing,0.011875281819445627,
2021,pooled,RF,fx_VPD_mean,0.009823662485494754,
2021,pooled,RF,fx_PRECIP_sum,0.009368862279250673,
2021,pooled,RF,fx_wd_sin,0.009162555601142087,
2021,pooled,RF,ar_ch4_dlag7,0.008283060334566054,
2021,pooled,RF,fx_wd_cos,0.006305737514604618,
2021,pooled,RF,fx_DOY_cos,0.005956448110383561,
2021,pooled,RF,fx_TS_lag21,0.005888476525928382,
2021,pooled,RF,fx_SWIN_mean,0.005599800698707195,
2021,pooled,RF,fx_SWC_lag28,0.005570409092177601,
2021,pooled,RF,fx_PPFD_mean,0.005207367468651927,
2021,pooled,RF,fx_SWC_mean,0.005076549789656064,
2021,pooled,RF,ar_ch4_dlag14,0.004938051402521767,
2021,pooled,RF,fx_SHF_mean,0.004813927978641606,
2021,pooled,RF,fx_TS_lag14,0.00473447191265916,
2021,pooled,RF,fx_RN_mean,0.0045975986816652594,
2021,pooled,RF,fx_TA_max,0.004545308608652788,
2021,pooled,RF,fx_TA_min,0.004497491137726886,
2021,pooled,RF,fx_DOY_sin,0.004460217519456497,
2021,pooled,RF,fx_SWC_roll7,0.004416058769257376,
2021,pooled,RF,fx_TA_mean,0.004263434543776339,
2021,pooled,RF,ar_fc_dlag1,0.004259940313151812,
2021,pooled,RF,fx_SWC_lag21,0.003982062089363927,
2021,pooled,RF,fx_TS_mean,0.003660505914337269,
2021,pooled,RF,fx_TS_roll7,0.003299865261926019,
2021,pooled,RF,fx_TS_roll14,0.0032807264541187377,
2021,pooled,RF,fx_TS_lag7,0.003217409799557046,
2021,pooled,RF,fx_SWC_lag7,0.0030110557648161777,
2021,pooled,RF,fx_SWC_lag14,0.002988372937627101,
2021,pooled,RF,fx_grazing_active,0.002772189344049642,
2021,pooled,RF,fx_SWC_roll14,0.002652305088639141,
2021,pooled,RF,is_t9,0.001715753532547675,
2021,pooled,RF,is_t4,0.0005303970591028862,
2021,pooled,RF,is_t2,0.00026417328980232816,
2021,pooled,RF,fx_is_growing,0.00010158112728267451,
2021,pooled,RF,fx_is_winter,5.112734875610141e-05,
2021,pooled,XGB,fx_lsu_dens,0.3027530908584595,
2021,pooled,XGB,ar_ch4_dlag1,0.10829965025186539,
2021,pooled,XGB,ar_ch4_drm7,0.06579679250717163,
2021,pooled,XGB,fx_TS_lag28,0.05394968390464783,
2021,pooled,XGB,fx_USTAR_mean,0.03802753612399101,
2021,pooled,XGB,fx_days_since_grazing,0.03503710776567459,
2021,pooled,XGB,ar_ch4_dlag2,0.029341069981455803,
2021,pooled,XGB,is_t9,0.024033956229686737,
2021,pooled,XGB,fx_TA_min,0.02098524570465088,
2021,pooled,XGB,ar_ch4_dlag3,0.017435410991311073,
2021,pooled,XGB,fx_RN_mean,0.01702832244336605,
2021,pooled,XGB,fx_PRECIP_sum,0.015462491661310196,
2021,pooled,XGB,fx_SWC_lag28,0.015320532023906708,
2021,pooled,XGB,fx_SWC_mean,0.015227390453219414,
2021,pooled,XGB,fx_TS_roll7,0.015143394470214844,
2021,pooled,XGB,fx_SWC_lag21,0.01474686712026596,
2021,pooled,XGB,fx_WS_mean,0.013846738263964653,
2021,pooled,XGB,fx_TA_mean,0.013618512079119682,
2021,pooled,XGB,fx_TS_roll14,0.013422440737485886,
2021,pooled,XGB,fx_SHF_mean,0.012256069108843803,
2021,pooled,XGB,fx_TS_lag14,0.012027603574097157,
2021,pooled,XGB,fx_TS_lag21,0.011851922608911991,
2021,pooled,XGB,fx_DOY_sin,0.011764883063733578,
2021,pooled,XGB,fx_wd_sin,0.011311438865959644,
2021,pooled,XGB,ar_ch4_dlag14,0.011191154830157757,
2021,pooled,XGB,is_t4,0.010787679813802242,
2021,pooled,XGB,fx_wd_cos,0.010785079561173916,
2021,pooled,XGB,ar_fc_dlag1,0.010051452554762363,
2021,pooled,XGB,fx_TA_max,0.009786510840058327,
2021,pooled,XGB,fx_DOY_cos,0.009592972695827484,
2021,pooled,XGB,fx_SWIN_mean,0.008554304949939251,
2021,pooled,XGB,ar_ch4_dlag7,0.008483069948852062,
2021,pooled,XGB,fx_PPFD_mean,0.007745827082544565,
2021,pooled,XGB,fx_VPD_mean,0.0073016611859202385,
2021,pooled,XGB,fx_SWC_roll7,0.00579721899703145,
2021,pooled,XGB,fx_SWC_roll14,0.0056733121164143085,
2021,pooled,XGB,fx_SWC_lag7,0.004321256186813116,
2021,pooled,XGB,fx_TS_mean,0.0012403464643284678,
2021,pooled,XGB,fx_TS_lag7,0.0,
2021,pooled,XGB,fx_SWC_lag14,0.0,
2021,pooled,XGB,fx_is_growing,0.0,
2021,pooled,XGB,fx_is_winter,0.0,
2021,pooled,XGB,fx_grazing_active,0.0,
2021,pooled,XGB,is_t2,0.0,
2021,pooled,LightGBM,ar_ch4_dlag1,268.0,
2021,pooled,LightGBM,fx_lsu_dens,221.0,
2021,pooled,LightGBM,fx_USTAR_mean,201.0,
2021,pooled,LightGBM,ar_ch4_dlag2,156.0,
2021,pooled,LightGBM,fx_WS_mean,151.0,
2021,pooled,LightGBM,ar_ch4_drm7,138.0,
2021,pooled,LightGBM,fx_VPD_mean,91.0,
2021,pooled,LightGBM,fx_days_since_grazing,86.0,
2021,pooled,LightGBM,fx_wd_sin,79.0,
2021,pooled,LightGBM,fx_PRECIP_sum,79.0,
2021,pooled,LightGBM,ar_ch4_dlag3,69.0,
2021,pooled,LightGBM,ar_fc_dlag1,67.0,
2021,pooled,LightGBM,fx_TS_lag28,60.0,
2021,pooled,LightGBM,fx_wd_cos,58.0,
2021,pooled,LightGBM,is_t9,51.0,
2021,pooled,LightGBM,fx_TS_lag21,48.0,
2021,pooled,LightGBM,fx_PPFD_mean,47.0,
2021,pooled,LightGBM,fx_TA_max,44.0,
2021,pooled,LightGBM,fx_TA_mean,39.0,
2021,pooled,LightGBM,fx_TA_min,38.0,
2021,pooled,LightGBM,fx_DOY_cos,38.0,
2021,pooled,LightGBM,fx_SWIN_mean,37.0,
2021,pooled,LightGBM,ar_ch4_dlag14,36.0,
2021,pooled,LightGBM,ar_ch4_dlag7,32.0,
2021,pooled,LightGBM,fx_RN_mean,32.0,
2021,pooled,LightGBM,fx_SWC_mean,27.0,
2021,pooled,LightGBM,fx_SHF_mean,27.0,
2021,pooled,LightGBM,fx_SWC_lag28,25.0,
2021,pooled,LightGBM,fx_TS_lag7,21.0,
2021,pooled,LightGBM,fx_TS_roll14,20.0,
2021,pooled,LightGBM,fx_TS_lag14,19.0,
2021,pooled,LightGBM,fx_SWC_lag14,19.0,
2021,pooled,LightGBM,fx_SWC_roll7,14.0,
2021,pooled,LightGBM,fx_SWC_lag7,13.0,
2021,pooled,LightGBM,fx_SWC_roll14,11.0,
2021,pooled,LightGBM,is_t4,10.0,
2021,pooled,LightGBM,fx_SWC_lag21,9.0,
2021,pooled,LightGBM,fx_DOY_sin,8.0,
2021,pooled,LightGBM,fx_TS_mean,5.0,
2021,pooled,LightGBM,fx_TS_roll7,5.0,
2021,pooled,LightGBM,fx_grazing_active,1.0,
2021,pooled,LightGBM,fx_is_growing,0.0,
2021,pooled,LightGBM,fx_is_winter,0.0,
2021,pooled,LightGBM,is_t2,0.0,
2021,2,SARIMAX,fx_USTAR_mean,105.54562084440936,1.1964820203935296e-100
2021,2,SARIMAX,fx_lsu_dens,17.88540548409883,0.0
2021,2,SARIMAX,fx_WS_mean,5.508370619301081,1.0096141756900521e-17
2021,2,SARIMAX,fx_DOY_cos,1.875667728871448,0.7069446429591439
2021,2,SARIMAX,fx_is_growing,0.8528334509243696,0.8950659257640051
2021,2,SARIMAX,fx_DOY_sin,0.5875743933505286,0.8135671552854986
2021,2,SARIMAX,fx_VPD_mean,0.1992722091832563,0.6506508683224161
2021,2,SARIMAX,fx_PPFD_mean,0.005054683256552561,0.34905523602040045
2021,2,Ensemble_unweighted,fx_USTAR_mean,76.65618106498651,
2021,2,Ensemble_unweighted,ar_ch4_dlag1,67.07891125927308,
2021,2,Ensemble_unweighted,fx_lsu_dens,59.88635261259866,
2021,2,Ensemble_unweighted,fx_WS_mean,39.134536801249844,
2021,2,Ensemble_unweighted,ar_ch4_dlag2,39.022360221945995,
2021,2,Ensemble_unweighted,ar_ch4_drm7,34.54594665574508,
2021,2,Ensemble_unweighted,fx_VPD_mean,22.804099383213668,
2021,2,Ensemble_unweighted,fx_days_since_grazing,21.51172809739628,
2021,2,Ensemble_unweighted,fx_PRECIP_sum,19.75620783848514,
2021,2,Ensemble_unweighted,fx_wd_sin,19.755118498616774,
2021,2,Ensemble_unweighted,ar_ch4_dlag3,17.258701559034687,
2021,2,Ensemble_unweighted,ar_fc_dlag1,16.753577848216977,
2021,2,Ensemble_unweighted,fx_TS_lag28,15.017928495939321,
2021,2,Ensemble_unweighted,fx_wd_cos,14.504272704268944,
2021,2,Ensemble_unweighted,is_t9,12.75643742744056,
2021,2,Ensemble_unweighted,fx_TS_lag21,12.00443509978371,
2021,2,Ensemble_unweighted,fx_PPFD_mean,11.754501969451937,
2021,2,Ensemble_unweighted,fx_TA_max,11.003582954862178,
2021,2,Ensemble_unweighted,fx_DOY_cos,9.972804287419414,
2021,2,Ensemble_unweighted,fx_TA_mean,9.754470486655723,
2021,2,Ensemble_unweighted,fx_TA_min,9.506370684210594,
2021,2,Ensemble_unweighted,fx_SWIN_mean,9.25353852641216,
2021,2,Ensemble_unweighted,ar_ch4_dlag14,9.00403230155817,
2021,2,Ensemble_unweighted,fx_RN_mean,8.005406480281257,
2021,2,Ensemble_unweighted,ar_ch4_dlag7,8.004191532570854,
2021,2,Ensemble_unweighted,fx_SWC_mean,6.755075985060719,
2021,2,Ensemble_unweighted,fx_SHF_mean,6.754267499271871,
2021,2,Ensemble_unweighted,fx_SWC_lag28,6.2552227352790215,
2021,2,Ensemble_unweighted,fx_TS_lag7,5.250804352449889,
2021,2,Ensemble_unweighted,fx_TS_roll14,5.004175791797901,
2021,2,Ensemble_unweighted,fx_TS_lag14,4.754190518871689,
2021,2,Ensemble_unweighted,fx_SWC_lag14,4.7507470932344065,
2021,2,Ensemble_unweighted,fx_SWC_roll7,3.502553319441572,
2021,2,Ensemble_unweighted,fx_SWC_lag7,3.251833077987907,
2021,2,Ensemble_unweighted,fx_SWC_roll14,2.7520814043012636,
2021,2,Ensemble_unweighted,is_t4,2.5028295192182264,
2021,2,Ensemble_unweighted,fx_SWC_lag21,2.2546822323024074,
2021,2,Ensemble_unweighted,fx_DOY_sin,2.15094987348343,
2021,2,Ensemble_unweighted,fx_TS_roll7,1.2546108149330353,
2021,2,Ensemble_unweighted,fx_TS_mean,1.2512252130946664,
2021,2,Ensemble_unweighted,fx_grazing_active,0.2506930473360124,
2021,2,Ensemble_unweighted,fx_is_growing,0.21323375801291305,
2021,2,Ensemble_unweighted,is_t2,6.604332245058204e-05,
2021,2,Ensemble_unweighted,fx_is_winter,1.2781837189025353e-05,
2021,2,Ensemble_MASEweighted,fx_USTAR_mean,76.90704430599597,
2021,2,Ensemble_MASEweighted,ar_ch4_dlag1,68.66288515213544,
2021,2,Ensemble_MASEweighted,fx_lsu_dens,61.03447938364114,
2021,2,Ensemble_MASEweighted,fx_WS_mean,39.9782379022901,
2021,2,Ensemble_MASEweighted,ar_ch4_dlag2,39.94442498727816,
2021,2,Ensemble_MASEweighted,ar_ch4_drm7,35.36159813920781,
2021,2,Ensemble_MASEweighted,fx_VPD_mean,23.340257663973006,
2021,2,Ensemble_MASEweighted,fx_days_since_grazing,22.020325928996094,
2021,2,Ensemble_MASEweighted,fx_PRECIP_sum,20.223273709840456,
2021,2,Ensemble_MASEweighted,fx_wd_sin,20.222150010207802,
2021,2,Ensemble_MASEweighted,ar_ch4_dlag3,17.66662747819994,
2021,2,Ensemble_MASEweighted,ar_fc_dlag1,17.149691391603103,
2021,2,Ensemble_MASEweighted,fx_TS_lag28,15.37296366757147,
2021,2,Ensemble_MASEweighted,fx_wd_cos,14.847180171493571,
2021,2,Ensemble_MASEweighted,is_t9,13.058105373224752,
2021,2,Ensemble_MASEweighted,fx_TS_lag21,12.288241883063725,
2021,2,Ensemble_MASEweighted,fx_PPFD_mean,12.032321322777545,
2021,2,Ensemble_MASEweighted,fx_TA_max,11.263734713610226,
2021,2,Ensemble_MASEweighted,fx_DOY_cos,10.18082077904294,
2021,2,Ensemble_MASEweighted,fx_TA_mean,9.98510053158402,
2021,2,Ensemble_MASEweighted,fx_TA_min,9.73115122973132,
2021,2,Ensemble_MASEweighted,fx_SWIN_mean,9.472295355889008,
2021,2,Ensemble_MASEweighted,ar_ch4_dlag14,9.216904170721255,
2021,2,Ensemble_MASEweighted,fx_RN_mean,8.194685330924942,
2021,2,Ensemble_MASEweighted,ar_ch4_dlag7,8.1933766966635,
2021,2,Ensemble_MASEweighted,fx_SWC_mean,6.914780683508888,
2021,2,Ensemble_MASEweighted,fx_SHF_mean,6.913948244978438,
2021,2,Ensemble_MASEweighted,fx_SWC_lag28,6.403103044237164,
2021,2,Ensemble_MASEweighted,fx_TS_lag7,5.374921880020233,
2021,2,Ensemble_MASEweighted,fx_TS_roll14,5.122496579628774,
2021,2,Ensemble_MASEweighted,fx_TS_lag14,4.866580040998799,
2021,2,Ensemble_MASEweighted,fx_SWC_lag14,4.863043471724242,
2021,2,Ensemble_MASEweighted,fx_SWC_roll7,3.5853352488563837,
2021,2,Ensemble_MASEweighted,fx_SWC_lag7,3.3286990132063115,
2021,2,Ensemble_MASEweighted,fx_SWC_roll14,2.817138481601603,
2021,2,Ensemble_MASEweighted,is_t4,2.562030985874693,
2021,2,Ensemble_MASEweighted,fx_SWC_lag21,2.30798707855669,
2021,2,Ensemble_MASEweighted,fx_DOY_sin,2.1930968756660296,
2021,2,Ensemble_MASEweighted,fx_TS_roll7,1.2842780069701782,
2021,2,Ensemble_MASEweighted,fx_TS_mean,1.2807714514939565,
2021,2,Ensemble_MASEweighted,fx_grazing_active,0.25658877932247903,
2021,2,Ensemble_MASEweighted,fx_is_growing,0.20565888547517583,
2021,2,Ensemble_MASEweighted,is_t2,6.456796813044522e-05,
2021,2,Ensemble_MASEweighted,fx_is_winter,1.2496301301120491e-05,
2021,2,TFT,dec:dec_13,0.43708544969558716,
2021,2,TFT,enc:enc_22,0.1416100263595581,
2021,2,TFT,enc:enc_28,0.10992666333913803,
2021,2,TFT,dec:dec_1,0.10160745680332184,
2021,2,TFT,enc:enc_7,0.07893596589565277,
2021,2,TFT,enc:enc_21,0.07301555573940277,
2021,2,TFT,enc:enc_20,0.05936530977487564,
2021,2,TFT,dec:dec_19,0.04992290213704109,
2021,2,TFT,enc:enc_24,0.04555400088429451,
2021,2,TFT,enc:enc_1,0.03727049380540848,
2021,2,TFT,dec:dec_10,0.03668992593884468,
2021,2,TFT,enc:enc_13,0.03641252964735031,
2021,2,TFT,enc:enc_17,0.03621741011738777,
2021,2,TFT,enc:enc_6,0.03483507037162781,
2021,2,TFT,enc:enc_5,0.030555542558431625,
2021,2,TFT,dec:dec_7,0.030154800042510033,
2021,2,TFT,dec:dec_23,0.029167115688323975,
2021,2,TFT,enc:enc_18,0.02914072945713997,
2021,2,TFT,enc:enc_12,0.027636414393782616,
2021,2,TFT,enc:enc_8,0.02656201831996441,
2021,2,TFT,enc:enc_25,0.02627861313521862,
2021,2,TFT,dec:dec_25,0.02522517368197441,
2021,2,TFT,dec:dec_21,0.025022242218255997,
2021,2,TFT,dec:dec_12,0.023959878832101822,
2021,2,TFT,enc:enc_15,0.022524269297719002,
2021,2,TFT,dec:dec_16,0.022370390594005585,
2021,2,TFT,enc:enc_16,0.02124931663274765,
2021,2,TFT,dec:dec_5,0.020591847598552704,
2021,2,TFT,dec:dec_8,0.020466402173042297,
2021,2,TFT,dec:dec_20,0.019534531980752945,
2021,2,TFT,dec:dec_9,0.019452091306447983,
2021,2,TFT,enc:enc_4,0.019065551459789276,
2021,2,TFT,enc:enc_2,0.01868639700114727,
2021,2,TFT,enc:enc_23,0.01848491281270981,
2021,2,TFT,enc:enc_0,0.016920946538448334,
2021,2,TFT,dec:dec_17,0.016881641000509262,
2021,2,TFT,dec:dec_6,0.016616078093647957,
2021,2,TFT,enc:enc_19,0.01628495566546917,
2021,2,TFT,enc:enc_9,0.015952590852975845,
2021,2,TFT,dec:dec_14,0.015352282673120499,
2021,2,TFT,dec:dec_24,0.014421219006180763,
2021,2,TFT,dec:dec_4,0.013481201604008675,
2021,2,TFT,enc:enc_3,0.013097946532070637,
2021,2,TFT,dec:dec_3,0.012570220045745373,
2021,2,TFT,enc:enc_11,0.012506935745477676,
2021,2,TFT,dec:dec_22,0.011569773778319359,
2021,2,TFT,enc:enc_14,0.00965784303843975,
2021,2,TFT,dec:dec_2,0.009427914395928383,
2021,2,TFT,enc:enc_29,0.008606950752437115,
2021,2,TFT,dec:dec_11,0.008584088645875454,
2021,2,TFT,enc:enc_26,0.007822771556675434,
2021,2,TFT,dec:dec_15,0.007255403324961662,
2021,2,TFT,dec:dec_0,0.006297734100371599,
2021,2,TFT,dec:dec_18,0.0062922826036810875,
2021,2,TFT,enc:enc_10,0.004684984218329191,
2021,2,TFT,enc:enc_27,0.0011373036541044712,
2021,2,TabPFN,fx_TA_max,0.2457432746887207,
2021,2,TabPFN,fx_TS_lag28,0.0884561538696289,
2021,2,TabPFN,fx_SWIN_mean,0.03834176063537598,
2021,2,TabPFN,fx_PPFD_mean,0.03396940231323242,
2021,2,TabPFN,fx_wd_cos,0.026719331741333008,
2021,2,TabPFN,fx_is_winter,0.024779081344604492,
2021,2,TabPFN,fx_RN_mean,0.02463078498840332,
2021,2,TabPFN,fx_is_growing,0.024494409561157227,
2021,2,TabPFN,fx_SWC_lag14,0.024105310440063477,
2021,2,TabPFN,fx_TS_lag14,0.02294182777404785,
2021,2,TabPFN,fx_DOY_cos,0.019405126571655273,
2021,2,TabPFN,fx_TS_lag21,0.018291950225830078,
2021,2,TabPFN,fx_VPD_mean,0.016335487365722656,
2021,2,TabPFN,fx_TS_lag7,0.013618946075439453,
2021,2,TabPFN,fx_SWC_lag21,0.01354527473449707,
2021,2,TabPFN,fx_SWC_roll14,0.011351346969604492,
2021,2,TabPFN,fx_SHF_mean,0.011068105697631836,
2021,2,TabPFN,fx_TS_mean,0.011065959930419922,
2021,2,TabPFN,fx_USTAR_mean,0.010844945907592773,
2021,2,TabPFN,fx_SWC_lag28,0.010753870010375977,
2021,2,TabPFN,fx_TA_mean,0.009641170501708984,
2021,2,TabPFN,fx_TS_roll7,0.008937835693359375,
2021,2,TabPFN,fx_TA_min,0.00785064697265625,
2021,2,TabPFN,fx_wd_sin,0.007821798324584961,
2021,2,TabPFN,fx_SWC_lag7,0.0061604976654052734,
2021,2,TabPFN,fx_TS_roll14,0.005356788635253906,
2021,2,TabPFN,fx_PRECIP_sum,0.004239797592163086,
2021,2,TabPFN,fx_WS_mean,0.0020678043365478516,
2021,2,TabPFN,fx_SWC_roll7,0.0018188953399658203,
2021,2,TabPFN,fx_SWC_mean,0.0008814334869384766,
2021,2,TabPFN,fx_DOY_sin,0.0007846355438232422,
2021,2,TabPFN,fx_lsu_dens,0.0,
2021,2,TabPFN,fx_grazing_active,0.0,
2021,2,TabPFN,fx_days_since_grazing,0.0,
2021,4,SARIMAX,fx_USTAR_mean,77.01061206076453,7.305010049369421e-11
2021,4,SARIMAX,fx_lsu_dens,20.389405181302205,3.796418708498986e-101
2021,4,SARIMAX,fx_WS_mean,5.399650973171274,2.1313541122100426e-06
2021,4,SARIMAX,fx_is_growing,2.795927897700625,0.7420012563827629
2021,4,SARIMAX,fx_DOY_cos,2.3939613807384617,0.7090663936273428
2021,4,SARIMAX,fx_DOY_sin,0.3458171125300803,0.9134402506884972
2021,4,SARIMAX,fx_VPD_mean,0.15362667773323138,0.8101785694667182
2021,4,SARIMAX,fx_PPFD_mean,0.02477533937130733,0.002025345268111789
2021,4,Ensemble_unweighted,fx_USTAR_mean,69.52242886907531,
2021,4,Ensemble_unweighted,ar_ch4_dlag1,67.07891125927308,
2021,4,Ensemble_unweighted,fx_lsu_dens,60.5123525368995,
2021,4,Ensemble_unweighted,fx_WS_mean,39.107356889717394,
2021,4,Ensemble_unweighted,ar_ch4_dlag2,39.022360221945995,
2021,4,Ensemble_unweighted,ar_ch4_drm7,34.54594665574508,
2021,4,Ensemble_unweighted,fx_VPD_mean,22.79268800035116,
2021,4,Ensemble_unweighted,fx_days_since_grazing,21.51172809739628,
2021,4,Ensemble_unweighted,fx_PRECIP_sum,19.75620783848514,
2021,4,Ensemble_unweighted,fx_wd_sin,19.755118498616774,
2021,4,Ensemble_unweighted,ar_ch4_dlag3,17.258701559034687,
2021,4,Ensemble_unweighted,ar_fc_dlag1,16.753577848216977,
2021,4,Ensemble_unweighted,fx_TS_lag28,15.017928495939321,
2021,4,Ensemble_unweighted,fx_wd_cos,14.504272704268944,
2021,4,Ensemble_unweighted,is_t9,12.75643742744056,
2021,4,Ensemble_unweighted,fx_TS_lag21,12.00443509978371,
2021,4,Ensemble_unweighted,fx_PPFD_mean,11.759432133480626,
2021,4,Ensemble_unweighted,fx_TA_max,11.003582954862178,
2021,4,Ensemble_unweighted,fx_DOY_cos,10.102377700386167,
2021,4,Ensemble_unweighted,fx_TA_mean,9.754470486655723,
2021,4,Ensemble_unweighted,fx_TA_min,9.506370684210594,
2021,4,Ensemble_unweighted,fx_SWIN_mean,9.25353852641216,
2021,4,Ensemble_unweighted,ar_ch4_dlag14,9.00403230155817,
2021,4,Ensemble_unweighted,fx_RN_mean,8.005406480281257,
2021,4,Ensemble_unweighted,ar_ch4_dlag7,8.004191532570854,
2021,4,Ensemble_unweighted,fx_SWC_mean,6.755075985060719,
2021,4,Ensemble_unweighted,fx_SHF_mean,6.754267499271871,
2021,4,Ensemble_unweighted,fx_SWC_lag28,6.2552227352790215,
2021,4,Ensemble_unweighted,fx_TS_lag7,5.250804352449889,
2021,4,Ensemble_unweighted,fx_TS_roll14,5.004175791797901,
2021,4,Ensemble_unweighted,fx_TS_lag14,4.754190518871689,
2021,4,Ensemble_unweighted,fx_SWC_lag14,4.7507470932344065,
2021,4,Ensemble_unweighted,fx_SWC_roll7,3.502553319441572,
2021,4,Ensemble_unweighted,fx_SWC_lag7,3.251833077987907,
2021,4,Ensemble_unweighted,fx_SWC_roll14,2.7520814043012636,
2021,4,Ensemble_unweighted,is_t4,2.5028295192182264,
2021,4,Ensemble_unweighted,fx_SWC_lag21,2.2546822323024074,
2021,4,Ensemble_unweighted,fx_DOY_sin,2.0905105532783175,
2021,4,Ensemble_unweighted,fx_TS_roll7,1.2546108149330353,
2021,4,Ensemble_unweighted,fx_TS_mean,1.2512252130946664,
2021,4,Ensemble_unweighted,fx_is_growing,0.699007369706977,
2021,4,Ensemble_unweighted,fx_grazing_active,0.2506930473360124,
2021,4,Ensemble_unweighted,is_t2,6.604332245058204e-05,
2021,4,Ensemble_unweighted,fx_is_winter,1.2781837189025353e-05,
2021,4,Ensemble_MASEweighted,fx_USTAR_mean,70.02672127139238,
2021,4,Ensemble_MASEweighted,ar_ch4_dlag1,68.66288515213544,
2021,4,Ensemble_MASEweighted,fx_lsu_dens,61.63824043119979,
2021,4,Ensemble_MASEweighted,fx_WS_mean,39.95202356707638,
2021,4,Ensemble_MASEweighted,ar_ch4_dlag2,39.94442498727816,
2021,4,Ensemble_MASEweighted,ar_ch4_drm7,35.36159813920781,
2021,4,Ensemble_MASEweighted,fx_VPD_mean,23.329251674669006,
2021,4,Ensemble_MASEweighted,fx_days_since_grazing,22.020325928996094,
2021,4,Ensemble_MASEweighted,fx_PRECIP_sum,20.223273709840456,
2021,4,Ensemble_MASEweighted,fx_wd_sin,20.222150010207802,
2021,4,Ensemble_MASEweighted,ar_ch4_dlag3,17.66662747819994,
2021,4,Ensemble_MASEweighted,ar_fc_dlag1,17.149691391603103,
2021,4,Ensemble_MASEweighted,fx_TS_lag28,15.37296366757147,
2021,4,Ensemble_MASEweighted,fx_wd_cos,14.847180171493571,
2021,4,Ensemble_MASEweighted,is_t9,13.058105373224752,
2021,4,Ensemble_MASEweighted,fx_TS_lag21,12.288241883063725,
2021,4,Ensemble_MASEweighted,fx_PPFD_mean,12.03707634092219,
2021,4,Ensemble_MASEweighted,fx_TA_max,11.263734713610226,
2021,4,Ensemble_MASEweighted,fx_DOY_cos,10.30579104902489,
2021,4,Ensemble_MASEweighted,fx_TA_mean,9.98510053158402,
2021,4,Ensemble_MASEweighted,fx_TA_min,9.73115122973132,
2021,4,Ensemble_MASEweighted,fx_SWIN_mean,9.472295355889008,
2021,4,Ensemble_MASEweighted,ar_ch4_dlag14,9.216904170721255,
2021,4,Ensemble_MASEweighted,fx_RN_mean,8.194685330924942,
2021,4,Ensemble_MASEweighted,ar_ch4_dlag7,8.1933766966635,
2021,4,Ensemble_MASEweighted,fx_SWC_mean,6.914780683508888,
2021,4,Ensemble_MASEweighted,fx_SHF_mean,6.913948244978438,
2021,4,Ensemble_MASEweighted,fx_SWC_lag28,6.403103044237164,
2021,4,Ensemble_MASEweighted,fx_TS_lag7,5.374921880020233,
2021,4,Ensemble_MASEweighted,fx_TS_roll14,5.122496579628774,
2021,4,Ensemble_MASEweighted,fx_TS_lag14,4.866580040998799,
2021,4,Ensemble_MASEweighted,fx_SWC_lag14,4.863043471724242,
2021,4,Ensemble_MASEweighted,fx_SWC_roll7,3.5853352488563837,
2021,4,Ensemble_MASEweighted,fx_SWC_lag7,3.3286990132063115,
2021,4,Ensemble_MASEweighted,fx_SWC_roll14,2.817138481601603,
2021,4,Ensemble_MASEweighted,is_t4,2.562030985874693,
2021,4,Ensemble_MASEweighted,fx_SWC_lag21,2.30798707855669,
2021,4,Ensemble_MASEweighted,fx_DOY_sin,2.1348046844624498,
2021,4,Ensemble_MASEweighted,fx_TS_roll7,1.2842780069701782,
2021,4,Ensemble_MASEweighted,fx_TS_mean,1.2807714514939565,
2021,4,Ensemble_MASEweighted,fx_is_growing,0.6741752115758936,
2021,4,Ensemble_MASEweighted,fx_grazing_active,0.25658877932247903,
2021,4,Ensemble_MASEweighted,is_t2,6.456796813044522e-05,
2021,4,Ensemble_MASEweighted,fx_is_winter,1.2496301301120491e-05,
2021,4,TFT,dec:dec_24,0.4799228608608246,
2021,4,TFT,enc:enc_7,0.3470677137374878,
2021,4,TFT,dec:dec_23,0.09045656025409698,
2021,4,TFT,dec:dec_7,0.08853138238191605,
2021,4,TFT,enc:enc_9,0.08021273463964462,
2021,4,TFT,enc:enc_25,0.07950837910175323,
2021,4,TFT,enc:enc_26,0.06731963157653809,
2021,4,TFT,enc:enc_22,0.05189541354775429,
2021,4,TFT,dec:dec_15,0.03579123690724373,
2021,4,TFT,enc:enc_11,0.032783716917037964,
2021,4,TFT,enc:enc_3,0.0319657064974308,
2021,4,TFT,enc:enc_4,0.030698159709572792,
2021,4,TFT,enc:enc_15,0.029747210443019867,
2021,4,TFT,dec:dec_22,0.02796429581940174,
2021,4,TFT,enc:enc_28,0.02350018359720707,
2021,4,TFT,dec:dec_9,0.023335648700594902,
2021,4,TFT,dec:dec_5,0.02267998643219471,
2021,4,TFT,enc:enc_23,0.020087873563170433,
2021,4,TFT,dec:dec_1,0.01972155086696148,
2021,4,TFT,enc:enc_20,0.019034696742892265,
2021,4,TFT,dec:dec_17,0.018481701612472534,
2021,4,TFT,enc:enc_1,0.01721496693789959,
2021,4,TFT,dec:dec_16,0.016398387029767036,
2021,4,TFT,dec:dec_6,0.016392908990383148,
2021,4,TFT,dec:dec_12,0.016356397420167923,
2021,4,TFT,dec:dec_13,0.016285009682178497,
2021,4,TFT,enc:enc_17,0.015424612909555435,
2021,4,TFT,enc:enc_2,0.014813914895057678,
2021,4,TFT,dec:dec_20,0.014011306688189507,
2021,4,TFT,dec:dec_8,0.013948635198175907,
2021,4,TFT,dec:dec_21,0.013499000109732151,
2021,4,TFT,enc:enc_18,0.013334235176444054,
2021,4,TFT,enc:enc_10,0.013037203811109066,
2021,4,TFT,enc:enc_0,0.01276961900293827,
2021,4,TFT,dec:dec_4,0.012601160444319248,
2021,4,TFT,dec:dec_19,0.01258697547018528,
2021,4,TFT,enc:enc_8,0.011703183874487877,
2021,4,TFT,enc:enc_6,0.011345195583999157,
2021,4,TFT,enc:enc_16,0.010899498127400875,
2021,4,TFT,enc:enc_14,0.010793770663440228,
2021,4,TFT,enc:enc_29,0.010259607806801796,
2021,4,TFT,enc:enc_13,0.009894822724163532,
2021,4,TFT,dec:dec_14,0.009767037816345692,
2021,4,TFT,dec:dec_10,0.009764698334038258,
2021,4,TFT,dec:dec_11,0.009730028919875622,
2021,4,TFT,dec:dec_3,0.009104151278734207,
2021,4,TFT,enc:enc_21,0.008825406432151794,
2021,4,TFT,enc:enc_19,0.007281708065420389,
2021,4,TFT,dec:dec_18,0.007167006377130747,
2021,4,TFT,enc:enc_24,0.007033924106508493,
2021,4,TFT,dec:dec_0,0.0057465690188109875,
2021,4,TFT,dec:dec_25,0.00550237949937582,
2021,4,TFT,enc:enc_27,0.004793153610080481,
2021,4,TFT,dec:dec_2,0.0042531671933829784,
2021,4,TFT,enc:enc_5,0.0037474234122782946,
2021,4,TFT,enc:enc_12,0.0030063556041568518,
2021,4,TabPFN,fx_lsu_dens,2.174764633178711,
2021,4,TabPFN,fx_is_growing,0.7520160675048828,
2021,4,TabPFN,fx_grazing_active,0.7124652862548828,
2021,4,TabPFN,fx_WS_mean,0.47702789306640625,
2021,4,TabPFN,fx_SWIN_mean,0.36285400390625,
2021,4,TabPFN,fx_wd_cos,0.2925376892089844,
2021,4,TabPFN,fx_is_winter,0.24831390380859375,
2021,4,TabPFN,fx_wd_sin,0.14284515380859375,
2021,4,TabPFN,fx_TA_max,0.1288127899169922,
2021,4,TabPFN,fx_PPFD_mean,0.12270927429199219,
2021,4,TabPFN,fx_SWC_roll14,0.11755561828613281,
2021,4,TabPFN,fx_DOY_cos,0.11321067810058594,
2021,4,TabPFN,fx_SWC_mean,0.11095809936523438,
2021,4,TabPFN,fx_TA_mean,0.10351181030273438,
2021,4,TabPFN,fx_days_since_grazing,0.09317398071289062,
2021,4,TabPFN,fx_TA_min,0.09258270263671875,
2021,4,TabPFN,fx_SWC_lag21,0.08639144897460938,
2021,4,TabPFN,fx_SWC_lag14,0.07440567016601562,
2021,4,TabPFN,fx_TS_roll7,0.0549163818359375,
2021,4,TabPFN,fx_SWC_lag7,0.05330848693847656,
2021,4,TabPFN,fx_TS_roll14,0.04966163635253906,
2021,4,TabPFN,fx_SWC_roll7,0.04775428771972656,
2021,4,TabPFN,fx_SWC_lag28,0.036571502685546875,
2021,4,TabPFN,fx_TS_mean,0.03576087951660156,
2021,4,TabPFN,fx_PRECIP_sum,0.035488128662109375,
2021,4,TabPFN,fx_VPD_mean,0.030752182006835938,
2021,4,TabPFN,fx_DOY_sin,0.022233963012695312,
2021,4,TabPFN,fx_TS_lag28,0.022104263305664062,
2021,4,TabPFN,fx_TS_lag14,0.021078109741210938,
2021,4,TabPFN,fx_USTAR_mean,0.017520904541015625,
2021,4,TabPFN,fx_TS_lag21,0.0169677734375,
2021,4,TabPFN,fx_SHF_mean,0.011173248291015625,
2021,4,TabPFN,fx_TS_lag7,0.009859085083007812,
2021,4,TabPFN,fx_RN_mean,0.007598876953125,
2021,9,SARIMAX,fx_USTAR_mean,98.29253293379782,1.0919705235797121e-85
2021,9,SARIMAX,fx_lsu_dens,22.87075302090082,2.058635309990169e-104
2021,9,SARIMAX,fx_is_growing,3.8467439148866704,0.6729967121646978
2021,9,SARIMAX,fx_DOY_sin,3.4658381634449564,0.7260685069833188
2021,9,SARIMAX,fx_VPD_mean,2.0000300114401486,0.006193472087501706
2021,9,SARIMAX,fx_WS_mean,1.7375919455714905,0.0015075802369532855
2021,9,SARIMAX,fx_DOY_cos,0.02590579202113118,0.998331058570266
2021,9,SARIMAX,fx_PPFD_mean,0.018258751212260126,0.04159547982413603
2021,9,Ensemble_unweighted,fx_USTAR_mean,74.84290908733362,
2021,9,Ensemble_unweighted,ar_ch4_dlag1,67.07891125927308,
2021,9,Ensemble_unweighted,fx_lsu_dens,61.13268949679915,
2021,9,Ensemble_unweighted,ar_ch4_dlag2,39.022360221945995,
2021,9,Ensemble_unweighted,fx_WS_mean,38.19184213281745,
2021,9,Ensemble_unweighted,ar_ch4_drm7,34.54594665574508,
2021,9,Ensemble_unweighted,fx_VPD_mean,23.25428883377789,
2021,9,Ensemble_unweighted,fx_days_since_grazing,21.51172809739628,
2021,9,Ensemble_unweighted,fx_PRECIP_sum,19.75620783848514,
2021,9,Ensemble_unweighted,fx_wd_sin,19.755118498616774,
2021,9,Ensemble_unweighted,ar_ch4_dlag3,17.258701559034687,
2021,9,Ensemble_unweighted,ar_fc_dlag1,16.753577848216977,
2021,9,Ensemble_unweighted,fx_TS_lag28,15.017928495939321,
2021,9,Ensemble_unweighted,fx_wd_cos,14.504272704268944,
2021,9,Ensemble_unweighted,is_t9,12.75643742744056,
2021,9,Ensemble_unweighted,fx_TS_lag21,12.00443509978371,
2021,9,Ensemble_unweighted,fx_PPFD_mean,11.757802986440863,
2021,9,Ensemble_unweighted,fx_TA_max,11.003582954862178,
2021,9,Ensemble_unweighted,fx_TA_mean,9.754470486655723,
2021,9,Ensemble_unweighted,fx_DOY_cos,9.510363803206834,
2021,9,Ensemble_unweighted,fx_TA_min,9.506370684210594,
2021,9,Ensemble_unweighted,fx_SWIN_mean,9.25353852641216,
2021,9,Ensemble_unweighted,ar_ch4_dlag14,9.00403230155817,
2021,9,Ensemble_unweighted,fx_RN_mean,8.005406480281257,
2021,9,Ensemble_unweighted,ar_ch4_dlag7,8.004191532570854,
2021,9,Ensemble_unweighted,fx_SWC_mean,6.755075985060719,
2021,9,Ensemble_unweighted,fx_SHF_mean,6.754267499271871,
2021,9,Ensemble_unweighted,fx_SWC_lag28,6.2552227352790215,
2021,9,Ensemble_unweighted,fx_TS_lag7,5.250804352449889,
2021,9,Ensemble_unweighted,fx_TS_roll14,5.004175791797901,
2021,9,Ensemble_unweighted,fx_TS_lag14,4.754190518871689,
2021,9,Ensemble_unweighted,fx_SWC_lag14,4.7507470932344065,
2021,9,Ensemble_unweighted,fx_SWC_roll7,3.502553319441572,
2021,9,Ensemble_unweighted,fx_SWC_lag7,3.251833077987907,
2021,9,Ensemble_unweighted,fx_DOY_sin,2.8705158160070368,
2021,9,Ensemble_unweighted,fx_SWC_roll14,2.7520814043012636,
2021,9,Ensemble_unweighted,is_t4,2.5028295192182264,
2021,9,Ensemble_unweighted,fx_SWC_lag21,2.2546822323024074,
2021,9,Ensemble_unweighted,fx_TS_roll7,1.2546108149330353,
2021,9,Ensemble_unweighted,fx_TS_mean,1.2512252130946664,
2021,9,Ensemble_unweighted,fx_is_growing,0.9617113740034883,
2021,9,Ensemble_unweighted,fx_grazing_active,0.2506930473360124,
2021,9,Ensemble_unweighted,is_t2,6.604332245058204e-05,
2021,9,Ensemble_unweighted,fx_is_winter,1.2781837189025353e-05,
2021,9,Ensemble_MASEweighted,fx_USTAR_mean,75.15818947992042,
2021,9,Ensemble_MASEweighted,ar_ch4_dlag1,68.66288515213544,
2021,9,Ensemble_MASEweighted,fx_lsu_dens,62.23653969324311,
2021,9,Ensemble_MASEweighted,ar_ch4_dlag2,39.94442498727816,
2021,9,Ensemble_MASEweighted,fx_WS_mean,39.06903280745502,
2021,9,Ensemble_MASEweighted,ar_ch4_drm7,35.36159813920781,
2021,9,Ensemble_MASEweighted,fx_VPD_mean,23.774453969309754,
2021,9,Ensemble_MASEweighted,fx_days_since_grazing,22.020325928996094,
2021,9,Ensemble_MASEweighted,fx_PRECIP_sum,20.223273709840456,
2021,9,Ensemble_MASEweighted,fx_wd_sin,20.222150010207802,
2021,9,Ensemble_MASEweighted,ar_ch4_dlag3,17.66662747819994,
2021,9,Ensemble_MASEweighted,ar_fc_dlag1,17.149691391603103,
2021,9,Ensemble_MASEweighted,fx_TS_lag28,15.37296366757147,
2021,9,Ensemble_MASEweighted,fx_wd_cos,14.847180171493571,
2021,9,Ensemble_MASEweighted,is_t9,13.058105373224752,
2021,9,Ensemble_MASEweighted,fx_TS_lag21,12.288241883063725,
2021,9,Ensemble_MASEweighted,fx_PPFD_mean,12.035505069928105,
2021,9,Ensemble_MASEweighted,fx_TA_max,11.263734713610226,
2021,9,Ensemble_MASEweighted,fx_TA_mean,9.98510053158402,
2021,9,Ensemble_MASEweighted,fx_DOY_cos,9.734808662518244,
2021,9,Ensemble_MASEweighted,fx_TA_min,9.73115122973132,
2021,9,Ensemble_MASEweighted,fx_SWIN_mean,9.472295355889008,
2021,9,Ensemble_MASEweighted,ar_ch4_dlag14,9.216904170721255,
2021,9,Ensemble_MASEweighted,fx_RN_mean,8.194685330924942,
2021,9,Ensemble_MASEweighted,ar_ch4_dlag7,8.1933766966635,
2021,9,Ensemble_MASEweighted,fx_SWC_mean,6.914780683508888,
2021,9,Ensemble_MASEweighted,fx_SHF_mean,6.913948244978438,
2021,9,Ensemble_MASEweighted,fx_SWC_lag28,6.403103044237164,
2021,9,Ensemble_MASEweighted,fx_TS_lag7,5.374921880020233,
2021,9,Ensemble_MASEweighted,fx_TS_roll14,5.122496579628774,
2021,9,Ensemble_MASEweighted,fx_TS_lag14,4.866580040998799,
2021,9,Ensemble_MASEweighted,fx_SWC_lag14,4.863043471724242,
2021,9,Ensemble_MASEweighted,fx_SWC_roll7,3.5853352488563837,
2021,9,Ensemble_MASEweighted,fx_SWC_lag7,3.3286990132063115,
2021,9,Ensemble_MASEweighted,fx_DOY_sin,2.887099974357774,
2021,9,Ensemble_MASEweighted,fx_SWC_roll14,2.817138481601603,
2021,9,Ensemble_MASEweighted,is_t4,2.562030985874693,
2021,9,Ensemble_MASEweighted,fx_SWC_lag21,2.30798707855669,
2021,9,Ensemble_MASEweighted,fx_TS_roll7,1.2842780069701782,
2021,9,Ensemble_MASEweighted,fx_TS_mean,1.2807714514939565,
2021,9,Ensemble_MASEweighted,fx_is_growing,0.9275465598377338,
2021,9,Ensemble_MASEweighted,fx_grazing_active,0.25658877932247903,
2021,9,Ensemble_MASEweighted,is_t2,6.456796813044522e-05,
2021,9,Ensemble_MASEweighted,fx_is_winter,1.2496301301120491e-05,
2021,9,TFT,dec:dec_24,0.38308805227279663,
2021,9,TFT,enc:enc_7,0.24487730860710144,
2021,9,TFT,enc:enc_26,0.09590733796358109,
2021,9,TFT,enc:enc_10,0.07957146316766739,
2021,9,TFT,enc:enc_25,0.07612460106611252,
2021,9,TFT,enc:enc_22,0.07385414093732834,
2021,9,TFT,dec:dec_23,0.059062592685222626,
2021,9,TFT,enc:enc_9,0.05498218908905983,
2021,9,TFT,dec:dec_5,0.04756592586636543,
2021,9,TFT,dec:dec_7,0.04341593012213707,
2021,9,TFT,dec:dec_12,0.041687749326229095,
2021,9,TFT,dec:dec_14,0.0399351492524147,
2021,9,TFT,dec:dec_1,0.03391985967755318,
2021,9,TFT,dec:dec_15,0.033089619129896164,
2021,9,TFT,dec:dec_10,0.032459843903779984,
2021,9,TFT,dec:dec_22,0.03190697357058525,
2021,9,TFT,dec:dec_17,0.03146051988005638,
2021,9,TFT,dec:dec_6,0.030438730493187904,
2021,9,TFT,enc:enc_0,0.029598230496048927,
2021,9,TFT,enc:enc_11,0.025542302057147026,
2021,9,TFT,enc:enc_4,0.02484985440969467,
2021,9,TFT,enc:enc_15,0.024669786915183067,
2021,9,TFT,dec:dec_16,0.023883603513240814,
2021,9,TFT,enc:enc_2,0.023356808349490166,
2021,9,TFT,enc:enc_3,0.02307627722620964,
2021,9,TFT,enc:enc_13,0.021716246381402016,
2021,9,TFT,dec:dec_11,0.020970012992620468,
2021,9,TFT,enc:enc_17,0.020131750032305717,
2021,9,TFT,enc:enc_18,0.019725598394870758,
2021,9,TFT,dec:dec_21,0.019529540091753006,
2021,9,TFT,dec:dec_13,0.01749536395072937,
2021,9,TFT,enc:enc_23,0.01747714728116989,
2021,9,TFT,dec:dec_9,0.015967851504683495,
2021,9,TFT,enc:enc_29,0.015813317149877548,
2021,9,TFT,enc:enc_20,0.01537591964006424,
2021,9,TFT,dec:dec_25,0.015277920290827751,
2021,9,TFT,enc:enc_1,0.014865327626466751,
2021,9,TFT,enc:enc_28,0.014748629182577133,
2021,9,TFT,dec:dec_4,0.014546722173690796,
2021,9,TFT,dec:dec_20,0.014024761505424976,
2021,9,TFT,dec:dec_8,0.013856294564902782,
2021,9,TFT,enc:enc_21,0.012302453629672527,
2021,9,TFT,enc:enc_14,0.011841538362205029,
2021,9,TFT,dec:dec_18,0.01117254700511694,
2021,9,TFT,enc:enc_6,0.010834396816790104,
2021,9,TFT,enc:enc_24,0.010154674760997295,
2021,9,TFT,enc:enc_8,0.010053492151200771,
2021,9,TFT,dec:dec_19,0.009440592490136623,
2021,9,TFT,enc:enc_16,0.008918640203773975,
2021,9,TFT,dec:dec_0,0.008684124797582626,
2021,9,TFT,enc:enc_19,0.007588302716612816,
2021,9,TFT,enc:enc_27,0.00548016419634223,
2021,9,TFT,dec:dec_3,0.0040558381006121635,
2021,9,TFT,enc:enc_5,0.0038800688926130533,
2021,9,TFT,dec:dec_2,0.003063921118155122,
2021,9,TFT,enc:enc_12,0.0026820688508450985,
2021,9,TabPFN,fx_lsu_dens,1.0844612121582031,
2021,9,TabPFN,fx_grazing_active,0.8733425140380859,
2021,9,TabPFN,fx_SWC_lag14,0.2218189239501953,
2021,9,TabPFN,fx_SWC_lag28,0.2136402130126953,
2021,9,TabPFN,fx_TS_lag14,0.15310096740722656,
2021,9,TabPFN,fx_wd_cos,0.13790130615234375,
2021,9,TabPFN,fx_TS_lag28,0.1307830810546875,
2021,9,TabPFN,fx_TS_roll14,0.12508773803710938,
2021,9,TabPFN,fx_SWC_lag21,0.11100196838378906,
2021,9,TabPFN,fx_TA_mean,0.09771537780761719,
2021,9,TabPFN,fx_PPFD_mean,0.09700775146484375,
2021,9,TabPFN,fx_WS_mean,0.08733367919921875,
2021,9,TabPFN,fx_SWIN_mean,0.08431434631347656,
2021,9,TabPFN,fx_TS_lag21,0.08408737182617188,
2021,9,TabPFN,fx_DOY_cos,0.07842445373535156,
2021,9,TabPFN,fx_SWC_roll7,0.07388877868652344,
2021,9,TabPFN,fx_days_since_grazing,0.07374382019042969,
2021,9,TabPFN,fx_SWC_roll14,0.06923103332519531,
2021,9,TabPFN,fx_is_winter,0.05988883972167969,
2021,9,TabPFN,fx_TS_lag7,0.05480194091796875,
2021,9,TabPFN,fx_DOY_sin,0.049449920654296875,
2021,9,TabPFN,fx_TS_mean,0.03686332702636719,
2021,9,TabPFN,fx_is_growing,0.029222488403320312,
2021,9,TabPFN,fx_RN_mean,0.028247833251953125,
2021,9,TabPFN,fx_SHF_mean,0.027860641479492188,
2021,9,TabPFN,fx_TA_min,0.017786026000976562,
2021,9,TabPFN,fx_USTAR_mean,0.016399383544921875,
2021,9,TabPFN,fx_VPD_mean,0.009458541870117188,
2021,9,TabPFN,fx_SWC_lag7,0.00860595703125,
2021,9,TabPFN,fx_SWC_mean,0.00760650634765625,
2021,9,TabPFN,fx_wd_sin,0.004730224609375,
2021,9,TabPFN,fx_TS_roll7,0.0040073394775390625,
2021,9,TabPFN,fx_TA_max,0.00400543212890625,
2021,9,TabPFN,fx_PRECIP_sum,0.0,
2022,pooled,RF,fx_lsu_dens,0.3478784903235288,
2022,pooled,RF,ar_ch4_dlag1,0.23011132388958017,
2022,pooled,RF,ar_ch4_drm7,0.1105525377755812,
2022,pooled,RF,ar_ch4_dlag2,0.0657591577986143,
2022,pooled,RF,fx_USTAR_mean,0.03279015372202855,
2022,pooled,RF,ar_ch4_dlag3,0.019179456015805934,
2022,pooled,RF,fx_WS_mean,0.01750362936705915,
2022,pooled,RF,fx_TS_lag28,0.013981010813967722,
2022,pooled,RF,fx_days_since_grazing,0.009819127243008315,
2022,pooled,RF,fx_wd_sin,0.009353939364948076,
2022,pooled,RF,fx_VPD_mean,0.008696706577907744,
2022,pooled,RF,ar_ch4_dlag7,0.008235254404353609,
2022,pooled,RF,fx_PRECIP_sum,0.007763531448254894,
2022,pooled,RF,fx_wd_cos,0.007084012298391604,
2022,pooled,RF,ar_ch4_dlag14,0.0064680054638117865,
2022,pooled,RF,fx_SWC_lag28,0.00636555758330871,
2022,pooled,RF,fx_SWC_mean,0.005639818776033483,
2022,pooled,RF,fx_TS_lag21,0.005479468953345676,
2022,pooled,RF,fx_SWIN_mean,0.005189023977654524,
2022,pooled,RF,fx_SWC_roll7,0.004711937801923719,
2022,pooled,RF,fx_TA_max,0.004711118643426391,
2022,pooled,RF,ar_fc_dlag1,0.004681275292699969,
2022,pooled,RF,fx_DOY_cos,0.004662574894429938,
2022,pooled,RF,fx_PPFD_mean,0.004518751378657098,
2022,pooled,RF,fx_TS_mean,0.004364997311249469,
2022,pooled,RF,fx_TA_min,0.00435569835737281,
2022,pooled,RF,fx_TA_mean,0.0043324062527044455,
2022,pooled,RF,fx_SHF_mean,0.00418941744244001,
2022,pooled,RF,fx_DOY_sin,0.0041763430618384145,
2022,pooled,RF,fx_SWC_lag7,0.004017551821965739,
2022,pooled,RF,fx_TS_roll7,0.003907660335218064,
2022,pooled,RF,fx_TS_lag14,0.0037814738953758395,
2022,pooled,RF,fx_RN_mean,0.0037781818506974936,
2022,pooled,RF,fx_SWC_roll14,0.0037041936214171384,
2022,pooled,RF,fx_TS_lag7,0.0035179978429612717,
2022,pooled,RF,fx_SWC_lag21,0.003503884973316884,
2022,pooled,RF,fx_SWC_lag14,0.003238523480177815,
2022,pooled,RF,fx_TS_roll14,0.0030351446159912927,
2022,pooled,RF,fx_grazing_active,0.0022639650859418744,
2022,pooled,RF,is_t9,0.0015661704953225507,
2022,pooled,RF,is_t4,0.000577374743597463,
2022,pooled,RF,fx_is_growing,0.0003081606966265704,
2022,pooled,RF,is_t2,0.00018424255957846995,
2022,pooled,RF,fx_is_winter,6.0747747884989134e-05,
2022,pooled,XGB,fx_lsu_dens,0.3512534201145172,
2022,pooled,XGB,ar_ch4_dlag1,0.12192942202091217,
2022,pooled,XGB,ar_ch4_drm7,0.06301487237215042,
2022,pooled,XGB,ar_ch4_dlag2,0.04081109166145325,
2022,pooled,XGB,fx_USTAR_mean,0.03426741063594818,
2022,pooled,XGB,fx_days_since_grazing,0.02280212752521038,
2022,pooled,XGB,fx_TS_lag28,0.022695614024996758,
2022,pooled,XGB,fx_TS_mean,0.019434120506048203,
2022,pooled,XGB,is_t9,0.018201680853962898,
2022,pooled,XGB,fx_WS_mean,0.01751098781824112,
2022,pooled,XGB,fx_SWC_roll7,0.0172503050416708,
2022,pooled,XGB,ar_ch4_dlag3,0.01697254367172718,
2022,pooled,XGB,fx_PRECIP_sum,0.014369463548064232,
2022,pooled,XGB,is_t4,0.01363193430006504,
2022,pooled,XGB,is_t2,0.013265148736536503,
2022,pooled,XGB,fx_SWC_lag21,0.012664887122809887,
2022,pooled,XGB,fx_SWC_roll14,0.012555597350001335,
2022,pooled,XGB,fx_wd_sin,0.011204104870557785,
2022,pooled,XGB,fx_RN_mean,0.01110079139471054,
2022,pooled,XGB,fx_SHF_mean,0.010989351198077202,
2022,pooled,XGB,fx_SWC_lag7,0.010827945545315742,
2022,pooled,XGB,fx_SWC_lag28,0.010016234591603279,
2022,pooled,XGB,fx_TA_mean,0.009866785258054733,
2022,pooled,XGB,fx_TA_max,0.009442485868930817,
2022,pooled,XGB,fx_SWIN_mean,0.009389057755470276,
2022,pooled,XGB,fx_DOY_sin,0.00883571058511734,
2022,pooled,XGB,fx_PPFD_mean,0.008762817829847336,
2022,pooled,XGB,fx_TS_roll7,0.008642447181046009,
2022,pooled,XGB,ar_fc_dlag1,0.008595166727900505,
2022,pooled,XGB,fx_SWC_mean,0.008335852064192295,
2022,pooled,XGB,fx_DOY_cos,0.008222340606153011,
2022,pooled,XGB,ar_ch4_dlag7,0.008091196417808533,
2022,pooled,XGB,fx_TS_lag21,0.008090607821941376,
2022,pooled,XGB,fx_wd_cos,0.007957498542964458,
2022,pooled,XGB,ar_ch4_dlag14,0.007747350726276636,
2022,pooled,XGB,fx_TA_min,0.007717225234955549,
2022,pooled,XGB,fx_TS_lag7,0.0070004574954509735,
2022,pooled,XGB,fx_VPD_mean,0.006533879786729813,
2022,pooled,XGB,fx_TS_lag14,0.0,
2022,pooled,XGB,fx_SWC_lag14,0.0,
2022,pooled,XGB,fx_is_growing,0.0,
2022,pooled,XGB,fx_TS_roll14,0.0,
2022,pooled,XGB,fx_grazing_active,0.0,
2022,pooled,XGB,fx_is_winter,0.0,
2022,pooled,LightGBM,ar_ch4_dlag1,299.0,
2022,pooled,LightGBM,fx_lsu_dens,222.0,
2022,pooled,LightGBM,fx_USTAR_mean,219.0,
2022,pooled,LightGBM,fx_WS_mean,168.0,
2022,pooled,LightGBM,ar_ch4_dlag2,142.0,
2022,pooled,LightGBM,ar_ch4_drm7,132.0,
2022,pooled,LightGBM,fx_PRECIP_sum,93.0,
2022,pooled,LightGBM,fx_wd_sin,85.0,
2022,pooled,LightGBM,ar_ch4_dlag3,72.0,
2022,pooled,LightGBM,ar_fc_dlag1,70.0,
2022,pooled,LightGBM,fx_TA_max,66.0,
2022,pooled,LightGBM,fx_TS_lag28,64.0,
2022,pooled,LightGBM,fx_VPD_mean,62.0,
2022,pooled,LightGBM,fx_days_since_grazing,56.0,
2022,pooled,LightGBM,is_t9,49.0,
2022,pooled,LightGBM,fx_wd_cos,47.0,
2022,pooled,LightGBM,fx_PPFD_mean,42.0,
2022,pooled,LightGBM,fx_RN_mean,41.0,
2022,pooled,LightGBM,fx_DOY_cos,36.0,
2022,pooled,LightGBM,fx_SWIN_mean,34.0,
2022,pooled,LightGBM,fx_SHF_mean,33.0,
2022,pooled,LightGBM,fx_TS_lag21,32.0,
2022,pooled,LightGBM,ar_ch4_dlag7,30.0,
2022,pooled,LightGBM,fx_DOY_sin,29.0,
2022,pooled,LightGBM,ar_ch4_dlag14,28.0,
2022,pooled,LightGBM,fx_SWC_lag28,26.0,
2022,pooled,LightGBM,fx_SWC_lag7,26.0,
2022,pooled,LightGBM,fx_SWC_lag14,25.0,
2022,pooled,LightGBM,fx_SWC_mean,23.0,
2022,pooled,LightGBM,fx_TA_min,19.0,
2022,pooled,LightGBM,fx_TS_mean,16.0,
2022,pooled,LightGBM,fx_SWC_lag21,15.0,
2022,pooled,LightGBM,fx_SWC_roll7,15.0,
2022,pooled,LightGBM,is_t4,14.0,
2022,pooled,LightGBM,fx_TS_roll7,14.0,
2022,pooled,LightGBM,fx_TA_mean,13.0,
2022,pooled,LightGBM,fx_TS_roll14,12.0,
2022,pooled,LightGBM,fx_SWC_roll14,11.0,
2022,pooled,LightGBM,fx_TS_lag7,9.0,
2022,pooled,LightGBM,fx_TS_lag14,8.0,
2022,pooled,LightGBM,fx_grazing_active,2.0,
2022,pooled,LightGBM,is_t2,1.0,
2022,pooled,LightGBM,fx_is_growing,0.0,
2022,pooled,LightGBM,fx_is_winter,0.0,
2022,2,SARIMAX,fx_USTAR_mean,99.81410497629797,1.671329050500632e-108
2022,2,SARIMAX,fx_lsu_dens,18.154861147030164,0.0
2022,2,SARIMAX,fx_WS_mean,4.759677506725444,1.163481482588417e-16
2022,2,SARIMAX,fx_DOY_cos,0.8438900200810776,0.8547710554783537
2022,2,SARIMAX,fx_VPD_mean,0.6945033334829974,0.05256075781583903
2022,2,SARIMAX,fx_is_growing,0.39867007419731115,0.9472523865885165
2022,2,SARIMAX,fx_DOY_sin,0.22066824236580201,0.9248442998391816
2022,2,SARIMAX,fx_PPFD_mean,0.005348059159479498,0.25821682227593457
2022,2,Ensemble_unweighted,fx_USTAR_mean,79.72029063516399,
2022,2,Ensemble_unweighted,ar_ch4_dlag1,74.83801018647762,
2022,2,Ensemble_unweighted,fx_lsu_dens,60.213498264367054,
2022,2,Ensemble_unweighted,fx_WS_mean,43.19867303097769,
2022,2,Ensemble_unweighted,ar_ch4_dlag2,35.52664256236502,
2022,2,Ensemble_unweighted,ar_ch4_drm7,33.043391852536935,
2022,2,Ensemble_unweighted,fx_PRECIP_sum,23.255533248749078,
2022,2,Ensemble_unweighted,fx_wd_sin,21.255139511058875,
2022,2,Ensemble_unweighted,ar_ch4_dlag3,18.009037999921883,
2022,2,Ensemble_unweighted,ar_fc_dlag1,17.50331911050515,
2022,2,Ensemble_unweighted,fx_TA_max,16.50353840112809,
2022,2,Ensemble_unweighted,fx_TS_lag28,16.00916915620974,
2022,2,Ensemble_unweighted,fx_VPD_mean,15.677433479961909,
2022,2,Ensemble_unweighted,fx_days_since_grazing,14.008155313692054,
2022,2,Ensemble_unweighted,is_t9,12.254941962837322,
2022,2,Ensemble_unweighted,fx_wd_cos,11.75376037771034,
2022,2,Ensemble_unweighted,fx_PPFD_mean,10.504657407091996,
2022,2,Ensemble_unweighted,fx_RN_mean,10.253719743311352,
2022,2,Ensemble_unweighted,fx_DOY_cos,9.214193733895415,
2022,2,Ensemble_unweighted,fx_SWIN_mean,8.503644520433282,
2022,2,Ensemble_unweighted,fx_SHF_mean,8.25379469216013,
2022,2,Ensemble_unweighted,fx_TS_lag21,8.003392519193822,
2022,2,Ensemble_unweighted,ar_ch4_dlag7,7.504081612705541,
2022,2,Ensemble_unweighted,fx_DOY_sin,7.30842007400319,
2022,2,Ensemble_unweighted,ar_ch4_dlag14,7.003553839047522,
2022,2,Ensemble_unweighted,fx_SWC_lag28,6.504095448043728,
2022,2,Ensemble_unweighted,fx_SWC_lag7,6.503711374341821,
2022,2,Ensemble_unweighted,fx_SWC_lag14,6.2508096308700445,
2022,2,Ensemble_unweighted,fx_SWC_mean,5.753493917710056,
2022,2,Ensemble_unweighted,fx_TA_min,4.753018230898082,
2022,2,Ensemble_unweighted,fx_TS_mean,4.005949779454324,
2022,2,Ensemble_unweighted,fx_SWC_roll7,3.7554905607108986,
2022,2,Ensemble_unweighted,fx_SWC_lag21,3.7540421930240315,
2022,2,Ensemble_unweighted,is_t4,3.5035523272609157,
2022,2,Ensemble_unweighted,fx_TS_roll7,3.503137526879066,
2022,2,Ensemble_unweighted,fx_TA_mean,3.2535497978776897,
2022,2,Ensemble_unweighted,fx_TS_roll14,3.0007587861539977,
2022,2,Ensemble_unweighted,fx_SWC_roll14,2.7540649477428545,
2022,2,Ensemble_unweighted,fx_TS_lag7,2.252629613834603,
2022,2,Ensemble_unweighted,fx_TS_lag14,2.000945368473844,
2022,2,Ensemble_unweighted,fx_grazing_active,0.5005659912714855,
2022,2,Ensemble_unweighted,is_t2,0.2533623478240287,
2022,2,Ensemble_unweighted,fx_is_growing,0.09974455872348444,
2022,2,Ensemble_unweighted,fx_is_winter,1.5186936971247283e-05,
2022,2,Ensemble_MASEweighted,fx_USTAR_mean,80.12847338698612,
2022,2,Ensemble_MASEweighted,ar_ch4_dlag1,76.60522117504495,
2022,2,Ensemble_MASEweighted,fx_lsu_dens,61.365610386852815,
2022,2,Ensemble_MASEweighted,fx_WS_mean,44.14953672919293,
2022,2,Ensemble_MASEweighted,ar_ch4_dlag2,36.36601684916966,
2022,2,Ensemble_MASEweighted,ar_ch4_drm7,33.823593788040014,
2022,2,Ensemble_MASEweighted,fx_PRECIP_sum,23.805355732213396,
2022,2,Ensemble_MASEweighted,fx_wd_sin,21.75763632019105,
2022,2,Ensemble_MASEweighted,ar_ch4_dlag3,18.434683500762336,
2022,2,Ensemble_MASEweighted,ar_fc_dlag1,17.91715148471222,
2022,2,Ensemble_MASEweighted,fx_TA_max,16.893733001007796,
2022,2,Ensemble_MASEweighted,fx_TS_lag28,16.387602936931412,
2022,2,Ensemble_MASEweighted,fx_VPD_mean,16.037767960458318,
2022,2,Ensemble_MASEweighted,fx_days_since_grazing,14.339323536085582,
2022,2,Ensemble_MASEweighted,is_t9,12.544738421129114,
2022,2,Ensemble_MASEweighted,fx_wd_cos,12.03161595355693,
2022,2,Ensemble_MASEweighted,fx_PPFD_mean,10.752930630394452,
2022,2,Ensemble_MASEweighted,fx_RN_mean,10.496153387571047,
2022,2,Ensemble_MASEweighted,fx_DOY_cos,9.419546867992917,
2022,2,Ensemble_MASEweighted,fx_SWIN_mean,8.704677142955067,
2022,2,Ensemble_MASEweighted,fx_SHF_mean,8.44893537356983,
2022,2,Ensemble_MASEweighted,fx_TS_lag21,8.192589983292459,
2022,2,Ensemble_MASEweighted,ar_ch4_dlag7,7.681441263130965,
2022,2,Ensemble_MASEweighted,fx_DOY_sin,7.4779377177403115,
2022,2,Ensemble_MASEweighted,ar_ch4_dlag14,7.169097989421261,
2022,2,Ensemble_MASEweighted,fx_SWC_lag28,6.65783715249442,
2022,2,Ensemble_MASEweighted,fx_SWC_lag7,6.657473136055469,
2022,2,Ensemble_MASEweighted,fx_SWC_lag14,6.398571896934748,
2022,2,Ensemble_MASEweighted,fx_SWC_mean,5.889491657411029,
2022,2,Ensemble_MASEweighted,fx_TA_min,4.865372993435406,
2022,2,Ensemble_MASEweighted,fx_TS_mean,4.100671084911565,
2022,2,Ensemble_MASEweighted,fx_SWC_roll7,3.8442800320957735,
2022,2,Ensemble_MASEweighted,fx_SWC_lag21,3.8427991832329327,
2022,2,Ensemble_MASEweighted,is_t4,3.586422720350307,
2022,2,Ensemble_MASEweighted,fx_TS_roll7,3.585946636309864,
2022,2,Ensemble_MASEweighted,fx_TA_mean,3.3304557952064795,
2022,2,Ensemble_MASEweighted,fx_TS_roll14,3.071676404716,
2022,2,Ensemble_MASEweighted,fx_SWC_roll14,2.819175027892726,
2022,2,Ensemble_MASEweighted,fx_TS_lag7,2.3058707818404165,
2022,2,Ensemble_MASEweighted,fx_TS_lag14,2.048213962527986,
2022,2,Ensemble_MASEweighted,fx_grazing_active,0.5123757756899997,
2022,2,Ensemble_MASEweighted,is_t2,0.25938601532159455,
2022,2,Ensemble_MASEweighted,fx_is_growing,0.09620211258340866,
2022,2,Ensemble_MASEweighted,fx_is_winter,1.4847673102641323e-05,
2022,2,TFT,dec:dec_24,0.2790120244026184,
2022,2,TFT,enc:enc_4,0.2111612856388092,
2022,2,TFT,dec:dec_13,0.16692104935646057,
2022,2,TFT,enc:enc_7,0.13125735521316528,
2022,2,TFT,enc:enc_26,0.11661382764577866,
2022,2,TFT,enc:enc_28,0.06826062500476837,
2022,2,TFT,dec:dec_7,0.06326572597026825,
2022,2,TFT,enc:enc_23,0.05295475944876671,
2022,2,TFT,enc:enc_19,0.04965757578611374,
2022,2,TFT,dec:dec_16,0.039018213748931885,
2022,2,TFT,dec:dec_5,0.038938991725444794,
2022,2,TFT,dec:dec_23,0.03833230212330818,
2022,2,TFT,dec:dec_1,0.037673402577638626,
2022,2,TFT,dec:dec_15,0.03761008009314537,
2022,2,TFT,dec:dec_0,0.03682165965437889,
2022,2,TFT,dec:dec_19,0.03638517111539841,
2022,2,TFT,dec:dec_12,0.03404427319765091,
2022,2,TFT,enc:enc_13,0.032949719578027725,
2022,2,TFT,enc:enc_16,0.0319228433072567,
2022,2,TFT,dec:dec_22,0.02999933436512947,
2022,2,TFT,enc:enc_18,0.025111157447099686,
2022,2,TFT,dec:dec_6,0.023940304294228554,
2022,2,TFT,dec:dec_9,0.022982774302363396,
2022,2,TFT,enc:enc_27,0.02288305200636387,
2022,2,TFT,enc:enc_17,0.022637169808149338,
2022,2,TFT,enc:enc_15,0.0224729273468256,
2022,2,TFT,enc:enc_10,0.021373936906456947,
2022,2,TFT,dec:dec_17,0.018955715000629425,
2022,2,TFT,enc:enc_1,0.01844627782702446,
2022,2,TFT,enc:enc_9,0.0183545108884573,
2022,2,TFT,enc:enc_25,0.015241889283061028,
2022,2,TFT,enc:enc_6,0.01499131042510271,
2022,2,TFT,enc:enc_14,0.014112977311015129,
2022,2,TFT,dec:dec_3,0.014080269262194633,
2022,2,TFT,enc:enc_21,0.013664600439369678,
2022,2,TFT,dec:dec_14,0.01236585434526205,
2022,2,TFT,enc:enc_29,0.01234977412968874,
2022,2,TFT,enc:enc_20,0.011872032657265663,
2022,2,TFT,enc:enc_3,0.011871349066495895,
2022,2,TFT,dec:dec_25,0.011754969134926796,
2022,2,TFT,enc:enc_2,0.011323289945721626,
2022,2,TFT,enc:enc_5,0.010844152420759201,
2022,2,TFT,enc:enc_22,0.01083456538617611,
2022,2,TFT,enc:enc_11,0.009172040969133377,
2022,2,TFT,dec:dec_10,0.008955197408795357,
2022,2,TFT,dec:dec_11,0.008319085463881493,
2022,2,TFT,dec:dec_2,0.008284932002425194,
2022,2,TFT,dec:dec_18,0.007777329534292221,
2022,2,TFT,dec:dec_20,0.0072228326462209225,
2022,2,TFT,dec:dec_8,0.006470340304076672,
2022,2,TFT,enc:enc_8,0.005921279080212116,
2022,2,TFT,dec:dec_21,0.005536236800253391,
2022,2,TFT,dec:dec_4,0.005331974010914564,
2022,2,TFT,enc:enc_12,0.00448865769430995,
2022,2,TFT,enc:enc_24,0.004328025504946709,
2022,2,TFT,enc:enc_0,0.002927091671153903,
2022,2,TabPFN,fx_TA_max,0.13429665565490723,
2022,2,TabPFN,fx_TS_lag28,0.0646364688873291,
2022,2,TabPFN,fx_USTAR_mean,0.04698061943054199,
2022,2,TabPFN,fx_SWIN_mean,0.041568756103515625,
2022,2,TabPFN,fx_TS_lag21,0.03350329399108887,
2022,2,TabPFN,fx_TS_lag14,0.03215909004211426,
2022,2,TabPFN,fx_WS_mean,0.028893470764160156,
2022,2,TabPFN,fx_TS_lag7,0.020851850509643555,
2022,2,TabPFN,fx_PPFD_mean,0.020328283309936523,
2022,2,TabPFN,fx_is_growing,0.018963098526000977,
2022,2,TabPFN,fx_wd_sin,0.01729130744934082,
2022,2,TabPFN,fx_TS_roll7,0.01580214500427246,
2022,2,TabPFN,fx_RN_mean,0.015631437301635742,
2022,2,TabPFN,fx_DOY_cos,0.013991117477416992,
2022,2,TabPFN,fx_wd_cos,0.013462066650390625,
2022,2,TabPFN,fx_VPD_mean,0.013167381286621094,
2022,2,TabPFN,fx_SWC_lag14,0.010564804077148438,
2022,2,TabPFN,fx_SHF_mean,0.010347604751586914,
2022,2,TabPFN,fx_TA_min,0.008705615997314453,
2022,2,TabPFN,fx_is_winter,0.007872343063354492,
2022,2,TabPFN,fx_SWC_roll14,0.007867574691772461,
2022,2,TabPFN,fx_TS_roll14,0.00746607780456543,
2022,2,TabPFN,fx_SWC_lag7,0.005240201950073242,
2022,2,TabPFN,fx_SWC_mean,0.004874706268310547,
2022,2,TabPFN,fx_SWC_lag21,0.00412297248840332,
2022,2,TabPFN,fx_DOY_sin,0.003468036651611328,
2022,2,TabPFN,fx_PRECIP_sum,0.003290414810180664,
2022,2,TabPFN,fx_TA_mean,0.0031273365020751953,
2022,2,TabPFN,fx_SWC_lag28,0.002859830856323242,
2022,2,TabPFN,fx_SWC_roll7,0.0013427734375,
2022,2,TabPFN,fx_TS_mean,0.0010287761688232422,
2022,2,TabPFN,fx_lsu_dens,0.0,
2022,2,TabPFN,fx_grazing_active,0.0,
2022,2,TabPFN,fx_days_since_grazing,0.0,
2022,4,SARIMAX,fx_USTAR_mean,80.65313722407717,5.384412671605447e-12
2022,4,SARIMAX,fx_lsu_dens,20.256436002179914,1.858681333011581e-102
2022,4,SARIMAX,fx_WS_mean,6.32698052865461,4.234103663251409e-08
2022,4,SARIMAX,fx_DOY_cos,3.5838593240164722,0.5848888594024291
2022,4,SARIMAX,fx_is_growing,0.6735597357522419,0.9379790439341629
2022,4,SARIMAX,fx_DOY_sin,0.07819330957476164,0.9783045085758334
2022,4,SARIMAX,fx_PPFD_mean,0.02276238586623819,0.0010060329036575882
2022,4,SARIMAX,fx_VPD_mean,0.011008917096715021,0.983207574470342
2022,4,Ensemble_unweighted,fx_USTAR_mean,74.93004869710879,
2022,4,Ensemble_unweighted,ar_ch4_dlag1,74.83801018647762,
2022,4,Ensemble_unweighted,fx_lsu_dens,60.73889197815449,
2022,4,Ensemble_unweighted,fx_WS_mean,43.59049878645998,
2022,4,Ensemble_unweighted,ar_ch4_dlag2,35.52664256236502,
2022,4,Ensemble_unweighted,ar_ch4_drm7,33.043391852536935,
2022,4,Ensemble_unweighted,fx_PRECIP_sum,23.255533248749078,
2022,4,Ensemble_unweighted,fx_wd_sin,21.255139511058875,
2022,4,Ensemble_unweighted,ar_ch4_dlag3,18.009037999921883,
2022,4,Ensemble_unweighted,ar_fc_dlag1,17.50331911050515,
2022,4,Ensemble_unweighted,fx_TA_max,16.50353840112809,
2022,4,Ensemble_unweighted,fx_TS_lag28,16.00916915620974,
2022,4,Ensemble_unweighted,fx_VPD_mean,15.506559875865339,
2022,4,Ensemble_unweighted,fx_days_since_grazing,14.008155313692054,
2022,4,Ensemble_unweighted,is_t9,12.254941962837322,
2022,4,Ensemble_unweighted,fx_wd_cos,11.75376037771034,
2022,4,Ensemble_unweighted,fx_PPFD_mean,10.509010988768685,
2022,4,Ensemble_unweighted,fx_RN_mean,10.253719743311352,
2022,4,Ensemble_unweighted,fx_DOY_cos,9.899186059879264,
2022,4,Ensemble_unweighted,fx_SWIN_mean,8.503644520433282,
2022,4,Ensemble_unweighted,fx_SHF_mean,8.25379469216013,
2022,4,Ensemble_unweighted,fx_TS_lag21,8.003392519193822,
2022,4,Ensemble_unweighted,ar_ch4_dlag7,7.504081612705541,
2022,4,Ensemble_unweighted,fx_DOY_sin,7.2728013408054295,
2022,4,Ensemble_unweighted,ar_ch4_dlag14,7.003553839047522,
2022,4,Ensemble_unweighted,fx_SWC_lag28,6.504095448043728,
2022,4,Ensemble_unweighted,fx_SWC_lag7,6.503711374341821,
2022,4,Ensemble_unweighted,fx_SWC_lag14,6.2508096308700445,
2022,4,Ensemble_unweighted,fx_SWC_mean,5.753493917710056,
2022,4,Ensemble_unweighted,fx_TA_min,4.753018230898082,
2022,4,Ensemble_unweighted,fx_TS_mean,4.005949779454324,
2022,4,Ensemble_unweighted,fx_SWC_roll7,3.7554905607108986,
2022,4,Ensemble_unweighted,fx_SWC_lag21,3.7540421930240315,
2022,4,Ensemble_unweighted,is_t4,3.5035523272609157,
2022,4,Ensemble_unweighted,fx_TS_roll7,3.503137526879066,
2022,4,Ensemble_unweighted,fx_TA_mean,3.2535497978776897,
2022,4,Ensemble_unweighted,fx_TS_roll14,3.0007587861539977,
2022,4,Ensemble_unweighted,fx_SWC_roll14,2.7540649477428545,
2022,4,Ensemble_unweighted,fx_TS_lag7,2.252629613834603,
2022,4,Ensemble_unweighted,fx_TS_lag14,2.000945368473844,
2022,4,Ensemble_unweighted,fx_grazing_active,0.5005659912714855,
2022,4,Ensemble_unweighted,is_t2,0.2533623478240287,
2022,4,Ensemble_unweighted,fx_is_growing,0.16846697411221712,
2022,4,Ensemble_unweighted,fx_is_winter,1.5186936971247283e-05,
2022,4,Ensemble_MASEweighted,ar_ch4_dlag1,76.60522117504495,
2022,4,Ensemble_MASEweighted,fx_USTAR_mean,75.5084065494226,
2022,4,Ensemble_MASEweighted,fx_lsu_dens,61.87233929639912,
2022,4,Ensemble_MASEweighted,fx_WS_mean,44.527442731106056,
2022,4,Ensemble_MASEweighted,ar_ch4_dlag2,36.36601684916966,
2022,4,Ensemble_MASEweighted,ar_ch4_drm7,33.823593788040014,
2022,4,Ensemble_MASEweighted,fx_PRECIP_sum,23.805355732213396,
2022,4,Ensemble_MASEweighted,fx_wd_sin,21.75763632019105,
2022,4,Ensemble_MASEweighted,ar_ch4_dlag3,18.434683500762336,
2022,4,Ensemble_MASEweighted,ar_fc_dlag1,17.91715148471222,
2022,4,Ensemble_MASEweighted,fx_TA_max,16.893733001007796,
2022,4,Ensemble_MASEweighted,fx_TS_lag28,16.387602936931412,
2022,4,Ensemble_MASEweighted,fx_VPD_mean,15.872964703773118,
2022,4,Ensemble_MASEweighted,fx_days_since_grazing,14.339323536085582,
2022,4,Ensemble_MASEweighted,is_t9,12.544738421129114,
2022,4,Ensemble_MASEweighted,fx_wd_cos,12.03161595355693,
2022,4,Ensemble_MASEweighted,fx_PPFD_mean,10.757129549486473,
2022,4,Ensemble_MASEweighted,fx_RN_mean,10.496153387571047,
2022,4,Ensemble_MASEweighted,fx_DOY_cos,10.080204590543842,
2022,4,Ensemble_MASEweighted,fx_SWIN_mean,8.704677142955067,
2022,4,Ensemble_MASEweighted,fx_SHF_mean,8.44893537356983,
2022,4,Ensemble_MASEweighted,fx_TS_lag21,8.192589983292459,
2022,4,Ensemble_MASEweighted,ar_ch4_dlag7,7.681441263130965,
2022,4,Ensemble_MASEweighted,fx_DOY_sin,7.443584353093805,
2022,4,Ensemble_MASEweighted,ar_ch4_dlag14,7.169097989421261,
2022,4,Ensemble_MASEweighted,fx_SWC_lag28,6.65783715249442,
2022,4,Ensemble_MASEweighted,fx_SWC_lag7,6.657473136055469,
2022,4,Ensemble_MASEweighted,fx_SWC_lag14,6.398571896934748,
2022,4,Ensemble_MASEweighted,fx_SWC_mean,5.889491657411029,
2022,4,Ensemble_MASEweighted,fx_TA_min,4.865372993435406,
2022,4,Ensemble_MASEweighted,fx_TS_mean,4.100671084911565,
2022,4,Ensemble_MASEweighted,fx_SWC_roll7,3.8442800320957735,
2022,4,Ensemble_MASEweighted,fx_SWC_lag21,3.8427991832329327,
2022,4,Ensemble_MASEweighted,is_t4,3.586422720350307,
2022,4,Ensemble_MASEweighted,fx_TS_roll7,3.585946636309864,
2022,4,Ensemble_MASEweighted,fx_TA_mean,3.3304557952064795,
2022,4,Ensemble_MASEweighted,fx_TS_roll14,3.071676404716,
2022,4,Ensemble_MASEweighted,fx_SWC_roll14,2.819175027892726,
2022,4,Ensemble_MASEweighted,fx_TS_lag7,2.3058707818404165,
2022,4,Ensemble_MASEweighted,fx_TS_lag14,2.048213962527986,
2022,4,Ensemble_MASEweighted,fx_grazing_active,0.5123757756899997,
2022,4,Ensemble_MASEweighted,is_t2,0.25938601532159455,
2022,4,Ensemble_MASEweighted,fx_is_growing,0.1624831389784246,
2022,4,Ensemble_MASEweighted,fx_is_winter,1.4847673102641323e-05,
2022,4,TFT,dec:dec_24,0.48676756024360657,
2022,4,TFT,enc:enc_18,0.16463890671730042,
2022,4,TFT,enc:enc_27,0.11350729316473007,
2022,4,TFT,enc:enc_9,0.07214498519897461,
2022,4,TFT,dec:dec_2,0.06501391530036926,
2022,4,TFT,enc:enc_13,0.059639040380716324,
2022,4,TFT,enc:enc_1,0.05799560248851776,
2022,4,TFT,dec:dec_19,0.05558313801884651,
2022,4,TFT,dec:dec_15,0.05518711358308792,
2022,4,TFT,enc:enc_21,0.05489804223179817,
2022,4,TFT,enc:enc_15,0.046799030154943466,
2022,4,TFT,enc:enc_8,0.04309115186333656,
2022,4,TFT,enc:enc_20,0.03826539218425751,
2022,4,TFT,dec:dec_10,0.03825342655181885,
2022,4,TFT,enc:enc_10,0.03774009272456169,
2022,4,TFT,dec:dec_7,0.037015728652477264,
2022,4,TFT,dec:dec_13,0.03262050449848175,
2022,4,TFT,enc:enc_11,0.03067544288933277,
2022,4,TFT,enc:enc_23,0.028412064537405968,
2022,4,TFT,dec:dec_23,0.023372473195195198,
2022,4,TFT,enc:enc_6,0.022575803101062775,
2022,4,TFT,enc:enc_24,0.02110939472913742,
2022,4,TFT,enc:enc_29,0.02002703584730625,
2022,4,TFT,enc:enc_22,0.019847411662340164,
2022,4,TFT,dec:dec_12,0.018956145271658897,
2022,4,TFT,enc:enc_26,0.018916232511401176,
2022,4,TFT,dec:dec_1,0.018912730738520622,
2022,4,TFT,enc:enc_2,0.018720585852861404,
2022,4,TFT,enc:enc_25,0.018123148009181023,
2022,4,TFT,dec:dec_16,0.01692945323884487,
2022,4,TFT,dec:dec_0,0.01563771814107895,
2022,4,TFT,enc:enc_17,0.014978531748056412,
2022,4,TFT,enc:enc_28,0.014357833191752434,
2022,4,TFT,dec:dec_14,0.013878727331757545,
2022,4,TFT,enc:enc_19,0.01340253185480833,
2022,4,TFT,dec:dec_3,0.013260153122246265,
2022,4,TFT,dec:dec_22,0.012838120572268963,
2022,4,TFT,dec:dec_9,0.01277086604386568,
2022,4,TFT,dec:dec_18,0.011709975078701973,
2022,4,TFT,dec:dec_6,0.011560509912669659,
2022,4,TFT,enc:enc_3,0.011526325717568398,
2022,4,TFT,enc:enc_0,0.011486844159662724,
2022,4,TFT,enc:enc_14,0.01135473046451807,
2022,4,TFT,enc:enc_5,0.010453490540385246,
2022,4,TFT,dec:dec_21,0.010141843929886818,
2022,4,TFT,dec:dec_8,0.009598961099982262,
2022,4,TFT,dec:dec_5,0.008236544206738472,
2022,4,TFT,dec:dec_11,0.008007245138287544,
2022,4,TFT,dec:dec_17,0.007732688449323177,
2022,4,TFT,enc:enc_4,0.007627240382134914,
2022,4,TFT,enc:enc_7,0.007249346934258938,
2022,4,TFT,dec:dec_4,0.0071641081012785435,
2022,4,TFT,enc:enc_16,0.006818519439548254,
2022,4,TFT,dec:dec_20,0.006127931643277407,
2022,4,TFT,enc:enc_12,0.003617971669882536,
2022,4,TFT,dec:dec_25,0.0027224584482610226,
2022,4,TabPFN,fx_lsu_dens,0.6719274520874023,
2022,4,TabPFN,fx_WS_mean,0.42316341400146484,
2022,4,TabPFN,fx_grazing_active,0.24566650390625,
2022,4,TabPFN,fx_SWIN_mean,0.24181652069091797,
2022,4,TabPFN,fx_is_winter,0.2365264892578125,
2022,4,TabPFN,fx_RN_mean,0.1424083709716797,
2022,4,TabPFN,fx_wd_cos,0.14039325714111328,
2022,4,TabPFN,fx_USTAR_mean,0.12257766723632812,
2022,4,TabPFN,fx_TA_max,0.11085224151611328,
2022,4,TabPFN,fx_days_since_grazing,0.06473159790039062,
2022,4,TabPFN,fx_VPD_mean,0.04804801940917969,
2022,4,TabPFN,fx_TA_mean,0.04793357849121094,
2022,4,TabPFN,fx_PPFD_mean,0.047852516174316406,
2022,4,TabPFN,fx_is_growing,0.04569244384765625,
2022,4,TabPFN,fx_TA_min,0.03965282440185547,
2022,4,TabPFN,fx_wd_sin,0.03889656066894531,
2022,4,TabPFN,fx_DOY_cos,0.018636703491210938,
2022,4,TabPFN,fx_SHF_mean,0.01229095458984375,
2022,4,TabPFN,fx_DOY_sin,0.00185394287109375,
2022,4,TabPFN,fx_PRECIP_sum,0.00021266937255859375,
2022,4,TabPFN,fx_SWC_lag14,0.0,
2022,4,TabPFN,fx_TS_mean,0.0,
2022,4,TabPFN,fx_SWC_mean,0.0,
2022,4,TabPFN,fx_TS_lag7,0.0,
2022,4,TabPFN,fx_SWC_lag7,0.0,
2022,4,TabPFN,fx_TS_lag14,0.0,
2022,4,TabPFN,fx_SWC_roll14,0.0,
2022,4,TabPFN,fx_TS_roll7,0.0,
2022,4,TabPFN,fx_SWC_roll7,0.0,
2022,4,TabPFN,fx_TS_lag28,0.0,
2022,4,TabPFN,fx_SWC_lag28,0.0,
2022,4,TabPFN,fx_TS_lag21,0.0,
2022,4,TabPFN,fx_SWC_lag21,0.0,
2022,4,TabPFN,fx_TS_roll14,0.0,
2022,9,SARIMAX,fx_USTAR_mean,95.81722358557255,3.9661575936632595e-86
2022,9,SARIMAX,fx_lsu_dens,23.338975963481836,1.3220523615355398e-126
2022,9,SARIMAX,fx_is_growing,3.2819512933038633,0.6893177502864349
2022,9,SARIMAX,fx_DOY_sin,2.7612593035766264,0.731511429999512
2022,9,SARIMAX,fx_WS_mean,2.378274007216185,4.928814092862111e-06
2022,9,SARIMAX,fx_VPD_mean,2.1548926629050627,0.0009604442331008169
2022,9,SARIMAX,fx_PPFD_mean,0.011188644622413256,0.14485782975337919
2022,9,SARIMAX,fx_DOY_cos,0.0021605202931472313,0.9998275533246394
2022,9,Ensemble_unweighted,fx_USTAR_mean,78.72107028748263,
2022,9,Ensemble_unweighted,ar_ch4_dlag1,74.83801018647762,
2022,9,Ensemble_unweighted,fx_lsu_dens,61.50952696847997,
2022,9,Ensemble_unweighted,fx_WS_mean,42.603322156100376,
2022,9,Ensemble_unweighted,ar_ch4_dlag2,35.52664256236502,
2022,9,Ensemble_unweighted,ar_ch4_drm7,33.043391852536935,
2022,9,Ensemble_unweighted,fx_PRECIP_sum,23.255533248749078,
2022,9,Ensemble_unweighted,fx_wd_sin,21.255139511058875,
2022,9,Ensemble_unweighted,ar_ch4_dlag3,18.009037999921883,
2022,9,Ensemble_unweighted,ar_fc_dlag1,17.50331911050515,
2022,9,Ensemble_unweighted,fx_TA_max,16.50353840112809,
2022,9,Ensemble_unweighted,fx_VPD_mean,16.042530812317423,
2022,9,Ensemble_unweighted,fx_TS_lag28,16.00916915620974,
2022,9,Ensemble_unweighted,fx_days_since_grazing,14.008155313692054,
2022,9,Ensemble_unweighted,is_t9,12.254941962837322,
2022,9,Ensemble_unweighted,fx_wd_cos,11.75376037771034,
2022,9,Ensemble_unweighted,fx_PPFD_mean,10.50611755345773,
2022,9,Ensemble_unweighted,fx_RN_mean,10.253719743311352,
2022,9,Ensemble_unweighted,fx_DOY_cos,9.003761358948433,
2022,9,Ensemble_unweighted,fx_SWIN_mean,8.503644520433282,
2022,9,Ensemble_unweighted,fx_SHF_mean,8.25379469216013,
2022,9,Ensemble_unweighted,fx_TS_lag21,8.003392519193822,
2022,9,Ensemble_unweighted,fx_DOY_sin,7.943567839305896,
2022,9,Ensemble_unweighted,ar_ch4_dlag7,7.504081612705541,
2022,9,Ensemble_unweighted,ar_ch4_dlag14,7.003553839047522,
2022,9,Ensemble_unweighted,fx_SWC_lag28,6.504095448043728,
2022,9,Ensemble_unweighted,fx_SWC_lag7,6.503711374341821,
2022,9,Ensemble_unweighted,fx_SWC_lag14,6.2508096308700445,
2022,9,Ensemble_unweighted,fx_SWC_mean,5.753493917710056,
2022,9,Ensemble_unweighted,fx_TA_min,4.753018230898082,
2022,9,Ensemble_unweighted,fx_TS_mean,4.005949779454324,
2022,9,Ensemble_unweighted,fx_SWC_roll7,3.7554905607108986,
2022,9,Ensemble_unweighted,fx_SWC_lag21,3.7540421930240315,
2022,9,Ensemble_unweighted,is_t4,3.5035523272609157,
2022,9,Ensemble_unweighted,fx_TS_roll7,3.503137526879066,
2022,9,Ensemble_unweighted,fx_TA_mean,3.2535497978776897,
2022,9,Ensemble_unweighted,fx_TS_roll14,3.0007587861539977,
2022,9,Ensemble_unweighted,fx_SWC_roll14,2.7540649477428545,
2022,9,Ensemble_unweighted,fx_TS_lag7,2.252629613834603,
2022,9,Ensemble_unweighted,fx_TS_lag14,2.000945368473844,
2022,9,Ensemble_unweighted,fx_is_growing,0.8205648635001225,
2022,9,Ensemble_unweighted,fx_grazing_active,0.5005659912714855,
2022,9,Ensemble_unweighted,is_t2,0.2533623478240287,
2022,9,Ensemble_unweighted,fx_is_winter,1.5186936971247283e-05,
2022,9,Ensemble_MASEweighted,fx_USTAR_mean,79.16475070837427,
2022,9,Ensemble_MASEweighted,ar_ch4_dlag1,76.60522117504495,
2022,9,Ensemble_MASEweighted,fx_lsu_dens,62.61559719625257,
2022,9,Ensemble_MASEweighted,fx_WS_mean,43.575335912344045,
2022,9,Ensemble_MASEweighted,ar_ch4_dlag2,36.36601684916966,
2022,9,Ensemble_MASEweighted,ar_ch4_drm7,33.823593788040014,
2022,9,Ensemble_MASEweighted,fx_PRECIP_sum,23.805355732213396,
2022,9,Ensemble_MASEweighted,fx_wd_sin,21.75763632019105,
2022,9,Ensemble_MASEweighted,ar_ch4_dlag3,18.434683500762336,
2022,9,Ensemble_MASEweighted,ar_fc_dlag1,17.91715148471222,
2022,9,Ensemble_MASEweighted,fx_TA_max,16.893733001007796,
2022,9,Ensemble_MASEweighted,fx_VPD_mean,16.389895076272314,
2022,9,Ensemble_MASEweighted,fx_TS_lag28,16.387602936931412,
2022,9,Ensemble_MASEweighted,fx_days_since_grazing,14.339323536085582,
2022,9,Ensemble_MASEweighted,is_t9,12.544738421129114,
2022,9,Ensemble_MASEweighted,fx_wd_cos,12.03161595355693,
2022,9,Ensemble_MASEweighted,fx_PPFD_mean,10.754338904525394,
2022,9,Ensemble_MASEweighted,fx_RN_mean,10.496153387571047,
2022,9,Ensemble_MASEweighted,fx_DOY_cos,9.216590180290208,
2022,9,Ensemble_MASEweighted,fx_SWIN_mean,8.704677142955067,
2022,9,Ensemble_MASEweighted,fx_SHF_mean,8.44893537356983,
2022,9,Ensemble_MASEweighted,fx_TS_lag21,8.192589983292459,
2022,9,Ensemble_MASEweighted,fx_DOY_sin,8.090521625896518,
2022,9,Ensemble_MASEweighted,ar_ch4_dlag7,7.681441263130965,
2022,9,Ensemble_MASEweighted,ar_ch4_dlag14,7.169097989421261,
2022,9,Ensemble_MASEweighted,fx_SWC_lag28,6.65783715249442,
2022,9,Ensemble_MASEweighted,fx_SWC_lag7,6.657473136055469,
2022,9,Ensemble_MASEweighted,fx_SWC_lag14,6.398571896934748,
2022,9,Ensemble_MASEweighted,fx_SWC_mean,5.889491657411029,
2022,9,Ensemble_MASEweighted,fx_TA_min,4.865372993435406,
2022,9,Ensemble_MASEweighted,fx_TS_mean,4.100671084911565,
2022,9,Ensemble_MASEweighted,fx_SWC_roll7,3.8442800320957735,
2022,9,Ensemble_MASEweighted,fx_SWC_lag21,3.8427991832329327,
2022,9,Ensemble_MASEweighted,is_t4,3.586422720350307,
2022,9,Ensemble_MASEweighted,fx_TS_roll7,3.585946636309864,
2022,9,Ensemble_MASEweighted,fx_TA_mean,3.3304557952064795,
2022,9,Ensemble_MASEweighted,fx_TS_roll14,3.071676404716,
2022,9,Ensemble_MASEweighted,fx_SWC_roll14,2.819175027892726,
2022,9,Ensemble_MASEweighted,fx_TS_lag7,2.3058707818404165,
2022,9,Ensemble_MASEweighted,fx_TS_lag14,2.048213962527986,
2022,9,Ensemble_MASEweighted,fx_is_growing,0.7914150118494165,
2022,9,Ensemble_MASEweighted,fx_grazing_active,0.5123757756899997,
2022,9,Ensemble_MASEweighted,is_t2,0.25938601532159455,
2022,9,Ensemble_MASEweighted,fx_is_winter,1.4847673102641323e-05,
2022,9,TFT,dec:dec_25,0.3363315463066101,
2022,9,TFT,enc:enc_27,0.19362033903598785,
2022,9,TFT,dec:dec_13,0.115387462079525,
2022,9,TFT,enc:enc_10,0.10301705449819565,
2022,9,TFT,enc:enc_19,0.09960939735174179,
2022,9,TFT,enc:enc_0,0.08222874253988266,
2022,9,TFT,enc:enc_5,0.07778511941432953,
2022,9,TFT,dec:dec_16,0.06584654748439789,
2022,9,TFT,dec:dec_21,0.054870396852493286,
2022,9,TFT,enc:enc_9,0.050828952342271805,
2022,9,TFT,dec:dec_18,0.04861285910010338,
2022,9,TFT,dec:dec_17,0.04460978880524635,
2022,9,TFT,dec:dec_2,0.04385204240679741,
2022,9,TFT,dec:dec_14,0.03695197030901909,
2022,9,TFT,enc:enc_29,0.031850602477788925,
2022,9,TFT,dec:dec_0,0.030862469226121902,
2022,9,TFT,enc:enc_25,0.029149416834115982,
2022,9,TFT,dec:dec_15,0.027754733338952065,
2022,9,TFT,enc:enc_6,0.027059556916356087,
2022,9,TFT,dec:dec_9,0.023745449259877205,
2022,9,TFT,enc:enc_18,0.02318182773888111,
2022,9,TFT,enc:enc_8,0.02195742353796959,
2022,9,TFT,enc:enc_23,0.021301615983247757,
2022,9,TFT,dec:dec_7,0.020552456378936768,
2022,9,TFT,enc:enc_1,0.019728124141693115,
2022,9,TFT,enc:enc_4,0.018289007246494293,
2022,9,TFT,enc:enc_20,0.01796358823776245,
2022,9,TFT,enc:enc_12,0.0176477562636137,
2022,9,TFT,dec:dec_10,0.0172797292470932,
2022,9,TFT,dec:dec_20,0.01727001741528511,
2022,9,TFT,enc:enc_22,0.016891008242964745,
2022,9,TFT,dec:dec_22,0.01656072400510311,
2022,9,TFT,enc:enc_28,0.015830961987376213,
2022,9,TFT,dec:dec_3,0.01579568348824978,
2022,9,TFT,enc:enc_3,0.015513893216848373,
2022,9,TFT,enc:enc_26,0.014723706059157848,
2022,9,TFT,enc:enc_13,0.014707122929394245,
2022,9,TFT,dec:dec_19,0.014102207496762276,
2022,9,TFT,enc:enc_21,0.013243564404547215,
2022,9,TFT,enc:enc_7,0.01276373490691185,
2022,9,TFT,enc:enc_15,0.011855710297822952,
2022,9,TFT,enc:enc_11,0.01170140877366066,
2022,9,TFT,dec:dec_6,0.010823482647538185,
2022,9,TFT,dec:dec_1,0.009676815941929817,
2022,9,TFT,enc:enc_14,0.009671065025031567,
2022,9,TFT,dec:dec_5,0.008852377533912659,
2022,9,TFT,dec:dec_11,0.008810695260763168,
2022,9,TFT,enc:enc_17,0.008357423357665539,
2022,9,TFT,dec:dec_24,0.008125610649585724,
2022,9,TFT,enc:enc_24,0.008055830374360085,
2022,9,TFT,enc:enc_16,0.007928653620183468,
2022,9,TFT,dec:dec_12,0.0063432310707867146,
2022,9,TFT,dec:dec_23,0.006247108802199364,
2022,9,TFT,dec:dec_8,0.006236494984477758,
2022,9,TFT,dec:dec_4,0.004498159047216177,
2022,9,TFT,enc:enc_2,0.003537412267178297,
2022,9,TabPFN,fx_lsu_dens,2.2418766021728516,
2022,9,TabPFN,fx_grazing_active,1.0379829406738281,
2022,9,TabPFN,fx_wd_cos,0.7499675750732422,
2022,9,TabPFN,fx_is_winter,0.247283935546875,
2022,9,TabPFN,fx_DOY_sin,0.20484161376953125,
2022,9,TabPFN,fx_days_since_grazing,0.1482410430908203,
2022,9,TabPFN,fx_RN_mean,0.13396835327148438,
2022,9,TabPFN,fx_is_growing,0.12118721008300781,
2022,9,TabPFN,fx_WS_mean,0.057743072509765625,
2022,9,TabPFN,fx_DOY_cos,0.04529762268066406,
2022,9,TabPFN,fx_TA_min,0.03301811218261719,
2022,9,TabPFN,fx_SWIN_mean,0.027109146118164062,
2022,9,TabPFN,fx_SHF_mean,0.0262298583984375,
2022,9,TabPFN,fx_USTAR_mean,0.023607254028320312,
2022,9,TabPFN,fx_PPFD_mean,0.02211761474609375,
2022,9,TabPFN,fx_TA_max,0.012630462646484375,
2022,9,TabPFN,fx_TA_mean,0.007989883422851562,
2022,9,TabPFN,fx_VPD_mean,0.0072460174560546875,
2022,9,TabPFN,fx_wd_sin,0.0018100738525390625,
2022,9,TabPFN,fx_TS_lag7,0.0,
2022,9,TabPFN,fx_SWC_lag14,0.0,
2022,9,TabPFN,fx_PRECIP_sum,0.0,
2022,9,TabPFN,fx_TS_mean,0.0,
2022,9,TabPFN,fx_SWC_mean,0.0,
2022,9,TabPFN,fx_SWC_lag7,0.0,
2022,9,TabPFN,fx_TS_lag14,0.0,
2022,9,TabPFN,fx_SWC_roll14,0.0,
2022,9,TabPFN,fx_TS_roll7,0.0,
2022,9,TabPFN,fx_SWC_roll7,0.0,
2022,9,TabPFN,fx_TS_lag28,0.0,
2022,9,TabPFN,fx_SWC_lag28,0.0,
2022,9,TabPFN,fx_TS_lag21,0.0,
2022,9,TabPFN,fx_SWC_lag21,0.0,
2022,9,TabPFN,fx_TS_roll14,0.0,
