bin,n,R2,RMSE,MAE,MASE,WAPE,Correlation,model,anchor_year,tower,variant,real_frac
1-7,7,0.188,22.972,20.231,0.6629,0.6075,0.437,RF,2018,2,A_removal,0.8571428571428571
8-30,23,-1.199,11.612,10.601,0.2288,1.2021,0.247,RF,2018,2,A_removal,0.9130434782608696
31-90,60,0.124,20.682,13.976,0.4019,0.554,0.524,RF,2018,2,A_removal,0.5333333333333333
91-180,90,-2.011,15.56,13.609,0.2738,1.7278,0.316,RF,2018,2,A_removal,0.4777777777777778
181-270,90,-0.978,6.773,4.506,0.087,0.9261,0.129,RF,2018,2,A_removal,0.0
271-365,95,-0.78,13.991,11.684,0.2585,1.1434,0.206,RF,2018,2,A_removal,0.0
1-7,7,-0.081,26.517,22.822,0.7478,0.6853,0.122,XGB,2018,2,A_removal,0.8571428571428571
8-30,23,-0.115,8.267,7.414,0.16,0.8407,0.434,XGB,2018,2,A_removal,0.9130434782608696
31-90,60,-0.065,22.805,14.239,0.4095,0.5644,0.507,XGB,2018,2,A_removal,0.5333333333333333
91-180,90,-0.625,11.43,9.145,0.184,1.1611,0.324,XGB,2018,2,A_removal,0.4777777777777778
181-270,90,-2.671,9.228,7.647,0.1476,1.5714,-0.207,XGB,2018,2,A_removal,0.0
271-365,95,-0.32,12.048,8.268,0.183,0.8091,0.18,XGB,2018,2,A_removal,0.0
1-7,7,0.071,24.578,21.847,0.7158,0.656,0.283,LightGBM,2018,2,A_removal,0.8571428571428571
8-30,23,-0.217,8.638,7.71,0.1664,0.8744,0.432,LightGBM,2018,2,A_removal,0.9130434782608696
31-90,60,0.009,22.0,13.518,0.3887,0.5358,0.511,LightGBM,2018,2,A_removal,0.5333333333333333
91-180,90,-0.977,12.609,10.358,0.2084,1.315,0.217,LightGBM,2018,2,A_removal,0.4777777777777778
181-270,90,-1.821,8.09,6.408,0.1237,1.3169,-0.039,LightGBM,2018,2,A_removal,0.0
271-365,95,-0.221,11.586,8.411,0.1861,0.823,0.293,LightGBM,2018,2,A_removal,0.0
1-7,7,-0.193,27.852,19.862,0.6508,0.5964,-0.015,SARIMAX,2018,2,A_removal,0.8571428571428571
8-30,23,-1.463,12.289,11.364,0.2453,1.2887,-0.514,SARIMAX,2018,2,A_removal,0.9130434782608696
31-90,60,-0.03,22.423,14.983,0.4309,0.5939,0.219,SARIMAX,2018,2,A_removal,0.5333333333333333
91-180,90,-6.059,23.823,21.846,0.4395,2.7735,-0.183,SARIMAX,2018,2,A_removal,0.4777777777777778
181-270,90,-17.603,20.773,20.228,0.3905,4.1569,0.211,SARIMAX,2018,2,A_removal,0.0
271-365,95,-0.393,12.375,9.145,0.2024,0.8949,-0.069,SARIMAX,2018,2,A_removal,0.0
1-7,7,0.026,25.164,21.191,0.6943,0.6363,0.221,Ensemble_unweighted,2018,2,A_removal,0.8571428571428571
8-30,23,-0.628,9.992,9.216,0.1989,1.0451,0.404,Ensemble_unweighted,2018,2,A_removal,0.9130434782608696
31-90,60,0.031,21.749,13.896,0.3996,0.5508,0.536,Ensemble_unweighted,2018,2,A_removal,0.5333333333333333
91-180,90,-1.976,15.469,13.392,0.2695,1.7002,0.249,Ensemble_unweighted,2018,2,A_removal,0.4777777777777778
181-270,90,-3.631,10.364,9.034,0.1744,1.8566,-0.002,Ensemble_unweighted,2018,2,A_removal,0.0
271-365,95,-0.326,12.077,9.285,0.2055,0.9086,0.22,Ensemble_unweighted,2018,2,A_removal,0.0
1-7,7,0.026,25.168,21.226,0.6955,0.6373,0.22,Ensemble_MASEweighted,2018,2,A_removal,0.8571428571428571
8-30,23,-0.611,9.94,9.164,0.1978,1.0392,0.406,Ensemble_MASEweighted,2018,2,A_removal,0.9130434782608696
31-90,60,0.03,21.76,13.883,0.3992,0.5503,0.536,Ensemble_MASEweighted,2018,2,A_removal,0.5333333333333333
91-180,90,-1.928,15.343,13.258,0.2668,1.6832,0.251,Ensemble_MASEweighted,2018,2,A_removal,0.4777777777777778
181-270,90,-3.557,10.281,8.943,0.1727,1.8379,-0.008,Ensemble_MASEweighted,2018,2,A_removal,0.0
271-365,95,-0.324,12.068,9.26,0.2049,0.9061,0.221,Ensemble_MASEweighted,2018,2,A_removal,0.0
1-7,7,0.064,24.672,18.663,0.6115,0.5604,0.335,RF,2018,2,B_resample,0.8571428571428571
8-30,23,-1.371,12.056,11.136,0.2404,1.2628,0.074,RF,2018,2,B_resample,0.9130434782608696
31-90,60,0.118,20.752,13.683,0.3935,0.5424,0.507,RF,2018,2,B_resample,0.5333333333333333
91-180,90,-0.722,11.767,9.747,0.1961,1.2374,0.27,RF,2018,2,B_resample,0.4777777777777778
181-270,90,-0.455,5.809,4.277,0.0826,0.879,0.046,RF,2018,2,B_resample,0.0
271-365,95,0.127,9.796,5.241,0.116,0.5128,0.385,RF,2018,2,B_resample,0.0
1-7,7,-0.18,27.7,21.518,0.705,0.6461,0.016,XGB,2018,2,B_resample,0.8571428571428571
8-30,23,-0.121,8.289,7.505,0.162,0.8511,0.46,XGB,2018,2,B_resample,0.9130434782608696
31-90,60,-0.079,22.952,14.168,0.4074,0.5616,0.54,XGB,2018,2,B_resample,0.5333333333333333
91-180,90,-0.472,10.878,8.611,0.1733,1.0932,0.274,XGB,2018,2,B_resample,0.4777777777777778
181-270,90,-2.446,8.94,7.866,0.1519,1.6164,-0.121,XGB,2018,2,B_resample,0.0
271-365,95,-0.026,10.62,5.265,0.1165,0.5152,0.164,XGB,2018,2,B_resample,0.0
1-7,7,-0.19,27.822,20.04,0.6566,0.6017,-0.065,LightGBM,2018,2,B_resample,0.8571428571428571
8-30,23,-0.16,8.433,7.611,0.1643,0.8631,0.471,LightGBM,2018,2,B_resample,0.9130434782608696
31-90,60,-0.032,22.442,13.709,0.3942,0.5434,0.571,LightGBM,2018,2,B_resample,0.5333333333333333
91-180,90,-0.569,11.231,9.129,0.1837,1.1591,0.204,LightGBM,2018,2,B_resample,0.4777777777777778
181-270,90,-1.946,8.266,7.237,0.1397,1.4873,-0.095,LightGBM,2018,2,B_resample,0.0
271-365,95,0.06,10.169,5.033,0.1114,0.4925,0.25,LightGBM,2018,2,B_resample,0.0
1-7,7,-0.162,27.494,19.577,0.6414,0.5878,0.019,SARIMAX,2018,2,B_resample,0.8571428571428571
8-30,23,-7.371,22.654,20.465,0.4417,2.3207,-0.544,SARIMAX,2018,2,B_resample,0.9130434782608696
31-90,60,-0.258,24.778,21.675,0.6233,0.8592,0.235,SARIMAX,2018,2,B_resample,0.5333333333333333
91-180,90,-12.238,32.625,31.009,0.6239,3.9369,-0.247,SARIMAX,2018,2,B_resample,0.4777777777777778
181-270,90,-18.554,21.298,20.55,0.3967,4.2231,0.11,SARIMAX,2018,2,B_resample,0.0
271-365,95,-0.209,11.53,8.437,0.1867,0.8257,0.035,SARIMAX,2018,2,B_resample,0.0
1-7,7,-0.105,26.81,19.949,0.6536,0.599,0.07,Ensemble_unweighted,2018,2,B_resample,0.8571428571428571
8-30,23,-1.483,12.338,11.41,0.2463,1.2939,-0.518,Ensemble_unweighted,2018,2,B_resample,0.9130434782608696
31-90,60,0.114,20.801,13.969,0.4017,0.5537,0.512,Ensemble_unweighted,2018,2,B_resample,0.5333333333333333
91-180,90,-2.128,15.859,13.783,0.2773,1.7499,0.159,Ensemble_unweighted,2018,2,B_resample,0.4777777777777778
181-270,90,-3.569,10.295,9.326,0.18,1.9165,-0.025,Ensemble_unweighted,2018,2,B_resample,0.0
271-365,95,0.062,10.154,5.636,0.1247,0.5516,0.292,Ensemble_unweighted,2018,2,B_resample,0.0
1-7,7,-0.107,26.83,19.974,0.6544,0.5997,0.067,Ensemble_MASEweighted,2018,2,B_resample,0.8571428571428571
8-30,23,-1.423,12.189,11.281,0.2435,1.2792,-0.512,Ensemble_MASEweighted,2018,2,B_resample,0.9130434782608696
31-90,60,0.111,20.827,13.911,0.4,0.5514,0.515,Ensemble_MASEweighted,2018,2,B_resample,0.5333333333333333
91-180,90,-2.054,15.669,13.59,0.2734,1.7253,0.163,Ensemble_MASEweighted,2018,2,B_resample,0.4777777777777778
181-270,90,-3.495,10.211,9.251,0.1786,1.9011,-0.031,Ensemble_MASEweighted,2018,2,B_resample,0.0
271-365,95,0.062,10.155,5.606,0.1241,0.5486,0.289,Ensemble_MASEweighted,2018,2,B_resample,0.0
1-7,7,-0.112,22.472,19.741,1.3554,0.6073,0.088,RF,2018,4,A_removal,0.1428571428571428
8-30,23,0.317,9.755,8.408,0.7304,0.5183,0.788,RF,2018,4,A_removal,0.3043478260869565
31-90,60,0.086,17.914,13.333,0.9143,0.621,0.365,RF,2018,4,A_removal,0.55
91-180,90,-0.754,18.782,15.476,1.0291,1.2602,0.463,RF,2018,4,A_removal,0.9222222222222224
181-270,90,0.022,54.688,41.236,0.7763,0.6164,0.44,RF,2018,4,A_removal,0.8
271-365,95,0.126,36.667,25.266,0.9406,0.7566,0.403,RF,2018,4,A_removal,0.7052631578947368
1-7,7,-0.343,24.693,21.609,1.4837,0.6648,-0.145,XGB,2018,4,A_removal,0.1428571428571428
8-30,23,0.421,8.978,7.071,0.6142,0.4359,0.783,XGB,2018,4,A_removal,0.3043478260869565
31-90,60,-0.159,20.169,13.254,0.909,0.6173,0.23,XGB,2018,4,A_removal,0.55
91-180,90,-0.267,15.962,12.07,0.8026,0.9828,0.468,XGB,2018,4,A_removal,0.9222222222222224
181-270,90,-0.049,56.639,40.427,0.761,0.6043,0.387,XGB,2018,4,A_removal,0.8
271-365,95,0.076,37.7,25.217,0.9387,0.7551,0.287,XGB,2018,4,A_removal,0.7052631578947368
1-7,7,-0.221,23.547,20.336,1.3963,0.6257,-0.05,LightGBM,2018,4,A_removal,0.1428571428571428
8-30,23,0.357,9.463,7.715,0.6701,0.4756,0.775,LightGBM,2018,4,A_removal,0.3043478260869565
31-90,60,-0.143,20.026,13.187,0.9044,0.6142,0.27,LightGBM,2018,4,A_removal,0.55
91-180,90,-0.369,16.597,12.874,0.8561,1.0483,0.446,LightGBM,2018,4,A_removal,0.9222222222222224
181-270,90,-0.095,57.859,41.312,0.7777,0.6176,0.431,LightGBM,2018,4,A_removal,0.8
271-365,95,0.079,37.637,25.097,0.9343,0.7515,0.309,LightGBM,2018,4,A_removal,0.7052631578947368
1-7,7,-0.164,22.993,20.955,1.4388,0.6447,0.068,SARIMAX,2018,4,A_removal,0.1428571428571428
8-30,23,-1.121,17.19,15.383,1.3362,0.9483,0.777,SARIMAX,2018,4,A_removal,0.3043478260869565
31-90,60,-0.079,19.463,15.211,1.0432,0.7085,-0.67,SARIMAX,2018,4,A_removal,0.55
91-180,90,-1.494,22.398,20.047,1.333,1.6323,0.435,SARIMAX,2018,4,A_removal,0.9222222222222224
181-270,90,0.188,49.835,38.735,0.7292,0.579,0.493,SARIMAX,2018,4,A_removal,0.8
271-365,95,0.251,33.95,26.412,0.9832,0.7909,0.595,SARIMAX,2018,4,A_removal,0.7052631578947368
1-7,7,-0.162,22.964,20.66,1.4185,0.6356,-0.039,Ensemble_unweighted,2018,4,A_removal,0.1428571428571428
8-30,23,0.157,10.834,9.168,0.7964,0.5652,0.789,Ensemble_unweighted,2018,4,A_removal,0.3043478260869565
31-90,60,-0.027,18.986,13.272,0.9102,0.6182,0.235,Ensemble_unweighted,2018,4,A_removal,0.55
91-180,90,-0.618,18.039,14.867,0.9886,1.2106,0.47,Ensemble_unweighted,2018,4,A_removal,0.9222222222222224
181-270,90,0.057,53.714,39.402,0.7417,0.589,0.442,Ensemble_unweighted,2018,4,A_removal,0.8
271-365,95,0.201,35.065,24.141,0.8987,0.7229,0.499,Ensemble_unweighted,2018,4,A_removal,0.7052631578947368
1-7,7,-0.165,22.995,20.669,1.4191,0.6359,-0.041,Ensemble_MASEweighted,2018,4,A_removal,0.1428571428571428
8-30,23,0.168,10.768,9.093,0.7898,0.5605,0.789,Ensemble_MASEweighted,2018,4,A_removal,0.3043478260869565
31-90,60,-0.029,19.006,13.25,0.9086,0.6171,0.237,Ensemble_MASEweighted,2018,4,A_removal,0.55
91-180,90,-0.606,17.972,14.778,0.9827,1.2033,0.47,Ensemble_MASEweighted,2018,4,A_removal,0.9222222222222224
181-270,90,0.054,53.793,39.418,0.742,0.5892,0.441,Ensemble_MASEweighted,2018,4,A_removal,0.8
271-365,95,0.198,35.135,24.157,0.8993,0.7234,0.495,Ensemble_MASEweighted,2018,4,A_removal,0.7052631578947368
1-7,7,-0.01,21.416,17.89,1.2283,0.5504,0.061,RF,2018,4,B_resample,0.1428571428571428
8-30,23,0.387,9.239,7.626,0.6624,0.4701,0.81,RF,2018,4,B_resample,0.3043478260869565
31-90,60,0.002,18.717,12.786,0.8768,0.5955,0.283,RF,2018,4,B_resample,0.55
91-180,90,-0.4,16.781,12.745,0.8475,1.0377,0.443,RF,2018,4,B_resample,0.9222222222222224
181-270,90,-0.601,69.965,53.383,1.0049,0.798,0.362,RF,2018,4,B_resample,0.8
271-365,95,0.12,36.804,24.349,0.9064,0.7291,0.425,RF,2018,4,B_resample,0.7052631578947368
1-7,7,-0.19,23.241,19.685,1.3516,0.6056,-0.187,XGB,2018,4,B_resample,0.1428571428571428
8-30,23,0.491,8.419,6.513,0.5658,0.4015,0.776,XGB,2018,4,B_resample,0.3043478260869565
31-90,60,-0.225,20.733,13.688,0.9387,0.6375,0.246,XGB,2018,4,B_resample,0.55
91-180,90,-0.202,15.548,11.508,0.7653,0.9371,0.466,XGB,2018,4,B_resample,0.9222222222222224
181-270,90,-0.268,62.277,46.659,0.8784,0.6975,0.346,XGB,2018,4,B_resample,0.8
271-365,95,0.121,36.777,23.297,0.8673,0.6976,0.444,XGB,2018,4,B_resample,0.7052631578947368
1-7,7,-0.028,21.608,15.3,1.0505,0.4707,0.171,LightGBM,2018,4,B_resample,0.1428571428571428
8-30,23,0.413,9.043,7.429,0.6453,0.4579,0.768,LightGBM,2018,4,B_resample,0.3043478260869565
31-90,60,-0.223,20.718,13.709,0.9402,0.6385,0.184,LightGBM,2018,4,B_resample,0.55
91-180,90,-0.391,16.729,12.188,0.8104,0.9924,0.407,LightGBM,2018,4,B_resample,0.9222222222222224
181-270,90,-0.781,73.802,56.769,1.0687,0.8486,0.373,LightGBM,2018,4,B_resample,0.8
271-365,95,0.129,36.617,23.452,0.873,0.7023,0.561,LightGBM,2018,4,B_resample,0.7052631578947368
1-7,7,-0.173,23.076,21.054,1.4456,0.6477,0.199,SARIMAX,2018,4,B_resample,0.1428571428571428
8-30,23,-0.985,16.627,14.567,1.2654,0.898,0.787,SARIMAX,2018,4,B_resample,0.3043478260869565
31-90,60,-0.162,20.191,14.721,1.0096,0.6857,-0.608,SARIMAX,2018,4,B_resample,0.55
91-180,90,-0.812,19.094,16.48,1.0959,1.3419,0.432,SARIMAX,2018,4,B_resample,0.9222222222222224
181-270,90,0.2,49.455,37.542,0.7067,0.5612,0.491,SARIMAX,2018,4,B_resample,0.8
271-365,95,0.261,33.73,25.771,0.9594,0.7717,0.585,SARIMAX,2018,4,B_resample,0.7052631578947368
1-7,7,-0.026,21.581,18.482,1.269,0.5686,-0.042,Ensemble_unweighted,2018,4,B_resample,0.1428571428571428
8-30,23,0.255,10.189,8.394,0.7291,0.5174,0.79,Ensemble_unweighted,2018,4,B_resample,0.3043478260869565
31-90,60,-0.129,19.901,13.388,0.9181,0.6236,0.139,Ensemble_unweighted,2018,4,B_resample,0.55
91-180,90,-0.387,16.703,12.926,0.8595,1.0525,0.449,Ensemble_unweighted,2018,4,B_resample,0.9222222222222224
181-270,90,-0.256,61.969,47.087,0.8864,0.7039,0.391,Ensemble_unweighted,2018,4,B_resample,0.8
271-365,95,0.232,34.38,22.792,0.8485,0.6825,0.555,Ensemble_unweighted,2018,4,B_resample,0.7052631578947368
1-7,7,-0.027,21.591,18.454,1.2671,0.5678,-0.046,Ensemble_MASEweighted,2018,4,B_resample,0.1428571428571428
8-30,23,0.264,10.125,8.327,0.7233,0.5133,0.79,Ensemble_MASEweighted,2018,4,B_resample,0.3043478260869565
31-90,60,-0.131,19.918,13.38,0.9176,0.6232,0.143,Ensemble_MASEweighted,2018,4,B_resample,0.55
91-180,90,-0.382,16.676,12.882,0.8566,1.0489,0.449,Ensemble_MASEweighted,2018,4,B_resample,0.9222222222222224
181-270,90,-0.262,62.132,47.206,0.8887,0.7057,0.39,Ensemble_MASEweighted,2018,4,B_resample,0.8
271-365,95,0.229,34.441,22.8,0.8488,0.6827,0.554,Ensemble_MASEweighted,2018,4,B_resample,0.7052631578947368
1-7,7,0.037,56.636,46.39,1.6303,1.0204,0.443,RF,2018,9,A_removal,0.0
8-30,23,0.006,45.974,30.079,1.5871,0.9856,0.307,RF,2018,9,A_removal,0.0
31-90,60,0.022,43.037,22.216,0.905,0.6002,0.618,RF,2018,9,A_removal,0.0
91-180,90,0.109,10.521,6.998,0.9311,0.4585,0.41,RF,2018,9,A_removal,0.0
181-270,90,0.105,53.567,40.863,0.5117,0.4276,0.737,RF,2018,9,A_removal,0.0
271-365,95,0.28,23.271,17.675,0.9217,0.5963,0.627,RF,2018,9,A_removal,0.0
1-7,7,0.224,50.849,34.774,1.2221,0.7649,0.868,XGB,2018,9,A_removal,0.0
8-30,23,0.15,42.51,16.425,0.8666,0.5382,0.526,XGB,2018,9,A_removal,0.0
31-90,60,-0.055,44.7,23.289,0.9487,0.6292,0.626,XGB,2018,9,A_removal,0.0
91-180,90,0.022,11.023,6.127,0.8152,0.4014,0.281,XGB,2018,9,A_removal,0.0
181-270,90,0.527,38.942,29.819,0.3734,0.312,0.803,XGB,2018,9,A_removal,0.0
271-365,95,0.291,23.092,16.032,0.8361,0.5409,0.569,XGB,2018,9,A_removal,0.0
1-7,7,0.2,51.642,41.576,1.4611,0.9145,0.7,LightGBM,2018,9,A_removal,0.0
8-30,23,0.15,42.502,19.896,1.0498,0.6519,0.426,LightGBM,2018,9,A_removal,0.0
31-90,60,0.025,42.967,22.155,0.9025,0.5986,0.604,LightGBM,2018,9,A_removal,0.0
91-180,90,-0.041,11.37,6.654,0.8854,0.436,0.27,LightGBM,2018,9,A_removal,0.0
181-270,90,0.456,41.742,32.275,0.4042,0.3377,0.782,LightGBM,2018,9,A_removal,0.0
271-365,95,0.113,25.831,19.097,0.9959,0.6443,0.526,LightGBM,2018,9,A_removal,0.0
1-7,7,-0.184,62.815,58.182,2.0447,1.2798,0.103,SARIMAX,2018,9,A_removal,0.0
8-30,23,-0.546,57.312,51.005,2.6912,1.6712,0.285,SARIMAX,2018,9,A_removal,0.0
31-90,60,-0.137,46.42,39.668,1.6159,1.0717,0.309,SARIMAX,2018,9,A_removal,0.0
91-180,90,-20.755,51.981,50.915,6.7746,3.3362,0.202,SARIMAX,2018,9,A_removal,0.0
181-270,90,0.182,51.189,43.623,0.5463,0.4564,0.697,SARIMAX,2018,9,A_removal,0.0
271-365,95,-2.706,52.79,49.846,2.5995,1.6818,0.64,SARIMAX,2018,9,A_removal,0.0
1-7,7,0.102,54.714,45.23,1.5896,0.9949,0.774,Ensemble_unweighted,2018,9,A_removal,0.0
8-30,23,0.045,45.041,29.153,1.5382,0.9552,0.394,Ensemble_unweighted,2018,9,A_removal,0.0
31-90,60,0.085,41.639,23.918,0.9743,0.6462,0.631,Ensemble_unweighted,2018,9,A_removal,0.0
91-180,90,-1.345,17.067,15.64,2.081,1.0248,0.364,Ensemble_unweighted,2018,9,A_removal,0.0
181-270,90,0.495,40.244,32.439,0.4063,0.3394,0.788,Ensemble_unweighted,2018,9,A_removal,0.0
271-365,95,-0.031,27.84,23.96,1.2495,0.8084,0.636,Ensemble_unweighted,2018,9,A_removal,0.0
1-7,7,0.106,54.582,44.998,1.5814,0.9898,0.777,Ensemble_MASEweighted,2018,9,A_removal,0.0
8-30,23,0.051,44.905,28.785,1.5188,0.9431,0.397,Ensemble_MASEweighted,2018,9,A_removal,0.0
31-90,60,0.083,41.679,23.776,0.9686,0.6424,0.63,Ensemble_MASEweighted,2018,9,A_removal,0.0
91-180,90,-1.248,16.711,15.22,2.0251,0.9973,0.361,Ensemble_MASEweighted,2018,9,A_removal,0.0
181-270,90,0.495,40.216,32.351,0.4051,0.3385,0.789,Ensemble_MASEweighted,2018,9,A_removal,0.0
271-365,95,-0.015,27.627,23.658,1.2338,0.7982,0.635,Ensemble_MASEweighted,2018,9,A_removal,0.0
1-7,7,0.044,56.445,36.466,1.2815,0.8021,0.51,RF,2018,9,B_resample,0.0
8-30,23,0.059,44.714,15.075,0.7954,0.4939,0.39,RF,2018,9,B_resample,0.0
31-90,60,-0.035,44.29,22.749,0.9267,0.6146,0.645,RF,2018,9,B_resample,0.0
91-180,90,0.081,10.686,5.63,0.7491,0.3689,0.364,RF,2018,9,B_resample,0.0
181-270,90,0.39,44.207,35.337,0.4425,0.3697,0.808,RF,2018,9,B_resample,0.0
271-365,95,0.368,21.804,15.477,0.8071,0.5222,0.619,RF,2018,9,B_resample,0.0
1-7,7,0.148,53.276,30.443,1.0699,0.6697,0.969,XGB,2018,9,B_resample,0.0
8-30,23,0.072,44.414,15.402,0.8127,0.5047,0.324,XGB,2018,9,B_resample,0.0
31-90,60,-0.158,46.827,24.43,0.9952,0.66,0.612,XGB,2018,9,B_resample,0.0
91-180,90,-0.05,11.422,6.521,0.8677,0.4273,0.296,XGB,2018,9,B_resample,0.0
181-270,90,0.502,39.94,33.036,0.4137,0.3457,0.834,XGB,2018,9,B_resample,0.0
271-365,95,0.354,22.04,12.812,0.6682,0.4323,0.605,XGB,2018,9,B_resample,0.0
1-7,7,0.145,53.375,35.198,1.237,0.7742,0.646,LightGBM,2018,9,B_resample,0.0
8-30,23,0.125,43.127,16.274,0.8587,0.5332,0.442,LightGBM,2018,9,B_resample,0.0
31-90,60,-0.031,44.196,22.874,0.9318,0.618,0.626,LightGBM,2018,9,B_resample,0.0
91-180,90,-0.07,11.528,6.748,0.8979,0.4422,0.302,LightGBM,2018,9,B_resample,0.0
181-270,90,-0.004,56.726,47.178,0.5908,0.4936,0.801,LightGBM,2018,9,B_resample,0.0
271-365,95,0.282,23.233,14.869,0.7754,0.5017,0.531,LightGBM,2018,9,B_resample,0.0
1-7,7,-0.063,59.514,51.237,1.8007,1.127,0.202,SARIMAX,2018,9,B_resample,0.0
8-30,23,-0.282,52.2,42.805,2.2585,1.4025,0.266,SARIMAX,2018,9,B_resample,0.0
31-90,60,-0.037,44.333,33.185,1.3518,0.8966,-0.134,SARIMAX,2018,9,B_resample,0.0
91-180,90,-7.509,32.509,31.842,4.2368,2.0864,0.262,SARIMAX,2018,9,B_resample,0.0
181-270,90,0.382,44.515,37.76,0.4729,0.3951,0.701,SARIMAX,2018,9,B_resample,0.0
271-365,95,-1.497,43.331,40.593,2.117,1.3696,0.622,SARIMAX,2018,9,B_resample,0.0
1-7,7,0.098,54.836,38.336,1.3473,0.8433,0.88,Ensemble_unweighted,2018,9,B_resample,0.0
8-30,23,0.081,44.202,21.37,1.1276,0.7002,0.354,Ensemble_unweighted,2018,9,B_resample,0.0
31-90,60,0.003,43.456,23.048,0.9389,0.6227,0.629,Ensemble_unweighted,2018,9,B_resample,0.0
91-180,90,-0.075,11.552,8.68,1.155,0.5688,0.371,Ensemble_unweighted,2018,9,B_resample,0.0
181-270,90,0.501,39.993,33.139,0.415,0.3467,0.819,Ensemble_unweighted,2018,9,B_resample,0.0
271-365,95,0.264,23.531,18.721,0.9763,0.6316,0.625,Ensemble_unweighted,2018,9,B_resample,0.0
1-7,7,0.1,54.775,38.146,1.3406,0.8391,0.882,Ensemble_MASEweighted,2018,9,B_resample,0.0
8-30,23,0.082,44.172,21.141,1.1154,0.6927,0.355,Ensemble_MASEweighted,2018,9,B_resample,0.0
31-90,60,0.001,43.508,22.989,0.9365,0.6211,0.631,Ensemble_MASEweighted,2018,9,B_resample,0.0
91-180,90,-0.05,11.422,8.431,1.1218,0.5524,0.369,Ensemble_MASEweighted,2018,9,B_resample,0.0
181-270,90,0.497,40.147,33.265,0.4166,0.3481,0.82,Ensemble_MASEweighted,2018,9,B_resample,0.0
271-365,95,0.272,23.395,18.474,0.9634,0.6233,0.624,Ensemble_MASEweighted,2018,9,B_resample,0.0
1-7,7,0.094,31.265,24.154,0.8486,0.5356,0.567,RF,2019,2,A_removal,0.0
8-30,23,0.283,16.169,12.34,0.8667,0.5381,0.63,RF,2019,2,A_removal,0.0
31-90,60,0.069,29.948,16.916,0.9716,0.5413,0.279,RF,2019,2,A_removal,0.0
91-180,90,-1.12,11.262,9.8,1.0573,0.8359,0.138,RF,2019,2,A_removal,0.0
181-270,90,-0.19,24.539,16.679,0.9979,0.845,-0.131,RF,2019,2,A_removal,0.0
271-365,95,0.106,23.692,18.394,0.9043,0.698,0.608,RF,2019,2,A_removal,0.0
1-7,7,-0.035,33.415,22.414,0.7875,0.497,0.692,XGB,2019,2,A_removal,0.0
8-30,23,0.032,18.781,13.831,0.9714,0.6031,0.479,XGB,2019,2,A_removal,0.0
31-90,60,-0.024,31.406,16.152,0.9277,0.5169,0.356,XGB,2019,2,A_removal,0.0
91-180,90,-0.036,7.873,6.449,0.6958,0.55,0.236,XGB,2019,2,A_removal,0.0
181-270,90,-0.282,25.468,17.56,1.0506,0.8896,-0.109,XGB,2019,2,A_removal,0.0
271-365,95,-0.19,27.336,19.713,0.9691,0.748,0.409,XGB,2019,2,A_removal,0.0
1-7,7,0.002,32.818,23.717,0.8333,0.5259,0.559,LightGBM,2019,2,A_removal,0.0
8-30,23,0.004,19.05,13.811,0.97,0.6023,0.305,LightGBM,2019,2,A_removal,0.0
31-90,60,0.081,29.759,15.586,0.8952,0.4988,0.368,LightGBM,2019,2,A_removal,0.0
91-180,90,-0.008,7.764,6.28,0.6775,0.5356,0.21,LightGBM,2019,2,A_removal,0.0
181-270,90,-0.316,25.801,16.063,0.9611,0.8137,-0.104,LightGBM,2019,2,A_removal,0.0
271-365,95,-0.188,27.314,19.371,0.9523,0.7351,0.535,LightGBM,2019,2,A_removal,0.0
1-7,7,-0.746,43.395,29.805,1.0472,0.6609,0.098,SARIMAX,2019,2,A_removal,0.0
8-30,23,-0.069,19.734,14.339,1.0071,0.6253,0.106,SARIMAX,2019,2,A_removal,0.0
31-90,60,-0.141,33.164,17.267,0.9917,0.5526,0.178,SARIMAX,2019,2,A_removal,0.0
91-180,90,-1.03,11.019,9.869,1.0648,0.8418,0.084,SARIMAX,2019,2,A_removal,0.0
181-270,90,-0.01,22.608,14.916,0.8924,0.7556,0.483,SARIMAX,2019,2,A_removal,0.0
271-365,95,-0.274,28.282,20.389,1.0023,0.7737,-0.029,SARIMAX,2019,2,A_removal,0.0
1-7,7,-0.121,34.777,22.835,0.8023,0.5063,0.64,Ensemble_unweighted,2019,2,A_removal,0.0
8-30,23,0.104,18.067,13.36,0.9384,0.5826,0.504,Ensemble_unweighted,2019,2,A_removal,0.0
31-90,60,0.027,30.627,15.802,0.9076,0.5057,0.343,Ensemble_unweighted,2019,2,A_removal,0.0
91-180,90,-0.238,8.606,7.506,0.8098,0.6402,0.207,Ensemble_unweighted,2019,2,A_removal,0.0
181-270,90,-0.17,24.334,16.103,0.9634,0.8158,-0.079,Ensemble_unweighted,2019,2,A_removal,0.0
271-365,95,-0.117,26.483,19.304,0.949,0.7325,0.564,Ensemble_unweighted,2019,2,A_removal,0.0
1-7,7,-0.117,34.708,22.845,0.8026,0.5066,0.64,Ensemble_MASEweighted,2019,2,A_removal,0.0
8-30,23,0.103,18.077,13.36,0.9383,0.5826,0.501,Ensemble_MASEweighted,2019,2,A_removal,0.0
31-90,60,0.027,30.616,15.791,0.907,0.5053,0.344,Ensemble_MASEweighted,2019,2,A_removal,0.0
91-180,90,-0.223,8.555,7.457,0.8046,0.636,0.209,Ensemble_MASEweighted,2019,2,A_removal,0.0
181-270,90,-0.174,24.368,16.126,0.9649,0.817,-0.08,Ensemble_MASEweighted,2019,2,A_removal,0.0
271-365,95,-0.118,26.497,19.306,0.9491,0.7326,0.563,Ensemble_MASEweighted,2019,2,A_removal,0.0
1-7,7,-0.024,33.244,20.34,0.7146,0.451,0.811,RF,2019,2,B_resample,0.0
8-30,23,-0.099,20.016,14.245,1.0005,0.6212,0.478,RF,2019,2,B_resample,0.0
31-90,60,0.012,30.86,16.024,0.9203,0.5128,0.284,RF,2019,2,B_resample,0.0
91-180,90,-0.011,7.779,6.288,0.6784,0.5363,0.21,RF,2019,2,B_resample,0.0
181-270,90,-0.441,27.004,16.231,0.9711,0.8223,-0.254,RF,2019,2,B_resample,0.0
271-365,95,-0.287,28.424,19.639,0.9655,0.7452,0.326,RF,2019,2,B_resample,0.0
1-7,7,-0.228,36.402,23.939,0.8411,0.5308,0.899,XGB,2019,2,B_resample,0.0
8-30,23,-0.36,22.26,16.703,1.1731,0.7284,0.573,XGB,2019,2,B_resample,0.0
31-90,60,-0.15,33.29,18.22,1.0465,0.5831,0.235,XGB,2019,2,B_resample,0.0
91-180,90,-0.095,8.093,6.017,0.6492,0.5132,0.192,XGB,2019,2,B_resample,0.0
181-270,90,-0.302,25.665,16.561,0.9908,0.839,-0.177,XGB,2019,2,B_resample,0.0
271-365,95,-0.494,30.629,21.626,1.0631,0.8206,0.072,XGB,2019,2,B_resample,0.0
1-7,7,-0.216,36.223,23.57,0.8281,0.5226,0.904,LightGBM,2019,2,B_resample,0.0
8-30,23,-0.357,22.242,16.224,1.1395,0.7075,0.428,LightGBM,2019,2,B_resample,0.0
31-90,60,-0.114,32.764,17.604,1.0111,0.5634,0.242,LightGBM,2019,2,B_resample,0.0
91-180,90,-0.061,7.965,5.7,0.6149,0.4861,0.351,LightGBM,2019,2,B_resample,0.0
181-270,90,-0.316,25.807,15.984,0.9563,0.8098,-0.247,LightGBM,2019,2,B_resample,0.0
271-365,95,-0.515,30.839,21.908,1.077,0.8313,-0.119,LightGBM,2019,2,B_resample,0.0
1-7,7,-0.665,42.38,28.758,1.0104,0.6377,0.283,SARIMAX,2019,2,B_resample,0.0
8-30,23,-0.003,19.123,14.377,1.0098,0.627,0.053,SARIMAX,2019,2,B_resample,0.0
31-90,60,-0.007,31.152,17.971,1.0321,0.5751,0.085,SARIMAX,2019,2,B_resample,0.0
91-180,90,-2.115,13.651,12.48,1.3465,1.0644,0.144,SARIMAX,2019,2,B_resample,0.0
181-270,90,0.044,21.99,14.706,0.8798,0.745,0.577,SARIMAX,2019,2,B_resample,0.0
271-365,95,-0.263,28.153,20.364,1.0011,0.7727,-0.02,SARIMAX,2019,2,B_resample,0.0
1-7,7,-0.268,36.979,24.056,0.8452,0.5334,0.896,Ensemble_unweighted,2019,2,B_resample,0.0
8-30,23,-0.132,20.313,14.529,1.0204,0.6335,0.526,Ensemble_unweighted,2019,2,B_resample,0.0
31-90,60,-0.042,31.688,16.63,0.9551,0.5322,0.235,Ensemble_unweighted,2019,2,B_resample,0.0
91-180,90,0.022,7.648,6.474,0.6984,0.5521,0.265,Ensemble_unweighted,2019,2,B_resample,0.0
181-270,90,-0.225,24.9,15.65,0.9364,0.7928,-0.117,Ensemble_unweighted,2019,2,B_resample,0.0
271-365,95,-0.38,29.429,20.659,1.0156,0.7839,0.109,Ensemble_unweighted,2019,2,B_resample,0.0
1-7,7,-0.265,36.945,24.034,0.8444,0.5329,0.897,Ensemble_MASEweighted,2019,2,B_resample,0.0
8-30,23,-0.138,20.363,14.564,1.0229,0.6351,0.527,Ensemble_MASEweighted,2019,2,B_resample,0.0
31-90,60,-0.044,31.721,16.641,0.9558,0.5325,0.235,Ensemble_MASEweighted,2019,2,B_resample,0.0
91-180,90,0.03,7.619,6.425,0.6932,0.548,0.267,Ensemble_MASEweighted,2019,2,B_resample,0.0
181-270,90,-0.229,24.931,15.67,0.9376,0.7938,-0.123,Ensemble_MASEweighted,2019,2,B_resample,0.0
271-365,95,-0.383,29.465,20.688,1.017,0.785,0.106,Ensemble_MASEweighted,2019,2,B_resample,0.0
1-7,7,-168.924,25.798,23.763,11.9054,11.7212,-0.321,RF,2019,4,A_removal,0.0
8-30,23,-1.344,44.532,31.466,1.7393,1.7384,-0.367,RF,2019,4,A_removal,0.3478260869565217
31-90,60,0.181,21.663,14.115,0.4883,0.4893,0.432,RF,2019,4,A_removal,0.5333333333333333
91-180,90,0.345,39.318,26.444,0.3796,0.38,0.601,RF,2019,4,A_removal,0.6888888888888889
181-270,90,0.651,22.209,13.981,0.4028,0.4036,0.818,RF,2019,4,A_removal,0.6777777777777778
271-365,95,0.062,23.182,16.081,0.6229,0.6244,0.363,RF,2019,4,A_removal,0.6947368421052632
1-7,7,-154.932,24.713,22.742,11.3939,11.2176,-0.447,XGB,2019,4,A_removal,0.0
8-30,23,-1.106,42.207,28.061,1.5511,1.5503,-0.4,XGB,2019,4,A_removal,0.3478260869565217
31-90,60,0.035,23.517,14.646,0.5066,0.5077,0.396,XGB,2019,4,A_removal,0.5333333333333333
91-180,90,0.351,39.147,25.494,0.366,0.3663,0.64,XGB,2019,4,A_removal,0.6888888888888889
181-270,90,0.653,22.149,13.052,0.3761,0.3768,0.826,XGB,2019,4,A_removal,0.6777777777777778
271-365,95,0.015,23.763,16.618,0.6437,0.6453,0.396,XGB,2019,4,A_removal,0.6947368421052632
1-7,7,-101.003,19.988,18.326,9.1812,9.0391,-0.412,LightGBM,2019,4,A_removal,0.0
8-30,23,-0.943,40.542,27.441,1.5168,1.516,-0.1,LightGBM,2019,4,A_removal,0.3478260869565217
31-90,60,0.197,21.451,12.788,0.4424,0.4433,0.506,LightGBM,2019,4,A_removal,0.5333333333333333
91-180,90,0.301,40.623,25.711,0.3691,0.3694,0.645,LightGBM,2019,4,A_removal,0.6888888888888889
181-270,90,0.633,22.785,13.949,0.4019,0.4026,0.83,LightGBM,2019,4,A_removal,0.6777777777777778
271-365,95,-0.042,24.437,16.543,0.6408,0.6423,0.319,LightGBM,2019,4,A_removal,0.6947368421052632
1-7,7,-0.212,2.178,1.789,0.8965,0.8826,-0.326,SARIMAX,2019,4,A_removal,0.0
8-30,23,-0.195,31.788,18.15,1.0032,1.0027,-0.583,SARIMAX,2019,4,A_removal,0.3478260869565217
31-90,60,-1.523,38.022,30.906,1.0691,1.0714,-0.305,SARIMAX,2019,4,A_removal,0.5333333333333333
91-180,90,0.385,38.097,29.446,0.4227,0.4231,0.664,SARIMAX,2019,4,A_removal,0.6888888888888889
181-270,90,0.375,29.735,23.8,0.6857,0.687,0.808,SARIMAX,2019,4,A_removal,0.6777777777777778
271-365,95,-0.441,28.734,22.94,0.8885,0.8907,0.454,SARIMAX,2019,4,A_removal,0.6947368421052632
1-7,7,-78.088,17.6,16.087,8.0599,7.9352,-0.389,Ensemble_unweighted,2019,4,A_removal,0.0
8-30,23,-0.826,39.307,25.011,1.3825,1.3818,-0.326,Ensemble_unweighted,2019,4,A_removal,0.3478260869565217
31-90,60,-0.022,24.201,15.837,0.5479,0.549,0.459,Ensemble_unweighted,2019,4,A_removal,0.5333333333333333
91-180,90,0.39,37.957,25.403,0.3647,0.365,0.65,Ensemble_unweighted,2019,4,A_removal,0.6888888888888889
181-270,90,0.631,22.854,14.43,0.4157,0.4165,0.827,Ensemble_unweighted,2019,4,A_removal,0.6777777777777778
271-365,95,0.033,23.546,16.008,0.62,0.6216,0.407,Ensemble_unweighted,2019,4,A_removal,0.6947368421052632
1-7,7,-79.754,17.784,16.249,8.1409,8.015,-0.39,Ensemble_MASEweighted,2019,4,A_removal,0.0
8-30,23,-0.834,39.389,25.113,1.3881,1.3874,-0.325,Ensemble_MASEweighted,2019,4,A_removal,0.3478260869565217
31-90,60,-0.015,24.118,15.731,0.5442,0.5453,0.459,Ensemble_MASEweighted,2019,4,A_removal,0.5333333333333333
91-180,90,0.389,37.998,25.39,0.3645,0.3648,0.65,Ensemble_MASEweighted,2019,4,A_removal,0.6888888888888889
181-270,90,0.632,22.817,14.364,0.4139,0.4146,0.827,Ensemble_MASEweighted,2019,4,A_removal,0.6777777777777778
271-365,95,0.033,23.544,16.008,0.62,0.6215,0.406,Ensemble_MASEweighted,2019,4,A_removal,0.6947368421052632
1-7,7,-108.354,20.695,19.007,9.5226,9.3753,-0.392,RF,2019,4,B_resample,0.0
8-30,23,-0.994,41.066,27.333,1.5109,1.5101,-0.325,RF,2019,4,B_resample,0.3478260869565217
31-90,60,-0.029,24.279,15.351,0.531,0.5322,0.334,RF,2019,4,B_resample,0.5333333333333333
91-180,90,0.371,38.558,26.948,0.3868,0.3872,0.62,RF,2019,4,B_resample,0.6888888888888889
181-270,90,0.631,22.843,13.53,0.3898,0.3906,0.829,RF,2019,4,B_resample,0.6777777777777778
271-365,95,0.177,21.715,14.479,0.5608,0.5622,0.455,RF,2019,4,B_resample,0.6947368421052632
1-7,7,-72.422,16.958,15.859,7.9456,7.8226,-0.428,XGB,2019,4,B_resample,0.0
8-30,23,-0.699,37.907,23.18,1.2813,1.2806,-0.419,XGB,2019,4,B_resample,0.3478260869565217
31-90,60,-0.366,27.973,20.104,0.6955,0.6969,0.337,XGB,2019,4,B_resample,0.5333333333333333
91-180,90,0.36,38.881,26.509,0.3805,0.3809,0.63,XGB,2019,4,B_resample,0.6888888888888889
181-270,90,0.628,22.921,13.3,0.3832,0.3839,0.833,XGB,2019,4,B_resample,0.6777777777777778
271-365,95,0.033,23.536,15.821,0.6128,0.6143,0.391,XGB,2019,4,B_resample,0.6947368421052632
1-7,7,-61.704,15.671,14.548,7.2888,7.176,-0.419,LightGBM,2019,4,B_resample,0.0
8-30,23,-0.692,37.836,23.326,1.2894,1.2887,-0.345,LightGBM,2019,4,B_resample,0.3478260869565217
31-90,60,-0.272,26.994,18.597,0.6433,0.6447,0.326,LightGBM,2019,4,B_resample,0.5333333333333333
91-180,90,0.367,38.656,25.767,0.3699,0.3702,0.652,LightGBM,2019,4,B_resample,0.6888888888888889
181-270,90,0.61,23.484,13.911,0.4008,0.4015,0.838,LightGBM,2019,4,B_resample,0.6777777777777778
271-365,95,0.086,22.891,14.946,0.5789,0.5803,0.427,LightGBM,2019,4,B_resample,0.6947368421052632
1-7,7,-0.231,2.196,1.777,0.8902,0.8764,-0.309,SARIMAX,2019,4,B_resample,0.0
8-30,23,-0.127,30.872,18.078,0.9993,0.9988,0.541,SARIMAX,2019,4,B_resample,0.3478260869565217
31-90,60,-1.603,38.619,31.622,1.0939,1.0962,-0.186,SARIMAX,2019,4,B_resample,0.5333333333333333
91-180,90,0.381,38.245,29.236,0.4197,0.4201,0.665,SARIMAX,2019,4,B_resample,0.6888888888888889
181-270,90,0.239,32.811,27.129,0.7816,0.7831,0.808,SARIMAX,2019,4,B_resample,0.6777777777777778
271-365,95,-0.516,29.473,23.766,0.9205,0.9228,0.453,SARIMAX,2019,4,B_resample,0.6947368421052632
1-7,7,-43.694,13.231,12.037,6.0307,5.9374,-0.422,Ensemble_unweighted,2019,4,B_resample,0.0
8-30,23,-0.582,36.584,21.961,1.2139,1.2133,-0.337,Ensemble_unweighted,2019,4,B_resample,0.3478260869565217
31-90,60,-0.447,28.796,20.976,0.7256,0.7272,0.345,Ensemble_unweighted,2019,4,B_resample,0.5333333333333333
91-180,90,0.392,37.892,26.385,0.3787,0.3791,0.649,Ensemble_unweighted,2019,4,B_resample,0.6888888888888889
181-270,90,0.591,24.034,15.126,0.4358,0.4366,0.829,Ensemble_unweighted,2019,4,B_resample,0.6777777777777778
271-365,95,0.042,23.43,16.021,0.6205,0.6221,0.441,Ensemble_unweighted,2019,4,B_resample,0.6947368421052632
1-7,7,-44.529,13.354,12.163,6.0935,5.9992,-0.422,Ensemble_MASEweighted,2019,4,B_resample,0.0
8-30,23,-0.587,36.639,22.01,1.2166,1.216,-0.339,Ensemble_MASEweighted,2019,4,B_resample,0.3478260869565217
31-90,60,-0.441,28.734,20.905,0.7231,0.7247,0.345,Ensemble_MASEweighted,2019,4,B_resample,0.5333333333333333
91-180,90,0.392,37.904,26.356,0.3783,0.3787,0.649,Ensemble_MASEweighted,2019,4,B_resample,0.6888888888888889
181-270,90,0.593,23.984,15.05,0.4336,0.4344,0.829,Ensemble_MASEweighted,2019,4,B_resample,0.6777777777777778
271-365,95,0.044,23.402,15.975,0.6188,0.6203,0.441,Ensemble_MASEweighted,2019,4,B_resample,0.6947368421052632
1-7,7,-4.822,28.508,27.477,3.5571,1.6157,-0.717,RF,2019,9,A_removal,0.0
8-30,23,-0.512,12.065,9.08,0.8421,0.4506,0.163,RF,2019,9,A_removal,0.0
31-90,60,0.051,27.528,16.168,0.8407,0.573,0.294,RF,2019,9,A_removal,0.2666666666666666
91-180,90,0.474,38.552,27.165,0.54,0.479,0.713,RF,2019,9,A_removal,0.9
181-270,90,0.495,43.749,32.908,0.7718,0.7321,0.83,RF,2019,9,A_removal,0.5444444444444444
271-365,95,0.271,53.4,31.794,0.6854,0.5989,0.768,RF,2019,9,A_removal,0.5157894736842106
1-7,7,-5.837,30.894,28.815,3.7302,1.6943,-0.305,XGB,2019,9,A_removal,0.0
8-30,23,-1.181,14.494,10.933,1.014,0.5425,0.001,XGB,2019,9,A_removal,0.0
31-90,60,0.077,27.151,14.6,0.7591,0.5174,0.298,XGB,2019,9,A_removal,0.2666666666666666
91-180,90,0.453,39.293,26.953,0.5358,0.4753,0.689,XGB,2019,9,A_removal,0.9
181-270,90,0.638,37.056,29.05,0.6813,0.6463,0.832,XGB,2019,9,A_removal,0.5444444444444444
271-365,95,0.376,49.391,29.33,0.6322,0.5524,0.8,XGB,2019,9,A_removal,0.5157894736842106
1-7,7,-9.077,37.506,35.999,4.6603,2.1168,-0.493,LightGBM,2019,9,A_removal,0.0
8-30,23,-3.261,20.258,13.641,1.2652,0.6769,0.024,LightGBM,2019,9,A_removal,0.0
31-90,60,-0.021,28.557,17.379,0.9036,0.6159,0.392,LightGBM,2019,9,A_removal,0.2666666666666666
91-180,90,0.422,40.415,27.51,0.5468,0.4851,0.661,LightGBM,2019,9,A_removal,0.9
181-270,90,0.529,42.275,31.416,0.7368,0.6989,0.847,LightGBM,2019,9,A_removal,0.5444444444444444
271-365,95,0.279,53.08,32.133,0.6927,0.6052,0.745,LightGBM,2019,9,A_removal,0.5157894736842106
1-7,7,0.738,6.044,4.32,0.5592,0.254,0.871,SARIMAX,2019,9,A_removal,0.0
8-30,23,-0.449,11.815,7.545,0.6998,0.3744,0.567,SARIMAX,2019,9,A_removal,0.0
31-90,60,-0.222,31.244,15.756,0.8193,0.5584,0.199,SARIMAX,2019,9,A_removal,0.2666666666666666
91-180,90,0.357,42.611,33.709,0.67,0.5944,0.697,SARIMAX,2019,9,A_removal,0.9
181-270,90,0.64,36.958,28.083,0.6586,0.6248,0.858,SARIMAX,2019,9,A_removal,0.5444444444444444
271-365,95,0.536,42.601,23.663,0.5101,0.4457,0.834,SARIMAX,2019,9,A_removal,0.5157894736842106
1-7,7,-3.446,24.914,24.153,3.1267,1.4202,-0.322,Ensemble_unweighted,2019,9,A_removal,0.0
8-30,23,-0.663,12.655,9.439,0.8754,0.4684,0.063,Ensemble_unweighted,2019,9,A_removal,0.0
31-90,60,0.125,26.434,14.098,0.733,0.4996,0.354,Ensemble_unweighted,2019,9,A_removal,0.2666666666666666
91-180,90,0.468,38.748,27.68,0.5502,0.4881,0.704,Ensemble_unweighted,2019,9,A_removal,0.9
181-270,90,0.603,38.784,29.763,0.698,0.6622,0.853,Ensemble_unweighted,2019,9,A_removal,0.5444444444444444
271-365,95,0.381,49.176,28.857,0.6221,0.5435,0.819,Ensemble_unweighted,2019,9,A_removal,0.5157894736842106
1-7,7,-3.55,25.204,24.42,3.1613,1.4359,-0.328,Ensemble_MASEweighted,2019,9,A_removal,0.0
8-30,23,-0.693,12.768,9.52,0.883,0.4724,0.061,Ensemble_MASEweighted,2019,9,A_removal,0.0
31-90,60,0.125,26.433,14.143,0.7353,0.5012,0.354,Ensemble_MASEweighted,2019,9,A_removal,0.2666666666666666
91-180,90,0.468,38.754,27.644,0.5495,0.4875,0.704,Ensemble_MASEweighted,2019,9,A_removal,0.9
181-270,90,0.604,38.76,29.757,0.6979,0.662,0.852,Ensemble_MASEweighted,2019,9,A_removal,0.5444444444444444
271-365,95,0.38,49.245,28.92,0.6234,0.5447,0.818,Ensemble_MASEweighted,2019,9,A_removal,0.5157894736842106
1-7,7,-1.551,18.872,17.61,2.2797,1.0355,-0.357,RF,2019,9,B_resample,0.0
8-30,23,-0.718,12.861,8.355,0.7749,0.4146,-0.165,RF,2019,9,B_resample,0.0
31-90,60,0.062,27.367,13.38,0.6957,0.4742,0.32,RF,2019,9,B_resample,0.2666666666666666
91-180,90,0.454,39.267,28.095,0.5584,0.4954,0.68,RF,2019,9,B_resample,0.9
181-270,90,0.472,44.747,33.158,0.7776,0.7377,0.843,RF,2019,9,B_resample,0.5444444444444444
271-365,95,0.288,52.769,30.211,0.6512,0.569,0.801,RF,2019,9,B_resample,0.5157894736842106
1-7,7,-1.154,17.342,15.851,2.0521,0.9321,0.0,XGB,2019,9,B_resample,0.0
8-30,23,-1.0,13.878,9.354,0.8675,0.4642,0.005,XGB,2019,9,B_resample,0.0
31-90,60,-0.074,29.292,14.841,0.7716,0.5259,0.287,XGB,2019,9,B_resample,0.2666666666666666
91-180,90,0.478,38.393,25.821,0.5133,0.4553,0.694,XGB,2019,9,B_resample,0.9
181-270,90,0.486,44.162,33.493,0.7855,0.7452,0.836,XGB,2019,9,B_resample,0.5444444444444444
271-365,95,0.353,50.293,28.692,0.6185,0.5404,0.807,XGB,2019,9,B_resample,0.5157894736842106
1-7,7,-6.343,32.018,28.518,3.6918,1.6769,-0.15,LightGBM,2019,9,B_resample,0.0
8-30,23,-1.553,15.68,10.982,1.0186,0.545,-0.042,LightGBM,2019,9,B_resample,0.0
31-90,60,0.091,26.941,13.593,0.7067,0.4817,0.384,LightGBM,2019,9,B_resample,0.2666666666666666
91-180,90,0.429,40.171,27.392,0.5445,0.483,0.67,LightGBM,2019,9,B_resample,0.9
181-270,90,0.491,43.929,31.786,0.7455,0.7072,0.842,LightGBM,2019,9,B_resample,0.5444444444444444
271-365,95,0.262,53.712,30.779,0.6635,0.5797,0.797,LightGBM,2019,9,B_resample,0.5157894736842106
1-7,7,0.75,5.912,3.397,0.4397,0.1997,0.884,SARIMAX,2019,9,B_resample,0.0
8-30,23,-2.027,17.075,13.297,1.2333,0.6598,-0.301,SARIMAX,2019,9,B_resample,0.0
31-90,60,-0.388,33.292,18.617,0.968,0.6598,0.044,SARIMAX,2019,9,B_resample,0.2666666666666666
91-180,90,0.474,38.552,27.2,0.5407,0.4796,0.692,SARIMAX,2019,9,B_resample,0.9
181-270,90,0.56,40.867,26.826,0.6291,0.5968,0.85,SARIMAX,2019,9,B_resample,0.5444444444444444
271-365,95,0.416,47.797,27.378,0.5902,0.5157,0.832,SARIMAX,2019,9,B_resample,0.5157894736842106
1-7,7,-1.211,17.569,16.229,2.1009,0.9543,0.061,Ensemble_unweighted,2019,9,B_resample,0.0
8-30,23,-1.016,13.933,9.438,0.8754,0.4684,-0.084,Ensemble_unweighted,2019,9,B_resample,0.0
31-90,60,-0.022,28.569,14.179,0.7372,0.5025,0.344,Ensemble_unweighted,2019,9,B_resample,0.2666666666666666
91-180,90,0.476,38.471,26.386,0.5245,0.4653,0.695,Ensemble_unweighted,2019,9,B_resample,0.9
181-270,90,0.518,42.742,30.311,0.7109,0.6744,0.851,Ensemble_unweighted,2019,9,B_resample,0.5444444444444444
271-365,95,0.34,50.798,28.695,0.6186,0.5405,0.824,Ensemble_unweighted,2019,9,B_resample,0.5157894736842106
1-7,7,-1.261,17.767,16.409,2.1242,0.9648,0.052,Ensemble_MASEweighted,2019,9,B_resample,0.0
8-30,23,-1.014,13.927,9.413,0.8731,0.4671,-0.082,Ensemble_MASEweighted,2019,9,B_resample,0.0
31-90,60,-0.02,28.54,14.171,0.7368,0.5022,0.344,Ensemble_MASEweighted,2019,9,B_resample,0.2666666666666666
91-180,90,0.476,38.473,26.369,0.5241,0.465,0.695,Ensemble_MASEweighted,2019,9,B_resample,0.9
181-270,90,0.517,42.779,30.396,0.7128,0.6762,0.851,Ensemble_MASEweighted,2019,9,B_resample,0.5444444444444444
271-365,95,0.339,50.834,28.728,0.6193,0.5411,0.824,Ensemble_MASEweighted,2019,9,B_resample,0.5157894736842106
1-7,7,0.241,21.307,16.938,1.03,0.7691,0.564,RF,2020,2,A_removal,0.0
8-30,23,0.117,13.173,9.851,0.8934,0.3552,0.631,RF,2020,2,A_removal,0.0
31-90,60,-0.01,15.576,12.588,1.0967,0.5223,0.416,RF,2020,2,A_removal,0.0
91-180,90,0.01,18.129,11.646,0.971,0.7273,0.378,RF,2020,2,A_removal,0.0
181-270,90,-0.047,14.395,12.418,0.8962,0.7646,0.201,RF,2020,2,A_removal,0.0
271-365,95,-0.135,19.19,14.56,0.9205,1.0149,0.321,RF,2020,2,A_removal,0.0
1-7,7,0.207,21.781,17.075,1.0383,0.7753,0.599,XGB,2020,2,A_removal,0.0
8-30,23,-0.171,15.169,11.512,1.0441,0.4152,0.42,XGB,2020,2,A_removal,0.0
31-90,60,0.266,13.278,9.301,0.8104,0.3859,0.548,XGB,2020,2,A_removal,0.0
91-180,90,0.102,17.261,9.544,0.7958,0.5961,0.375,XGB,2020,2,A_removal,0.0
181-270,90,0.134,13.086,9.996,0.7214,0.6154,0.373,XGB,2020,2,A_removal,0.0
271-365,95,0.058,17.482,11.159,0.7055,0.7778,0.324,XGB,2020,2,A_removal,0.0
1-7,7,0.27,20.902,18.108,1.1011,0.8222,0.678,LightGBM,2020,2,A_removal,0.0
8-30,23,-0.164,15.126,11.637,1.0554,0.4197,0.405,LightGBM,2020,2,A_removal,0.0
31-90,60,0.338,12.61,9.284,0.8088,0.3852,0.597,LightGBM,2020,2,A_removal,0.0
91-180,90,0.126,17.032,9.362,0.7806,0.5847,0.392,LightGBM,2020,2,A_removal,0.0
181-270,90,0.105,13.304,10.324,0.7451,0.6356,0.325,LightGBM,2020,2,A_removal,0.0
271-365,95,0.03,17.741,11.665,0.7375,0.8131,0.326,LightGBM,2020,2,A_removal,0.0
1-7,7,-0.066,25.253,20.532,1.2485,0.9323,-0.018,SARIMAX,2020,2,A_removal,0.0
8-30,23,-0.048,14.35,11.843,1.0742,0.4271,-0.221,SARIMAX,2020,2,A_removal,0.0
31-90,60,-0.299,17.67,15.373,1.3393,0.6378,-0.335,SARIMAX,2020,2,A_removal,0.0
91-180,90,-0.527,22.512,17.221,1.4358,1.0755,-0.092,SARIMAX,2020,2,A_removal,0.0
181-270,90,-0.131,14.958,13.566,0.979,0.8352,0.46,SARIMAX,2020,2,A_removal,0.0
271-365,95,-0.379,21.152,17.612,1.1135,1.2276,0.061,SARIMAX,2020,2,A_removal,0.0
1-7,7,0.185,22.091,18.013,1.0953,0.8179,0.602,Ensemble_unweighted,2020,2,A_removal,0.0
8-30,23,0.056,13.625,10.346,0.9383,0.3731,0.502,Ensemble_unweighted,2020,2,A_removal,0.0
31-90,60,0.183,14.011,11.218,0.9773,0.4654,0.531,Ensemble_unweighted,2020,2,A_removal,0.0
91-180,90,0.001,18.209,11.413,0.9516,0.7128,0.37,Ensemble_unweighted,2020,2,A_removal,0.0
181-270,90,0.095,13.379,11.202,0.8084,0.6897,0.389,Ensemble_unweighted,2020,2,A_removal,0.0
271-365,95,-0.043,18.397,13.447,0.8502,0.9373,0.328,Ensemble_unweighted,2020,2,A_removal,0.0
1-7,7,0.187,22.06,17.987,1.0937,0.8167,0.604,Ensemble_MASEweighted,2020,2,A_removal,0.0
8-30,23,0.05,13.662,10.369,0.9404,0.3739,0.499,Ensemble_MASEweighted,2020,2,A_removal,0.0
31-90,60,0.189,13.96,11.146,0.9711,0.4624,0.533,Ensemble_MASEweighted,2020,2,A_removal,0.0
91-180,90,0.006,18.162,11.327,0.9444,0.7074,0.371,Ensemble_MASEweighted,2020,2,A_removal,0.0
181-270,90,0.098,13.359,11.16,0.8054,0.6871,0.388,Ensemble_MASEweighted,2020,2,A_removal,0.0
271-365,95,-0.039,18.36,13.378,0.8458,0.9324,0.329,Ensemble_MASEweighted,2020,2,A_removal,0.0
1-7,7,0.227,21.51,14.979,0.9108,0.6801,0.704,RF,2020,2,B_resample,0.0
8-30,23,-0.648,18.001,13.828,1.2542,0.4987,0.427,RF,2020,2,B_resample,0.0
31-90,60,-0.073,16.053,11.518,1.0035,0.4779,0.045,RF,2020,2,B_resample,0.0
91-180,90,0.037,17.882,8.109,0.6761,0.5064,0.218,RF,2020,2,B_resample,0.0
181-270,90,-0.367,16.444,10.941,0.7896,0.6736,0.256,RF,2020,2,B_resample,0.0
271-365,95,0.101,17.075,9.66,0.6107,0.6733,0.33,RF,2020,2,B_resample,0.0
1-7,7,0.129,22.835,15.775,0.9592,0.7163,0.745,XGB,2020,2,B_resample,0.0
8-30,23,-1.562,22.442,18.428,1.6713,0.6646,0.368,XGB,2020,2,B_resample,0.0
31-90,60,-0.31,17.744,11.786,1.0268,0.489,0.037,XGB,2020,2,B_resample,0.0
91-180,90,0.019,18.042,8.202,0.6839,0.5123,0.296,XGB,2020,2,B_resample,0.0
181-270,90,-0.265,15.819,10.315,0.7444,0.6351,0.398,XGB,2020,2,B_resample,0.0
271-365,95,0.012,17.904,9.113,0.5761,0.6352,0.301,XGB,2020,2,B_resample,0.0
1-7,7,0.172,22.255,15.343,0.933,0.6967,0.684,LightGBM,2020,2,B_resample,0.0
8-30,23,-1.16,20.604,16.596,1.5052,0.5985,0.32,LightGBM,2020,2,B_resample,0.0
31-90,60,-0.083,16.13,10.609,0.9243,0.4402,0.259,LightGBM,2020,2,B_resample,0.0
91-180,90,-0.06,18.757,8.285,0.6908,0.5174,0.117,LightGBM,2020,2,B_resample,0.0
181-270,90,-0.272,15.864,10.278,0.7418,0.6328,0.456,LightGBM,2020,2,B_resample,0.0
271-365,95,0.034,17.702,9.324,0.5895,0.6499,0.311,LightGBM,2020,2,B_resample,0.0
1-7,7,0.001,24.451,16.905,1.0279,0.7676,0.062,SARIMAX,2020,2,B_resample,0.0
8-30,23,-0.219,15.482,11.219,1.0176,0.4046,-0.328,SARIMAX,2020,2,B_resample,0.0
31-90,60,-0.431,18.546,15.595,1.3587,0.647,-0.383,SARIMAX,2020,2,B_resample,0.0
91-180,90,-0.115,19.235,10.923,0.9107,0.6822,-0.149,SARIMAX,2020,2,B_resample,0.0
181-270,90,0.105,13.31,10.705,0.7725,0.659,0.534,SARIMAX,2020,2,B_resample,0.0
271-365,95,-0.093,18.834,13.997,0.8849,0.9756,0.065,SARIMAX,2020,2,B_resample,0.0
1-7,7,0.146,22.613,15.521,0.9438,0.7047,0.734,Ensemble_unweighted,2020,2,B_resample,0.0
8-30,23,-0.777,18.689,14.462,1.3117,0.5216,0.351,Ensemble_unweighted,2020,2,B_resample,0.0
31-90,60,-0.11,16.334,11.767,1.0252,0.4882,-0.029,Ensemble_unweighted,2020,2,B_resample,0.0
91-180,90,0.023,18.009,7.923,0.6606,0.4948,0.179,Ensemble_unweighted,2020,2,B_resample,0.0
181-270,90,-0.089,14.676,9.595,0.6924,0.5907,0.482,Ensemble_unweighted,2020,2,B_resample,0.0
271-365,95,0.076,17.31,9.715,0.6142,0.6771,0.31,Ensemble_unweighted,2020,2,B_resample,0.0
1-7,7,0.146,22.604,15.514,0.9434,0.7044,0.735,Ensemble_MASEweighted,2020,2,B_resample,0.0
8-30,23,-0.793,18.772,14.556,1.3202,0.5249,0.352,Ensemble_MASEweighted,2020,2,B_resample,0.0
31-90,60,-0.111,16.336,11.73,1.0219,0.4867,-0.023,Ensemble_MASEweighted,2020,2,B_resample,0.0
91-180,90,0.023,18.01,7.914,0.6599,0.4943,0.181,Ensemble_MASEweighted,2020,2,B_resample,0.0
181-270,90,-0.094,14.712,9.608,0.6934,0.5915,0.481,Ensemble_MASEweighted,2020,2,B_resample,0.0
271-365,95,0.076,17.312,9.657,0.6106,0.6731,0.311,Ensemble_MASEweighted,2020,2,B_resample,0.0
1-7,7,0.253,14.989,11.491,1.0681,0.5378,0.539,RF,2020,4,A_removal,0.5714285714285714
8-30,23,-0.079,24.946,15.534,1.3371,1.0547,0.064,RF,2020,4,A_removal,0.9130434782608696
31-90,60,-0.016,31.838,19.299,1.0327,0.7053,0.112,RF,2020,4,A_removal,0.6166666666666667
91-180,90,0.16,18.764,12.976,0.9432,0.5172,0.403,RF,2020,4,A_removal,0.4666666666666667
181-270,90,0.159,56.815,38.172,0.8012,0.6314,0.408,RF,2020,4,A_removal,0.8777777777777778
271-365,95,0.292,57.261,29.457,0.9798,0.815,0.628,RF,2020,4,A_removal,0.8421052631578947
1-7,7,0.087,16.567,12.36,1.1489,0.5785,0.326,XGB,2020,4,A_removal,0.5714285714285714
8-30,23,-0.069,24.834,14.172,1.22,0.9623,-0.009,XGB,2020,4,A_removal,0.9130434782608696
31-90,60,-0.029,32.04,18.976,1.0154,0.6935,0.039,XGB,2020,4,A_removal,0.6166666666666667
91-180,90,0.039,20.076,13.519,0.9827,0.5389,0.275,XGB,2020,4,A_removal,0.4666666666666667
181-270,90,0.129,57.818,39.075,0.8202,0.6463,0.404,XGB,2020,4,A_removal,0.8777777777777778
271-365,95,0.257,58.683,29.929,0.9955,0.8281,0.559,XGB,2020,4,A_removal,0.8421052631578947
1-7,7,0.054,16.865,12.323,1.1454,0.5768,0.262,LightGBM,2020,4,A_removal,0.5714285714285714
8-30,23,-0.037,24.456,13.188,1.1353,0.8955,0.029,LightGBM,2020,4,A_removal,0.9130434782608696
31-90,60,0.037,31.0,18.735,1.0025,0.6847,0.224,LightGBM,2020,4,A_removal,0.6166666666666667
91-180,90,0.097,19.455,12.946,0.941,0.5161,0.389,LightGBM,2020,4,A_removal,0.4666666666666667
181-270,90,0.137,57.548,37.975,0.7971,0.6281,0.388,LightGBM,2020,4,A_removal,0.8777777777777778
271-365,95,0.25,58.94,29.567,0.9835,0.8181,0.566,LightGBM,2020,4,A_removal,0.8421052631578947
1-7,7,-0.303,19.794,10.536,0.9794,0.4931,0.329,SARIMAX,2020,4,A_removal,0.5714285714285714
8-30,23,-0.022,24.278,8.738,0.7522,0.5933,-0.09,SARIMAX,2020,4,A_removal,0.9130434782608696
31-90,60,-0.194,34.511,19.516,1.0443,0.7132,0.043,SARIMAX,2020,4,A_removal,0.6166666666666667
91-180,90,0.317,16.925,12.128,0.8815,0.4834,0.563,SARIMAX,2020,4,A_removal,0.4666666666666667
181-270,90,0.215,54.898,36.737,0.7711,0.6077,0.471,SARIMAX,2020,4,A_removal,0.8777777777777778
271-365,95,0.277,57.882,28.932,0.9623,0.8005,0.541,SARIMAX,2020,4,A_removal,0.8421052631578947
1-7,7,0.15,15.983,10.147,0.9431,0.4749,0.41,Ensemble_unweighted,2020,4,A_removal,0.5714285714285714
8-30,23,-0.022,24.278,12.369,1.0647,0.8399,0.027,Ensemble_unweighted,2020,4,A_removal,0.9130434782608696
31-90,60,-0.005,31.662,18.284,0.9784,0.6682,0.128,Ensemble_unweighted,2020,4,A_removal,0.6166666666666667
91-180,90,0.208,18.216,12.217,0.888,0.487,0.477,Ensemble_unweighted,2020,4,A_removal,0.4666666666666667
181-270,90,0.177,56.206,37.752,0.7924,0.6244,0.431,Ensemble_unweighted,2020,4,A_removal,0.8777777777777778
271-365,95,0.275,57.96,28.964,0.9634,0.8014,0.58,Ensemble_unweighted,2020,4,A_removal,0.8421052631578947
1-7,7,0.149,15.992,10.222,0.9501,0.4784,0.406,Ensemble_MASEweighted,2020,4,A_removal,0.5714285714285714
8-30,23,-0.023,24.289,12.423,1.0694,0.8435,0.027,Ensemble_MASEweighted,2020,4,A_removal,0.9130434782608696
31-90,60,-0.005,31.655,18.303,0.9794,0.6689,0.128,Ensemble_MASEweighted,2020,4,A_removal,0.6166666666666667
91-180,90,0.205,18.257,12.244,0.89,0.4881,0.473,Ensemble_MASEweighted,2020,4,A_removal,0.4666666666666667
181-270,90,0.176,56.238,37.772,0.7928,0.6248,0.43,Ensemble_MASEweighted,2020,4,A_removal,0.8777777777777778
271-365,95,0.274,57.982,28.987,0.9642,0.802,0.58,Ensemble_MASEweighted,2020,4,A_removal,0.8421052631578947
1-7,7,0.226,15.25,9.41,0.8746,0.4404,0.647,RF,2020,4,B_resample,0.5714285714285714
8-30,23,0.003,23.987,12.195,1.0497,0.828,0.142,RF,2020,4,B_resample,0.9130434782608696
31-90,60,-0.028,32.025,17.521,0.9375,0.6403,0.16,RF,2020,4,B_resample,0.6166666666666667
91-180,90,0.144,18.943,12.37,0.8992,0.4931,0.526,RF,2020,4,B_resample,0.4666666666666667
181-270,90,0.194,55.613,38.299,0.8039,0.6335,0.461,RF,2020,4,B_resample,0.8777777777777778
271-365,95,0.424,51.647,23.003,0.7651,0.6364,0.709,RF,2020,4,B_resample,0.8421052631578947
1-7,7,-0.023,17.535,9.61,0.8933,0.4498,0.584,XGB,2020,4,B_resample,0.5714285714285714
8-30,23,-0.057,24.691,8.788,0.7565,0.5967,0.05,XGB,2020,4,B_resample,0.9130434782608696
31-90,60,-0.215,34.806,19.395,1.0378,0.7088,0.002,XGB,2020,4,B_resample,0.6166666666666667
91-180,90,-0.095,21.423,15.219,1.1062,0.6067,0.458,XGB,2020,4,B_resample,0.4666666666666667
181-270,90,0.24,54.017,35.183,0.7385,0.5819,0.492,XGB,2020,4,B_resample,0.8777777777777778
271-365,95,0.463,49.882,24.914,0.8287,0.6893,0.703,XGB,2020,4,B_resample,0.8421052631578947
1-7,7,0.015,17.205,9.361,0.8701,0.4381,0.684,LightGBM,2020,4,B_resample,0.5714285714285714
8-30,23,-0.045,24.554,8.906,0.7667,0.6047,0.008,LightGBM,2020,4,B_resample,0.9130434782608696
31-90,60,-0.153,33.91,18.607,0.9957,0.68,-0.027,LightGBM,2020,4,B_resample,0.6166666666666667
91-180,90,-0.156,22.01,15.427,1.1214,0.615,0.504,LightGBM,2020,4,B_resample,0.4666666666666667
181-270,90,0.189,55.801,36.889,0.7743,0.6102,0.446,LightGBM,2020,4,B_resample,0.8777777777777778
271-365,95,0.478,49.199,23.929,0.7959,0.6621,0.718,LightGBM,2020,4,B_resample,0.8421052631578947
1-7,7,-0.759,22.993,15.073,1.401,0.7055,-0.173,SARIMAX,2020,4,B_resample,0.5714285714285714
8-30,23,-0.123,25.456,9.696,0.8346,0.6583,-0.104,SARIMAX,2020,4,B_resample,0.9130434782608696
31-90,60,-0.276,35.677,20.669,1.106,0.7553,0.098,SARIMAX,2020,4,B_resample,0.6166666666666667
91-180,90,0.204,18.268,12.688,0.9222,0.5058,0.567,SARIMAX,2020,4,B_resample,0.4666666666666667
181-270,90,0.211,55.035,35.181,0.7384,0.5819,0.462,SARIMAX,2020,4,B_resample,0.8777777777777778
271-365,95,0.267,58.283,29.213,0.9717,0.8083,0.534,SARIMAX,2020,4,B_resample,0.8421052631578947
1-7,7,-0.053,17.796,9.429,0.8765,0.4413,0.66,Ensemble_unweighted,2020,4,B_resample,0.5714285714285714
8-30,23,-0.023,24.292,8.645,0.7441,0.587,0.06,Ensemble_unweighted,2020,4,B_resample,0.9130434782608696
31-90,60,-0.152,33.897,18.514,0.9907,0.6766,0.056,Ensemble_unweighted,2020,4,B_resample,0.6166666666666667
91-180,90,0.066,19.788,13.503,0.9815,0.5383,0.542,Ensemble_unweighted,2020,4,B_resample,0.4666666666666667
181-270,90,0.223,54.603,35.598,0.7472,0.5888,0.475,Ensemble_unweighted,2020,4,B_resample,0.8777777777777778
271-365,95,0.422,51.739,24.477,0.8142,0.6772,0.685,Ensemble_unweighted,2020,4,B_resample,0.8421052631578947
1-7,7,-0.05,17.771,9.431,0.8767,0.4414,0.66,Ensemble_MASEweighted,2020,4,B_resample,0.5714285714285714
8-30,23,-0.023,24.297,8.642,0.7439,0.5868,0.059,Ensemble_MASEweighted,2020,4,B_resample,0.9130434782608696
31-90,60,-0.152,33.903,18.52,0.991,0.6768,0.054,Ensemble_MASEweighted,2020,4,B_resample,0.6166666666666667
91-180,90,0.061,19.838,13.548,0.9847,0.54,0.541,Ensemble_MASEweighted,2020,4,B_resample,0.4666666666666667
181-270,90,0.223,54.602,35.598,0.7472,0.5888,0.475,Ensemble_MASEweighted,2020,4,B_resample,0.8777777777777778
271-365,95,0.424,51.655,24.449,0.8132,0.6764,0.686,Ensemble_MASEweighted,2020,4,B_resample,0.8421052631578947
1-7,7,0.084,49.062,34.182,0.9066,0.8782,0.509,RF,2020,9,A_removal,0.5714285714285714
8-30,23,-0.192,79.0,47.828,0.9636,0.8332,0.149,RF,2020,9,A_removal,0.8260869565217391
31-90,60,0.209,40.886,27.344,0.8863,0.6844,0.678,RF,2020,9,A_removal,0.4
91-180,90,-0.034,16.278,12.328,0.8743,0.6783,0.381,RF,2020,9,A_removal,0.6333333333333333
181-270,90,0.165,68.237,41.665,0.7277,0.5575,0.483,RF,2020,9,A_removal,0.7111111111111111
271-365,95,0.255,28.166,22.191,0.9305,0.8207,0.631,RF,2020,9,A_removal,0.9052631578947368
1-7,7,0.058,49.754,36.858,0.9776,0.947,0.299,XGB,2020,9,A_removal,0.5714285714285714
8-30,23,-0.202,79.312,47.87,0.9645,0.834,0.227,XGB,2020,9,A_removal,0.8260869565217391
31-90,60,0.167,41.968,26.978,0.8745,0.6753,0.709,XGB,2020,9,A_removal,0.4
91-180,90,0.033,15.737,11.509,0.8161,0.6332,0.378,XGB,2020,9,A_removal,0.6333333333333333
181-270,90,0.208,66.466,42.342,0.7395,0.5666,0.48,XGB,2020,9,A_removal,0.7111111111111111
271-365,95,0.298,27.339,20.22,0.8478,0.7477,0.638,XGB,2020,9,A_removal,0.9052631578947368
1-7,7,0.108,48.394,36.989,0.981,0.9503,0.333,LightGBM,2020,9,A_removal,0.5714285714285714
8-30,23,-0.205,79.399,47.462,0.9562,0.8269,0.233,LightGBM,2020,9,A_removal,0.8260869565217391
31-90,60,0.297,38.554,25.847,0.8378,0.647,0.763,LightGBM,2020,9,A_removal,0.4
91-180,90,0.092,15.254,10.93,0.7751,0.6014,0.364,LightGBM,2020,9,A_removal,0.6333333333333333
181-270,90,0.005,74.494,52.827,0.9227,0.7069,0.33,LightGBM,2020,9,A_removal,0.7111111111111111
271-365,95,0.312,27.069,20.2,0.847,0.747,0.645,LightGBM,2020,9,A_removal,0.9052631578947368
1-7,7,-0.236,56.991,36.942,0.9798,0.9491,-0.217,SARIMAX,2020,9,A_removal,0.5714285714285714
8-30,23,-0.274,81.671,50.217,1.0118,0.8749,0.167,SARIMAX,2020,9,A_removal,0.8260869565217391
31-90,60,-0.241,51.214,30.835,0.9995,0.7718,0.099,SARIMAX,2020,9,A_removal,0.4
91-180,90,0.0,16.003,9.941,0.705,0.547,0.117,SARIMAX,2020,9,A_removal,0.6333333333333333
181-270,90,0.248,64.775,39.761,0.6945,0.532,0.54,SARIMAX,2020,9,A_removal,0.7111111111111111
271-365,95,0.203,29.137,22.726,0.9529,0.8404,0.609,SARIMAX,2020,9,A_removal,0.9052631578947368
1-7,7,0.04,50.228,36.242,0.9612,0.9312,0.332,Ensemble_unweighted,2020,9,A_removal,0.5714285714285714
8-30,23,-0.215,79.731,48.297,0.9731,0.8414,0.222,Ensemble_unweighted,2020,9,A_removal,0.8260869565217391
31-90,60,0.134,42.782,26.933,0.873,0.6741,0.737,Ensemble_unweighted,2020,9,A_removal,0.4
91-180,90,0.12,15.011,10.503,0.7448,0.5779,0.4,Ensemble_unweighted,2020,9,A_removal,0.6333333333333333
181-270,90,0.192,67.155,42.619,0.7444,0.5703,0.459,Ensemble_unweighted,2020,9,A_removal,0.7111111111111111
271-365,95,0.291,27.484,21.138,0.8863,0.7817,0.642,Ensemble_unweighted,2020,9,A_removal,0.9052631578947368
1-7,7,0.042,50.166,36.257,0.9616,0.9316,0.333,Ensemble_MASEweighted,2020,9,A_removal,0.5714285714285714
8-30,23,-0.214,79.713,48.272,0.9726,0.841,0.223,Ensemble_MASEweighted,2020,9,A_removal,0.8260869565217391
31-90,60,0.138,42.693,26.909,0.8723,0.6735,0.738,Ensemble_MASEweighted,2020,9,A_removal,0.4
91-180,90,0.12,15.016,10.525,0.7464,0.5791,0.399,Ensemble_MASEweighted,2020,9,A_removal,0.6333333333333333
181-270,90,0.19,67.206,42.716,0.7461,0.5716,0.457,Ensemble_MASEweighted,2020,9,A_removal,0.7111111111111111
271-365,95,0.291,27.467,21.103,0.8849,0.7804,0.643,Ensemble_MASEweighted,2020,9,A_removal,0.9052631578947368
1-7,7,-0.058,52.711,34.118,0.9049,0.8766,0.38,RF,2020,9,B_resample,0.5714285714285714
8-30,23,-0.248,80.808,49.41,0.9955,0.8608,0.256,RF,2020,9,B_resample,0.8260869565217391
31-90,60,-0.039,46.868,28.641,0.9284,0.7169,0.725,RF,2020,9,B_resample,0.4
91-180,90,0.047,15.624,9.577,0.6792,0.527,0.223,RF,2020,9,B_resample,0.6333333333333333
181-270,90,0.084,71.474,53.086,0.9272,0.7103,0.441,RF,2020,9,B_resample,0.7111111111111111
271-365,95,0.354,26.223,18.815,0.7889,0.6958,0.633,RF,2020,9,B_resample,0.9052631578947368
1-7,7,-0.06,52.774,33.864,0.8981,0.87,0.242,XGB,2020,9,B_resample,0.5714285714285714
8-30,23,-0.362,84.438,51.259,1.0327,0.893,0.175,XGB,2020,9,B_resample,0.8260869565217391
31-90,60,-0.072,47.6,28.913,0.9372,0.7237,0.671,XGB,2020,9,B_resample,0.4
91-180,90,0.02,15.843,10.139,0.719,0.5579,0.346,XGB,2020,9,B_resample,0.6333333333333333
181-270,90,0.131,69.647,47.78,0.8345,0.6393,0.407,XGB,2020,9,B_resample,0.7111111111111111
271-365,95,0.386,25.574,17.28,0.7246,0.639,0.642,XGB,2020,9,B_resample,0.9052631578947368
1-7,7,0.083,49.082,34.905,0.9258,0.8968,0.374,LightGBM,2020,9,B_resample,0.5714285714285714
8-30,23,-0.296,82.35,50.232,1.012,0.8751,0.214,LightGBM,2020,9,B_resample,0.8260869565217391
31-90,60,0.129,42.919,26.668,0.8644,0.6675,0.734,LightGBM,2020,9,B_resample,0.4
91-180,90,0.036,15.717,9.888,0.7012,0.544,0.38,LightGBM,2020,9,B_resample,0.6333333333333333
181-270,90,0.008,74.388,54.186,0.9464,0.725,0.354,LightGBM,2020,9,B_resample,0.7111111111111111
271-365,95,0.385,25.59,17.918,0.7513,0.6626,0.641,LightGBM,2020,9,B_resample,0.9052631578947368
1-7,7,-0.178,55.634,38.454,1.0199,0.988,-0.223,SARIMAX,2020,9,B_resample,0.5714285714285714
8-30,23,-0.261,81.241,50.218,1.0118,0.8749,-0.012,SARIMAX,2020,9,B_resample,0.8260869565217391
31-90,60,-0.13,48.884,30.355,0.9839,0.7598,0.121,SARIMAX,2020,9,B_resample,0.4
91-180,90,-0.076,16.605,11.07,0.785,0.6091,-0.068,SARIMAX,2020,9,B_resample,0.6333333333333333
181-270,90,0.261,64.227,39.762,0.6945,0.532,0.532,SARIMAX,2020,9,B_resample,0.7111111111111111
271-365,95,0.081,31.278,25.614,1.074,0.9472,0.61,SARIMAX,2020,9,B_resample,0.9052631578947368
1-7,7,-0.039,52.233,35.335,0.9372,0.9079,0.252,Ensemble_unweighted,2020,9,B_resample,0.5714285714285714
8-30,23,-0.288,82.104,50.01,1.0076,0.8712,0.204,Ensemble_unweighted,2020,9,B_resample,0.8260869565217391
31-90,60,-0.019,46.408,28.276,0.9166,0.7078,0.715,Ensemble_unweighted,2020,9,B_resample,0.4
91-180,90,0.084,15.321,9.23,0.6545,0.5078,0.349,Ensemble_unweighted,2020,9,B_resample,0.6333333333333333
181-270,90,0.154,68.721,47.901,0.8366,0.6409,0.431,Ensemble_unweighted,2020,9,B_resample,0.7111111111111111
271-365,95,0.347,26.372,19.51,0.8181,0.7215,0.646,Ensemble_unweighted,2020,9,B_resample,0.9052631578947368
1-7,7,-0.037,52.186,35.299,0.9362,0.9069,0.257,Ensemble_MASEweighted,2020,9,B_resample,0.5714285714285714
8-30,23,-0.289,82.141,50.02,1.0078,0.8714,0.204,Ensemble_MASEweighted,2020,9,B_resample,0.8260869565217391
31-90,60,-0.017,46.372,28.253,0.9158,0.7072,0.716,Ensemble_MASEweighted,2020,9,B_resample,0.4
91-180,90,0.084,15.321,9.235,0.6549,0.5081,0.351,Ensemble_MASEweighted,2020,9,B_resample,0.6333333333333333
181-270,90,0.151,68.812,47.998,0.8383,0.6422,0.429,Ensemble_MASEweighted,2020,9,B_resample,0.7111111111111111
271-365,95,0.349,26.333,19.439,0.8151,0.7189,0.646,Ensemble_MASEweighted,2020,9,B_resample,0.9052631578947368
1-7,7,-0.519,3.221,2.98,1.4748,0.2968,0.269,RF,2021,2,A_removal,0.0
8-30,23,-0.351,13.94,10.598,0.8792,0.4884,0.342,RF,2021,2,A_removal,0.0
31-90,60,-0.018,15.736,11.994,1.0006,0.5576,0.208,RF,2021,2,A_removal,0.0
91-180,90,-0.052,13.228,9.434,0.7532,0.4268,-0.053,RF,2021,2,A_removal,0.0
181-270,90,-0.077,18.654,14.847,0.8007,0.5661,0.136,RF,2021,2,A_removal,0.0
271-365,95,-1.554,12.827,9.992,1.5276,1.2458,-0.077,RF,2021,2,A_removal,0.0
1-7,7,-0.469,3.168,2.858,1.4143,0.2846,0.665,XGB,2021,2,A_removal,0.0
8-30,23,-0.068,12.392,9.314,0.7727,0.4293,0.295,XGB,2021,2,A_removal,0.0
31-90,60,-0.03,15.828,10.074,0.8404,0.4683,0.144,XGB,2021,2,A_removal,0.0
91-180,90,-0.185,14.038,9.137,0.7294,0.4133,-0.057,XGB,2021,2,A_removal,0.0
181-270,90,-0.394,21.223,16.606,0.8956,0.6331,0.179,XGB,2021,2,A_removal,0.0
271-365,95,-1.971,13.836,9.314,1.424,1.1614,-0.13,XGB,2021,2,A_removal,0.0
1-7,7,-0.14,2.791,2.584,1.2787,0.2574,0.501,LightGBM,2021,2,A_removal,0.0
8-30,23,-0.15,12.863,9.972,0.8273,0.4596,0.353,LightGBM,2021,2,A_removal,0.0
31-90,60,-0.118,16.494,10.712,0.8937,0.498,0.134,LightGBM,2021,2,A_removal,0.0
91-180,90,-0.133,13.724,9.093,0.7259,0.4113,-0.093,LightGBM,2021,2,A_removal,0.0
181-270,90,-0.741,23.723,18.202,0.9817,0.694,0.039,LightGBM,2021,2,A_removal,0.0
271-365,95,-2.988,16.029,9.979,1.5257,1.2443,-0.114,LightGBM,2021,2,A_removal,0.0
1-7,7,-4.836,6.314,5.898,2.9191,0.5875,0.59,SARIMAX,2021,2,A_removal,0.0
8-30,23,-0.145,12.831,8.187,0.6792,0.3773,-0.252,SARIMAX,2021,2,A_removal,0.0
31-90,60,-0.018,15.74,10.069,0.84,0.4681,0.421,SARIMAX,2021,2,A_removal,0.0
91-180,90,-0.312,14.773,9.495,0.758,0.4295,-0.286,SARIMAX,2021,2,A_removal,0.0
181-270,90,-0.751,23.792,18.084,0.9753,0.6895,-0.052,SARIMAX,2021,2,A_removal,0.0
271-365,95,-0.733,10.568,8.585,1.3126,1.0705,-0.399,SARIMAX,2021,2,A_removal,0.0
1-7,7,-0.985,3.682,3.421,1.6931,0.3408,0.592,Ensemble_unweighted,2021,2,A_removal,0.0
8-30,23,0.038,11.76,8.639,0.7167,0.3982,0.334,Ensemble_unweighted,2021,2,A_removal,0.0
31-90,60,0.006,15.549,10.381,0.866,0.4826,0.174,Ensemble_unweighted,2021,2,A_removal,0.0
91-180,90,-0.12,13.646,9.05,0.7225,0.4094,-0.143,Ensemble_unweighted,2021,2,A_removal,0.0
181-270,90,-0.422,21.437,16.29,0.8786,0.6211,0.106,Ensemble_unweighted,2021,2,A_removal,0.0
271-365,95,-1.493,12.673,9.276,1.4183,1.1567,-0.135,Ensemble_unweighted,2021,2,A_removal,0.0
1-7,7,-0.954,3.654,3.394,1.6794,0.338,0.596,Ensemble_MASEweighted,2021,2,A_removal,0.0
8-30,23,0.034,11.784,8.662,0.7186,0.3992,0.334,Ensemble_MASEweighted,2021,2,A_removal,0.0
31-90,60,0.005,15.56,10.381,0.8661,0.4826,0.173,Ensemble_MASEweighted,2021,2,A_removal,0.0
91-180,90,-0.12,13.648,9.047,0.7222,0.4092,-0.14,Ensemble_MASEweighted,2021,2,A_removal,0.0
181-270,90,-0.423,21.449,16.308,0.8796,0.6218,0.106,Ensemble_MASEweighted,2021,2,A_removal,0.0
271-365,95,-1.514,12.728,9.282,1.4191,1.1574,-0.134,Ensemble_MASEweighted,2021,2,A_removal,0.0
1-7,7,-1.276,3.943,3.589,1.7761,0.3575,-0.09,RF,2021,2,B_resample,0.0
8-30,23,-0.071,12.411,8.149,0.6761,0.3756,0.319,RF,2021,2,B_resample,0.0
31-90,60,0.084,14.93,9.029,0.7533,0.4197,0.384,RF,2021,2,B_resample,0.0
91-180,90,-0.61,16.363,10.656,0.8507,0.482,-0.289,RF,2021,2,B_resample,0.0
181-270,90,-1.066,25.838,19.95,1.076,0.7606,-0.071,RF,2021,2,B_resample,0.0
271-365,95,-0.626,10.236,7.696,1.1766,0.9596,-0.21,RF,2021,2,B_resample,0.0
1-7,7,-0.007,2.622,2.119,1.0484,0.211,-0.273,XGB,2021,2,B_resample,0.0
8-30,23,-0.443,14.404,9.736,0.8077,0.4487,0.286,XGB,2021,2,B_resample,0.0
31-90,60,-0.463,18.868,11.116,0.9274,0.5168,0.121,XGB,2021,2,B_resample,0.0
91-180,90,-0.769,17.154,11.68,0.9324,0.5284,-0.142,XGB,2021,2,B_resample,0.0
181-270,90,-0.873,24.604,19.069,1.0284,0.727,0.065,XGB,2021,2,B_resample,0.0
271-365,95,-0.654,10.322,7.538,1.1525,0.9399,-0.086,XGB,2021,2,B_resample,0.0
1-7,7,-0.628,3.335,2.379,1.1772,0.2369,-0.55,LightGBM,2021,2,B_resample,0.0
8-30,23,-0.281,13.571,9.448,0.7838,0.4354,0.295,LightGBM,2021,2,B_resample,0.0
31-90,60,-0.467,18.889,11.476,0.9574,0.5335,0.299,LightGBM,2021,2,B_resample,0.0
91-180,90,-0.856,17.57,12.126,0.9681,0.5486,-0.15,LightGBM,2021,2,B_resample,0.0
181-270,90,-0.875,24.619,19.187,1.0348,0.7315,0.158,LightGBM,2021,2,B_resample,0.0
271-365,95,-1.906,13.683,8.758,1.339,1.092,-0.054,LightGBM,2021,2,B_resample,0.0
1-7,7,-6.793,7.297,6.975,3.4516,0.6947,0.593,SARIMAX,2021,2,B_resample,0.0
8-30,23,-0.467,14.524,9.034,0.7495,0.4163,-0.365,SARIMAX,2021,2,B_resample,0.0
31-90,60,0.079,14.966,9.725,0.8113,0.4521,0.321,SARIMAX,2021,2,B_resample,0.0
91-180,90,-0.678,16.705,11.102,0.8863,0.5022,-0.143,SARIMAX,2021,2,B_resample,0.0
181-270,90,-0.863,24.539,18.815,1.0148,0.7174,0.062,SARIMAX,2021,2,B_resample,0.0
271-365,95,-0.663,10.351,8.296,1.2684,1.0344,-0.463,SARIMAX,2021,2,B_resample,0.0
1-7,7,-0.551,3.255,2.926,1.4478,0.2914,0.324,Ensemble_unweighted,2021,2,B_resample,0.0
8-30,23,-0.286,13.599,8.965,0.7438,0.4132,0.257,Ensemble_unweighted,2021,2,B_resample,0.0
31-90,60,-0.108,16.416,9.099,0.7591,0.423,0.331,Ensemble_unweighted,2021,2,B_resample,0.0
91-180,90,-0.718,16.904,11.267,0.8995,0.5097,-0.274,Ensemble_unweighted,2021,2,B_resample,0.0
181-270,90,-0.914,24.874,19.249,1.0382,0.7339,0.063,Ensemble_unweighted,2021,2,B_resample,0.0
271-365,95,-0.775,10.694,7.985,1.2208,0.9956,-0.147,Ensemble_unweighted,2021,2,B_resample,0.0
1-7,7,-0.504,3.205,2.886,1.4283,0.2875,0.309,Ensemble_MASEweighted,2021,2,B_resample,0.0
8-30,23,-0.287,13.605,8.981,0.745,0.4139,0.259,Ensemble_MASEweighted,2021,2,B_resample,0.0
31-90,60,-0.116,16.476,9.123,0.7612,0.4241,0.329,Ensemble_MASEweighted,2021,2,B_resample,0.0
91-180,90,-0.72,16.915,11.281,0.9005,0.5103,-0.274,Ensemble_MASEweighted,2021,2,B_resample,0.0
181-270,90,-0.913,24.868,19.248,1.0381,0.7338,0.065,Ensemble_MASEweighted,2021,2,B_resample,0.0
271-365,95,-0.783,10.718,7.985,1.2208,0.9956,-0.144,Ensemble_MASEweighted,2021,2,B_resample,0.0
1-7,7,-0.114,1.955,1.502,0.9381,0.1374,0.677,RF,2021,4,A_removal,0.4285714285714285
8-30,23,-1.114,13.464,11.246,1.5085,0.8301,0.337,RF,2021,4,A_removal,0.8260869565217391
31-90,60,-0.006,13.049,10.549,1.1484,0.6361,0.289,RF,2021,4,A_removal,0.8333333333333334
91-180,90,0.216,63.061,39.057,0.6565,0.567,0.485,RF,2021,4,A_removal,1.0
181-270,90,0.28,70.159,54.887,0.8818,0.812,0.592,RF,2021,4,A_removal,0.9777777777777776
271-365,95,0.113,30.926,25.603,1.1761,1.0028,0.702,RF,2021,4,A_removal,0.9578947368421052
1-7,7,-0.845,2.516,2.054,1.2826,0.1879,-0.029,XGB,2021,4,A_removal,0.4285714285714285
8-30,23,-0.751,12.252,10.232,1.3725,0.7553,0.247,XGB,2021,4,A_removal,0.8260869565217391
31-90,60,-0.002,13.022,9.027,0.9827,0.5443,0.015,XGB,2021,4,A_removal,0.8333333333333334
91-180,90,0.141,66.029,39.586,0.6653,0.5746,0.41,XGB,2021,4,A_removal,1.0
181-270,90,0.438,62.009,48.359,0.7769,0.7154,0.742,XGB,2021,4,A_removal,0.9777777777777776
271-365,95,0.206,29.258,23.716,1.0894,0.9289,0.686,XGB,2021,4,A_removal,0.9578947368421052
1-7,7,-0.103,1.945,1.681,1.0497,0.1538,0.381,LightGBM,2021,4,A_removal,0.4285714285714285
8-30,23,-0.54,11.491,9.49,1.273,0.7005,0.279,LightGBM,2021,4,A_removal,0.8260869565217391
31-90,60,0.018,12.889,8.786,0.9564,0.5298,0.224,LightGBM,2021,4,A_removal,0.8333333333333334
91-180,90,0.144,65.908,39.237,0.6595,0.5696,0.414,LightGBM,2021,4,A_removal,1.0
181-270,90,0.408,63.625,49.486,0.795,0.7321,0.713,LightGBM,2021,4,A_removal,0.9777777777777776
271-365,95,0.109,31.0,25.297,1.162,0.9908,0.677,LightGBM,2021,4,A_removal,0.9578947368421052
1-7,7,-0.013,1.864,1.562,0.9755,0.1429,-0.062,SARIMAX,2021,4,A_removal,0.4285714285714285
8-30,23,-0.047,9.475,7.481,1.0034,0.5522,-0.154,SARIMAX,2021,4,A_removal,0.8260869565217391
31-90,60,-0.188,14.183,8.903,0.9692,0.5368,-0.284,SARIMAX,2021,4,A_removal,0.8333333333333334
91-180,90,0.162,65.182,44.354,0.7455,0.6438,0.415,SARIMAX,2021,4,A_removal,1.0
181-270,90,0.278,70.268,52.205,0.8387,0.7723,0.539,SARIMAX,2021,4,A_removal,0.9777777777777776
271-365,95,0.356,26.351,19.394,0.8909,0.7596,0.714,SARIMAX,2021,4,A_removal,0.9578947368421052
1-7,7,-0.149,1.986,1.651,1.0309,0.151,0.444,Ensemble_unweighted,2021,4,A_removal,0.4285714285714285
8-30,23,-0.297,10.546,8.679,1.1641,0.6406,0.299,Ensemble_unweighted,2021,4,A_removal,0.8260869565217391
31-90,60,0.026,12.839,8.765,0.9542,0.5285,0.266,Ensemble_unweighted,2021,4,A_removal,0.8333333333333334
91-180,90,0.177,64.608,40.246,0.6764,0.5842,0.433,Ensemble_unweighted,2021,4,A_removal,1.0
181-270,90,0.36,66.162,51.009,0.8195,0.7546,0.663,Ensemble_unweighted,2021,4,A_removal,0.9777777777777776
271-365,95,0.241,28.62,23.149,1.0634,0.9067,0.719,Ensemble_unweighted,2021,4,A_removal,0.9578947368421052
1-7,7,-0.157,1.993,1.656,1.034,0.1515,0.431,Ensemble_MASEweighted,2021,4,A_removal,0.4285714285714285
8-30,23,-0.309,10.592,8.713,1.1687,0.6432,0.298,Ensemble_MASEweighted,2021,4,A_removal,0.8260869565217391
31-90,60,0.026,12.837,8.767,0.9544,0.5287,0.265,Ensemble_MASEweighted,2021,4,A_removal,0.8333333333333334
91-180,90,0.176,64.639,40.215,0.6759,0.5838,0.432,Ensemble_MASEweighted,2021,4,A_removal,1.0
181-270,90,0.362,66.056,50.952,0.8186,0.7538,0.666,Ensemble_MASEweighted,2021,4,A_removal,0.9777777777777776
271-365,95,0.238,28.659,23.194,1.0654,0.9085,0.719,Ensemble_MASEweighted,2021,4,A_removal,0.9578947368421052
1-7,7,-0.157,1.992,1.545,0.9646,0.1413,-0.03,RF,2021,4,B_resample,0.4285714285714285
8-30,23,-0.129,9.837,8.371,1.1229,0.6179,0.188,RF,2021,4,B_resample,0.8260869565217391
31-90,60,0.009,12.95,9.095,0.99,0.5484,0.131,RF,2021,4,B_resample,0.8333333333333334
91-180,90,0.187,64.22,40.162,0.675,0.583,0.447,RF,2021,4,B_resample,1.0
181-270,90,0.245,71.882,54.765,0.8798,0.8102,0.516,RF,2021,4,B_resample,0.9777777777777776
271-365,95,0.325,26.981,19.982,0.9179,0.7827,0.676,RF,2021,4,B_resample,0.9578947368421052
1-7,7,-0.533,2.294,1.904,1.1894,0.1742,-0.08,XGB,2021,4,B_resample,0.4285714285714285
8-30,23,0.001,9.256,7.259,0.9737,0.5358,0.195,XGB,2021,4,B_resample,0.8260869565217391
31-90,60,-0.366,15.206,9.83,1.0701,0.5927,0.029,XGB,2021,4,B_resample,0.8333333333333334
91-180,90,0.139,66.102,40.323,0.6777,0.5853,0.416,XGB,2021,4,B_resample,1.0
181-270,90,0.254,71.454,52.172,0.8382,0.7718,0.548,XGB,2021,4,B_resample,0.9777777777777776
271-365,95,0.41,25.23,18.731,0.8604,0.7336,0.71,XGB,2021,4,B_resample,0.9578947368421052
1-7,7,-0.303,2.115,1.735,1.0839,0.1588,0.015,LightGBM,2021,4,B_resample,0.4285714285714285
8-30,23,-0.013,9.318,7.193,0.9648,0.5309,0.22,LightGBM,2021,4,B_resample,0.8260869565217391
31-90,60,-0.393,15.356,9.943,1.0824,0.5996,0.038,LightGBM,2021,4,B_resample,0.8333333333333334
91-180,90,0.188,64.167,39.225,0.6593,0.5694,0.473,LightGBM,2021,4,B_resample,1.0
181-270,90,0.319,68.254,51.047,0.8201,0.7552,0.625,LightGBM,2021,4,B_resample,0.9777777777777776
271-365,95,0.32,27.089,20.432,0.9386,0.8003,0.676,LightGBM,2021,4,B_resample,0.9578947368421052
1-7,7,-2.638,3.534,3.193,1.9943,0.2921,-0.224,SARIMAX,2021,4,B_resample,0.4285714285714285
8-30,23,-0.188,10.093,7.658,1.0272,0.5653,-0.264,SARIMAX,2021,4,B_resample,0.8260869565217391
31-90,60,-0.161,14.02,8.83,0.9612,0.5324,0.006,SARIMAX,2021,4,B_resample,0.8333333333333334
91-180,90,0.158,65.365,41.609,0.6994,0.604,0.418,SARIMAX,2021,4,B_resample,1.0
181-270,90,0.271,70.632,50.461,0.8107,0.7465,0.545,SARIMAX,2021,4,B_resample,0.9777777777777776
271-365,95,0.391,25.627,18.577,0.8534,0.7276,0.708,SARIMAX,2021,4,B_resample,0.9578947368421052
1-7,7,-0.322,2.13,1.691,1.0559,0.1547,-0.551,Ensemble_unweighted,2021,4,B_resample,0.4285714285714285
8-30,23,0.023,9.155,7.406,0.9934,0.5467,0.186,Ensemble_unweighted,2021,4,B_resample,0.8260869565217391
31-90,60,-0.169,14.066,8.93,0.9721,0.5385,0.086,Ensemble_unweighted,2021,4,B_resample,0.8333333333333334
91-180,90,0.172,64.818,40.202,0.6757,0.5836,0.441,Ensemble_unweighted,2021,4,B_resample,1.0
181-270,90,0.277,70.338,51.814,0.8324,0.7665,0.563,Ensemble_unweighted,2021,4,B_resample,0.9777777777777776
271-365,95,0.395,25.551,19.033,0.8743,0.7455,0.713,Ensemble_unweighted,2021,4,B_resample,0.9578947368421052
1-7,7,-0.318,2.127,1.679,1.0484,0.1536,-0.482,Ensemble_MASEweighted,2021,4,B_resample,0.4285714285714285
8-30,23,0.023,9.154,7.401,0.9926,0.5463,0.188,Ensemble_MASEweighted,2021,4,B_resample,0.8260869565217391
31-90,60,-0.173,14.092,8.944,0.9736,0.5393,0.087,Ensemble_MASEweighted,2021,4,B_resample,0.8333333333333334
91-180,90,0.172,64.824,40.186,0.6754,0.5833,0.441,Ensemble_MASEweighted,2021,4,B_resample,1.0
181-270,90,0.277,70.327,51.816,0.8325,0.7665,0.564,Ensemble_MASEweighted,2021,4,B_resample,0.9777777777777776
271-365,95,0.394,25.558,19.048,0.875,0.7461,0.712,Ensemble_MASEweighted,2021,4,B_resample,0.9578947368421052
1-7,7,0.51,6.873,5.98,0.5252,0.3209,0.891,RF,2021,9,A_removal,0.1428571428571428
8-30,23,0.049,12.923,10.972,0.7059,0.6392,0.344,RF,2021,9,A_removal,0.5217391304347826
31-90,60,-0.641,11.611,10.652,0.5592,0.9664,0.492,RF,2021,9,A_removal,0.5833333333333334
91-180,90,0.298,56.347,37.763,0.5896,0.4597,0.681,RF,2021,9,A_removal,0.9444444444444444
181-270,90,0.178,32.193,23.689,0.852,0.4661,0.499,RF,2021,9,A_removal,0.5222222222222223
271-365,95,-0.112,13.657,9.554,0.5676,0.6223,0.318,RF,2021,9,A_removal,0.0
1-7,7,0.328,8.055,5.812,0.5104,0.3119,0.85,XGB,2021,9,A_removal,0.1428571428571428
8-30,23,-0.014,13.348,11.633,0.7485,0.6777,-0.118,XGB,2021,9,A_removal,0.5217391304347826
31-90,60,-0.394,10.7,9.361,0.4914,0.8492,-0.155,XGB,2021,9,A_removal,0.5833333333333334
91-180,90,0.249,58.275,37.509,0.5856,0.4566,0.683,XGB,2021,9,A_removal,0.9444444444444444
181-270,90,0.019,35.171,23.343,0.8396,0.4593,0.308,XGB,2021,9,A_removal,0.5222222222222223
271-365,95,-0.496,15.843,11.589,0.6885,0.7548,0.185,XGB,2021,9,A_removal,0.0
1-7,7,0.431,7.408,5.44,0.4778,0.292,0.846,LightGBM,2021,9,A_removal,0.1428571428571428
8-30,23,-0.061,13.653,10.955,0.7049,0.6383,0.134,LightGBM,2021,9,A_removal,0.5217391304347826
31-90,60,0.023,8.96,7.134,0.3745,0.6472,0.34,LightGBM,2021,9,A_removal,0.5833333333333334
91-180,90,0.25,58.257,37.766,0.5896,0.4597,0.683,LightGBM,2021,9,A_removal,0.9444444444444444
181-270,90,0.131,33.11,22.605,0.813,0.4448,0.387,LightGBM,2021,9,A_removal,0.5222222222222223
271-365,95,-0.54,16.076,9.874,0.5866,0.6431,0.226,LightGBM,2021,9,A_removal,0.0
1-7,7,-1.073,14.143,13.43,1.1795,0.7207,0.926,SARIMAX,2021,9,A_removal,0.1428571428571428
8-30,23,-2.889,26.139,22.784,1.4659,1.3274,0.551,SARIMAX,2021,9,A_removal,0.5217391304347826
31-90,60,-7.146,25.867,23.542,1.2358,2.1358,-0.478,SARIMAX,2021,9,A_removal,0.5833333333333334
91-180,90,0.107,63.578,45.714,0.7137,0.5565,0.675,SARIMAX,2021,9,A_removal,0.9444444444444444
181-270,90,-0.489,43.337,33.646,1.2101,0.662,0.495,SARIMAX,2021,9,A_removal,0.5222222222222223
271-365,95,-0.014,13.043,10.146,0.6028,0.6608,0.599,SARIMAX,2021,9,A_removal,0.0
1-7,7,0.754,4.872,4.412,0.3875,0.2368,0.904,Ensemble_unweighted,2021,9,A_removal,0.1428571428571428
8-30,23,-0.223,14.656,11.148,0.7173,0.6495,0.36,Ensemble_unweighted,2021,9,A_removal,0.5217391304347826
31-90,60,-0.0,9.064,6.249,0.328,0.5669,0.295,Ensemble_unweighted,2021,9,A_removal,0.5833333333333334
91-180,90,0.249,58.299,37.014,0.5779,0.4506,0.684,Ensemble_unweighted,2021,9,A_removal,0.9444444444444444
181-270,90,0.133,33.06,21.721,0.7812,0.4274,0.455,Ensemble_unweighted,2021,9,A_removal,0.5222222222222223
271-365,95,0.094,12.328,8.202,0.4873,0.5342,0.401,Ensemble_unweighted,2021,9,A_removal,0.0
1-7,7,0.752,4.897,4.428,0.3889,0.2376,0.903,Ensemble_MASEweighted,2021,9,A_removal,0.1428571428571428
8-30,23,-0.21,14.577,11.125,0.7158,0.6482,0.349,Ensemble_MASEweighted,2021,9,A_removal,0.5217391304347826
31-90,60,0.011,9.015,6.213,0.3262,0.5637,0.299,Ensemble_MASEweighted,2021,9,A_removal,0.5833333333333334
91-180,90,0.249,58.283,37.013,0.5779,0.4506,0.684,Ensemble_MASEweighted,2021,9,A_removal,0.9444444444444444
181-270,90,0.133,33.065,21.732,0.7816,0.4276,0.452,Ensemble_MASEweighted,2021,9,A_removal,0.5222222222222223
271-365,95,0.08,12.421,8.271,0.4914,0.5387,0.394,Ensemble_MASEweighted,2021,9,A_removal,0.0
1-7,7,0.539,6.669,5.473,0.4807,0.2937,0.927,RF,2021,9,B_resample,0.1428571428571428
8-30,23,0.094,12.615,10.464,0.6733,0.6096,0.532,RF,2021,9,B_resample,0.5217391304347826
31-90,60,-0.401,10.726,9.687,0.5085,0.8788,0.506,RF,2021,9,B_resample,0.5833333333333334
91-180,90,0.277,57.207,36.964,0.5771,0.45,0.685,RF,2021,9,B_resample,0.9444444444444444
181-270,90,0.245,30.861,21.502,0.7733,0.4231,0.517,RF,2021,9,B_resample,0.5222222222222223
271-365,95,0.224,11.41,7.664,0.4553,0.4992,0.531,RF,2021,9,B_resample,0.0
1-7,7,0.602,6.197,5.358,0.4706,0.2875,0.888,XGB,2021,9,B_resample,0.1428571428571428
8-30,23,-0.268,14.926,11.171,0.7187,0.6508,0.094,XGB,2021,9,B_resample,0.5217391304347826
31-90,60,0.088,8.653,5.963,0.313,0.541,0.378,XGB,2021,9,B_resample,0.5833333333333334
91-180,90,0.255,58.057,36.825,0.5749,0.4483,0.685,XGB,2021,9,B_resample,0.9444444444444444
181-270,90,-0.016,35.791,24.415,0.8781,0.4804,0.314,XGB,2021,9,B_resample,0.5222222222222223
271-365,95,0.159,11.876,7.986,0.4745,0.5202,0.437,XGB,2021,9,B_resample,0.0
1-7,7,0.562,6.499,6.03,0.5296,0.3236,0.807,LightGBM,2021,9,B_resample,0.1428571428571428
8-30,23,-0.335,15.313,11.536,0.7423,0.6721,0.013,LightGBM,2021,9,B_resample,0.5217391304347826
31-90,60,0.104,8.578,5.843,0.3067,0.5301,0.566,LightGBM,2021,9,B_resample,0.5833333333333334
91-180,90,0.231,58.98,37.324,0.5827,0.4544,0.682,LightGBM,2021,9,B_resample,0.9444444444444444
181-270,90,0.145,32.831,22.626,0.8137,0.4452,0.397,LightGBM,2021,9,B_resample,0.5222222222222223
271-365,95,-0.259,14.534,9.37,0.5567,0.6103,0.239,LightGBM,2021,9,B_resample,0.0
1-7,7,-0.291,11.161,10.485,0.9209,0.5627,0.928,SARIMAX,2021,9,B_resample,0.1428571428571428
8-30,23,-2.809,25.869,21.606,1.3902,1.2587,-0.445,SARIMAX,2021,9,B_resample,0.5217391304347826
31-90,60,-2.241,16.315,14.062,0.7382,1.2757,0.41,SARIMAX,2021,9,B_resample,0.5833333333333334
91-180,90,0.157,61.743,43.406,0.6777,0.5284,0.671,SARIMAX,2021,9,B_resample,0.9444444444444444
181-270,90,-0.274,40.087,30.16,1.0847,0.5935,0.509,SARIMAX,2021,9,B_resample,0.5222222222222223
271-365,95,0.001,12.945,10.027,0.5957,0.6531,0.531,SARIMAX,2021,9,B_resample,0.0
1-7,7,0.708,5.313,4.855,0.4264,0.2605,0.914,Ensemble_unweighted,2021,9,B_resample,0.1428571428571428
8-30,23,-0.519,16.336,11.844,0.762,0.69,-0.015,Ensemble_unweighted,2021,9,B_resample,0.5217391304347826
31-90,60,0.102,8.588,5.942,0.3119,0.539,0.498,Ensemble_unweighted,2021,9,B_resample,0.5833333333333334
91-180,90,0.242,58.57,37.19,0.5806,0.4527,0.682,Ensemble_unweighted,2021,9,B_resample,0.9444444444444444
181-270,90,0.138,32.968,21.738,0.7818,0.4277,0.463,Ensemble_unweighted,2021,9,B_resample,0.5222222222222223
271-365,95,0.243,11.269,7.672,0.4558,0.4997,0.493,Ensemble_unweighted,2021,9,B_resample,0.0
1-7,7,0.707,5.321,4.881,0.4286,0.2619,0.913,Ensemble_MASEweighted,2021,9,B_resample,0.1428571428571428
8-30,23,-0.508,16.276,11.797,0.759,0.6873,-0.01,Ensemble_MASEweighted,2021,9,B_resample,0.5217391304347826
31-90,60,0.105,8.575,5.933,0.3114,0.5382,0.499,Ensemble_MASEweighted,2021,9,B_resample,0.5833333333333334
91-180,90,0.242,58.559,37.159,0.5801,0.4524,0.682,Ensemble_MASEweighted,2021,9,B_resample,0.9444444444444444
181-270,90,0.138,32.968,21.733,0.7816,0.4276,0.461,Ensemble_MASEweighted,2021,9,B_resample,0.5222222222222223
271-365,95,0.238,11.307,7.692,0.457,0.501,0.488,Ensemble_MASEweighted,2021,9,B_resample,0.0
1-7,7,-37.533,33.567,31.3,3.8766,2.4418,-0.555,RF,2022,2,A_removal,0.0
8-30,23,-3.089,33.703,30.294,1.6771,1.9181,0.465,RF,2022,2,A_removal,0.0
31-90,60,0.22,17.433,11.131,0.492,0.6226,0.658,RF,2022,2,A_removal,0.0
91-180,90,-1.194,14.309,13.442,0.7481,1.0165,0.606,RF,2022,2,A_removal,0.0
181-270,90,-0.023,15.676,13.056,0.4389,0.5222,0.162,RF,2022,2,A_removal,0.0
271-365,95,-0.226,17.548,13.255,0.8457,1.1455,-0.132,RF,2022,2,A_removal,0.0
1-7,7,-35.431,32.639,30.614,3.7916,2.3883,-0.455,XGB,2022,2,A_removal,0.0
8-30,23,-1.623,26.994,22.579,1.25,1.4296,0.492,XGB,2022,2,A_removal,0.0
31-90,60,0.152,18.177,9.794,0.4329,0.5478,0.549,XGB,2022,2,A_removal,0.0
91-180,90,-0.322,11.109,9.444,0.5256,0.7142,0.558,XGB,2022,2,A_removal,0.0
181-270,90,-0.427,18.515,14.029,0.4716,0.5611,0.029,XGB,2022,2,A_removal,0.0
271-365,95,-0.168,17.127,12.122,0.7734,1.0475,-0.223,XGB,2022,2,A_removal,0.0
1-7,7,-40.278,34.742,32.27,3.9967,2.5174,-0.363,LightGBM,2022,2,A_removal,0.0
8-30,23,-2.233,29.968,26.126,1.4463,1.6541,0.478,LightGBM,2022,2,A_removal,0.0
31-90,60,0.212,17.531,9.513,0.4205,0.5321,0.582,LightGBM,2022,2,A_removal,0.0
91-180,90,-0.277,10.919,8.972,0.4993,0.6785,0.49,LightGBM,2022,2,A_removal,0.0
181-270,90,-0.148,16.606,12.406,0.4171,0.4962,0.455,LightGBM,2022,2,A_removal,0.0
271-365,95,-0.158,17.054,12.25,0.7816,1.0586,-0.209,LightGBM,2022,2,A_removal,0.0
1-7,7,-10.291,18.17,17.147,2.1237,1.3377,-0.799,SARIMAX,2022,2,A_removal,0.0
8-30,23,0.018,16.518,12.934,0.716,0.8189,0.801,SARIMAX,2022,2,A_removal,0.0
31-90,60,-0.294,22.461,10.95,0.484,0.6125,0.372,SARIMAX,2022,2,A_removal,0.0
91-180,90,-0.498,11.824,7.355,0.4094,0.5562,0.298,SARIMAX,2022,2,A_removal,0.0
181-270,90,-2.106,27.32,22.547,0.7579,0.9018,0.115,SARIMAX,2022,2,A_removal,0.0
271-365,95,-0.188,17.272,9.457,0.6034,0.8173,0.2,SARIMAX,2022,2,A_removal,0.0
1-7,7,-29.071,29.653,27.833,3.4472,2.1713,-0.474,Ensemble_unweighted,2022,2,A_removal,0.0
8-30,23,-1.257,25.043,20.177,1.117,1.2775,0.494,Ensemble_unweighted,2022,2,A_removal,0.0
31-90,60,0.181,17.866,8.486,0.3751,0.4746,0.633,Ensemble_unweighted,2022,2,A_removal,0.0
91-180,90,0.03,9.517,7.293,0.4059,0.5515,0.568,Ensemble_unweighted,2022,2,A_removal,0.0
181-270,90,-0.456,18.702,13.799,0.4639,0.5519,0.219,Ensemble_unweighted,2022,2,A_removal,0.0
271-365,95,-0.068,16.374,10.815,0.69,0.9346,-0.193,Ensemble_unweighted,2022,2,A_removal,0.0
1-7,7,-29.351,29.791,27.959,3.4627,2.1811,-0.472,Ensemble_MASEweighted,2022,2,A_removal,0.0
8-30,23,-1.28,25.17,20.34,1.126,1.2878,0.494,Ensemble_MASEweighted,2022,2,A_removal,0.0
31-90,60,0.182,17.854,8.528,0.377,0.477,0.631,Ensemble_MASEweighted,2022,2,A_removal,0.0
91-180,90,0.02,9.565,7.374,0.4104,0.5576,0.567,Ensemble_MASEweighted,2022,2,A_removal,0.0
181-270,90,-0.447,18.649,13.765,0.4627,0.5505,0.219,Ensemble_MASEweighted,2022,2,A_removal,0.0
271-365,95,-0.07,16.393,10.865,0.6932,0.9389,-0.194,Ensemble_MASEweighted,2022,2,A_removal,0.0
1-7,7,-23.368,26.694,25.51,3.1595,1.9901,-0.419,RF,2022,2,B_resample,0.0
8-30,23,-0.561,20.828,14.116,0.7815,0.8937,0.564,RF,2022,2,B_resample,0.0
31-90,60,0.118,18.538,8.881,0.3926,0.4967,0.529,RF,2022,2,B_resample,0.0
91-180,90,-0.14,10.317,7.651,0.4258,0.5786,0.523,RF,2022,2,B_resample,0.0
181-270,90,-0.188,16.894,13.198,0.4437,0.5279,-0.058,RF,2022,2,B_resample,0.0
271-365,95,-0.049,16.226,10.585,0.6754,0.9147,-0.068,RF,2022,2,B_resample,0.0
1-7,7,-20.584,25.123,23.867,2.956,1.8619,-0.328,XGB,2022,2,B_resample,0.0
8-30,23,-0.211,18.343,11.146,0.617,0.7057,0.566,XGB,2022,2,B_resample,0.0
31-90,60,-0.031,20.043,8.541,0.3775,0.4777,0.511,XGB,2022,2,B_resample,0.0
91-180,90,0.186,8.715,3.957,0.2202,0.2992,0.513,XGB,2022,2,B_resample,0.0
181-270,90,-0.829,20.964,15.588,0.524,0.6235,0.196,XGB,2022,2,B_resample,0.0
271-365,95,-0.03,16.082,9.574,0.6109,0.8273,-0.242,XGB,2022,2,B_resample,0.0
1-7,7,-20.974,25.349,23.85,2.9538,1.8605,-0.457,LightGBM,2022,2,B_resample,0.0
8-30,23,-0.44,20.004,14.408,0.7976,0.9122,0.746,LightGBM,2022,2,B_resample,0.0
31-90,60,-0.116,20.856,9.833,0.4347,0.55,0.293,LightGBM,2022,2,B_resample,0.0
91-180,90,0.106,9.136,3.858,0.2147,0.2918,0.506,LightGBM,2022,2,B_resample,0.0
181-270,90,-0.992,21.878,16.308,0.5482,0.6523,0.07,LightGBM,2022,2,B_resample,0.0
271-365,95,-0.075,16.429,9.364,0.5975,0.8092,-0.235,LightGBM,2022,2,B_resample,0.0
1-7,7,-16.663,22.726,21.662,2.6829,1.6899,-0.717,SARIMAX,2022,2,B_resample,0.0
8-30,23,-0.144,17.831,12.812,0.7093,0.8112,-0.7,SARIMAX,2022,2,B_resample,0.0
31-90,60,-0.04,20.133,7.32,0.3236,0.4095,0.256,SARIMAX,2022,2,B_resample,0.0
91-180,90,-0.463,11.684,6.875,0.3826,0.5199,-0.088,SARIMAX,2022,2,B_resample,0.0
181-270,90,-1.596,24.976,20.046,0.6739,0.8017,0.37,SARIMAX,2022,2,B_resample,0.0
271-365,95,-0.107,16.67,9.025,0.5758,0.7799,0.112,SARIMAX,2022,2,B_resample,0.0
1-7,7,-20.269,24.938,23.722,2.938,1.8506,-0.457,Ensemble_unweighted,2022,2,B_resample,0.0
8-30,23,-0.266,18.752,11.344,0.628,0.7182,0.638,Ensemble_unweighted,2022,2,B_resample,0.0
31-90,60,0.018,19.568,7.374,0.326,0.4125,0.565,Ensemble_unweighted,2022,2,B_resample,0.0
91-180,90,0.117,9.077,3.908,0.2175,0.2955,0.546,Ensemble_unweighted,2022,2,B_resample,0.0
181-270,90,-0.798,20.788,15.419,0.5183,0.6167,0.207,Ensemble_unweighted,2022,2,B_resample,0.0
271-365,95,-0.033,16.106,9.209,0.5876,0.7958,-0.128,Ensemble_unweighted,2022,2,B_resample,0.0
1-7,7,-20.293,24.953,23.733,2.9393,1.8514,-0.454,Ensemble_MASEweighted,2022,2,B_resample,0.0
8-30,23,-0.267,18.763,11.365,0.6292,0.7195,0.64,Ensemble_MASEweighted,2022,2,B_resample,0.0
31-90,60,0.016,19.583,7.404,0.3273,0.4141,0.567,Ensemble_MASEweighted,2022,2,B_resample,0.0
91-180,90,0.12,9.065,3.903,0.2172,0.2951,0.546,Ensemble_MASEweighted,2022,2,B_resample,0.0
181-270,90,-0.799,20.79,15.42,0.5184,0.6167,0.204,Ensemble_MASEweighted,2022,2,B_resample,0.0
271-365,95,-0.033,16.108,9.218,0.5882,0.7966,-0.133,Ensemble_MASEweighted,2022,2,B_resample,0.0
1-7,7,-41.596,22.293,20.287,5.3655,6.1385,-0.334,RF,2022,4,A_removal,0.0
8-30,23,-311.154,35.012,34.23,6.5854,15.7438,0.507,RF,2022,4,A_removal,0.0
31-90,60,-21.805,18.264,17.463,2.0561,3.6153,0.409,RF,2022,4,A_removal,0.0166666666666666
91-180,90,0.25,35.025,27.174,1.0415,1.1558,0.719,RF,2022,4,A_removal,0.8333333333333334
181-270,90,0.171,42.01,32.14,0.8408,0.8935,0.671,RF,2022,4,A_removal,0.8222222222222222
271-365,95,-0.098,21.18,18.574,1.0956,1.2883,0.602,RF,2022,4,A_removal,0.7789473684210526
1-7,7,-43.807,22.864,20.904,5.5286,6.325,-0.372,XGB,2022,4,A_removal,0.0
8-30,23,-192.702,27.581,27.215,5.2358,12.5174,0.556,XGB,2022,4,A_removal,0.0
31-90,60,-7.759,11.319,9.923,1.1682,2.0542,0.081,XGB,2022,4,A_removal,0.0166666666666666
91-180,90,0.445,30.13,21.465,0.8227,0.913,0.852,XGB,2022,4,A_removal,0.8333333333333334
181-270,90,0.361,36.895,26.448,0.6919,0.7353,0.679,XGB,2022,4,A_removal,0.8222222222222222
271-365,95,0.2,18.084,14.706,0.8674,1.02,0.615,XGB,2022,4,A_removal,0.7789473684210526
1-7,7,-27.134,18.117,16.288,4.3078,4.9283,-0.552,LightGBM,2022,4,A_removal,0.0
8-30,23,-146.876,24.098,23.828,4.5842,10.9596,0.561,LightGBM,2022,4,A_removal,0.0
31-90,60,-7.399,11.084,9.91,1.1668,2.0516,0.139,LightGBM,2022,4,A_removal,0.0166666666666666
91-180,90,0.439,30.286,21.708,0.832,0.9234,0.835,LightGBM,2022,4,A_removal,0.8333333333333334
181-270,90,0.18,41.77,31.544,0.8252,0.8769,0.683,LightGBM,2022,4,A_removal,0.8222222222222222
271-365,95,0.179,18.311,14.811,0.8736,1.0273,0.591,LightGBM,2022,4,A_removal,0.7789473684210526
1-7,7,-9.359,10.994,9.611,2.5419,2.9081,-0.892,SARIMAX,2022,4,A_removal,0.0
8-30,23,-30.458,11.115,10.948,2.1062,5.0354,0.616,SARIMAX,2022,4,A_removal,0.0
31-90,60,-3.331,7.959,7.101,0.836,1.47,-0.6,SARIMAX,2022,4,A_removal,0.0166666666666666
91-180,90,0.626,24.732,16.412,0.629,0.6981,0.916,SARIMAX,2022,4,A_removal,0.8333333333333334
181-270,90,0.424,35.013,23.435,0.6131,0.6515,0.69,SARIMAX,2022,4,A_removal,0.8222222222222222
271-365,95,-0.001,20.222,16.07,0.9479,1.1146,0.629,SARIMAX,2022,4,A_removal,0.7789473684210526
1-7,7,-28.092,18.423,16.773,4.436,5.075,-0.471,Ensemble_unweighted,2022,4,A_removal,0.0
8-30,23,-149.727,24.329,24.055,4.6279,11.0641,0.551,Ensemble_unweighted,2022,4,A_removal,0.0
31-90,60,-8.6,11.85,10.981,1.2928,2.2733,0.224,Ensemble_unweighted,2022,4,A_removal,0.0166666666666666
91-180,90,0.462,29.664,21.384,0.8196,0.9096,0.867,Ensemble_unweighted,2022,4,A_removal,0.8333333333333334
181-270,90,0.314,38.22,27.995,0.7323,0.7783,0.686,Ensemble_unweighted,2022,4,A_removal,0.8222222222222222
271-365,95,0.139,18.755,15.777,0.9306,1.0943,0.641,Ensemble_unweighted,2022,4,A_removal,0.7789473684210526
1-7,7,-28.356,18.507,16.849,4.4562,5.0981,-0.47,Ensemble_MASEweighted,2022,4,A_removal,0.0
8-30,23,-150.811,24.417,24.14,4.6443,11.1033,0.551,Ensemble_MASEweighted,2022,4,A_removal,0.0
31-90,60,-8.592,11.845,10.965,1.2909,2.2699,0.22,Ensemble_MASEweighted,2022,4,A_removal,0.0166666666666666
91-180,90,0.461,29.695,21.407,0.8204,0.9105,0.866,Ensemble_MASEweighted,2022,4,A_removal,0.8333333333333334
181-270,90,0.313,38.239,28.024,0.7331,0.7791,0.686,Ensemble_MASEweighted,2022,4,A_removal,0.8222222222222222
271-365,95,0.142,18.728,15.742,0.9285,1.0918,0.641,Ensemble_MASEweighted,2022,4,A_removal,0.7789473684210526
1-7,7,-16.288,14.202,12.866,3.4028,3.893,-0.435,RF,2022,4,B_resample,0.0
8-30,23,-83.671,18.235,18.011,3.4652,8.2843,0.564,RF,2022,4,B_resample,0.0
31-90,60,-9.348,12.303,11.947,1.4066,2.4733,0.655,RF,2022,4,B_resample,0.0166666666666666
91-180,90,0.479,29.2,20.893,0.8008,0.8887,0.886,RF,2022,4,B_resample,0.8333333333333334
181-270,90,0.207,41.094,30.719,0.8036,0.854,0.686,RF,2022,4,B_resample,0.8222222222222222
271-365,95,0.253,17.468,13.727,0.8097,0.9521,0.623,RF,2022,4,B_resample,0.7789473684210526
1-7,7,-11.883,12.26,11.246,2.9743,3.4028,-0.057,XGB,2022,4,B_resample,0.0
8-30,23,-54.364,14.745,14.367,2.764,6.6079,0.337,XGB,2022,4,B_resample,0.0
31-90,60,-1.49,6.036,5.36,0.631,1.1096,0.155,XGB,2022,4,B_resample,0.0166666666666666
91-180,90,0.481,29.15,17.905,0.6862,0.7616,0.863,XGB,2022,4,B_resample,0.8333333333333334
181-270,90,0.4,35.728,24.656,0.645,0.6855,0.679,XGB,2022,4,B_resample,0.8222222222222222
271-365,95,0.33,16.548,11.832,0.6979,0.8206,0.618,XGB,2022,4,B_resample,0.7789473684210526
1-7,7,-9.719,11.183,10.159,2.6868,3.0738,-0.235,LightGBM,2022,4,B_resample,0.0
8-30,23,-65.209,16.125,15.671,3.0148,7.2077,0.26,LightGBM,2022,4,B_resample,0.0
31-90,60,-1.297,5.796,5.109,0.6015,1.0577,0.053,LightGBM,2022,4,B_resample,0.0166666666666666
91-180,90,0.491,28.86,18.008,0.6902,0.766,0.84,LightGBM,2022,4,B_resample,0.8333333333333334
181-270,90,0.187,41.607,30.277,0.792,0.8417,0.656,LightGBM,2022,4,B_resample,0.8222222222222222
271-365,95,0.305,16.856,11.827,0.6976,0.8203,0.59,LightGBM,2022,4,B_resample,0.7789473684210526
1-7,7,-3.777,7.465,6.356,1.6809,1.9231,-0.899,SARIMAX,2022,4,B_resample,0.0
8-30,23,-13.107,7.443,7.157,1.377,3.292,-0.07,SARIMAX,2022,4,B_resample,0.0
31-90,60,-2.455,7.109,6.377,0.7508,1.3201,0.485,SARIMAX,2022,4,B_resample,0.0166666666666666
91-180,90,0.618,24.982,16.567,0.635,0.7047,0.91,SARIMAX,2022,4,B_resample,0.8333333333333334
181-270,90,0.426,34.953,23.416,0.6126,0.651,0.689,SARIMAX,2022,4,B_resample,0.8222222222222222
271-365,95,0.09,19.284,14.663,0.8649,1.0171,0.613,SARIMAX,2022,4,B_resample,0.7789473684210526
1-7,7,-9.373,11.001,9.691,2.5631,2.9323,-0.446,Ensemble_unweighted,2022,4,B_resample,0.0
8-30,23,-49.163,14.036,13.802,2.6552,6.348,0.395,Ensemble_unweighted,2022,4,B_resample,0.0
31-90,60,-2.804,7.459,6.809,0.8016,1.4095,0.546,Ensemble_unweighted,2022,4,B_resample,0.0166666666666666
91-180,90,0.528,27.773,18.089,0.6933,0.7694,0.887,Ensemble_unweighted,2022,4,B_resample,0.8333333333333334
181-270,90,0.335,37.628,26.94,0.7047,0.7489,0.68,Ensemble_unweighted,2022,4,B_resample,0.8222222222222222
271-365,95,0.306,16.843,12.657,0.7466,0.8779,0.628,Ensemble_unweighted,2022,4,B_resample,0.7789473684210526
1-7,7,-9.433,11.033,9.736,2.5749,2.9458,-0.436,Ensemble_MASEweighted,2022,4,B_resample,0.0
8-30,23,-49.561,14.091,13.853,2.6651,6.3716,0.392,Ensemble_MASEweighted,2022,4,B_resample,0.0
31-90,60,-2.758,7.414,6.757,0.7956,1.3989,0.535,Ensemble_MASEweighted,2022,4,B_resample,0.0166666666666666
91-180,90,0.527,27.811,18.086,0.6932,0.7693,0.886,Ensemble_MASEweighted,2022,4,B_resample,0.8333333333333334
181-270,90,0.334,37.639,26.955,0.7051,0.7494,0.68,Ensemble_MASEweighted,2022,4,B_resample,0.8222222222222222
271-365,95,0.307,16.829,12.629,0.7449,0.876,0.627,Ensemble_MASEweighted,2022,4,B_resample,0.7789473684210526
1-7,7,-33.25,11.514,11.098,7.4465,5.5872,-0.428,RF,2022,9,A_removal,0.0
8-30,23,-13.219,11.509,11.231,2.3634,3.0663,0.607,RF,2022,9,A_removal,0.0
31-90,60,-2.734,12.638,10.967,1.2696,1.4522,0.341,RF,2022,9,A_removal,0.2333333333333333
91-180,90,-1.907,23.414,20.67,1.5606,1.6656,0.157,RF,2022,9,A_removal,0.9333333333333332
181-270,90,0.038,46.712,39.102,0.9087,0.9239,0.703,RF,2022,9,A_removal,0.9333333333333332
271-365,95,0.114,32.364,23.216,0.8133,0.8421,0.392,RF,2022,9,A_removal,0.936842105263158
1-7,7,-28.23,10.637,10.352,6.9458,5.2114,-0.521,XGB,2022,9,A_removal,0.0
8-30,23,-8.255,9.285,8.859,1.8642,2.4187,0.498,XGB,2022,9,A_removal,0.0
31-90,60,-0.842,8.876,7.19,0.8323,0.9521,0.174,XGB,2022,9,A_removal,0.2333333333333333
91-180,90,-0.971,19.279,16.471,1.2436,1.3272,0.31,XGB,2022,9,A_removal,0.9333333333333332
181-270,90,0.308,39.609,30.833,0.7165,0.7285,0.669,XGB,2022,9,A_removal,0.9333333333333332
271-365,95,0.085,32.886,24.311,0.8516,0.8819,0.344,XGB,2022,9,A_removal,0.936842105263158
1-7,7,-22.983,9.635,9.401,6.3081,4.733,-0.23,LightGBM,2022,9,A_removal,0.0
8-30,23,-3.243,6.287,5.5,1.1572,1.5015,0.038,LightGBM,2022,9,A_removal,0.0
31-90,60,-0.423,7.802,6.067,0.7023,0.8033,0.3,LightGBM,2022,9,A_removal,0.2333333333333333
91-180,90,-0.929,19.076,16.292,1.2301,1.3128,0.348,LightGBM,2022,9,A_removal,0.9333333333333332
181-270,90,0.12,44.667,36.853,0.8564,0.8707,0.699,LightGBM,2022,9,A_removal,0.9333333333333332
271-365,95,0.007,34.261,26.219,0.9185,0.9511,0.329,LightGBM,2022,9,A_removal,0.936842105263158
1-7,7,-9.387,6.341,6.036,4.0497,3.0385,0.153,SARIMAX,2022,9,A_removal,0.0
8-30,23,-0.056,3.136,2.034,0.4281,0.5554,0.012,SARIMAX,2022,9,A_removal,0.0
31-90,60,-1.804,10.952,8.736,1.0113,1.1568,-0.267,SARIMAX,2022,9,A_removal,0.2333333333333333
91-180,90,-0.171,14.861,10.95,0.8267,0.8823,0.461,SARIMAX,2022,9,A_removal,0.9333333333333332
181-270,90,0.365,37.954,28.646,0.6657,0.6768,0.674,SARIMAX,2022,9,A_removal,0.9333333333333332
271-365,95,0.031,33.847,22.348,0.7829,0.8107,0.384,SARIMAX,2022,9,A_removal,0.936842105263158
1-7,7,-22.395,9.516,9.222,6.1875,4.6425,-0.408,Ensemble_unweighted,2022,9,A_removal,0.0
8-30,23,-4.329,7.046,6.465,1.3603,1.765,0.644,Ensemble_unweighted,2022,9,A_removal,0.0
31-90,60,-0.185,7.118,5.563,0.6439,0.7366,0.352,Ensemble_unweighted,2022,9,A_removal,0.2333333333333333
91-180,90,-0.368,16.061,13.214,0.9976,1.0648,0.366,Ensemble_unweighted,2022,9,A_removal,0.9333333333333332
181-270,90,0.261,40.95,32.307,0.7508,0.7633,0.693,Ensemble_unweighted,2022,9,A_removal,0.9333333333333332
271-365,95,0.086,32.876,23.472,0.8222,0.8514,0.372,Ensemble_unweighted,2022,9,A_removal,0.936842105263158
1-7,7,-22.53,9.544,9.25,6.2067,4.6569,-0.41,Ensemble_MASEweighted,2022,9,A_removal,0.0
8-30,23,-4.39,7.086,6.508,1.3694,1.7767,0.647,Ensemble_MASEweighted,2022,9,A_removal,0.0
31-90,60,-0.199,7.161,5.594,0.6476,0.7408,0.351,Ensemble_MASEweighted,2022,9,A_removal,0.2333333333333333
91-180,90,-0.386,16.17,13.331,1.0065,1.0742,0.365,Ensemble_MASEweighted,2022,9,A_removal,0.9333333333333332
181-270,90,0.26,40.964,32.337,0.7515,0.764,0.693,Ensemble_MASEweighted,2022,9,A_removal,0.9333333333333332
271-365,95,0.086,32.883,23.521,0.8239,0.8532,0.371,Ensemble_MASEweighted,2022,9,A_removal,0.936842105263158
1-7,7,-31.153,11.156,10.63,7.1325,5.3515,-0.587,RF,2022,9,B_resample,0.0
8-30,23,-7.966,9.139,8.673,1.825,2.3679,0.409,RF,2022,9,B_resample,0.0
31-90,60,-2.48,12.2,10.487,1.2139,1.3886,0.276,RF,2022,9,B_resample,0.2333333333333333
91-180,90,-0.894,18.899,16.438,1.241,1.3245,0.365,RF,2022,9,B_resample,0.9333333333333332
181-270,90,-0.752,63.034,50.967,1.1844,1.2042,0.686,RF,2022,9,B_resample,0.9333333333333332
271-365,95,0.141,31.873,21.657,0.7587,0.7856,0.387,RF,2022,9,B_resample,0.936842105263158
1-7,7,-27.362,10.478,10.206,6.8479,5.138,-0.377,XGB,2022,9,B_resample,0.0
8-30,23,-4.939,7.438,6.708,1.4116,1.8314,-0.255,XGB,2022,9,B_resample,0.0
31-90,60,-0.392,7.718,6.155,0.7125,0.8151,0.357,XGB,2022,9,B_resample,0.2333333333333333
91-180,90,-0.401,16.253,13.147,0.9926,1.0594,0.347,XGB,2022,9,B_resample,0.9333333333333332
181-270,90,-0.353,55.404,42.393,0.9852,1.0016,0.604,XGB,2022,9,B_resample,0.9333333333333332
271-365,95,0.135,31.981,21.661,0.7588,0.7858,0.368,XGB,2022,9,B_resample,0.936842105263158
1-7,7,-22.717,9.582,9.318,6.2522,4.691,-0.53,LightGBM,2022,9,B_resample,0.0
8-30,23,-3.111,6.188,5.403,1.1369,1.475,-0.046,LightGBM,2022,9,B_resample,0.0
31-90,60,-0.072,6.772,5.362,0.6207,0.71,0.137,LightGBM,2022,9,B_resample,0.2333333333333333
91-180,90,-0.481,16.711,13.582,1.0254,1.0944,0.326,LightGBM,2022,9,B_resample,0.9333333333333332
181-270,90,-0.685,61.825,49.283,1.1453,1.1644,0.675,LightGBM,2022,9,B_resample,0.9333333333333332
271-365,95,0.14,31.898,21.384,0.7491,0.7757,0.376,LightGBM,2022,9,B_resample,0.936842105263158
1-7,7,-17.457,8.453,7.953,5.3363,4.0038,-0.703,SARIMAX,2022,9,B_resample,0.0
8-30,23,-1.103,4.426,2.759,0.5806,0.7532,-0.338,SARIMAX,2022,9,B_resample,0.0
31-90,60,-0.147,7.006,5.586,0.6466,0.7396,0.216,SARIMAX,2022,9,B_resample,0.2333333333333333
91-180,90,0.072,13.229,9.739,0.7353,0.7848,0.468,SARIMAX,2022,9,B_resample,0.9333333333333332
181-270,90,0.355,38.25,28.698,0.6669,0.678,0.681,SARIMAX,2022,9,B_resample,0.9333333333333332
271-365,95,0.011,34.193,22.585,0.7912,0.8193,0.37,SARIMAX,2022,9,B_resample,0.936842105263158
1-7,7,-24.312,9.899,9.527,6.3922,4.7961,-0.595,Ensemble_unweighted,2022,9,B_resample,0.0
8-30,23,-3.184,6.243,5.318,1.119,1.4518,-0.308,Ensemble_unweighted,2022,9,B_resample,0.0
31-90,60,-0.245,7.298,5.869,0.6794,0.7771,0.263,Ensemble_unweighted,2022,9,B_resample,0.2333333333333333
91-180,90,-0.129,14.592,11.535,0.8709,0.9295,0.395,Ensemble_unweighted,2022,9,B_resample,0.9333333333333332
181-270,90,-0.226,52.732,41.547,0.9655,0.9816,0.673,Ensemble_unweighted,2022,9,B_resample,0.9333333333333332
271-365,95,0.132,32.032,21.362,0.7483,0.7749,0.379,Ensemble_unweighted,2022,9,B_resample,0.936842105263158
1-7,7,-24.358,9.908,9.539,6.4005,4.8023,-0.592,Ensemble_MASEweighted,2022,9,B_resample,0.0
8-30,23,-3.22,6.269,5.354,1.1266,1.4617,-0.313,Ensemble_MASEweighted,2022,9,B_resample,0.0
31-90,60,-0.246,7.3,5.869,0.6794,0.7772,0.263,Ensemble_MASEweighted,2022,9,B_resample,0.2333333333333333
91-180,90,-0.139,14.655,11.599,0.8758,0.9347,0.393,Ensemble_MASEweighted,2022,9,B_resample,0.9333333333333332
181-270,90,-0.235,52.916,41.681,0.9687,0.9848,0.672,Ensemble_MASEweighted,2022,9,B_resample,0.9333333333333332
271-365,95,0.133,32.019,21.366,0.7484,0.775,0.379,Ensemble_MASEweighted,2022,9,B_resample,0.936842105263158
1-7,7,-1.137,37.275,26.238,0.8597,0.7878,-0.113,TabPFN,2018,2,A_removal,0.8571428571428571
8-30,23,-0.594,9.886,6.695,0.1445,0.7593,0.088,TabPFN,2018,2,A_removal,0.9130434782608696
31-90,60,-0.887,30.347,21.305,0.6127,0.8445,0.196,TabPFN,2018,2,A_removal,0.5333333333333333
91-180,90,-0.376,10.519,7.987,0.1607,1.014,-0.153,TabPFN,2018,2,A_removal,0.4777777777777778
181-270,90,-4.16,10.941,9.52,0.1838,1.9564,0.182,TabPFN,2018,2,A_removal,0.0
271-365,95,-0.452,12.634,8.225,0.182,0.8049,-0.28,TabPFN,2018,2,A_removal,0.0
1-7,7,-0.707,33.317,19.65,0.6438,0.59,-0.061,TabICLv2,2018,2,A_removal,0.8571428571428571
8-30,23,-0.678,10.143,6.851,0.1479,0.7769,-0.359,TabICLv2,2018,2,A_removal,0.9130434782608696
31-90,60,-0.793,29.582,19.821,0.57,0.7856,-0.017,TabICLv2,2018,2,A_removal,0.5333333333333333
91-180,90,-0.708,11.717,9.266,0.1864,1.1764,-0.173,TabICLv2,2018,2,A_removal,0.4777777777777778
181-270,90,-10.074,16.027,14.939,0.2884,3.0699,0.287,TabICLv2,2018,2,A_removal,0.0
271-365,95,-0.053,10.761,7.4,0.1637,0.7242,0.183,TabICLv2,2018,2,A_removal,0.0
1-7,7,-1.211,37.918,27.692,0.9073,0.8315,-0.065,TabPFN,2018,2,B_resample,0.8571428571428571
8-30,23,-1.16,11.507,8.683,0.1874,0.9847,0.005,TabPFN,2018,2,B_resample,0.9130434782608696
31-90,60,-1.062,31.726,23.327,0.6708,0.9246,0.314,TabPFN,2018,2,B_resample,0.5333333333333333
91-180,90,-0.338,10.373,7.814,0.1572,0.992,-0.24,TabPFN,2018,2,B_resample,0.4777777777777778
181-270,90,-4.407,11.199,9.75,0.1882,2.0037,0.126,TabPFN,2018,2,B_resample,0.0
271-365,95,-0.649,13.464,9.012,0.1994,0.8819,-0.304,TabPFN,2018,2,B_resample,0.0
1-7,7,-0.761,33.842,21.261,0.6966,0.6384,-0.061,TabICLv2,2018,2,B_resample,0.8571428571428571
8-30,23,-1.086,11.31,8.317,0.1795,0.9432,-0.016,TabICLv2,2018,2,B_resample,0.9130434782608696
31-90,60,-1.061,31.715,23.231,0.6681,0.9208,0.258,TabICLv2,2018,2,B_resample,0.5333333333333333
91-180,90,-0.818,12.09,9.516,0.1915,1.2082,-0.125,TabICLv2,2018,2,B_resample,0.4777777777777778
181-270,90,-5.431,12.214,11.283,0.2178,2.3186,0.442,TabICLv2,2018,2,B_resample,0.0
271-365,95,-0.47,12.714,8.46,0.1872,0.8279,-0.208,TabICLv2,2018,2,B_resample,0.0
1-7,7,-1.25,31.963,23.748,1.6306,0.7306,-0.198,TabPFN,2018,4,A_removal,0.1428571428571428
8-30,23,-0.636,15.093,11.601,1.0077,0.7152,0.836,TabPFN,2018,4,A_removal,0.3043478260869565
31-90,60,-0.983,26.381,19.146,1.313,0.8918,0.51,TabPFN,2018,4,A_removal,0.55
91-180,90,-0.035,14.428,9.899,0.6583,0.8061,0.074,TabPFN,2018,4,A_removal,0.9222222222222224
181-270,90,-0.442,66.411,45.601,0.8584,0.6817,0.423,TabPFN,2018,4,A_removal,0.8
271-365,95,-0.038,39.961,25.819,0.9611,0.7731,0.621,TabPFN,2018,4,A_removal,0.7052631578947368
1-7,7,-1.161,31.322,22.855,1.5692,0.7032,-0.024,TabICLv2,2018,4,A_removal,0.1428571428571428
8-30,23,-0.897,16.254,12.452,1.0817,0.7676,0.828,TabICLv2,2018,4,A_removal,0.3043478260869565
31-90,60,-0.771,24.926,17.104,1.1729,0.7966,0.038,TabICLv2,2018,4,A_removal,0.55
91-180,90,-2.377,26.062,20.598,1.3697,1.6772,-0.223,TabICLv2,2018,4,A_removal,0.9222222222222224
181-270,90,-0.362,64.539,44.444,0.8367,0.6644,0.21,TabICLv2,2018,4,A_removal,0.8
271-365,95,-0.084,40.841,26.665,0.9927,0.7985,0.412,TabICLv2,2018,4,A_removal,0.7052631578947368
1-7,7,-1.731,35.213,27.98,1.9211,0.8608,-0.234,TabPFN,2018,4,B_resample,0.1428571428571428
8-30,23,-1.187,17.455,13.491,1.1719,0.8317,0.79,TabPFN,2018,4,B_resample,0.3043478260869565
31-90,60,-1.049,26.813,19.66,1.3482,0.9157,0.506,TabPFN,2018,4,B_resample,0.55
91-180,90,-0.131,15.084,11.018,0.7326,0.8971,-0.034,TabPFN,2018,4,B_resample,0.9222222222222224
181-270,90,-0.539,68.612,48.256,0.9084,0.7214,0.343,TabPFN,2018,4,B_resample,0.8
271-365,95,-0.137,41.832,27.272,1.0152,0.8166,0.582,TabPFN,2018,4,B_resample,0.7052631578947368
1-7,7,-1.302,32.327,24.391,1.6747,0.7504,0.1,TabICLv2,2018,4,B_resample,0.1428571428571428
8-30,23,-0.955,16.501,12.528,1.0883,0.7723,0.819,TabICLv2,2018,4,B_resample,0.3043478260869565
31-90,60,-0.995,26.456,18.788,1.2884,0.8751,-0.511,TabICLv2,2018,4,B_resample,0.55
91-180,90,-3.043,28.516,22.651,1.5062,1.8444,-0.211,TabICLv2,2018,4,B_resample,0.9222222222222224
181-270,90,-0.471,67.081,46.878,0.8825,0.7008,0.19,TabICLv2,2018,4,B_resample,0.8
271-365,95,-0.116,41.435,27.092,1.0085,0.8113,0.454,TabICLv2,2018,4,B_resample,0.7052631578947368
1-7,7,-0.62,73.477,45.461,1.5977,1.0,,TabPFN,2018,9,A_removal,0.0
8-30,23,-0.438,55.288,30.52,1.6103,1.0,,TabPFN,2018,9,A_removal,0.0
31-90,60,-0.723,57.134,37.012,1.5078,1.0,,TabPFN,2018,9,A_removal,0.0
91-180,90,-1.875,18.897,15.261,2.0306,1.0,,TabPFN,2018,9,A_removal,0.0
181-270,90,-2.849,111.056,95.57,1.1969,1.0,,TabPFN,2018,9,A_removal,0.0
271-365,95,-1.168,40.378,29.639,1.5457,1.0,,TabPFN,2018,9,A_removal,0.0
1-7,7,-0.62,73.477,45.461,1.5977,1.0,0.565,TabICLv2,2018,9,A_removal,0.0
8-30,23,-0.438,55.288,30.52,1.6103,1.0,0.413,TabICLv2,2018,9,A_removal,0.0
31-90,60,-0.723,57.134,37.012,1.5078,1.0,-0.081,TabICLv2,2018,9,A_removal,0.0
91-180,90,-1.875,18.897,15.261,2.0306,1.0,0.093,TabICLv2,2018,9,A_removal,0.0
181-270,90,-2.849,111.056,95.57,1.1969,1.0,0.179,TabICLv2,2018,9,A_removal,0.0
271-365,95,-1.168,40.377,29.639,1.5457,1.0,-0.003,TabICLv2,2018,9,A_removal,0.0
1-7,7,-0.62,73.477,45.461,1.5977,1.0,,TabPFN,2018,9,B_resample,0.0
8-30,23,-0.438,55.288,30.52,1.6103,1.0,,TabPFN,2018,9,B_resample,0.0
31-90,60,-0.723,57.134,37.012,1.5078,1.0,,TabPFN,2018,9,B_resample,0.0
91-180,90,-1.875,18.897,15.261,2.0306,1.0,,TabPFN,2018,9,B_resample,0.0
181-270,90,-2.849,111.056,95.57,1.1969,1.0,,TabPFN,2018,9,B_resample,0.0
271-365,95,-1.168,40.378,29.639,1.5457,1.0,,TabPFN,2018,9,B_resample,0.0
1-7,7,-0.62,73.477,45.462,1.5977,1.0,-0.19,TabICLv2,2018,9,B_resample,0.0
8-30,23,-0.438,55.288,30.52,1.6103,1.0,-0.541,TabICLv2,2018,9,B_resample,0.0
31-90,60,-0.723,57.134,37.012,1.5078,1.0,-0.302,TabICLv2,2018,9,B_resample,0.0
91-180,90,-1.875,18.897,15.261,2.0306,1.0,-0.339,TabICLv2,2018,9,B_resample,0.0
181-270,90,-2.849,111.056,95.569,1.1969,1.0,0.309,TabICLv2,2018,9,B_resample,0.0
271-365,95,-1.168,40.377,29.638,1.5456,1.0,-0.294,TabICLv2,2018,9,B_resample,0.0
1-7,7,-1.644,53.406,42.247,1.4843,0.9368,0.336,TabPFN,2019,2,A_removal,0.0
8-30,23,-0.867,26.087,19.874,1.3958,0.8666,0.14,TabPFN,2019,2,A_removal,0.0
31-90,60,-0.866,42.398,29.002,1.6657,0.9281,0.125,TabPFN,2019,2,A_removal,0.0
91-180,90,-2.381,14.222,11.637,1.2555,0.9925,-0.325,TabPFN,2019,2,A_removal,0.0
181-270,90,-0.63,28.717,18.258,1.0924,0.925,0.085,TabPFN,2019,2,A_removal,0.0
271-365,95,-0.84,33.986,24.811,1.2197,0.9415,-0.227,TabPFN,2019,2,A_removal,0.0
1-7,7,-1.52,52.138,40.841,1.4349,0.9056,0.73,TabICLv2,2019,2,A_removal,0.0
8-30,23,-0.71,24.965,18.874,1.3256,0.823,0.271,TabICLv2,2019,2,A_removal,0.0
31-90,60,-0.807,41.731,28.109,1.6144,0.8995,0.158,TabICLv2,2019,2,A_removal,0.0
91-180,90,-2.432,14.329,11.498,1.2406,0.9807,-0.277,TabICLv2,2019,2,A_removal,0.0
181-270,90,-0.457,27.149,16.815,1.0061,0.8519,-0.075,TabICLv2,2019,2,A_removal,0.0
271-365,95,-0.787,33.493,25.06,1.2319,0.9509,-0.437,TabICLv2,2019,2,A_removal,0.0
1-7,7,-1.586,52.817,41.31,1.4514,0.916,-0.133,TabPFN,2019,2,B_resample,0.0
8-30,23,-0.766,25.367,19.182,1.3473,0.8365,0.162,TabPFN,2019,2,B_resample,0.0
31-90,60,-0.732,40.849,26.823,1.5405,0.8584,0.236,TabPFN,2019,2,B_resample,0.0
91-180,90,-1.505,12.242,9.304,1.0038,0.7935,-0.362,TabPFN,2019,2,B_resample,0.0
181-270,90,-0.513,27.67,17.164,1.0269,0.8695,0.129,TabPFN,2019,2,B_resample,0.0
271-365,95,-0.767,33.302,24.053,1.1824,0.9127,-0.255,TabPFN,2019,2,B_resample,0.0
1-7,7,-1.577,52.729,41.776,1.4678,0.9264,0.822,TabICLv2,2019,2,B_resample,0.0
8-30,23,-0.792,25.555,19.92,1.399,0.8686,0.306,TabICLv2,2019,2,B_resample,0.0
31-90,60,-0.669,40.099,26.146,1.5017,0.8367,0.378,TabICLv2,2019,2,B_resample,0.0
91-180,90,-2.004,13.406,10.488,1.1316,0.8945,-0.27,TabICLv2,2019,2,B_resample,0.0
181-270,90,-0.536,27.875,17.204,1.0294,0.8716,-0.233,TabICLv2,2019,2,B_resample,0.0
271-365,95,-0.834,33.926,25.309,1.2442,0.9604,-0.41,TabICLv2,2019,2,B_resample,0.0
1-7,7,-10.461,6.7,6.373,3.1928,3.1434,-0.437,TabPFN,2019,4,A_removal,0.0
8-30,23,-0.382,34.188,19.831,1.0962,1.0956,0.328,TabPFN,2019,4,A_removal,0.3478260869565217
31-90,60,-0.849,32.547,24.867,0.8602,0.862,0.295,TabPFN,2019,4,A_removal,0.5333333333333333
91-180,90,-0.949,67.841,52.703,0.7565,0.7573,0.569,TabPFN,2019,4,A_removal,0.6888888888888889
181-270,90,-0.008,37.757,24.316,0.7006,0.7019,0.817,TabPFN,2019,4,A_removal,0.6777777777777778
271-365,95,-0.449,28.816,19.308,0.7478,0.7497,0.393,TabPFN,2019,4,A_removal,0.6947368421052632
1-7,7,-15.96,8.15,7.848,3.9317,3.8709,-0.471,TabICLv2,2019,4,A_removal,0.0
8-30,23,-0.412,34.56,20.283,1.1212,1.1206,0.361,TabICLv2,2019,4,A_removal,0.3478260869565217
31-90,60,-0.826,32.346,24.652,0.8528,0.8546,0.236,TabICLv2,2019,4,A_removal,0.5333333333333333
91-180,90,-1.441,75.934,60.49,0.8683,0.8692,0.346,TabICLv2,2019,4,A_removal,0.6888888888888889
181-270,90,-0.227,41.646,25.669,0.7396,0.7409,0.539,TabICLv2,2019,4,A_removal,0.6777777777777778
271-365,95,-0.506,29.38,20.054,0.7767,0.7787,0.411,TabICLv2,2019,4,A_removal,0.6947368421052632
1-7,7,-12.826,7.359,7.066,3.5402,3.4854,-0.785,TabPFN,2019,4,B_resample,0.0
8-30,23,-0.38,34.164,19.922,1.1012,1.1007,0.816,TabPFN,2019,4,B_resample,0.3478260869565217
31-90,60,-0.854,32.593,24.924,0.8622,0.864,0.303,TabPFN,2019,4,B_resample,0.5333333333333333
91-180,90,-0.921,67.354,52.098,0.7479,0.7486,0.61,TabPFN,2019,4,B_resample,0.6888888888888889
181-270,90,-0.049,38.52,23.872,0.6878,0.6891,0.8,TabPFN,2019,4,B_resample,0.6777777777777778
271-365,95,-0.455,28.878,19.784,0.7663,0.7682,0.48,TabPFN,2019,4,B_resample,0.6947368421052632
1-7,7,-16.395,8.254,7.976,3.9958,3.934,-0.272,TabICLv2,2019,4,B_resample,0.0
8-30,23,-0.387,34.249,20.054,1.1085,1.1079,0.566,TabICLv2,2019,4,B_resample,0.3478260869565217
31-90,60,-0.873,32.756,25.003,0.8649,0.8668,0.023,TabICLv2,2019,4,B_resample,0.5333333333333333
91-180,90,-1.354,74.561,59.299,0.8512,0.8521,0.432,TabICLv2,2019,4,B_resample,0.6888888888888889
181-270,90,-0.201,41.206,25.462,0.7336,0.735,0.682,TabICLv2,2019,4,B_resample,0.6777777777777778
271-365,95,-0.377,28.089,18.87,0.7309,0.7327,0.526,TabICLv2,2019,4,B_resample,0.6947368421052632
1-7,7,-2.072,20.708,17.007,2.2016,1.0,,TabPFN,2019,9,A_removal,0.0
8-30,23,-4.217,22.414,20.152,1.869,1.0,,TabPFN,2019,9,A_removal,0.0
31-90,60,-0.997,39.937,28.217,1.4672,1.0,,TabPFN,2019,9,A_removal,0.2666666666666666
91-180,90,-1.055,76.177,56.71,1.1272,1.0,,TabPFN,2019,9,A_removal,0.9
181-270,90,-0.354,71.665,44.948,1.0541,1.0,,TabPFN,2019,9,A_removal,0.5444444444444444
271-365,95,-0.707,81.688,53.091,1.1445,1.0,,TabPFN,2019,9,A_removal,0.5157894736842106
1-7,7,-2.072,20.708,17.007,2.2016,1.0,0.178,TabICLv2,2019,9,A_removal,0.0
8-30,23,-4.217,22.415,20.152,1.869,1.0,0.339,TabICLv2,2019,9,A_removal,0.0
31-90,60,-0.997,39.937,28.218,1.4672,1.0,0.307,TabICLv2,2019,9,A_removal,0.2666666666666666
91-180,90,-1.055,76.177,56.709,1.1272,1.0,0.432,TabICLv2,2019,9,A_removal,0.9
181-270,90,-0.354,71.665,44.948,1.0541,1.0,-0.162,TabICLv2,2019,9,A_removal,0.5444444444444444
271-365,95,-0.707,81.688,53.091,1.1444,1.0,0.154,TabICLv2,2019,9,A_removal,0.5157894736842106
1-7,7,-2.072,20.708,17.007,2.2016,1.0,,TabPFN,2019,9,B_resample,0.0
8-30,23,-4.217,22.414,20.152,1.869,1.0,,TabPFN,2019,9,B_resample,0.0
31-90,60,-0.997,39.937,28.217,1.4672,1.0,,TabPFN,2019,9,B_resample,0.2666666666666666
91-180,90,-1.055,76.177,56.71,1.1272,1.0,,TabPFN,2019,9,B_resample,0.9
181-270,90,-0.354,71.665,44.948,1.0541,1.0,,TabPFN,2019,9,B_resample,0.5444444444444444
271-365,95,-0.707,81.688,53.091,1.1445,1.0,,TabPFN,2019,9,B_resample,0.5157894736842106
1-7,7,-2.072,20.708,17.007,2.2016,1.0,0.597,TabICLv2,2019,9,B_resample,0.0
8-30,23,-4.217,22.414,20.152,1.869,1.0,0.423,TabICLv2,2019,9,B_resample,0.0
31-90,60,-0.997,39.937,28.217,1.4672,1.0,-0.09,TabICLv2,2019,9,B_resample,0.2666666666666666
91-180,90,-1.055,76.177,56.709,1.1272,1.0,0.569,TabICLv2,2019,9,B_resample,0.9
181-270,90,-0.354,71.665,44.948,1.0541,1.0,-0.399,TabICLv2,2019,9,B_resample,0.5444444444444444
271-365,95,-0.707,81.688,53.091,1.1444,1.0,0.304,TabICLv2,2019,9,B_resample,0.5157894736842106
1-7,7,-0.673,31.64,19.993,1.2157,0.9078,-0.086,TabPFN,2020,2,A_removal,0.0
8-30,23,-3.122,28.465,24.647,2.2355,0.8889,-0.296,TabPFN,2020,2,A_removal,0.0
31-90,60,-1.976,26.739,21.879,1.9061,0.9077,0.147,TabPFN,2020,2,A_removal,0.0
91-180,90,-0.814,24.535,16.413,1.3685,1.0251,0.015,TabPFN,2020,2,A_removal,0.0
181-270,90,-1.091,20.34,14.812,1.069,0.9119,0.008,TabPFN,2020,2,A_removal,0.0
271-365,95,-0.432,21.55,12.228,0.7731,0.8523,-0.13,TabPFN,2020,2,A_removal,0.0
1-7,7,-0.451,29.471,17.913,1.0893,0.8134,0.691,TabICLv2,2020,2,A_removal,0.0
8-30,23,-2.679,26.891,22.871,2.0743,0.8248,-0.11,TabICLv2,2020,2,A_removal,0.0
31-90,60,-1.791,25.898,20.979,1.8278,0.8704,0.21,TabICLv2,2020,2,A_removal,0.0
91-180,90,-0.739,24.022,15.53,1.2948,0.9699,0.056,TabICLv2,2020,2,A_removal,0.0
181-270,90,-0.624,17.924,12.265,0.8852,0.7551,0.079,TabICLv2,2020,2,A_removal,0.0
271-365,95,-0.298,20.521,11.823,0.7475,0.8241,-0.1,TabICLv2,2020,2,A_removal,0.0
1-7,7,-0.495,29.912,18.136,1.1028,0.8235,0.229,TabPFN,2020,2,B_resample,0.0
8-30,23,-2.782,27.267,23.373,2.1198,0.8429,-0.015,TabPFN,2020,2,B_resample,0.0
31-90,60,-1.646,25.215,20.108,1.7518,0.8343,0.278,TabPFN,2020,2,B_resample,0.0
91-180,90,-0.578,22.887,13.892,1.1583,0.8676,0.057,TabPFN,2020,2,B_resample,0.0
181-270,90,-0.869,19.23,13.318,0.9612,0.82,-0.034,TabPFN,2020,2,B_resample,0.0
271-365,95,-0.367,21.061,11.662,0.7373,0.8129,-0.104,TabPFN,2020,2,B_resample,0.0
1-7,7,-0.556,30.515,18.648,1.1339,0.8467,0.399,TabICLv2,2020,2,B_resample,0.0
8-30,23,-3.028,28.14,24.241,2.1986,0.8742,-0.148,TabICLv2,2020,2,B_resample,0.0
31-90,60,-1.566,24.831,19.787,1.7239,0.821,0.321,TabICLv2,2020,2,B_resample,0.0
91-180,90,-0.605,23.082,14.831,1.2366,0.9263,0.253,TabICLv2,2020,2,B_resample,0.0
181-270,90,-0.896,19.37,13.567,0.9791,0.8353,-0.041,TabICLv2,2020,2,B_resample,0.0
271-365,95,-0.415,21.427,12.196,0.7711,0.8501,-0.154,TabICLv2,2020,2,B_resample,0.0
1-7,7,-0.56,21.654,12.978,1.2063,0.6074,0.048,TabPFN,2020,4,A_removal,0.5714285714285714
8-30,23,-0.068,24.821,8.923,0.7681,0.6059,0.036,TabPFN,2020,4,A_removal,0.9130434782608696
31-90,60,-0.317,36.249,21.416,1.146,0.7827,0.221,TabPFN,2020,4,A_removal,0.6166666666666667
91-180,90,-0.065,21.127,14.712,1.0694,0.5865,0.583,TabPFN,2020,4,A_removal,0.4666666666666667
181-270,90,0.029,61.039,35.169,0.7382,0.5817,0.485,TabPFN,2020,4,A_removal,0.8777777777777778
271-365,95,0.143,63.004,27.119,0.9021,0.7503,0.588,TabPFN,2020,4,A_removal,0.8421052631578947
1-7,7,-0.607,21.983,13.978,1.2993,0.6542,0.896,TabICLv2,2020,4,A_removal,0.5714285714285714
8-30,23,-0.13,25.536,9.476,0.8157,0.6434,-0.142,TabICLv2,2020,4,A_removal,0.9130434782608696
31-90,60,-0.397,37.331,22.498,1.2039,0.8222,-0.107,TabICLv2,2020,4,A_removal,0.6166666666666667
91-180,90,-0.158,22.036,16.348,1.1883,0.6516,0.335,TabICLv2,2020,4,A_removal,0.4666666666666667
181-270,90,-0.276,70.0,44.306,0.93,0.7328,0.151,TabICLv2,2020,4,A_removal,0.8777777777777778
271-365,95,0.053,66.229,28.684,0.9541,0.7936,0.48,TabICLv2,2020,4,A_removal,0.8421052631578947
1-7,7,-0.485,21.13,11.871,1.1034,0.5556,-0.587,TabPFN,2020,4,B_resample,0.5714285714285714
8-30,23,-0.042,24.52,8.882,0.7646,0.6031,-0.051,TabPFN,2020,4,B_resample,0.9130434782608696
31-90,60,-0.279,35.717,20.764,1.1111,0.7588,0.131,TabPFN,2020,4,B_resample,0.6166666666666667
91-180,90,-0.184,22.275,15.314,1.1131,0.6104,0.587,TabPFN,2020,4,B_resample,0.4666666666666667
181-270,90,-0.017,62.476,36.351,0.763,0.6013,0.519,TabPFN,2020,4,B_resample,0.8777777777777778
271-365,95,0.145,62.934,26.644,0.8863,0.7372,0.601,TabPFN,2020,4,B_resample,0.8421052631578947
1-7,7,-0.638,22.19,13.993,1.3007,0.6549,0.292,TabICLv2,2020,4,B_resample,0.5714285714285714
8-30,23,-0.122,25.445,9.376,0.8071,0.6366,-0.182,TabICLv2,2020,4,B_resample,0.9130434782608696
31-90,60,-0.41,37.506,22.833,1.2218,0.8345,0.016,TabICLv2,2020,4,B_resample,0.6166666666666667
91-180,90,-0.278,23.151,16.87,1.2262,0.6725,0.195,TabICLv2,2020,4,B_resample,0.4666666666666667
181-270,90,-0.321,71.205,45.389,0.9527,0.7508,0.038,TabICLv2,2020,4,B_resample,0.8777777777777778
271-365,95,0.105,64.391,27.49,0.9144,0.7606,0.541,TabICLv2,2020,4,B_resample,0.8421052631578947
1-7,7,-0.321,58.915,33.86,0.898,0.8699,-0.183,TabPFN,2020,9,A_removal,0.5714285714285714
8-30,23,-0.386,85.16,52.078,1.0493,0.9073,0.163,TabPFN,2020,9,A_removal,0.8260869565217391
31-90,60,-0.442,55.208,34.496,1.1182,0.8634,-0.032,TabPFN,2020,9,A_removal,0.4
91-180,90,-0.397,18.918,13.457,0.9543,0.7404,0.342,TabPFN,2020,9,A_removal,0.6333333333333333
181-270,90,-0.148,80.021,50.013,0.8735,0.6692,0.459,TabPFN,2020,9,A_removal,0.7111111111111111
271-365,95,0.207,29.067,18.175,0.7621,0.6721,0.463,TabPFN,2020,9,A_removal,0.9052631578947368
1-7,7,-0.134,54.588,37.871,1.0044,0.973,-0.064,TabICLv2,2020,9,A_removal,0.5714285714285714
8-30,23,-0.343,83.836,51.689,1.0414,0.9005,0.051,TabICLv2,2020,9,A_removal,0.8260869565217391
31-90,60,-0.332,53.054,32.674,1.0591,0.8178,-0.101,TabICLv2,2020,9,A_removal,0.4
91-180,90,-0.269,18.031,13.218,0.9374,0.7273,0.178,TabICLv2,2020,9,A_removal,0.6333333333333333
181-270,90,-0.446,89.831,55.093,0.9622,0.7372,-0.002,TabICLv2,2020,9,A_removal,0.7111111111111111
271-365,95,0.041,31.96,20.408,0.8557,0.7547,0.428,TabICLv2,2020,9,A_removal,0.9052631578947368
1-7,7,-0.168,55.387,35.054,0.9297,0.9006,-0.041,TabPFN,2020,9,B_resample,0.5714285714285714
8-30,23,-0.256,81.082,50.387,1.0152,0.8778,0.056,TabPFN,2020,9,B_resample,0.8260869565217391
31-90,60,-0.27,51.813,31.206,1.0115,0.7811,0.096,TabPFN,2020,9,B_resample,0.4
91-180,90,-0.201,17.544,11.475,0.8138,0.6314,0.352,TabPFN,2020,9,B_resample,0.6333333333333333
181-270,90,-0.597,94.406,63.704,1.1126,0.8524,0.39,TabPFN,2020,9,B_resample,0.7111111111111111
271-365,95,-0.055,33.513,23.287,0.9765,0.8612,0.179,TabPFN,2020,9,B_resample,0.9052631578947368
1-7,7,-0.209,56.358,35.804,0.9496,0.9199,-0.179,TabICLv2,2020,9,B_resample,0.5714285714285714
8-30,23,-0.366,84.54,51.994,1.0476,0.9058,0.01,TabICLv2,2020,9,B_resample,0.8260869565217391
31-90,60,-0.334,53.106,32.483,1.0529,0.8131,0.168,TabICLv2,2020,9,B_resample,0.4
91-180,90,-0.111,16.872,11.565,0.8201,0.6363,0.196,TabICLv2,2020,9,B_resample,0.6333333333333333
181-270,90,-0.593,94.262,59.905,1.0463,0.8016,-0.082,TabICLv2,2020,9,B_resample,0.7111111111111111
271-365,95,0.106,30.851,20.737,0.8695,0.7669,0.423,TabICLv2,2020,9,B_resample,0.9052631578947368
1-7,7,-9.585,8.504,8.137,4.0269,0.8105,0.424,TabPFN,2021,2,A_removal,0.0
8-30,23,-2.374,22.029,18.236,1.5128,0.8404,-0.468,TabPFN,2021,2,A_removal,0.0
31-90,60,-1.503,24.676,19.177,1.5999,0.8915,0.098,TabPFN,2021,2,A_removal,0.0
91-180,90,-2.916,25.519,22.135,1.767,1.0013,0.201,TabPFN,2021,2,A_removal,0.0
181-270,90,-1.917,30.704,24.347,1.3131,0.9283,-0.423,TabPFN,2021,2,A_removal,0.0
271-365,95,-0.198,8.787,6.207,0.9491,0.774,0.492,TabPFN,2021,2,A_removal,0.0
1-7,7,-4.993,6.398,5.949,2.9439,0.5925,0.541,TabICLv2,2021,2,A_removal,0.0
8-30,23,-1.765,19.94,16.021,1.3291,0.7383,0.249,TabICLv2,2021,2,A_removal,0.0
31-90,60,-1.361,23.969,18.34,1.5301,0.8526,0.164,TabICLv2,2021,2,A_removal,0.0
91-180,90,-2.502,24.133,21.145,1.688,0.9565,0.467,TabICLv2,2021,2,A_removal,0.0
181-270,90,-1.492,28.378,22.167,1.1956,0.8452,-0.516,TabICLv2,2021,2,A_removal,0.0
271-365,95,0.315,6.641,4.699,0.7184,0.5859,0.577,TabICLv2,2021,2,A_removal,0.0
1-7,7,-6.131,6.98,6.529,3.2312,0.6503,0.358,TabPFN,2021,2,B_resample,0.0
8-30,23,-1.908,20.45,16.724,1.3874,0.7707,0.303,TabPFN,2021,2,B_resample,0.0
31-90,60,-1.268,23.49,17.598,1.4682,0.8181,0.071,TabPFN,2021,2,B_resample,0.0
91-180,90,-2.274,23.336,19.622,1.5665,0.8876,0.297,TabPFN,2021,2,B_resample,0.0
181-270,90,-1.64,29.208,22.755,1.2273,0.8676,-0.38,TabPFN,2021,2,B_resample,0.0
271-365,95,-0.067,8.29,5.8,0.8867,0.7232,0.524,TabPFN,2021,2,B_resample,0.0
1-7,7,-8.244,7.947,7.566,3.7443,0.7536,0.674,TabICLv2,2021,2,B_resample,0.0
8-30,23,-2.277,21.709,17.968,1.4906,0.8281,-0.23,TabICLv2,2021,2,B_resample,0.0
31-90,60,-1.14,22.816,17.208,1.4357,0.8,0.477,TabICLv2,2021,2,B_resample,0.0
91-180,90,-2.475,24.041,20.611,1.6454,0.9324,0.303,TabICLv2,2021,2,B_resample,0.0
181-270,90,-1.908,30.658,24.112,1.3005,0.9193,-0.491,TabICLv2,2021,2,B_resample,0.0
271-365,95,0.099,7.621,5.287,0.8083,0.6592,0.679,TabICLv2,2021,2,B_resample,0.0
1-7,7,-1.021,2.634,2.084,1.3014,0.1906,0.189,TabPFN,2021,4,A_removal,0.4285714285714285
8-30,23,-0.107,9.741,7.42,0.9952,0.5477,0.028,TabPFN,2021,4,A_removal,0.8260869565217391
31-90,60,-0.244,14.509,9.227,1.0044,0.5564,0.343,TabPFN,2021,4,A_removal,0.8333333333333334
91-180,90,-0.085,74.197,40.369,0.6785,0.586,0.359,TabPFN,2021,4,A_removal,1.0
181-270,90,0.071,79.711,50.935,0.8183,0.7535,0.562,TabPFN,2021,4,A_removal,0.9777777777777776
271-365,95,0.331,26.854,15.895,0.7301,0.6226,0.703,TabPFN,2021,4,A_removal,0.9578947368421052
1-7,7,-68.889,15.487,15.259,9.5298,1.396,0.17,TabICLv2,2021,4,A_removal,0.4285714285714285
8-30,23,-0.039,9.439,7.729,1.0368,0.5705,0.157,TabICLv2,2021,4,A_removal,0.8260869565217391
31-90,60,-0.337,15.042,9.806,1.0675,0.5913,0.087,TabICLv2,2021,4,A_removal,0.8333333333333334
91-180,90,-0.186,77.562,44.289,0.7444,0.6429,0.311,TabICLv2,2021,4,A_removal,1.0
181-270,90,-0.066,85.381,57.945,0.9309,0.8572,0.129,TabICLv2,2021,4,A_removal,0.9777777777777776
271-365,95,-0.176,35.618,22.67,1.0413,0.8879,0.567,TabICLv2,2021,4,A_removal,0.9578947368421052
1-7,7,-0.022,1.872,1.477,0.9224,0.1351,0.372,TabPFN,2021,4,B_resample,0.4285714285714285
8-30,23,-0.096,9.694,7.459,1.0004,0.5506,0.169,TabPFN,2021,4,B_resample,0.8260869565217391
31-90,60,-0.236,14.462,9.213,1.0029,0.5555,0.317,TabPFN,2021,4,B_resample,0.8333333333333334
91-180,90,-0.102,74.758,40.356,0.6783,0.5858,0.422,TabPFN,2021,4,B_resample,1.0
181-270,90,0.009,82.337,51.911,0.834,0.7679,0.491,TabPFN,2021,4,B_resample,0.9777777777777776
271-365,95,0.342,26.646,16.047,0.7371,0.6285,0.709,TabPFN,2021,4,B_resample,0.9578947368421052
1-7,7,-13.217,6.985,6.716,4.1943,0.6144,0.327,TabICLv2,2021,4,B_resample,0.4285714285714285
8-30,23,-0.169,10.012,7.482,1.0036,0.5523,-0.009,TabICLv2,2021,4,B_resample,0.8260869565217391
31-90,60,-0.501,15.939,10.535,1.1468,0.6352,0.12,TabICLv2,2021,4,B_resample,0.8333333333333334
91-180,90,-0.296,81.084,47.552,0.7992,0.6903,0.296,TabICLv2,2021,4,B_resample,1.0
181-270,90,-0.063,85.26,57.371,0.9217,0.8487,0.204,TabICLv2,2021,4,B_resample,0.9777777777777776
271-365,95,0.423,24.956,16.413,0.7539,0.6429,0.663,TabICLv2,2021,4,B_resample,0.9578947368421052
1-7,7,-0.272,11.079,9.89,0.8686,0.5308,0.928,TabPFN,2021,9,A_removal,0.1428571428571428
8-30,23,-0.724,17.402,13.351,0.859,0.7778,-0.21,TabPFN,2021,9,A_removal,0.5217391304347826
31-90,60,-0.386,10.67,7.581,0.3979,0.6877,0.438,TabPFN,2021,9,A_removal,0.5833333333333334
91-180,90,-0.071,69.617,46.299,0.7228,0.5636,0.684,TabPFN,2021,9,A_removal,0.9444444444444444
181-270,90,-0.472,43.082,32.418,1.1659,0.6379,0.561,TabPFN,2021,9,A_removal,0.5222222222222223
271-365,95,0.06,12.554,9.356,0.5558,0.6094,0.478,TabPFN,2021,9,A_removal,0.0
1-7,7,-0.497,12.02,9.893,0.8688,0.5309,0.927,TabICLv2,2021,9,A_removal,0.1428571428571428
8-30,23,-0.44,15.904,13.324,0.8573,0.7763,-0.356,TabICLv2,2021,9,A_removal,0.5217391304347826
31-90,60,-0.148,9.71,6.787,0.3563,0.6158,0.349,TabICLv2,2021,9,A_removal,0.5833333333333334
91-180,90,-0.652,86.453,61.87,0.9659,0.7532,0.358,TabICLv2,2021,9,A_removal,0.9444444444444444
181-270,90,-0.458,42.887,33.126,1.1914,0.6518,0.609,TabICLv2,2021,9,A_removal,0.5222222222222223
271-365,95,-0.092,13.533,9.642,0.5728,0.628,0.12,TabICLv2,2021,9,A_removal,0.0
1-7,7,-0.872,13.439,10.97,0.9634,0.5887,0.929,TabPFN,2021,9,B_resample,0.1428571428571428
8-30,23,-0.477,16.11,12.764,0.8212,0.7436,-0.281,TabPFN,2021,9,B_resample,0.5217391304347826
31-90,60,-0.361,10.573,7.433,0.3902,0.6743,-0.323,TabPFN,2021,9,B_resample,0.5833333333333334
91-180,90,-0.201,73.711,50.008,0.7807,0.6088,0.687,TabPFN,2021,9,B_resample,0.9444444444444444
181-270,90,-0.983,50.013,39.522,1.4214,0.7776,0.406,TabPFN,2021,9,B_resample,0.5222222222222223
271-365,95,-0.072,13.413,9.871,0.5864,0.6429,0.353,TabPFN,2021,9,B_resample,0.0
1-7,7,-0.818,13.247,10.865,0.9543,0.5831,0.943,TabICLv2,2021,9,B_resample,0.1428571428571428
8-30,23,-0.305,15.142,12.111,0.7793,0.7056,0.286,TabICLv2,2021,9,B_resample,0.5217391304347826
31-90,60,-0.979,12.75,9.648,0.5065,0.8753,0.179,TabICLv2,2021,9,B_resample,0.5833333333333334
91-180,90,-0.358,78.401,54.868,0.8566,0.6679,0.501,TabICLv2,2021,9,B_resample,0.9444444444444444
181-270,90,-0.479,43.193,32.833,1.1809,0.646,0.602,TabICLv2,2021,9,B_resample,0.5222222222222223
271-365,95,-0.24,14.423,11.544,0.6858,0.7519,-0.22,TabICLv2,2021,9,B_resample,0.0
1-7,7,-7.559,15.82,14.845,1.8385,1.1581,-0.104,TabPFN,2022,2,A_removal,0.0
8-30,23,0.041,16.319,13.845,0.7665,0.8766,0.473,TabPFN,2022,2,A_removal,0.0
31-90,60,-0.652,25.375,15.575,0.6885,0.8712,-0.291,TabPFN,2022,2,A_removal,0.0
91-180,90,-1.881,16.399,13.039,0.7256,0.986,-0.165,TabPFN,2022,2,A_removal,0.0
181-270,90,-2.369,28.451,23.264,0.7821,0.9305,-0.429,TabPFN,2022,2,A_removal,0.0
271-365,95,-0.198,17.344,9.673,0.6172,0.8359,0.082,TabPFN,2022,2,A_removal,0.0
1-7,7,-10.689,18.488,17.494,2.1666,1.3647,-0.603,TabICLv2,2022,2,A_removal,0.0
8-30,23,0.019,16.505,12.691,0.7026,0.8035,0.532,TabICLv2,2022,2,A_removal,0.0
31-90,60,-0.593,24.917,14.784,0.6535,0.8269,-0.224,TabICLv2,2022,2,A_removal,0.0
91-180,90,-1.862,16.344,12.219,0.6801,0.924,-0.322,TabICLv2,2022,2,A_removal,0.0
181-270,90,-1.72,25.566,19.648,0.6605,0.7859,-0.341,TabICLv2,2022,2,A_removal,0.0
271-365,95,-0.182,17.226,10.119,0.6456,0.8745,-0.139,TabICLv2,2022,2,A_removal,0.0
1-7,7,-9.924,17.873,16.869,2.0893,1.316,-0.706,TabPFN,2022,2,B_resample,0.0
8-30,23,0.006,16.617,13.142,0.7276,0.8321,0.231,TabPFN,2022,2,B_resample,0.0
31-90,60,-0.528,24.409,13.984,0.6181,0.7822,-0.29,TabPFN,2022,2,B_resample,0.0
91-180,90,-1.236,14.446,10.574,0.5885,0.7996,-0.142,TabPFN,2022,2,B_resample,0.0
181-270,90,-2.006,26.875,21.546,0.7243,0.8618,-0.422,TabPFN,2022,2,B_resample,0.0
271-365,95,-0.155,17.031,9.301,0.5935,0.8038,0.026,TabPFN,2022,2,B_resample,0.0
1-7,7,-8.799,16.927,15.981,1.9793,1.2467,-0.214,TabICLv2,2022,2,B_resample,0.0
8-30,23,0.07,16.072,13.302,0.7364,0.8422,0.592,TabICLv2,2022,2,B_resample,0.0
31-90,60,-0.499,24.173,13.78,0.6091,0.7707,-0.088,TabICLv2,2022,2,B_resample,0.0
91-180,90,-1.587,15.538,11.69,0.6506,0.884,-0.191,TabICLv2,2022,2,B_resample,0.0
181-270,90,-2.134,27.442,22.071,0.742,0.8828,-0.33,TabICLv2,2022,2,B_resample,0.0
271-365,95,-0.225,17.541,9.981,0.6369,0.8626,-0.021,TabICLv2,2022,2,B_resample,0.0
1-7,7,-1.81,5.726,4.684,1.2388,1.4173,0.32,TabPFN,2022,4,A_removal,0.0
8-30,23,-6.611,5.467,5.087,0.9788,2.3399,0.14,TabPFN,2022,4,A_removal,0.0
31-90,60,-0.469,4.636,4.133,0.4866,0.8557,0.388,TabPFN,2022,4,A_removal,0.0166666666666666
91-180,90,0.31,33.583,18.081,0.693,0.7691,0.912,TabPFN,2022,4,A_removal,0.8333333333333334
181-270,90,0.262,39.643,24.052,0.6292,0.6687,0.687,TabPFN,2022,4,A_removal,0.8222222222222222
271-365,95,0.179,18.317,12.059,0.7113,0.8364,0.584,TabPFN,2022,4,A_removal,0.7789473684210526
1-7,7,-0.098,3.58,3.405,0.9006,1.0303,-0.066,TabICLv2,2022,4,A_removal,0.0
8-30,23,-4.112,4.481,3.859,0.7424,1.7748,0.083,TabICLv2,2022,4,A_removal,0.0
31-90,60,-5.15,9.485,8.812,1.0375,1.8243,0.772,TabICLv2,2022,4,A_removal,0.0166666666666666
91-180,90,0.25,35.033,19.977,0.7657,0.8497,0.762,TabICLv2,2022,4,A_removal,0.8333333333333334
181-270,90,0.288,38.934,24.579,0.643,0.6833,0.629,TabICLv2,2022,4,A_removal,0.8222222222222222
271-365,95,0.229,17.745,11.211,0.6613,0.7776,0.515,TabICLv2,2022,4,A_removal,0.7789473684210526
1-7,7,-3.949,7.599,6.68,1.7668,2.0213,-0.741,TabPFN,2022,4,B_resample,0.0
8-30,23,-11.457,6.994,6.728,1.2943,3.0944,0.278,TabPFN,2022,4,B_resample,0.0
31-90,60,-1.07,5.503,4.924,0.5797,1.0193,0.484,TabPFN,2022,4,B_resample,0.0166666666666666
91-180,90,0.323,33.285,17.917,0.6867,0.7621,0.919,TabPFN,2022,4,B_resample,0.8333333333333334
181-270,90,0.275,39.295,23.664,0.619,0.6579,0.695,TabPFN,2022,4,B_resample,0.8222222222222222
271-365,95,0.191,18.178,11.602,0.6844,0.8047,0.574,TabPFN,2022,4,B_resample,0.7789473684210526
1-7,7,-0.296,3.889,3.428,0.9066,1.0372,0.389,TabICLv2,2022,4,B_resample,0.0
8-30,23,-4.709,4.735,4.19,0.8061,1.9273,0.106,TabICLv2,2022,4,B_resample,0.0
31-90,60,-0.952,5.344,4.908,0.5779,1.0161,0.846,TabICLv2,2022,4,B_resample,0.0166666666666666
91-180,90,0.146,37.381,19.512,0.7478,0.8299,0.716,TabICLv2,2022,4,B_resample,0.8333333333333334
181-270,90,0.202,41.204,25.413,0.6648,0.7065,0.674,TabICLv2,2022,4,B_resample,0.8222222222222222
271-365,95,0.226,17.784,11.401,0.6725,0.7907,0.559,TabICLv2,2022,4,B_resample,0.7789473684210526
1-7,7,-12.64,7.266,6.992,4.6913,3.5199,-0.344,TabPFN,2022,9,A_removal,0.0
8-30,23,-0.655,3.926,3.013,0.634,0.8226,0.084,TabPFN,2022,9,A_removal,0.0
31-90,60,-0.038,6.664,5.416,0.627,0.7172,-0.349,TabPFN,2022,9,A_removal,0.2333333333333333
91-180,90,0.029,13.53,9.406,0.7102,0.7579,0.375,TabPFN,2022,9,A_removal,0.9333333333333332
181-270,90,0.413,36.475,25.87,0.6012,0.6112,0.645,TabPFN,2022,9,A_removal,0.9333333333333332
271-365,95,0.068,33.199,21.582,0.756,0.7829,0.388,TabPFN,2022,9,A_removal,0.936842105263158
1-7,7,-8.695,6.126,5.76,3.8648,2.8998,-0.363,TabICLv2,2022,9,A_removal,0.0
8-30,23,-0.129,3.243,2.21,0.4651,0.6034,-0.115,TabICLv2,2022,9,A_removal,0.0
31-90,60,-0.263,7.351,5.855,0.6777,0.7752,-0.185,TabICLv2,2022,9,A_removal,0.2333333333333333
91-180,90,-0.081,14.278,10.64,0.8033,0.8573,0.225,TabICLv2,2022,9,A_removal,0.9333333333333332
181-270,90,-0.134,50.709,37.368,0.8684,0.8829,0.335,TabICLv2,2022,9,A_removal,0.9333333333333332
271-365,95,0.029,33.88,23.107,0.8094,0.8382,0.339,TabICLv2,2022,9,A_removal,0.936842105263158
1-7,7,-13.828,7.576,7.306,4.902,3.678,-0.219,TabPFN,2022,9,B_resample,0.0
8-30,23,-1.186,4.513,3.658,0.7697,0.9987,0.393,TabPFN,2022,9,B_resample,0.0
31-90,60,-0.074,6.778,5.501,0.6368,0.7285,-0.267,TabPFN,2022,9,B_resample,0.2333333333333333
91-180,90,0.152,12.643,9.108,0.6876,0.7339,0.41,TabPFN,2022,9,B_resample,0.9333333333333332
181-270,90,0.293,40.058,28.245,0.6564,0.6673,0.55,TabPFN,2022,9,B_resample,0.9333333333333332
271-365,95,0.133,32.02,20.844,0.7302,0.7561,0.407,TabPFN,2022,9,B_resample,0.936842105263158
1-7,7,-8.107,5.937,5.608,3.763,2.8234,0.233,TabICLv2,2022,9,B_resample,0.0
8-30,23,-0.094,3.192,2.266,0.4769,0.6187,0.402,TabICLv2,2022,9,B_resample,0.0
31-90,60,-0.203,7.173,5.887,0.6815,0.7795,-0.232,TabICLv2,2022,9,B_resample,0.2333333333333333
91-180,90,-0.37,16.076,12.381,0.9347,0.9976,0.211,TabICLv2,2022,9,B_resample,0.9333333333333332
181-270,90,0.011,47.367,33.671,0.7825,0.7955,0.337,TabICLv2,2022,9,B_resample,0.9333333333333332
271-365,95,0.065,33.254,22.86,0.8008,0.8292,0.317,TabICLv2,2022,9,B_resample,0.936842105263158
1-7,7,-0.679,33.037,22.645,0.7419,0.6799,-0.518,TFT,2018,2,A_removal,0.8571428571428571
8-30,23,-0.03,7.948,6.773,0.1462,0.7681,0.535,TFT,2018,2,A_removal,0.9130434782608696
31-90,60,-0.735,29.106,18.403,0.5292,0.7295,-0.396,TFT,2018,2,A_removal,0.5333333333333333
91-180,90,-9.335,28.827,23.268,0.4682,2.9541,-0.214,TFT,2018,2,A_removal,0.4777777777777778
181-270,90,-55.443,36.184,32.943,0.636,6.77,-0.184,TFT,2018,2,A_removal,0.0
271-365,95,-3.553,22.373,14.937,0.3305,1.4617,-0.325,TFT,2018,2,A_removal,0.0
1-7,7,-1.345,39.05,27.75,0.9092,0.8332,-0.433,DLinear,2018,2,A_removal,0.8571428571428571
8-30,23,-2.584,14.824,11.541,0.2491,1.3088,0.107,DLinear,2018,2,A_removal,0.9130434782608696
31-90,60,-0.466,26.752,19.303,0.5551,0.7651,0.247,DLinear,2018,2,A_removal,0.5333333333333333
91-180,90,-6.718,24.911,20.58,0.4141,2.6128,-0.06,DLinear,2018,2,A_removal,0.4777777777777778
181-270,90,-61.102,37.955,34.579,0.6676,7.1061,-0.01,DLinear,2018,2,A_removal,0.0
271-365,95,-4.382,24.326,18.91,0.4184,1.8504,-0.181,DLinear,2018,2,A_removal,0.0
1-7,7,-0.825,34.445,25.042,0.8205,0.7519,-0.143,LSTM,2018,2,A_removal,0.8571428571428571
8-30,23,-1.27,11.798,9.243,0.1995,1.0482,0.289,LSTM,2018,2,A_removal,0.9130434782608696
31-90,60,-0.296,25.151,16.359,0.4704,0.6484,0.162,LSTM,2018,2,A_removal,0.5333333333333333
91-180,90,-10.36,30.222,24.952,0.502,3.1678,0.204,LSTM,2018,2,A_removal,0.4777777777777778
181-270,90,-115.212,51.92,46.213,0.8922,9.4969,-0.001,LSTM,2018,2,A_removal,0.0
271-365,95,-19.254,47.191,36.135,0.7996,3.536,0.299,LSTM,2018,2,A_removal,0.0
1-7,7,-1.387,32.918,23.851,1.6376,0.7338,-0.389,TFT,2018,4,A_removal,0.1428571428571428
8-30,23,-1.3,17.898,14.78,1.2839,0.9112,0.405,TFT,2018,4,A_removal,0.3043478260869565
31-90,60,-0.707,24.472,16.968,1.1636,0.7903,-0.042,TFT,2018,4,A_removal,0.55
91-180,90,-2.7,27.282,22.378,1.4881,1.8222,-0.21,TFT,2018,4,A_removal,0.9222222222222224
181-270,90,-0.088,57.682,40.28,0.7583,0.6021,0.421,TFT,2018,4,A_removal,0.8
271-365,95,0.076,37.709,24.809,0.9236,0.7429,0.556,TFT,2018,4,A_removal,0.7052631578947368
1-7,7,-2.245,38.38,26.108,1.7926,0.8032,-0.683,DLinear,2018,4,A_removal,0.1428571428571428
8-30,23,-1.7,19.392,14.766,1.2826,0.9103,0.402,DLinear,2018,4,A_removal,0.3043478260869565
31-90,60,-0.929,26.02,20.464,1.4034,0.9532,0.369,DLinear,2018,4,A_removal,0.55
91-180,90,-2.547,26.712,22.42,1.4909,1.8256,0.032,DLinear,2018,4,A_removal,0.9222222222222224
181-270,90,-0.035,56.265,40.155,0.7559,0.6003,0.246,DLinear,2018,4,A_removal,0.8
271-365,95,0.08,37.615,26.257,0.9775,0.7863,0.48,DLinear,2018,4,A_removal,0.7052631578947368
1-7,7,-1.397,32.991,22.676,1.5569,0.6976,-0.625,LSTM,2018,4,A_removal,0.1428571428571428
8-30,23,-0.262,13.26,11.003,0.9558,0.6783,0.477,LSTM,2018,4,A_removal,0.3043478260869565
31-90,60,-0.484,22.823,15.71,1.0773,0.7317,0.11,LSTM,2018,4,A_removal,0.55
91-180,90,-1.926,24.262,18.751,1.2469,1.5269,-0.227,LSTM,2018,4,A_removal,0.9222222222222224
181-270,90,-0.449,66.576,48.184,0.9071,0.7203,0.392,LSTM,2018,4,A_removal,0.8
271-365,95,-0.368,45.878,34.934,1.3005,1.0461,-0.223,LSTM,2018,4,A_removal,0.7052631578947368
1-7,7,-0.359,67.296,37.088,1.3034,0.8158,0.56,TFT,2018,9,A_removal,0.0
8-30,23,-0.334,53.246,29.354,1.5488,0.9618,0.309,TFT,2018,9,A_removal,0.0
31-90,60,-0.59,54.886,31.376,1.2782,0.8477,-0.283,TFT,2018,9,A_removal,0.0
91-180,90,-3.127,22.64,17.427,2.3188,1.1419,-0.293,TFT,2018,9,A_removal,0.0
181-270,90,-0.892,77.86,63.736,0.7982,0.6669,0.502,TFT,2018,9,A_removal,0.0
271-365,95,-0.329,31.616,21.326,1.1121,0.7195,0.22,TFT,2018,9,A_removal,0.0
1-7,7,0.008,57.482,41.557,1.4605,0.9141,0.308,DLinear,2018,9,A_removal,0.0
8-30,23,-0.926,63.975,34.479,1.8192,1.1297,-0.269,DLinear,2018,9,A_removal,0.0
31-90,60,-0.615,55.308,35.128,1.431,0.9491,0.064,DLinear,2018,9,A_removal,0.0
91-180,90,-4.923,27.124,22.962,3.0553,1.5046,-0.108,DLinear,2018,9,A_removal,0.0
181-270,90,-0.105,59.512,46.581,0.5834,0.4874,0.563,DLinear,2018,9,A_removal,0.0
271-365,95,-0.035,27.902,20.237,1.0554,0.6828,0.455,DLinear,2018,9,A_removal,0.0
1-7,7,-0.186,62.858,29.376,1.0324,0.6462,0.195,LSTM,2018,9,A_removal,0.0
8-30,23,0.079,44.243,16.729,0.8827,0.5481,0.433,LSTM,2018,9,A_removal,0.0
31-90,60,-0.076,45.153,25.035,1.0199,0.6764,0.214,LSTM,2018,9,A_removal,0.0
91-180,90,-5.842,29.152,20.899,2.7807,1.3694,-0.244,LSTM,2018,9,A_removal,0.0
181-270,90,-1.541,90.24,77.986,0.9767,0.816,-0.312,LSTM,2018,9,A_removal,0.0
271-365,95,-2.599,52.021,42.292,2.2055,1.4269,-0.317,LSTM,2018,9,A_removal,0.0
1-7,7,-1.355,39.13,29.602,0.9699,0.8888,-0.253,TFT,2018,2,B_resample,0.8571428571428571
8-30,23,-5.199,19.496,17.21,0.3715,1.9517,0.543,TFT,2018,2,B_resample,0.9130434782608696
31-90,60,-1.611,35.701,27.668,0.7956,1.0967,-0.033,TFT,2018,2,B_resample,0.5333333333333333
91-180,90,-41.326,58.336,34.95,0.7032,4.4371,-0.127,TFT,2018,2,B_resample,0.4777777777777778
181-270,90,-26.75,25.371,23.714,0.4578,4.8733,0.103,TFT,2018,2,B_resample,0.0
271-365,95,-2.155,18.626,15.404,0.3408,1.5074,-0.394,TFT,2018,2,B_resample,0.0
1-7,7,-0.145,27.283,22.251,0.7291,0.6681,0.148,DLinear,2018,2,B_resample,0.8571428571428571
8-30,23,-3.366,16.362,13.021,0.281,1.4766,0.199,DLinear,2018,2,B_resample,0.9130434782608696
31-90,60,-0.773,29.419,21.69,0.6237,0.8597,-0.066,DLinear,2018,2,B_resample,0.5333333333333333
91-180,90,-8.355,27.425,22.44,0.4515,2.8489,-0.188,DLinear,2018,2,B_resample,0.4777777777777778
181-270,90,-35.402,29.059,25.416,0.4907,5.2231,0.131,DLinear,2018,2,B_resample,0.0
271-365,95,-3.203,21.497,16.277,0.3602,1.5928,-0.262,DLinear,2018,2,B_resample,0.0
1-7,7,-0.771,33.933,22.158,0.726,0.6653,0.061,LSTM,2018,2,B_resample,0.8571428571428571
8-30,23,-1.369,12.051,9.986,0.2155,1.1325,0.309,LSTM,2018,2,B_resample,0.9130434782608696
31-90,60,-0.809,29.719,22.496,0.6469,0.8917,-0.412,LSTM,2018,2,B_resample,0.5333333333333333
91-180,90,-22.167,43.159,30.418,0.612,3.8617,-0.038,LSTM,2018,2,B_resample,0.4777777777777778
181-270,90,-26.302,25.165,22.464,0.4337,4.6165,-0.13,LSTM,2018,2,B_resample,0.0
271-365,95,-5.25,26.215,21.535,0.4765,2.1073,-0.203,LSTM,2018,2,B_resample,0.0
1-7,7,-3.364,44.51,39.067,2.6824,1.2019,0.049,TFT,2018,4,B_resample,0.1428571428571428
8-30,23,-4.121,26.707,23.686,2.0575,1.4602,-0.061,TFT,2018,4,B_resample,0.3043478260869565
31-90,60,-0.855,25.51,17.968,1.2322,0.8369,-0.103,TFT,2018,4,B_resample,0.55
91-180,90,-2.559,26.756,21.405,1.4233,1.7429,-0.166,TFT,2018,4,B_resample,0.9222222222222224
181-270,90,-0.387,65.134,48.04,0.9044,0.7181,0.177,TFT,2018,4,B_resample,0.8
271-365,95,-0.103,41.204,26.627,0.9912,0.7973,0.464,TFT,2018,4,B_resample,0.7052631578947368
1-7,7,-0.91,29.45,21.071,1.4467,0.6483,-0.663,DLinear,2018,4,B_resample,0.1428571428571428
8-30,23,-0.775,15.725,12.947,1.1246,0.7981,0.451,DLinear,2018,4,B_resample,0.3043478260869565
31-90,60,-1.057,26.864,21.455,1.4714,0.9993,0.018,DLinear,2018,4,B_resample,0.55
91-180,90,-2.117,25.041,19.062,1.2676,1.5522,0.107,DLinear,2018,4,B_resample,0.9222222222222224
181-270,90,-0.165,59.683,40.253,0.7578,0.6017,0.239,DLinear,2018,4,B_resample,0.8
271-365,95,-0.511,48.222,35.239,1.3118,1.0552,0.397,DLinear,2018,4,B_resample,0.7052631578947368
1-7,7,-3.565,45.526,35.761,2.4554,1.1002,-0.755,LSTM,2018,4,B_resample,0.1428571428571428
8-30,23,-1.098,17.093,14.674,1.2747,0.9046,0.171,LSTM,2018,4,B_resample,0.3043478260869565
31-90,60,-1.795,31.32,22.527,1.5449,1.0493,-0.534,LSTM,2018,4,B_resample,0.55
91-180,90,-1.16,20.847,16.446,1.0936,1.3391,-0.115,LSTM,2018,4,B_resample,0.9222222222222224
181-270,90,-0.467,66.972,47.109,0.8868,0.7042,0.304,LSTM,2018,4,B_resample,0.8
271-365,95,-0.013,39.488,24.912,0.9274,0.746,0.563,LSTM,2018,4,B_resample,0.7052631578947368
1-7,7,-0.683,74.893,48.519,1.7051,1.0673,0.198,TFT,2018,9,B_resample,0.0
8-30,23,-0.556,57.502,35.741,1.8858,1.1711,0.277,TFT,2018,9,B_resample,0.0
31-90,60,-0.421,51.879,28.461,1.1594,0.769,0.025,TFT,2018,9,B_resample,0.0
91-180,90,-2.064,19.509,13.579,1.8067,0.8897,-0.307,TFT,2018,9,B_resample,0.0
181-270,90,-1.734,93.593,78.008,0.9769,0.8162,0.145,TFT,2018,9,B_resample,0.0
271-365,95,-1.005,38.831,27.704,1.4448,0.9347,-0.047,TFT,2018,9,B_resample,0.0
1-7,7,-0.001,57.757,39.955,1.4042,0.8789,0.344,DLinear,2018,9,B_resample,0.0
8-30,23,-0.202,50.543,25.743,1.3583,0.8435,0.053,DLinear,2018,9,B_resample,0.0
31-90,60,-0.585,54.8,34.182,1.3925,0.9235,0.044,DLinear,2018,9,B_resample,0.0
91-180,90,-9.18,35.558,29.581,3.936,1.9383,-0.025,DLinear,2018,9,B_resample,0.0
181-270,90,-0.071,58.575,48.962,0.6132,0.5123,0.333,DLinear,2018,9,B_resample,0.0
271-365,95,-2.641,52.321,44.526,2.322,1.5023,0.392,DLinear,2018,9,B_resample,0.0
1-7,7,-0.734,76.009,54.861,1.928,1.2068,0.661,LSTM,2018,9,B_resample,0.0
8-30,23,-0.486,56.202,34.585,1.8248,1.1332,0.277,LSTM,2018,9,B_resample,0.0
31-90,60,-0.586,54.821,32.178,1.3108,0.8694,-0.163,LSTM,2018,9,B_resample,0.0
91-180,90,-1.439,17.403,13.459,1.7909,0.8819,-0.162,LSTM,2018,9,B_resample,0.0
181-270,90,-1.787,94.501,78.869,0.9877,0.8252,0.293,LSTM,2018,9,B_resample,0.0
271-365,95,-0.657,35.299,26.368,1.3751,0.8897,0.417,LSTM,2018,9,B_resample,0.0
1-7,7,-0.928,45.606,32.206,1.1315,0.7142,-0.719,TFT,2019,2,A_removal,0.0
8-30,23,-0.148,20.452,14.284,1.0032,0.6229,0.179,TFT,2019,2,A_removal,0.0
31-90,60,-0.38,36.467,19.46,1.1177,0.6227,-0.203,TFT,2019,2,A_removal,0.0
91-180,90,-9.891,25.525,21.636,2.3343,1.8454,-0.386,TFT,2019,2,A_removal,0.0
181-270,90,-1.111,32.683,30.169,1.8051,1.5284,0.005,TFT,2019,2,A_removal,0.0
271-365,95,-0.412,29.769,23.854,1.1727,0.9052,-0.335,TFT,2019,2,A_removal,0.0
1-7,7,-0.284,37.222,33.979,1.1938,0.7535,-0.756,DLinear,2019,2,A_removal,0.0
8-30,23,-0.396,22.555,18.211,1.2791,0.7941,0.196,DLinear,2019,2,A_removal,0.0
31-90,60,-0.398,36.696,22.84,1.3118,0.7309,-0.01,DLinear,2019,2,A_removal,0.0
91-180,90,-13.346,29.296,20.672,2.2303,1.7631,-0.028,DLinear,2019,2,A_removal,0.0
181-270,90,-0.608,28.524,23.85,1.427,1.2082,0.282,DLinear,2019,2,A_removal,0.0
271-365,95,-0.123,26.549,21.76,1.0697,0.8257,0.329,DLinear,2019,2,A_removal,0.0
1-7,7,-2.03,57.176,50.339,1.7686,1.1162,0.971,LSTM,2019,2,A_removal,0.0
8-30,23,-2.776,37.096,32.309,2.2692,1.4089,0.516,LSTM,2019,2,A_removal,0.0
31-90,60,-1.748,51.458,41.301,2.3721,1.3217,0.165,LSTM,2019,2,A_removal,0.0
91-180,90,-4.925,18.827,16.884,1.8216,1.44,0.056,LSTM,2019,2,A_removal,0.0
181-270,90,-1.141,32.915,25.547,1.5285,1.2942,-0.279,LSTM,2019,2,A_removal,0.0
271-365,95,-2.036,43.656,36.884,1.8132,1.3996,-0.385,LSTM,2019,2,A_removal,0.0
1-7,7,-24.692,10.031,9.025,4.5215,4.4516,0.289,TFT,2019,4,A_removal,0.0
8-30,23,-0.731,38.269,25.074,1.386,1.3853,0.137,TFT,2019,4,A_removal,0.3478260869565217
31-90,60,-0.522,29.532,20.209,0.6991,0.7006,-0.131,TFT,2019,4,A_removal,0.5333333333333333
91-180,90,-0.416,57.82,40.99,0.5884,0.589,0.55,TFT,2019,4,A_removal,0.6888888888888889
181-270,90,0.141,34.84,25.072,0.7224,0.7237,0.563,TFT,2019,4,A_removal,0.6777777777777778
271-365,95,0.017,23.735,14.681,0.5686,0.57,0.221,TFT,2019,4,A_removal,0.6947368421052632
1-7,7,-111.368,20.979,20.869,10.4555,10.2937,0.206,DLinear,2019,4,A_removal,0.0
8-30,23,-1.653,47.371,28.53,1.577,1.5762,-0.672,DLinear,2019,4,A_removal,0.3478260869565217
31-90,60,-0.956,33.477,24.143,0.8352,0.8369,0.053,DLinear,2019,4,A_removal,0.5333333333333333
91-180,90,0.255,41.951,29.712,0.4265,0.4269,0.601,DLinear,2019,4,A_removal,0.6888888888888889
181-270,90,-0.357,43.802,33.186,0.9561,0.9579,0.428,DLinear,2019,4,A_removal,0.6777777777777778
271-365,95,-1.44,37.396,31.131,1.2058,1.2088,0.371,DLinear,2019,4,A_removal,0.6947368421052632
1-7,7,-7.002,5.598,4.167,2.0877,2.0554,-0.269,LSTM,2019,4,A_removal,0.0
8-30,23,-0.213,32.035,18.069,0.9988,0.9983,-0.005,LSTM,2019,4,A_removal,0.3478260869565217
31-90,60,-1.036,34.155,26.674,0.9227,0.9247,0.132,LSTM,2019,4,A_removal,0.5333333333333333
91-180,90,-0.212,53.509,40.602,0.5828,0.5834,0.478,LSTM,2019,4,A_removal,0.6888888888888889
181-270,90,-0.356,43.787,31.212,0.8992,0.9009,0.112,LSTM,2019,4,A_removal,0.6777777777777778
271-365,95,-0.642,30.675,22.314,0.8643,0.8664,0.326,LSTM,2019,4,A_removal,0.6947368421052632
1-7,7,-0.773,15.732,9.653,1.2496,0.5676,-0.112,TFT,2019,9,A_removal,0.0
8-30,23,-1.006,13.898,9.477,0.879,0.4703,-0.41,TFT,2019,9,A_removal,0.0
31-90,60,-0.427,33.756,18.384,0.9559,0.6515,-0.255,TFT,2019,9,A_removal,0.2666666666666666
91-180,90,-0.09,55.475,38.301,0.7613,0.6754,0.337,TFT,2019,9,A_removal,0.9
181-270,90,0.078,59.137,45.817,1.0745,1.0193,0.482,TFT,2019,9,A_removal,0.5444444444444444
271-365,95,-0.217,68.984,41.808,0.9012,0.7875,0.237,TFT,2019,9,A_removal,0.5157894736842106
1-7,7,-3.532,25.152,23.832,3.0851,1.4013,-0.612,DLinear,2019,9,A_removal,0.0
8-30,23,-1.811,16.454,12.997,1.2055,0.645,0.376,DLinear,2019,9,A_removal,0.0
31-90,60,-0.676,36.588,26.382,1.3718,0.935,-0.211,DLinear,2019,9,A_removal,0.2666666666666666
91-180,90,0.109,50.168,36.848,0.7324,0.6498,0.47,DLinear,2019,9,A_removal,0.9
181-270,90,-0.014,62.016,51.778,1.2143,1.1519,0.451,DLinear,2019,9,A_removal,0.5444444444444444
271-365,95,0.358,50.116,39.684,0.8555,0.7475,0.68,DLinear,2019,9,A_removal,0.5157894736842106
1-7,7,-1.749,19.588,14.021,1.8151,0.8245,0.018,LSTM,2019,9,A_removal,0.0
8-30,23,-5.709,25.419,23.485,2.1781,1.1654,0.171,LSTM,2019,9,A_removal,0.0
31-90,60,-1.224,42.144,31.348,1.63,1.111,0.088,LSTM,2019,9,A_removal,0.2666666666666666
91-180,90,0.115,49.988,32.886,0.6537,0.5799,0.455,LSTM,2019,9,A_removal,0.9
181-270,90,-0.56,76.905,66.847,1.5677,1.4872,-0.39,LSTM,2019,9,A_removal,0.5444444444444444
271-365,95,-0.2,68.498,44.19,0.9526,0.8323,0.301,LSTM,2019,9,A_removal,0.5157894736842106
1-7,7,0.308,27.329,18.646,0.6551,0.4135,0.807,TFT,2019,2,B_resample,0.0
8-30,23,-0.694,24.847,16.814,1.1809,0.7332,0.013,TFT,2019,2,B_resample,0.0
31-90,60,-0.157,33.389,21.795,1.2518,0.6975,0.546,TFT,2019,2,B_resample,0.0
91-180,90,-7.207,22.158,18.306,1.975,1.5613,0.086,TFT,2019,2,B_resample,0.0
181-270,90,-2.041,39.226,32.816,1.9634,1.6625,-0.351,TFT,2019,2,B_resample,0.0
271-365,95,-0.7,32.67,26.291,1.2924,0.9976,-0.17,TFT,2019,2,B_resample,0.0
1-7,7,0.2,29.377,24.529,0.8618,0.5439,0.761,DLinear,2019,2,B_resample,0.0
8-30,23,-0.033,19.403,16.324,1.1465,0.7118,0.262,DLinear,2019,2,B_resample,0.0
31-90,60,-0.021,31.358,19.382,1.1132,0.6202,0.322,DLinear,2019,2,B_resample,0.0
91-180,90,-10.858,26.635,22.363,2.4127,1.9073,-0.192,DLinear,2019,2,B_resample,0.0
181-270,90,-1.576,36.1,30.279,1.8116,1.534,0.141,DLinear,2019,2,B_resample,0.0
271-365,95,-0.465,30.321,24.372,1.1981,0.9248,0.358,DLinear,2019,2,B_resample,0.0
1-7,7,-0.276,37.101,30.731,1.0797,0.6814,0.989,LSTM,2019,2,B_resample,0.0
8-30,23,-1.464,29.968,24.092,1.6921,1.0506,0.468,LSTM,2019,2,B_resample,0.0
31-90,60,-0.628,39.601,26.726,1.535,0.8553,0.445,LSTM,2019,2,B_resample,0.0
91-180,90,-1.794,12.929,10.425,1.1247,0.8891,0.253,LSTM,2019,2,B_resample,0.0
181-270,90,-0.679,29.144,21.865,1.3082,1.1077,-0.146,LSTM,2019,2,B_resample,0.0
271-365,95,-1.673,40.961,32.964,1.6205,1.2508,-0.297,LSTM,2019,2,B_resample,0.0
1-7,7,-44.768,13.389,10.777,5.3992,5.3157,-0.693,TFT,2019,4,B_resample,0.0
8-30,23,-0.455,35.079,21.014,1.1616,1.1609,0.226,TFT,2019,4,B_resample,0.3478260869565217
31-90,60,-0.454,28.867,21.544,0.7453,0.7469,0.52,TFT,2019,4,B_resample,0.5333333333333333
91-180,90,-0.898,66.948,51.003,0.7321,0.7328,0.447,TFT,2019,4,B_resample,0.6888888888888889
181-270,90,-0.415,44.733,29.645,0.8541,0.8557,0.161,TFT,2019,4,B_resample,0.6777777777777778
271-365,95,-0.93,33.255,23.511,0.9106,0.9129,-0.163,TFT,2019,4,B_resample,0.6947368421052632
1-7,7,-395.842,39.424,38.722,19.3998,19.0996,0.098,DLinear,2019,4,B_resample,0.0
8-30,23,-1.991,50.299,39.361,2.1757,2.1746,-0.087,DLinear,2019,4,B_resample,0.3478260869565217
31-90,60,-0.518,29.496,22.1,0.7645,0.7661,0.405,DLinear,2019,4,B_resample,0.5333333333333333
91-180,90,0.192,43.671,32.879,0.472,0.4724,0.644,DLinear,2019,4,B_resample,0.6888888888888889
181-270,90,-0.345,43.603,34.765,1.0016,1.0035,0.605,DLinear,2019,4,B_resample,0.6777777777777778
271-365,95,-1.067,34.414,28.98,1.1224,1.1252,0.298,DLinear,2019,4,B_resample,0.6947368421052632
1-7,7,-5.559,5.068,4.036,2.0223,1.991,0.294,LSTM,2019,4,B_resample,0.0
8-30,23,-0.273,32.812,18.204,1.0062,1.0057,0.172,LSTM,2019,4,B_resample,0.3478260869565217
31-90,60,-0.909,33.076,24.431,0.8451,0.8469,-0.178,LSTM,2019,4,B_resample,0.5333333333333333
91-180,90,-0.872,66.483,51.432,0.7383,0.739,0.597,LSTM,2019,4,B_resample,0.6888888888888889
181-270,90,0.008,37.452,21.864,0.6299,0.6311,0.465,LSTM,2019,4,B_resample,0.6777777777777778
271-365,95,-1.157,35.158,26.403,1.0226,1.0252,-0.0,LSTM,2019,4,B_resample,0.6947368421052632
1-7,7,-0.068,12.209,6.832,0.8845,0.4017,0.342,TFT,2019,9,B_resample,0.0
8-30,23,-2.572,18.547,15.146,1.4047,0.7516,-0.312,TFT,2019,9,B_resample,0.0
31-90,60,-0.512,34.757,22.235,1.1561,0.788,0.492,TFT,2019,9,B_resample,0.2666666666666666
91-180,90,-0.36,61.965,42.498,0.8447,0.7494,0.489,TFT,2019,9,B_resample,0.9
181-270,90,-0.008,61.824,44.355,1.0402,0.9868,0.269,TFT,2019,9,B_resample,0.5444444444444444
271-365,95,-0.9,86.195,54.229,1.169,1.0214,-0.506,TFT,2019,9,B_resample,0.5157894736842106
1-7,7,-8.884,37.145,34.498,4.466,2.0285,-0.449,DLinear,2019,9,B_resample,0.0
8-30,23,-8.296,29.921,27.429,2.544,1.3611,0.2,DLinear,2019,9,B_resample,0.0
31-90,60,-0.502,34.635,23.912,1.2433,0.8474,0.089,DLinear,2019,9,B_resample,0.2666666666666666
91-180,90,0.084,50.863,38.225,0.7598,0.674,0.526,DLinear,2019,9,B_resample,0.9
181-270,90,0.027,60.74,52.595,1.2335,1.1701,0.611,DLinear,2019,9,B_resample,0.5444444444444444
271-365,95,0.412,47.952,34.775,0.7496,0.655,0.659,DLinear,2019,9,B_resample,0.5157894736842106
1-7,7,-3.678,25.554,23.627,3.0587,1.3893,0.569,LSTM,2019,9,B_resample,0.0
8-30,23,-8.798,30.719,29.268,2.7145,1.4524,0.33,LSTM,2019,9,B_resample,0.0
31-90,60,-1.067,40.636,29.585,1.5383,1.0485,0.169,LSTM,2019,9,B_resample,0.2666666666666666
91-180,90,-0.533,65.79,48.468,0.9634,0.8547,0.543,LSTM,2019,9,B_resample,0.9
181-270,90,-0.092,64.363,47.985,1.1253,1.0675,0.071,LSTM,2019,9,B_resample,0.5444444444444444
271-365,95,-1.302,94.872,70.713,1.5243,1.3319,-0.028,LSTM,2019,9,B_resample,0.5157894736842106
1-7,7,0.791,11.178,8.015,0.4874,0.3639,0.933,TFT,2020,2,A_removal,0.0
8-30,23,-2.849,27.506,23.762,2.1551,0.8569,0.094,TFT,2020,2,A_removal,0.0
31-90,60,-1.064,22.271,16.672,1.4525,0.6917,0.215,TFT,2020,2,A_removal,0.0
91-180,90,-1.133,26.604,16.458,1.3723,1.0279,-0.205,TFT,2020,2,A_removal,0.0
181-270,90,-1.502,22.248,16.278,1.1747,1.0022,-0.059,TFT,2020,2,A_removal,0.0
271-365,95,-0.66,23.203,13.792,0.872,0.9613,0.243,TFT,2020,2,A_removal,0.0
1-7,7,-0.278,27.654,25.617,1.5577,1.1632,0.433,DLinear,2020,2,A_removal,0.0
8-30,23,-0.522,17.294,13.321,1.2081,0.4804,0.404,DLinear,2020,2,A_removal,0.0
31-90,60,-1.397,23.997,18.147,1.581,0.7529,-0.066,DLinear,2020,2,A_removal,0.0
91-180,90,-2.837,35.684,27.247,2.2717,1.7016,0.123,DLinear,2020,2,A_removal,0.0
181-270,90,-2.669,26.944,22.842,1.6484,1.4063,0.027,DLinear,2020,2,A_removal,0.0
271-365,95,-3.577,38.535,30.618,1.9358,2.1341,0.03,DLinear,2020,2,A_removal,0.0
1-7,7,-1.556,39.108,30.325,1.844,1.3769,0.068,LSTM,2020,2,A_removal,0.0
8-30,23,-3.864,30.92,27.242,2.4708,0.9824,0.264,LSTM,2020,2,A_removal,0.0
31-90,60,-4.042,34.806,30.516,2.6586,1.2661,0.023,LSTM,2020,2,A_removal,0.0
91-180,90,-1.775,30.346,20.955,1.7472,1.3087,-0.224,LSTM,2020,2,A_removal,0.0
181-270,90,-7.991,42.177,38.893,2.8069,2.3945,0.045,LSTM,2020,2,A_removal,0.0
271-365,95,-2.645,34.388,26.71,1.6887,1.8617,0.119,LSTM,2020,2,A_removal,0.0
1-7,7,-0.909,23.954,23.175,2.1542,1.0847,0.955,TFT,2020,4,A_removal,0.5714285714285714
8-30,23,-0.851,32.676,22.133,1.9052,1.5028,0.024,TFT,2020,4,A_removal,0.9130434782608696
31-90,60,-0.868,43.16,29.308,1.5683,1.0711,0.038,TFT,2020,4,A_removal,0.6166666666666667
91-180,90,-1.516,32.479,27.079,1.9683,1.0794,0.402,TFT,2020,4,A_removal,0.4666666666666667
181-270,90,0.063,59.982,40.296,0.8458,0.6665,0.332,TFT,2020,4,A_removal,0.8777777777777778
271-365,95,0.191,61.236,34.832,1.1586,0.9637,0.457,TFT,2020,4,A_removal,0.8421052631578947
1-7,7,-0.131,18.441,13.936,1.2954,0.6523,0.443,DLinear,2020,4,A_removal,0.5714285714285714
8-30,23,-0.291,27.293,14.178,1.2204,0.9627,0.03,DLinear,2020,4,A_removal,0.9130434782608696
31-90,60,-0.804,42.424,26.027,1.3927,0.9511,-0.114,DLinear,2020,4,A_removal,0.6166666666666667
91-180,90,-2.593,38.812,32.541,2.3653,1.2971,0.293,DLinear,2020,4,A_removal,0.4666666666666667
181-270,90,-0.101,65.002,50.819,1.0667,0.8406,0.39,DLinear,2020,4,A_removal,0.8777777777777778
271-365,95,0.101,64.528,42.546,1.4152,1.1772,0.418,DLinear,2020,4,A_removal,0.8421052631578947
1-7,7,-1.236,25.927,20.819,1.9352,0.9744,0.642,LSTM,2020,4,A_removal,0.5714285714285714
8-30,23,-0.083,24.991,11.263,0.9695,0.7648,0.176,LSTM,2020,4,A_removal,0.9130434782608696
31-90,60,-0.418,37.603,22.796,1.2198,0.8331,0.166,LSTM,2020,4,A_removal,0.6166666666666667
91-180,90,-0.54,25.413,18.406,1.3379,0.7337,0.421,LSTM,2020,4,A_removal,0.4666666666666667
181-270,90,-0.259,69.531,50.01,1.0497,0.8272,0.198,LSTM,2020,4,A_removal,0.8777777777777778
271-365,95,-0.618,86.583,56.233,1.8705,1.5558,0.085,LSTM,2020,4,A_removal,0.8421052631578947
1-7,7,-0.446,61.627,39.275,1.0417,1.0091,0.481,TFT,2020,9,A_removal,0.5714285714285714
8-30,23,-0.717,94.791,62.075,1.2507,1.0814,0.196,TFT,2020,9,A_removal,0.8260869565217391
31-90,60,-0.68,59.598,42.37,1.3734,1.0605,0.689,TFT,2020,9,A_removal,0.4
91-180,90,-2.225,28.744,23.976,1.7003,1.3192,0.173,TFT,2020,9,A_removal,0.6333333333333333
181-270,90,0.099,70.916,46.558,0.8132,0.623,0.466,TFT,2020,9,A_removal,0.7111111111111111
271-365,95,0.145,30.171,22.342,0.9368,0.8262,0.574,TFT,2020,9,A_removal,0.9052631578947368
1-7,7,0.072,49.362,34.297,0.9096,0.8812,0.478,DLinear,2020,9,A_removal,0.5714285714285714
8-30,23,-0.232,80.309,48.349,0.9741,0.8423,0.265,DLinear,2020,9,A_removal,0.8260869565217391
31-90,60,-0.28,52.026,35.033,1.1356,0.8769,0.205,DLinear,2020,9,A_removal,0.4
91-180,90,-4.705,38.231,31.87,2.2601,1.7536,0.072,DLinear,2020,9,A_removal,0.6333333333333333
181-270,90,0.227,65.66,46.339,0.8094,0.6201,0.513,DLinear,2020,9,A_removal,0.7111111111111111
271-365,95,-0.639,41.771,35.495,1.4883,1.3126,0.591,DLinear,2020,9,A_removal,0.9052631578947368
1-7,7,-0.099,53.727,34.183,0.9066,0.8783,0.217,LSTM,2020,9,A_removal,0.5714285714285714
8-30,23,-0.155,77.753,49.331,0.9939,0.8594,0.128,LSTM,2020,9,A_removal,0.8260869565217391
31-90,60,-0.216,50.705,31.376,1.017,0.7853,-0.111,LSTM,2020,9,A_removal,0.4
91-180,90,-0.191,17.469,12.597,0.8934,0.6931,0.184,LSTM,2020,9,A_removal,0.6333333333333333
181-270,90,-0.122,79.11,56.619,0.9889,0.7576,0.312,LSTM,2020,9,A_removal,0.7111111111111111
271-365,95,-2.586,61.79,39.304,1.648,1.4535,0.475,LSTM,2020,9,A_removal,0.9052631578947368
1-7,7,-0.325,28.162,18.37,1.117,0.8341,-0.541,TFT,2020,2,B_resample,0.0
8-30,23,-1.098,20.308,15.262,1.3842,0.5504,-0.201,TFT,2020,2,B_resample,0.0
31-90,60,-0.357,18.06,11.527,1.0042,0.4782,0.174,TFT,2020,2,B_resample,0.0
91-180,90,-0.412,21.648,15.997,1.3338,0.9991,0.427,TFT,2020,2,B_resample,0.0
181-270,90,-3.752,30.66,25.194,1.8182,1.5511,-0.135,TFT,2020,2,B_resample,0.0
271-365,95,-0.354,20.959,11.836,0.7483,0.825,-0.066,TFT,2020,2,B_resample,0.0
1-7,7,-0.414,29.088,28.246,1.7176,1.2825,0.438,DLinear,2020,2,B_resample,0.0
8-30,23,-0.428,16.752,13.928,1.2633,0.5023,0.501,DLinear,2020,2,B_resample,0.0
31-90,60,-2.953,30.818,25.79,2.2469,1.07,0.044,DLinear,2020,2,B_resample,0.0
91-180,90,-4.146,41.326,35.17,2.9324,2.1965,0.184,DLinear,2020,2,B_resample,0.0
181-270,90,-2.105,24.785,19.678,1.4201,1.2115,0.426,DLinear,2020,2,B_resample,0.0
271-365,95,-3.508,38.242,30.919,1.9548,2.1551,0.108,DLinear,2020,2,B_resample,0.0
1-7,7,0.455,18.058,14.346,0.8723,0.6514,0.77,LSTM,2020,2,B_resample,0.0
8-30,23,-3.321,29.145,25.919,2.3508,0.9347,0.319,LSTM,2020,2,B_resample,0.0
31-90,60,-1.773,25.815,20.918,1.8224,0.8679,0.254,LSTM,2020,2,B_resample,0.0
91-180,90,-1.318,27.736,18.893,1.5752,1.1799,-0.161,LSTM,2020,2,B_resample,0.0
181-270,90,-0.259,15.783,13.561,0.9787,0.8349,-0.084,LSTM,2020,2,B_resample,0.0
271-365,95,-6.007,47.678,32.291,2.0415,2.2507,0.126,LSTM,2020,2,B_resample,0.0
1-7,7,-0.841,23.528,13.525,1.2572,0.633,-0.779,TFT,2020,4,B_resample,0.5714285714285714
8-30,23,-0.065,24.787,9.147,0.7874,0.6211,-0.102,TFT,2020,4,B_resample,0.9130434782608696
31-90,60,-0.352,36.72,21.958,1.175,0.8025,-0.146,TFT,2020,4,B_resample,0.6166666666666667
91-180,90,-0.258,22.969,18.173,1.3209,0.7244,0.485,TFT,2020,4,B_resample,0.4666666666666667
181-270,90,0.048,60.462,37.176,0.7803,0.6149,0.288,TFT,2020,4,B_resample,0.8777777777777778
271-365,95,0.28,57.759,25.48,0.8475,0.705,0.709,TFT,2020,4,B_resample,0.8421052631578947
1-7,7,-3.092,35.073,30.759,2.8591,1.4396,0.257,DLinear,2020,4,B_resample,0.5714285714285714
8-30,23,-2.079,42.142,35.302,3.0388,2.397,0.032,DLinear,2020,4,B_resample,0.9130434782608696
31-90,60,-0.72,41.416,25.162,1.3464,0.9195,-0.175,DLinear,2020,4,B_resample,0.6166666666666667
91-180,90,-4.247,46.899,40.375,2.9348,1.6094,-0.128,DLinear,2020,4,B_resample,0.4666666666666667
181-270,90,-0.176,67.202,49.571,1.0405,0.8199,0.273,DLinear,2020,4,B_resample,0.8777777777777778
271-365,95,-0.154,73.118,50.38,1.6758,1.3939,0.306,DLinear,2020,4,B_resample,0.8421052631578947
1-7,7,-0.776,23.106,19.872,1.8472,0.9301,0.894,LSTM,2020,4,B_resample,0.5714285714285714
8-30,23,-0.373,28.144,14.146,1.2176,0.9605,-0.042,LSTM,2020,4,B_resample,0.9130434782608696
31-90,60,-0.374,37.021,20.401,1.0917,0.7455,-0.091,LSTM,2020,4,B_resample,0.6166666666666667
91-180,90,-0.066,21.142,16.812,1.222,0.6702,0.537,LSTM,2020,4,B_resample,0.4666666666666667
181-270,90,-0.121,65.588,40.042,0.8405,0.6623,0.332,LSTM,2020,4,B_resample,0.8777777777777778
271-365,95,-0.239,75.772,41.374,1.3762,1.1447,-0.001,LSTM,2020,4,B_resample,0.8421052631578947
1-7,7,-0.327,59.047,33.194,0.8804,0.8529,-0.263,TFT,2020,9,B_resample,0.5714285714285714
8-30,23,-0.33,83.447,50.911,1.0257,0.8869,-0.109,TFT,2020,9,B_resample,0.8260869565217391
31-90,60,-0.285,52.119,31.803,1.0309,0.796,0.22,TFT,2020,9,B_resample,0.4
91-180,90,-0.41,19.004,14.196,1.0067,0.7811,0.181,TFT,2020,9,B_resample,0.6333333333333333
181-270,90,0.252,64.583,42.382,0.7402,0.5671,0.556,TFT,2020,9,B_resample,0.7111111111111111
271-365,95,0.361,26.089,18.283,0.7666,0.6761,0.627,TFT,2020,9,B_resample,0.9052631578947368
1-7,7,0.055,49.82,44.617,1.1833,1.1463,0.367,DLinear,2020,9,B_resample,0.5714285714285714
8-30,23,-0.016,72.935,48.953,0.9863,0.8528,0.149,DLinear,2020,9,B_resample,0.8260869565217391
31-90,60,0.189,41.408,30.36,0.9841,0.7599,0.504,DLinear,2020,9,B_resample,0.4
91-180,90,-4.763,38.426,33.003,2.3404,1.8159,0.28,DLinear,2020,9,B_resample,0.6333333333333333
181-270,90,0.332,61.039,40.592,0.709,0.5431,0.613,DLinear,2020,9,B_resample,0.7111111111111111
271-365,95,-0.593,41.192,35.054,1.4698,1.2963,0.314,DLinear,2020,9,B_resample,0.9052631578947368
1-7,7,0.163,46.902,32.321,0.8572,0.8304,0.487,LSTM,2020,9,B_resample,0.5714285714285714
8-30,23,-0.443,86.898,53.821,1.0844,0.9376,0.35,LSTM,2020,9,B_resample,0.8260869565217391
31-90,60,-0.136,48.995,31.4,1.0178,0.7859,0.565,LSTM,2020,9,B_resample,0.4
91-180,90,-2.49,29.905,23.248,1.6486,1.2791,0.227,LSTM,2020,9,B_resample,0.6333333333333333
181-270,90,0.059,72.466,47.24,0.8251,0.6321,0.476,LSTM,2020,9,B_resample,0.7111111111111111
271-365,95,-1.2,48.396,38.13,1.5988,1.4101,-0.076,LSTM,2020,9,B_resample,0.9052631578947368
1-7,7,-1.258,3.928,3.111,1.5394,0.3098,0.76,TFT,2021,2,A_removal,0.0
8-30,23,-4.912,29.159,18.638,1.5462,0.859,0.534,TFT,2021,2,A_removal,0.0
31-90,60,-1.542,24.867,17.082,1.4251,0.7941,-0.185,TFT,2021,2,A_removal,0.0
91-180,90,-6.543,35.418,29.923,2.3888,1.3536,-0.372,TFT,2021,2,A_removal,0.0
181-270,90,-1.115,26.146,21.425,1.1555,0.8168,0.433,TFT,2021,2,A_removal,0.0
271-365,95,-0.274,9.061,7.219,1.1037,0.9002,0.48,TFT,2021,2,A_removal,0.0
1-7,7,-23.814,13.02,11.969,5.9234,1.1922,0.597,DLinear,2021,2,A_removal,0.0
8-30,23,-3.107,24.303,17.76,1.4734,0.8185,-0.135,DLinear,2021,2,A_removal,0.0
31-90,60,-1.058,22.374,15.095,1.2593,0.7017,-0.205,DLinear,2021,2,A_removal,0.0
91-180,90,-1.432,20.113,15.828,1.2635,0.716,0.027,DLinear,2021,2,A_removal,0.0
181-270,90,-0.709,23.499,19.107,1.0305,0.7285,0.038,DLinear,2021,2,A_removal,0.0
271-365,95,-5.169,19.936,16.62,2.5411,2.0724,0.296,DLinear,2021,2,A_removal,0.0
1-7,7,-77.47,23.154,21.891,10.8335,2.1804,0.439,LSTM,2021,2,A_removal,0.0
8-30,23,-23.477,59.33,52.907,4.3892,2.4383,-0.454,LSTM,2021,2,A_removal,0.0
31-90,60,-1.982,26.934,20.126,1.6791,0.9356,-0.426,LSTM,2021,2,A_removal,0.0
91-180,90,-2.598,24.46,21.023,1.6783,0.951,0.258,LSTM,2021,2,A_removal,0.0
181-270,90,-1.791,30.033,26.679,1.4389,1.0172,-0.009,LSTM,2021,2,A_removal,0.0
271-365,95,-4.733,19.219,15.877,2.4274,1.9797,0.414,LSTM,2021,2,A_removal,0.0
1-7,7,-3.303,3.843,3.662,2.2871,0.335,-0.137,TFT,2021,4,A_removal,0.4285714285714285
8-30,23,-0.393,10.927,7.846,1.0523,0.5791,-0.147,TFT,2021,4,A_removal,0.8260869565217391
31-90,60,-0.258,14.59,9.917,1.0795,0.598,0.199,TFT,2021,4,A_removal,0.8333333333333334
91-180,90,0.166,65.033,42.246,0.7101,0.6132,0.432,TFT,2021,4,A_removal,1.0
181-270,90,0.278,70.291,50.748,0.8153,0.7507,0.531,TFT,2021,4,A_removal,0.9777777777777776
271-365,95,-0.236,36.517,23.682,1.0879,0.9276,0.659,TFT,2021,4,A_removal,0.9578947368421052
1-7,7,-32.467,10.717,9.817,6.1311,0.8981,0.11,DLinear,2021,4,A_removal,0.4285714285714285
8-30,23,-7.765,27.413,25.406,3.4078,1.8753,0.25,DLinear,2021,4,A_removal,0.8260869565217391
31-90,60,-2.001,22.537,18.413,2.0044,1.1103,0.24,DLinear,2021,4,A_removal,0.8333333333333334
91-180,90,0.177,64.614,48.273,0.8114,0.7007,0.445,DLinear,2021,4,A_removal,1.0
181-270,90,0.366,65.847,50.526,0.8117,0.7475,0.611,DLinear,2021,4,A_removal,0.9777777777777776
271-365,95,-1.548,52.421,40.506,1.8607,1.5865,0.221,DLinear,2021,4,A_removal,0.9578947368421052
1-7,7,-56.911,14.098,12.804,7.9969,1.1714,0.05,LSTM,2021,4,A_removal,0.4285714285714285
8-30,23,-15.596,37.721,32.722,4.389,2.4153,-0.157,LSTM,2021,4,A_removal,0.8260869565217391
31-90,60,-0.383,15.302,10.845,1.1806,0.654,-0.022,LSTM,2021,4,A_removal,0.8333333333333334
91-180,90,-0.299,81.175,56.15,0.9438,0.8151,0.242,LSTM,2021,4,A_removal,1.0
181-270,90,0.314,68.519,49.901,0.8017,0.7382,0.582,LSTM,2021,4,A_removal,0.9777777777777776
271-365,95,-5.287,82.348,44.966,2.0655,1.7612,0.459,LSTM,2021,4,A_removal,0.9578947368421052
1-7,7,0.507,6.895,6.77,0.5946,0.3633,0.854,TFT,2021,9,A_removal,0.1428571428571428
8-30,23,-2.156,23.548,17.254,1.1101,1.0052,0.695,TFT,2021,9,A_removal,0.5217391304347826
31-90,60,-0.334,10.468,7.612,0.3996,0.6905,-0.03,TFT,2021,9,A_removal,0.5833333333333334
91-180,90,0.362,53.711,36.357,0.5676,0.4426,0.665,TFT,2021,9,A_removal,0.9444444444444444
181-270,90,-0.744,46.896,36.484,1.3122,0.7179,0.329,TFT,2021,9,A_removal,0.5222222222222223
271-365,95,-0.722,16.998,14.088,0.837,0.9176,0.335,TFT,2021,9,A_removal,0.0
1-7,7,0.335,8.014,6.568,0.5769,0.3525,0.716,DLinear,2021,9,A_removal,0.1428571428571428
8-30,23,-1.627,21.482,17.212,1.1075,1.0028,0.17,DLinear,2021,9,A_removal,0.5217391304347826
31-90,60,-1.175,13.366,8.856,0.4649,0.8034,-0.059,DLinear,2021,9,A_removal,0.5833333333333334
91-180,90,0.357,53.948,40.459,0.6317,0.4925,0.597,DLinear,2021,9,A_removal,0.9444444444444444
181-270,90,-0.129,37.731,26.988,0.9707,0.531,0.297,DLinear,2021,9,A_removal,0.5222222222222223
271-365,95,-12.899,48.288,33.999,2.0198,2.2144,-0.345,DLinear,2021,9,A_removal,0.0
1-7,7,0.313,8.142,6.499,0.5708,0.3488,0.57,LSTM,2021,9,A_removal,0.1428571428571428
8-30,23,-6.135,35.406,26.914,1.7317,1.568,-0.744,LSTM,2021,9,A_removal,0.5217391304347826
31-90,60,-0.571,11.358,8.089,0.4246,0.7338,0.023,LSTM,2021,9,A_removal,0.5833333333333334
91-180,90,-0.283,76.179,57.316,0.8948,0.6977,0.434,LSTM,2021,9,A_removal,0.9444444444444444
181-270,90,-1.08,51.217,38.394,1.3809,0.7555,0.144,LSTM,2021,9,A_removal,0.5222222222222223
271-365,95,-14.567,51.103,33.157,1.9698,2.1595,0.152,LSTM,2021,9,A_removal,0.0
1-7,7,-0.276,2.952,2.399,1.1871,0.2389,0.614,TFT,2021,2,B_resample,0.0
8-30,23,-0.94,16.704,11.451,0.9499,0.5277,-0.211,TFT,2021,2,B_resample,0.0
31-90,60,-0.378,18.31,10.012,0.8353,0.4654,-0.185,TFT,2021,2,B_resample,0.0
91-180,90,-2.467,24.013,19.704,1.573,0.8914,0.053,TFT,2021,2,B_resample,0.0
181-270,90,-0.919,24.901,19.148,1.0327,0.73,0.06,TFT,2021,2,B_resample,0.0
271-365,95,-0.887,11.025,8.826,1.3495,1.1006,-0.136,TFT,2021,2,B_resample,0.0
1-7,7,-217.041,38.596,35.394,17.5161,3.5254,0.347,DLinear,2021,2,B_resample,0.0
8-30,23,-3.199,24.574,18.56,1.5397,0.8554,0.052,DLinear,2021,2,B_resample,0.0
31-90,60,-3.435,32.849,27.285,2.2763,1.2684,0.096,DLinear,2021,2,B_resample,0.0
91-180,90,-1.224,19.232,15.867,1.2667,0.7178,0.165,DLinear,2021,2,B_resample,0.0
181-270,90,-2.523,33.744,26.691,1.4395,1.0176,-0.198,DLinear,2021,2,B_resample,0.0
271-365,95,-4.98,19.628,16.229,2.4812,2.0235,0.409,DLinear,2021,2,B_resample,0.0
1-7,7,-11.567,9.266,8.53,4.2213,0.8496,-0.224,LSTM,2021,2,B_resample,0.0
8-30,23,-0.943,16.715,13.377,1.1098,0.6165,0.395,LSTM,2021,2,B_resample,0.0
31-90,60,-0.435,18.685,12.069,1.0069,0.5611,0.136,LSTM,2021,2,B_resample,0.0
91-180,90,-0.978,18.137,14.011,1.1185,0.6338,0.165,LSTM,2021,2,B_resample,0.0
181-270,90,-1.646,29.242,23.429,1.2636,0.8932,0.207,LSTM,2021,2,B_resample,0.0
271-365,95,-1.492,12.672,9.477,1.449,1.1817,-0.328,LSTM,2021,2,B_resample,0.0
1-7,7,-47.195,12.861,12.704,7.9345,1.1623,0.121,TFT,2021,4,B_resample,0.4285714285714285
8-30,23,-1.818,15.545,13.085,1.7551,0.9659,0.151,TFT,2021,4,B_resample,0.8260869565217391
31-90,60,-0.747,17.197,13.199,1.4368,0.7959,0.175,TFT,2021,4,B_resample,0.8333333333333334
91-180,90,-0.025,72.117,45.315,0.7616,0.6578,0.28,TFT,2021,4,B_resample,1.0
181-270,90,-0.021,83.572,60.933,0.9789,0.9014,0.166,TFT,2021,4,B_resample,0.9777777777777776
271-365,95,0.158,30.139,20.832,0.9569,0.816,0.612,TFT,2021,4,B_resample,0.9578947368421052
1-7,7,-156.098,23.219,21.922,13.6914,2.0056,-0.379,DLinear,2021,4,B_resample,0.4285714285714285
8-30,23,-4.375,21.467,18.442,2.4736,1.3613,0.246,DLinear,2021,4,B_resample,0.8260869565217391
31-90,60,-7.692,38.356,34.894,3.7985,2.1041,0.22,DLinear,2021,4,B_resample,0.8333333333333334
91-180,90,0.146,65.829,50.885,0.8553,0.7387,0.445,DLinear,2021,4,B_resample,1.0
181-270,90,0.318,68.3,55.472,0.8912,0.8206,0.606,DLinear,2021,4,B_resample,0.9777777777777776
271-365,95,-0.93,45.62,36.362,1.6703,1.4242,0.362,DLinear,2021,4,B_resample,0.9578947368421052
1-7,7,-38.534,11.648,11.366,7.0983,1.0398,-0.552,LSTM,2021,4,B_resample,0.4285714285714285
8-30,23,-1.838,15.599,12.527,1.6802,0.9246,-0.147,LSTM,2021,4,B_resample,0.8260869565217391
31-90,60,-0.315,14.92,10.056,1.0947,0.6064,0.078,LSTM,2021,4,B_resample,0.8333333333333334
91-180,90,-0.373,83.466,55.436,0.9317,0.8047,0.163,LSTM,2021,4,B_resample,1.0
181-270,90,-0.075,85.749,56.185,0.9027,0.8312,0.344,LSTM,2021,4,B_resample,0.9777777777777776
271-365,95,-1.773,54.692,36.58,1.6803,1.4328,0.489,LSTM,2021,4,B_resample,0.9578947368421052
1-7,7,-0.76,13.032,12.05,1.0583,0.6467,-0.328,TFT,2021,9,B_resample,0.1428571428571428
8-30,23,0.274,11.291,9.624,0.6192,0.5607,0.547,TFT,2021,9,B_resample,0.5217391304347826
31-90,60,-0.318,10.406,7.782,0.4085,0.706,-0.007,TFT,2021,9,B_resample,0.5833333333333334
91-180,90,0.382,52.883,40.474,0.6319,0.4927,0.668,TFT,2021,9,B_resample,0.9444444444444444
181-270,90,-0.222,39.258,30.255,1.0882,0.5953,0.378,TFT,2021,9,B_resample,0.5222222222222223
271-365,95,-0.193,14.146,11.586,0.6883,0.7546,0.752,TFT,2021,9,B_resample,0.0
1-7,7,-2.939,19.497,17.466,1.534,0.9373,0.583,DLinear,2021,9,B_resample,0.1428571428571428
8-30,23,-1.069,19.065,16.137,1.0383,0.9401,0.619,DLinear,2021,9,B_resample,0.5217391304347826
31-90,60,-6.48,24.786,21.461,1.1265,1.9469,0.155,DLinear,2021,9,B_resample,0.5833333333333334
91-180,90,0.428,50.887,38.78,0.6054,0.4721,0.655,DLinear,2021,9,B_resample,0.9444444444444444
181-270,90,-0.217,39.178,28.787,1.0354,0.5664,0.276,DLinear,2021,9,B_resample,0.5222222222222223
271-365,95,-8.065,38.996,28.071,1.6677,1.8283,-0.242,DLinear,2021,9,B_resample,0.0
1-7,7,-4.117,22.223,19.447,1.708,1.0437,-0.651,LSTM,2021,9,B_resample,0.1428571428571428
8-30,23,-0.973,18.618,14.663,0.9434,0.8542,0.183,LSTM,2021,9,B_resample,0.5217391304347826
31-90,60,-1.429,14.124,9.61,0.5045,0.8718,-0.423,LSTM,2021,9,B_resample,0.5833333333333334
91-180,90,-0.071,69.61,50.497,0.7884,0.6147,0.404,LSTM,2021,9,B_resample,0.9444444444444444
181-270,90,-1.707,58.429,45.974,1.6535,0.9046,-0.096,LSTM,2021,9,B_resample,0.5222222222222223
271-365,95,-0.21,14.245,9.498,0.5643,0.6186,0.316,LSTM,2021,9,B_resample,0.0
1-7,7,-15.339,21.858,20.943,2.5939,1.6338,-0.259,TFT,2022,2,A_removal,0.0
8-30,23,-0.137,17.773,13.542,0.7497,0.8574,-0.191,TFT,2022,2,A_removal,0.0
31-90,60,-0.558,24.642,15.547,0.6872,0.8696,0.339,TFT,2022,2,A_removal,0.0
91-180,90,-1.9,16.452,12.295,0.6843,0.9298,0.212,TFT,2022,2,A_removal,0.0
181-270,90,-2.453,28.804,23.947,0.805,0.9578,0.167,TFT,2022,2,A_removal,0.0
271-365,95,0.021,15.68,10.81,0.6897,0.9342,0.263,TFT,2022,2,A_removal,0.0
1-7,7,-19.54,24.508,23.841,2.9527,1.8598,0.457,DLinear,2022,2,A_removal,0.0
8-30,23,-2.259,30.089,25.613,1.4179,1.6216,-0.73,DLinear,2022,2,A_removal,0.0
31-90,60,-0.47,23.939,16.944,0.749,0.9477,0.066,DLinear,2022,2,A_removal,0.0
91-180,90,-1.913,16.489,12.227,0.6805,0.9246,0.119,DLinear,2022,2,A_removal,0.0
181-270,90,-0.792,20.749,17.572,0.5907,0.7028,-0.176,DLinear,2022,2,A_removal,0.0
271-365,95,-0.625,20.2,16.485,1.0518,1.4246,0.204,DLinear,2022,2,A_removal,0.0
1-7,7,-3.998,12.089,11.307,1.4004,0.8821,0.63,LSTM,2022,2,A_removal,0.0
8-30,23,-0.116,17.608,16.923,0.9369,1.0715,0.496,LSTM,2022,2,A_removal,0.0
31-90,60,-0.809,26.553,17.403,0.7693,0.9734,-0.125,LSTM,2022,2,A_removal,0.0
91-180,90,-3.531,20.565,17.526,0.9754,1.3253,0.225,LSTM,2022,2,A_removal,0.0
181-270,90,-1.61,25.043,21.418,0.72,0.8566,-0.024,LSTM,2022,2,A_removal,0.0
271-365,95,-0.85,21.553,15.34,0.9788,1.3256,-0.113,LSTM,2022,2,A_removal,0.0
1-7,7,-1.247,5.12,4.185,1.1069,1.2663,-0.254,TFT,2022,4,A_removal,0.0
8-30,23,-3.773,4.33,3.614,0.6954,1.6625,-0.186,TFT,2022,4,A_removal,0.0
31-90,60,-2.44,7.093,5.487,0.646,1.1358,-0.122,TFT,2022,4,A_removal,0.0166666666666666
91-180,90,0.628,24.661,17.053,0.6536,0.7253,0.868,TFT,2022,4,A_removal,0.8333333333333334
181-270,90,0.361,36.873,25.669,0.6715,0.7136,0.666,TFT,2022,4,A_removal,0.8222222222222222
271-365,95,-0.032,20.534,12.804,0.7552,0.8881,0.16,TFT,2022,4,A_removal,0.7789473684210526
1-7,7,-3.142,6.952,6.607,1.7473,1.999,0.242,DLinear,2022,4,A_removal,0.0
8-30,23,-193.264,27.621,23.583,4.537,10.8468,0.07,DLinear,2022,4,A_removal,0.0
31-90,60,-19.074,17.136,14.245,1.6772,2.9491,-0.166,DLinear,2022,4,A_removal,0.0166666666666666
91-180,90,-0.102,42.447,26.793,1.0269,1.1396,0.235,DLinear,2022,4,A_removal,0.8333333333333334
181-270,90,0.051,44.951,33.063,0.8649,0.9192,0.633,DLinear,2022,4,A_removal,0.8222222222222222
271-365,95,-1.069,29.076,22.295,1.3151,1.5464,0.506,DLinear,2022,4,A_removal,0.7789473684210526
1-7,7,-0.2,3.741,3.27,0.8648,0.9894,0.961,LSTM,2022,4,A_removal,0.0
8-30,23,-5.475,5.043,4.442,0.8545,2.043,0.243,LSTM,2022,4,A_removal,0.0
31-90,60,-1.887,6.498,5.588,0.6579,1.1569,0.25,LSTM,2022,4,A_removal,0.0166666666666666
91-180,90,0.447,30.064,19.069,0.7308,0.8111,0.837,LSTM,2022,4,A_removal,0.8333333333333334
181-270,90,-1.344,70.63,40.89,1.0697,1.1368,0.401,LSTM,2022,4,A_removal,0.8222222222222222
271-365,95,0.005,20.166,14.623,0.8625,1.0143,0.317,LSTM,2022,4,A_removal,0.7789473684210526
1-7,7,-4.038,4.416,4.23,2.8384,2.1296,0.793,TFT,2022,9,A_removal,0.0
8-30,23,-0.851,4.152,3.443,0.7244,0.9399,-0.11,TFT,2022,9,A_removal,0.0
31-90,60,-0.689,8.499,6.744,0.7806,0.8929,0.242,TFT,2022,9,A_removal,0.2333333333333333
91-180,90,-2.115,24.236,17.638,1.3316,1.4212,-0.167,TFT,2022,9,A_removal,0.9333333333333332
181-270,90,0.162,43.597,32.38,0.7525,0.765,0.587,TFT,2022,9,A_removal,0.9333333333333332
271-365,95,0.082,32.942,22.232,0.7788,0.8064,0.363,TFT,2022,9,A_removal,0.936842105263158
1-7,7,-33.308,11.524,10.028,6.7289,5.0487,0.467,DLinear,2022,9,A_removal,0.0
8-30,23,-14.149,11.879,9.996,2.1034,2.7291,0.198,DLinear,2022,9,A_removal,0.0
31-90,60,-3.25,13.483,11.051,1.2793,1.4633,0.163,DLinear,2022,9,A_removal,0.2333333333333333
91-180,90,-2.471,25.587,22.185,1.6749,1.7876,0.101,DLinear,2022,9,A_removal,0.9333333333333332
181-270,90,-0.199,52.152,43.755,1.0168,1.0338,0.639,DLinear,2022,9,A_removal,0.9333333333333332
271-365,95,-0.376,40.343,28.285,0.9908,1.026,0.304,DLinear,2022,9,A_removal,0.936842105263158
1-7,7,-32.949,11.464,10.533,7.0672,5.3026,0.31,LSTM,2022,9,A_removal,0.0
8-30,23,-49.734,21.739,21.417,4.5067,5.8471,-0.194,LSTM,2022,9,A_removal,0.0
31-90,60,-7.89,19.501,17.727,2.0521,2.3473,0.053,LSTM,2022,9,A_removal,0.2333333333333333
91-180,90,-8.346,41.983,35.008,2.6431,2.8209,0.021,LSTM,2022,9,A_removal,0.9333333333333332
181-270,90,-1.212,70.836,48.102,1.1179,1.1365,0.551,LSTM,2022,9,A_removal,0.9333333333333332
271-365,95,-0.311,39.367,29.608,1.0372,1.074,0.328,LSTM,2022,9,A_removal,0.936842105263158
1-7,7,-12.212,19.656,18.733,2.3201,1.4614,-0.021,TFT,2022,2,B_resample,0.0
8-30,23,-0.044,17.031,11.915,0.6596,0.7544,0.209,TFT,2022,2,B_resample,0.0
31-90,60,-0.418,23.508,11.101,0.4907,0.6209,-0.552,TFT,2022,2,B_resample,0.0
91-180,90,-7.505,28.174,23.532,1.3097,1.7795,-0.31,TFT,2022,2,B_resample,0.0
181-270,90,-1.731,25.617,20.567,0.6914,0.8226,-0.169,TFT,2022,2,B_resample,0.0
271-365,95,-0.149,16.984,11.591,0.7396,1.0017,0.176,TFT,2022,2,B_resample,0.0
1-7,7,-24.202,27.147,26.365,3.2653,2.0567,-0.252,DLinear,2022,2,B_resample,0.0
8-30,23,-1.815,27.966,21.52,1.1913,1.3625,-0.676,DLinear,2022,2,B_resample,0.0
31-90,60,-0.217,21.784,15.047,0.6651,0.8416,0.365,DLinear,2022,2,B_resample,0.0
91-180,90,-2.78,18.784,14.894,0.8289,1.1263,0.248,DLinear,2022,2,B_resample,0.0
181-270,90,-1.21,23.043,19.77,0.6646,0.7907,-0.277,DLinear,2022,2,B_resample,0.0
271-365,95,-0.346,18.385,14.755,0.9414,1.2751,0.217,DLinear,2022,2,B_resample,0.0
1-7,7,-19.0,24.183,23.371,2.8946,1.8232,0.154,LSTM,2022,2,B_resample,0.0
8-30,23,-0.494,20.371,16.932,0.9374,1.072,-0.698,LSTM,2022,2,B_resample,0.0
31-90,60,-0.545,24.544,13.947,0.6165,0.7801,-0.019,LSTM,2022,2,B_resample,0.0
91-180,90,-1.128,14.092,10.922,0.6078,0.8259,0.245,LSTM,2022,2,B_resample,0.0
181-270,90,-1.106,22.496,18.221,0.6125,0.7288,0.132,LSTM,2022,2,B_resample,0.0
271-365,95,-0.553,19.745,12.956,0.8266,1.1196,-0.064,LSTM,2022,2,B_resample,0.0
1-7,7,-19.197,15.351,15.121,3.9993,4.5754,0.74,TFT,2022,4,B_resample,0.0
8-30,23,-44.645,13.389,13.262,2.5514,6.0998,0.378,TFT,2022,4,B_resample,0.0
31-90,60,-5.259,9.568,8.316,0.9791,1.7217,-0.5,TFT,2022,4,B_resample,0.0166666666666666
91-180,90,0.518,28.08,19.408,0.7439,0.8255,0.789,TFT,2022,4,B_resample,0.8333333333333334
181-270,90,0.247,40.04,29.686,0.7766,0.8253,0.65,TFT,2022,4,B_resample,0.8222222222222222
271-365,95,-0.24,22.509,17.481,1.0311,1.2125,0.352,TFT,2022,4,B_resample,0.7789473684210526
1-7,7,-3.059,6.881,6.549,1.7321,1.9817,0.275,DLinear,2022,4,B_resample,0.0
8-30,23,-30.278,11.083,8.955,1.7228,4.1187,0.086,DLinear,2022,4,B_resample,0.0
31-90,60,-25.855,19.82,17.746,2.0893,3.6737,0.401,DLinear,2022,4,B_resample,0.0166666666666666
91-180,90,-0.123,42.866,25.766,0.9875,1.0959,0.067,DLinear,2022,4,B_resample,0.8333333333333334
181-270,90,-0.139,49.229,38.097,0.9966,1.0591,0.534,DLinear,2022,4,B_resample,0.8222222222222222
271-365,95,-0.866,27.612,21.933,1.2937,1.5212,0.416,DLinear,2022,4,B_resample,0.7789473684210526
1-7,7,-2.065,5.98,5.407,1.4299,1.6359,0.936,LSTM,2022,4,B_resample,0.0
8-30,23,-8.72,6.178,4.533,0.8722,2.0851,0.37,LSTM,2022,4,B_resample,0.0
31-90,60,-0.95,5.34,4.142,0.4877,0.8575,0.412,LSTM,2022,4,B_resample,0.0166666666666666
91-180,90,0.271,34.54,20.687,0.7929,0.8799,0.586,LSTM,2022,4,B_resample,0.8333333333333334
181-270,90,-1.008,65.374,40.009,1.0466,1.1123,0.501,LSTM,2022,4,B_resample,0.8222222222222222
271-365,95,-0.336,23.368,15.506,0.9146,1.0755,0.044,LSTM,2022,4,B_resample,0.7789473684210526
1-7,7,-62.949,15.734,15.645,10.4972,7.8761,0.529,TFT,2022,9,B_resample,0.0
8-30,23,-14.783,12.125,11.829,2.4892,3.2296,0.638,TFT,2022,9,B_resample,0.0
31-90,60,-1.145,9.58,8.118,0.9397,1.0749,-0.082,TFT,2022,9,B_resample,0.2333333333333333
91-180,90,-0.717,17.996,13.873,1.0474,1.1179,-0.048,TFT,2022,9,B_resample,0.9333333333333332
181-270,90,0.233,41.719,31.388,0.7294,0.7416,0.564,TFT,2022,9,B_resample,0.9333333333333332
271-365,95,0.19,30.948,21.321,0.7469,0.7734,0.436,TFT,2022,9,B_resample,0.936842105263158
1-7,7,-5.617,5.061,4.318,2.8974,2.1739,0.396,DLinear,2022,9,B_resample,0.0
8-30,23,-4.424,7.108,6.282,1.3219,1.7151,0.441,DLinear,2022,9,B_resample,0.0
31-90,60,-2.509,12.252,10.257,1.1873,1.3581,0.235,DLinear,2022,9,B_resample,0.2333333333333333
91-180,90,-3.537,29.252,25.978,1.9613,2.0933,0.131,DLinear,2022,9,B_resample,0.9333333333333332
181-270,90,-0.22,52.6,43.43,1.0093,1.0261,0.474,DLinear,2022,9,B_resample,0.9333333333333332
271-365,95,-0.118,36.363,25.398,0.8897,0.9213,0.354,DLinear,2022,9,B_resample,0.936842105263158
1-7,7,-34.046,11.648,10.804,7.2495,5.4393,0.429,LSTM,2022,9,B_resample,0.0
8-30,23,-35.656,18.478,18.166,3.8226,4.9596,0.128,LSTM,2022,9,B_resample,0.0
31-90,60,-5.372,16.51,15.126,1.751,2.0029,0.199,LSTM,2022,9,B_resample,0.2333333333333333
91-180,90,-1.888,23.338,18.016,1.3602,1.4517,-0.053,LSTM,2022,9,B_resample,0.9333333333333332
181-270,90,-0.597,60.18,41.9,0.9737,0.99,0.593,LSTM,2022,9,B_resample,0.9333333333333332
271-365,95,-0.179,37.341,27.422,0.9606,0.9947,0.311,LSTM,2022,9,B_resample,0.936842105263158
